-1.0158936527992402 0.053232283983861706 1.5 16.361432720854296 0.14987433806191897 0.059743482735326772 0.0049310173965001185 7.9271101682864327
-1.053337218694876 0.055189078047504295 1.5 11.995981963295447 0.19209506003584509 0.08890647111280528 0.0034305688264039316 10.457326903611429
-1.0913394291624967 0.057178162287594939 1.5 9.4967488823000128 0.27130325116840642 0.12586660113347056 0.0046609401744315401 12.666055976838699
-1.129867412432445 0.059196196218603336 1.5 7.858214719880328 0.39984670660729799 0.14674149558491389 0.0049428897471284084 14.92426362329695
-1.1689020820497835 0.061241411884047955 1.5 6.6317102157997505 0.54855141242534755 0.16339446725153714 0.0066772560458527985 16.851311200673887
-1.2083090688219276 0.063299803472730884 1.5 5.7021692869833522 0.72085406532966412 0.1750697248326443 0.0083741596708089734 18.612527986174154
-1.2478360903175623 0.065375198365953721 1.5 4.9485333494679296 0.91780982245846643 0.17878156588182939 0.010728741822583789 20.183784269453216
-1.2878111729730766 0.067472028091685593 1.5 4.3290789020202869 1.1327910746301209 0.18044184843684377 0.011981932731713661 21.517445802621758
-1.3282528433775895 0.069592358982787608 1.5 3.7874818029027315 1.3884939045011049 0.18838993187572489 0.008948309565778358 22.720316652301747
-1.3691659514493473 0.071736949525011806 1.5 3.3412548407639977 1.6606602881139021 0.17750424339372817 0.010612955016336875 23.610627211238409
-1.410552669766004 0.073906149487979661 1.5 2.9245192967481355 2.024640174348781 0.16384309749058709 0.0082352804936877202 24.491680625565127
-1.4524103513483584 0.076099934774508327 1.5 2.6365506174640432 2.3829332045052385 0.1258433818653763 0.0085412663773479797 25.237591564022029
-1.4947375247130816 0.078318274375659636 1.5 2.3575785995508323 2.7864082950061699 0.11992664208510562 0.0071082152680859694 25.823289196667965
-1.5375298954732863 0.08056097628631198 1.5 2.1662329602687445 3.1705141128850971 0.11727169393129085 0.0088479038571435877 26.311410287159386
-1.580785096005155 0.082827917450735589 1.5 1.9670816649660343 3.5977517833465815 0.11056713538520722 0.004949511982956561 26.351526763339809
-1.6244984528377449 0.08511887112865224 1.5 1.8298072614871368 3.9861740601926692 0.10552681426540732 0.0051385265012896019 26.266028557069205
-1.668667311740005 0.087433686194459417 1.5 1.7008373253830142 4.3834343670254805 0.099365971409131656 0.0021989234340090147 25.85273087789631
-1.7134139947230613 0.089785488643534722 1.5 1.6081362347190298 4.7403907836459656 0.09401123204139189 0.0019945796563657966 25.315671390404209
-1.7589645740136892 0.092168886235633199 1.5 1.5266162791709168 5.0836864898489242 0.087818830456978386 0.00078342690906436127 24.597076139684152
-1.8049943881426744 0.094579387316441471 1.5 1.4638575735846966 5.390590792067111 0.081927455661895021 0.0002176460856935756 23.795132344449474
-1.8516056119974995 0.09702801055512536 1.5 1.4107406477538511 5.6738038049728461 0.075613032384590384 0.0002082173997484823 22.923408673386891
-1.8991382140863728 0.099521562417175274 1.5 1.3680904222903014 5.9289902653587703 0.073663159328316977 0.00027119766867628468 22.018426141561033
-1.9474907423765049 0.10204981839288145 1.5 1.3318265511724703 6.1621314543564951 0.069113733161828464 0.00026329278064313747 21.086813620495338
-1.9963203737498918 0.10460609674294774 1.5 1.301957252991387 6.3667931451786695 0.07440180674933107 0.00026691177786801934 20.20289002117827
-2.0457183479810777 0.10720028161766204 1.5 1.275481352895766 6.567905482857638 0.030754756335292305 0.00026810818790470365 19.175005668056965
-2.0960150641819344 0.10983849366259167 1.5 1.254045956932579 6.7346869071550621 0.020667245949803584 0.00027280759621126771 18.319830668203736
-2.1472319812615401 0.11252345008011744 1.5 1.2351632809447013 6.8878091156856236 0.016097336797453888 0.00027494630226469811 17.495493173147789
-2.1993748207865971 0.11525622189310933 1.5 1.2186218631343082 7.0287735474789077 0.015647404352958048 0.00028125601384773006 16.703710383546408
-2.2524416150803361 0.11803707969789781 1.5 1.203167995020787 7.1651292673276457 0.014556814040852104 0.0002820899278525427 15.906262960494402
-2.3064265974529992 0.12086590240567444 1.5 1.1890543222485555 7.2919539446921462 0.013952849053326217 0.00028023487695024932 15.139586757643039
-2.3613220871580145 0.12374237521913742 1.5 1.1764141279958098 7.4097201482172892 0.013324784539471467 0.00026380718317240218 14.401427103483632
-2.4172432702543478 0.12667910448749603 1.5 1.1636921407727405 7.5276751770856931 0.012525054790922131 0.00026403094568815041 13.641484622648834
-2.4745210467696892 0.12968323359266079 1.5 1.1535538902746272 7.6271148683462267 0.012138424912898509 0.00022586978563696395 12.984124305314138
-2.5330545035960506 0.13274485739035469 1.5 1.1432453770869213 7.7257699208443187 0.011464028771339823 0.0001692878023047443 12.316469306281807
-2.5926303637960952 0.13587041451150528 1.5 1.1359301817115761 7.7997831139305793 0.012002890554816195 0.00014202210501422854 11.812146689387321
-2.6536697047702162 0.13907684038965681 1.5 1.1269641694468566 7.8896911662238676 0.011282912214637618 0.00013878482395623425 11.174856860073486
-2.7163934430910621 0.14236033756590621 1.5 1.1192563053043409 7.9642525280030956 0.0098916161403669843 0.00013060139706977907 10.639268215865808
-2.7804925517810117 0.14571724026866228 1.5 1.1111192467716113 8.0431073234021095 0.0093092728186044277 0.0001268829422881526 10.063956513370146
-2.8461782018807411 0.14917072156957001 1.5 1.1039712299627307 8.1125498532642464 0.008552606856302063 0.00011750148670123224 9.5522867326475804
-2.9140907178481652 0.15273398232553823 1.5 1.0969727276612395 8.1810034456635794 0.0080741762555210043 0.00011529675710803785 9.032372064315263
-2.9842689899382839 0.15641256987885677 1.5 1.0906387567760543 8.244281588930173 0.0075108951264760675 0.00011108560137147395 8.5456615627574273
-3.0567151190338819 0.16020842945381877 1.5 1.0844153537129291 8.3048344406900867 0.007029652151995123 0.00011068705301015207 8.0623878872680059
-3.131532398762229 0.16413396918780976 1.5 1.07889195627686 8.3597162992300333 0.0064872292726306279 0.00010685541064861976 7.6194811860985689
-3.2091391968052405 0.16820801105539457 1.5 1.0732664023830467 8.4140346703770703 0.0060323051252231001 0.00010642828226978452 7.1694378763320978
-3.2898597621081622 0.1724396791380946 1.5 1.0682681008028283 8.4622768260179555 0.0055202998578731859 0.00010232298857314224 6.763775984259822
-3.3739296489942632 0.17685645392179025 1.5 1.0631330418017466 8.5108644481389604 0.0050812363696974509 0.00010101229891966807 6.3486759692495145
-3.4621969107933341 0.18149686956155608 1.5 1.0584678051369132 8.5540544952069606 0.0045931486263790806 9.7037270667059904e-05 5.973894235321084
-3.5554294101210964 0.1863922664802059 1.5 1.0534435707988721 8.5994434221245886 0.0041742295594035372 9.4883906700019908e-05 5.5789448278789644
-3.6541909301814055 0.19158018634835533 1.5 1.0488327294453732 8.6397932642775626 0.0036871981260168567 9.139380214570027e-05 5.2217560289634157
-3.7595427643756945 0.19712536844934719 1.5 1.0437185310807868 8.682797617461782 0.0032720379711871383 8.8659565461792712e-05 4.8440387886810168
-3.8733811024797964 0.2031297538867684 1.5 1.039125997478259 8.7210596079089573 0.0027919217352455178 8.4636046853503371e-05 4.5046274112016853
-3.9984513102309451 0.20973635562982129 1.5 1.0339253648847573 8.7625583941975922 0.0023541721054205966 8.1354441186429601e-05 4.1363208971921637
-4.1387215259026071 0.21717076773642099 1.5 1.0293568439719039 8.8005412159314229 0.0019024493327658115 7.2419454255028082e-05 3.8019807314471463
-4.3018433996840697 0.22590229491841551 1.5 1.0239231394056334 8.8444093554470289 0.0014563515492290677 6.0028276583397876e-05 3.4156894047031598
-4.5066315171028855 0.23708832990700732 1.5 1.0188070907827005 8.8881507762642915 0.0011410339215158689 4.2059485298936533e-05 3.0407133394041139
-4.7876469192638194 0.25196962155864555 1.5 1.0129964201967223 8.9414870750892526 0.00097996960606249427 3.8253347313207716e-05 2.5882873157556658
-5.1554777227989268 0.2708843772054611 1.5 1.0082103132491964 8.9838639536521292 0.0008050605255942294 2.5131276616576504e-05 2.2441567972020877
-5.5965286736294813 0.29384316311981651 1.5 1.0039712351880337 9.0255785057778368 0.00085836877893233007 3.0645656821055656e-05 1.9031121882455917
-6.1248781460140647 0.32167071377994605 1.5 1.0002421038717577 9.0585870437290605 0.00078560906478077812 1.709999753176118e-05 1.6446779925030406
-6.7756249929242571 0.35550943663988105 1.5 0.99926512957797653 9.0779785732555229 0.0010751978688617349 1.389648270600604e-05 1.470897675184156
-7.5283925541009875 0.39443663657437444 1.5 0.99852480586600567 9.0696114877929279 0.0013361969092601533 9.6798101475996118e-06 1.5898512648078684
-8.336636674312393 0.43662044538176303 1.5 0.99279082372596994 9.1345093154646246 0.00018387298916785656 4.3709658552902715e-07 1.0966163252242931
-9.1949340333500693 0.48159474586341033 1.5 0.99439607601953528 9.1257058394664625 0.00012064458271407122 1.3383788145683669e-06 1.0738025965012463
-10.110655690921252 0.52964116132554839 1.5 0.99538977959084984 9.1189171372345434 6.0244098339597886e-05 7.7797969867123565e-07 1.051129462258108
-11.096169580372614 0.58139882675858567 1.5 0.99642708597636476 9.113423796940431 3.4500726971788253e-05 4.4815237344136148e-07 1.0356322940416856
-12.170731394319439 0.63788621249122346 1.5 0.9974363729086162 9.1091696594260103 2.4427957493824355e-05 2.1564581669341917e-07 1.0238305680534943
-13.364203960627155 0.70072530490994644 1.5 0.998175406118048 9.1059358298754294 1.5516072212041402e-05 1.1609677395797311e-07 1.0158852805110512
-14.729414931298237 0.77282785258430886 1.5 0.99878891945112169 9.103527136740615 9.986860967364638e-06 4.8615555823545634e-08 1.0095396646537371
-16.382629359508563 0.86095433460048043 1.5 0.99929263411616198 9.1017946339661595 8.7545068141716183e-06 2.4255296183667401e-08 1.005449076824154
-18.623458361059097 0.97776122941143351 1.5 0.99966816715815698 9.100717368353811 1.8232989682176032e-05 4.1722633206843126e-09 1.0022977751070929
-1.0045953684226183 0.15911182017032185 1.5 16.245447271283521 0.16515283965883235 0.15602450527349121 0.0032103134027086531 7.8865293629273241
-1.0415147299259693 0.16495877544959364 1.5 11.926378960963863 0.21889185175449974 0.24891400925424473 0.003510401374650527 10.368766596982221
-1.0790467368980303 0.17090293990820427 1.5 9.4589724060840297 0.31336273821470528 0.32010985899738703 0.0048788118646396293 12.673552487890449
-1.1171277034457572 0.17693418876055922 1.5 7.8332334265335728 0.44301118175610932 0.38038859990198609 0.0060928920655014037 14.916237650697409
-1.1557237766838449 0.18304713770289338 1.5 6.6270467931954684 0.59596811921803905 0.42206673408528711 0.0074012874519361373 16.864557318277186
-1.1945641654953798 0.18919855081289266 1.5 5.7102643576101491 0.7703109463191643 0.45646886440580708 0.0093360263554610277 18.644370618273072
-1.2337323913082177 0.19540225387621946 1.5 4.96367635874876 0.96656267821176001 0.48346695229172021 0.012340606937264059 20.205039395414278
-1.273306660465253 0.20167034431330499 1.5 4.3376029063923065 1.1873728431370894 0.48952144556377292 0.013079887965085468 21.52836440014347
-1.3133240323797919 0.2080085932642104 1.5 3.8281316684567397 1.4188902696650658 0.5090412384381483 0.01301667204294835 22.793097461592726
-1.3537988868189683 0.21441928259413062 1.5 3.3399791809661092 1.7142219884318974 0.4661511082968619 0.012305716414650135 23.700451172074786
-1.3947375837645004 0.22090340677587678 1.5 2.9144289729912747 2.0648420090307948 0.47501251365368069 0.0039595917835951516 24.324433823501366
-1.4361401053244172 0.22746098605274334 1.5 2.6533764510919799 2.419267725508262 0.4269095182598836 0.013825526342387146 25.319831333171756
-1.478005680368675 0.23409188815649271 1.5 2.3666926141225519 2.8154816698799925 0.3820126774760752 0.0072787833140088359 25.746141301867084
-1.5203310332796138 0.24079561273044947 1.5 2.1566940287266583 3.210790089384179 0.36452117589044492 0.0090293198750237159 26.131831345951724
-1.5631136187300856 0.2475717446196804 1.5 1.9829750062460823 3.6075043181683557 0.34392684233688042 0.0066998919090812455 26.234428030121059
-1.6063494370665159 0.25441966522985959 1.5 1.8295318403578809 4.0109052258759386 0.32238028519505385 0.0038285033940995347 26.067683633605437
-1.6500354178751602 0.26133887543032552 1.5 1.7152914498612326 4.3847333239265884 0.30192307620740111 0.003466479526955028 25.728154987671598
-1.6944231296824235 0.26836942600215141 1.5 1.6154861304726551 4.7481575982027966 0.27945856288261955 0.0017219914379472746 25.169977752725224
-1.7394029604245129 0.27549353844144048 1.5 1.5386064406559947 5.0781599685496195 0.25805994534747051 0.0011422631037607219 24.504458388057426
-1.7848933710854755 0.28269847065394504 1.5 1.4735491617653269 5.3833222020649529 0.23741025647303618 0.0001072815018039984 23.72520675555419
-1.8311068728896931 0.29001812312835751 1.5 1.4218156874342991 5.659282157084121 0.21909215233607685 0.00029573157400567581 22.895134648510528
-1.8781681321583519 0.29747203971480923 1.5 1.378446459396891 5.9106623107670195 0.20247040684876827 0.0002843704237710786 22.02553557580902
-1.9258800919166492 0.30502879228927171 1.5 1.3424005505292516 6.1380554407202998 0.18741841649116187 0.00028646686697319514 21.140620034366204
-1.9741203980834956 0.31266920095433504 1.5 1.3118067720162245 6.3442860105989194 0.17260528694752542 0.00028725630637309297 20.249925011639537
-2.0230798714023814 0.32042371596787622 1.5 1.2852232930147676 6.5361640132985723 0.15827446899903305 0.00028757149332053609 19.347872803073404
-2.072870462457673 0.3283098786523575 1.5 1.2611634173862527 6.7185782462393373 0.1404925175115134 0.00028636965686466555 18.415966131670558
-2.1235425932569258 0.33633563052901649 1.5 1.2417552027217453 6.8772554860281501 0.1272977783226904 0.00028574755721899793 17.554456070256066
-2.1751164535944847 0.34450416822608265 1.5 1.2241428719488681 7.0263271559201046 0.11596881984769855 0.00028442750966412624 16.704616898983854
-2.2275973260202218 0.3528163376963529 1.5 1.2086867708330864 7.163210496070322 0.10633712441696395 0.00028374265500894576 15.892957298790044
-2.2809830999699092 0.36127181387618884 1.5 1.1941563205705026 7.2942912689515662 0.097982028193635148 0.0002824782344754915 15.087259085461698
-2.3352679668073426 0.36986968324463376 1.5 1.1811393127776397 7.4150390480185777 0.09040303986093462 0.00026233274046809195 14.318943121560936
-2.3906928116942563 0.37864825744841019 1.5 1.1685852213827232 7.5322744270119166 0.083571499545726902 0.00024558465389717883 13.554526631722233
-2.4473893102879716 0.38762822501764654 1.5 1.1570598026840153 7.6422121035807766 0.077815476587068166 0.00020796737176675449 12.819291113835934
-2.5051669972695745 0.39677923007827198 1.5 1.1460734142000111 7.7462358489160259 0.073960799255718926 0.00019162740407228818 12.113268789240434
-2.5641535021933466 0.40612181422290766 1.5 1.1363319217137386 7.8408324487826215 0.077601433168596759 0.00018271586537820726 11.450536341510892
-2.6246691166433345 0.415706743335228 1.5 1.1296564349086211 7.9051056790106982 0.037885215944418148 0.00018333813757245672 10.99408007633761
-2.6866356865798426 0.42552129156686747 1.5 1.119875382232949 8.000004802815285 0.035897144536430961 0.00016635459307062875 10.304404499139093
-2.7499864227777566 0.43555500892622756 1.5 1.110341042234819 8.0928028855120608 0.031033705631123933 0.00016385089029071073 9.6229922383718947
-2.8151652880185676 0.44587856837256845 1.5 1.1031091994476281 8.1634816613814305 0.028882064473695786 0.00015957350088264481 9.0830969784944049
-2.8824155132847071 0.45653017792029332 1.5 1.0970319042611367 8.221244804980417 0.027127307897506621 0.00015767688004148414 8.6357518047844533
-2.9518405487075334 0.46752615507834394 1.5 1.0909630181473053 8.2805328904671001 0.025838528935419335 0.0001565897001133123 8.1688166228194383
-3.0234771423852398 0.47887232189754336 1.5 1.084860483864647 8.3374159287600005 0.024362683237564357 0.00015594523520348505 7.7142581745782328
-3.097562984212952 0.49060651527784005 1.5 1.0792968275958936 8.3908368091464851 0.022944716856012234 0.00015508014857685428 7.2760064237689361
-3.1744534397439663 0.50278502857324048 1.5 1.0737724370703932 8.441889867786827 0.021489222561069141 0.00015273583365063318 6.8517174468464264
-3.2543171300266107 0.51543437727667396 1.5 1.0684833944127798 8.490724497864413 0.020145452197486025 0.00014927962880807976 6.439620372380781
-3.337678559305143 0.52863795409877712 1.5 1.0632143938046281 8.537342300394311 0.01871727174556739 0.00014484557467460659 6.042682730478977
-3.42526539414167 0.54251103661757427 1.5 1.0580862731743073 8.582626229043413 0.017416570487952369 0.00013953345131500526 5.6552613016438205
-3.5176644533756987 0.55714631727510033 1.5 1.0525614136048249 8.6301578769475711 0.016113539805982388 0.00013358866575514797 5.2468052945780386
-3.6155869091453541 0.57265658519328155 1.5 1.0473625404896343 8.6746400276390396 0.014854960249299014 0.00012693647389763277 4.8625082559734647
-3.7202624398957518 0.58923705160056294 1.5 1.0422655412369011 8.7170443537023328 0.013489400610095313 0.00012093734898209345 4.4952580015173265
-3.8336244626288023 0.60719449940819392 1.5 1.0372103725300921 8.7581131039488191 0.012277375883952633 0.00011390079095473646 4.1418031189259921
-3.9583814105837507 0.6269585066412463 1.5 1.0319618944268707 8.8030320989743842 0.010982007789144101 0.00010738792619070969 3.7581990413398745
-4.0988259774898967 0.64921123828984251 1.5 1.0271865441576986 8.8445165214448842 0.0097616256027099092 0.00010087921683640537 3.4030364166944462
-4.263962834388078 0.6753888429455277 1.5 1.0227108550000754 8.8854523267674921 0.008624231590572351 9.9402896756311089e-05 3.0606848093940773
-4.4764204267377607 0.70912000611133807 1.5 1.0186479146157503 8.9243563790425782 0.0075795461925970533 9.6024943974053073e-05 2.7350420068800942
-4.7587459542502852 0.75392319540376596 1.5 1.014704440271514 8.9609726242849224 0.006618851503177826 9.9329632006421858e-05 2.4398757525915786
-5.1157134434812335 0.81045986682925619 1.5 1.0120726565198479 8.9915642530377564 0.0061994640167149107 9.4881495494129981e-05 2.1817133591300895
-5.5486775326942785 0.87901231929065538 1.5 1.0089598611395394 9.0164895950517412 0.0056264808093329051 0.00010764621487938819 1.9946089636665225
-6.0745550020849794 0.96233794770944103 1.5 1.0074430554769869 9.0367112343691502 0.0075104986439709833 5.5290375504492661e-05 1.8017547490477277
-6.7122514353182581 1.0632855372621179 1.5 1.0095380584889904 8.9860570176440664 0.0072370336479690208 8.1798538643338739e-06 2.3510568248915003
-7.4441862259950256 1.1790637272105684 1.5 0.99286858839290659 9.1344807822415728 0.0012003078198193125 8.0175555857610134e-07 1.0906151188573514
-8.2387506399980559 1.3048275242826428 1.5 0.99516219739017242 9.1239239646008823 0.00029627580155111355 7.6935331441295942e-07 1.061634961578751
-9.08708583564915 1.4391680990474804 1.5 0.99637786088059477 9.1173866099731047 0.00018175442295091337 6.4556061385591892e-07 1.0432320776068296
-9.99395743787748 1.5828094955726195 1.5 0.99729415712470748 9.1123353907732696 6.7286814470872154e-05 4.0309881834129446e-07 1.0296362464098125
-10.971233597601657 1.7376212059283054 1.5 0.99815410145854666 9.1085246924134413 4.3692738118322642e-05 2.2099179877839184e-07 1.0200260187649191
-12.038131671675636 1.9066472700273545 1.5 0.99874332645286712 9.1056973599112911 3.9033135585690215e-05 1.187845000367319e-07 1.0131079119165767
-13.225548603486798 2.094797822954872 1.5 0.9991810034367915 9.103647155913734 3.3052798791915603e-05 6.4178251047880593e-08 1.0082840896195351
-14.589325757693249 2.3109706615158689 1.5 0.99950373360734379 9.1021867128209255 3.1210672649443558e-05 3.392639389210656e-08 1.0049469943913891
-16.262223691630975 2.5764647496547317 1.5 0.99973142455567321 9.1011936684669248 2.6130762809405403e-05 1.8557687562917986e-08 1.0026736361806254
-18.463347076025471 2.9249050967557606 1.5 0.99988683465703343 9.1005417813651643 2.3934797011758652e-05 9.8975818109443219e-09 1.001241996367485
-0.98245138258893272 0.26324704540139165 1.5 15.89275513016511 0.20541140172566819 0.24095670557538137 0.0045427718427815079 7.7742068332767635
-1.0185472163931601 0.27291888334561082 1.5 11.673630695712943 0.28797538604521877 0.39399734207848669 0.0031684876614372485 10.301547145169762
-1.0552455434522146 0.28275216239541651 1.5 9.2630142421480937 0.38768029427002959 0.5157132785365024 0.0039220099878312055 12.523939110146484
-1.0924835205067551 0.29273004176635314 1.5 7.6892423327116513 0.52974513666511658 0.60960621988586494 0.0056423871995842541 14.730953757825775
-1.1302275751418498 0.30284353512391449 1.5 6.5362021641843224 0.68846395132886307 0.68002021239201116 0.0079326589614753355 16.723264151576437
-1.1682061659616287 0.3130198748250822 1.5 5.6468450022542189 0.86700725571974058 0.73353981205004026 0.00965222093529821 18.489560311822562
-1.2065125448203586 0.3232840372221607 1.5 4.9329973514654943 1.0678907940643945 0.77345112314289521 0.012396268606447148 20.105635163955984
-1.2452177126982131 0.33365505155017627 1.5 4.3200740528139976 1.2969601207274164 0.79835329494329499 0.01318038327253899 21.438566687501822
-1.2843558583295469 0.34414208507494704 1.5 3.8171028051189939 1.528073176971857 0.81482630343501172 0.013489638275559917 22.604649318159726
-1.3239410674762944 0.35474891158548427 1.5 3.3581489053703981 1.803225315768642 0.79396795210059534 0.014279950232022668 23.547359565264351
-1.3639792836956204 0.3654771220134353 1.5 2.9374056443438765 2.1395599595081385 0.76406710085013751 0.0073673479081580139 24.108037452429798
-1.4044709344073358 0.3763268303147756 1.5 2.6403147875839084 2.4835725432373184 0.73735010734267359 0.0082772262239555593 24.944347573807878
-1.4454150710080604 0.38729778159602002 1.5 2.3743448021843494 2.8719822559263695 0.6763668048492435 0.0093548199888797978 25.423166263607882
-1.4868088527722332 0.39838921482064266 1.5 2.1646148371325116 3.2433730429943042 0.6478698932585264 0.0075130079070625652 25.859718027804082
-1.5286495618085119 0.40960040144009763 1.5 1.9793295714721835 3.6521380659459912 0.58332195419282251 0.0054870793725635561 25.879595268762678
-1.5709335778920752 0.42093037167457215 1.5 1.8382668115927061 4.0295364322648961 0.54538376809041222 0.0047093743530567042 25.782002635146593
-1.613657675367798 0.4323782586870748 1.5 1.7158446604953275 4.4053739960740215 0.51215034832145334 0.0026345453127093769 25.448325286960017
-1.6570718196286154 0.44401104154734117 1.5 1.6225464882976535 4.7504420223714421 0.47725288034835267 0.0019905152573654081 24.977550881611407
-1.701060836117489 0.45579786510986858 1.5 1.5432335381700826 5.0764654874708706 0.44177473459786015 0.0010328828550680237 24.345404116877891
-1.7455482060446299 0.46771822203461078 1.5 1.4795178152676185 5.3733919423720078 0.40775300853317703 0.00036564653682463213 23.620186789023869
-1.7907464289818236 0.47982904773659729 1.5 1.42618379303987 5.647521427610017 0.37702558303854378 0.00050863855440586091 22.821442567805843
-1.8367736151905536 0.49216199492139956 1.5 1.3823271003208928 5.8971010363309402 0.34947322277119575 0.00052550969151970149 21.980491043914373
-1.8834328496462636 0.50466430313272259 1.5 1.3453762372281224 6.1229295307910183 0.3231039040719384 0.00055211981791889256 21.124430747022299
-1.930608238403779 0.51730491326391237 1.5 1.3145711396477411 6.3284826687841367 0.2997918302771917 0.00058393193777907422 20.249621263556541
-1.9784907873048332 0.530135002041629 1.5 1.2894417453552405 6.5065525951781762 0.27361794428761615 0.00061282644011401047 19.428158243469749
-2.0271864087521081 0.54318295262472138 1.5 1.2669741791308056 6.6769631631785069 0.25352960296612892 0.00064731682471931443 18.56979628889578
-2.0767435260284577 0.55646174197091169 1.5 1.2470233694679391 6.8319545113404292 0.23415526492086344 0.00068028820013818166 17.755943041288333
-2.1271818448199582 0.56997664950489191 1.5 1.2285783353257416 6.9823075689544893 0.21939972256189383 0.00071935630940823416 16.923596306666379
-2.1785067029187961 0.583729104802579 1.5 1.2121608134988258 7.1201266723530612 0.20460673351369332 0.00076220705435057579 16.128496890198974
-2.2307162129677716 0.59771860181537462 1.5 1.1965944569299856 7.2554634472544253 0.19333991301893586 0.000808401130469645 15.317674374098058
-2.2838048310723407 0.61194365390164096 1.5 1.1824180680218437 7.3802942488422953 0.18102848304359817 0.00083248438203518851 14.544081971518905
-2.3380111655067322 0.62646819564259393 1.5 1.1687924609885834 7.5038212641189492 0.17129152531588432 0.00081890913594660449 13.757878018363806
-2.3934608342826453 0.64132589018405506 1.5 1.1559590666526258 7.6206159018636717 0.16126577982042842 0.00084847853462972098 12.995067918425669
-2.4499639550656811 0.65646585793796208 1.5 1.1439087917018287 7.7333573718369522 0.15306170918495737 0.00089442801605076874 12.242223397380306
-2.5076515229606806 0.67192319512898246 1.5 1.1326194371715723 7.8385144146496524 0.14281317813115274 0.00094627008380025865 11.526067982901019
-2.566837513890591 0.68778203389027426 1.5 1.1223135324005107 7.9372035559733112 0.13546044047775069 0.0006841244383512014 10.841708871341929
-2.6274389242053946 0.70402013489032678 1.5 1.1130817463534972 8.0253894614887784 0.12242675343108048 0.00042469839303113313 10.217681122108507
-2.6893928111248639 0.72062063012544297 1.5 1.1009498467852221 8.1435819926759976 0.13076784864701263 0.0002077075343691421 9.3355861336253572
-2.7531401105169238 0.73770166960030381 1.5 1.0974851911925654 8.1757251415681473 0.083323792797872734 0.00020359416156369136 9.1007462191932209
-2.8189127686564257 0.75532540666104075 1.5 1.088241021350975 8.2606466203009976 0.070063397629341606 0.00021775134170765549 8.405879674999019
-2.8868106664857356 0.77351860060411215 1.5 1.0820601190832773 8.3186962587629854 0.064966216356757839 0.00022840209859179217 7.9670821509777383
-2.9568697475886259 0.79229088006179416 1.5 1.0742287858973767 8.3850075437654077 0.062529021462257819 0.00026049008252861572 7.433665169851734
-3.029326042070358 0.81170549276943527 1.5 1.0679287796881378 8.4467916205587557 0.05932801764200045 0.00027011871921501775 6.9382540127376986
-3.1045272815300047 0.8318556165663602 1.5 1.0617358004989152 8.5064262779019089 0.056236025413409781 0.00027238414289297444 6.4493879785028945
-3.18263475492917 0.85278446885324621 1.5 1.0558529699328352 8.5621638134092439 0.052665129598156023 0.000272408388316138 5.9894260261194843
-3.2641673939230631 0.87463110502254326 1.5 1.0502261796818309 8.6147997953962516 0.049369397626269469 0.00027284981453370028 5.5534667750533924
-3.3498373745452881 0.89758636253235036 1.5 1.0446901055286297 8.664906742439566 0.045774906112144124 0.00027096316749231195 5.1359538072606066
-3.4402138995706961 0.92180275656996313 1.5 1.0398666799271332 8.7066067013606858 0.042946085077039217 0.00026871625091975373 4.7877798315705196
-3.5359952066071867 0.94746739462648755 1.5 1.0348581351598818 8.7481063268745114 0.040293158996274968 0.00026995221984499524 4.4438291646432448
-3.6383920928664222 0.97490477329551317 1.5 1.0299657689949815 8.7877141748901426 0.037762190517862268 0.00026615701464889548 4.1173834909269678
-3.7493056019180235 1.0046244059898988 1.5 1.0249773881852347 8.8311243992753692 0.035095068869992724 0.00027988572441765944 3.7602163089423497
-3.8713950184691308 1.0373391118842383 1.5 1.0213783616777277 8.8637172064282446 0.032816553945545134 0.00028156865408965689 3.4913670023419399
-4.0088966404213036 1.0741849956965868 1.5 1.017490155770725 8.8986403033968013 0.030250403085639116 0.00029248031683439403 3.2060810539114435
-4.1707765572082565 1.1175698169128965 1.5 1.0143261452074241 8.927494679533968 0.028812045326188394 0.00027722907691596967 2.9691394512687963
-4.3800715846266698 1.173679268514956 1.5 1.0105330625602704 8.9624749794387562 0.025702569756425066 0.00029090721458498886 2.6933336434404418
-4.657997525861199 1.2481866626575648 1.5 1.0102177986692595 8.984337867066861 0.026841904937534088 0.00034872465002300316 2.4664154277729229
-5.0073409169864362 1.341803583054999 1.5 1.0046842959266686 9.0272676008742216 0.022028874814464496 0.00042591203996285022 2.1612240868870836
-5.4305430744995897 1.4551940102853618 1.5 1.0165837361117851 8.8674223952387443 0.025893654955342023 8.0678761821754554e-05 3.5716252723181223
-5.9458154952090165 1.5932667222681065 1.5 0.98676684542927895 9.153682953233881 0.0046665470355821007 2.5761138814260631e-06 1.1458139021610427
-6.5684612546227097 1.7600871735282 1.5 0.99138560645335205 9.1375132464929454 0.0026346244113550099 1.5981741497941213e-06 1.0984817693454985
-7.2808955517475997 1.9509373054814614 1.5 0.99560282304664072 9.1224571234924152 0.00057871099886557377 8.3159373211253281e-07 1.0548627984974228
-8.0558711296330827 2.1585595464898191 1.5 0.99687633692849731 9.1156881144726434 0.0002299948119613129 3.6170786476940117e-07 1.0353925438814946
-8.8848491265043315 2.3806706118292063 1.5 0.99780956353967976 9.1108922781008754 0.00015776736358294477 3.3792641029751721e-07 1.0228281289336172
-9.7718412469966793 2.618336767447198 1.5 0.99850551675141197 9.1074142063029893 0.00010879099980407702 1.6901069238510115e-07 1.0146556841559513
-10.728184961950632 2.8745920450874127 1.5 0.99900968537964407 9.1049192048846184 0.0001016057582343554 8.7679907321476501e-08 1.0091760542713268
-11.772650581178873 3.1544660759794754 1.5 0.99935009187118351 9.1031928331702652 8.9068237451320754e-05 4.6542032119538952e-08 1.0056327233870435
-12.935806531564776 3.4661563417391932 1.5 0.99958541688481084 9.1020017826503814 8.177122390860215e-05 2.6063993064823556e-08 1.0033099676915589
-14.273404005598838 3.8246313041211231 1.5 0.99973961161517366 9.101224576667315 7.1837805702825268e-05 1.6343947350111884e-08 1.0018969079268663
-15.922425320133263 4.266681807287485 1.5 0.99986547720430363 9.1006217875651743 5.8485629196432328e-05 7.466673304795128e-09 1.0009917909534749
-18.070962764129309 4.8423134177800558 1.5 0.99993954229132198 9.1002613310358651 4.00598995433198e-05 2.3764085276234393e-09 1.0004114153435175
-0.94955212581117387 0.36449892743936807 1.5 15.305393646101944 0.28654539883655689 0.30646248343086663 0.0044353547643814556 7.6378679428429157
-0.98443849996765387 0.37789058033645434 1.5 11.246692948494136 0.37921807430258497 0.51551384137051703 0.0044392655269876666 10.057814227761382
-1.0199072918301482 0.39150579981060002 1.5 8.9787807381542386 0.52277703997626224 0.68245953823374561 0.0048285534824326105 12.313004904599433
-1.05589785347735 0.40532129886607049 1.5 7.4699656115808537 0.65570657216207562 0.81032634013757732 0.0062700776374345754 14.408169245254774
-1.0923777617025916 0.41932464061559527 1.5 6.3877851995980883 0.84133437470187378 0.9037537775976453 0.0069531367339803456 16.438516465269547
-1.1290842788076318 0.43341497678619395 1.5 5.5455386089830414 1.0122302940230483 0.98564002658065075 0.0099306919378707482 18.189679902937634
-1.166107885419551 0.4476270082725744 1.5 4.8622806032591397 1.2258821545202863 1.0524707766321573 0.011783197260538265 19.780676198255087
-1.2035171171114296 0.46198705323076861 1.5 4.2823453543995784 1.4338947630919456 1.0923984562849467 0.012544500668534901 21.059215862735847
-1.2413448834974599 0.47650775909870086 1.5 3.8026813417498424 1.6634480660626554 1.1239598027504498 0.014069499799565465 22.244955182169505
-1.2796047522500045 0.49119433615438679 1.5 3.3288717698162285 1.9186578040183939 1.0847213162168654 0.010675925969739606 22.977303890158868
-1.3183024280091644 0.5060489745266975 1.5 2.9421812432195407 2.2430315887353323 1.0610041875643375 0.008625876381138901 23.613630318585994
-1.3574383334391906 0.52107183523446532 1.5 2.6705517414193207 2.5641355967857322 1.0276493301989456 0.01022318927137438 24.47326027856894
-1.3970115414284794 0.5362625621204421 1.5 2.402426973972946 2.9228311327652743 0.9772222830928069 0.0096972267846026586 25.023430651694241
-1.4370193234794657 0.55162010697553421 1.5 2.1873029495448026 3.2907582907702877 0.91971990212315091 0.0083318516566047978 25.359658462607527
-1.4774590457992021 0.56714345884315609 1.5 2.0101105548128158 3.6593558126298493 0.88024400131614144 0.0073115700278197533 25.55014975262835
-1.5183272233486518 0.58283127943926738 1.5 1.8509040549207016 4.0533664994500223 0.80793125012203237 0.0048444363887303801 25.421003230455007
-1.5596207329789151 0.59868236744560899 1.5 1.7255468107852028 4.4157493672230013 0.75517380349633689 0.0038187001565521384 25.1509703960871
-1.6015812800224334 0.61478949976360941 1.5 1.6270065794849158 4.7619612197372705 0.68624985545815209 0.0026538723201034791 24.687409382128749
-1.6440973709856639 0.63110989429892794 1.5 1.5484119314195997 5.0748286865497656 0.63790666290454168 0.0023200086688931758 24.128904436697294
-1.6870950626706622 0.64761516167272082 1.5 1.4838299795866787 5.3622211200643903 0.59141606338734132 0.0016426314322127017 23.472141194419244
-1.730779872005682 0.66438418084049289 1.5 1.4288444705068597 5.6352629332168167 0.55396896845577415 0.00095150669991630359 22.701895613975065
-1.7752659094233838 0.68146076279631507 1.5 1.3838270170140463 5.8796502529708699 0.51510171471668798 0.0011238492431571746 21.923055919192681
-1.8203627272900123 0.69877181181988446 1.5 1.3470412601769686 6.0972542570532298 0.479486946969789 0.0012030415383677043 21.132988974688249
-1.8659583536006101 0.71627433769441784 1.5 1.3129610469828723 6.3121591158000099 0.45044766798715952 0.0012799408008337338 20.256414292666474
-1.9122375284068844 0.73403924460081149 1.5 1.2911737755067141 6.4621865897566311 0.4109554859655622 0.0013927782338602661 19.623284363165155
-1.9593025850336216 0.75210582078849675 1.5 1.2645385682273167 6.6479460626081393 0.38804707618737877 0.0014692173422116159 18.731111038571207
-2.0072002893663807 0.77049202223034474 1.5 1.2464636002082945 6.7860505719253927 0.35898670762734414 0.001602265183333151 18.050389066028899
-2.0559496699130175 0.78920515355666587 1.5 1.2245736157686935 6.9548734154452534 0.34231061516551364 0.0017021865006765619 17.142681043597157
-2.1055558821947047 0.80824719325102001 1.5 1.2085893102636447 7.0860669995023109 0.32210244986080994 0.0018367903532395407 16.421472823182597
-2.1560171050326495 0.82761744168617168 1.5 1.1895549073075933 7.2438147684506022 0.30961327223300628 0.0018898637412031595 15.493712187726258
-2.207327985591836 0.8473138425334128 1.5 1.1756790766870551 7.3652124716099188 0.29269595595827563 0.0016151933558117293 14.769470937482401
-2.2597192138628497 0.86742494493244382 1.5 1.1588675172287366 7.5118292351842122 0.28163242832777713 0.001343736809741092 13.848489346593491
-2.3133121618938715 0.88799734568018707 1.5 1.1460254964149901 7.6312602820106239 0.26856964754316542 0.0011301262280387198 13.087060318097794
-2.3679232048843559 0.90896056282534765 1.5 1.1314734359623679 7.7622164908826567 0.25595111340705018 0.00091627091994383233 12.22423172972721
-2.4236790454563995 0.93036322347860179 1.5 1.1204665623077799 7.8735868927830355 0.24700238272165637 0.00073039596373885847 11.466429314845703
-2.4808832078586369 0.95232183875771059 1.5 1.1115110186196537 7.9549145083201722 0.22842166317650578 0.00054108713238293284 10.909942154057706
-2.5394553461318337 0.97480557532608647 1.5 1.0998298723557054 8.0668052618727248 0.23078342885555025 0.00039677767529817964 10.132166585721764
-2.599334621277869 0.9977910768095779 1.5 1.0932179456544302 8.1276302146366479 0.23443210836072495 0.00028755991679796209 9.7203391358294553
-2.6609473604720568 1.021441987504186 1.5 1.0781567508553713 8.2745293990608015 0.21806909435637492 0.00023762284977308734 8.621713376495487
-2.7245176808971605 1.0458443453202246 1.5 1.0786614195312869 8.2590497883829048 0.1629611469690902 0.00019092693604397525 8.7120553257656468
-2.7901420609730643 1.0710351842728847 1.5 1.067019194963339 8.3747164065395303 0.13747041136185528 0.00018429077761970868 7.8425989121942834
-2.8578552071464562 1.0970278262904456 1.5 1.0569022004284279 8.472310312316738 0.12659498793720286 0.00023347387186901342 7.1015960488557992
-2.9278853213452631 1.1239098693526488 1.5 1.0487607786792963 8.5548159656840159 0.12112513076593705 0.00026908732883868002 6.445343990705922
-3.0005685334867547 1.151810342862216 1.5 1.0418030357375365 8.61727626733569 0.11510943172995595 0.00029234874907796546 5.9513232220068888
-3.0760606633268308 1.1807890646560009 1.5 1.0351693672395639 8.6777283329943664 0.10937000158421954 0.00030847585604625434 5.4627976109992309
-3.1548633950450831 1.2110386145130567 1.5 1.0272677481773707 8.7493783685491255 0.10230495942249285 0.00035756027449046295 4.8874781088311909
-3.237665159104143 1.2428232616662493 1.5 1.0256593171715671 8.7611631281866185 0.1004102641141984 0.00035322764696381614 4.7733138210139012
-3.3250160269323654 1.2763541609990439 1.5 1.0162199462203705 8.8411141608957227 0.090601531553714948 0.00035781694194282035 4.1408199961354288
-3.4175909255030721 1.3118904057263254 1.5 1.0106023287267032 8.8876384241422457 0.085126745258107164 0.00036280084621907879 3.7709921291516046
-3.5165604632449039 1.3498814009086493 1.5 1.0035896070032209 8.9363897948207676 0.076907463217021924 0.00034163953922387153 3.4076857650737225
-3.6237627636517509 1.3910328395601352 1.5 0.99876894301886154 8.9727387433441557 0.071148853081035759 0.00031292177323181963 3.1216278526475745
-3.7417692335126351 1.4363320290010266 1.5 0.9922434188328767 9.0149996402607435 0.062553977182983472 0.00028958775564424065 2.8151613793071464
-3.8746776234394495 1.4873529014877724 1.5 0.98826927528213093 9.0437314713388464 0.057101072056065676 0.00027219312226149406 2.5846738780543275
-4.0311670914042974 1.5474326163088203 1.5 0.98172034914574424 9.0847153546534631 0.045294798745311567 0.00020082312414280491 2.2909996156552079
-4.2336430874433368 1.6251809653514866 1.5 0.99872631408399948 8.8671169652084032 0.05893148334172469 0.0002190544248282401 4.0992816713447429
-4.5026673202408558 1.7284772843278968 1.5 0.97437120824281465 9.1810542562281068 0.010596194707936497 1.2423091848022217e-05 1.278167903210768
-4.8406236624651573 1.8582104271352766 1.5 0.98073834663181492 9.165633530100564 0.0081853977603498478 1.8505727053435306e-05 1.2115382699226196
-5.2498069859890411 2.0152724263240622 1.5 0.98694116285441402 9.1486176612776653 0.0054745577712149744 3.435369313359771e-06 1.1500580607530611
-5.7481998756680044 2.2065817600314208 1.5 0.99326568572856377 9.1325206897123401 0.0024341847830240274 1.2519670147718558e-06 1.0827387186034325
-6.3499257855790461 2.4375479811735605 1.5 0.99563386542521304 9.1225342496104478 0.0012253729179264928 7.694045695116719e-07 1.0485866079390118
-7.0376631006358554 2.701525670831181 1.5 0.99726734046349164 9.1146062403109127 0.0003820967579204102 3.3668008813112093e-07 1.0271779878016036
-7.7859541783638155 2.9887560880927584 1.5 0.99813266450575266 9.1098153134145257 0.00024523206465548345 2.448693174020019e-07 1.0162380886728426
-8.5868264390054261 3.2961769677118831 1.5 0.99875267871822671 9.1065391723893416 0.00019785832426641822 1.3342956127929698e-07 1.0096733927948502
-9.4440490850042949 3.6252307070628591 1.5 0.99916952376142965 9.1042718738878179 0.00017714519093651768 6.5024095914833475e-08 1.0056652591600734
-10.368482531489137 3.9800854298147077 1.5 0.99942714158893742 9.1027819262781353 0.00015935516908334514 3.4866499235209184e-08 1.0033872763054243
-11.37823799401092 4.3676945228321378 1.5 0.99963076776783877 9.1016937830925801 0.00014396980677370224 2.0565679782694161e-08 1.0019822927019935
-12.502940880885046 4.799435143407103 1.5 0.99975486584745688 9.1009970607828592 0.0001265485609097165 1.4187237232440446e-08 1.0011214567194313
-13.796794608998063 5.2961419404409824 1.5 0.99986456801119139 9.1005059302750553 0.00010548745059469699 1.2836534044176813e-08 1.0006008826055306
-15.394905017652654 5.9096781155489042 1.5 0.99992644853329937 9.1002134698189217 8.4036738125107212e-05 1.1810961585037148e-08 1.0003192920346611
-17.470456569747373 6.7063652494173711 1.5 0.99997940493195869 9.1000879120977078 4.9541934236372039e-05 3.6131352278175438e-09 1.0001457307178958
-0.90624984219102656 0.46175737751592683 1.5 14.431503107016797 0.37994240137400942 0.35232186782539993 0.0042859666679065274 7.514150690187325
-0.93954524698368802 0.47872226657860695 1.5 10.673956207162984 0.50624017443926705 0.61119799611576597 0.0044013333476318082 9.9188372688199049
-0.97339650697838809 0.49597037537209815 1.5 8.5750883269619642 0.63717638163749057 0.80880879006394257 0.0040479753663630567 11.955585331847077
-1.0077457529014098 0.51347221055795855 1.5 7.2218956791876918 0.87890389899072274 0.991220901328147 0.0055145836325320909 14.215978259391674
-1.0425620457423279 0.53121201724490641 1.5 6.1805369905041108 0.99582975290736508 1.0870256765627455 0.0072400078914823677 15.98918090096153
-1.0775946191947074 0.54906203180973634 1.5 5.4119311973686388 1.23222869713336 1.2171682883077011 0.0090293579626756874 17.851113354722457
-1.1129298390687095 0.56706622643514037 1.5 4.7772693455590742 1.4019513987311574 1.2913359852828157 0.011644351078164543 19.293162334313216
-1.1486331136977066 0.58525793862448694 1.5 4.2400154754146016 1.6135553057122491 1.3478286970993372 0.012754722688335459 20.542167485330374
-1.1847358443807017 0.603653183879721 1.5 3.7794860224248632 1.8300417464135863 1.3805259291702483 0.013587274449368676 21.632749922337762
-1.2212509753609351 0.6222585601653241 1.5 3.3685082714728432 2.0585457030871535 1.3808443486574455 0.012340709087270887 22.490715109116874
-1.2581839475193508 0.64107684029569456 1.5 2.9734830289289498 2.3559029345488001 1.3574810519429659 0.010029673764562739 23.056079459421145
-1.2955351632565315 0.66010822808637704 1.5 2.6759144210291805 2.6621717297657561 1.3169276708637285 0.0090994566815848724 23.65151608106666
-1.3333037369352254 0.67935227203401016 1.5 2.4369643031783448 2.9824152392886534 1.2722930075299386 0.010097221311265846 24.345809049272059
-1.3714870649353994 0.69880764462787637 1.5 2.2217544555651965 3.3234801512400511 1.2224242219066905 0.0090086945142140717 24.716018583043549
-1.4100826335158674 0.71847306511351916 1.5 2.0374650836868402 3.6773426103227229 1.1644828612989568 0.0074368623470199013 24.970905171005583
-1.4490871171688859 0.73834683850125382 1.5 1.8867698920186742 4.01395160724653 1.1138800977931154 0.0064591134106434019 25.019984072060101
-1.4884975355527803 0.758427443636563 1.5 1.7451277030884671 4.4142406792260704 1.0092052155702016 0.0039598054273742014 24.731297794970569
-1.5285445749039095 0.77883241554014004 1.5 1.6374477172404933 4.723294718196831 0.94376349845225249 0.0037434029154002511 24.41683981282846
-1.5691218213608398 0.79950755086403213 1.5 1.5520645968229305 5.0500030440411168 0.8761036093312361 0.0027972189474473651 23.875308823974585
-1.6101587032815114 0.8204168861317882 1.5 1.4873541144565412 5.3178149354093911 0.8126757047005424 0.0020860207174554237 23.344963860144766
-1.6518513694622352 0.84166035180480314 1.5 1.4266125724998719 5.595406387456717 0.77568646579167433 0.0011684357261897216 22.636166918409515
-1.6943087259619327 0.86329344677125563 1.5 1.3818238751100207 5.8316284092310715 0.73125908937112327 0.0014107069073347549 21.968706625221206
-1.7373490061542816 0.88522356726956786 1.5 1.344420305163861 6.0409994888811589 0.69298614666991709 0.001440470404217298 21.313246336547941
-1.7808653448160845 0.90739625417956038 1.5 1.3044072252610885 6.294003105823772 0.67676221750445487 0.0015619902176780913 20.322506504214552
-1.8250340614177807 0.92990133516082984 1.5 1.2955869836807883 6.3674448151116563 0.59046899793212204 0.0016757169125000125 20.138337449347929
-1.8699528225727198 0.95278858026021451 1.5 1.2490926151079458 6.6685133202212699 0.57718701103238479 0.0016945610047581041 18.677869413597005
-1.9156662605508279 0.97608073522979188 1.5 1.2406147825326075 6.7567571723807198 0.51079051873580728 0.0017979661192503564 18.322610337616144
-1.9621925354232077 0.99978705341555596 1.5 1.2036465241973957 7.0101581559754598 0.51148899721130703 0.0018557323621365804 16.958759881747412
-2.0095365672765855 1.023910041189795 1.5 1.194024535352789 7.1113380394380732 0.45762479667350797 0.001631027291887211 16.44024203449856
-2.0576966179413789 1.0484488123478708 1.5 1.1632173525976865 7.3511794084732269 0.47158905609007379 0.0015740951423199832 15.028616612196034
-2.1066675789548972 1.0734007623448456 1.5 1.1562887891004638 7.4303869723867635 0.42090219672684381 0.0012292288323231689 14.562187250991402
-2.1566696222815063 1.0988780696333851 1.5 1.129975255794714 7.6588009940643547 0.44505318899074198 0.0010433696866002818 13.122787976150478
-2.2078185843026175 1.1249397625475788 1.5 1.1274441352219913 7.6986206795617278 0.40792846953125972 0.00086098823612637152 12.873890282718083
-2.2599392112505434 1.1514965502208445 1.5 1.098607458099093 7.9618752120015603 0.40280714017608299 0.00063331428872628502 11.076466256463739
-2.3131524297144797 1.1786100378425335 1.5 1.1030141861943894 7.9278791097663897 0.37497714190367071 0.00057695852179902405 11.331271590477282
-2.367747924360653 1.2064278260331054 1.5 1.0871861232010698 8.0673827528729447 0.31058847191383704 0.00046323654163653327 10.349984160991191
-2.4236490105296293 1.2349108511216724 1.5 1.0750049590911077 8.1793507748503647 0.29037158169261307 0.00031204920398338417 9.5869457982155204
-2.4807976229339941 1.2640295248389857 1.5 1.0635996391940583 8.2837811809443043 0.27792239502651056 0.00024888880445370553 8.8514639960636501
-2.5396006509178575 1.2939911597379417 1.5 1.0500403854679763 8.4035958157810846 0.24933197896181769 0.00020782414150522169 7.9781514574620624
-2.6002719906707585 1.3249047491026209 1.5 1.0433397125656816 8.458891848646644 0.23890195380317966 0.00018881887455461427 7.5771702009681965
-2.662903719800128 1.3568172082822918 1.5 1.0278211408135194 8.5907664643678459 0.20482023481272599 0.00016481024462801599 6.5970849306102508
-2.7275289606019562 1.3897454133667111 1.5 1.0152197091462152 8.7089258127798619 0.2003625506340955 0.00015168610969411818 5.6710957964078217
-2.7943655096334403 1.4238003366107184 1.5 1.0165874666285275 8.6537122052896418 0.155166886277088 0.00016895607727440172 6.1004787022283127
-2.8637341699417709 1.4591454365019323 1.5 1.0072922933447137 8.7218352493597635 0.13640724376385324 0.00011899392369146559 5.5883509685853001
-2.9357836542200388 1.4958564904414409 1.5 0.99208604288651625 8.8331383300081701 0.10220254394325975 3.253146491389806e-05 4.7577650739286543
-3.0109927716463369 1.5341774650320086 1.5 1.0034549244572379 8.6718191793421742 0.12322967179544338 0.00038623578888844336 6.0135251818535815
-3.0900185631279085 1.5744431448433387 1.5 0.94810160881503858 9.2296656922529134 0.022013600390302576 2.7039261604227789e-05 1.5907609785038228
-3.1733860165099155 1.6169210268529626 1.5 0.9521552942405499 9.2232673789570789 0.020470639629372445 2.649724655201844e-05 1.5373475457323207
-3.2617392832855421 1.6619393361217667 1.5 0.95608737683684775 9.2175309174066875 0.018968177046620759 1.9881251823954035e-05 1.4788524467237631
-3.3561956009481388 1.710067385880869 1.5 0.96000317874270502 9.2101723111167573 0.017478591514113399 1.9564566951113824e-05 1.4301653583822522
-3.458509304511777 1.7621991611155248 1.5 0.9638009979406158 9.2031262694418814 0.015896675100120768 1.7414307883402746e-05 1.3763403422384168
-3.5711346079046695 1.8195853915468971 1.5 0.96794447363456371 9.195071977725414 0.014332324391634673 1.6164789854880536e-05 1.3266438768542232
-3.6979825656298146 1.8842198546458557 1.5 0.97193916614922127 9.1864896649104022 0.012793475493274798 9.4428208962570237e-06 1.2785234281334279
-3.8473369235658224 1.9603292099478289 1.5 0.97625498997638549 9.1772063873830074 0.011362093999088224 6.6756592631199471e-06 1.23032936460048
-4.0405978947473962 2.0588267802809268 1.5 0.98079034083105321 9.1661951289581545 0.0096900713578250645 7.5952124681146981e-06 1.1880392782892333
-4.2974245107629336 2.1897139354841206 1.5 0.98623540321716674 9.1542357982020803 0.0074523227369499784 2.0853047511463247e-06 1.1303749554763818
-4.6200653400901421 2.3541093860209106 1.5 0.99008637873937988 9.1427345284120243 0.0055385857226978152 1.6431651782723676e-06 1.0890639639903481
-5.0106711455616324 2.5531219913891414 1.5 0.99344015993179069 9.1315728015327142 0.0036733907383036837 1.8405009620666726e-06 1.0559123022883414
-5.4864757974974969 2.7955459819053283 1.5 0.99588872854234567 9.1220190206250802 0.0021367043470833626 6.3994312842536943e-07 1.0307010966259431
-6.060806755953088 3.08816509591695 1.5 0.99719180608212044 9.1150388701654599 0.0013284993424958736 3.7602460399761865e-07 1.0175124321030651
-6.7169931051419196 3.4224943238610139 1.5 0.99807582631467695 9.1098692768941127 0.0008981878885671316 1.9198295583309854e-07 1.0095547416616895
-7.4309315368343523 3.786259333942132 1.5 0.9986442368911409 9.1065517881043068 0.00075820962156631819 1.0210427226315125e-07 1.0055031834833748
-8.1951414604484896 4.1756423883403055 1.5 0.99903072390094261 9.1043289633917546 0.00069336726372869726 5.9451755282988328e-08 1.0031168256119734
-9.0132200964750169 4.5924718503333919 1.5 0.99926391633970768 9.1028598555798599 0.00063307386719986731 3.9280572154577301e-08 1.0017404456708294
-9.8955073377927505 5.042016283051364 1.5 0.99946035764727181 9.1019228993980885 0.00058186605186845983 1.9928996587715595e-08 1.0009978913379456
-10.859274640638215 5.5330777028337579 1.5 0.99959546010315858 9.1013194854516044 0.0005256531657238055 1.3033002723025844e-08 1.0005271253327799
-11.932812427993941 6.0800758760054379 1.5 0.99971834742607646 9.1008910629103212 0.00047756935980685641 8.1741775763936745e-09 1.0002631928654899
-13.167932785319868 6.7094404684268047 1.5 0.99980762104121002 9.1006230020092342 0.00041200693139549781 4.0804692811573268e-09 1.0000749834352682
-14.694545853392867 7.4873280695096591 1.5 0.99989349936144944 9.1004071875802328 0.00034082008268526232 1.6264986796768568e-09 1.0000076580362909
-16.675197409057319 8.4964810374044504 1.5 0.9999625988126527 9.1002425111805554 0.0002328223470186269 -5.0227574472598491e-12 0.99999234749806887
-0.85301852036315728 0.5539567248806414 1.5 13.360376350062063 0.4820123619516693 0.38140613312508292 0.0036814378278078696 7.4511706997617528
-0.88435821258425296 0.5743089942269668 1.5 9.9710115360991338 0.63010158645291359 0.68006733623944826 0.0032945328030162622 9.6710025768308086
-0.91622110969251735 0.59500103404435478 1.5 8.108494657621149 0.8453561239569245 0.92749615638254779 0.0039725643607432621 11.72265364379764
-0.94855274331677442 0.61599746415266754 1.5 6.8377156951017195 1.0055867493562407 1.1374099569592355 0.0053291669645077477 13.619987884437254
-0.98132399150676242 0.63727938239169779 1.5 5.9758371869565483 1.2623764926132492 1.2850952723305653 0.0073314296962188651 15.736076840565216
-1.0142988165855809 0.65869351280505095 1.5 5.2613784552974776 1.4036644623159851 1.3945054718999521 0.0097061672826493119 17.297730744987199
-1.0475585149888071 0.6802926144299648 1.5 4.6894003772578658 1.6104266552782238 1.4965749688652201 0.01057415645853934 18.743051591294197
-1.0811646519633122 0.70211667913893427 1.5 4.1993428965476864 1.8068861132716827 1.5672867266131858 0.013450387843200644 19.949652188504654
-1.1151467824443557 0.72418491687720166 1.5 3.7712285995215771 2.0095654087667874 1.6126508392066012 0.01430700477704157 20.956867817525467
-1.1495170897716482 0.7465052423257541 1.5 3.3894090293804129 2.2209798161568481 1.6258323617280366 0.013582651994865321 21.795372503497358
-1.1842806949121272 0.76908098167925565 1.5 3.0567277864734099 2.4451651174258435 1.6319071335310571 0.014939246568907581 22.536661932112061
-1.2194379765855117 0.79191237960018501 1.5 2.7331326935075309 2.7460400798550628 1.6056382581532638 0.012339141959738051 22.97687483799006
-1.2549881011117896 0.81499889443116136 1.5 2.4793244405250046 3.0389906055598188 1.569060792195611 0.010792903838509881 23.527885475544295
-1.2909286178661517 0.83833893376389157 1.5 2.266957939264385 3.342435160086183 1.5191149169004174 0.010011905885333926 23.931956597381969
-1.3272571607531085 0.86193096110149803 1.5 2.0867889112911864 3.6554361925589056 1.4661267093415762 0.0088875491551897948 24.287274293591274
-1.3639705996743861 0.88577294313966703 1.5 1.9229062762729006 3.9813181725261164 1.4041903859841158 0.0067936551766764478 24.361892391166464
-1.4010661296451228 0.90986305554020164 1.5 1.7897914874959278 4.3060739346955188 1.3381567235243843 0.0059061019265565879 24.393248418874993
-1.4387608874836522 0.93434230276868857 1.5 1.6683227372623894 4.6374785137798193 1.2632265021995563 0.0038551030129375212 24.150223722243407
-1.4769547080551932 0.9591456551238311 1.5 1.5782017414884362 4.9571686485580253 1.2131783814810619 0.0036333805174159554 23.816954738486107
-1.515581165493094 0.98422996937856921 1.5 1.5096603039726879 5.2031799609728999 1.08590933136961 0.0026245394106400592 23.355195622210889
-1.554824888527754 1.009715131717243 1.5 1.4262923896520094 5.5938666385985867 1.0270993637957033 0.0023798367431168781 22.368878647250231
-1.5947883854407303 1.0356677208023661 1.5 1.396522492214878 5.7572805867079033 0.97904877967310233 0.0016400354722070835 22.141318277723364
-1.6353005650340118 1.061976640358359 1.5 1.3471595636725506 6.0214952276036025 0.92038778042280533 0.0018858769614570213 21.319647526787193
-1.6762608400031311 1.0885765591238017 1.5 1.3065487110510201 6.2500346741270061 0.86740184762904715 0.0019693841791922993 20.523762581591829
-1.7178351744215345 1.1155752431028509 1.5 1.2653371903440898 6.5096912454577911 0.82443226576027262 0.0018194721780612538 19.453018434825026
-1.7601154975316948 1.1430323986626707 1.5 1.2398699602821337 6.6519846282414337 0.76583470356938554 0.0016443479221395531 18.862530367651061
-1.8031438195369269 1.1709753123017013 1.5 1.2134696624692893 6.8452855163876469 0.72232584390403598 0.0015640767681018028 17.937117711609435
-1.846937233778239 1.1994150849142917 1.5 1.1854410751480078 7.0444251354827268 0.68138485668547266 0.0016505132214616072 16.905738571831005
-1.8915003713892933 1.2283547234241734 1.5 1.1608799038464452 7.2403458074454496 0.66266262612276106 0.0013178851155964452 15.862875714506062
-1.9368315963479614 1.2577931647885792 1.5 1.1392531206235186 7.4273383948162977 0.67320236494744423 0.0011674385858597234 14.833268494433131
-1.9829261004250114 1.2877272847504231 1.5 1.1217744156069136 7.5882299820458528 0.64519410287998669 0.00092668466075443955 13.867707049974566
-2.0299911236514294 1.3182916614931952 1.5 1.1068964762948141 7.7257382235024528 0.61593991351121835 0.00086547159495489528 13.015066295978084
-2.0781356977195653 1.3495571081957682 1.5 1.0710398833958643 8.0475116055361902 0.55915172611001429 0.00050271277182774245 10.856094326215464
-2.1271948623193255 1.3814165041073405 1.5 1.0685520082028193 8.0274114566511674 0.44761209817361597 0.00040082291908911282 10.826212512866952
-2.1772824420950569 1.4139437572078324 1.5 1.0533951963416111 8.2617542693531316 0.47764565677988607 0.00032680723712982866 9.2886001245625227
-2.2286711063648421 1.4473159398625739 1.5 1.0412446217596494 8.2701798302849383 0.31644933499346223 0.00024495648910492529 8.897940115694464
-2.2812886738041085 1.4814861866560218 1.5 1.0489392510102145 8.2417814852282252 0.36667031536207817 0.00021469414771513109 9.307104730251714
-2.3350804899990472 1.5164190019137429 1.5 1.0169202317409154 8.4889973134218444 0.21784849602435527 0.00011395579943010084 7.2417425340766286
-2.3904295453031414 1.5523630940581126 1.5 1.0205846241924195 8.4337395819796139 0.25999602869981286 0.00017267522758831769 7.7734972865075145
-2.4475371712922964 1.5894492175555381 1.5 0.9598394713265449 8.9723030921301756 0.11043883979963406 3.7819682849434181e-05 3.7507242387677087
-2.5064900371661381 1.6277336554744273 1.5 0.96553944933405977 8.9481240383661849 0.099125421174563563 3.2743387419911989e-05 3.8886222342265375
-2.5673193196999256 1.6672366536542942 1.5 0.94461052110864285 9.2173931024487299 0.028322049015403035 3.0129152525133368e-05 1.7245392198964786
-2.630230022592595 1.7080913423795971 1.5 0.94968443015693937 9.2143026945924102 0.0258768625202494 2.7073415574297312e-05 1.6443265972807599
-2.6955241054860934 1.7504938177751221 1.5 0.95443572774349861 9.211449989269882 0.023434616969991284 2.4882425845590283e-05 1.5610902695661377
-2.763341545522219 1.7945349868396865 1.5 0.95895560203034647 9.2072188421613408 0.021343678696215545 2.1854640418959537e-05 1.4915538102859804
-2.8341330275635221 1.8405075289514268 1.5 0.96318048385224742 9.2019824926703908 0.019309935163746721 1.8669330137821218e-05 1.43162303972702
-2.9085169988955641 1.8888130743094509 1.5 0.96690826532792273 9.196948358831234 0.017441025904789929 1.4872868895102198e-05 1.3745726257014217
-2.9869876105741859 1.9397725308053944 1.5 0.97001632488191158 9.1913424844084783 0.016003036877803443 1.2870249313325874e-05 1.3277063976384047
-3.0701511768166698 1.9937796578052982 1.5 0.97294429920159553 9.18537827670316 0.014691683219403208 1.1252469842888833e-05 1.285770716220306
-3.1590593062373933 2.0515174334514978 1.5 0.97585566075477859 9.1792076141663035 0.013329372090558792 9.5516874676519637e-06 1.2463808948587345
-3.255363279153539 2.1140583249269378 1.5 0.97868504450326166 9.1727882545745363 0.012030811865178136 8.3319741082401496e-06 1.2107690817316228
-3.3613731346499351 2.1829027495612445 1.5 0.98147553920160491 9.1661839534235821 0.010756032308163794 6.2127008541489124e-06 1.1774750605453239
-3.4807701154718753 2.2604423920619907 1.5 0.98427960269738923 9.1593960817190663 0.0094826098433238859 5.1662654043879151e-06 1.1468162496724559
-3.6213508291686081 2.351746689072217 1.5 0.98693404469820256 9.1524404758837967 0.0082471044416265547 4.2439253540133793e-06 1.1180603461743774
-3.803259291464963 2.4699073244655882 1.5 0.98954578015177497 9.1451306005579625 0.0068780237402811589 2.6820994239483455e-06 1.0900511840382872
-4.0450092716866966 2.6269306935615004 1.5 0.99228118680615918 9.1367732275275788 0.0053510989169784579 1.8469328622901228e-06 1.0630245779592904
-4.3487212173175358 2.8241649543605103 1.5 0.99453733020649238 9.1282598592015916 0.0039183265051821485 9.1741403778191198e-07 1.0425925204356508
-4.7164114812981275 3.0629335735792842 1.5 0.99625587105342484 9.1205876940722206 0.0026241444751326708 6.8096557802304977e-07 1.0262868750776617
-5.1643158359889139 3.353793291658218 1.5 0.99746083352212833 9.1143379568869545 0.001588597496927755 3.4604395686783994e-07 1.014979979241819
-5.7049433756853833 3.7048615003724956 1.5 0.99823848533159487 9.109615510869979 0.0010813924363411609 1.8880152653478698e-07 1.0085535602523827
-6.3225517347428628 4.1059269654041906 1.5 0.99878922240850876 9.1061692781191486 0.00078304263166944197 9.0917979548084193e-08 1.004698538872044
-6.9944903408990822 4.542286203027075 1.5 0.99914927613275462 9.1039281663670248 0.00067789081083867897 5.8943292850553277e-08 1.0026842454299199
-7.7137627363559655 5.0093874069000481 1.5 0.99940421744512575 9.1024834597903936 0.00059289970821233213 3.2226208324273607e-08 1.0015141820950679
-8.4837643879984661 5.5094304351590555 1.5 0.99958716619750498 9.1015624991873736 0.00053435732281102005 1.8948226051559515e-08 1.0008462592480223
-9.3142234215100217 6.0487331226694572 1.5 0.99971495284376377 9.1009569362077354 0.00046916666010052483 9.8070722258778206e-09 1.0004650822715866
-10.221392244455632 6.6378520036258895 1.5 0.9998244212908648 9.1005794090994279 0.00042463936277412821 6.1679247290206162e-09 1.0002514095703783
-11.231901951593095 7.2940869512215807 1.5 0.99989830735302332 9.1003133817050728 0.00035821167728733048 3.7768889366736586e-09 1.0001151377550992
-12.394538146665234 8.049152554618983 1.5 0.9999679972853327 9.1001462309198189 0.00030936516688666213 1.8560341422325219e-09 1.0000700689714785
-13.831908680772438 8.9826187765390273 1.5 1.0000094303387022 9.1000293715133935 0.00022667839671488914 -1.3433669781221315e-12 1.0000281730367917
-15.696166778229477 10.193240835937598 1.5 1.0000257740405718 9.100008613089491 0.00013427032930216374 -3.7240541265078669e-13 1.0000191452168559
-0.79044135042085584 0.64008680700469212 1.5 12.132296217034483 0.58096732420368535 0.39150044035126275 0.0028985970170184684 7.3914667452520639
-0.81948196890664216 0.66360347422455512 1.5 9.2216655690302414 0.79613270855690155 0.72194460780093805 0.0033488453983866245 9.567353587696708
-0.84900741034481375 0.68751274036301757 1.5 7.5534642405252077 0.97856150465294423 0.99100104902991026 0.0037546611131454425 11.402276373826906
-0.87896720304767273 0.71177372560772045 1.5 6.5219193453737141 1.2633519947553311 1.2190118404556922 0.0053923999603879757 13.476987018707502
-0.90933436047474703 0.73636458731961585 1.5 5.7216163248072016 1.4150769853620886 1.3792375617326063 0.0073524657025763138 15.208927998095986
-0.93989015972021894 0.76110821657129057 1.5 5.0996055507524742 1.6529101642950035 1.5325047479391138 0.010066553206160511 16.80221412665103
-0.97070993704790165 0.78606558117194059 1.5 4.5832254103558521 1.8229037384095934 1.6417146334649784 0.011255372066854615 18.110270485404484
-1.0018507401471697 0.81128288922898384 1.5 4.1424103899631568 2.0178090042068635 1.7303021975293129 0.01303630905582712 19.231439229860246
-1.0333399540481694 0.83678233477561825 1.5 3.7593249875076586 2.2111918959202854 1.7912697821980508 0.014616160892600025 20.216959829241421
-1.0651888680184483 0.86257306262613709 1.5 3.4131647526698425 2.4087955840687085 1.8263611315982087 0.014576858900107825 21.005824619487271
-1.0974022272707091 0.88865891602694513 1.5 3.1054088858511011 2.6211763658291636 1.8404199700075548 0.016150772574350103 21.718584501671209
-1.12998038285963 0.915040177875585 1.5 2.8282488700389523 2.8375223594411478 1.8444866039611243 0.016702391726602737 22.286449628389672
-1.1629225622819663 0.94171622233211005 1.5 2.569941065208508 3.1182747951523124 1.8193823717813753 0.014165116306020671 22.762999212207571
-1.1962264947840699 0.96868520954751947 1.5 2.3502227578409629 3.3942063710757036 1.7789326633091569 0.012193915524590123 23.101301005135195
-1.2298899878388121 0.99594536411686552 1.5 2.1694972472792307 3.6771694834883917 1.7320166256360947 0.010700135960475921 23.44775573516316
-1.2639101410329607 1.0234943366900464 1.5 2.0068842921406107 3.9819079338325563 1.6645413654071117 0.0090990350236704893 23.629582398153268
-1.2982843554450318 1.0513300197234365 1.5 1.8754331046371631 4.258465866030229 1.6014179692538948 0.0069824981665702508 23.624343235819889
-1.333213839415615 1.0796153422238661 1.5 1.735757437508751 4.6257353525476432 1.5279003401267961 0.0051098733904087843 23.442900072967369
-1.3686057739830222 1.1082751606242338 1.5 1.651493668692378 4.9222702812268242 1.4550359032610527 0.0033093351698090232 23.227476511776771
-1.4043986068646195 1.1372596246475566 1.5 1.5450805161013921 5.2438657199077294 1.3860911737585668 0.0035904932628030026 22.743368926689772
-1.4407634238563454 1.1667072626863364 1.5 1.4808964381920824 5.4938680845912167 1.2626024020567117 0.0024655201453607765 22.288597049170495
-1.4777952123250633 1.1966950037125521 1.5 1.4127122290652614 5.8151518760996339 1.1969665637725562 0.0020478582954732722 21.53014097263333
-1.5153354310523419 1.2270944761484828 1.5 1.3720053455718457 5.9986639127792989 1.1360047984666783 0.0019878556326812734 21.164543819518038
-1.5532908727374684 1.257830192387555 1.5 1.3211136655934763 6.3028118795827925 1.0679657639920723 0.0019852183500973209 20.081787574200312
-1.5918153276706319 1.2890266760501032 1.5 1.2862856870026842 6.4851781570015969 1.005978132886753 0.0017020215154791539 19.437247283850503
-1.63099398048307 1.3207529156491296 1.5 1.251965838567088 6.698463292752062 0.94101537923739931 0.0015945222883412327 18.514953076128641
-1.6708657590273601 1.3530404394677347 1.5 1.2181751566756147 6.913175822200702 0.87940501387279191 0.0015264451372022064 17.506405178146466
-1.7114465026464243 1.3859020743294128 1.5 1.1868448918694865 7.1189232179456354 0.83567046682398416 0.0014092520063665591 16.480293296768703
-1.7527405027949083 1.4193412947708934 1.5 1.1598202687028309 7.3180307090343382 0.80452759383537364 0.0010937544607836161 15.418847862911946
-1.794746243531016 1.4533568725618498 1.5 1.1384148958052913 7.5070289836077579 0.82650275323154176 0.00086595278056742799 14.490385312249515
-1.8374592695392371 1.4879451979633436 1.5 1.1250942924930303 7.6563836884041896 0.84312391604818249 0.00068210657631737471 13.768288624874208
-1.881071618317804 1.5232617744078469 1.5 1.1073103329054614 7.810892914830708 0.79545454035052032 0.00053633835889096483 12.759534949744598
-1.9256843222799924 1.5593884240679969 1.5 1.0979221381955677 7.9150109408357139 0.70064452450207804 0.00037174996380647099 11.929327775571096
-1.9711445219527897 1.5962013699637945 1.5 1.0676903274152429 8.1033322590323156 0.60271738743004821 0.0003554427653139501 10.461789770207284
-2.0175576929493317 1.6337860131144302 1.5 1.0500116686492862 8.2504075430886683 0.44651473764318522 0.00029581945450855374 9.1918234186919339
-2.0651765017750696 1.672346957569566 1.5 1.0449471140049589 8.2655107732007043 0.41893447860694116 0.00034761764134619912 8.9805201307441624
-2.1139340612922859 1.7118300496444729 1.5 0.97505077349500435 8.8526223156366406 0.16755013228768073 4.3526149617621525e-05 4.5736999129459974
-2.1637797267974657 1.7521942751714126 1.5 0.98084853882619816 8.8333175909290169 0.14780505721468426 2.9575123603224041e-05 4.6030168924955337
-2.2150683934744739 1.7937270135156849 1.5 0.94971683239847005 9.2085220887111152 0.029615269020378789 2.6776196770904996e-05 1.6781848809012967
-2.2679866224215752 1.8365793477381875 1.5 0.95488974552900396 9.2066349134411318 0.026955237632360456 2.4175756846009063e-05 1.5909278423564386
-2.3226147248733704 1.8808163119814529 1.5 0.95942255975322532 9.2035531141535234 0.024796871537820883 2.123761325804708e-05 1.5140818645541221
-2.378981590548257 1.9264613000360493 1.5 0.96339987756233181 9.2000493236777672 0.022493721350996043 1.8562231279074484e-05 1.444277112345747
-2.4372771842095369 1.9736681416065183 1.5 0.96689396259277194 9.196037441906503 0.020330804159302999 1.5770431826998045e-05 1.3838302004291578
-2.4977813137075175 2.0226634219609698 1.5 0.97019662711688093 9.1914609047371751 0.018426894839207966 1.3231769143703078e-05 1.332486257444637
-2.5606236870066788 2.0735521816964475 1.5 0.9732266439845374 9.186374697799069 0.016728645950375636 1.0861325669367298e-05 1.2883750801455169
-2.6262219267489129 2.1266726062617765 1.5 0.97597707421764646 9.1810956949433749 0.015238326811996182 9.1195471038840779e-06 1.250210301126059
-2.6951491105228795 2.1824887710352936 1.5 0.97848859501816177 9.175679427565349 0.013882133864054604 7.6813606548537326e-06 1.2163843092037991
-2.7678631383764847 2.2413714788011267 1.5 0.98078294241858721 9.1701448676113788 0.012751608762112928 6.5380396316189543e-06 1.1873796964235612
-2.8449258440321716 2.3037757089783542 1.5 0.98298857591197808 9.1645843844549866 0.01168049429770816 5.4493493316068652e-06 1.1611047391130418
-2.9273116846743088 2.3704906213526673 1.5 0.98502173160670126 9.1590067336507328 0.010567702299477491 4.6392973369883598e-06 1.1377093506804006
-3.0165507915288376 2.4427554139231846 1.5 0.986991481788139 9.1535063503390059 0.0094826336869570007 3.8358620712434069e-06 1.1164162081526896
-3.1147837131226623 2.5223037497242857 1.5 0.98884950554511808 9.1480424565203986 0.0084085983198043824 3.1667948224254769e-06 1.097269950607324
-3.2254215282033378 2.6118990073102406 1.5 0.99060790701142887 9.1426542588069921 0.0073766678966835555 2.6814520368248942e-06 1.0798265554295428
-3.355688233697478 2.7173978218696782 1.5 0.99226566728658905 9.1372668565891093 0.0062911394062822451 2.0675679401742699e-06 1.0638958131963205
-3.5242491829063711 2.8539259185131209 1.5 0.9938162985740816 9.1317695462480923 0.0052193832862350272 1.4679541001958473e-06 1.0488375680032134
-3.7482631286750889 3.0353602630214525 1.5 0.99538066411447501 9.1255777341931399 0.0040169910744461985 9.4147771102667047e-07 1.0347781892361869
-4.0296993014633742 3.2632642677548938 1.5 0.99665938170948276 9.1194281180787851 0.0029235282454410805 5.8867945447079614e-07 1.0232118194781374
-4.3704243369149509 3.5391646555302456 1.5 0.997632406588979 9.1140374755524807 0.0019572066777230048 3.7637045080540336e-07 1.0143420218908277
-4.7854858554677833 3.8752606166643138 1.5 0.99832935506706899 9.1097292195213857 0.0012683626819626 1.9389263252448094e-07 1.0083769722177647
-5.2864677603506607 4.2809262563778212 1.5 0.99884368079499253 9.1063925730869073 0.00091210237729559454 9.7313328459366115e-08 1.0048870612798964
-5.8587652128683008 4.7443485006554145 1.5 0.9991975766572978 9.1040055610975266 0.00071509616905879227 5.4963661320936161e-08 1.00272529225197
-6.4813941226038292 5.2485410791047364 1.5 0.99945750376860054 9.102445758860652 0.0006117906107232752 3.2885563469978061e-08 1.0015569772260469
-7.147885209823384 5.7882558120412151 1.5 0.99964295907503331 9.1014635560561601 0.00054433716947820446 1.7704135376478909e-08 1.0008895758038017
-7.8613903020333664 6.366039147457685 1.5 0.99977484294381047 9.100821343965908 0.00048114319840487446 9.6204101010087148e-09 1.000512268212753
-8.6309237799526137 6.9891911209712312 1.5 0.99987312058145361 9.1004313295730928 0.00043424630909659202 5.3479003333477845e-09 1.0002898883930147
-9.471544500881917 7.6699084803158897 1.5 0.99994879768743239 9.1001701453642525 0.00038284657841659901 3.490647584481833e-09 1.0001607950549165
-10.407929785673591 8.4281804323219092 1.5 1.0000028561912797 9.1000113798894819 0.00033860247102372645 2.1255505749729666e-09 1.0000930221356013
-11.485287303591075 9.300651349529268 1.5 1.0000394582139631 9.0999076837765411 0.00028336943804269815 1.1210576509660575e-09 1.0000593007828495
-12.817340150287254 10.379350369594381 1.5 1.0000550292155821 9.0998794041739171 0.00022551268824643801 7.0328784998525095e-10 1.0000423987601454
-14.544828832499743 11.778198410451534 1.5 1.0000464213359856 9.0999206523244638 0.0001320277838142713 2.9265832611585365e-10 1.0000254331364453
-0.71920393970055319 0.71920396416223997 1.5 10.900556723133056 0.68554692037648657 0.39292085763460816 0.0023321874384816571 7.4516932911247853
-0.74562730954352241 0.74562737583175998 1.5 8.3695976767548625 0.89516215958847423 0.73935661795585672 0.0022782344751472749 9.311401230344428
-0.77249180866004419 0.77249191351441659 1.5 7.0363252727181189 1.2083252638479482 1.0291704549814809 0.0038212065546260657 11.338882561116563
-0.79975151495907071 0.79975164561692058 1.5 6.1050744185156267 1.4034961436077975 1.2513984007522023 0.0052696634321255306 13.049505299889534
-0.82738187291725884 0.82738202829895902 1.5 5.4347650436582411 1.6695183944769836 1.4498352180897562 0.007072671804970761 14.797750262609176
-0.85518387074358904 0.85518406008853365 1.5 4.8909732372467136 1.8552171612381405 1.6078637437535064 0.0095461196047374967 16.205186255878615
-0.88322605913093333 0.88322624959106899 1.5 4.4377257052323813 2.0590413074770071 1.7345320559850477 0.010639868072520351 17.409315787046193
-0.91156034319244572 0.91156051488790235 1.5 4.0552548385146112 2.2451490634626703 1.8387961522524572 0.013264752980592914 18.454442861419647
-0.94021163803121421 0.94021179094540486 1.5 3.7118551756430898 2.4234080832607652 1.914920693458475 0.013885409210371409 19.31492432451164
-0.96919021517623427 0.96919035253019847 1.5 3.4084294536778272 2.6171882240953082 1.9716379991779844 0.014061893706244381 20.10256084444482
-0.99850039211549446 0.9985005178436076 1.5 3.1273041285111605 2.8020509186121245 2.0062645469613019 0.015019344409596 20.712255728946367
-1.0281424884084196 1.0281426049274895 1.5 2.8584764954176394 3.0127030511731427 2.0134417987450361 0.014700544899223001 21.203201756319469
-1.0581158012009313 1.0581159106210338 1.5 2.6380377349609141 3.2506187591895697 2.0104979483100798 0.014467262555155808 21.727776675523341
-1.0884182644947988 1.0884183677952033 1.5 2.4409420030150484 3.4940521635503097 1.98782280722885 0.013757244948299276 22.155068458818008
-1.1190478833539568 1.1190479815892418 1.5 2.2657335094496096 3.7597601351776762 1.9585996840116655 0.012215539949293407 22.495733377236125
-1.1500020188277862 1.1500021123471991 1.5 2.1099848301020714 3.9902813354650526 1.8873619300200939 0.01095471920925793 22.664270555514321
-1.1812783065303889 1.1812783924096277 1.5 1.9618115058088941 4.3347712832114755 1.8499395817768545 0.00879902814419674 22.708957554737164
-1.2130598218432449 1.2130598902398018 1.5 1.8529645806401869 4.5894574145127018 1.7928306008878643 0.0069940319488623788 22.720146476649035
-1.2452621089185372 1.2452621716917731 1.5 1.7206640054721529 4.8659026474665961 1.6869342686194371 0.0049527934355166258 22.52140868425569
-1.2778291634365069 1.2778292256082446 1.5 1.6278365006033868 5.234452104095122 1.6376322515410346 0.003171134720689874 22.095326225580919
-1.3109166538071833 1.3109167048440002 1.5 1.5260503832117802 5.4845128522529958 1.5201862833734741 0.0026916854376461694 21.676818194377422
-1.3446110057795675 1.3446110458296312 1.5 1.470954604570871 5.7375175354136374 1.4272015397565594 0.0019179840334760194 21.288000112133915
-1.3787679651245113 1.3787680081505629 1.5 1.4096296475614094 6.052812226825993 1.3391884841615593 0.0021776952110752769 20.411339719617967
-1.4133027257442079 1.4133027749133651 1.5 1.3649602854363365 6.2428194805306516 1.2656952532193084 0.0018892559282307423 19.953981722322549
-1.4483552191868472 1.4483552630476271 1.5 1.3209433332271001 6.4748719379329458 1.1864259014633114 0.0016822246047597748 19.140211275389053
-1.484002952170153 1.4840029873587053 1.5 1.2790226333593282 6.7011562115891214 1.1118273975301596 0.0015954084578405994 18.268573745091242
-1.520281343692945 1.5202813724831419 1.5 1.2386814891903748 6.9203902247581688 1.0405182281265408 0.0014477589631390561 17.313825642371423
-1.5572048055604688 1.5572048306399688 1.5 1.2026187135946818 7.130006167606366 0.97075073971220838 0.0013146024434127516 16.30100779868571
-1.5947772425303723 1.594777265911222 1.5 1.1697275544366756 7.3278117218721217 0.91678982440855572 0.00095193223359604535 15.307507311089299
-1.632997275350383 1.63299729833589 1.5 1.1425851253031654 7.5413009580887165 0.9227282970006957 0.00072763801770086808 14.354215019724595
-1.6718608504321446 1.6718608722422823 1.5 1.1231937539253258 7.7166723636697361 0.94601805924518834 0.00051904492250707981 13.6193078900447
-1.7115426987375568 1.7115427125833818 1.5 1.1089504823591725 7.8660579975829359 0.91550864311231916 0.00031343322622848354 12.768887795462236
-1.7521347464678214 1.7521347540643242 1.5 1.1031460612628594 7.9429834258456555 0.829703862273653 0.00035402480944769549 12.076156984535878
-1.7934979097476402 1.7934979196025664 1.5 1.0761172757270501 8.1268932553768263 0.710504154189051 0.00014035402340773959 10.590314927200144
-1.8357281595463992 1.8357281675853265 1.5 1.0708351899514299 8.1356588536265253 0.64417193645666271 0.00042819469534623536 10.272035879075801
-1.8790553912891115 1.8790553920614135 1.5 0.99313887673829049 8.7501471474691446 0.26226671208763858 2.7797764859865861e-05 5.4342482048236551
-1.9234187448542601 1.9234187443959463 1.5 0.99520726684940275 8.7942655297398495 0.22092880962746467 2.2560869845199593e-05 4.9144095205036891
-1.9687721401232361 1.9687721412880528 1.5 0.98936852320522339 8.8923870803250935 0.17387133323974333 1.7483062085428133e-05 4.0790558170585856
-2.0154384888035324 2.0154384844569995 1.5 1.0031899420407129 8.7876385012365432 0.20172633548103558 1.5818547072284954e-05 4.78294674359325
-2.0635875375120527 2.0635875302598086 1.5 0.96916176062284276 9.1919535907298062 0.022741346971107062 1.3777110895825252e-05 1.3796790591018679
-2.1132923596111075 2.1132923513851432 1.5 0.97211057288421565 9.1880296719587733 0.02045292548175812 1.1951069382899944e-05 1.3267310157698819
-2.164579241241217 2.1645792332678075 1.5 0.97489589651813324 9.183839158432745 0.018571600126132747 1.0083593629362533e-05 1.2789634800687928
-2.2176210269362224 2.2176210196419177 1.5 0.97740153621470194 9.1790306020494423 0.016796039916000184 8.5353641254715473e-06 1.2407476467532921
-2.2726723071199197 2.2726723024024218 1.5 0.97976700809603445 9.1739614192762176 0.015224003862965437 7.2078790714942065e-06 1.2081055929890139
-2.3298510994708486 2.3298511048972306 1.5 0.98192797470258808 9.168899346726219 0.013849121863332198 6.0198869809036642e-06 1.1803568536297138
-2.3895373888452536 2.3895374134130121 1.5 0.98391890207553467 9.1638028138294843 0.012617229368666339 5.118267603946794e-06 1.1561705017290682
-2.4522526043670441 2.4522526639946518 1.5 0.98573694047804361 9.1588240273184809 0.011502098573555223 4.2556060388181361e-06 1.1350474926486962
-2.5184133782151452 2.5184134917187193 1.5 0.98743829926591875 9.1538861027510254 0.010484800088931788 3.6069957196209579e-06 1.1163675661657115
-2.5885309080296288 2.5885311111960254 1.5 0.98898280036887465 9.1491081215152494 0.0095010036120693874 3.0261773984729297e-06 1.0997902724042536
-2.6634918231592288 2.6634922176267271 1.5 0.99043112209484063 9.1444709156649591 0.0085379687288619308 2.5584404581716406e-06 1.0848791165893006
-2.7446883411557628 2.7446891628263979 1.5 0.99174568624257187 9.1399892093427404 0.0076242276839719667 2.1850339468567179e-06 1.0716569821031308
-2.8340680672869927 2.8340698609121624 1.5 0.99298441358583345 9.1356537048854261 0.0067265624187964152 1.8300767840069388e-06 1.0597093699247697
-2.9347345424300717 2.9347391072693427 1.5 0.99411922583840506 9.13143702098834 0.0058625089241864606 1.5268524377558031e-06 1.0490607577701103
-3.0532600044139171 3.0532765670663489 1.5 0.99516750175572921 9.1273137162139353 0.0050071069730785222 1.2084428533042725e-06 1.0393599481737241
-3.2066264925328936 3.2066761761507108 1.5 0.99608656182063826 9.1231229656028106 0.0041176477594584522 8.6582007109029392e-07 1.0303076472347446
-3.4104484424245909 3.4105326804290224 1.5 0.9970059663862193 9.1184890094999371 0.0031751189652891466 6.0664481103262164e-07 1.0217102974770111
-3.666521271259656 3.666607147713564 1.5 0.99778853356257302 9.1139182653588442 0.0022921371429224036 3.7337406260061961e-07 1.0145186081466697
-3.9765420139587659 3.9766132593011045 1.5 0.99839492319149536 9.1099832020904365 0.0015606903199609588 2.2215689322197457e-07 1.0090625168158478
-4.3542020248988074 4.3542575157831536 1.5 0.99885178785642614 9.1068395493783143 0.0010746416983425124 1.1153941755060346e-07 1.005433250547626
-4.8100402853101736 4.8100719311133027 1.5 0.99920085032610395 9.1044114500070439 0.00081417124488607575 5.9153120506607658e-08 1.0031916355203079
-5.3307619913495863 5.3307769962289928 1.5 0.99945979627010029 9.1026694758804183 0.00066495983921836192 3.4057021735679794e-08 1.0018072208919866
-5.8972736810037301 5.897286240186796 1.5 0.99965559831752793 9.1015343819004979 0.00057983989199742803 1.9381059870072491e-08 1.0010412422582382
-6.5036935498388928 6.503707303583746 1.5 0.99979541362509672 9.1008155728302107 0.000518376509391526 1.0003305870759391e-08 1.0006087359179896
-7.1528918631580538 7.1529039028110901 1.5 0.99989632776509585 9.1003675614918702 0.00046818143616080975 5.6980963983981723e-09 1.0003530870064115
-7.8530709231961975 7.8530786780557449 1.5 0.99997097419808767 9.1000904360139856 0.00042685014636611757 3.5129095876546804e-09 1.0002061942327261
-8.6179320167278721 8.6179354835855975 1.5 1.0000252777536012 9.0999140978080817 0.00038858225492003571 2.4346807554161921e-09 1.0001252967922207
-9.4699279027872958 9.4699335853816073 1.5 1.000061284208638 9.0998107005987841 0.00035143186584466976 1.717589952042067e-09 1.0000832026357327
-10.45018907403686 10.450243172936808 1.5 1.000080993282547 9.0997635116053743 0.00031026652201832127 1.3332331281845419e-09 1.0000617388619657
-11.662228095240337 11.662306705471327 1.5 1.0000832850435444 9.0997767424510894 0.00025841686411956879 1.2135283497332698e-09 1.0000477937737329
-13.234031619790162 13.234060949133607 1.5 1.0000614776645418 9.0998748637206006 0.0001687483572787427 1.0392187609157962e-09 1.000031104703315
-0.64008678011727338 0.790441372187765 1.5 9.5721323568265486 0.77781461650198769 0.401895280621205 0.0020992659592364358 7.510655442269969
-0.66360340135883511 0.81948202788683344 1.5 7.5217853626849847 1.086426621046664 0.74610253568672991 0.0024802148504675142 9.4031395667105073
-0.68751262509692501 0.84900750362915711 1.5 6.3865617179570702 1.3622100128876831 1.0255137558093588 0.0037680969881224357 11.109178294771636
-0.71177358196553775 0.87896731927409033 1.5 5.6463085331589102 1.6626579773392565 1.2623982208294999 0.0059154027392532265 12.877245812517391
-0.73636441648925666 0.90933449868424465 1.5 5.0808493142791695 1.8857801032760246 1.4580672212454255 0.0076201295242343675 14.355675035920274
-0.76110800840285708 0.93989032814217577 1.5 4.6322782124751054 2.1344526532952286 1.6295932322172333 0.010319123076281184 15.75336578157153
-0.78606537177217328 0.97071010645466704 1.5 4.2462635686468762 2.3052043101853728 1.7647962053645783 0.010490463529910137 16.726401459877376
-0.8112827004514418 1.0018508928520637 1.5 3.9159864318408864 2.4993043406334956 1.8790280922860598 0.012317533085082289 17.6427690892254
-0.83678216664244909 1.033340090041774 1.5 3.6332369347460554 2.6792835477207357 1.9719331339486121 0.013071389655784247 18.489050779893205
-0.86257291160002691 1.0651889901712199 1.5 3.3650948786941504 2.8535103004012297 2.0402182430234506 0.013195343849133153 19.140265960959642
-0.88865877778547819 1.0974023390864569 1.5 3.1318401867266958 3.038530266434587 2.0934600878923195 0.014323780338526425 19.803313871657032
-0.9150400497631257 1.1299804864900278 1.5 2.9051348747887955 3.2339393279814406 2.1265006069204149 0.015067507823382436 20.287828026677836
-0.94171610202945644 1.1629226596047846 1.5 2.6854263084704377 3.4303009442035477 2.1305777098962935 0.013964656840549965 20.643205144029203
-0.96868509597776264 1.1962265866699613 1.5 2.5043388528668284 3.6534481334120517 2.1308815115170492 0.013361771349783358 21.030116371635149
-0.99594525612015594 1.2298900752252326 1.5 2.344280447320179 3.8820778837799805 2.1158695355222261 0.012819786600900933 21.368449179978079
-1.0234942338816309 1.2639102242294911 1.5 2.2000712656082446 4.1235320800730895 2.0836857991781854 0.011683652048438357 21.630373674041348
-1.0513299253164512 1.2982844318479563 1.5 2.0732847104075525 4.3440096023796766 2.0351263788255718 0.010272049205007818 21.684649517955187
-1.0796152670348547 1.3332139002639853 1.5 1.9423753054194879 4.6125255914192005 1.9637830376572405 0.00833990297616026 21.711333491319969
-1.1082750916185393 1.3686058298307522 1.5 1.8371174064378593 4.8850655541555659 1.9195252360301194 0.0065493498435961342 21.632561352110056
-1.1372595563054841 1.4043986621804767 1.5 1.7196326918954994 5.1598393902995463 1.8207594925440216 0.0048296040945969626 21.466141006610233
-1.1667072065841664 1.440763469264998 1.5 1.6275875537138864 5.4131470351092563 1.7283376090873919 0.0026693630749339194 21.080902430750818
-1.1966949596870382 1.4777952479578342 1.5 1.5583776991937055 5.7205985710271836 1.6672824887725921 0.0023204846375826428 20.538841097088543
-1.2270944288536008 1.5153354693356147 1.5 1.4829503961226005 5.9517736507710746 1.5428354613553921 0.0024355167699065391 20.172913498183792
-1.2578301383422605 1.5532909164896533 1.5 1.4258541412481578 6.1973355424582621 1.4532229665836276 0.0019909071645801105 19.57824717172258
-1.2890266278399094 1.5918153666996533 1.5 1.3720935503963025 6.4303592197322432 1.3559799569326139 0.001713448984569253 18.824868413079297
-1.3207528769708796 1.6309940117948556 1.5 1.3203480192342234 6.6629523446566834 1.2772111080077493 0.001636296721689649 18.044093910269567
-1.3530404078221945 1.6708657846454595 1.5 1.2745473966578438 6.8834244445543096 1.1971894353089083 0.0014865078774376199 17.207369224773387
-1.3859020467626184 1.7114465249627127 1.5 1.2320191230296471 7.092866330403516 1.1174464271446229 0.0013056165328009315 16.298123899198309
-1.4193412690714342 1.7527405235999995 1.5 1.1906142404856455 7.3104713702784361 1.0380311195359886 0.00091925619005634753 15.234094995973452
-1.4533568472972638 1.7947462639847602 1.5 1.1547257238836337 7.4988987501032822 0.98314875801520552 0.00073809131036535122 14.330753515650018
-1.487945173990862 1.8374592889473376 1.5 1.1226414277244292 7.7245452879282031 0.97635801618340479 0.00045524262755530982 13.344709598374562
-1.5232617591888067 1.8810716306380728 1.5 1.1121114829985745 7.8566142805658954 0.95012951671167845 0.0003323722748737274 12.654883678866854
-1.5593884157175029 1.9256843290387144 1.5 1.107340636300286 7.9417194457786566 0.89677966959790856 0.0002067914543157467 12.088873456830443
-1.5962013591313902 1.971144530721781 1.5 1.0950756566383077 8.0446490994004236 0.81246547291006033 0.00011283406561595884 11.162966142153047
-1.6337860042780892 2.0175577001023539 1.5 1.0745696208044333 8.1924627902204801 0.68764724824210843 0.00013984330417254401 9.8848799506544118
-1.6723469567197835 2.0651765024610764 1.5 1.0786191590318135 8.1445044857999189 0.61005349943198417 0.00042598951525883814 9.9638398856817307
-1.7118300501473669 2.1139340608832811 1.5 1.0051422859747705 8.7926764117801213 0.25619336651981156 1.5122693247644615e-05 4.9091299822852656
-1.7521942738905643 2.163779727833254 1.5 1.0124449846504122 8.7637406283751851 0.24751179821834424 1.2332899611949487e-05 4.9564319409789226
-1.7937270182922467 2.2150683896054142 1.5 0.97467895208742827 9.1824841031837838 0.021576932627794761 9.5347198708836068e-06 1.3105559594545206
-1.8365793557084604 2.2679866159667084 1.5 0.97784404455736462 9.1786074137515588 0.019287304543872948 8.4347967602490245e-06 1.2590657225298445
-1.8808163210221411 2.322614717552236 1.5 0.9801060364948414 9.1743511717004207 0.017372494426715856 7.1664529066626881e-06 1.220859732497225
-1.9264613087994751 2.3789815834523123 1.5 0.98217619955167546 9.169463457208094 0.015794816605591424 6.060642999428042e-06 1.1921486065693985
-1.9736681496239499 2.4372771777185021 1.5 0.9840956329088455 9.1645118368133343 0.014305319380438488 5.1559874449913522e-06 1.1673131275232442
-2.0226634271468447 2.4977813095104775 1.5 0.98583785888108522 9.1596907699721601 0.012973838750151437 4.3539417905647661e-06 1.1457335371908732
-2.073552175734322 2.5606236918384795 1.5 0.9874539826870431 9.1549875456232712 0.011787004003721183 3.7131990290930581e-06 1.126713379402323
-2.1266725792632233 2.6262219486176335 1.5 0.98891806208517696 9.1505365789113728 0.010728094772104322 3.1270489135198438e-06 1.1098553702213272
-2.1824887055057101 2.6951491635966551 1.5 0.99026884279812077 9.1462249554121016 0.0097481668791926379 2.6632664091841627e-06 1.0947095932173507
-2.2413713540617684 2.7678632394030118 1.5 0.99149370135419934 9.1421270110477426 0.0088418025542596722 2.2205943087405707e-06 1.0812559771931687
-2.3037754856996915 2.844926024864189 1.5 0.99261491678865144 9.1381830980377536 0.0079649793118548966 1.8899237544669503e-06 1.0691929117196242
-2.3704901878333318 2.9273120357747144 1.5 0.99361637653820856 9.1344357970219736 0.0071379111846192143 1.5976891587584744e-06 1.058601076837504
-2.4427545109058446 3.0165515228628954 1.5 0.99453956299424229 9.1308425949618037 0.0063414959629144721 1.360497073777064e-06 1.0491588659485664
-2.5223017785315029 3.1147853095556712 1.5 0.99536891124531435 9.1273933842072346 0.0055893526441272642 1.1677325471682138e-06 1.0408863337186132
-2.6118939905811653 3.225425591209838 1.5 0.99610731999493229 9.1240709708995382 0.0048582179846649153 9.6863815383560514e-07 1.0334646917361912
-2.7173796191680832 3.3557029747990899 1.5 0.99675018825887618 9.1208317355299275 0.0041398858543197272 7.8783465806573446e-07 1.0268450639561737
-2.8538713233542587 3.5242934079531949 1.5 0.99733600536607048 9.1175657161360952 0.0034092662534282369 6.1452413017270713e-07 1.0207353010681075
-3.0352679360921804 3.7483383986828356 1.5 0.99792476780401607 9.113959812620557 0.0026232691982568043 4.0662961555121189e-07 1.0149420447109905
-3.2631710458082841 4.0297771469295895 1.5 0.99844372656066993 9.110433174286209 0.001901293893842878 2.4484870252430363e-07 1.010024805891804
-3.5390893586704708 4.3704914526707839 1.5 0.9988537802463886 9.1074126566719098 0.0013310680798143527 1.3526714163990263e-07 1.0063386063222992
-3.8752069114739509 4.7855443358386527 1.5 0.99917057560837885 9.1050155019852426 0.00096380237835734745 7.1204318077960842e-08 1.0038583564829251
-4.2809038212869499 5.2865114330222465 1.5 0.99942980087137601 9.103152437365118 0.00076633695662422846 3.8861903090439891e-08 1.0022978953214876
-4.7443448943755362 5.8587947556245661 1.5 0.99963371108196841 9.1018100395293526 0.00064456046291267116 2.1995381364235677e-08 1.0013160537283945
-5.2485360315424137 6.4814162410380831 1.5 0.9997874164664422 9.1009406732735769 0.00057387067071379308 1.1834813931020841e-08 1.0007696459312851
-5.7882443867411864 7.1479019651966542 1.5 0.99989818452814216 9.1003945517541212 0.00052359254666220988 6.4602408746823708e-09 1.0004534047019908
-6.3660257676546532 7.8614006833208485 1.5 0.99997798329976684 9.1000611892374401 0.00048509678645545324 4.0617266850478625e-09 1.0002684202288652
-6.9891803377892572 8.6309277072026429 1.5 1.0000362028996281 9.0998548962484929 0.00045533612519530603 2.8890231609813167e-09 1.0001651626449812
-7.6699018879645395 9.4715439985098886 1.5 1.000076509180541 9.0997299110725596 0.00042951845359166124 2.3622511899940769e-09 1.0001097591772035
-8.428172561418636 10.407932764930564 1.5 1.0001016760596622 9.099664649542353 0.00040483035109645596 2.1805878615491395e-09 1.0000814781557124
-9.3005942108714876 11.485338223524284 1.5 1.0001131687143323 9.0996506152640784 0.00037574382605311355 2.3682489025699096e-09 1.0000665152389669
-10.379309182697558 12.817467214865385 1.5 1.000110113746457 9.0996931427219572 0.00033150228555889685 2.9409073543512921e-09 1.0000556029861094
-11.7782087775833 14.544908898345373 1.5 1.0000814022960809 9.0998266727429833 0.00023166776368075407 3.7244587881363306e-09 1.0000385774038902
-0.5539566958244353 0.85301853912926306 1.5 8.2618719381153074 0.91063777694026682 0.41757430029834436 0.0021594959257390579 7.7201702680023248
-0.57430891544171137 0.88435826335742407 1.5 6.595660874159031 1.2197254610963111 0.74029109015309447 0.0027292331882149152 9.3644445983180749
-0.5950009093438493 0.91622118986951384 1.5 5.7444396126182413 1.5688170948598705 1.0071373170614248 0.0041355370487238148 11.0975067238178
-0.61599730866304003 0.94855284304836363 1.5 5.147038958322196 1.8603356930459585 1.235566028196236 0.005981367703008539 12.660846412206897
-0.63727919742465078 0.98132411001545117 1.5 4.6920630812296533 2.1337816662394395 1.4340866246079784 0.0072224821247600223 14.012173353019481
-0.65869328745560529 1.014298961080855 1.5 4.3286979930843152 2.3527011117165295 1.6040423364621006 0.010029683978846848 15.183628022166555
-0.68029238771175049 1.0475586602631668 1.5 4.0157703819683226 2.5656590850137828 1.7487412747273219 0.01037066237646452 16.111708395130687
-0.70211647467889404 1.0811647827888944 1.5 3.7476775836197671 2.7563192333316118 1.8689353710062964 0.01223145648789086 16.936793675177345
-0.72418473473428424 1.1151468988767252 1.5 3.5089407035634346 2.9424814668551327 1.9711550812782923 0.012746280835337581 17.648542727958041
-0.74650507870518035 1.14951719433583 1.5 3.2923752559514119 3.1166510336712534 2.0513358807524282 0.012647953581031787 18.274342497614946
-0.76908083192747956 1.1842807906605897 1.5 3.0926806314016995 3.2930019824760515 2.1164554618205882 0.012842604063103346 18.818302151666817
-0.79191224085275602 1.2194380653829033 1.5 2.9055443373534122 3.4698151452832886 2.1646381347736203 0.013795916770239225 19.300954414583355
-0.81499876418127304 1.2549881845760491 1.5 2.7265771145317643 3.6608459136205922 2.1988033942045759 0.014173722952808356 19.671207555185831
-0.83833881084206019 1.2909286967374651 1.5 2.5518593703593093 3.8422779346602254 2.2051436489587322 0.013141574734885704 19.926901591417042
-0.86193084424804467 1.3272572358283301 1.5 2.4075836798758923 4.0474538778219298 2.2052027040087552 0.01264644788203381 20.225262491778867
-0.88577283193132761 1.3639706712068049 1.5 2.2755644705419584 4.25741962861626 2.1920326583854624 0.012220313936507179 20.445990718154437
-0.90986295343759949 1.4010661953690176 1.5 2.1571141293107359 4.4837919503070198 2.1733450008708863 0.010900583633702214 20.601270339188336
-0.9343422214382654 1.4387609398051899 1.5 2.0452787185968884 4.6855170924089791 2.1171686350625345 0.0094848250013482797 20.592754904595751
-0.95914558049448129 1.4769547560999499 1.5 1.9273703780431435 4.9303993514982736 2.0539982766554674 0.0076934875242389055 20.554072379604722
-0.98422989548967799 1.5155812131213795 1.5 1.831718645587245 5.1481602860264735 1.9928855820827081 0.0060784583480512832 20.526495502031054
-1.0097150710574174 1.5548249276182697 1.5 1.7358615720000976 5.3886523660839103 1.911988972875122 0.0043947331246705868 20.285586409505395
-1.0356676731923011 1.5947884161014336 1.5 1.6512105644574451 5.6530876321036931 1.840752560764215 0.0027539914855487209 19.892210502588703
-1.0619765892346809 1.6353005980147517 1.5 1.5723487248898542 5.9006134526652998 1.7529390125101743 0.0028204194544446969 19.41518223390268
-1.0885765007271893 1.6762608777382355 1.5 1.5029144049099055 6.1405370731222142 1.6491856721776561 0.0021746291757572265 18.984570552075528
-1.1155751910125495 1.7178352080856467 1.5 1.4434859588296634 6.3599795840243143 1.5544649236567882 0.0018800046416214613 18.481943865526976
-1.1430323568665015 1.7601155245306004 1.5 1.3811701446639197 6.5978898935256307 1.4475605759806498 0.0017312034104571834 17.716513146233947
-1.1709752781016853 1.8031438416202752 1.5 1.3278320474830922 6.815025559886573 1.3662122937723244 0.001580264735293178 17.03403345368131
-1.1994150551219995 1.8469372530149397 1.5 1.2794458384433491 7.0217537001962658 1.2775574934972138 0.0013628438850400665 16.265292100488981
-1.2283546956524738 1.8915003893278377 1.5 1.2335743033540127 7.2149951230220593 1.1814530574280735 0.00094231262938064434 15.415228653200666
-1.257793137490836 1.9368316139907464 1.5 1.1913412632494245 7.3974507398463203 1.0810203299453038 0.00083413702869729615 14.502986913193293
-1.2877272588509203 1.9829261171697239 1.5 1.1449196369571373 7.6114174721074388 1.0244157656261166 0.00053070878754605849 13.532366744690322
-1.3182916450434798 2.0299911342680463 1.5 1.1177295830046672 7.8055498741062985 0.98503921514225057 0.00029782371174309188 12.619473562943504
-1.3495570991616759 2.0781357035288894 1.5 1.1166745700297556 7.8960106061722657 0.93893642995661786 0.00018840981363185634 12.050487588543474
-1.3814164923979722 2.1271948698739704 1.5 1.104746056485165 8.0062299687240515 0.88043207303940219 0.00012958240416196287 11.306033842590489
-1.4139437476552787 2.1772824482560313 1.5 1.096594806282482 8.0883838237178232 0.78844961041651562 0.00019051673318363843 10.502540981421658
-1.4473159389315957 2.2286711069338638 1.5 1.0836221572138802 8.1969071870954675 0.67083304158058932 0.00012375016713264729 9.5529152843791802
-1.481486187187643 2.2812886734304829 1.5 1.0930166430587636 8.1523359337889492 0.63244936183790768 0.00050698984182994734 9.6754443924816638
-1.5164190005229652 2.3350804908803342 1.5 1.0145712530394919 8.8027240461101179 0.26262374722014059 1.0562202464123688e-05 4.6094961610580549
-1.5523630992070747 2.3904295419444819 1.5 1.0268482078702321 8.7365202153363821 0.28037660802339981 6.5398652834571168e-06 4.9654815362712963
-1.5894492261548128 2.4475371657023879 1.5 0.98349384241761972 9.1670112803706747 0.017185281474078887 5.961440796074685e-06 1.1978161452373104
-1.6277336652339511 2.5064900308354612 1.5 0.98521711366661446 9.1618730429211475 0.015414936977355312 4.7832947382384362e-06 1.1776463059937461
-1.6672366631205784 2.5673193135746111 1.5 0.98694179142000438 9.1570181968491227 0.013883898923291839 4.02939635469269e-06 1.1569714666791682
-1.7080913510477651 2.6302300170029458 1.5 0.98839422361419016 9.1525656559315625 0.012605913211507331 3.4184331658052171e-06 1.1380530360037182
-1.7504938233963707 2.6955241018971545 1.5 0.98975407621515266 9.1483561043475365 0.011426483528309562 2.9279240576287753e-06 1.1199290945475397
-1.7945349804416852 2.7633415497669214 1.5 0.99096438664410369 9.1444903305941931 0.010380156738228447 2.4857253666832973e-06 1.103223163293952
-1.8405074998678157 2.8341330465808161 1.5 0.99207837282847056 9.1408069242661423 0.0094205970919626313 2.1372330801141993e-06 1.0879842276924239
-1.8888130036715349 2.9085170449658939 1.5 0.99307664940862328 9.1373463709374203 0.0085462565934740237 1.803349895752686e-06 1.0745260358882658
-1.9397723963158486 2.9869876982234853 1.5 0.99399517986221519 9.1339837999049909 0.0077189016500882794 1.5466159553563132e-06 1.062698997523261
-1.9937794170518346 3.0701513336643709 1.5 0.9948098632440272 9.1307993014165252 0.006943183224872849 1.3020943230342041e-06 1.0526172660561888
-2.0515169659515022 3.1590596106783542 1.5 0.99555285669485294 9.1277204259997617 0.0062043678684489184 1.1212674670631222e-06 1.0439293827462717
-2.1140573510530083 3.2553639131588996 1.5 0.99618786566596473 9.1247949443170171 0.0055168476551537837 9.5712440194226826e-07 1.0365488047212705
-2.1829006236596191 3.3613745185320534 1.5 0.99674733305101715 9.1219692962202821 0.0048434171634544774 8.2195763499340509e-07 1.0301218983956621
-2.2604369815812433 3.4807736373939919 1.5 0.9972314689479278 9.1192611933367562 0.0042074063262557242 7.0633038034250084e-07 1.0246182413170977
-2.3517270541546438 3.6213635984986552 1.5 0.99766779906714642 9.1166179888142249 0.0035803200293745801 5.9817466502369993e-07 1.0197536408158241
-2.46984854333963 3.8032977434486357 1.5 0.99806535199899415 9.1139531644232044 0.0029488389831718118 4.4750790839597001e-07 1.0153787206967422
-2.626832370845539 4.045076507062908 1.5 0.99847476190947826 9.111025894139944 0.002274289336760194 2.8891501503772779e-07 1.0111475095799061
-2.8240686666683521 4.3487959037886341 1.5 0.99884290969628864 9.1081751067371073 0.0016668144050598715 1.6163675791516446e-07 1.0075375173772283
-3.0628611977185063 4.7164851701833497 1.5 0.99913758685160969 9.105754319903312 0.0012008180913569658 8.9955971502955686e-08 1.0048041395254566
-3.3537528544912893 5.1643985535915871 1.5 0.99937625844456945 9.1038288856988814 0.00090785982099827285 4.8645221090264315e-08 1.0029641459052652
-3.7048623770072573 5.705028743194779 1.5 0.99958437040461867 9.1023207255946286 0.00075241625129992575 2.6625998958676594e-08 1.0017880915185184
-4.1059449821268537 6.3226201177636394 1.5 0.99975126241955037 9.1012376203923484 0.00065278490683603303 1.4900548937638998e-08 1.0010351426172042
-4.5422923088300919 6.9945329420961126 1.5 0.99987838205201773 9.1005313668852157 0.00059591753385229327 8.0481728294374861e-09 1.0006133770308974
-5.0093770570634337 7.713782032069691 1.5 0.9999704434466713 9.1001014309947248 0.00055824048912060859 4.9167907267138969e-09 1.0003651775400217
-5.5094120715057358 8.4837662976172012 1.5 1.0000373281708319 9.0998367976158612 0.0005329035766648999 3.6040615774273373e-09 1.0002230069348501
-6.0487152469002341 9.3142148507369953 1.5 1.0000857072928251 9.099675873496869 0.00051587567038603851 3.088333164005442e-09 1.0001458805835908
-6.6378392929211874 10.221380769521726 1.5 1.0001196661427167 9.0995821675289292 0.00050224603985157595 3.0713596886070126e-09 1.000106429735234
-7.2940767976863459 11.23190075868655 1.5 1.0001418636837731 9.0995408131631645 0.00048647898148154804 3.4634566140810618e-09 1.0000880773751584
-8.0490998066946151 12.394597169829806 1.5 1.0001538409736761 9.0995456710498122 0.00045752088036143289 4.3380912832165143e-09 1.000080360310142
-8.9826630048547074 13.832189349339362 1.5 1.0001501379752102 9.0996059931764837 0.00038423833142993901 5.721344359244612e-09 1.0000744141563109
-10.193332424112882 15.696392665764435 1.5 1.0000946151052703 9.0997682078919286 0.00015211039327456513 2.1352215108268546e-09 1.0000490318710482
-0.46175734604926222 0.90624985645046496 1.5 6.9029512967841509 1.0198068755001468 0.41892061137814363 0.0019995928373673427 7.815143953537409
-0.4787221808651837 0.93954528463085163 1.5 5.7185975483441958 1.4289693589647012 0.7187506726473929 0.0025529497792308501 9.5259109476272812
-0.49597023911616445 0.97339656502216387 1.5 5.0535639619538593 1.7830234276019263 0.96182844687258584 0.0044060322683897018 11.078198336239181
-0.51347203994130219 1.0077458233769638 1.5 4.6016502944956548 2.1077662224519838 1.1806692967814876 0.0065293385641103097 12.46142290434099
-0.53121181411410667 1.0425621290423661 1.5 4.2565562498901315 2.379374177435758 1.3705410103722719 0.0072749320935942318 13.640094584009955
-0.54906178501092717 1.0775947223466207 1.5 3.9764353477959387 2.6251739756006081 1.5386753892006011 0.0098843761739364801 14.676638770261214
-0.56706597789164304 1.1129299421745249 1.5 3.7371235616018987 2.8414179428694504 1.6839945921263342 0.010076870950309614 15.51653758051064
-0.58525771388288805 1.148633205117682 1.5 3.5253355120438141 3.0392295219696437 1.8086869215802255 0.011477209748336863 16.212500023342031
-0.60365298332741046 1.1847359249285567 1.5 3.3380954099590134 3.2236065180669145 1.9168922062759877 0.011843602217357094 16.834857009268465
-0.62225837995222344 1.2212510475677973 1.5 3.1656537141944709 3.3974804331880981 2.0082219424572245 0.011608848534892913 17.367423886298404
-0.64107667553474867 1.2581840140659553 1.5 3.0077702775315318 3.5620045837626226 2.0813969643129817 0.011862164293818792 17.857153000552739
-0.66010807571364327 1.2955352256479726 1.5 2.8587827139690067 3.7367612641120616 2.1446036379866156 0.012247612607032094 18.272465949600807
-0.67935212932354538 1.333303796374236 1.5 2.7067005476127726 3.8712885467738465 2.1771273450644304 0.011877688250791231 18.592995114643944
-0.69880751026133303 1.3714871218595663 1.5 2.5729842613538083 4.0541030967587366 2.2055408015573641 0.012310001767017147 18.885948246170948
-0.71847293767592002 1.410082688409465 1.5 2.449777072001774 4.2397478843778718 2.2223105568745045 0.012262278459240048 19.149323894516289
-0.73834671747465974 1.4490871700813306 1.5 2.3337815169154221 4.426997986204297 2.2261713431921559 0.011983495744619037 19.339407366933699
-0.75842733263994699 1.4884975844617989 1.5 2.2269242302878456 4.6174765698975593 2.2199901595215819 0.011521854984543462 19.464424869289676
-0.77883232694001869 1.528544613409913 1.5 2.1261592386936687 4.8239313472737742 2.2032723853941558 0.010157067347614818 19.546091202216495
-0.79950746967648945 1.5691218569887497 1.5 2.0280776226174071 4.986085744253649 2.1477049972161022 0.0087173335658934075 19.510729668237634
-0.8204168059756044 1.6101587391356347 1.5 1.937989442344993 5.1843614926327151 2.0937630529533853 0.0072371723428799866 19.491915755022436
-0.84166028591575215 1.6518513986965768 1.5 1.8489250630160956 5.3983719732250757 2.0352375323532272 0.0057562008555194178 19.363906971158482
-0.86329339494271617 1.6943087486273383 1.5 1.7634396565174533 5.6128683024812043 1.9699100871962589 0.0042489340303372616 19.155770929546133
-0.88522351187125037 1.7373490311334243 1.5 1.6852962147303507 5.8336779915956081 1.9002965649721852 0.0034695174380267569 18.840905543576795
-0.90739619117089965 1.7808653740302063 1.5 1.6033821742148422 6.0560187046199303 1.8132063962962646 0.0026212936658278219 18.39078458804601
-0.92990127894336072 1.8250340874517483 1.5 1.5361242663177255 6.275302071850307 1.728394573246588 0.0021751709457304307 17.927233187139457
-0.95278853506541328 1.8699528432517531 1.5 1.468489852416341 6.49616914022912 1.6267970236073719 0.0019479059107531903 17.337888898733212
-0.97608069819197762 1.9156662773342068 1.5 1.4110325309440799 6.7023324645435887 1.5306271956326114 0.0017514658246089369 16.799775170833321
-0.99978702114373941 1.9621925500266797 1.5 1.3563728808967204 6.8994656449188767 1.4408839392877657 0.0015086433842089741 16.202028733630016
-1.0239100111382093 2.0095365809683066 1.5 1.3070021385183046 7.0748277903548002 1.3247747415465483 0.0011079167017030843 15.498429024256884
-1.0484487828599316 2.0576966315257863 1.5 1.2631195216525015 7.2245994637274347 1.2138380355869411 0.0010149542654839137 14.849349496927896
-1.0734007343887619 2.1066675918984394 1.5 1.2186860314533561 7.3954080147557368 1.1160659720857542 0.00074495768582667754 14.057145823779162
-1.0988780517648005 2.1566696302280297 1.5 1.180421613892654 7.5828546733000737 1.0557683595733807 0.00052253367941854133 13.249757580440004
-1.1249397526144596 2.2078185883733532 1.5 1.1535714695546904 7.7393784198116675 0.99471384119928441 0.00032004025029532543 12.482407009354167
-1.1514965374938608 2.2599392168876808 1.5 1.1332049076406703 7.8850903626390192 0.94749291459620955 0.0003123558761613782 11.712033738124806
-1.1786100274464102 2.3131524342809762 1.5 1.1183998151742061 7.994032617744451 0.8798933388608875 0.00034163564346567974 10.990001054363844
-1.2064278248461455 2.3677479243796746 1.5 1.1086532919095524 8.0774074049281186 0.79420413061394535 0.00041362979831542575 10.305620659447465
-1.234910851540179 2.4236490098812373 1.5 1.0931683200861653 8.2169104713755274 0.69330547825428268 -0.0037190103442271238 9.2616548455095522
-1.2640295232545624 2.4807976234223248 1.5 1.1010366568059975 8.193640134072659 0.66780848507887358 -0.0031319431703192486 9.2781888025490282
-1.2939911651541289 2.5396006479924673 1.5 1.0189441969791972 8.8178924127117231 0.27072894159367211 -3.6666283275875777e-05 4.3486593554709634
-1.3249047582657807 2.6002719860705543 1.5 1.0300879766787905 8.7584480477090043 0.27952737933295663 -2.8748707274165928e-06 4.6455412908826359
-1.3568172187842913 2.662903714824095 1.5 0.98898211126434654 9.1476618853674161 0.014587803412439395 6.8498014669252218e-06 1.1971128075240829
-1.389745423668832 2.7275289560512812 1.5 0.99010426614721569 9.1449418845633161 0.013017238219829594 2.9051293580567092e-06 1.1674319010904595
-1.4238003461884059 2.7943655058100885 1.5 0.99127573209929598 9.1422444358146109 0.011708457290027388 2.4833662837938719e-06 1.1391815093500104
-1.4591454430023827 2.8637341681487629 1.5 0.992263444391701 9.1395527337102198 0.010590536569538995 2.1177828622253918e-06 1.115015499506044
-1.4958564843727395 2.9357836594097182 1.5 0.99320177704989177 9.13680746926096 0.0095865914219862413 1.8269634021893293e-06 1.0941799218889718
-1.5341774351528965 3.010992789805186 1.5 0.99404139528753144 9.134116779171368 0.0086908620484122054 1.5617876956389521e-06 1.0767520117672498
-1.5744430713095952 3.0900186049441567 1.5 0.99482022353170063 9.1313632615314333 0.0078549914855945042 1.3534044907315637e-06 1.0624377881745886
-1.6169208862724092 3.1733860947548465 1.5 0.99551801802921891 9.1286462738382532 0.0070869428297725178 1.1572765813818636e-06 1.0510658118518175
-1.6619390838855685 3.2617394219824303 1.5 0.99613299383951437 9.1259361919889237 0.0063573398412549781 1.0034045363472244e-06 1.0418950959620434
-1.7100668948831388 3.3561958674116292 1.5 0.9966654875987726 9.1233415362115498 0.005680391495832938 8.6062340940805946e-07 1.0345751439604491
-1.7621981364669979 3.4585098551935314 1.5 0.99713634940724782 9.1208219590277597 0.0050355552887028903 7.5411030557735811e-07 1.0285304350396787
-1.8195831527533552 3.5711358048702744 1.5 0.99753610669313886 9.118424352003931 0.0044221847109086367 6.6594662743317784e-07 1.0235477836538072
-1.8842141519833988 3.6979855992071244 1.5 0.99789735669277801 9.1161001770863219 0.0038370357879904519 6.0029257430464954e-07 1.0193020500660168
-1.9603084754030509 3.8473478047930842 1.5 0.9982093473349819 9.1138501044245626 0.0032613648691967286 4.802955548659231e-07 1.0156270028460139
-2.0587655860784277 4.0406323531373509 1.5 0.99850547847372473 9.1115727763651897 0.0026821152859940111 3.4607662536126932e-07 1.012258564754831
-2.1896166773875008 4.2974959063670966 1.5 0.99881216413363838 9.1090752762708469 0.0020744856955402769 2.0714439024936158e-07 1.0089653718467959
-2.3540251736968063 4.6201683106386087 1.5 0.9990890120954653 9.106680356638341 0.0015403916978883937 1.1689601013173895e-07 1.0060836080888496
-2.5530755929172591 5.0108039795040256 1.5 0.99931605778674515 9.1046495982697291 0.0011407026046960944 6.4952277252790747e-08 1.0039068598685228
-2.7955540678154644 5.4866702041389992 1.5 0.99951361694173835 9.1030248319523785 0.00090265119542407447 3.4559693390353669e-08 1.0024461916002636
-3.0882290322494632 6.0610398922169058 1.5 0.99968880112476111 9.1017504986114446 0.00077152012767896109 1.9013245370170767e-08 1.0014865548211682
-3.4225586603020077 6.7171727179391016 1.5 0.99983311672186082 9.1008260420159157 0.00069037974726717899 1.0004511107677463e-08 1.0008703591532671
-3.7862816040750165 7.4310154239188018 1.5 0.99994445912194263 9.1002393386928286 0.00064718568311760663 5.6845754364727991e-09 1.0005193916026089
-4.1756255446595842 8.1951479183845173 1.5 1.0000267777374388 9.0998802965458125 0.00062225778343759169 3.8244280931258429e-09 1.000314594532707
-4.5924359657011404 9.0131818778338975 1.5 1.0000879065165884 9.0996641759735191 0.00060714938503282092 3.0875872399759173e-09 1.0002010031708379
-5.0419792081182901 9.8954535626409559 1.5 1.0001337107049646 9.0995411326774427 0.00059246160770224038 2.8584308540764431e-09 1.0001427464536627
-5.5330512720739531 10.859230088670955 1.5 1.0001631840099798 9.0994968139229631 0.00055784017728306473 2.9769374584354364e-09 1.0001153515688974
-6.0800657244908241 11.93280981584566 1.5 1.0001584592192014 9.0995516528097902 0.00045168697995208847 3.3559923640416796e-09 1.0000952328551147
-6.7094177789703444 13.168058279283777 1.5 1.0001656500427241 9.0995874836202191 0.00039918567405296626 3.8538582639498638e-09 1.0000903449516378
-7.48759828499609 14.695360533640931 1.5 1.0001479113302933 9.0996825183145678 0.00029721673868956969 3.9013118804700356e-09 1.0000796997585228
-8.4967732289758953 16.675900960189843 1.5 1.0000779886735462 9.0998640205382699 0.00010944741433452488 1.332509849773661e-09 1.0000432432447002
-0.36449888616183712 0.9495521106994218 1.5 5.6249406187848452 1.186944019258964 0.41095220313987807 0.0011701702452782672 8.0907867403143001
-0.37789046589604258 0.98443845115337592 1.5 4.8196479437392892 1.6577658272011815 0.67069540334463207 0.001321451040119341 9.7512790112865755
-0.39150561516028382 1.019907203712112 1.5 4.361970559879266 2.0458546012907517 0.88500825072475986 0.0031949075395730875 11.134279866404519
-0.40532106409904672 1.0558977295802898 1.5 4.0327862925311821 2.3794103095706722 1.088340202036929 0.006424476085812922 12.298441982799538
-0.41932436300492765 1.0923776192133647 1.5 3.7868127757855459 2.6651935478348636 1.2665300336340248 0.007254300359254692 13.304302334342916
-0.43341464675112729 1.1290841303331938 1.5 3.5867066739334921 2.9124899130750599 1.428393711484309 0.0091167753896062281 14.19069322849619
-0.4476266745515971 1.166107730743891 1.5 3.4112696092754828 3.1366470507394166 1.5717166175630741 0.0092621980966593378 14.890357344035065
-0.46198674710056009 1.2035169616842865 1.5 3.2575362917303581 3.3343607236818604 1.6985535754998893 0.010741870489647753 15.494585863952986
-0.4765074835127231 1.2413447362649777 1.5 3.1197952624455509 3.5164901433963642 1.8095944286645091 0.011096800259827538 16.014945905070068
-0.49119408817260074 1.2796046187594374 1.5 2.9940808561445929 3.6830709727279527 1.9035023491875473 0.011019578049064843 16.477519169485713
-0.50604874893096619 1.3183023101213163 1.5 2.8746482187196922 3.8439475531192628 1.9838395733207419 0.010770950283462496 16.880371830808205
-0.52107162836053944 1.3574382308726978 1.5 2.7629095209639125 3.9956028978960068 2.0525699267235118 0.011074586810815136 17.255300596741147
-0.53626237037339619 1.3970114527676156 1.5 2.6457380848869789 4.1639266040095384 2.1110236386733541 0.010527943155498643 17.473620025877842
-0.55161992836332652 1.4370192470724641 1.5 2.5376668553898827 4.2865339039506907 2.1396249607202309 0.010360948125478187 17.74094541149535
-0.5671432912485036 1.4774589799776305 1.5 2.4457547745185475 4.4505509539863803 2.1690417144728413 0.011024514527416417 18.010382882149429
-0.58283112187236663 1.5183271666794735 1.5 2.3547930817651905 4.6160347868875888 2.1883628341898618 0.011208018308456968 18.216904181820102
-0.59868222327477738 1.5596206825310828 1.5 2.2672707285198319 4.7825231603353346 2.1961903564304421 0.011422269551324391 18.360869996170447
-0.61478938248668191 1.6015812323616014 1.5 2.1832830472619258 4.9500534497193502 2.1927353515640009 0.010799745428686289 18.451263251854385
-0.63110978771303339 1.6440973304525293 1.5 2.0997308839050373 5.1275158799569445 2.1747197301342567 0.0098314593897325751 18.492672743411763
-0.64761505825201215 1.6870950290565465 1.5 2.0189904572841302 5.2728263745648478 2.1399439181681883 0.0084003960609289711 18.409710857741089
-0.66438409455285918 1.7307798401786401 1.5 1.9452849369930616 5.4459310546657855 2.0989519877635012 0.0070169266486151856 18.335853549406938
-0.68146069360238437 1.7752658799463852 1.5 1.8697147637457543 5.6271078512552704 2.0468986773177447 0.0056198579997193514 18.235789167128143
-0.69877174046683144 1.8203627047033437 1.5 1.7908624531510957 5.8200864411123323 1.9926222202327031 0.0044930452195180333 18.038610320181174
-0.71627425905928266 1.865958336614266 1.5 1.7169799236871823 6.0130267525166756 1.9334404624160715 0.0035511699747689069 17.759217185337135
-0.734039173867717 1.9122375114427952 1.5 1.6400936277890876 6.2105839823758098 1.8543859171725121 0.002846564326968521 17.356754711951602
-0.75210576269033025 1.959302567309452 1.5 1.5749153686063977 6.4003396592219852 1.7971545146745509 0.0024357070654793325 16.978946561726332
-0.7704919738948619 2.0072002724347255 1.5 1.5123901448334776 6.6055281054903814 1.7174767897841743 0.0022180388784416292 16.478853417217721
-0.78920511134294458 2.055949654845139 1.5 1.4556157797816531 6.7843796998514208 1.6138843324854932 0.0018462398513542483 15.968966296157646
-0.80824715427497007 2.1055558693051228 1.5 1.4048863534738463 6.9368665081299383 1.4998362018061144 0.0014595786242415536 15.44281163901157
-0.82761740396200079 2.1560170941651267 1.5 1.3562806314464504 7.0847410791504224 1.3832441675337936 0.0012626781952318734 14.875442518045661
-0.84731380685709601 2.2073279756417792 1.5 1.3107604986052679 7.2231874640328471 1.2686126222830503 0.0010256589377255433 14.29289391090442
-0.86742492059597076 2.2597192024071013 1.5 1.2684706945809223 7.3757120711185395 1.1680947838374307 0.00081897915644623472 13.638216924399879
-0.88799733072882225 2.3133121507478567 1.5 1.2325273028782682 7.5249996495997333 1.0850385862332002 0.00063874357260181329 12.969718986886743
-0.90896054555882488 2.3679231969184853 1.5 1.2041651975622214 7.6592347910550522 1.0142542649148121 0.00046744583796822918 12.300215234377768
-0.93036320913683412 2.4236790381776721 1.5 1.1755996367544386 7.7870339552031815 0.9476739230639597 0.00051943137113264609 11.635839669662364
-0.95232183505042833 2.4808832000828742 1.5 1.1474190857586515 7.9025486162486986 0.86737405818276281 0.00068591753691530516 10.927059696650772
-0.97480557418153135 2.5394553405985714 1.5 1.1508188203079401 7.9730172513617559 0.80977688713246587 -0.0026820719134555112 10.401840488165108
-0.99779107401419953 2.5993346180618224 1.5 1.1134956300609389 8.1846179827859142 0.71192031940915235 -0.0079954149565394615 9.0537924492234634
-1.0214419931106951 2.660947357895445 1.5 1.1241459395002449 8.172249415288535 0.68403509592573819 -0.0081753824832965245 9.0418262178254132
-1.045844356591044 2.724517682417436 1.5 1.0206519816268196 8.8334092604980547 0.26211398980827694 -5.2079149395711731e-05 4.0158275506833769
-1.0710351989533744 2.7901420684646885 1.5 1.0320796277543804 8.7772909845248144 0.26777711574842211 -9.8726852674714276e-06 4.3007662294666327
-1.0970278425324431 2.8578552205133256 1.5 0.99322566725437411 9.1300222623723961 0.014423549640407297 8.4517411488723149e-06 1.2314002983081089
-1.1239098867868291 2.9278853413770003 1.5 0.99344696739031069 9.1325933871408722 0.012037793303672368 1.9622299099195538e-06 1.1666964756196208
-1.1518103597890463 3.0005685635792316 1.5 0.99414629134851407 9.132557584664692 0.010614557943511871 1.6668775816015827e-06 1.1229803413484414
-1.1807890716329128 3.0760607089277956 1.5 0.99474787992783964 9.1314525634630304 0.0094302856821248376 1.4306937625427518e-06 1.0921318478355087
-1.211038601411174 3.1548634659337011 1.5 0.99537823870020958 9.1297180183062814 0.0084350389474865933 1.2455987507769023e-06 1.0694880859738403
-1.2428232111849928 3.2376652744586876 1.5 0.99596479623036538 9.1275571975297733 0.0075834246965928 1.0745396545709389e-06 1.0539012127134639
-1.27635405263652 3.3250162091583402 1.5 0.99650997226585347 9.1251586383926941 0.0067989945414939808 9.4051173680095144e-07 1.0427618722127288
-1.3118901983331397 3.4175912106303934 1.5 0.99697822794101265 9.1227730493874599 0.0060900167397224796 8.1663398811188065e-07 1.0346783854791952
-1.3498809730599306 3.5165609398924023 1.5 0.99739702225932092 9.120417022981016 0.0054221332382135053 7.2286808943151137e-07 1.0284569966523367
-1.3910319103341835 3.6237636395149417 1.5 0.9977480339438819 9.118195446740966 0.004803600735465788 6.3998736450076241e-07 1.0236060322105152
-1.436329948053261 3.7417709800221104 1.5 0.99806451229772331 9.1160312477121526 0.0042104022438705447 5.8253599332681765e-07 1.0195994244065401
-1.4873474778392208 3.8746816569420419 1.5 0.99833951479657834 9.1139839646769119 0.0036629714563913536 5.4109669068159297e-07 1.0162495567576708
-1.5474123467732859 4.0311796634284365 1.5 0.99857954434993879 9.111983882038091 0.0031066011796441694 4.0756316817322034e-07 1.0132353900038256
-1.6251263622770389 4.233696949257169 1.5 0.99880115161975036 9.1099865827220459 0.0025643318180882013 2.7011106748824857e-07 1.0104680551678722
-1.7284110851362549 4.5028310406373722 1.5 0.99903663739458726 9.1078064062871071 0.0019999859914002684 1.6217132023077061e-07 1.0076741417368353
-1.8581904843775832 4.840921180531204 1.5 0.99925176868833943 9.1057174644940275 0.0015081853582271513 9.0622046944473285e-08 1.0052243029633838
-2.0153179404294095 5.2502233466951918 1.5 0.99943766318938043 9.1039377727532322 0.0011460431191763611 4.9456804463753167e-08 1.0033636573541087
-2.2067265378445544 5.7488286557765242 1.5 0.99960763990631696 9.1025146964216361 0.00094333777605319006 2.4451065874306438e-08 1.0021345378721966
-2.4377602409581911 6.3506448103000626 1.5 0.99976482179763504 9.10139108560967 0.00082660255228320773 1.3493339707378159e-08 1.0013035114955358
-2.7016738418574997 7.0381302858894017 1.5 0.99989435622054357 9.100583636105938 0.00074242333061692888 6.6759403931341914e-09 1.0007729132157537
-2.9887873947900818 7.786081891915952 1.5 0.99997977027279672 9.1000987594623997 0.00064152875602944601 4.1280889681295194e-09 1.0004610665958844
-3.2961248602895927 8.5867258802565267 1.5 1.0000558122144529 9.0997939959347267 0.00061475860408110336 3.1116747340459332e-09 1.0002853256147248
-3.6251440992257074 9.4438470721081806 1.5 1.0001133136406102 9.0996157731580389 0.00059357701956217965 2.736123022322344e-09 1.0001903587927001
-3.9800021766059901 10.368275603897207 1.5 1.0001557151890572 9.0995274909749906 0.00056608897015498019 2.6633680401608052e-09 1.000144070140256
-4.3676420052035354 11.378103440007166 1.5 1.0001791384636187 9.0995141788450358 0.00051393619937578324 2.8138763481651722e-09 1.0001221244991023
-4.7994402101024196 12.502980550028157 1.5 1.0001725758292761 9.099570121839692 0.00041930236630173149 3.0867290280291493e-09 1.0001036405731401
-5.2962259820286617 13.797247394968647 1.5 1.0001739283227533 9.0996272675112451 0.00035351319577130017 3.2593164583980748e-09 1.000098595978298
-5.9104971647291853 15.397525403459454 1.5 1.0001445179186412 9.099740334848649 0.00024453444712083648 2.8099548522013192e-09 1.000082405430424
-6.7071209001946173 17.472703733743845 1.5 1.0000679455116508 9.0999194730489332 8.5795408551041577e-05 8.9637004307044589e-10 1.0000398334899756
-0.26324690020132724 0.98245087331700165 1.5 4.4642751654765664 1.4305667251540697 0.38041005406556033 0.00086073331429246979 8.48775700265805
-0.27291850390388056 1.0185459039980738 1.5 3.9767393175890153 1.9237517213716444 0.59415990313988831 0.00067907506661090723 9.9680222153821934
-0.28275157375689031 1.0552435256488875 1.5 3.66199799418898 2.319677814144129 0.78418283996753457 0.0019602366467782475 11.00770424838386
-0.29272930585963708 1.0924809992975302 1.5 3.4721008773775295 2.6652345627863432 0.95684374707937392 0.00490693020084562 12.144023766254119
-0.30284270642540323 1.1302247915935502 1.5 3.2926941270413499 2.9500605164037905 1.1335668028378107 0.005913711314956477 12.816671914681461
-0.31301892692367772 1.1682030563117949 1.5 3.1797239443725931 3.2101269136982475 1.2684210575191597 0.0075370707224712789 13.706632926130572
-0.32328307969326187 1.2065093989914992 1.5 3.0601789900330902 3.4310057386207529 1.4124790725439296 0.00837281380626426 14.277337988105769
-0.33365415684005817 1.2452147345665661 1.5 2.9593533417000892 3.6282031294062365 1.5370194360315736 0.0096613638397060591 14.787055683801565
-0.34414126799307077 1.2843531149027967 1.5 2.8675057359529905 3.8036357868514914 1.647900005187255 0.010277810654368365 15.224845022482368
-0.35474817117398993 1.3239385739734708 1.5 2.7810659124450461 3.9682382866526948 1.7467008095854339 0.010389173190835837 15.606323188789997
-0.36547644633638898 1.3639770101944975 1.5 2.6983226072121602 4.1194174428376336 1.8348871411290006 0.010013555335327735 15.935627731115135
-0.37632621120587073 1.4044688587777725 1.5 2.6202276152180204 4.2754023974826243 1.911248205599049 0.0097896480808128388 16.209474614743932
-0.38729720867332196 1.4454131593410349 1.5 2.5422282946977375 4.3716199375445823 1.9672693098320924 0.0097082810333424495 16.497898186703317
-0.3983886830962815 1.4868070886988276 1.5 2.469176089395134 4.5207237755381851 2.0169144128135903 0.010020962170489655 16.72413749576581
-0.40959990423980586 1.5286479217829942 1.5 2.3994515695413829 4.6697656133447927 2.058514271008931 0.010262815632526342 16.931904036731183
-0.42092990653358736 1.5709320531090913 1.5 2.33244760113692 4.8162742714861686 2.0915699445292133 0.010825345844664176 17.10900911038382
-0.43237782618910031 1.6136562500309473 1.5 2.2659890835585976 4.9651185789761003 2.1156036286333615 0.011123894463879982 17.242477194952219
-0.4440106769058722 1.6570705921791173 1.5 2.2007844309619697 5.1142145438597177 2.1301871889960897 0.010963789111405792 17.333835781597223
-0.45579753484718016 1.7010597295143861 1.5 2.1361550332811223 5.2606601875640671 2.1324480231610257 0.010399100175361217 17.371341133600261
-0.46771790442804778 1.7455471527917834 1.5 2.0725586285010262 5.4156617102775071 2.122408371512873 0.0095050276174651928 17.394223356961273
-0.47982877201873531 1.7907454955427395 1.5 2.0141451562593855 5.5287727916584268 2.0948918885925187 0.0082523436239057366 17.329181177359867
-0.49216176629812708 1.8367728267864711 1.5 1.942681667207625 5.7282545385575032 2.0743957421961081 0.006861265743538722 17.134816940631449
-0.50466407964647031 1.8834321035451476 1.5 1.8883382573415786 5.8381954348143879 2.0246007540541342 0.005732974119950756 17.100117535802649
-0.51730467627538723 1.9306074691854944 1.5 1.8226799662270508 6.0015731548714557 1.9795379309117498 0.0047020470238189772 16.922126422141339
-0.53013478199560593 1.9784900610970497 1.5 1.7547393463408025 6.1664165485778186 1.9278969513000699 0.0038921840283044876 16.681599916281638
-0.54318276219096262 2.0271857624292871 1.5 1.689580382533787 6.3182737142710534 1.8611729905556067 0.0033230468777438564 16.400921828137992
-0.55646157829594278 2.0767429613167891 1.5 1.6311814817583419 6.4835670834951156 1.8160602777790231 0.0029349396213857576 16.084830266140671
-0.56997650519048926 2.1271813450099906 1.5 1.5743419646247163 6.6604598156021755 1.7429302097215769 0.0026249339157553382 15.639282717653209
-0.58372897245290356 2.1785062469219403 1.5 1.5176996092037824 6.8199853345730324 1.6572097128024956 0.002103783349195378 15.198642629361743
-0.5977184755961864 2.2307157823452117 1.5 1.4655745056324676 6.9650843665194282 1.5593534859178659 0.0017404537257990822 14.735608283159536
-0.6119435319456904 2.2838044121709142 1.5 1.4155137361371175 7.1059104891531248 1.4535900321066668 0.0014430352982297652 14.236813801528927
-0.62646810047675661 2.3380108181279562 1.5 1.3692221274504268 7.2432195724453798 1.3489563887398948 0.0011911630306278118 13.709147528449243
-0.64132582426233165 2.3934605811070773 1.5 1.3284975825732106 7.3768044377402422 1.2453627798266664 0.00099072715372816762 13.142703161217781
-0.65646579167442354 2.4499637148840652 1.5 1.293961511249744 7.4970054126002976 1.1490781509436272 0.00080784962578491696 12.582370153511905
-0.67192313681693694 2.507651307344648 1.5 1.2607704652102651 7.6158083420182736 1.0574612902409282 0.00070485679269485714 11.997278854530455
-0.68778200794374267 2.5668374002877807 1.5 1.2315003619875278 7.7244122819326098 0.96850405789323823 0.00081356190403547623 11.416813331091312
-0.70402012296097038 2.6274388671891136 1.5 1.2133546394213575 7.8387903874942104 0.89733407395117404 -0.00056984742759872472 10.752325068265563
-0.72062061696573154 2.6893927586800972 1.5 1.1889509144270787 7.9658347988418434 0.82082636473580295 -0.0047292818512706721 9.9811546351764555
-0.73770168884026155 2.753140171706288 1.5 1.1481237924440422 8.1640501617348047 0.72410425267944289 -0.010341060224797772 8.7821446073267548
-0.75532546528849398 2.8189129928937739 1.5 1.1415250494100158 8.2122090239703898 0.70399674624028186 -0.0099576211144913589 8.4888714340579501
-0.77351869335419976 2.8868110417284187 1.5 1.023833817931026 8.8544238325315536 0.26708579274122496 -5.4248616152751135e-05 3.7638661654957053
-0.79229099478543463 2.9568702251347734 1.5 1.0340064425483344 8.8089916706767148 0.2635497491917082 -5.0542158435721036e-06 3.9356236122105677
-0.81170563547235219 3.0293266524443885 1.5 0.99678448615847537 9.118347250834697 0.017301018322046988 1.1282928468399855e-05 1.257242573297592
-0.8318558012420475 3.1045281019177873 1.5 0.99585519962226088 9.1266882541827137 0.013197784202590388 1.6102750041847322e-06 1.1514803650105425
-0.85278468672827723 3.182635793611774 1.5 0.99607068307401481 9.1280543810026273 0.010981589066584576 9.8952523452768974e-07 1.0987436189472057
-0.87463137532627089 3.2641687977318234 1.5 0.99638984386466367 9.1270862802587587 0.0093272455005035497 1.0436190414390834e-06 1.0693013678687386
-0.89758671988117067 3.3498394057012328 1.5 0.99680674189257923 9.1252048135399857 0.0080843508164371997 9.17637471474543e-07 1.0510980995603372
-0.92180321690568889 3.4402167501699212 1.5 0.99720843111629598 9.1230269986902428 0.0070987849491997912 8.0129145300962862e-07 1.0395606009730203
-0.94746796923709975 3.535999154797751 1.5 0.99758224127275374 9.1207606835239439 0.006248521821743484 7.1221132032581389e-07 1.0315842835942874
-0.97490547281512341 3.6383978348280284 1.5 0.99790620984382916 9.118585442666701 0.005514006560762382 6.3300892718500131e-07 1.0259328431016945
-1.0046252474996065 3.7493147110805332 1.5 0.998193304681256 9.1164809796787338 0.0048414916393794043 5.7470809842754223e-07 1.0215134271838711
-1.0373400118709299 3.8714105293009067 1.5 0.99843719730785729 9.114512783186326 0.0042313447114757817 5.2509174950467217e-07 1.017949385268291
-1.0741851134803655 4.0089258916142363 1.5 0.99866803607879717 9.1126127379088029 0.0036774995403962615 4.880552282748652e-07 1.0148959888464515
-1.1175624446552674 4.1708450740925382 1.5 0.99884772360345619 9.1108025892270383 0.0031217730293551186 3.7269740488824179e-07 1.0121579143798547
-1.1736819139773753 4.3803762756527291 1.5 0.99902275092167225 9.1089754457696337 0.0025804898104756259 2.505783495369371e-07 1.0095817234269131
-1.2482686593306 4.6588322156851616 1.5 0.99920570444352375 9.1070070420641756 0.0020291564953479058 1.4423985004545198e-07 1.007023090375051
-1.3419970707205238 5.0086359038229364 1.5 0.9993816005379037 9.1051054711876471 0.0015394512323793491 7.7589901930651994e-08 1.0047689150183463
-1.4554800399550749 5.4321201626835958 1.5 0.99951924819458127 9.1035022588175334 0.0011410504114152185 3.9800327397323595e-08 1.0030707908995755
-1.5937216360935884 5.9480017133226335 1.5 0.99966968825664304 9.1022039914335959 0.00094636443463907744 1.591862831163739e-08 1.0019695212252746
-1.7605827995826155 6.5706706719172736 1.5 0.99981005676388857 9.1011825613662118 0.00082317704245278697 8.8408661006242549e-09 1.0012094247660075
-1.9511888593345903 7.2819765318523322 1.5 0.99992749438337825 9.1004501666330651 0.00072995274449598458 3.9965827328289972e-09 1.0007219593360424
-2.1585473439656298 8.0558423245114881 1.5 1.0000042517288461 9.1000134356981217 0.00063819314358935742 2.9230898464179883e-09 1.0004322752830119
-2.380511094946546 8.8842258069905551 1.5 1.0000770460033321 9.0997417373337015 0.00060798487770331964 2.5714334453789538e-09 1.0002724745225762
-2.6181343672303519 9.7710434615463946 1.5 1.0001326089128715 9.0995903016431861 0.00058086790731894599 2.4575499427313878e-09 1.0001886999964167
-2.8744193971696568 10.727500633191887 1.5 1.0001731907962168 9.0995236872288068 0.00054493438500684841 2.4772547525027832e-09 1.0001490871315033
-3.1543799392036447 11.772315911543966 1.5 1.0001927270679838 9.0995282901808601 0.00048509576166564473 2.6172985577287021e-09 1.0001298153471343
-3.4662310307276032 12.936166023031333 1.5 1.0001847118164648 9.0995874402593859 0.00039494603883524418 2.7866424112147755e-09 1.000112020140473
-3.8250076321586879 14.275270988352837 1.5 1.0001812416452867 9.0996580981831396 0.00032319467260641258 2.7612309455322601e-09 1.000105890275895
-4.2686392144943976 15.930991476571959 1.5 1.000143695844272 9.0997794866840493 0.00021477272784083075 2.151320479347503e-09 1.0000854659841276
-4.8439837615757408 18.078071620810903 1.5 1.0000628349147884 9.099951619635382 7.3494473254700265e-05 6.52114074838868e-10 1.0000387316708934
-0.15911072611425625 1.004585698575458 1.5 3.4545502111978439 1.7122978694004154 0.29862582445311714 0.00079411250115774088 8.9094019101603354
-0.16495638967107906 1.0414939547741355 1.5 3.2045658283846179 2.2105801999057624 0.47393646969545822 0.0003540403731998809 10.129680248735472
-0.17089964694184565 1.0790183786947491 1.5 3.0393061854179577 2.6118011248002539 0.63881974149258658 0.0013843349619852793 11.08041373022529
-0.17693034408768385 1.1170948185701199 1.5 2.9168807832320551 2.9443030695840444 0.79987233236402566 0.0037758534922150418 11.84502689918809
-0.18304304178037173 1.155688984642294 1.5 2.846869812232903 3.2414259492206816 0.9246932419363485 0.0053372188617054894 12.690542706254091
-0.18919370622943088 1.194522905143238 1.5 2.7693696203296554 3.49046541085379 1.0734524484611689 0.0065215658949258001 13.215923674291231
-0.1953975277624736 1.2336922977854337 1.5 2.703389773450406 3.7100855721427788 1.2065636760993506 0.0072576933050035606 13.724911085331673
-0.20166598181559559 1.2732696742389993 1.5 2.6442765476594943 3.9049925998598969 1.3307007873900296 0.0083902128862568693 14.140331397140478
-0.20800456872509629 1.3132898520455729 1.5 2.5921995661439672 4.0760693390059739 1.442003163119256 0.0091596562023109583 14.505567848502301
-0.21441555897616946 1.353767181119093 1.5 2.5427452917219142 4.2316576426977246 1.5441535959410209 0.0095049320644989155 14.813812115425725
-0.2208999073148871 1.3947076927134483 1.5 2.4940962486495293 4.3759849446691614 1.635343241749813 0.0094108319257271353 15.074293925381257
-0.22745768532990807 1.4361118319620743 1.5 2.4468614756523812 4.5095379453051203 1.7194187582717921 0.0091981919880953673 15.316876532014158
-0.23408873770787145 1.477978616868564 1.5 2.3913902937553067 4.6552766445121856 1.7910921591341238 0.0085947234961800158 15.432600988565127
-0.24079260804904198 1.520305160727021 1.5 2.3456629042505819 4.7465194961023434 1.8463867130774116 0.0086976949773679372 15.668046031299996
-0.24756885496596634 1.5630886770671601 1.5 2.3063937649851645 4.8790341137058135 1.8958948067372694 0.0091899966262718649 15.887297197241292
-0.25441689505358023 1.6063254792261796 1.5 2.2631709735523087 5.0113622875129895 1.9411565749766202 0.0096282771327022634 16.044138725938073
-0.26133620715881845 1.6500122619761939 1.5 2.2199626707510389 5.142360353659833 1.978581444418926 0.010362517697271693 16.17103265648014
-0.26836729743367427 1.6944047398244049 1.5 2.1761037486221348 5.2734013901420225 2.0071293896877083 0.010609570913762164 16.268513559251875
-0.27549146880777509 1.7393849622100508 1.5 2.132006972978775 5.4021517475051919 2.0267488280992265 0.010465745577362481 16.324222996925204
-0.28269633536690586 1.7848746966418094 1.5 2.0876227978707353 5.5264829027630498 2.035499522790357 0.0099683632184541862 16.3472281261304
-0.29001634504774843 1.8310913685200876 1.5 2.0455068512961696 5.6607192893698919 2.0317127362716403 0.0092345976213671233 16.361145073467096
-0.29747061169083666 1.8781557061668601 1.5 1.9956443462512961 5.7715882516786472 2.0258164588379408 0.0080757209093248617 16.226572403152808
-0.30502721356175455 1.9258662261270045 1.5 1.9531733738088537 5.9080206673719013 2.004623190086023 0.0069936736837374943 16.14539233904749
-0.3126673952052556 1.9741044623187405 1.5 1.9068051486477273 6.0198660282531726 1.973723990559257 0.00599725067500271 16.088940053781254
-0.32042212251411589 2.0230658596162621 1.5 1.8505286946807022 6.1593751184826182 1.9439553036483539 0.0050904522068898391 15.916378141900729
-0.32830853768073043 2.0728586861200542 1.5 1.7916726352589336 6.2979069419116707 1.9092764036629082 0.0044180498853434282 15.718293647820953
-0.33633447319814203 2.1235324197282623 1.5 1.7395798614252127 6.4233610110796988 1.8572246586291095 0.0039154456078738719 15.492827723385211
-0.3445031171719154 2.1751071912175988 1.5 1.6850289783694588 6.5682125574638848 1.826595978013942 0.003459214473876128 15.202951462118163
-0.35281533385550268 2.2275884542157405 1.5 1.6344044350687894 6.7196871241505196 1.7683388242331617 0.0030674388548081288 14.842846411179336
-0.3612708185311081 2.280974281606635 1.5 1.5833694023436324 6.8600760207330689 1.6998303592934139 0.0025450451508115413 14.486947688346717
-0.36986867564087123 2.3352590096435066 1.5 1.5339713314980052 6.9938776290521911 1.6200621503310686 0.0021209579797920775 14.095924626979437
-0.37864756475184119 2.390686698065184 1.5 1.4854357294956086 7.127677185570807 1.5336413039211707 0.0017733768887240029 13.671277908474131
-0.38762781785916628 2.447385756475863 1.5 1.441385254298807 7.2539909818994754 1.4396332899325655 0.0014889705678567077 13.214039737629406
-0.39677866120213867 2.5051619177015074 1.5 1.4009884607327472 7.3769861196541786 1.3457582271889323 0.001260442949746345 12.726537031404691
-0.40612133400111733 2.5641492240285837 1.5 1.3646601050951765 7.4863526293344318 1.243904134568433 0.0011212456211588024 12.223717711532553
-0.41570669723038733 2.6246687927898762 1.5 1.326713893213566 7.6079126271986839 1.1458792674233851 0.0010819040450981096 11.64825057690186
-0.42552127994756667 2.6866356237238014 1.5 1.2970312860690165 7.7295488542260493 1.0577666992282242 0.00039980804616947306 11.02847480862116
-0.43555488963822797 2.7499853494426558 1.5 1.2667238713139717 7.8552243289141552 0.97540590679417161 -0.0017448919258545095 10.353821814037445
-0.44587897049289116 2.8151690056642966 1.5 1.233961568066297 7.9951054084178219 0.88518467250771293 -0.0061110362477222223 9.5581585052790778
-0.45653107012622807 2.8824237027245005 1.5 1.1819651888345581 8.1920353111295494 0.77475863158156866 -0.010610773645854985 8.4105483449198797
-0.46752735508144366 2.9518515091149249 1.5 1.175210582678434 8.242292850252964 0.75699669424402594 -0.009771377202335188 8.1250014421737724
-0.47887364110200697 3.0234891408047702 1.5 1.0331919214281382 8.8498849896003104 0.28932959533301122 4.6867189310377274e-05 3.7007112726644587
-0.49060816735531565 3.0975780267802393 1.5 1.0403784600856252 8.8242651268056189 0.28796123432924725 5.1033028539742656e-05 3.7581619871898657
-0.50278725645962341 3.1744737807074603 1.5 0.99939262350528613 9.1139762632597368 0.023838655715023471 -4.1585966567657178e-06 1.259861113653634
-0.51543701433917799 3.2543412545315853 1.5 0.99788034951236948 9.124873134738289 0.017701345484007786 6.0466354996849489e-06 1.135762620959788
-0.5286415048649109 3.3377112131107616 1.5 0.99776238760909597 9.1254484635883575 0.013860314340845182 -7.8203253583258982e-07 1.0880211727450073
-0.54251608064223389 3.4253119954159539 1.5 0.9977291876751514 9.1239183362892966 0.011036798859739093 8.3775498336054256e-07 1.0623175886311158
-0.5571529122307145 3.5177255565550043 1.5 0.99790600109220728 9.1218743935833064 0.0090669847834267889 7.2452061671142005e-07 1.0462778902488197
-0.57266508279967887 3.615665952269751 1.5 0.99812781216556701 9.1196683294650445 0.0075980587699472496 6.4638272374007638e-07 1.0364458603817255
-0.58924870419806752 3.7203716817015824 1.5 0.99835491878319504 9.1175287405442429 0.0064384353157163352 5.8396980543981041e-07 1.0292063734553971
-0.60721170022207493 3.8337875060769826 1.5 0.9985560489032933 9.1155479296098072 0.0054950702014416649 5.2771548995336249e-07 1.023794367265026
-0.62698476144118753 3.9586340946759471 1.5 0.99875249161197255 9.1136388336310823 0.0046915495310406174 4.8361174867976148e-07 1.0194288125037376
-0.64925375223053328 4.099247495296229 1.5 0.99892426753772368 9.1118612707069708 0.0040075171331398866 4.4722151435926404e-07 1.0158485877001298
-0.6754682945286048 4.264813833319403 1.5 0.99905114047950705 9.1101381319797792 0.0033291826736686464 3.3739155716646973e-07 1.0126738265440218
-0.70937836102015461 4.4790632829212056 1.5 0.99917919683721934 9.1084360123613664 0.0027148024088526762 2.409975181905093e-07 1.0098034432965786
-0.75444994087815709 4.7637902500502136 1.5 0.99933616674824199 9.1065705681230931 0.0021198620113651295 2.0511468448483865e-07 1.0070797007881824
-0.81110045625968408 5.1214749638313535 1.5 0.9994740780242245 9.1047832075629529 0.001608739518786621 1.01407092327549e-07 1.00477093175133
-0.87969559514038398 5.5545015322531928 1.5 0.99958271872307025 9.1032615724622339 0.0011923443803533876 3.3443557716629207e-08 1.0030688352902144
-0.96325558387538512 6.0820072131673317 1.5 0.99971053814381294 9.102035983274547 0.00097212988253149023 8.8878285243924973e-09 1.0019574961547753
-1.0641160359431203 6.7187068723093955 1.5 0.99983625316053548 9.1010613205739528 0.00083475312323878369 2.9676871867998047e-09 1.0011967460780371
-1.1793262284320556 7.4460398890844521 1.5 0.99994778740350088 9.1003778497077725 0.00073215170959909531 1.3474408770173627e-09 1.0007172158408406
-1.3046577800668504 8.2373412304521469 1.5 1.0000196059340767 9.099966024830179 0.00064013201063526151 1.7466190762237939e-09 1.0004296215679842
-1.4388159377880152 9.0843882700255723 1.5 1.0000907207072602 9.0997150024802576 0.00060466608728108103 2.0747117615680252e-09 1.0002744361574247
-1.5824397976509601 9.9911862365414077 1.5 1.0001463359369027 9.0995775258507656 0.00057249055632315068 2.216775748648581e-09 1.0001940499801907
-1.7373438722830539 10.969192911865857 1.5 1.0001867643364626 9.0995240141386713 0.00053145689727051291 2.3072942075052639e-09 1.0001571036495711
-1.9065578250548143 12.03754842432817 1.5 1.0002051553541269 9.0995372674478538 0.00046861927253251775 2.4304494707428449e-09 1.0001386917299091
-2.0950450995627006 13.227620155808577 1.5 1.0001960099425633 9.0995994480984415 0.0003803320893449353 2.5282242598107937e-09 1.0001206791063231
-2.3118817004777172 14.59689172867914 1.5 1.0001899414142839 9.0996771868420936 0.00030674311744150953 2.4056181877189405e-09 1.0001133820116075
-2.5800131124898957 16.28991418045284 1.5 1.0001475656846552 9.0998021563258504 0.00020117199796166298 1.7679035452781596e-09 1.0000904552340282
-2.9277748744064969 18.48537227758078 1.5 1.0000624843575989 9.0999687036188384 6.9165831148924024e-05 5.171089160142439e-10 1.0000404609261369
-0.053231310276205632 1.0158844714417028 1.5 2.6371071189431468 2.0109434282157741 0.16313250805165599 0.00070266265404500831 9.3777539088482555
-0.055187002182325945 1.0533176926760344 1.5 2.5448115168864915 2.5016514211634702 0.30844460283108693 0.00014894496696582374 10.345777606812934
-0.057175344954431849 1.0913129791712213 1.5 2.4697297531449287 2.9128489440615799 0.45397414829880173 0.00085692927957743985 11.082935591806974
-0.059192942698914744 1.1298368998007231 1.5 2.4257927342209968 3.2468261080242331 0.59839545440632558 0.0026771617569198766 11.693840506004983
-0.061237974276696902 1.1688699016813735 1.5 2.3905256181566026 3.5342410297062887 0.73811477927444968 0.003963230632017296 12.232769295904102
-0.063295706734072171 1.2082707322721986 1.5 2.3740863194059312 3.7833981026715691 0.84753521567419532 0.0050524452805281103 12.759065456680228
-0.065371227058472051 1.2477989509431842 1.5 2.3485644361207152 3.9871554297945195 0.98118809654297845 0.0059285181256831677 13.111213769789657
-0.067468372880142902 1.2877769774946526 1.5 2.326429297467445 4.1737466249940143 1.0972666134673255 0.0070371712170735736 13.45723927315472
-0.06958898201221575 1.3282212315728215 1.5 2.303610850690804 4.3393524536658514 1.2090813168075798 0.007828149756215215 13.736013884512198
-0.07173381367372629 1.3691365810385705 1.5 2.2832960768720807 4.4881884556477623 1.3092991010293906 0.0082919750450805782 13.998713673925502
-0.073903187195399248 1.4105249112789067 1.5 2.261611698753335 4.6190800216302152 1.4028374829342085 0.008383404068676964 14.222618580839677
-0.076097126707336607 1.4523840290266288 1.5 2.2378298175232416 4.7651175588544712 1.4874567049607472 0.0081670379011482015 14.388801544598223
-0.07831558028498338 1.494712262760729 1.5 2.2157618899058495 4.8346968338281409 1.5649624160535178 0.0080160487633706215 14.604409794402308
-0.080558395371394642 1.5375056895886261 1.5 2.1949793624508391 4.9611226432972666 1.6292294366822486 0.0081707601664207236 14.786958255836382
-0.082825424289203586 1.5807617078823528 1.5 2.1720167198247733 5.0834193889406274 1.688461700456469 0.0083598032993486091 14.927575574894041
-0.085116471940783311 1.6244759428417272 1.5 2.1494300025941602 5.2021325268810763 1.7422300149942989 0.0085915431680651227 15.058714022404468
-0.087431364359427971 1.6686455118295802 1.5 2.1265595104805493 5.3175441197962465 1.7897882064783193 0.0091891689428281863 15.167795405042966
-0.089783653906407704 1.7133967700255277 1.5 2.1029295881206549 5.4324275466239467 1.8296261864139121 0.0097497090813502794 15.266759431232066
-0.092167082810013609 1.7589476281789116 1.5 2.0781542292138044 5.5456272906143971 1.8617969252126769 0.0099729786954931687 15.327641688543823
-0.094577508108707131 1.8049767192518669 1.5 2.0520068173294752 5.6570968439915914 1.8874336333155215 0.0099115029157649127 15.373132363530512
-0.097026456379631643 1.8515909978677652 1.5 2.0247718996778432 5.7706156032712741 1.9059033181713387 0.0095216146428461386 15.364812208376406
-0.099520320991428435 1.8991265383594498 1.5 1.9999854563057429 5.8736634039795046 1.910543607124082 0.0089322209635943391 15.384199006167583
-0.10204842072711218 1.9474775902047101 1.5 1.9632073877003389 5.9875462736182641 1.9152935736312413 0.0079967299008080455 15.243549417171177
-0.10460448213119287 1.9963051782816237 1.5 1.934740731192192 6.0871840504152894 1.9166803477540948 0.0070999750337173897 15.140209145792284
-0.10719886673414412 2.045705034820509 1.5 1.9066524948937127 6.1850151471775314 1.8932685183912077 0.0062830473979119473 15.135253642964463
-0.10983730858680664 2.0960039081229747 1.5 1.8637746008311791 6.3021445588819267 1.8802239585126193 0.0055363396046311459 14.991740554686288
-0.11252242742231915 2.1472223488352089 1.5 1.819504446506621 6.4194998938731977 1.8610862526000833 0.0049473951843814158 14.817723868066027
-0.1152552897888126 2.199366037351111 1.5 1.7775663628697425 6.5259459126372352 1.8286202921562005 0.0044797096716954641 14.640651661255649
-0.11803618490675533 2.2524331809024476 1.5 1.7334119212092802 6.6490893208226574 1.8099626900574495 0.0039683857441793107 14.396349897259178
-0.12086501091518577 2.3064181933396957 1.5 1.6904230054228009 6.7773465014519365 1.7685823367236169 0.0035203331385138593 14.116822577335668
-0.12374146844736919 2.361313533672055 1.5 1.6481699978749955 6.897856120847103 1.717504051050712 0.0031264586170771623 13.840840410252818
-0.12667849197236794 2.417237489458119 1.5 1.6083666220339903 7.0125540599692249 1.6545305340973353 0.0027632010055994335 13.54924207190982
-0.12968288265665895 2.4745177335661008 1.5 1.5665590146267627 7.1302507052139594 1.5900219523179788 0.0024995735253338014 13.211884546293176
-0.13274434417547767 2.5330496540613896 1.5 1.5269269905067941 7.244156464198328 1.518662218923073 0.002319339421536178 12.846496940364466
-0.1358699837097217 2.5926262922188377 1.5 1.4873465141638236 7.3567574779022165 1.4398070297771772 0.0022509928993318142 12.441136571600312
-0.13907681722338339 2.6536694869736541 1.5 1.4475980845481078 7.4720380238986355 1.3571799041313584 0.0023557582607704585 11.988444761201102
-0.14236033658274574 2.7163934321846135 1.5 1.4097917235695034 7.5935386667983371 1.2740227545556648 0.0018836845838168922 11.466521512371825
-0.14571713220651894 2.7804915275836439 1.5 1.3765262430112237 7.7108835390499859 1.1875418436968066 0.00067983407781023822 10.917363567929682
-0.14917110729978778 2.8461818571368811 1.5 1.3407307843038412 7.8381689687354532 1.0969888584234069 -0.0018070049328498651 10.270988271781182
-0.15273482245681674 2.9140986865999396 1.5 1.2997202522965188 7.9678105368111716 1.0038352181629158 -0.0054231587997740534 9.5805120859835586
-0.15641368635771702 2.9842795846636649 1.5 1.2617381792909841 8.1009003018999053 0.90706455559091148 -0.0070009957023816696 8.8267329310843436
-0.16020964477301808 3.0567266550176702 1.5 1.2168438872449112 8.2241392443838812 0.80334227884996967 -0.006906870947698325 8.1125717665667967
-0.16413549090790802 3.1315468522559664 1.5 1.15684861188482 8.4238848836821223 0.65032749555486202 -0.0039697137124608886 6.7836045533145279
-0.16821006761025148 3.2091587476394481 1.5 1.1567793582030723 8.4353241392951883 0.63441137170758055 -0.0020302555079758544 6.7039094611262371
-0.17244210807999433 3.2898828903257904 1.5 1.0428119275937962 8.8810634442551901 0.27069806269032493 -1.8177042047930973e-05 3.2584735443453225
-0.17685973614883399 3.3739609605096881 1.5 1.000552502680472 9.1176103411396223 0.027621236459275673 1.6632181772852734e-05 1.1923861140181029
-0.18150154280545933 3.4622415756980414 1.5 1.0007351088148857 9.121074275278005 0.02172074144129001 7.8293041940673191e-06 1.1197677236386396
-0.18639836384223207 3.5554878070828622 1.5 0.99923076408043254 9.1207787353924594 0.01663987564597905 8.2573285742061185e-07 1.0843244898361064
-0.19158802980595813 3.6542662438213576 1.5 0.99880991748012904 9.1193879151711688 0.012973883162358771 7.657265924016475e-07 1.0600053641741727
-0.1971361431262858 3.7596466146426741 1.5 0.99877390830631996 9.1172983710309268 0.010230076203104621 5.7102498718643674e-07 1.04677496933767
-0.20314570539275445 3.8735356539246677 1.5 0.99883842690790969 9.1153001873749453 0.0081544379767116374 5.3915533631609188e-07 1.0367895448552475
-0.20976076977254315 3.9986896703020527 1.5 0.99893014298287575 9.113496495718735 0.0065629179165339509 4.76145944325792e-07 1.0289425910555809
-0.21721064713524324 4.1391164141758523 1.5 0.99906510809924143 9.1117438518900453 0.0052896525044798057 4.5101781592722138e-07 1.0226215276317165
-0.2259794362343692 4.3026334480908384 1.5 0.99937932344383451 9.1102060120267225 0.0042564559727828874 3.3661292892532158e-07 1.0174723826837697
-0.23732030054702311 4.5090068522714759 1.5 0.99911966254752516 9.108455194671409 0.0033360435196032497 2.496304566422017e-07 1.0132006586134823
-0.25239513645135414 4.7919807563780985 1.5 0.99942527154663152 9.1067328118686142 0.0025213746778012126 2.1155261777771691e-07 1.0093959621785318
-0.27134766337574812 5.1601765018734351 1.5 0.99947562280546698 9.1047019210962272 0.0018479715837800201 1.1897130133038697e-07 1.0060465615186023
-0.29429825240599644 5.6010999397698091 1.5 0.99957744359923006 9.103360870901767 0.0013306315378009588 1.4182859824668763e-09 1.003754269971399
-0.32225554614228091 6.1306303906614055 1.5 0.99971380547209221 9.102085581738109 0.001078542475107051 -1.2490236181810561e-07 1.0023452128955515
-0.35600176464873334 6.7804160619234821 1.5 0.99983059791112094 9.1010575075930333 0.0008929900561842997 4.2606851312295781e-08 1.0014037343802531
-0.3945479069034159 7.529501520058778 1.5 0.99995661854804374 9.1003505203723059 0.00076270318691840989 1.2496374962447215e-08 1.0008172322292552
-0.43647850977027181 8.3353283544519385 1.5 1.0000263472879301 9.0999484662042835 0.00065594079004165388 4.82440630704668e-09 1.000483620450304
-0.48136166148373449 9.192762812915932 1.5 1.000096631313546 9.0997047059923979 0.00060935340694991201 2.8384890116744072e-09 1.0003048488747024
-0.52941195752049131 10.108515849719705 1.5 1.0001524752252489 9.0995743682461327 0.00057097338355731981 2.3056867349608646e-09 1.000213294540885
-0.58123641577446128 11.094650873398177 1.5 1.0001936962303675 9.0995247950941049 0.00052632821459097103 2.2857922884050906e-09 1.0001696663209036
-0.63784832214325848 12.170382931937125 1.5 1.0002129805165856 9.0995408398700945 0.0004629849586512054 2.4268163509011456e-09 1.0001480949715096
-0.70090745102482199 13.365956436122055 1.5 1.0002045148822944 9.0996025771893674 0.00037734059115675158 2.5264383446886999e-09 1.0001288786406151
-0.77344551022275099 14.735475238604725 1.5 1.0001966628043264 9.0996811960157853 0.00030412855378946196 2.4063683501610104e-09 1.0001188347485268
-0.86314744353706363 16.403759516072231 1.5 1.0001515861395229 9.0998266477518808 0.00020440703363574581 1.6190466434178158e-09 1.0000959711675865
-0.97949878285604253 18.640086909169767 1.5 1.0000789287618803 9.0999480354788638 7.8823375848696933e-05 5.1219615895480054e-10 1.0000507752620516
0.053232283983865203 1.0158936527992402 1.5 2.0332511247932339 2.2317879292837892 -0.0090187479985156683 0.0005507680538554586 9.7276329577399689
0.055189078047509103 1.053337218694876 1.5 2.0114194164821129 2.7581128589155521 0.11561677237135715 -4.3670245747030839e-05 10.498288323308698
0.057178162287600004 1.0913394291624967 1.5 2.0105107938830757 3.1772566239682432 0.23393434908050911 0.00034897198182001163 11.143658099212809
0.059196196218608561 1.1298674124324448 1.5 2.0000873113692257 3.5117610831679755 0.36896975264149934 0.0017907523454813964 11.527387146057164
0.061241411884053243 1.1689020820497831 1.5 2.0089844051168382 3.7902335859991494 0.4900035915912283 0.003296474630098105 11.970110304730381
0.063299803472736171 1.2083090688219271 1.5 2.0047803631659677 4.007456441782792 0.62162669495290179 0.0039150707554351759 12.202826402660863
0.06537519836595905 1.247836090317562 1.5 2.0127656347933685 4.2118240451820359 0.73934649503466576 0.0046626558106408625 12.536851032028
0.067472028091690978 1.2878111729730775 1.5 2.0131273000963317 4.391442899279479 0.85488361993993889 0.0055871905673037436 12.772775693226299
0.069592358982792979 1.3282528433775909 1.5 2.0178724590452846 4.5688404865814736 0.95336027910703647 0.0063986970374140294 13.052083702667268
0.071736949525017135 1.3691659514493475 1.5 2.0104682895479442 4.694205759954019 1.0671638725285977 0.0063346960820634584 13.161467316262913
0.073906149487984976 1.4105526697660036 1.5 2.0139830079517482 4.8585081981149791 1.1504103322860029 0.0067126341475844164 13.376791980968221
0.076099934774513656 1.4524103513483584 1.5 2.0095946635062303 4.9090928693186484 1.2490850896486156 0.0068763637851460826 13.533710309263947
0.078318274375664992 1.4947375247130827 1.5 2.0126361059079603 5.0418850105886186 1.3207398945737359 0.0071089796228505928 13.729950877592431
0.080560976286317337 1.5375298954732874 1.5 2.0021518243170342 5.1433940419915123 1.3984110047179503 0.0073144064105095169 13.789870179549522
0.082827917450740945 1.5807850960051555 1.5 2.0038820380855018 5.2696125341316042 1.4540630313491709 0.007529222663095368 13.974100688694051
0.085118871128657625 1.6244984528377451 1.5 1.9910032268352578 5.3651401756030701 1.5216870033361951 0.0075885785936632838 13.997048530870986
0.087433686194464788 1.6686673117400048 1.5 1.9913444325296796 5.4811763069300357 1.5659245605343635 0.0079964323244360123 14.156811992743844
0.089785488643540051 1.7134139947230604 1.5 1.9776371915296511 5.574440658853371 1.6215841889948288 0.0083083439508821969 14.169691219805795
0.092168886235638542 1.7589645740136888 1.5 1.9747800515041709 5.6894371657437937 1.6574044659510483 0.0086874137507069321 14.303336599804116
0.094579387316446828 1.8049943881426747 1.5 1.9573440623506608 5.7782685680088868 1.7063763185612475 0.0087808006916711232 14.269005536444293
0.097028010555130717 1.8516056119974995 1.5 1.9557240311030262 5.8858535508999799 1.7275833846163897 0.0088050724898273407 14.389775255819206
0.099521562417180603 1.8991382140863722 1.5 1.9418358405369607 5.9625917535167261 1.7604993842959746 0.0085614499627050984 14.362299821743637
0.10204981839288674 1.9474907423765044 1.5 1.9335726820729007 6.0519645247914617 1.7715100244429007 0.0081305474959942926 14.377102267569214
0.10460609674295306 1.9963203737498918 1.5 1.9195478013363958 6.1429094487484424 1.7837168939350385 0.0075640698282829618 14.36178993189316
0.10720028161766736 2.0457183479810781 1.5 1.9064606923895573 6.2302595352128272 1.7844066451709197 0.0069504964562638752 14.317057662992832
0.10983849366259699 2.0960150641819348 1.5 1.8866480697353816 6.3188937899227113 1.7837645275773379 0.0063333175588274008 14.256252901189747
0.11252345008012275 2.1472319812615406 1.5 1.8616775475101097 6.4117222937734679 1.7807421156632228 0.0057627104232699285 14.161465395077778
0.11525622189311467 2.1993748207865975 1.5 1.8317391074160294 6.5105553807356857 1.7753256022336419 0.0052814850172392749 14.024495047099263
0.11803707969790313 2.252441615080337 1.5 1.8025140118806187 6.600684424997052 1.7592733537690903 0.0048439194493577666 13.887971558347667
0.12086590240567974 2.306426597453 1.5 1.7691458830174103 6.7129378620722866 1.7572534035450658 0.004356424231377996 13.694376482662829
0.12374237521914273 2.3613220871580154 1.5 1.7370221814233178 6.818867282306381 1.7291393976282583 0.0039238334988591561 13.482158547471625
0.1266791044875013 2.4172432702543478 1.5 1.7051801362567591 6.920983276284006 1.6972906479761996 0.0035412868527540347 13.27266810067216
0.12968323359266606 2.4745210467696888 1.5 1.6721530707516261 7.0232585815146811 1.6570110562170306 0.0031672859173053382 13.029247206621038
0.13274485739035996 2.5330545035960501 1.5 1.6374152184119384 7.1265282331277868 1.6124396005593862 0.0028565310812193098 12.756835495548742
0.1358704145115105 2.5926303637960952 1.5 1.6030379276280546 7.22852103159763 1.5614082538599905 0.0026322418537320104 12.457837774724489
0.13907684038966212 2.6536697047702162 1.5 1.5663130745621423 7.3349505585084618 1.5060518658594011 0.0025061701495791896 12.121384573921741
0.14236033756591152 2.7163934430910617 1.5 1.5315134690631145 7.4423931480757259 1.4445906096402885 0.0022868187837264838 11.748134556137115
0.14571724026866756 2.7804925517810108 1.5 1.4976563705847068 7.551461221134435 1.376783687579678 0.001743713619644852 11.336340749255708
0.14917072156957528 2.8461782018807407 1.5 1.4650625290196704 7.6618651183193407 1.3018696698187331 0.00063251765955016305 10.87485107987839
0.15273398232554347 2.9140907178481656 1.5 1.4281133559045187 7.7800478612502886 1.2192933843942921 -0.0012782327641905837 10.344231144237844
0.15641256987886204 2.9842689899382844 1.5 1.3901255701689654 7.8966275069795984 1.1369782839524396 -0.0029436072258520246 9.786124559037372
0.16020842945382407 3.0567151190338824 1.5 1.347533980942097 8.015313950132736 1.0456927952137285 -0.0040048756736410923 9.181041538709124
0.16413396918781506 3.131532398762229 1.5 1.3002527554623853 8.1365470926004697 0.94764973393725627 -0.0042152265951161533 8.513204157500633
0.16820801105539984 3.2091391968052401 1.5 1.2585971585820186 8.2525823178916777 0.85046395364359662 -0.003421114631485778 7.8003669359218657
0.17243967913809988 3.2898597621081613 1.5 1.2200849670791654 8.3635957964055514 0.76759924120832634 -0.0018374621691477295 7.147655421985097
0.17685645392179544 3.3739296489942627 1.5 1.1652843986097903 8.5024283253666422 0.63005951078906119 -0.0010251814075109315 6.1948256216063413
0.18149686956156125 3.4621969107933346 1.5 1.160976654990598 8.4807421365827516 0.64184654020586274 0.00048948376311816954 6.3387937691507465
0.18639226648021107 3.5554294101210964 1.5 1.0032588971416714 9.1044084370795471 0.036204692031829099 6.287112360276958e-06 1.2744303551602705
0.19158018634836058 3.6541909301814051 1.5 1.0015790445793815 9.115010983724094 0.028655295136367678 -1.3342825658446494e-06 1.1598959986994624
0.19712536844935241 3.7595427643756936 1.5 1.0010540800567913 9.1167990518647084 0.022390708110531302 2.1959897266025992e-06 1.1063559791533195
0.2031297538867736 3.8733811024797951 1.5 1.0005503551744492 9.1155311277502644 0.017079231798072404 2.9018758850699037e-07 1.0790575874133588
0.20973635562982645 3.9984513102309442 1.5 1.0001998642896979 9.1135205783182602 0.012965961377970642 6.4417071100221824e-07 1.0611266585651056
0.21717076773642621 4.1387215259026062 1.5 0.99984834900882891 9.1118099955621563 0.009758810339577392 4.6359888076368354e-07 1.0463131468117208
0.22590229491842079 4.3018433996840688 1.5 0.99962309561904328 9.110272913392814 0.0072726529496062228 2.2056588515887998e-07 1.03356188733262
0.23708832990701256 4.5066315171028855 1.5 0.99916832250545173 9.1083769010084374 0.0052211685903821555 3.0211258030759397e-07 1.0239706307247551
0.25196962155865077 4.7876469192638194 1.5 0.99947391956502896 9.1066504370334034 0.0034901799049645555 1.5190181836687909e-07 1.0154863693677993
0.27088437720546615 5.1554777227989259 1.5 0.99956855956448309 9.1047303286501471 0.0023631706653011514 1.2259069325014954e-07 1.0097192393200709
0.29384316311982162 5.5965286736294804 1.5 0.99963042268946678 9.1033906432419354 0.0016189632992069385 4.5789581923706989e-09 1.0059350738003607
0.32167071377995105 6.1248781460140655 1.5 0.99972552797359482 9.1021070653792524 0.0011806251714032835 -1.4166049459840493e-07 1.0035629702638511
0.3555094366398861 6.7756249929242571 1.5 0.99985928564183801 9.1010823086759824 0.00092898664363851187 1.780931753750972e-08 1.0020739866283646
0.3944366365743795 7.5283925541009857 1.5 0.99994911317953916 9.1003896183947397 0.00077976971135931426 -3.5964442125494356e-09 1.0011911850686506
0.43662044538176825 8.3366366743123912 1.5 1.0000083817582965 9.0999781017476717 0.00070296285759711551 -6.9180403361765728e-08 1.000708821058939
0.48159474586341561 9.1949340333500693 1.5 1.0000822467608881 9.0997251897640439 0.00063629949397500988 -2.3871085110998198e-08 1.0004408018654589
0.5296411613255535 10.11065569092125 1.5 1.0001422730578438 9.0995860029001907 0.00058523397025025796 -3.7617676485295992e-09 1.0002941421778879
0.58139882675859067 11.096169580372612 1.5 1.0001851955190293 9.0995560810118388 0.00053351682691810229 1.6671548873450501e-09 1.0002159288164696
0.63788621249122834 12.170731394319439 1.5 1.0002132409553368 9.0995435852274316 0.00046813573510139073 2.9994411754198265e-09 1.0001784240769429
0.70072530490995144 13.364203960627155 1.5 1.0002108302705857 9.0996017023879645 0.00038353393548996601 2.7502155775336313e-09 1.0001503931802804
0.77282785258431386 14.729414931298237 1.5 1.0002038146296952 9.0996813739807259 0.00030708191039427766 2.4250678066852591e-09 1.0001327718509987
0.86095433460048509 16.382629359508559 1.5 1.0001624795956257 9.0998288888145691 0.00020788618755688919 1.7762280947305609e-09 1.000107050206382
0.97776122941143695 18.623458361059093 1.5 1.0000799081554235 9.0999787146314723 8.4754687610485405e-05 3.9598427237146318e-10 1.0000567436569028
0.15911182017032444 1.0045953684226179 1.5 1.5302380566609362 2.3671254083971354 -0.19545713356405969 0.00041569397988020841 9.708631254475419
0.16495877544959728 1.0415147299259686 1.5 1.5757360633974806 2.9702899658540027 -0.092962563943579518 -0.00012821475193187294 10.52958925685634
0.1709029399082084 1.0790467368980301 1.5 1.6164338808180165 3.3961538432662608 -0.0032662765442096832 -0.00010316983623513595 11.066012818358566
0.17693418876056366 1.1171277034457567 1.5 1.6372206596281229 3.7315017001888258 0.12428843467548129 0.0011390569788261096 11.363803064428954
0.18304713770289804 1.155723776683844 1.5 1.6606799300623594 3.9819234506488956 0.24254686984221752 0.0023161815847027286 11.617457402652402
0.18919855081289733 1.1945641654953789 1.5 1.6842253420665063 4.2337548065080961 0.3545271478506023 0.0031526186753321151 11.869444461896824
0.19540225387622423 1.2337323913082172 1.5 1.6995212986830666 4.4143193907627669 0.47717271109883042 0.0036409602674899516 12.018057415158964
0.20167034431330993 1.2733066604652534 1.5 1.7236073302917019 4.6013119143058843 0.58186831526963834 0.0044975250288094596 12.233075963404408
0.20800859326421525 1.3133240323797923 1.5 1.7363159997609738 4.738921593094922 0.69323294590555151 0.004889789093225138 12.334938191629302
0.21441928259413531 1.3537988868189679 1.5 1.7504325904650986 4.9105447620775733 0.7868516037167208 0.0052817745438251832 12.458138324012046
0.22090340677588138 1.3947375837644995 1.5 1.7663376308976584 4.9712978010039555 0.89134601308512018 0.0057988650249735227 12.658946352502097
0.22746098605274795 1.4361401053244172 1.5 1.7789982436403236 5.1008993732592529 0.97752523448554418 0.0060026470275939027 12.786713754392851
0.23409188815649745 1.4780056803686756 1.5 1.7860547809450733 5.2101845044753672 1.0623740905404389 0.0061274622414027105 12.83892671982156
0.24079561273045424 1.5203310332796147 1.5 1.7976763825777149 5.3218355564768283 1.1335119535552778 0.0063371143011390794 12.958894146018899
0.24757174461968512 1.5631136187300858 1.5 1.8035585401524858 5.428504188201833 1.2053746903593054 0.0065253730655212725 13.01004012602815
0.25441966522986431 1.6063494370665161 1.5 1.8099667890843893 5.5301276191915472 1.2699544610401059 0.0066498545606095815 13.083402323828443
0.26133887543033019 1.6500354178751602 1.5 1.816331150969928 5.6288723616128813 1.3288847947360769 0.0068753525330362631 13.148745325107061
0.26836942600215608 1.694423129682423 1.5 1.8200502025147367 5.7267935174585478 1.3859019056946236 0.0070977710872122193 13.201909755208979
0.27549353844144514 1.7394029604245127 1.5 1.8260241691976331 5.8190629699250502 1.4337007476605697 0.0073634384924787105 13.258949568354767
0.28269847065394976 1.7848933710854751 1.5 1.8279882969159187 5.9060850777604745 1.4805341396209304 0.0075596275152155761 13.306358970398838
0.29001812312836223 1.8311068728896922 1.5 1.8337894955758114 5.9953539366243396 1.5175393183944734 0.0076888815433763498 13.345723602712646
0.2974720397148139 1.8781681321583505 1.5 1.8353323325181341 6.0746057664125424 1.5541578101283242 0.0076947945154855419 13.383231702645439
0.30502879228927637 1.9258800919166488 1.5 1.8377538945224094 6.1556143894448949 1.5830272289523721 0.0075609676941090454 13.404181772384623
0.3126692009543397 1.9741203980834956 1.5 1.8355880636577209 6.2418491272929355 1.6118177316844913 0.0072921664403676253 13.386419484500507
0.320423715967881 2.023079871402381 1.5 1.8346532948814103 6.319749637444283 1.6324371219452469 0.0069398917091970016 13.372048096020723
0.32830987865236227 2.0728704624576726 1.5 1.8315759998547407 6.3997124549914393 1.6477025186498051 0.0065308566179420732 13.3264261729454
0.33633563052902132 2.1235425932569258 1.5 1.8274847285003215 6.4697127235070955 1.6548281126096038 0.0061054316155690043 13.298700926294591
0.34450416822608743 2.1751164535944838 1.5 1.818774240033328 6.5445451073004293 1.6595902826390845 0.0056933099761696301 13.229506552569742
0.35281633769635767 2.2275973260202218 1.5 1.8074109790170334 6.6145439076912611 1.658491312873885 0.005319812122746145 13.160126985978852
0.36127181387619356 2.2809830999699092 1.5 1.7937483790009148 6.6865511500902732 1.6494249138084702 0.004929516827015804 13.078075475233696
0.36986968324463854 2.3352679668073431 1.5 1.774845207147381 6.7740157247543165 1.6655883289921025 0.0045424996424505374 13.009731928001655
0.37864825744841485 2.3906928116942563 1.5 1.7536928782333356 6.864901561830564 1.655999956014768 0.0041721752835962985 12.842883592287411
0.3876282250176511 2.4473893102879711 1.5 1.7328737509141379 6.951493215559478 1.6408637320672097 0.0038111389178610657 12.680259527125171
0.39677923007827642 2.5051669972695745 1.5 1.709704823575048 7.0394934018011792 1.6204170498936445 0.0034692930622996919 12.48595106457315
0.40612181422291216 2.5641535021933466 1.5 1.685140014313697 7.1278037127014171 1.5948442688260682 0.0031637255756012169 12.274068920128526
0.41570674333523272 2.6246691166433345 1.5 1.6583824487011072 7.2196110617253622 1.5646566701004374 0.0029110554427157404 12.031601252750406
0.42552129156687213 2.6866356865798426 1.5 1.630293967542694 7.3149567022229736 1.5283703916390201 0.0026594052439054168 11.75654947637125
0.43555500892623211 2.7499864227777566 1.5 1.599385462361504 7.4252419811716512 1.4927948519441641 0.002318461355647697 11.42910113941495
0.445878568372573 2.8151652880185676 1.5 1.5718754468683287 7.5286617361965797 1.4432889232950639 0.0017830675077472227 11.09132638831351
0.45653017792029787 2.8824155132847071 1.5 1.5438085083575219 7.6311154811823698 1.3866751328512281 0.00090869684348052638 10.720952669343731
0.46752615507834855 2.9518405487075343 1.5 1.5128710468615392 7.7349854443499817 1.3228821800648241 -0.00015779493124031435 10.311188228645724
0.47887232189754814 3.0234771423852393 1.5 1.4803678905409645 7.8337438586174208 1.2516028309147573 -0.0011627939383224383 9.8774879809184828
0.49060651527784477 3.0975629842129511 1.5 1.4397214592145218 7.935911465937691 1.1817290503598441 -0.0018855213017484158 9.4058532642333716
0.50278502857324492 3.174453439743965 1.5 1.3984934009959782 8.0313187024470007 1.1114029772061582 -0.0021180545958206466 8.9235798659540748
0.51543437727667829 3.2543171300266094 1.5 1.3584879307319011 8.1329675596541637 1.0328329696871257 -0.0017303112281987644 8.3838622056696011
0.52863795409878134 3.3376785593051421 1.5 1.3165122639339479 8.224692083780214 0.94484013674168932 -0.0014544143282115066 7.8479135550604235
0.54251103661757849 3.4252653941416691 1.5 1.2667174380409267 8.3461142656657898 0.85554346650066071 -0.00040597776556079436 7.20112892826854
0.55714631727510455 3.5176644533756978 1.5 1.2324903179026672 8.4257825024003274 0.77195257686829821 0.0022653011937485965 6.7025801179826763
0.57265658519328599 3.6155869091453532 1.5 1.1666598695042874 8.5950398556353829 0.58275622916274306 0.001974053489546638 5.4348519255669121
0.58923705160056739 3.7202624398957505 1.5 1.1567453554253933 8.6153569463748383 0.5164654210129378 0.0020863703260947356 5.1960740300084689
0.60719449940819814 3.833624462628801 1.5 1.0303438984615796 8.9902945386565563 0.19981376516978189 5.3806646956781664e-05 2.2969840397179673
0.62695850664125052 3.9583814105837494 1.5 1.0003628074965214 9.1090478062072577 0.030505166630202564 1.7879137988342584e-05 1.1962641986762974
0.64921123828984695 4.0988259774898967 1.5 1.0016333312460497 9.1105163113082668 0.023245467469139375 3.837788142304706e-06 1.1292519401573673
0.67538884294553225 4.263962834388078 1.5 1.0016153286931631 9.1100699635352544 0.016842425541743776 3.0045046800884038e-06 1.0892177145617654
0.70912000611134252 4.4764204267377616 1.5 1.0007472821560264 9.1087429567538791 0.01152353132140819 2.5375499663249271e-07 1.0594236024632566
0.7539231954037704 4.7587459542502861 1.5 1.0004112032860955 9.1070056416917673 0.0072557232957102102 9.369426571193818e-07 1.0383075201307466
0.81045986682926052 5.1157134434812335 1.5 1.0001435808954597 9.1051022229638789 0.0045212853300870253 2.2108673852377159e-07 1.0238083299344363
0.87901231929065959 5.5486775326942777 1.5 0.99997051808781368 9.1036294644210169 0.0027558733029961176 6.4938599144835287e-08 1.0146002191037751
0.96233794770944536 6.0745550020849803 1.5 0.99989325907853221 9.102314152872502 0.0017308320014885607 -8.6963633223590588e-08 1.0085246325732542
1.0632855372621219 6.7122514353182599 1.5 0.99995717412955276 9.1012266013323373 0.0011738538983018993 2.9062156149904972e-08 1.0049213944498481
1.1790637272105724 7.4441862259950256 1.5 0.99999266242125562 9.1004951349971126 0.00086430781907198464 -1.8340381504905748e-08 1.0028246495081088
1.304827524282647 8.2387506399980559 1.5 1.0000271447252305 9.1000499367649201 0.00071465901121645341 -6.9643299224771439e-08 1.0016707175718074
1.4391680990474849 9.08708583564915 1.5 1.0000624455224871 9.0997776903430303 0.00062775190532538634 -3.7987645342245712e-08 1.0009846575348262
1.5828094955726235 9.99395743787748 1.5 1.0001232296359865 9.0996194984313767 0.00057008144584063671 -1.1961194293698452e-08 1.0006204447407248
1.7376212059283092 10.971233597601657 1.5 1.0001575542321028 9.0995700253686103 0.00056091406901768775 -4.6408453491128414e-08 1.0004206546190171
1.9066472700273582 12.038131671675634 1.5 1.0001993550081927 9.0995515797655067 0.00049339920523048262 -2.6021973792056166e-08 1.0003126526081605
2.0947978229548756 13.225548603486796 1.5 1.0002096793219557 9.0995982123328858 0.00040709099960514728 -1.1661800510903595e-08 1.0002416761780148
2.3109706615158716 14.589325757693247 1.5 1.0002072717546375 9.0996738827028398 0.00032538346965488811 -4.2764611499309588e-09 1.0001938670313872
2.5764647496547344 16.262223691630972 1.5 1.0001658440380461 9.0998359065847652 0.00022590273380034101 1.7813073744327308e-09 1.0001409803334529
2.9249050967557624 18.463347076025467 1.5 1.0000941247059534 9.0999697708253873 0.00010352252229137305 -3.612630526034744e-10 1.0000859874643508
0.26324704540139365 0.98245138258893205 1.5 1.13327311215017 2.3981868998138656 -0.3960969471393182 0.00037901093687655674 9.4298908982528324
0.27291888334561376 1.0185472163931597 1.5 1.2154148986914515 3.0889473871119768 -0.35019304942985252 -0.00035556543427934991 10.444566230406798
0.28275216239542 1.0552455434522141 1.5 1.2766367406512218 3.5407790301724371 -0.24561102793600181 -0.00035102247074622497 10.888107483548227
0.29273004176635703 1.0924835205067545 1.5 1.3275237205608403 3.9020404700739273 -0.14938264613014401 0.00040304691087144121 11.170394666994566
0.30284353512391848 1.1302275751418489 1.5 1.3632608672963247 4.1640258163433916 -0.030438293525744013 0.0015670934868528661 11.351313959972623
0.3130198748250862 1.1682061659616279 1.5 1.4000310455643477 4.398593446878853 0.074905843383986398 0.0024422550245673589 11.505187418221698
0.32328403722216492 1.206512544820358 1.5 1.4275571189121428 4.5967067383682059 0.18368235091418098 0.0032311566435156039 11.609419607755751
0.33365505155018066 1.2452177126982131 1.5 1.4531395207451738 4.7546375350658874 0.29831312024905066 0.0036047860346661797 11.682624273621048
0.34414208507495136 1.2843558583295471 1.5 1.4788791971264312 4.9185629054716928 0.39760490138976462 0.0040111007057919311 11.770498240714588
0.35474891158548838 1.3239410674762935 1.5 1.5087487897003993 5.0015149882623149 0.50599647091551758 0.0045487568562259956 11.977295202900889
0.36547712201343929 1.3639792836956195 1.5 1.5309976159538028 5.1263187933582648 0.59831546252586487 0.0048779130074058626 12.056939335564202
0.37632683031477965 1.4044709344073358 1.5 1.5499356566041074 5.2478757989622649 0.68626874835975338 0.0050193640173066189 12.107532684165339
0.38729778159602429 1.4454150710080609 1.5 1.5691998855420339 5.3529282254195163 0.76791426120846107 0.0051870818150547829 12.167274097620306
0.39838921482064693 1.4868088527722336 1.5 1.5865303167862255 5.4623984472580913 0.84527798013455158 0.0053633320482206551 12.22160947193111
0.40960040144010168 1.5286495618085119 1.5 1.6044127721998938 5.558498103395503 0.9158831159897427 0.0056070078390059253 12.283187920558259
0.42093037167457614 1.570933577892075 1.5 1.6188400263109479 5.6558043456578506 0.98425072648502965 0.0057868038505825038 12.329341979172201
0.4323782586870788 1.6136576753677971 1.5 1.6337747425818916 5.7483155746556331 1.0463979228435967 0.0059621831504307471 12.369563642563302
0.44401104154734505 1.6570718196286145 1.5 1.6456502079427275 5.841937877213665 1.1074546877219886 0.0061239708034655314 12.397744731633567
0.45579786510987252 1.7010608361174886 1.5 1.6594881440318821 5.927958550457495 1.1608203817586638 0.0063056300100341805 12.429008643462483
0.46771822203461488 1.7455482060446292 1.5 1.6691281982577202 6.0151767348591836 1.2144781987204245 0.0064678944342735521 12.445925036560915
0.47982904773660134 1.790746428981822 1.5 1.6821449167359823 6.0966738784315151 1.2602331320160407 0.0066148195309539935 12.46545225475494
0.4921619949214035 1.8367736151905518 1.5 1.6918335924676233 6.176244667778648 1.3055865586786821 0.0067039295298896564 12.477503034458536
0.50466430313272659 1.8834328496462625 1.5 1.7007794418868882 6.2572208929353001 1.3459115819159988 0.0067199459687716998 12.470734303512108
0.51730491326391637 1.9306082384037788 1.5 1.7077098510922326 6.3382460602537156 1.383921085295696 0.0066517734028656919 12.448235733359763
0.53013500204163311 1.9784907873048332 1.5 1.7143194906329937 6.4161395481951358 1.4183092458298161 0.0065108063863996042 12.418334438050397
0.5431829526247256 2.0271864087521081 1.5 1.7210140675799723 6.4882799834058851 1.4478565543926791 0.0063070520202057724 12.387738844684202
0.55646174197091591 2.0767435260284577 1.5 1.725605886431909 6.5608583119862631 1.474908207908241 0.0060558936031810664 12.34209715426722
0.56997664950489613 2.1271818448199578 1.5 1.7298851439521412 6.6268295390747785 1.4952072505207132 0.0057738038430026756 12.300887037628943
0.58372910480258322 2.1785067029187957 1.5 1.7291067560096482 6.7007613270439208 1.5151096544833489 0.005451883120599155 12.220665619798913
0.59771860181537861 2.2307162129677716 1.5 1.7316398061628335 6.7560720988193168 1.5277138287137288 0.0051513516235502281 12.202224990824236
0.61194365390164474 2.2838048310723407 1.5 1.7295000546535402 6.8165477593218728 1.5340699974774146 0.0048339495043951981 12.132651306601229
0.62646819564259759 2.3380111655067313 1.5 1.7252984007240724 6.8793323154991182 1.5444052699988011 0.0045228865829051671 12.075701019572962
0.64132589018405861 2.393460834282644 1.5 1.7159565632934095 6.9579337053516461 1.5509684315483185 0.004202536700274811 11.924704088535343
0.65646585793796575 2.4499639550656798 1.5 1.7180389359093886 6.9889239967064078 1.5572144783246333 0.0039326904248853005 12.022858093159895
0.67192319512898613 2.5076515229606802 1.5 1.7058926734266378 7.0663917547557888 1.5552238239876832 0.0036349610623820391 11.869824455988224
0.68778203389027803 2.566837513890591 1.5 1.6936481585764993 7.1402436414947479 1.5489672807148618 0.0033594701322991818 11.72414960390349
0.70402013489033055 2.6274389242053937 1.5 1.6804240584273795 7.2155171042343262 1.5354560383644298 0.003096572812040491 11.55515069751104
0.72062063012544675 2.6893928111248631 1.5 1.6661632036464176 7.2943521052273628 1.5135137058069925 0.0028139978955219933 11.372304248831885
0.73770166960030759 2.7531401105169229 1.5 1.65076338899108 7.3767891604217413 1.4853287367892751 0.0024756206619334382 11.153973757065193
0.75532540666104464 2.8189127686564248 1.5 1.632363997604892 7.4651167554197899 1.4530535259917177 0.0019957745396469943 10.900696224487893
0.77351860060411626 2.8868106664857347 1.5 1.6120966489574833 7.5543928555305966 1.4153859544526988 0.0014003941971042237 10.619878762498157
0.79229088006179849 2.956869747588625 1.5 1.5891153359559409 7.6437519608161359 1.3730342339714368 0.00073305295796684288 10.309645072873554
0.8117054927694396 3.0293260420703572 1.5 1.5593948581937238 7.739093076616661 1.3291774042357998 5.207748418886272e-05 9.9559570811922899
0.83185561656636398 3.1045272815300047 1.5 1.5224419233729782 7.8455989915945876 1.288297760778679 -0.00041653434558483796 9.5551095771471424
0.85278446885324954 3.1826347549291691 1.5 1.4881320126429372 7.9469199848206786 1.2347523033108128 -0.00065612114994273549 9.1420467463070505
0.87463110502254671 3.2641673939230618 1.5 1.4531102183927167 8.0389921301129643 1.1695898082418987 -0.0007431255880743483 8.7200444083027069
0.8975863625323538 3.3498373745452867 1.5 1.4133485260076353 8.1275726399869175 1.0971656173733213 -0.00046260342239099844 8.2902125692318425
0.92180275656996669 3.4402138995706939 1.5 1.3708506887796639 8.2320488289225331 1.018436239065087 0.00057381180765590171 7.7488010331244039
0.9474673946264911 3.5359952066071845 1.5 1.3282944947104391 8.3268551086903049 0.92431961315491118 0.0010454244453561047 7.1953437380099743
0.97490477329551695 3.63839209286642 1.5 1.2850486842401012 8.4248736178382657 0.8179618608880973 0.0015427443275904157 6.6091400074767463
1.0046244059899025 3.7493056019180222 1.5 1.2332025844499119 8.5336644032281619 0.73832018620990514 0.0015643505055563827 5.9483521918084135
1.0373391118842421 3.8713950184691304 1.5 1.1782792609353041 8.6595730866327045 0.6152826705749288 0.001383011486201389 5.1512785817615585
1.0741849956965908 4.0088966404213036 1.5 1.1472922340974478 8.7156831129736378 0.51424823442857293 0.0020608184663230937 4.645648945167193
1.1175698169129005 4.1707765572082574 1.5 1.0942602605171798 8.8545949661436332 0.34329061533829092 0.0032548280042972565 3.5002346726528648
1.1736792685149597 4.3800715846266716 1.5 1.0978934787689341 8.8453156326681945 0.31248724677835116 0.0030870114285362214 3.4396144344933024
1.2481866626575684 4.6579975258612007 1.5 0.99795375358896343 9.1049096294989322 0.019497794329922841 1.6380769623977276e-05 1.1389778764471004
1.3418035830550028 5.0073409169864362 1.5 1.0005643163095783 9.1048441029780349 0.011695773255687577 2.3532033661440396e-06 1.0751520861038562
1.4551940102853655 5.4305430744995906 1.5 1.0007157430786271 9.104001054628684 0.0068540389080730168 8.2220934576767423e-08 1.042014655290197
1.5932667222681101 5.9458154952090174 1.5 1.0004365671834083 9.1026047584426131 0.0038129278200572697 -2.8600315952626079e-08 1.0246954955381309
1.7600871735282033 6.5684612546227115 1.5 1.0002601502642077 9.101500161486836 0.0021937533458755497 8.4235528415204562e-08 1.0143777672286594
1.9509373054814647 7.2808955517476024 1.5 1.0001693030074008 9.1006869428815218 0.0013266618732287138 3.272762931307925e-08 1.0085548594395366
2.1585595464898231 8.0558711296330845 1.5 1.000123730604064 9.1001776003959183 0.00089942396542532616 -3.1693719702667999e-08 1.0051671207392516
2.3806706118292098 8.8848491265043315 1.5 1.0001154976138165 9.0998615815480441 0.00068640173768374948 -2.7498650586495878e-08 1.0031786940891694
2.6183367674472011 9.7718412469966793 1.5 1.0001361244428577 9.0996726782598589 0.00053089003587789723 -3.0498829415405619e-08 1.0020060253652183
2.8745920450874158 10.728184961950632 1.5 1.000155371792931 9.0995947580987462 0.00049466885510691472 -4.7733999687211024e-08 1.0012980963075195
3.154466075979478 11.772650581178873 1.5 1.0001683033768483 9.0995697293592173 0.00044043745800721371 -3.348551933774183e-08 1.0008365799186123
3.4661563417391954 12.935806531564776 1.5 1.000188187668104 9.0995993896354328 0.00037042105856582158 -1.7218289652157485e-08 1.0005678813756973
3.8246313041211244 14.273404005598838 1.5 1.0001797637846002 9.0996651625258664 0.00035510659070616708 -4.8247429780779826e-08 1.0004100981685018
4.2666818072874859 15.922425320133264 1.5 1.0001578813244145 9.0998111135308761 0.00026284096849047995 -2.7996263182944551e-08 1.0002875374547071
4.8423134177800566 18.070962764129309 1.5 1.0000997326245278 9.0999507817134564 0.00013968836175244713 -1.3643308316848505e-08 1.0001841308136945
0.36449892743936957 0.94955212581117343 1.5 0.8253719197629682 2.3400925872731366 -0.61430812955626368 0.00046866736580513079 9.0059357387000532
0.37789058033645662 0.98443849996765298 1.5 0.91763035185212316 3.0922691571284573 -0.58329381183886753 -0.00030757857697004143 10.108799489677557
0.39150579981060274 1.0199072918301475 1.5 0.98998442482854287 3.6060380595193791 -0.51834829257048609 -0.00043848286827113681 10.617000992242371
0.40532129886607376 1.0558978534773491 1.5 1.0529466663368996 3.9795703023320002 -0.41552846163210261 2.3228482126845542e-05 10.877618900088031
0.41932464061559882 1.0923777617025903 1.5 1.1038051422516608 4.2801472732583647 -0.31688507960354018 0.00096238130202437231 11.030880484850405
0.43341497678619734 1.1290842788076305 1.5 1.1470770628667295 4.5072461326772784 -0.20895246503784601 0.0018789046608121639 11.140952292450027
0.44762700827257801 1.1661078854195503 1.5 1.18523659458758 4.7099350994903491 -0.10626185153541977 0.0024411021417200208 11.219701731351286
0.4619870532307726 1.2035171171114298 1.5 1.2197798679372911 4.8754092332836123 -0.0074344099384312506 0.0028742828048012046 11.281160252743435
0.4765077590987048 1.2413448834974599 1.5 1.2485587354399836 5.0089707596736872 0.10169140883252711 0.0031659440928722524 11.336323774237696
0.4911943361543904 1.2796047522500038 1.5 1.2755983880505948 5.1546379520793808 0.19357414702427486 0.0033653563005727537 11.349107220834096
0.50604897452670095 1.3183024280091635 1.5 1.3062610921993387 5.2336988729323926 0.29204981816694503 0.0037135891777034837 11.491770420229757
0.52107183523446876 1.3574383334391906 1.5 1.3326817534505688 5.351736994584865 0.37769930219331266 0.0040209247601080073 11.545287332554937
0.53626256212044576 1.3970115414284794 1.5 1.3563783833114536 5.4606022968127084 0.46076507746384193 0.0042853471074071467 11.577657651450982
0.55162010697553776 1.4370193234794657 1.5 1.3798388086621021 5.5627023896961179 0.53828328614800436 0.0044885049075385746 11.613818045100782
0.56714345884315953 1.4774590457992018 1.5 1.4022712303643887 5.6579711729072901 0.61120666173936267 0.00471393475306484 11.650873087097036
0.58283127943927071 1.5183272233486513 1.5 1.4228128100886313 5.7497404454621064 0.6809320840976496 0.0049173308531919504 11.681765891191343
0.59868236744561221 1.5596207329789138 1.5 1.4425088485993427 5.8394485474805 0.74611160591492931 0.0050800981681476997 11.703447438798181
0.61478949976361252 1.6015812800224323 1.5 1.4606970385992577 5.9269017520365965 0.80938801075714462 0.0052416793808281363 11.719339278338037
0.63110989429893127 1.644097370985663 1.5 1.4787103959285848 6.0112915724614195 0.86767222159911239 0.0053815535763055023 11.728655109237557
0.64761516167272437 1.6870950626706613 1.5 1.4950777216731392 6.0926446125787832 0.92412132656132717 0.0055232653196458561 11.734662464390242
0.66438418084049622 1.7307798720056808 1.5 1.5120579881351564 6.1723761365018825 0.97564769212698943 0.0056458386965691238 11.734952640995095
0.68146076279631806 1.7752659094233825 1.5 1.527834237590016 6.2487276908932801 1.0254625188302797 0.0057556434664045074 11.733578301820708
0.69877181181988768 1.8203627272900111 1.5 1.5427047961859102 6.3242996368569644 1.0716960187738731 0.0058234728654784594 11.723064891391353
0.71627433769442117 1.8659583536006097 1.5 1.5569044249750121 6.3977259507247553 1.1147423058531514 0.0058548566374576174 11.707444299046186
0.73403924460081504 1.9122375284068844 1.5 1.5699504780179152 6.4709742487309176 1.1554302169730499 0.0058338131729300221 11.681103920320407
0.7521058207885003 1.9593025850336216 1.5 1.58292248222681 6.540624314602268 1.1926801384497019 0.0057696811319909733 11.652827897441206
0.77049202223034841 2.0072002893663807 1.5 1.5949193645092334 6.608509392153227 1.2272510186045988 0.0056586928280159517 11.615416661918619
0.78920515355666954 2.0559496699130175 1.5 1.6069757064573953 6.6717774097361859 1.2576224009385955 0.005512820675577494 11.579443596661438
0.80824719325102357 2.1055558821947042 1.5 1.6172042389500394 6.7345113329109338 1.2855238951807255 0.0053295792246441393 11.533727305589757
0.82761744168617501 2.1560171050326495 1.5 1.6274187462899137 6.7936220442161934 1.3082994576347862 0.0051324066661604575 11.491165045465362
0.84731384253341591 2.207327985591836 1.5 1.6357563896614147 6.8498841119326599 1.327586550790022 0.0049072180744926365 11.446891227179998
0.86742494493244671 2.2597192138628479 1.5 1.642776588288799 6.9064734758876716 1.3451033964590189 0.0046585069727379949 11.391039021333185
0.88799734568018984 2.3133121618938697 1.5 1.6496668636651974 6.9558006011732356 1.3585416942812627 0.0043967758140424397 11.360884626181234
0.90896056282535032 2.367923204884355 1.5 1.6500771770185672 7.0219074439712656 1.3739818408575171 0.0041328621253980567 11.237940691249733
0.93036322347860434 2.4236790454563986 1.5 1.6520583201155763 7.0765263554461173 1.3868605902936813 0.0038873753748221679 11.175027768317985
0.95232183875771359 2.4808832078586365 1.5 1.6495154241042198 7.1485819625589233 1.3954034077530204 0.0036425278517088671 11.022823862328513
0.97480557532608958 2.5394553461318332 1.5 1.653899640601791 7.1750588933082851 1.4194366577107773 0.0034113946673256486 11.079472636485251
0.99779107680958079 2.599334621277869 1.5 1.6498505436009803 7.2436020217706245 1.4264974618620454 0.0031782431792405511 10.944000574646269
1.0214419875041889 2.6609473604720568 1.5 1.6474802116445424 7.3059120232041064 1.426137831878862 0.0029169042633248937 10.818046239182413
1.0458443453202277 2.7245176808971601 1.5 1.6433616145470828 7.3739919055737815 1.4205826328514159 0.0026173637997288367 10.66178761378707
1.071035184272888 2.7901420609730643 1.5 1.6383192265333637 7.4425811828848119 1.4105763380707699 0.0022542207755534625 10.495912687289627
1.0970278262904491 2.8578552071464562 1.5 1.6309153695611647 7.5135739058548969 1.3957925689072397 0.0018392780349649617 10.303167257052841
1.1239098693526526 2.9278853213452631 1.5 1.6194644625595946 7.5865842164628372 1.3781179186075825 0.0013698036531693116 10.089672545667289
1.1518103428622195 3.0005685334867547 1.5 1.6036003525177371 7.6637536271208404 1.3519867811788056 0.00094889084645688178 9.8479087062402044
1.180789064656004 3.0760606633268299 1.5 1.5831306886805188 7.7485680736862159 1.322533505613092 0.00055062378671244896 9.564850538760826
1.2110386145130598 3.1548633950450826 1.5 1.5592490791798364 7.8369388656784889 1.2874229769586218 0.00020901214702049217 9.2520545057372345
1.2428232616662522 3.237665159104143 1.5 1.5311133829853094 7.9243649677199075 1.247011893316408 0.00013795412511848789 8.923028444544272
1.276354160999047 3.3250160269323636 1.5 1.4985826955045851 8.0188643546261584 1.2036346819035997 0.00046784425573520697 8.5501862617202082
1.3118904057263285 3.4175909255030699 1.5 1.4648238894912291 8.11378133355778 1.1454534165528618 0.00074880906600728679 8.1448207879752221
1.3498814009086524 3.5165604632449021 1.5 1.4300381921058649 8.2010509651301771 1.0754875572245719 0.0012043066303654016 7.7423254591949924
1.3910328395601383 3.62376276365175 1.5 1.3833832112150004 8.3033559763752525 1.00168156596025 0.0014518635990218441 7.2226303303154937
1.4363320290010297 3.7417692335126356 1.5 1.3373781512718965 8.3950413261177808 0.92144261578173914 0.0017000555740768152 6.7175061116392882
1.4873529014877755 3.87467762343945 1.5 1.295065542797212 8.4738119478775786 0.82481321726708556 0.001853173109192802 6.217351165494085
1.5474326163088237 4.0311670914042983 1.5 1.2476913162302969 8.5599026202043156 0.70997636844308765 0.0025858750207112375 5.6233195901593938
1.6251809653514897 4.2336430874433386 1.5 1.1926968328822274 8.6875259970470768 0.55223609708067789 0.0030139850705904799 4.7481568568540276
1.7284772843278999 4.5026673202408576 1.5 1.1455027980043004 8.7731483044245699 0.44497484725314018 0.0029779919843518198 4.0760054340056886
1.85821042713528 4.8406236624651591 1.5 1.092810455214076 8.8774705594858681 0.25890865110383149 0.00098218569537454571 2.8931640593533592
2.0152724263240653 5.2498069859890419 1.5 0.99813157559618082 9.1004191779639729 0.021392274400543809 2.4509896613219297e-05 1.1620303813009718
2.2065817600314235 5.7481998756680053 1.5 1.0006976025027288 9.1020740102910889 0.011731931540851266 2.1204663129646668e-06 1.0820829128840439
2.4375479811735632 6.3499257855790479 1.5 1.0009691862287862 9.1015742633497503 0.0061354586920015081 1.7086042375734655e-06 1.0451823999678322
2.7015256708311841 7.0376631006358572 1.5 1.0006933460107827 9.1008959992243899 0.0033993771763958331 3.8474202322303603e-07 1.0267090090358446
2.9887560880927615 7.7859541783638173 1.5 1.0004732366644478 9.1003389992285246 0.0018727350833329028 1.4052441563869169e-07 1.016485927435707
3.2961769677118862 8.5868264390054279 1.5 1.0003144568704172 9.0999833424475263 0.0010858984921658008 6.851802918095565e-08 1.0103958705613907
3.6252307070628613 9.4440490850042931 1.5 1.0002510743862301 9.0997513326774975 0.00065980219329263127 1.0878455380354579e-08 1.0067314831928522
3.9800854298147095 10.368482531489137 1.5 1.0002175700167586 9.0996343979780754 0.00047407676874550571 -2.3454132142379782e-08 1.0044248674878693
4.3676945228321387 11.378237994010924 1.5 1.0002035533088813 9.0995861406425025 0.00037005323504329203 -2.5564244374662741e-08 1.0029168617347526
4.7994351434071039 12.502940880885049 1.5 1.0001963294828116 9.0995960569264849 0.00024311636418043416 -3.0433634004367635e-08 1.001943279592169
5.2961419404409842 13.796794608998068 1.5 1.0001802866162952 9.0996482106318712 0.00021896195915862491 -4.5790041636325552e-08 1.0012934229628199
5.9096781155489051 15.394905017652656 1.5 1.0001275095846143 9.0997835851140341 0.00016515754831091266 -3.251070740069617e-08 1.0007862494915256
6.7063652494173702 17.470456569747377 1.5 1.0000824937948425 9.0999248800629591 7.9400977211780563e-05 -1.6988642976651229e-08 1.0004657836283044
0.46175737751592782 0.906249842191026 1.5 0.58672377602470094 2.2446837794479082 -0.81938133650458955 0.00050203730420871984 8.5701248069700728
0.47872226657860872 0.93954524698368735 1.5 0.67090275136581989 3.0280348875444143 -0.83916209693410326 -0.00026933833192986883 9.6164677427208414
0.49597037537210042 0.97339650697838742 1.5 0.74917701973716599 3.5572524575522841 -0.77373679760499836 -0.000442621741904012 10.199362574993048
0.51347221055796144 1.0077457529014089 1.5 0.81455634570357127 3.9650845985378007 -0.69645972040409876 -0.00024583976333436547 10.519828493002086
0.53121201724490952 1.0425620457423266 1.5 0.87365937564842377 4.2876308104817689 -0.6017484615803177 0.00034516664259356727 10.710685531019214
0.54906203180973945 1.0775946191947061 1.5 0.92351655405774502 4.5373499076930015 -0.50132401446996688 0.0011471428635864255 10.817822887531104
0.56706622643514359 1.1129298390687088 1.5 0.96885326585644271 4.7430278707380724 -0.4043837239108265 0.0017700069386519905 10.897795413473597
0.58525793862449049 1.1486331136977066 1.5 1.0088970269929767 4.9077402762125901 -0.30455496249625047 0.0022973292087379153 10.961521151437609
0.60365318387972433 1.1847358443807017 1.5 1.0415700523583731 5.0678465253480818 -0.21120381676540503 0.0025947629073050553 10.983013469181483
0.62225856016532699 1.2212509753609344 1.5 1.0762966824994393 5.1631850379902033 -0.10591177654798137 0.002895156165444251 11.11618541466793
0.64107684029569723 1.2581839475193499 1.5 1.1058781247729148 5.2932766535674558 -0.020080581365127335 0.0031012712347560528 11.124491308541558
0.66010822808638003 1.2955351632565313 1.5 1.1319171834013555 5.402513757776938 0.065933442874502424 0.0032513714009730359 11.105260214796745
0.67935227203401327 1.3333037369352256 1.5 1.1583509765288444 5.5119561320675956 0.14605930103680945 0.0034548772116354113 11.125049778783096
0.69880764462787937 1.3714870649353994 1.5 1.1829253873584398 5.6169629364356854 0.22249733818392003 0.0036820930266558056 11.129531287468341
0.71847306511352216 1.4100826335158672 1.5 1.2077266370831454 5.7118787624714331 0.29468598037675175 0.0038828819142711917 11.14512059921069
0.73834683850125682 1.4490871171688853 1.5 1.2305493139347572 5.8041249513732334 0.36410477367930877 0.0040592467405676964 11.15254495273507
0.75842744363656578 1.4884975355527794 1.5 1.2528233813448408 5.8917910874281283 0.43080623139500418 0.0042413752159404707 11.158532881149645
0.77883241554014271 1.5285445749039086 1.5 1.2739302314154168 5.9768898381874465 0.4949190320343449 0.0043875609382422413 11.160144847523867
0.7995075508640348 1.5691218213608389 1.5 1.2948138518718111 6.0577224700042116 0.55503743782940618 0.0045372417356856487 11.159980785672564
0.8204168861317912 1.6101587032815106 1.5 1.3143348103967514 6.1370132064966327 0.61321026807207824 0.0046580745188933388 11.153284712335573
0.84166035180480581 1.6518513694622345 1.5 1.3342156083937518 6.2127112948559491 0.66755014268395585 0.0047824396078160686 11.146546616704043
0.86329344677125786 1.6943087259619314 1.5 1.3530975994399956 6.2872930074969098 0.720273658393353 0.0048820532057522199 11.134181883646868
0.88522356726957052 1.7373490061542805 1.5 1.371588425694539 6.358592494326273 0.76988890950371558 0.0049732384180772695 11.120369015129056
0.90739625417956327 1.7808653448160841 1.5 1.389262809073641 6.4290514183371954 0.81708559978523443 0.0050337622689720796 11.099336712555107
0.92990133516083295 1.8250340614177807 1.5 1.4067050427782819 6.4967256937781119 0.86160605317963068 0.0050748802513154818 11.07742747370501
0.95278858026021773 1.86995282257272 1.5 1.4235330360941569 6.5634867561114429 0.90386630049538785 0.0050808019537382015 11.04908051563576
0.9760807352297951 1.9156662605508281 1.5 1.4402406000546584 6.626942737951131 0.94341332581113879 0.0050612917785842941 11.020524466894726
0.99978705341555951 1.9621925354232077 1.5 1.4563830586105759 6.6891150623665157 0.98060022612716724 0.0050076466723449568 10.985298006089796
1.0239100411897986 2.0095365672765855 1.5 1.4719600324946578 6.7486681037758673 1.0158129982991269 0.0049278420125528927 10.947653433213114
1.0484488123478735 2.0576966179413794 1.5 1.487027886659694 6.8063345724347082 1.0482197754121731 0.0048208441419669021 10.90571730318478
1.0734007623448483 2.1066675789548972 1.5 1.5012451102813422 6.8620395738566522 1.078582372382151 0.0046925502785762204 10.859941441427885
1.0988780696333875 2.1566696222815054 1.5 1.5148055783030481 6.9163747425164885 1.1066101573937082 0.0045430603383924181 10.81084590123077
1.1249397625475814 2.2078185843026157 1.5 1.527725050986328 6.9687509418861389 1.1321330334912612 0.0043738934169304088 10.759859689525038
1.1514965502208467 2.2599392112505416 1.5 1.5389254320139527 7.0223648569168828 1.1566016478458325 0.0041856975513026593 10.699719908596595
1.1786100378425357 2.3131524297144783 1.5 1.5496853447796111 7.0726572167761779 1.1776882087406104 0.0039818305729388704 10.639662971354785
1.2064278260331083 2.3677479243606521 1.5 1.5600463455706082 7.1196875404208058 1.1990253188529181 0.0037680995198618528 10.596858952738737
1.2349108511216755 2.4236490105296284 1.5 1.5649282857867171 7.1829450123945282 1.2194309802598657 0.0035571083305587885 10.471033990629484
1.2640295248389881 2.4807976229339932 1.5 1.5710936363139603 7.2334310044824166 1.2374255423620866 0.0033245577315321006 10.392171928827317
1.2939911597379439 2.5396006509178566 1.5 1.5751053555116099 7.2967694154257865 1.2491650540781845 0.0030809718531410691 10.253701770585172
1.3249047491026236 2.6002719906707581 1.5 1.5855523924710193 7.3157324600541829 1.2743747292494467 0.0028826981779282198 10.280886483434346
1.3568172082822949 2.662903719800128 1.5 1.5894868929890464 7.3770261850769892 1.2822326971935949 0.0026088703110924883 10.152782820235094
1.3897454133667146 2.7275289606019553 1.5 1.5933187699687517 7.4341824488586816 1.2864056407261639 0.0022993279853745071 10.023167980743533
1.4238003366107215 2.794365509633439 1.5 1.5944029965097686 7.4972861393194883 1.2881891812760253 0.00196216648352038 9.8662909940180992
1.459145436501935 2.8637341699417691 1.5 1.5934171671683244 7.5588289748314006 1.2915499051041441 0.0015848014777217019 9.7061340785769072
1.4958564904414433 2.9357836542200375 1.5 1.5901333478351853 7.6240783159284389 1.2899952024732664 0.0012152281266148361 9.5266019677481104
1.534177465032011 3.0109927716463365 1.5 1.5849187859508469 7.6898652078684933 1.2825965593170139 0.00093156756255394094 9.3340568633788994
1.5744431448433409 3.090018563127908 1.5 1.5760417618886515 7.7585444907137848 1.2708570715002299 0.00073431590783240715 9.1223138922074387
1.6169210268529652 3.173386016509915 1.5 1.5628164153888005 7.8310659809285363 1.2558513036334353 0.00065806214329985457 8.8849018135456408
1.6619393361217691 3.2617392832855412 1.5 1.5472075955183695 7.904887032052728 1.2319839827329921 0.00075071037962691608 8.6309216256292274
1.7100673858808715 3.3561956009481384 1.5 1.5285164612370685 7.9842984239699728 1.1899200219634334 0.00090744083276236701 8.3443466767480157
1.762199161115527 3.4585093045117761 1.5 1.4999643929492181 8.0734051187916052 1.1484697775527013 0.001090625562253133 7.9983489374549412
1.8195853915468996 3.5711346079046695 1.5 1.4648602270008146 8.1731612930443376 1.1028491873529351 0.001367777410983838 7.6070839165505042
1.8842198546458584 3.6979825656298146 1.5 1.4288614701272482 8.2656473402640387 1.0392906138459095 0.0016557460985990185 7.2082652872815238
1.9603292099478318 3.8473369235658215 1.5 1.3849934560086754 8.3577412938851801 0.95196904339552746 0.0020233708438675757 6.7226004340933843
2.0588267802809295 4.0405978947473962 1.5 1.3307276446555141 8.4668110612065721 0.8282247168303859 0.0026397689892187393 6.101171674747488
2.1897139354841233 4.2974245107629354 1.5 1.2632970290238406 8.5912062533377753 0.68855278479196314 0.002664202056023056 5.306732838751274
2.3541093860209132 4.620065340090143 1.5 1.1963909684818126 8.7277084982992115 0.52330953961438864 0.001879927595678186 4.3116026612997072
2.5531219913891441 5.0106711455616324 1.5 1.1337165348352687 8.8448616041353603 0.39513553995202616 0.0012377788775086724 3.4268050028721366
2.7955459819053301 5.4864757974974969 1.5 1.1048457491419663 8.9026488677798294 0.31540360127626355 0.00081957064582514829 2.8842883612824268
3.0881650959169518 6.0608067559530898 1.5 0.99807395510879671 9.0970201405110611 0.022134937255433192 2.4972321866929774e-05 1.1761477590078091
3.4224943238610157 6.7169931051419205 1.5 1.0003843008768389 9.1000380527194 0.011910733569753461 6.3716060657875606e-06 1.091893735605346
3.7862593339421347 7.4309315368343523 1.5 1.0008901787916733 9.1002417896483987 0.0065565557257369162 2.0802018270110673e-06 1.0539823766777594
4.1756423883403082 8.1951414604484896 1.5 1.0007987473281725 9.1000347799382393 0.0035184652795362645 7.058700632244141e-07 1.0336324616911594
4.5924718503333937 9.0132200964750169 1.5 1.00060077558519 9.0998481313102495 0.0018713950573026274 3.3989666360537115e-07 1.0218228465505399
5.0420162830513657 9.8955073377927505 1.5 1.0004494968969211 9.0997128217730001 0.00099520478985335196 1.4433264735988912e-07 1.0145086223378705
5.5330777028337597 10.859274640638219 1.5 1.0003328864217089 9.0996574813159548 0.00054287735416670756 1.5448798874373397e-08 1.0097316277432593
6.0800758760054396 11.932812427993944 1.5 1.0002808740808571 9.0996094085447012 0.00018266006584702465 -2.6774593704373857e-09 1.0065304820882197
6.7094404684268056 13.16793278531987 1.5 1.0002254233681505 9.0996329262748734 4.1248643644614537e-05 -2.9195959600110937e-08 1.0043140076111545
7.4873280695096582 14.694545853392867 1.5 1.0001394436105013 9.0997405627329435 -9.9600171849605504e-05 -4.4155776755600866e-08 1.0027153011368886
8.4964810374044468 16.675197409057319 1.5 1.0000819100307363 9.0998791150184672 -0.00015418595148346498 -2.7549125027819527e-08 1.0016309295464643
0.55395672488064196 0.85301852036315695 1.5 0.41201571759391054 2.1311749492508638 -1.011493314073846 0.00050266981119002202 8.2530283245116749
0.57430899422696813 0.8843582125842524 1.5 0.4839509479007007 2.8997972828756113 -1.0845417097622985 -0.00021034072687182978 9.1409092472516669
0.59500103404435656 0.9162211096925168 1.5 0.55164208531869485 3.4361639844153307 -1.0538705078555015 -0.00043314627666268904 9.6800640918859262
0.61599746415266987 0.94855274331677364 1.5 0.61570362987179983 3.8498999148986668 -0.9722749855530618 -0.00034732263378999076 10.069815089364083
0.63727938239170046 0.98132399150676153 1.5 0.67207024350750066 4.1925425373596541 -0.89162418703612834 -3.9107238703481857e-05 10.325827783052054
0.65869351280505339 1.01429881658558 1.5 0.72383229388023795 4.4707514904720487 -0.80047616878083949 0.00051276828872887461 10.49010529448147
0.68029261442996747 1.0475585149888063 1.5 0.77142331602957348 4.6918180949762656 -0.70502442055295689 0.001139535012461088 10.595293202199425
0.70211667913893727 1.0811646519633122 1.5 0.81274944675869398 4.8942210318770396 -0.61964560779374023 0.0016853582104289228 10.637819439399307
0.72418491687720454 1.1151467824443557 1.5 0.85386019314022299 5.0143791082589759 -0.51064467885082343 0.0021036668801710586 10.800726433323772
0.74650524232575644 1.1495170897716471 1.5 0.88650249882032195 5.1615630476029448 -0.42371064574448819 0.0023616955580787842 10.816869739223502
0.76908098167925776 1.1842806949121261 1.5 0.9157633651012379 5.299823136457527 -0.33679417076224305 0.0025592412022964273 10.793924034017456
0.79191237960018745 1.2194379765855112 1.5 0.9442957857271812 5.420395666717476 -0.2560573766736276 0.0027575458256821057 10.776926042096498
0.81499889443116402 1.2549881011117896 1.5 0.97031061966717458 5.533189358486224 -0.17575499508660358 0.0029114759654041808 10.757605652837785
0.83833893376389412 1.2909286178661514 1.5 0.996610569469492 5.6368057607754425 -0.099843856713127802 0.0030090189049281416 10.748403726405833
0.86193096110150047 1.3272571607531081 1.5 1.0216279299901374 5.7283958265938582 -0.027580416915792692 0.0030977463272278483 10.724126069860548
0.88577294313966948 1.3639705996743854 1.5 1.0462115609027565 5.8180447394036925 0.039311367438528311 0.0032505436216313274 10.730552325837859
0.90986305554020397 1.4010661296451221 1.5 1.0686308934059081 5.9084027647071569 0.10551096974331031 0.0034294660118166223 10.714151165949673
0.93434230276869046 1.4387608874836513 1.5 1.0914572480990106 5.9907638377485242 0.16842287124443844 0.0035819556956897861 10.708696639440488
0.9591456551238331 1.4769547080551924 1.5 1.1133631067033998 6.0704144613406461 0.22753738831720768 0.0037183544096916145 10.69839598258268
0.98422996937857143 1.5155811654930931 1.5 1.1343499506389139 6.1475482533005694 0.28582247074707634 0.0038489238123565386 10.683783453014895
1.009715131717245 1.5548248885277531 1.5 1.1548803581163416 6.2230971631508991 0.34174177600571459 0.0039626673932826127 10.665127750533031
1.0356677208023679 1.594788385440729 1.5 1.1751379034873746 6.2959985156686882 0.39622587119172253 0.004075309242814509 10.645550955383236
1.061976640358361 1.6353005650340107 1.5 1.1947070428494426 6.3664207949562881 0.4478310661244651 0.0041614167146779898 10.621473494613484
1.0885765591238039 1.6762608400031305 1.5 1.214154167686289 6.4337967016445807 0.49706068472436871 0.0042448448627953831 10.598033187100613
1.1155752431028532 1.7178351744215341 1.5 1.2330641311537869 6.5001773048869893 0.54437250199143861 0.0043027158451060515 10.569475270756229
1.1430323986626734 1.7601154975316948 1.5 1.2519590906134441 6.5636927322572403 0.58948308151460826 0.0043508567406323846 10.541708766432238
1.1709753123017039 1.8031438195369267 1.5 1.2703551772126138 6.6263479775159224 0.63299846059347153 0.0043726287510181053 10.508551891167759
1.1994150849142944 1.846937233778239 1.5 1.2887625457946335 6.6858128345076446 0.67429133586473722 0.0043797214951994444 10.476143961642796
1.2283547234241756 1.8915003713892933 1.5 1.3066213651889658 6.7444557903889093 0.7142341083089746 0.0043607876169744651 10.438232383659967
1.2577931647885814 1.9368315963479614 1.5 1.324361087593124 6.8000379575430712 0.75209478380043915 0.0043257327137325155 10.400503727258549
1.2877272847504249 1.9829261004250109 1.5 1.3415465242840772 6.8547704676455545 0.78838516270455761 0.0042674060521462522 10.357903612318378
1.318291661493197 2.0299911236514285 1.5 1.3584979951375269 6.9074917932628583 0.82315204706618117 0.0041931749255196757 10.313863813773928
1.34955710819577 2.0781356977195631 1.5 1.3749198080510763 6.9594808052719257 0.85629767909362386 0.0040976863600291381 10.264680247492828
1.3814165041073418 2.1271948623193229 1.5 1.3906387591166118 7.0102010075701635 0.88816020721854805 0.0039903071588212958 10.212705757061453
1.4139437572078335 2.1772824420950556 1.5 1.4059488341188293 7.0601531930142505 0.91833527744889809 0.0038699376215773971 10.15794948660284
1.4473159398625759 2.2286711063648408 1.5 1.42069707032743 7.1093151297924342 0.94719344776305547 0.0037358455574528979 10.09873522940731
1.4814861866560241 2.2812886738041072 1.5 1.4339403171306468 7.160449799726436 0.97573580591502285 0.003585827373700729 10.028596546929466
1.5164190019137447 2.3350804899990463 1.5 1.4466374816359115 7.2102678295726745 1.001461850370845 0.0034171757340200957 9.9528362104078578
1.5523630940581143 2.3904295453031406 1.5 1.4602282749933897 7.2548634726795784 1.0262521999690073 0.0032206974088267192 9.8982911977794945
1.5894492175555406 2.4475371712922964 1.5 1.4707183659327805 7.3105368080708786 1.0469863782307125 0.0030265219505083039 9.7835214061219862
1.6277336554744299 2.5064900371661381 1.5 1.4823186223858233 7.3560898684713996 1.0677955464675251 0.0028049138991812854 9.7035178026865747
1.6672366536542973 2.5673193196999247 1.5 1.4910850977752867 7.4163559838619468 1.08292823954321 0.0025590150894826921 9.5590530531783973
1.7080913423795998 2.6302300225925945 1.5 1.5069809230872429 7.4332891802801297 1.114871219654324 0.002267128660512362 9.5780189832045419
1.7504938177751241 2.6955241054860926 1.5 1.5140609126351137 7.4860529490612011 1.1270343616456719 0.0019604182261367771 9.4323892049822291
1.7945349868396883 2.7633415455222181 1.5 1.52179000559494 7.5396275878861641 1.1398445871688125 0.0016366746872942676 9.3019625648851374
1.8405075289514281 2.8341330275635208 1.5 1.5278797445108467 7.5969228097832859 1.1512323002594258 0.0013651455396170504 9.1605152600220414
1.8888130743094527 2.9085169988955633 1.5 1.5326723120338999 7.6545040511675335 1.1574180801394618 0.0011089495392385218 8.9938204927887995
1.9397725308053968 2.986987610574185 1.5 1.5276905282066489 7.7349623308224063 1.1767368965235023 0.00092998893656413601 8.746442025918661
1.9937796578053006 3.0701511768166698 1.5 1.5359263677966959 7.7766515386186228 1.1617805388322096 0.00084977834684553508 8.6327436236974435
2.0515174334514992 3.1590593062373928 1.5 1.5325480619221308 7.8469554808241346 1.1659706265731187 0.00089209621561412236 8.4255108123030436
2.1140583249269396 3.2553632791535385 1.5 1.5293173222319645 7.9080018776377869 1.1515872826954154 0.0010556797934077355 8.2189524836221874
2.1829027495612463 3.3613731346499343 1.5 1.5176883208163707 7.9845192869330202 1.1384959289042254 0.0012721994154717921 7.9626480203794179
2.2604423920619929 3.4807701154718744 1.5 1.5016556226801732 8.0665584055425352 1.1132216237134647 0.0014645520040905452 7.6771991018616772
2.3517466890722192 3.6213508291686072 1.5 1.4786731108091 8.1529880207075287 1.0710885464987254 0.0018110790588129662 7.3406942119360341
2.4699073244655905 3.8032592914649626 1.5 1.4407256808470028 8.2662691012822531 0.98945883670535872 0.0020638480746272073 6.8606203747496242
2.6269306935615022 4.0450092716866966 1.5 1.3853685146702193 8.3938508950683524 0.88680867072330116 0.0023446102607700939 6.252073157025718
2.8241649543605116 4.3487212173175367 1.5 1.3209643902773471 8.5350559785986526 0.75933288782449138 0.0022665150678145953 5.4971327983529985
3.0629335735792855 4.7164114812981275 1.5 1.2487517082397261 8.6751892007969378 0.62791461186169795 0.001765442743694567 4.6336133086388358
3.3537932916582194 5.164315835988913 1.5 1.1844676403533267 8.7927405502785891 0.48602050513151096 0.0011590468848424098 3.7908577747035235
3.704861500372497 5.7049433756853825 1.5 1.1237503551416754 8.8910503810968589 0.36448483424190786 0.00066268522705006147 3.0117891421668017
4.1059269654041923 6.3225517347428619 1.5 1.0463510136465897 9.0335174284334201 0.14722618701429757 -0.00033009823919080548 1.6555234983994973
4.5422862030270759 6.9944903408990813 1.5 1.0008367891109704 9.0952653572257152 0.024107558068676076 5.0220122776111376e-06 1.1752671016248306
5.0093874069000499 7.7137627363559664 1.5 1.0014267146394122 9.0985565488469504 0.013258915091181558 4.4337885131092376e-06 1.1040355510773985
5.5094304351590564 8.4837643879984679 1.5 1.0014340224643496 9.0995232974541782 0.0072383837485150131 2.3477132067421997e-06 1.0657018860142593
6.0487331226694572 9.3142234215100235 1.5 1.0011998689112998 9.0997351543551179 0.0038952517705497587 1.287975413299148e-06 1.0434320306393803
6.6378520036258903 10.221392244455634 1.5 1.0009355182158801 9.0997075545696102 0.0019385660940127599 9.8826030742354531e-07 1.0293150601218295
7.2940869512215798 11.231901951593095 1.5 1.0006439682412331 9.0997233258710875 0.00075886333139413037 2.5289112645036805e-07 1.0196300702880019
8.0491525546189813 12.394538146665235 1.5 1.000476832844684 9.099722982069272 0.00013989297436364749 1.6747556244462034e-07 1.0131653329378345
8.9826187765390273 13.83190868077244 1.5 1.0002822962293452 9.0998387147398461 -0.00017284564457511564 1.6927104139190453e-08 1.0083773479294984
10.193240835937594 15.696166778229479 1.5 1.000163146601017 9.1000111170240245 -0.00042684800091491806 -4.6609374345309047e-09 1.0050871830101575
0.64008680700469223 0.79044135042085584 1.5 0.28390969052977127 2.001402331197053 -1.1912605384014565 0.00052848127349786316 7.9065143152254604
0.66360347422455568 0.81948196890664171 1.5 0.34066226530475435 2.7263167198305727 -1.3213744277267003 -0.00015283406497710434 8.5302238593687409
0.68751274036301879 0.84900741034481308 1.5 0.3999558295560125 3.2582901496438366 -1.3263261748791837 -0.00035027453051616737 9.1680461384426852
0.71177372560772234 0.87896720304767217 1.5 0.45230839588617128 3.6681215153362725 -1.2709919371660008 -0.00035910760529165323 9.5287826253955519
0.73636458731961807 0.90933436047474636 1.5 0.50370661159116592 4.0182696052453455 -1.1876526171371098 -0.00025006424941994128 9.8353392970374962
0.76110821657129257 0.93989015972021805 1.5 0.5516291219420103 4.3009191233528865 -1.1003340281921117 0.00012960661578010593 10.077139743988869
0.78606558117194281 0.97070993704790087 1.5 0.59562447650143135 4.5564020401713732 -1.0130007663330804 0.00059453489921297879 10.214492088430003
0.8112828892289865 1.0018507401471692 1.5 0.63902016233959291 4.7311392193758257 -0.91031174269205983 0.0010677456434910579 10.406709289120966
0.8367823347756207 1.0333399540481689 1.5 0.67689520274502668 4.9221072297579447 -0.82448512075917102 0.0014550683342041445 10.493670909603734
0.8625730626261392 1.0651888680184474 1.5 0.70970951233798873 5.0800366463964943 -0.73574970040943788 0.0017778376842224432 10.503030529613197
0.88865891602694691 1.0974022272707078 1.5 0.74029935139939362 5.2359496297469104 -0.65485859150300563 0.0020471328620843901 10.508424011394949
0.915040177875587 1.1299803828596295 1.5 0.76813141619879322 5.3704890265387073 -0.57240962907507631 0.0022331918241024489 10.485500361155283
0.94171622233211238 1.1629225622819663 1.5 0.79568926582322308 5.4903626193433563 -0.49459351779725719 0.0023713353479806244 10.467031404467221
0.9686852095475218 1.1962264947840695 1.5 0.82224711290111185 5.5985244546488175 -0.42402192025413166 0.0025574901544149434 10.458522575517922
0.99594536411686774 1.2298899878388114 1.5 0.84803763000541754 5.6952049734689636 -0.35594576429402386 0.0026612857414811367 10.444035233864311
1.0234943366900484 1.2639101410329598 1.5 0.87153625802248802 5.7907719919112797 -0.28917233727132624 0.0027768645375245695 10.419059449329088
1.0513300197234385 1.2982843554450307 1.5 0.89474530107932371 5.8792124882785499 -0.22375173506028809 0.002893212987756957 10.401467116140152
1.0796153422238679 1.3332138394156141 1.5 0.91687663024057642 5.9629483756624078 -0.16220143838168832 0.0029426175868239378 10.363674784588909
1.1082751606242356 1.3686057739830215 1.5 0.93923593029228358 6.0413818434778506 -0.10469499348055543 0.0030542793067520327 10.355450133064782
1.1372596246475584 1.404398606864619 1.5 0.95962675022072097 6.121691156664566 -0.047749916599987639 0.0031580051356371497 10.323025215779381
1.166707262686338 1.4407634238563447 1.5 0.98010807216428608 6.1972973739968049 0.0076919210005900488 0.0032590193867603036 10.294411030970789
1.1966950037125532 1.4777952123250619 1.5 1.0001170619774373 6.2709160179663268 0.06129444582280192 0.0033515212823882739 10.264534140101889
1.2270944761484841 1.5153354310523408 1.5 1.0197875444286288 6.34051975189091 0.11264785202481414 0.0034405386156203866 10.234507306224689
1.257830192387557 1.5532908727374675 1.5 1.0389465111985063 6.4086928134010712 0.16200284452711228 0.0035143195787116074 10.200476708749056
1.2890266760501055 1.5918153276706313 1.5 1.0582270793034185 6.4729632817774281 0.20941676188923034 0.0035836747202617923 10.17000874538282
1.3207529156491316 1.6309939804830695 1.5 1.0772369655923058 6.5357349725742857 0.25542273671796023 0.0036348251224250444 10.137457370164825
1.3530404394677364 1.6708657590273597 1.5 1.0961419913927495 6.596540660378408 0.30018600678975227 0.0036817187849754979 10.104869697986706
1.3859020743294144 1.7114465026464241 1.5 1.1146703983455348 6.6569217669860112 0.34395978467477861 0.0037087643934766868 10.067211571950015
1.419341294770895 1.7527405027949086 1.5 1.1331714282752958 6.7147323527386638 0.38655701822628352 0.0037215614283305975 10.02936713100757
1.4533568725618518 1.7947462435310162 1.5 1.1510930776902735 6.7710947008875433 0.42778528065325017 0.0037244861117177929 9.9856901219524588
1.4879451979633451 1.8374592695392371 1.5 1.1688331260799629 6.8250490743875183 0.46755419487466798 0.0037115485403669767 9.9410787185849827
1.523261774407848 1.8810716183178031 1.5 1.1865163678716208 6.8785883810054882 0.50631306373834217 0.0036819316684101743 9.8939410316832497
1.5593884240679978 1.9256843222799906 1.5 1.2042808055540744 6.9303938314220206 0.54402082408647046 0.0036447563741255386 9.8475789335990846
1.5962013699637954 1.9711445219527879 1.5 1.2216492832213239 6.9817550084972968 0.58084229134392662 0.0035828953889847893 9.7950607443112787
1.6337860131144311 2.0175576929493304 1.5 1.2384756339891589 7.0311685318238588 0.6163947522004094 0.003517509916557211 9.7389063907931721
1.6723469575695673 2.0651765017750687 1.5 1.2550560699185553 7.0801590777063863 0.65092901023549743 0.0034473979878027606 9.6798538165009642
1.7118300496444747 2.113934061292285 1.5 1.2708689938538191 7.1293771145634182 0.68432668471468283 0.0033618554600449513 9.6127994003628388
1.7521942751714139 2.1637797267974648 1.5 1.2866939517448313 7.177617940395943 0.71673112751123769 0.0032728357128685237 9.5479799917813413
1.7937270135156862 2.215068393474473 1.5 1.3026551228703831 7.2245997237946593 0.74687062885307709 0.00315991103653789 9.4808154090342178
1.8365793477381891 2.2679866224215752 1.5 1.317826458659394 7.2731021988997249 0.77664082004204882 0.0030291813478863098 9.3985410797008129
1.8808163119814549 2.3226147248733708 1.5 1.3331690184679099 7.3198991867653733 0.80380270165717549 0.0028771767511450871 9.3160097518713325
1.9264613000360518 2.3789815905482574 1.5 1.3487220583847954 7.3647772377140157 0.8317762585775007 0.0026946774293022963 9.2441390083110218
1.9736681416065207 2.4372771842095378 1.5 1.3626648962592454 7.4165347168701912 0.85439843508133639 0.0024961866785654439 9.1286258109120837
2.0226634219609716 2.4977813137075184 1.5 1.3774520319493402 7.4581366538975287 0.8777879542580691 0.0022647081634380112 9.0408510421477501
2.0735521816964497 2.5606236870066788 1.5 1.390209801663238 7.5107922932525177 0.90161224691865549 0.0020124354907579637 8.9178195118066181
2.1266726062617782 2.6262219267489129 1.5 1.4035604241812389 7.560200125630109 0.92248768467566766 0.0017495722339844284 8.8067528700105218
2.1824887710352954 2.6951491105228795 1.5 1.4130623853043272 7.6241698026151568 0.94350127665108585 0.0015003278927046549 8.6241561298467673
2.241371478801129 2.7678631383764842 1.5 1.4316911414007372 7.6400007976921414 0.97498778664213359 0.0012717039319020838 8.6248232306163217
2.3037757089783559 2.8449258440321712 1.5 1.4374547107425495 7.7210779263224776 0.98644423957618643 0.0010875445059989487 8.3701063012876844
2.3704906213526691 2.9273116846743079 1.5 1.4536904394187926 7.7497825892206489 1.0038067018609569 0.0010062353178160687 8.3151013402204157
2.442755413923186 3.0165507915288368 1.5 1.4544612206862679 7.8299890913805177 1.0139699835476201 0.001003009391805557 8.0094250357638028
2.5223037497242871 3.1147837131226614 1.5 1.4698411793519262 7.8702742148772709 1.0244399133758624 0.0012257886163003716 7.9451842768227623
2.6118990073102424 3.2254215282033374 1.5 1.4645405657023807 7.9664589270447417 1.0371854319619775 0.0016142069619312241 7.6020181388050894
2.7173978218696808 3.3556882336974772 1.5 1.4748766821638852 8.0167952023522968 1.0229634932744616 0.0020845030423231542 7.471401988765817
2.8539259185131236 3.5242491829063707 1.5 1.4689817498803186 8.1121240193558464 1.0030595260902078 0.0021998735493317526 7.1384893339715889
3.0353602630214542 3.7482631286750885 1.5 1.4488791771725626 8.2222149115066721 0.95982267783247377 0.0022490441219201822 6.712638807860702
3.2632642677548951 4.0296993014633733 1.5 1.4147857402189057 8.3446561268730388 0.89422185605209936 0.0022456738853405479 6.2038203220391628
3.539164655530247 4.3704243369149509 1.5 1.3615756781383554 8.4806913418921663 0.80045667169545398 0.001991831360148329 5.553479310009263
3.8752606166643151 4.7854858554677824 1.5 1.2985115043354409 8.6134944146179055 0.68558034763027309 0.0016718217779660683 4.816005951598564
4.280926256377823 5.2864677603506598 1.5 1.2232366217311248 8.7463481680563522 0.54764357104513439 0.0012704956675017982 3.9728094851086495
4.7443485006554162 5.8587652128682999 1.5 1.152519621293818 8.8674841499481438 0.40972122168116132 0.00046856332907766217 3.0444666046180102
5.2485410791047382 6.481394122603831 1.5 1.1081606115714659 8.9574938998916611 0.29788630678455646 0.00011012919485291259 2.4180758669127864
5.788255812041216 7.1478852098233849 1.5 1.0781415768116187 9.012007219862868 0.22070909464636987 -2.9743748977480011e-05 1.9851177489860652
6.3660391474576858 7.8613903020333673 1.5 1.0406609156914226 9.0616549588803466 0.1259039023223808 0.00011106941624694506 1.5627177835390038
6.9891911209712321 8.6309237799526137 1.5 1.0321064190057154 9.0763912466167795 0.098237087339225843 0.00021047619932766895 1.389509615166417
7.6699084803158897 9.471544500881917 1.5 1.0039033453935453 9.0973679360023372 0.011800051487108333 1.2228290106942432e-05 1.1079394450540663
8.4281804323219092 10.407929785673595 1.5 1.0023979530342015 9.0990163652684153 0.0059358843993422821 5.2957702411292997e-06 1.0656190634080696
9.3006513495292662 11.485287303591079 1.5 1.0015609193824606 9.099579326094684 0.0025762073224783431 2.0832479938437873e-06 1.0408467924790696
10.379350369594379 12.817340150287256 1.5 1.0009265570517969 9.0998342590040622 0.00070356940510890695 9.506189534287759e-07 1.0247773875514223
11.77819841045153 14.544828832499743 1.5 1.0004897441811047 9.100096956584979 -0.00023522645426419107 1.9068491721601599e-07 1.0145276381015664
0.71920396416223964 0.71920393970055341 1.5 0.18860496659315634 1.8894946361843505 -1.3726401784895044 0.00057312701937675919 7.5386021706116431
0.7456273758317602 0.74562730954352208 1.5 0.23759595102488501 2.5721139720300163 -1.5665889096120087 -3.688963703267322e-05 8.1538836504158194
0.77249191351441726 0.77249180866004363 1.5 0.28210398568050343 3.0496273468737543 -1.5903774168643612 -0.00023664141278471274 8.5121700812415746
0.79975164561692214 0.79975151495906993 1.5 0.3267670640258728 3.4401693511095659 -1.5498445724742642 -0.00036944912159347497 8.9328547479852656
0.82738202829896113 0.82738187291725807 1.5 0.36879299079830807 3.7729889776019498 -1.4870588677280006 -0.00029604468250173251 9.2843005627426649
0.85518406008853542 0.85518387074358804 1.5 0.4093187013951472 4.0635698479727838 -1.4077787242065736 -0.00012976163997371781 9.5678216154014262
0.88322624959107099 0.88322605913093255 1.5 0.44779755231651697 4.3100643091787809 -1.3181754196776048 0.00022445511153668893 9.7789516345183554
0.91156051488790479 0.9115603431924455 1.5 0.48399068063877587 4.5409447872405551 -1.2332636785188806 0.00059721318034854076 9.9197039989800295
0.9402117909454073 0.94021163803121399 1.5 0.51941950780418256 4.7193634909690072 -1.1383455133740987 0.00089914898432468145 10.092174498013799
0.96919035253020025 0.96919021517623327 1.5 0.55087176159092921 4.9005355614728199 -1.0534614351752409 0.0012210653082286699 10.172497003057194
0.99850051784360883 0.99850039211549335 1.5 0.5801973233195572 5.0684446311723477 -0.97180248981242312 0.0015377355507545641 10.211508597676168
1.0281426049274909 1.0281424884084189 1.5 0.60790621698952829 5.2200933911666336 -0.89297680686492975 0.0017603135273170365 10.228058614958693
1.0581159106210358 1.0581158012009311 1.5 0.63420074076011534 5.3586260939398889 -0.81855960871208677 0.0019976078111651175 10.228524941895927
1.0884183677952057 1.0884182644947984 1.5 0.65974399874033829 5.4809042437876423 -0.74695404419897415 0.002096570294786779 10.216168414284585
1.1190479815892442 1.1190478833539563 1.5 0.68431577877386807 5.5920184918488598 -0.67885944693908329 0.0022314497215656691 10.203295326516898
1.1500021123472015 1.1500020188277857 1.5 0.70790602480953735 5.6923168700410747 -0.61236090798148168 0.0022976428550511518 10.184816799187816
1.1812783924096297 1.1812783065303885 1.5 0.7306450459619126 5.786697510780443 -0.54982761994229146 0.0024444486921343452 10.16863914101102
1.2130598902398033 1.2130598218432445 1.5 0.75319538240346373 5.8721814369498313 -0.49223313214363645 0.0025194876318840268 10.151673619477688
1.2452621716917747 1.2452621089185367 1.5 0.77413258442299882 5.958037369269185 -0.43639584210578536 0.0026037278807985822 10.120022892358644
1.2778292256082462 1.2778291634365064 1.5 0.79465333552369444 6.0381127915254851 -0.38171614685672212 0.0026836506646777543 10.093726158784685
1.3109167048440016 1.3109166538071824 1.5 0.81390058291636291 6.1170225318215401 -0.32922142805351484 0.0027235662773923085 10.045282821419487
1.3446110458296321 1.3446110057795666 1.5 0.83371936372362621 6.1909423722890908 -0.2770099930139624 0.0028124933662057898 10.019819540705793
1.3787680081505642 1.3787679651245104 1.5 0.85261881430625674 6.2621643427905846 -0.22807913009216915 0.0029020558499997361 9.9853615332365102
1.4133027749133669 1.4133027257442072 1.5 0.87090699193183496 6.3326613908910856 -0.17953458474434239 0.0029733101832741552 9.9413552368529992
1.4483552630476293 1.4483552191868467 1.5 0.88907394141123952 6.4007303934341353 -0.13313034755270303 0.0030530340947059892 9.9042807084423004
1.4840029873587073 1.4840029521701528 1.5 0.90724099541891035 6.4648388000241699 -0.087442328582393203 0.0031223883644728684 9.8676830044988204
1.5202813724831437 1.5202813436929448 1.5 0.92496246693445261 6.5281540147443913 -0.042565223931632701 0.0031751815600896231 9.8252998055912428
1.5572048306399706 1.5572048055604688 1.5 0.94285673314859497 6.58836016157501 0.0014669492801112792 0.0032223665016998587 9.7877273183060272
1.5947772659112238 1.5947772425303723 1.5 0.96013969040486369 6.6485315692315439 0.044542048620043406 0.003249935360277823 9.7408598733114466
1.6329972983358918 1.632997275350383 1.5 0.97763029134323887 6.7055573737163989 0.086875876950231287 0.0032706888521367105 9.6987754842514864
1.6718608722422836 1.6718608504321442 1.5 0.99455896401001842 6.7622344858055143 0.12850214877491425 0.0032762133217297293 9.6480487000248374
1.7115427125833831 1.7115426987375559 1.5 1.0117839665301795 6.8158994450546606 0.16894692390783791 0.0032738158657832088 9.5997021232509692
1.7521347540643253 1.7521347464678201 1.5 1.0288468614353423 6.8691751508672123 0.20818259220157884 0.0032594284760393867 9.5486719759825807
1.7934979196025671 1.7934979097476389 1.5 1.0461249949982026 6.9216521994415094 0.24754523664421244 0.0032331622666199279 9.5019647677788779
1.8357281675853272 1.8357281595463979 1.5 1.0626593045763315 6.9721357992398341 0.28531864569530696 0.0031904005270058764 9.4433506076793527
1.8790553920614146 1.8790553912891104 1.5 1.0794257019267937 7.0218636180202543 0.32283901650056673 0.0031498495335369608 9.3855959920250402
1.9234187443959474 1.9234187448542588 1.5 1.0957580535296154 7.0715233125250876 0.35924415686998812 0.0030915627540275084 9.3230360734295701
1.9687721412880537 1.9687721401232348 1.5 1.1120309277162546 7.1194124103730152 0.39522588944675296 0.0030405777782288135 9.26084794045798
2.0154384844570008 2.0154384888035315 1.5 1.1283873900777812 7.1678351352596188 0.4303461578503005 0.0029559062961832371 9.1938966611165025
2.0635875302598095 2.0635875375120514 1.5 1.144715165940372 7.2147184412562222 0.46483356739980181 0.0028711628865475619 9.1233518412092725
2.1132923513851445 2.1132923596111066 1.5 1.1610441195067804 7.2613179793146179 0.49774920230053493 0.002767069151692534 9.0472968439415382
2.1645792332678098 2.1645792412412166 1.5 1.1773758889947519 7.307220300208634 0.52952478685907067 0.0026580810292734913 8.967218995602984
2.2176210196419204 2.2176210269362224 1.5 1.1936293629223085 7.3531695073640861 0.56145617678142645 0.0025270601384432606 8.8833642966577333
2.272672302402424 2.2726723071199193 1.5 1.2104057485119872 7.4004154711550489 0.58559476175344227 0.0023827714853734022 8.7955948896180605
2.3298511048972328 2.3298510994708481 1.5 1.2259163329464715 7.4466828321699259 0.62229168284148739 0.0022123301322867902 8.6908167827034131
2.3895374134130143 2.3895373888452536 1.5 1.2423465876306954 7.4935718902380746 0.64995378413634708 0.0020292954755347808 8.5874716310026713
2.452252663994654 2.4522526043670432 1.5 1.2593237111641753 7.5407887224288013 0.68002381537511525 0.00182085759094 8.4910359428815898
2.5184134917187215 2.5184133782151443 1.5 1.2746512129204532 7.5941760451712694 0.70551955714778736 0.0016307637528919126 8.3525767268254736
2.5885311111960263 2.5885309080296279 1.5 1.2912948270836813 7.6400661905511216 0.73622777666080563 0.001423876078297913 8.240482688249406
2.6634922176267279 2.6634918231592275 1.5 1.3075780032042597 7.6941984290248433 0.75998357463634625 0.0012519956031409498 8.0922703632357127
2.7446891628263987 2.7446883411557614 1.5 1.3250534132040372 7.7449575528450278 0.78749040386446434 0.001125763287639979 7.9599284378382862
2.8340698609121633 2.8340680672869913 1.5 1.3380703718585607 7.8137418239128484 0.81654591976453805 0.0011016704091173105 7.7396775481943862
2.9347391072693441 2.9347345424300704 1.5 1.3625178547714227 7.8448018633955812 0.84314270066188968 0.0013041095098339024 7.6793827989759658
3.0532765670663506 3.0532600044139167 1.5 1.3801308314756751 7.9149741465720895 0.86317892785540651 0.0015696094203100823 7.465400151441921
3.2066761761507125 3.2066264925328931 1.5 1.3985647541518895 8.0004938208970824 0.87743923859586048 0.0018750336294936058 7.1859101024863445
3.4105326804290246 3.41044844242459 1.5 1.410975586211396 8.1041398549642736 0.88013163623292678 0.002210476257115894 6.8352512752060255
3.6666071477135658 3.6665212712596547 1.5 1.4128449848022533 8.215429458224758 0.86683458561027604 0.0021743031138629562 6.4295411243888676
3.9766132593011068 3.9765420139587655 1.5 1.401156060021701 8.3307457247471319 0.84249142535546595 0.0020616982057072818 5.9755514964910388
4.3542575157831562 4.3542020248988074 1.5 1.3712036736228022 8.4532151921436718 0.78285578439486192 0.0017876283351551654 5.4225939209388709
4.8100719311133062 4.8100402853101745 1.5 1.3226288569555358 8.5780376549184307 0.69980192504140326 0.0015058021858162104 4.7841158459032425
5.3307769962289964 5.3307619913495872 1.5 1.2651058592649467 8.7003192679441312 0.60564149818093904 0.0010609929224224227 4.0825278536390268
5.8972862401867996 5.8972736810037318 1.5 1.2118616915731524 8.8019170965989488 0.50914861075232154 0.00067424262166437604 3.4293130926935493
6.5037073035837487 6.5036935498388928 1.5 1.166062375561606 8.8907375467205192 0.40860697294298198 0.00043040393917006934 2.8700384104281467
7.1529039028110919 7.152891863158052 1.5 1.1236346560556427 8.9609341624826619 0.31744900682583582 0.00027019062384317115 2.3836677133093458
7.8530786780557467 7.8530709231961966 1.5 1.0877482856233078 9.0162477345294025 0.23930056235302599 0.00023168784244979377 1.9718279839888446
8.6179354835855975 8.6179320167278703 1.5 1.0662510302542016 9.0475320122526366 0.18197348839450556 0.00018145236673690777 1.7053158503403254
9.4699335853816091 9.4699279027872976 1.5 1.0396259069218867 9.0672399263345262 0.10100356997774512 0.00012714774179164803 1.3940762068873602
10.45024317293681 10.45018907403686 1.5 1.0083104791589479 9.0941323848822719 0.021778345403775178 2.1355458395937543e-05 1.1479371873567308
11.662306705471327 11.662228095240337 1.5 1.004480113419866 9.0979162990508691 0.010217133605462307 8.3880540813744766e-06 1.084045713247783
13.234060949133607 13.234031619790162 1.5 1.0023706407730131 9.099447333445811 0.0037779780438076341 3.703818418730984e-06 1.0464303737725231
0.79044137218776467 0.64008678011727405 1.5 0.12161888340571234 1.8107824964060897 -1.5857709231342971 0.00062303461608122061 7.3431191291116322
0.81948202788683366 0.66360340135883522 1.5 0.16031856669482711 2.4367644985961867 -1.8233107983397421 5.4771631933421574e-05 7.7458170597477434
0.84900750362915767 0.68751262509692468 1.5 0.19733135292633314 2.8532384266738946 -1.8583968193085649 -0.00017880610438212447 8.0364026055543718
0.87896731927409166 0.71177358196553731 1.5 0.23170462094750754 3.1941969837153446 -1.8237544711377938 -0.00035149149574257736 8.3489251147008812
0.90933449868424643 0.7363644164892561 1.5 0.26583909038944259 3.512815711597371 -1.7705223145658822 -0.00036244110041838294 8.7161199468489858
0.9398903281421771 0.76110800840285653 1.5 0.29780561550633639 3.7616725543370086 -1.6966020197642466 -0.00027661873206971633 8.9730060629405699
0.97071010645466904 0.78606537177217295 1.5 0.32949629550745341 4.0027483827770451 -1.6143073851561409 -9.375913478867475e-05 9.2404755182941027
1.0018508928520664 0.81128270045144202 1.5 0.3592943515468715 4.2275109979274079 -1.5321148941758156 0.00022025195561523752 9.4590342478966569
1.0333400900417762 0.8367821666424492 1.5 0.38910029307165123 4.4327717420307353 -1.4503851776013592 0.00047945407566497551 9.6448532428739231
1.0651889901712215 0.86257291160002647 1.5 0.41581528162053344 4.6277914421201052 -1.3674574527142076 0.00068538089295696442 9.7713670281430911
1.0974023390864578 0.88865877778547731 1.5 0.44141462751288452 4.8074144920801425 -1.2880004666343843 0.00098465868294195778 9.8613052814971507
1.1299804864900287 0.91504004976312525 1.5 0.4661376361804076 4.9757752564041082 -1.210888062561656 0.0012725923135010382 9.9360359965239784
1.1629226596047859 0.94171610202945621 1.5 0.49050560431107171 5.1250647493290034 -1.139123333830153 0.0014688017583924251 9.9820303807636943
1.1962265866699631 0.96868509597776231 1.5 0.51359930158346834 5.2642612717920203 -1.0708414601050775 0.0016798975843970187 10.007471264167684
1.2298900752252346 0.99594525612015561 1.5 0.53638587613883648 5.3887915313441157 -1.0018284954288648 0.001793966711925227 10.016557188342857
1.2639102242294933 1.0234942338816306 1.5 0.55816339550170624 5.5029982765285936 -0.93775942200459916 0.001925790507396006 10.02062402064961
1.2982844318479581 1.051329925316451 1.5 0.57985977002305422 5.6052418557797301 -0.87607772469547618 0.0020203527405027108 10.023168249249515
1.3332139002639867 1.0796152670348542 1.5 0.6008755125797417 5.7023389400702165 -0.81943380033840618 0.0021338472052052832 10.018828489309836
1.3686058298307535 1.1082750916185389 1.5 0.62115935205256767 5.7927703752168007 -0.76283292976244332 0.0022186314641031457 10.004166934534028
1.404398662180478 1.1372595563054833 1.5 0.64030874484601408 5.8812141910745703 -0.70839362740122591 0.0022927090856999909 9.9756081039939186
1.4407634692649993 1.166707206584165 1.5 0.65934668400303276 5.9620153347799558 -0.65661091729268384 0.0023361509028173005 9.9466252308918595
1.4777952479578356 1.1966949596870373 1.5 0.67748718675762187 6.0428834096159463 -0.60740809409467911 0.0023947310371412044 9.9066542808162374
1.515335469335616 1.2270944288536001 1.5 0.69584432679174446 6.1151605086151672 -0.55970684568326134 0.0024428114483392759 9.8827538286899621
1.5532909164896549 1.2578301383422601 1.5 0.71218504245656855 6.1914668727878572 -0.51550629784582547 0.0024770654579003041 9.8141923560520841
1.5918153666996546 1.2890266278399087 1.5 0.72891276965277485 6.2648399690693557 -0.4682835230775676 0.0025396129818747483 9.7699114849095849
1.6309940117948574 1.3207528769708792 1.5 0.74572323862240597 6.3333706942955867 -0.42425714245532709 0.0026239769484163854 9.7311591455216622
1.6708657846454615 1.3530404078221943 1.5 0.76227361651121761 6.4005607239517035 -0.38008781809095127 0.0026858380768944833 9.685606989693607
1.7114465249627151 1.385902046762618 1.5 0.77838415686991258 6.4655176115520181 -0.33730271095738812 0.0027372257362159712 9.6345939847193538
1.7527405236000013 1.4193412690714338 1.5 0.7944873418367312 6.5273485057299334 -0.29550027696011466 0.0027796398939192988 9.5854502885652089
1.7947462639847616 1.4533568472972633 1.5 0.81016479888333737 6.5892273235309702 -0.25415176965642039 0.002814427537313991 9.53064267891836
1.8374592889473385 1.4879451739908611 1.5 0.8261539223946629 6.6478380968137598 -0.21326397773857966 0.0028400906381718391 9.4829353396524017
1.8810716306380737 1.5232617591888054 1.5 0.84174875487447554 6.7058780750485711 -0.17304822543627868 0.0028533018386284015 9.4258473721734219
1.9256843290387153 1.5593884157175015 1.5 0.85756845630972867 6.7600152007639513 -0.13380186034786204 0.0028588129413591782 9.3749294677434829
1.9711445307217819 1.5962013591313893 1.5 0.87301832751770647 6.8142004330719619 -0.095950676859314535 0.0028567251285233583 9.3177880355483929
2.0175577001023548 1.6337860042780881 1.5 0.88888106857451754 6.8669051482899093 -0.057424041521051968 0.0028473907928075952 9.2665158090519579
2.0651765024610778 1.6723469567197826 1.5 0.90434043088633209 6.9185127602473173 -0.020143282899111471 0.0028228651662304516 9.2067904711813355
2.1139340608832828 1.7118300501473656 1.5 0.92005463749040706 6.9686268512927958 0.010976998012386788 0.0027972988541277127 9.1521547552701001
2.1637797278332558 1.7521942738905627 1.5 0.93507421470501795 7.0193525933885352 0.053965690562595932 0.0027568865818262699 9.0867953201923584
2.2150683896054155 1.7937270182922453 1.5 0.95086145067519356 7.0680925919497399 0.084488185076207409 0.0027154907215277005 9.027408366585691
2.2679866159667101 1.8365793557084593 1.5 0.96598903706202366 7.1170179497339801 0.12659104190666573 0.0026526639040761811 8.9561918595598922
2.3226147175522378 1.8808163210221405 1.5 0.98183204263114543 7.16394013936352 0.16190389886667797 0.0025876241635149674 8.8913870016550636
2.3789815834523149 1.9264613087994746 1.5 0.99729319696275864 7.2128812511290983 0.1971096825079863 0.0025135394432299427 8.8160210257837281
2.4372771777185047 1.9736681496239492 1.5 1.0132712779767132 7.2592032445244037 0.23188410960589995 0.0024279740756763357 8.7410519595894556
2.4977813095104793 2.0226634271468433 1.5 1.0290422165521167 7.3069962500277352 0.26640968761763056 0.0023314248566265626 8.6548671390840664
2.5606236918384808 2.0735521757343207 1.5 1.045325828795209 7.3537746757986211 0.30006678960610195 0.002224987880378052 8.5717078091763721
2.6262219486176348 2.1266725792632228 1.5 1.0619711302459827 7.4003805583075071 0.33310309154572582 0.0020999007583065313 8.4850379743376525
2.695149163596656 2.1824887055057092 1.5 1.0789069138430698 7.4476422676999281 0.36667610704931536 0.001958878523312542 8.3899664095731374
2.7678632394030132 2.2413713540617675 1.5 1.0965835755082873 7.4937424328310343 0.40052104172888381 0.0018073684232226411 8.2950862883689975
2.8449260248641899 2.3037754856996906 1.5 1.1138761514396611 7.5434936332343066 0.43483568930624861 0.0016474658962937112 8.1805012969857831
2.9273120357747149 2.3704901878333304 1.5 1.1327382123554315 7.5927887371646872 0.4690374767345461 0.0014756697514036314 8.0704512721785449
3.0165515228628954 2.4427545109058433 1.5 1.1514748117841864 7.6468589667366711 0.50398536706552832 0.0013128790721345341 7.9320895272887082
3.1147853095556712 2.5223017785315012 1.5 1.1721424212845912 7.7014626554953747 0.53918823794783066 0.001196819503520613 7.7920495301649773
3.2254255912098388 2.611893990581164 1.5 1.1917470921264086 7.7694693435640687 0.57447015184972938 0.0011627817438706796 7.5925825347915241
3.3557029747990907 2.7173796191680828 1.5 1.2214238066780967 7.8112760376332764 0.61161726098212377 0.0012499668164868117 7.4656898827638951
3.5242934079531958 2.8538713233542579 1.5 1.2524017986618023 7.8949158270505952 0.65329946537339234 0.0014114330618906609 7.2184869415675683
3.7483383986828365 3.035267936092179 1.5 1.2856979408760454 7.9932580483033302 0.69107805817276746 0.001623017996102016 6.9061245007181125
4.0297771469295913 3.2631710458082823 1.5 1.3157572514108609 8.1013577767438658 0.72025429149948272 0.0017606151163679503 6.5505263154638822
4.3704914526707874 3.539089358670469 1.5 1.3375751841310963 8.213334707159607 0.73875593036052056 0.00175440345836889 6.1522355898117365
4.7855443358386562 3.8752069114739505 1.5 1.3487492761294 8.3290270849529389 0.74147249501193591 0.0016205901470238413 5.7102271401153848
5.28651143302225 4.2809038212869508 1.5 1.3437891081337012 8.4436255823494513 0.72024356142589585 0.0013775745451877583 5.2190830370796624
5.8587947556245688 4.7443448943755362 1.5 1.3229857440689898 8.5512746400914246 0.68351813083021173 0.00113114216865149 4.7004934707796915
6.4814162410380858 5.2485360315424128 1.5 1.29282432409049 8.6535156434026597 0.63022706028190523 0.00090885934647210581 4.1784977016654583
7.1479019651966587 5.7882443867411872 1.5 1.2581970257595443 8.7438737241654145 0.56708417587564708 0.00064722956084054852 3.6798561558493796
7.8614006833208512 6.3660257676546532 1.5 1.2201230047484966 8.8247769567219851 0.49766694688673463 0.00044952444523565512 3.2087404403916744
8.6309277072026447 6.9891803377892563 1.5 1.1815171755658638 8.8977536170933131 0.42652663979515704 0.00033794769449331096 2.7702010130885806
9.4715439985098904 7.669901887964536 1.5 1.1451058947258346 8.9572296464630412 0.35086973166667612 0.00024020894703406703 2.3778667414196137
10.407932764930568 8.4281725614186325 1.5 1.1135502513919324 9.0002458076306127 0.27601138686733512 0.00019368835643609501 2.0359868618221708
11.485338223524286 9.3005942108714841 1.5 1.0840574202861186 9.0342044401980939 0.20309546810224566 0.0002757153081980914 1.7358638633191341
12.817467214865388 10.379309182697554 1.5 1.0610673871996703 9.0579628255962437 0.14441151322561468 0.00032084716700624821 1.5016288470489538
14.544908898345373 11.778208777583297 1.5 1.0149549488645191 9.0905542358508544 0.034649274888152969 4.6565196433828519e-05 1.1826138405097792
0.85301853912926251 0.5539566958244363 1.5 0.075321838367760019 1.7424084718613746 -1.8329596218148467 0.00066429274010740584 7.1973126539883205
0.88435826335742407 0.57430891544171159 1.5 0.10592215369330008 2.307021767400939 -2.0880560133050508 0.00014169071364552007 7.4314899402002546
0.91622118986951406 0.59500090934384908 1.5 0.13422708124433896 2.6801597850774455 -2.1293821144823717 -0.0001124331652063299 7.6202507122986356
0.94855284304836451 0.6159973086630397 1.5 0.16205923916178827 2.9720592869532587 -2.0918311734047381 -0.00028284850632862062 7.8812688811277294
0.98132411001545261 0.63727919742465045 1.5 0.18828841983366318 3.2330377342713876 -2.0336934684003385 -0.00034409485695054701 8.1524512629898283
1.0142989610808559 0.65869328745560485 1.5 0.21393987502039682 3.4706636574576253 -1.9700567690479203 -0.00032346504363102538 8.4240804447327662
1.0475586602631681 0.68029238771175038 1.5 0.23826189891113075 3.6943380579252758 -1.901740807286725 -0.00024412981960249651 8.6911634221252161
1.0811647827888966 0.70211647467889438 1.5 0.26197057214310376 3.9000264829256541 -1.8240484005196291 -7.2167870618629031e-05 8.914321668678582
1.115146898876727 0.72418473473428435 1.5 0.28483906191868053 4.0997525644616779 -1.7502943217122442 0.00017091562085592548 9.1199208086803036
1.1495171943358309 0.74650507870518001 1.5 0.30745956201928815 4.2829341854424108 -1.671412609471667 0.00033123356153195885 9.3005093021790657
1.1842807906605901 0.76908083192747911 1.5 0.32843159006848599 4.4708543006502222 -1.5885192773056922 0.00049098329388764985 9.4694053907697882
1.2194380653829038 0.79191224085275569 1.5 0.348829344053327 4.6400883917853291 -1.5176645204984685 0.00075893794318576365 9.5824011419564332
1.2549881845760502 0.81499876418127304 1.5 0.36947088628425701 4.802400483219154 -1.4434446679070163 0.00096179060975692097 9.7104300972597386
1.2909286967374665 0.83833881084206019 1.5 0.38935703354995205 4.9498345622934776 -1.3763453379952177 0.001174581558385111 9.7899283221678353
1.3272572358283314 0.86193084424804445 1.5 0.4086661098846146 5.0897164415009541 -1.311040623336923 0.001369088013477484 9.849365208381883
1.3639706712068067 0.8857728319313275 1.5 0.42788196370765236 5.2150348838012954 -1.2462100280531192 0.0014735800863396118 9.894009793247621
1.4010661953690191 0.90986295343759915 1.5 0.44659675498857132 5.3330373674905651 -1.1857001254507171 0.0016202830783160602 9.9292531543839306
1.4387609398051908 0.93434222143826462 1.5 0.46557045333116193 5.4406057494037814 -1.1281829671608112 0.0017207345204058736 9.9609007806912189
1.4769547560999507 0.95914558049448062 1.5 0.48352360534730554 5.5451116775814357 -1.074409375988965 0.0018212384171106032 9.9698082247779567
1.5155812131213806 0.98422989548967754 1.5 0.50132544671976609 5.6407674680668149 -1.0211621601861625 0.0019032138692599862 9.9714773385700877
1.5548249276182708 1.0097150710574168 1.5 0.51849370118434945 5.7333266661784448 -0.96905389500344363 0.0019812701416300716 9.9614778833076336
1.5947884161014345 1.0356676731922998 1.5 0.53589898785658296 5.8166016840436408 -0.91751655018462652 0.0020336784235564253 9.9569334815679742
1.6353005980147528 1.06197658923468 1.5 0.5522996452781378 5.8985235281313049 -0.8682130503462171 0.0020898366002417277 9.9371426415914836
1.6762608777382368 1.0885765007271888 1.5 0.56879101444966274 5.9726789129872966 -0.81926714749340068 0.0021258005338717096 9.9190575582466529
1.7178352080856483 1.1155751910125491 1.5 0.58427494959064674 6.0477256576874412 -0.77088861737765568 0.0021771537770964083 9.8849499965133667
1.7601155245306024 1.1430323568665013 1.5 0.60008580088163066 6.1163399900617925 -0.72545272736653355 0.0022030927650989202 9.8592976387384237
1.8031438416202776 1.1709752781016847 1.5 0.6147994014007534 6.1884985076367025 -0.68158198666501146 0.0022570683924360746 9.8106813248131903
1.8469372530149422 1.1994150551219991 1.5 0.63032480645865563 6.2518740845404022 -0.63703194296671217 0.0022956288389438776 9.7873191782822762
1.8915003893278395 1.2283546956524736 1.5 0.64339861604187165 6.3233365886658266 -0.603171675817326 0.0023444359165430847 9.691216824973969
1.9368316139907473 1.257793137490836 1.5 0.65755845711788652 6.38895399201804 -0.56127909475163129 0.0023889927893917281 9.6388297643491754
1.9829261171697246 1.2877272588509201 1.5 0.67152390812531559 6.4517312967805722 -0.52200360563589254 0.002418749920301764 9.5850954920992191
2.0299911342680472 1.318291645043479 1.5 0.68580528464928847 6.5119110616583464 -0.4832819644484464 0.0024542824332947112 9.5340512873717351
2.0781357035288903 1.3495570991616745 1.5 0.69960537035114378 6.5717189332650188 -0.44533347041300475 0.0024713892235510302 9.4719377368662379
2.1271948698739713 1.381416492397971 1.5 0.71368180337552534 6.627792990358353 -0.40836050466913126 0.0024898783178935722 9.4170831570863136
2.1772824482560331 1.4139437476552783 1.5 0.7274942841990184 6.6839603862653192 -0.3726865082748112 0.0024892289832996158 9.352880155101035
2.2286711069338656 1.4473159389315953 1.5 0.74166324735909139 6.7372415651541733 -0.33758778951886548 0.0024907920483337792 9.2949421069497884
2.2812886734304847 1.4814861871876421 1.5 0.7552369439809582 6.7907267754930363 -0.30297296092349801 0.0024791979484235687 9.2252715410806712
2.3350804908803355 1.5164190005229639 1.5 0.76917684765152172 6.8418786642940841 -0.26868725884792394 0.0024679692088843803 9.1634642432782449
2.3904295419444832 1.5523630992070734 1.5 0.78277764516668569 6.8944588022578923 -0.23373215525503219 0.0024412863783427065 9.0905693205191316
2.4475371657023892 1.5894492261548119 1.5 0.79685518436485914 6.9444220428676031 -0.19992828705584018 0.0024129101012310751 9.0249362479426338
2.5064900308354634 1.6277336652339507 1.5 0.81057527423807241 6.9960067379347182 -0.16526994690681227 0.0023716812304994841 8.9475282281538995
2.5673193135746137 1.6672366631205782 1.5 0.82485108862128875 7.0445597738643713 -0.13125324055940701 0.0023291884241921053 8.8783959543468001
2.6302300170029485 1.7080913510477642 1.5 0.83871556473613018 7.0959157824462356 -0.097167045702690039 0.0022726370773503979 8.7929116426739089
2.6955241018971559 1.7504938233963694 1.5 0.85332235869885698 7.1444686470713599 -0.063488204955142846 0.002212724098118101 8.7172901607114213
2.7633415497669227 1.7945349804416839 1.5 0.86720699589689398 7.1972899193359998 -0.029886751494336464 0.0021376700969880863 8.6175493182991776
2.8341330465808179 1.8405074998678146 1.5 0.88216918718475656 7.245343595238233 0.0023545461675980929 0.002057116516562419 8.531552583776028
2.9085170449658948 1.8888130036715336 1.5 0.89709823502801977 7.2966605180185287 0.035987425287289113 0.0019632835086288904 8.4323196553716606
2.9869876982234866 1.9397723963158473 1.5 0.91311089658165712 7.3453677304292073 0.069201843190642542 0.0018590898504799683 8.3404524609768611
3.0701513336643727 1.9937794170518335 1.5 0.92911346933135874 7.3979496804742455 0.10381112039336847 0.0017505748105087085 8.2320286838044066
3.1590596106783559 2.0515169659515013 1.5 0.94638359357008417 7.4493740948727689 0.13798705377753404 0.0016363885873673073 8.1254731338698356
3.2553639131589005 2.114057351053007 1.5 0.96429584038639049 7.5053833487609882 0.17479495954337948 0.0015076706025898125 8.0017085157176115
3.3613745185320543 2.1829006236596173 1.5 0.9839689841685515 7.5622585669941387 0.21289817588767962 0.0013828786915515685 7.8725285959609854
3.4807736373939933 2.2604369815812424 1.5 1.0055424969465818 7.6237797330303492 0.25428144898896632 0.001276337973225209 7.7205744511471881
3.6213635984986565 2.3517270541546424 1.5 1.0299974576252338 7.6954367140114908 0.30181717260356156 0.0011964657899737872 7.5352740738291439
3.8032977434486366 2.4698485433396282 1.5 1.0643176403816457 7.7717942365421244 0.35109891069826615 0.0012047889938830564 7.3062012649747654
4.0450765070629089 2.6268323708455386 1.5 1.1035489492898225 7.8720783155206044 0.41243081505308027 0.0012729307378024207 7.011900082392879
4.3487959037886359 2.8240686666683512 1.5 1.1458087018796401 7.981358497589528 0.47181666444305509 0.0013459365424985186 6.6770140978434949
4.7164851701833523 3.062861197718505 1.5 1.1874482280083276 8.0960385887910551 0.52648643620070867 0.0013822533689394599 6.3094131344268733
5.1643985535915906 3.353752854491288 1.5 1.226306977900792 8.2150218241144586 0.57511656250001664 0.0013214097715346944 5.9044165601226357
5.7050287431947826 3.7048623770072568 1.5 1.2587699880735648 8.3257689155786103 0.60556880412933134 0.0011854408090344205 5.4899206690884848
6.3226201177636421 4.1059449821268537 1.5 1.2770541543810268 8.4306311906445206 0.62166899567786271 0.0010174901823622815 5.0601291659889576
6.9945329420961162 4.5422923088300911 1.5 1.2841094454564961 8.5233692556388814 0.62221040050225418 0.00086572455306994597 4.646199412178956
7.7137820320696964 5.0093770570634337 1.5 1.2809943177746952 8.609249205178946 0.60880774319706477 0.00071029921729927987 4.2396103190251546
8.4837662976172048 5.509412071505734 1.5 1.2701122579937116 8.6868777287430987 0.58392895055243466 0.00057679856161167579 3.8524903549684892
9.3142148507369988 6.0487152469002314 1.5 1.2513933479098436 8.7607282779238531 0.54990936020147763 0.00048192401599017446 3.4712428120047427
10.22138076952173 6.6378392929211838 1.5 1.2286305110526117 8.8273015510943456 0.50476307340033744 0.0004219464059566191 3.1089005405297256
11.231900758686555 7.2940767976863405 1.5 1.2021230426639875 8.8871815579248654 0.44969623891923699 0.00039148355104951736 2.7563527821348592
12.394597169829812 8.0490998066946098 1.5 1.1732989576135502 8.9394092893493013 0.38626362112871304 0.0004292628044480883 2.4182207754306781
13.832189349339368 8.9826630048547003 1.5 1.1390897350724056 8.9878713506024877 0.31072091380851935 0.00034081157355933127 2.0741172861323913
15.696392665764437 10.193332424112874 1.5 1.1048603950091216 9.0268847144464335 0.23111715119959916 0.00021181770033361816 1.7624614507949707
0.90624985645046441 0.46175734604926366 1.5 0.045772426054108223 1.6335694385642656 -2.0590666849341512 0.00068799758980156206 7.0987778629334759
0.93954528463085141 0.47872218086518414 1.5 0.06830006065213394 2.1517213759649159 -2.3252257961797462 0.00023936244272884069 7.2181726897597409
0.97339656502216365 0.49597023911616445 1.5 0.090658772128378362 2.4923854254743483 -2.3589020774741418 -1.9694649332160999e-05 7.4054548375767029
1.0077458233769645 0.51347203994130219 1.5 0.11171559987781537 2.7437162260833965 -2.318110655042521 -0.00018219787484522086 7.5812121652571518
1.0425621290423672 0.53121181411410656 1.5 0.13241730396716159 2.9720454310369204 -2.2597796929992033 -0.0002769721587676581 7.8128129735559915
1.0775947223466211 0.54906178501092695 1.5 0.1518899260422428 3.1822198201379814 -2.1972383361807766 -0.00031794018759660292 8.0456279903838226
1.112929942174526 0.56706597789164315 1.5 0.1713063925809199 3.3742772702173851 -2.1305505931056383 -0.00029333998985520425 8.2809196197301294
1.148633205117684 0.58525771388288839 1.5 0.1895587395719594 3.5635415027167743 -2.0624562393636912 -0.0001905246223401658 8.5222001442144233
1.1847359249285581 0.60365298332741057 1.5 0.20775791078412478 3.7414649154923425 -1.9917796551438294 -4.7780009908991488e-05 8.7438189906269148
1.2212510475677985 0.62225837995222322 1.5 0.22466782888195858 3.9171675977150922 -1.9255464628927295 6.1347939737026416e-05 8.9241512486672061
1.2581840140659559 0.64107667553474834 1.5 0.24193469988543417 4.0776083817112481 -1.8496415494885257 0.00020974252268216544 9.1089780418496069
1.2955352256479733 0.66010807571364316 1.5 0.25785355518950148 4.2418014879399584 -1.7769949922194683 0.00040072189397647145 9.2783013573360318
1.3333037963742371 0.67935212932354538 1.5 0.27452719693574917 4.3897346250531211 -1.7079179094357442 0.00058032670337998125 9.4363372936135637
1.3714871218595674 0.69880751026133314 1.5 0.2903294285518242 4.5346176642855163 -1.6414722826065067 0.00077946772228956881 9.5660327349811851
1.4100826884094664 0.71847293767592002 1.5 0.30644140922393426 4.6692627140916727 -1.5740011415468396 0.00096858178473710889 9.6944248756263818
1.4490871700813321 0.73834671747465963 1.5 0.32202032261730179 4.7968264081696681 -1.5109174805193017 0.0011196673072510629 9.7986204004498489
1.4884975844618 0.75842733263994666 1.5 0.33787664644668564 4.9143403725122079 -1.4474922781897452 0.001257492212339707 9.8996211107973853
1.5285446134099139 0.77883232694001803 1.5 0.35330129751380479 5.0298021003197944 -1.3890233234033209 0.0013709447953208407 9.9785661575620317
1.5691218569887506 0.799507469676489 1.5 0.36875715967997974 5.135777301149929 -1.3310868985045394 0.001465670790016366 10.04097536938507
1.610158739135636 0.82041680597560396 1.5 0.38382579932316369 5.2402098721785784 -1.2784413200689864 0.0015594355152723685 10.096957399450393
1.6518513986965782 0.84166028591575159 1.5 0.3989191916850805 5.3383511613310803 -1.2251565150462176 0.001644958276405142 10.141810463864248
1.6943087486273392 0.86329339494271529 1.5 0.41343265601645568 5.435840247199363 -1.1763705419687454 0.0017202556705521921 10.15894910943658
1.7373490311334252 0.88522351187124948 1.5 0.4279665655992072 5.524930317231493 -1.1279124582435409 0.0017838973219822844 10.173791822728582
1.7808653740302076 0.90739619117089898 1.5 0.44185037628779344 5.6128125040110683 -1.0831724160589142 0.0018331149837850595 10.168280950855701
1.8250340874517503 0.92990127894336028 1.5 0.45574261806714533 5.6951992046967703 -1.0371105232992652 0.0018785281500737039 10.161375296362907
1.8699528432517556 0.95278853506541294 1.5 0.46915851748759335 5.7761239253844661 -0.99489957519987049 0.0019157465301845691 10.138454441606557
1.9156662773342092 0.97608069819197718 1.5 0.48269072984119726 5.8517090172348096 -0.95197878856278695 0.0019510250017143783 10.117870876320122
1.9621925500266819 0.99978702114373896 1.5 0.49545341510594954 5.9288956183682844 -0.91267161662490048 0.0019872289689024164 10.074404233732784
2.0095365809683079 1.0239100111382089 1.5 0.50886851921770127 5.9982636880156601 -0.87304162882178238 0.0020197588850568646 10.051118129756814
2.0576966315257867 1.0484487828599309 1.5 0.52105444973577464 6.0714306475783424 -0.83399406251960184 0.0020574447586337919 9.9919136669880633
2.1066675918984394 1.0734007343887613 1.5 0.53382263910520844 6.1382120343834048 -0.79637334482730837 0.0020875279054097936 9.9527194699638617
2.1566696302280306 1.0988780517647996 1.5 0.5460510792620713 6.2060432413848714 -0.76110186835034677 0.0021170790309867657 9.8949173587558743
2.2078185883733541 1.1249397526144582 1.5 0.55859584709699495 6.269979996457093 -0.72523482785375382 0.0021412639339913418 9.8465510237422702
2.2599392168876822 1.1514965374938595 1.5 0.57050364366535078 6.3340660749814806 -0.69140609630920769 0.0021586321590460521 9.7786744671269297
2.3131524342809775 1.1786100274464091 1.5 0.58296617462116773 6.3939846728120244 -0.65721271858701868 0.0021741589249401798 9.7280890841357461
2.3677479243796764 1.2064278248461446 1.5 0.59483270487766093 6.4549581802621567 -0.62379732536255295 0.0021801232254799272 9.6520968365804052
2.4236490098812391 1.2349108515401781 1.5 0.60724616034294587 6.510927322747718 -0.59041420005057055 0.0021895298061328288 9.598415599631954
2.4807976234223261 1.2640295232545613 1.5 0.61894096339372129 6.5691528178761587 -0.55731539333211622 0.0021909058627076006 9.5189108452587483
2.5396006479924687 1.2939911651541278 1.5 0.63138613097725382 6.6231026390410044 -0.52491757722110954 0.0021881341492606485 9.4611230325534645
2.6002719860705557 1.3249047582657796 1.5 0.64314671668680357 6.6802723609732206 -0.49166411689218215 0.0021764874664895505 9.3777201645804631
2.6629037148240973 1.3568172187842906 1.5 0.65571771187590966 6.7331780638033409 -0.45944839820348121 0.0021608898285989091 9.3162984574254342
2.7275289560512848 1.3897454236688316 1.5 0.66763908346158218 6.7876875448272882 -0.4266475509645089 0.0021365576337333946 9.2356529452792415
2.7943655058100916 1.4238003461884048 1.5 0.6806953273437103 6.8366421176231631 -0.394292473227356 0.0021087976184890464 9.1736478320257149
2.8637341681487651 1.4591454430023809 1.5 0.69387292581980053 6.8857911128023988 -0.35806114201985806 0.0020686525124881928 9.1595646724487594
2.9357836594097204 1.495856484372738 1.5 0.70619950613671467 6.9406460498192777 -0.32450203375131975 0.0020252378012704225 9.0681393156150278
3.0109927898051883 1.534177435152895 1.5 0.71656527207861853 7.0053056043462334 -0.29843085432112521 0.0019729320317758182 8.8988001097204901
3.0900186049441585 1.5744430713095936 1.5 0.72987165759879469 7.0563996235568096 -0.26441780189811281 0.0019134149589083251 8.8116976837301912
3.1733860947548482 1.6169208862724074 1.5 0.74305721445932527 7.111866508575293 -0.23190312455755865 0.0018439293803398345 8.7072483295196719
3.2617394219824325 1.6619390838855672 1.5 0.7574387742568357 7.1623735649919409 -0.19644522381905202 0.0017692514684521459 8.6178796126533719
3.3561958674116306 1.7100668948831375 1.5 0.77188289301355795 7.2186896744744882 -0.16286075899385938 0.0016824957435326916 8.5033590533803967
3.4585098551935332 1.7621981364669961 1.5 0.78775071332246416 7.2732853111550302 -0.125279352734678 0.0015873412614434458 8.3957001794110155
3.5711358048702766 1.8195831527533533 1.5 0.80437657810128116 7.3344515399177475 -0.088049801031902006 0.001484098052515136 8.2619610374603116
3.6979855992071275 1.8842141519833968 1.5 0.82307286948114466 7.399144893598268 -0.047013395513973009 0.0013737434052289127 8.1172304416053596
3.8473478047930874 1.9603084754030484 1.5 0.8452096966285515 7.4717868659151083 0.0019104172534915962 0.0012657852296783371 7.9508093696093418
4.0406323531373536 2.058765586078426 1.5 0.8740399019290761 7.5669815174523949 0.055202932614499614 0.0011670297371907535 7.7064322910162009
4.2974959063671001 2.189616677387499 1.5 0.9107555701372293 7.6768860081993529 0.12755448173715578 0.0011050539498420613 7.433614736380151
4.6201683106386131 2.3540251736968045 1.5 0.9516760233919318 7.7992920979266751 0.20229981272721179 0.0010698467611348816 7.0995891835168097
5.0108039795040291 2.5530755929172568 1.5 0.99579471076895221 7.9271941117534404 0.26860019870377905 0.0010515272875225082 6.7084362984698807
5.4866702041390036 2.7955540678154627 1.5 1.0438174715127857 8.0575057097400613 0.3501886850974269 0.0010130719816103611 6.3106820220673123
6.0610398922169093 3.0882290322494619 1.5 1.0883556169467947 8.1928687204624957 0.37894953504985074 0.0009204724676215452 5.7987345180830312
6.7171727179391061 3.4225586603020055 1.5 1.1298526615799045 8.3033253144104453 0.4327775657694814 0.00082081918329950261 5.3968916905438826
7.4310154239188071 3.7862816040750142 1.5 1.1634702272167967 8.4000031794703602 0.47486201157977703 0.00072662415472030551 5.0173060318236384
8.1951479183845226 4.1756255446595816 1.5 1.1900432191502557 8.4840652329534976 0.50459146200006555 0.00062725992918191676 4.6655598176147093
9.0131818778339028 4.5924359657011369 1.5 1.2087502850364111 8.5621712875785452 0.52379497917111106 0.00053318477496264248 4.32286915771446
9.8954535626409612 5.0419792081182866 1.5 1.2211432997170684 8.6322833415279145 0.53361434437061706 0.00046225223735699541 4.0004000296187394
10.859230088670959 5.5330512720739478 1.5 1.2271334417075193 8.6984437079550059 0.53335359122425108 0.00041076997061146968 3.6838733378161561
11.932809815845662 6.0800657244908178 1.5 1.2282168957206816 8.7588248771377604 0.52423795608969748 0.00038485058414030416 3.3790754918418369
13.168058279283782 6.7094177789703373 1.5 1.2226269092939133 8.8187155053874129 0.499339084233337 0.0003956567652040963 3.0636262869531024
14.695360533640937 7.4875982849960812 1.5 1.2090906098756038 8.8776729283755937 0.45871726400148827 0.00031309398140334349 2.7258847688089443
16.67590096018985 8.4967732289758864 1.5 1.1848036295712312 8.935672345106962 0.39607045278767705 0.00021604514816030574 2.3693222246786658
0.94955211069942091 0.36449888616183901 1.5 0.028096012922367311 1.4255972309353251 -2.1490209231869564 0.00070888232232377746 7.1340186135982773
0.98443845115337536 0.37789046589604341 1.5 0.044347372672467265 1.9251874565975049 -2.4302837748572106 0.00032269331592134712 7.3361296335812574
1.019907203712112 0.39150561516028415 1.5 0.060503847335232543 2.2529367015336335 -2.479925918259271 7.997241747723449e-05 7.4634630699589115
1.0558977295802907 0.40532106409904695 1.5 0.077003419501424822 2.4937640780399994 -2.449063775059328 -0.00010192926295210702 7.6343539739299668
1.0923776192133658 0.4193243630049277 1.5 0.092539356497080311 2.6986892305417611 -2.3857198797911159 -0.00019962168785567306 7.8319146245155586
1.1290841303331942 0.43341464675112729 1.5 0.10819520401913386 2.8928934430350242 -2.3265179278312798 -0.00025906307689268696 8.0552606940072877
1.1661077307438923 0.44762667455159727 1.5 0.12300018092740808 3.0652141143242804 -2.2495128376879374 -0.00027625474538861653 8.3088584894653046
1.2035169616842889 0.46198674710056048 1.5 0.13801688234354687 3.2182388527278523 -2.1772348295812649 -0.00023633692880566679 8.5319115744877969
1.2413447362649794 0.47650748351272332 1.5 0.1522035255543604 3.3885031116006759 -2.1073522544975778 -0.00018208049867800052 8.806717703256556
1.2796046187594383 0.49119408817260068 1.5 0.16616564179225096 3.5246154568461994 -2.0368441702096778 -9.0286234586885788e-05 8.9709873749128697
1.3183023101213169 0.50604874893096596 1.5 0.17956001765715321 3.6798520234254832 -1.9713823518657014 -1.115050639359324e-05 9.1778136524821381
1.3574382308726982 0.52107162836053944 1.5 0.19291351697574116 3.8098493453593223 -1.8972221579366604 0.00010000862988324122 9.3703553775871775
1.3970114527676165 0.5362623703733963 1.5 0.2057152578126929 3.942769083335294 -1.8398759420164268 0.00022253987467399513 9.5182430746354001
1.4370192470724654 0.55161992836332674 1.5 0.21880827855031898 4.066157830940182 -1.7730986823053507 0.00037183420400377766 9.6875131843614977
1.4774589799776319 0.5671432912485036 1.5 0.23119431520621969 4.1916963445586273 -1.7118309037093995 0.00056367948871133527 9.8269026263492023
1.5183271666794751 0.58283112187236652 1.5 0.24387602692000032 4.3086118323900502 -1.6508807459286525 0.00073580386135774364 9.9635510131378062
1.5596206825310843 0.59868222327477716 1.5 0.25600791880708446 4.4262619214077663 -1.5947266216811964 0.00089947135009476123 10.07491582945101
1.6015812323616023 0.61478938248668147 1.5 0.26872575404508453 4.5340705624179094 -1.536044710483589 0.00102831988788683 10.195536607111192
1.6440973304525297 0.63110978771303305 1.5 0.28080853017323693 4.64289446497623 -1.4822390104994341 0.0011477487538378444 10.289744347483053
1.6870950290565476 0.64761505825201193 1.5 0.29342350569987308 4.7413097397434685 -1.4300745253698208 0.0012439875707821364 10.387299939648942
1.7307798401786414 0.66438409455285874 1.5 0.30531447162970193 4.8440684968770906 -1.3797922005041048 0.0013405353445846476 10.458837278570206
1.7752658799463861 0.6814606936023837 1.5 0.31758529785774453 4.9387642568662979 -1.3304440359431466 0.0014136237575115048 10.520738781279698
1.8203627047033446 0.69877174046683055 1.5 0.32903881038079374 5.0350332452772815 -1.2862300275840122 0.001486007055782523 10.545958098876094
1.8659583366142671 0.71627425905928188 1.5 0.34104365087669286 5.122725642802779 -1.2438981486893961 0.0015417244190417611 10.58736848378161
1.9122375114427972 0.73403917386771633 1.5 0.35215714345316912 5.2149951038285405 -1.2027749255314959 0.0016002883896555351 10.597363244146234
1.9593025673094542 0.7521057626903298 1.5 0.36374452856202222 5.2981946459609555 -1.1624599956012802 0.0016436960586816752 10.610632054680474
2.0072002724347282 0.77049197389486146 1.5 0.37461848072719983 5.3850585468113383 -1.1244401856904338 0.0016887269816978363 10.600131611399762
2.0559496548451417 0.78920511134294391 1.5 0.38585340289958758 5.464196413580348 -1.0870581939963488 0.0017242166272420402 10.591921983719162
2.1055558693051246 0.8082471542749694 1.5 0.39650538577253097 5.545949365824316 -1.0529947641209201 0.0017637598999607777 10.567102405715305
2.1560170941651275 0.82761740396200012 1.5 0.4073394374376017 5.6215884468546369 -1.0175230046892447 0.0017955798506627963 10.541948809405008
2.2073279756417805 0.84731380685709512 1.5 0.41762030010163903 5.6992178621142688 -0.98463115347559116 0.0018226281416384366 10.503978991719048
2.2597192024071022 0.86742492059596943 1.5 0.4283794575360188 5.7701443675601469 -0.95154226135877229 0.0018498476989244931 10.47426588957606
2.3133121507478576 0.88799733072882081 1.5 0.43858400801126407 5.8437896191343732 -0.91966580706774426 0.0018713035884374127 10.430698113602917
2.3679231969184862 0.90896054555882355 1.5 0.44914126082797284 5.9108744825328836 -0.88751542238085279 0.0018931539413927011 10.394120481142263
2.4236790381776734 0.93036320913683301 1.5 0.45929824746879211 5.98003718283708 -0.85679576661712187 0.0019092493815319992 10.345919266027567
2.480883200082876 0.95232183505042745 1.5 0.46980528657718512 6.0442247274708389 -0.8250482912096273 0.0019242570784440884 10.300589709512263
2.5394553405985736 0.97480557418153047 1.5 0.47992407395313225 6.1097848816018789 -0.7950956207533032 0.0019342947128608526 10.244932874878103
2.5993346180618246 0.99779107401419842 1.5 0.49023746688649322 6.1715286860969778 -0.76488318615624251 0.0019424047918860303 10.187957257227891
2.6609473578954472 1.0214419931106937 1.5 0.50030012427092008 6.2355403003831853 -0.736101336798619 0.0019450245407121594 10.121657738590189
2.7245176824174382 1.0458443565910427 1.5 0.51061473911244515 6.2958889803249534 -0.70689332259783999 0.0019447858271606077 10.054988864912302
2.7901420684646911 1.0710351989533733 1.5 0.52062853346482196 6.3590583627013118 -0.67927213937322295 0.0019380505612190272 9.9762142150514883
2.8578552205133287 1.0970278425324425 1.5 0.5310301762031947 6.4176065289447477 -0.65160439467658304 0.0019290350532459703 9.9041708872869769
2.9278853413770034 1.1239098867868282 1.5 0.54109357267200187 6.4795977240191771 -0.62467346670230561 0.0019128967975986129 9.8186945383159276
3.0005685635792343 1.1518103597890443 1.5 0.55193838371981707 6.534622935394367 -0.60029163092297944 0.0018962622360765426 9.7399248624422992
3.0760607089277983 1.1807890716329108 1.5 0.56183679000321962 6.5969843817454441 -0.57241629007667671 0.0018679152414150114 9.6344675378601554
3.1548634659337034 1.211038601411172 1.5 0.57266631620969921 6.6552821196798444 -0.54344129782996187 0.0018417292186068224 9.5518421798373812
3.2376652744586889 1.2428232111849908 1.5 0.58287521406648324 6.7192919608951103 -0.51597362874633135 0.0018031658112295762 9.4321425453750969
3.325016209158342 1.2763540526365182 1.5 0.59425963685225847 6.7768133969142328 -0.48864911571160136 0.0017580947028921741 9.3397124714793947
3.4175912106303947 1.3118901983331379 1.5 0.60510728195616514 6.8408704529996269 -0.461068094081937 0.0017041629407634226 9.2107814182769676
3.5165609398924036 1.3498809730599284 1.5 0.61723828038382555 6.9006710464964689 -0.43257374178968672 0.0016436628319345832 9.1029769956833047
3.6237636395149435 1.3910319103341813 1.5 0.62918676861110034 6.9689872685482479 -0.40344448018646578 0.0015721505530159198 8.9568712395525605
3.7417709800221131 1.4363299480532588 1.5 0.64279471117116793 7.0348643207004811 -0.37097983870960416 0.0014943715406313461 8.8260411358803719
3.8746816569420459 1.4873474778392184 1.5 0.65691045850026986 7.1117184707040435 -0.33490993708080896 0.0014059664853163282 8.6460817783897923
4.0311796634284409 1.5474123467732834 1.5 0.67430380949048774 7.1942021937430605 -0.29471044370178529 0.0013042240881805647 8.4590194884048966
4.2336969492571725 1.6251263622770362 1.5 0.6987917491057557 7.2938809606218689 -0.23651463282884316 0.0011912338659978115 8.3090499277343994
4.5028310406373748 1.7284110851362526 1.5 0.72731900647613068 7.4197444826010228 -0.17226278550890342 0.001071951738898238 8.0005628058899436
4.8409211805312058 1.8581904843775809 1.5 0.75977415994573694 7.5586601540941256 -0.10323245337095764 0.00097236876118656011 7.6368233929850575
5.2502233466951944 2.0153179404294073 1.5 0.79693124068359533 7.7004866243279766 -0.028509716923111786 0.00089211375627334813 7.2488880200125285
5.7488286557765296 2.2067265378445517 1.5 0.83832673853768147 7.8514500613322902 0.047413895084078624 0.00081281584477325866 6.8048284455104664
6.350644810300067 2.4377602409581884 1.5 0.88622935909634137 7.9864233840020686 0.1327739311796112 0.00073038730511446818 6.4210201433799874
7.0381302858894053 2.7016738418574961 1.5 0.92984720081028538 8.1165418466426296 0.19443120299368435 0.0006484664942331248 5.9783699264828254
7.7860818919159565 2.9887873947900774 1.5 0.97311410681110111 8.2201390214772427 0.26605740472618578 0.00057560421982872669 5.634977901325005
8.5867258802565321 3.296124860289587 1.5 1.0049913965102322 8.3324561014093401 0.27884434406096309 0.00048824518003431818 5.1673493572648974
9.4438470721081842 3.6251440992257011 1.5 1.0377652205455841 8.4191389268442389 0.3242690180204964 0.00043561522458292532 4.8258241322973134
10.368275603897212 3.9800021766059839 1.5 1.0672923145633602 8.4970364784830892 0.36492312377102376 0.00036736732096722698 4.5040106708779977
11.378103440007173 4.3676420052035283 1.5 1.0942798446391746 8.5668068599016358 0.39823721105606286 0.0003303654197090788 4.203180531878445
12.502980550028163 4.7994402101024116 1.5 1.118616602530548 8.6329041637713555 0.42623089524593349 0.00030250576843774888 3.9069375073755142
13.797247394968652 5.2962259820286528 1.5 1.1410604467038605 8.6954241563455081 0.44633677283013573 0.00029935505564511369 3.6144346783515293
15.397525403459461 5.9104971647291746 1.5 1.1616221949139565 8.7601506457594862 0.45754439121229373 0.00024096872589919892 3.2939127941317365
17.472703733743852 6.7071209001946031 1.5 1.1767956178886851 8.8239646447419737 0.45377449078605997 0.00018173992679166058 2.9582961451370706
0.98245087331700098 0.26324690020132963 1.5 0.019248771400736952 1.0525619726094593 -1.7841981825786011 0.00067867133680683128 7.9887967179016339
1.0185459039980738 0.27291850390388184 1.5 0.029607500284804932 1.5975209802268835 -2.2491975008695588 0.0003845293460086951 7.9896008922471715
1.0552435256488875 0.28275157375689108 1.5 0.042100679548450461 1.9047370481989152 -2.2694972156899671 0.00015612998496084639 8.587153408347211
1.0924809992975308 0.29272930585963758 1.5 0.053767619679085936 2.1712004806529248 -2.3153978144248186 6.6933477300363285e-06 8.4739244523921844
1.1302247915935513 0.30284270642540362 1.5 0.066419457218210673 2.3625545905290002 -2.2551443381492753 -0.00011702821283938569 8.701519457155797
1.1682030563117953 0.31301892692367794 1.5 0.07839307438466124 2.5452774326334224 -2.1968705239613606 -0.00018955357994111129 8.8986570679240042
1.2065093989915003 0.32328307969326209 1.5 0.090730363324972654 2.7057873470732461 -2.1356468661021242 -0.0002388094800703157 9.0734585529649543
1.2452147345665681 0.33365415684005861 1.5 0.10279822293240147 2.8562398333497789 -2.0343649131538633 -0.00025202472518756787 9.4323855251647046
1.2843531149027982 0.34414126799307104 1.5 0.11474122267813126 2.9958866023682247 -1.9827382336550508 -0.00023283418458149661 9.5400265562248414
1.3239385739734715 0.35474817117398993 1.5 0.12607652459650093 3.1403965292320719 -1.8996141285459383 -0.00021131486991766673 9.7910836907354728
1.3639770101944977 0.36547644633638893 1.5 0.13767742786749909 3.2654489397624094 -1.8305001746382263 -0.00014293479805400086 9.9702078797086955
1.4044688587777725 0.37632621120587079 1.5 0.14854762720129641 3.397485222986937 -1.7620047603115658 -8.1085615321844584e-05 10.176380482090705
1.4454131593410353 0.38729720867332207 1.5 0.15984544802776918 3.5115932011231012 -1.7009121270668768 -2.4284205638837917e-06 10.34259917008303
1.4868070886988292 0.39838868309628162 1.5 0.17001587507864102 3.6282045932761369 -1.6385686720876691 0.00010879490007905543 10.49278950951167
1.5286479217829958 0.40959990423980586 1.5 0.18142247853645968 3.7131828630077246 -1.5767738761426571 0.00023155679350857387 10.651111385367395
1.5709320531090929 0.42092990653358731 1.5 0.19083214659107131 3.8342609001542192 -1.5279325287073404 0.00034400897559303326 10.733583313416265
1.6136562500309486 0.43237782618910015 1.5 0.20145005114644327 3.9242586841207117 -1.4740107959000113 0.00047919623518908634 10.857246538813893
1.657070592179118 0.44401067690587187 1.5 0.2113180756506032 4.0261130104359149 -1.4294712512397871 0.0006202476913955467 10.934476656480628
1.7010597295143866 0.45579753484717983 1.5 0.22165667384967941 4.1158534721514943 -1.384584736989388 0.00076773014571515424 11.022406941248079
1.7455471527917843 0.4677179044280475 1.5 0.23131844056560655 4.2121368317273733 -1.3437773441255412 0.00089459641115419619 11.096076177617913
1.7907454955427409 0.47982877201873486 1.5 0.24137802745534892 4.2995469626581615 -1.3001284758320604 0.0010098519937784994 11.172630451317071
1.836772826786472 0.49216176629812636 1.5 0.25066704618571611 4.3953992481500697 -1.2609846596585381 0.0011082468975189711 11.21936922585582
1.8834321035451485 0.50466407964646964 1.5 0.26043660464515206 4.4803296674907855 -1.2233873709637746 0.0011944889849003068 11.263924894410017
1.930607469185496 0.51730467627538657 1.5 0.26960414208212791 4.5689150318784399 -1.1910186732728183 0.0012623070489337304 11.2954553142206
1.9784900610970515 0.53013478199560538 1.5 0.27905448670913818 4.6512058637356999 -1.1567674917684259 0.0013296093479412919 11.322664235451169
2.0271857624292893 0.54318276219096218 1.5 0.28790605076942816 4.7376589741558792 -1.1262192893741818 0.0013829468603995595 11.333676540845037
2.0767429613167914 0.55646157829594234 1.5 0.29717229495572139 4.8164059398888641 -1.0942501393456565 0.0014358199991563226 11.347782566763934
2.1271813450099928 0.56997650519048859 1.5 0.30583947981299048 4.8996704152432589 -1.0656318824146114 0.0014792107974202111 11.346630168434885
2.1785062469219416 0.58372897245290289 1.5 0.314929237114565 4.9751999035716796 -1.036953053668288 0.0015255205974795403 11.34932438423569
2.2307157823452126 0.59771847559618574 1.5 0.32339055607908945 5.0550535068504452 -1.0102456823010881 0.0015577069025680009 11.336401042385884
2.2838044121709151 0.61194353194568951 1.5 0.33215946763464471 5.1284329065633285 -0.98303684419436954 0.0015955693698319353 11.325566268702067
2.3380108181279571 0.62646810047675539 1.5 0.34049178493180532 5.2055228856995388 -0.95834141470389078 0.0016163797329103845 11.302138863583655
2.3934605811070786 0.64132582426233031 1.5 0.34910720433482462 5.2773778482547602 -0.93291154751405547 0.0016459078525509895 11.279909557885318
2.4499637148840661 0.65646579167442232 1.5 0.35721804786844191 5.3522262609048505 -0.90913235379802326 0.0016619161229376941 11.24486891400268
2.5076513073446489 0.67192313681693561 1.5 0.36569042797371959 5.4218927625950259 -0.88509601111979097 0.0016855128700864852 11.213443102730857
2.5668374002877821 0.68778200794374145 1.5 0.37374124331503844 5.4954669043131021 -0.86193678937544727 0.0016978930748554261 11.167116099931725
2.6274388671891158 0.70402012296096905 1.5 0.3821414120683938 5.5632691038257942 -0.83830344805434842 0.0017158737141424077 11.127192893401594
2.6893927586800981 0.72062061696572999 1.5 0.39002334966437258 5.6354207379965287 -0.81646937324186453 0.0017224879836281045 11.066945848489457
2.7531401717062893 0.73770168884025999 1.5 0.3983802325651033 5.7023416899732462 -0.79420277179304755 0.0017342125930457685 11.0153606076054
2.8189129928937762 0.75532546528849254 1.5 0.40618293024583213 5.7747493463691386 -0.77446234946075376 0.0017351216881122289 10.940266401159832
2.8868110417284214 0.77351869335419843 1.5 0.41458172940486537 5.8404377268591965 -0.75282981973553575 0.0017393120493493313 10.880787576647744
2.956870225134776 0.79229099478543308 1.5 0.42240485796291605 5.9114509670648738 -0.73530664765712406 0.0017330661646864352 10.792923488732121
3.0293266524443907 0.81170563547235042 1.5 0.43093180227034028 5.9747101482737142 -0.71185611210003852 0.0017275017244704535 10.728619771959014
3.1045281019177891 0.83185580124204539 1.5 0.43813472474446918 6.0519763024317523 -0.70463005617607111 0.0017095812847154534 10.588256897537514
3.1826357936117757 0.85278468672827501 1.5 0.44662733541546168 6.1168496906285927 -0.68380402331014734 0.0016985934937351478 10.50855676766311
3.2641687977318248 0.87463137532626856 1.5 0.45480806233390736 6.1867218360097311 -0.66201258967461363 0.0016802330742613214 10.413744789097324
3.3498394057012333 0.89758671988116845 1.5 0.46356701719368004 6.2526694425958036 -0.64086579714740399 0.0016615419971339491 10.323032237707194
3.4402167501699221 0.92180321690568667 1.5 0.47219887835738172 6.3219471604921056 -0.62034061045007893 0.001631595269488035 10.21904262252732
3.5359991547977523 0.94746796923709742 1.5 0.48136786763497547 6.3892725487639455 -0.5987028582718934 0.0016008728114643264 10.114885126973967
3.6383978348280288 0.97490547281512074 1.5 0.49056312988816159 6.4608538090631571 -0.5772323056896137 0.0015583975632106248 9.9960556753105543
3.7493147110805345 1.0046252474996038 1.5 0.50057728841560767 6.532208673460592 -0.55407129794526599 0.0015095234830154237 9.8755476526188666
3.8714105293009093 1.0373400118709273 1.5 0.51092327789676639 6.6104552359755688 -0.52993583952081236 0.0014508116076420252 9.7343297637468726
4.0089258916142381 1.0741851134803628 1.5 0.52245309331948009 6.6923869195381407 -0.5020413286572738 0.0013825313768592393 9.5773516319762688
4.1708450740925418 1.1175624446552646 1.5 0.53543207736334475 6.7883320418113495 -0.47144555655136738 0.0013028787781959603 9.3846545072101097
4.3803762756527318 1.173681913977372 1.5 0.55352437029398771 6.8994686318791478 -0.43429814603526146 0.0011951824513099433 9.1562177203154107
4.6588322156851625 1.2482686593305972 1.5 0.57441506548419086 7.0411411380104578 -0.38749454208119782 0.0010795657990981672 8.8290585944024897
5.0086359038229382 1.3419970707205211 1.5 0.59867655730351799 7.1895243310490873 -0.33673966153676099 0.00095665536950001614 8.4689691252547288
5.4321201626835975 1.4554800399550714 1.5 0.62516411226708302 7.3511474582452472 -0.27857727623241624 0.00084240843225313812 8.0546575000581679
5.9480017133226371 1.5937216360935844 1.5 0.65527564972962893 7.5222754580117881 -0.21807282254634822 0.00073681290649695453 7.5796831993283549
6.5706706719172772 1.7605827995826107 1.5 0.69053854080153887 7.6862525253394427 -0.14521218601822797 0.00064370962082184815 7.1875422723255831
7.2819765318523348 1.9511888593345847 1.5 0.72438546493169365 7.8379488367195798 -0.082733081675252937 0.0005498199467494346 6.7360107391200401
8.0558423245114916 2.1585473439656235 1.5 0.75643463847961379 7.9737872705575876 -0.028558513561414603 0.00045613376347902285 6.303063489862768
8.8842258069905604 2.3805110949465385 1.5 0.78953543283968608 8.0839698372691231 0.030065567622518805 0.00038127934713461494 5.9512230447419388
9.7710434615463999 2.6181343672303439 1.5 0.81987480369027643 8.1880582737864032 0.073776247027028508 0.00030341233378165843 5.5864252340864029
10.727500633191895 2.8744193971696479 1.5 0.8489225702759704 8.2825020173905983 0.12344352726636916 0.00024541176153469057 5.2480192304362721
11.772315911543973 3.1543799392036354 1.5 0.87673759394237605 8.3716187336246186 0.14893443931914907 0.00021655226143865226 4.9054727067246562
12.936166023031337 3.4662310307275921 1.5 0.90483239206055077 8.453050280559447 0.18719009367261211 0.00017567396551444091 4.5878641713518586
14.27527098835284 3.825007632158675 1.5 0.93442863716233082 8.5298607354536244 0.23151862978169152 0.00017438970604242423 4.2736106817012747
15.930991476571961 4.2686392144943834 1.5 0.96738784556276991 8.6087486448454111 0.27418129420057902 0.0001582165128468077 3.9298229177656125
18.07807162081091 4.8439837615757231 1.5 1.0035537734412887 8.6885942093506294 0.31519282717090108 0.00013360679925246305 3.5648885732404105
1.0045856985754575 0.15911072611425903 1.5 0.014659670334526051 0.67275778942752096 -1.2110513621354124 0.00065292033766832503 8.3790357462415237
1.0414939547741355 0.16495638967108062 1.5 0.022460891462017574 1.1212226896905422 -1.4856063419201007 0.00043429374773241265 9.6270751496592819
1.0790183786947491 0.17089964694184662 1.5 0.030565313987866757 1.5228757251727962 -1.6886534805777269 0.00024215183829213392 9.99238029878647
1.1170948185701204 0.17693034408768452 1.5 0.040361924404023697 1.7883693205902691 -1.7237064446170209 6.6017933947077988e-05 10.326628916555265
1.1556889846422949 0.18304304178037223 1.5 0.050032797497128766 2.0202865798754628 -1.6998807038916564 -4.0052300663774079e-05 10.567667238468097
1.1945229051432384 0.18919370622943127 1.5 0.060653293355764491 2.1938354692356947 -1.6475843276744122 -0.00013778151292146045 10.759102280509284
1.2336922977854345 0.19539752776247396 1.5 0.070618100061364653 2.3665318932101211 -1.591448084781327 -0.00019045239926846462 10.928957574527354
1.2732696742390011 0.20166598181559597 1.5 0.081271771133944945 2.503001556886399 -1.5296410597687635 -0.00022946108424824998 11.04845000779326
1.3132898520455742 0.20800456872509659 1.5 0.09149604632812372 2.6402969287303781 -1.4611494292208023 -0.00022724002551536207 11.197898039346551
1.3537671811190939 0.2144155589761696 1.5 0.1019504010526484 2.7582213521726686 -1.3974050893068064 -0.00022109237181880886 11.297540302947937
1.3947076927134487 0.22089990731488718 1.5 0.11159096876751633 2.8864900811260341 -1.3366800752304298 -0.00020643752805152361 11.414672331797531
1.4361118319620747 0.2274576853299082 1.5 0.12164234012046293 2.9939614125617102 -1.2818078789634737 -0.00022210024493729113 11.514751942263418
1.4779786168685654 0.23408873770787164 1.5 0.13080826370279641 3.1125718758836203 -1.2356685403499046 -0.00017904411691480946 11.602832311747713
1.5203051607270233 0.2407926080490421 1.5 0.14055392642105541 3.2106727175439813 -1.1872003031148812 -0.00010013612167804594 11.670391783787396
1.5630886770671621 0.24756885496596634 1.5 0.14963049156337474 3.3126208687047831 -1.1469299888938209 -1.5825813159485251e-05 11.755158796431886
1.606325479226181 0.25441689505358012 1.5 0.15908889583632468 3.3973228045041362 -1.1098226064846057 9.3503364492901548e-05 11.786004721983684
1.6500122619761948 0.26133620715881822 1.5 0.16759575547018971 3.4955373788648907 -1.0806070803511076 0.00022716289666695598 11.836721847826198
1.6944047398244049 0.26836729743367393 1.5 0.17647257622738116 3.5878659035746647 -1.0465494451531832 0.0003531506656410767 11.875782995947615
1.7393849622100506 0.27549146880777475 1.5 0.18469322225940146 3.6761263646607314 -1.0165318584277212 0.00047616981479455932 11.915111082586071
1.7848746966418094 0.28269633536690547 1.5 0.19356836042055311 3.7475643395845681 -0.98716036644755245 0.00058863663168305853 11.953918190951971
1.831091368520088 0.29001634504774798 1.5 0.20092494807001504 3.8419327052329342 -0.9506501174425579 0.00064293784169673347 11.995522585599863
1.8781557061668606 0.29747061169083611 1.5 0.20943505071507412 3.9137881412044861 -0.92466359965250411 0.00075803666405511126 12.016671676412123
1.9258662261270054 0.30502721356175394 1.5 0.21690057117259298 3.9976790497534092 -0.90154438258821168 0.00085513033178093048 12.021797324890265
1.974104462318742 0.31266739520525505 1.5 0.22496540406876597 4.0693621972437564 -0.88025260300761943 0.0009574193462112792 12.031332054769599
2.0230658596162638 0.32042212251411528 1.5 0.23214559851706423 4.1512659241426837 -0.86009711177148862 0.001037230361862735 12.028358058261471
2.0728586861200555 0.32830853768072976 1.5 0.23994455349287647 4.2214255939381076 -0.83905918543327873 0.0011282877451669797 12.033750846728292
2.1235324197282637 0.33633447319814136 1.5 0.24700171675958055 4.2995046960491452 -0.82039139865648969 0.0011825312974282978 12.026193048373798
2.1751071912176005 0.34450311717191462 1.5 0.25458780551382248 4.3676956235945816 -0.80140005334461761 0.0012518911816710274 12.024330106255757
2.2275884542157414 0.35281533385550179 1.5 0.26146817396281391 4.443224502893611 -0.78522871749659917 0.0012874632333582066 12.010411798616584
2.280974281606635 0.3612708185311071 1.5 0.26882668674446675 4.5103196420251734 -0.76854279779252288 0.001345785977070814 12.002896421454981
2.3352590096435062 0.36986867564087011 1.5 0.27548588454938089 4.5840468661183831 -0.75361405381001734 0.0013623433663593229 11.9833518097298
2.390686698065184 0.37864756475183992 1.5 0.2826492446797168 4.6507693951703235 -0.73851607065331926 0.0014080938177512819 11.970148705242945
2.447385756475863 0.38762781785916506 1.5 0.28919600033323795 4.7228997264272339 -0.72442416442960655 0.0014176485414353628 11.946262811345083
2.5051619177015079 0.39677866120213756 1.5 0.29610411496841066 4.7889808334561126 -0.71012163509174531 0.0014571785728139303 11.925373150168518
2.5641492240285837 0.40612133400111605 1.5 0.302468178410158 4.8603483853621015 -0.69687830345623603 0.0014648838380890746 11.893812483332056
2.6246687927898762 0.41570669723038595 1.5 0.30923028847272505 4.9270220589797491 -0.68335073055509077 0.0014993291646363688 11.864581333105445
2.6866356237238023 0.42552127994756528 1.5 0.31542730517709811 4.9985849504679205 -0.67071501728314575 0.0015029239708982077 11.82211213480835
2.7499853494426567 0.43555488963822642 1.5 0.32198550825918509 5.0650631351115747 -0.65815031629620724 0.0015329041779774016 11.782989355466807
2.8151690056642966 0.44587897049288944 1.5 0.32809028891096198 5.1362185858938636 -0.64667248256056009 0.0015320572024373862 11.730143359560934
2.8824237027245005 0.45653107012622629 1.5 0.33468467834929705 5.2019711459472875 -0.63530905864698406 0.0015527136711754642 11.68514520338336
2.9518515091149262 0.46752735508144183 1.5 0.34073179457898922 5.2738333020388843 -0.62464878646844058 0.0015476228230662703 11.622971543616751
3.0234891408047719 0.47887364110200492 1.5 0.34736855220040508 5.3388210061387422 -0.61368641379299038 0.0015624787243552105 11.572720580838713
3.0975780267802415 0.49060816735531343 1.5 0.3535206965623145 5.4096563025129827 -0.60341945473106251 0.0015527388044641926 11.501819495669022
3.1744737807074621 0.50278725645962097 1.5 0.36036003598147204 5.4730221262006484 -0.59193346382181344 0.0015648505385867752 11.448230051400424
3.2543412545315862 0.51543701433917533 1.5 0.3666762058730062 5.5426865729375612 -0.58191428445845728 0.0015482425141219655 11.37512464188989
3.3377112131107616 0.52864150486490846 1.5 0.3733938575270373 5.6098705031831226 -0.57005517984832055 0.0015484042977989198 11.305259152350446
3.425311995415953 0.54251608064223134 1.5 0.37981181985119827 5.6825279421711654 -0.55869435542151058 0.0015239435672703583 11.220929478305543
3.5177255565550039 0.55715291223071184 1.5 0.38681242535489835 5.7512156810402377 -0.54694519436427347 0.0015132081064222387 11.143261031467523
3.6156659522697518 0.57266508279967621 1.5 0.39358147157909973 5.8257929519757932 -0.535355782857039 0.0014821369785498121 11.048892044765449
3.7203716817015833 0.58924870419806474 1.5 0.40099620775262429 5.8982266336909062 -0.5227469968086248 0.0014563771991933062 10.957241188982337
3.833787506076983 0.60721170022207205 1.5 0.40836842899249415 5.9781067292750674 -0.51010739746324874 0.0014169830938226533 10.845472953805873
3.958634094675948 0.62698476144118431 1.5 0.41658224053303478 6.0585121695557644 -0.49596115229675747 0.0013786364412122589 10.730209383020979
4.099247495296229 0.64925375223052995 1.5 0.42494233175652335 6.1514298744737728 -0.48172673219107637 0.0013265361899391173 10.577962860701337
4.2648138333194039 0.67546829452860147 1.5 0.435176355557297 6.2503328023305 -0.46042072265275946 0.0012586756519945429 10.420897469817271
4.4790632829212065 0.70937836102015117 1.5 0.44763340609001973 6.3846539526112194 -0.44653640425317298 0.0011523403272626325 10.169306557128651
4.7637902500502136 0.75444994087815342 1.5 0.46326005415273469 6.5368968059675758 -0.41769809522735418 0.001033064238864644 9.8748279703849047
5.1214749638313544 0.81110045625968041 1.5 0.48091663671904661 6.7032101855702297 -0.38684194456344173 0.00093641094474995886 9.5434201034346735
5.5545015322531945 0.87969559514037998 1.5 0.50022771262418086 6.8760832483150054 -0.35280985478466392 0.00080792073595853907 9.1614967085189996
6.0820072131673335 0.96325558387538091 1.5 0.52150430157575578 7.0627252075494082 -0.31492395035620407 0.00069283579248332846 8.7271854543698613
6.7187068723093972 1.0641160359431154 1.5 0.54488733654740329 7.2415305855007457 -0.27995564717543436 0.00058677152949376636 8.2651543845073476
7.4460398890844539 1.1793262284320494 1.5 0.56729476259644807 7.4124485977661303 -0.24134973879383712 0.00050538125190257286 7.8045971216590813
8.2373412304521487 1.3046577800668437 1.5 0.58884986960200392 7.563428165731759 -0.21164564480114537 0.00042349640501681033 7.3679749718604821
9.084388270025574 1.4388159377880076 1.5 0.61001905860951977 7.7030018255348507 -0.17123626466118075 0.00034601942317500598 6.9918816805556032
9.9911862365414112 1.5824397976509514 1.5 0.6301645481682614 7.8240381550488811 -0.13959509476857979 0.00027819590391008753 6.6191704744222681
10.969192911865861 1.7373438722830445 1.5 0.64965790434706494 7.9386338901906273 -0.10454385480968034 0.00021760957616233183 6.2665936240345488
12.037548424328175 1.9065578250548043 1.5 0.66981771376070165 8.0367395138064825 -0.068869258486672857 0.00016800391319088542 5.9472541460097732
13.227620155808584 2.095045099562689 1.5 0.6900853009785648 8.1316451618083985 -0.037919650915891862 0.00014831727329228637 5.6220335635557106
14.596891728679143 2.3118817004777039 1.5 0.71023530518342015 8.2283519916029402 0.00042844260930372853 0.00014949595628728607 5.2821398438729039
16.28991418045284 2.5800131124898806 1.5 0.73447124288644317 8.3239847529119491 0.025377624704847609 0.00017300728572593321 4.9192379143519815
18.48537227758078 2.9277748744064773 1.5 0.76090013325090045 8.4301792631492116 0.07016728572091753 0.00012834625655292273 4.5102891326739032
1.0158844714417028 0.05323131027620686 1.5 0.013199768068744698 0.4042953308408006 -0.37045723319899099 0.00061063895973422779 8.4396105098646768
1.0533176926760341 0.055187002182326458 1.5 0.018797720037409791 0.82688747447775501 -0.52959250029955351 0.00043667534037044128 10.213848771893943
1.0913129791712208 0.057175344954432036 1.5 0.025853054170294643 1.1888689860513464 -0.64197554230442111 0.00026721673737453673 11.245356832755952
1.1298368998007233 0.059192942698914772 1.5 0.03352691570995775 1.5010893640445715 -0.63026688457000835 0.00012114888936925008 11.948334117632109
1.1688699016813753 0.061237974276696847 1.5 0.04257668510683426 1.7335007233417055 -0.65385539806856185 2.7487469467700991e-05 12.270530166408966
1.2082707322721999 0.06329570673407206 1.5 0.051569711684579682 1.939762446077663 -0.60954344777539649 -6.14931251925846e-05 12.47126222981446
1.2477989509431846 0.065371227058471926 1.5 0.061495446629122263 2.0958984757988204 -0.6170664454897784 -0.00012859454075435627 12.523436934222962
1.2877769774946546 0.067468372880142763 1.5 0.070927857094642541 2.2522189576037159 -0.5695488237444768 -0.00018197914428414241 12.604041677224552
1.3282212315728237 0.069588982012215583 1.5 0.080947335325044778 2.3768457104509984 -0.54204941410473872 -0.00022231921542055667 12.623994477366645
1.3691365810385712 0.071733813673726027 1.5 0.090327349963262596 2.502875413173856 -0.51445680007326444 -0.0002418850965649079 12.635028690426637
1.4105249112789067 0.073903187195398956 1.5 0.10007822727844308 2.6078272071019639 -0.48244562292107551 -0.00025522835672049773 12.594867114467089
1.452384029026629 0.076097126707336357 1.5 0.10909693377973087 2.7191925592033557 -0.46460444819836316 -0.00023349669173451808 12.609005947503606
1.4947122627607301 0.078315580284983116 1.5 0.1184456156332386 2.8128442126174598 -0.44321286643114022 -0.00020926286389244872 12.590771815265054
1.5375056895886279 0.080558395371394365 1.5 0.12679244555630428 2.9183379850964584 -0.42600601399935423 -0.00014411708976286148 12.57226429299071
1.5807617078823544 0.082825424289203267 1.5 0.13572132327753469 3.0035559309453532 -0.40925565458641944 -0.00010728589212323539 12.564865829566939
1.6244759428417281 0.085116471940782951 1.5 0.14366969415592112 3.0993808369975069 -0.39543264278151713 -2.7411449327199531e-05 12.552611153921726
1.6686455118295809 0.087431364359427555 1.5 0.15222015809259201 3.1780620364339969 -0.38487322198481266 4.9661851979402966e-05 12.543647007883822
1.7133967700255281 0.089783653906407232 1.5 0.15989004185299369 3.266025879717469 -0.37459418002841655 0.0001309986528314125 12.53109778762682
1.7589476281789116 0.092167082810013123 1.5 0.16802786795349023 3.3421433854132423 -0.36275919944648655 0.00022964663005572283 12.526947124030094
1.8049767192518669 0.094577508108706604 1.5 0.17535817277100127 3.4248875147573665 -0.35591871787251284 0.00030520359293751038 12.539295325947196
1.8515909978677656 0.09702645637963106 1.5 0.1830233131450176 3.5000308199018795 -0.34759622172357219 0.00039487647615527597 12.524978077869042
1.8991265383594502 0.09952032099142781 1.5 0.18984591329015613 3.5836552840633478 -0.3394654598990724 0.00045456584745786688 12.516724170797707
1.9474775902047106 0.10204842072711155 1.5 0.19723265091188297 3.6550903512096622 -0.33246991334823328 0.0005642701618566255 12.510545892795166
1.996305178281625 0.10460448213119226 1.5 0.20379173026332181 3.7333663312032002 -0.32681614755738175 0.00060622296465055866 12.49860994826127
2.0457050348205104 0.1071988667341435 1.5 0.21102209059017424 3.799212562336276 -0.32003334320116383 0.00070875280641922848 12.490275451249225
2.096003908122976 0.10983730858680599 1.5 0.2173226973307037 3.8756175942257736 -0.31440262995157975 0.00073057013127464637 12.471538743863023
2.1472223488352098 0.11252242742231847 1.5 0.22419991131225228 3.9411771355292569 -0.30853568738287779 0.00081989289119247725 12.45871596960051
2.1993660373511128 0.11525528978881189 1.5 0.23020353597022386 4.0158771437475327 -0.30390232473694628 0.00082884842427094767 12.435539029959761
2.2524331809024494 0.11803618490675458 1.5 0.23673176001588367 4.0808065100593121 -0.29911607209312929 0.00090685343734719546 12.416939509853126
2.3064181933396961 0.12086501091518495 1.5 0.24249109737547786 4.1531470002961681 -0.29507068725271063 0.00090757139342631272 12.391635948130455
2.361313533672055 0.12374146844736833 1.5 0.24867841725250153 4.2171085745745778 -0.2897043256133614 0.0009776861066538784 12.368238949548845
2.417237489458119 0.12667849197236702 1.5 0.25425952915655142 4.2868265161711587 -0.28559773999294819 0.00097292562679190497 12.341864757587055
2.4745177335661008 0.12968288265665801 1.5 0.26029631902756034 4.3492918784620329 -0.27949094115439377 0.0010408831091339142 12.316950762295354
2.53304965406139 0.13274434417547673 1.5 0.26577047325353387 4.4161646536866241 -0.27491087677949666 0.0010375484992898954 12.288967584178124
2.5926262922188377 0.13586998370972075 1.5 0.27164376620645081 4.4769950547533695 -0.26935629054296795 0.0010996693701849341 12.263691969095218
2.6536694869736541 0.13907681722338239 1.5 0.27700985185709542 4.5430079251212776 -0.26512397841505342 0.0010941792439105287 12.230202797334616
2.7163934321846153 0.14236033658274469 1.5 0.28276006076557253 4.6043462654336391 -0.25990209591158214 0.0011569444411926348 12.200432947066924
2.7804915275836457 0.14571713220651783 1.5 0.28794732950245583 4.6697623878269452 -0.25638000469595673 0.0011464757089613158 12.159159226989011
2.8461818571368811 0.14917110729978661 1.5 0.2935676237176289 4.7313723794429912 -0.25237307431286859 0.0011968750592016592 12.123743491825518
2.9140986865999401 0.15273482245681549 1.5 0.29876585300364905 4.7967574126738244 -0.24903560073301306 0.0011838826930667117 12.077559477171459
2.9842795846636658 0.15641368635771574 1.5 0.30437465828889509 4.8586726691318738 -0.24508031947146786 0.0012305984337485881 12.039454368502312
3.0567266550176728 0.16020964477301677 1.5 0.30955773687810767 4.9243349395983387 -0.24190033391799931 0.0012131827289873145 11.989631831983392
3.13154685225597 0.16413549090790666 1.5 0.31519002762172899 4.9860374509322822 -0.23847008525767427 0.0012511362480900085 11.94878226040421
3.2091587476394503 0.16821006761025004 1.5 0.32044438492954808 5.0520237936591554 -0.23556974081922719 0.0012297053520446632 11.895699127920491
3.2898828903257913 0.1724421080799928 1.5 0.3261575859249658 5.1141296274554255 -0.23238127134989522 0.0012631971781873726 11.851663730063482
3.3739609605096881 0.17685973614883241 1.5 0.33142419318399496 5.1821285342389158 -0.22920889788176074 0.0012369056914554785 11.792477037326753
3.4622415756980409 0.18150154280545774 1.5 0.33719514959137536 5.247194931679398 -0.22577330077831317 0.0012583209177858368 11.739617858130222
3.5554878070828622 0.18639836384223041 1.5 0.3426513963515177 5.3178050937649708 -0.22247166692452613 0.0012288031753879029 11.674360004060221
3.6542662438213585 0.19158802980595643 1.5 0.3486488647916976 5.3859650770511829 -0.21905458912033896 0.0012343282606213327 11.613865079512918
3.7596466146426746 0.197136143126284 1.5 0.35441414905228907 5.4606666088379061 -0.21604446321335583 0.0011967549090155475 11.538164653127673
3.8735356539246668 0.20314570539275256 1.5 0.36084809033130028 5.5347085469634019 -0.21246126954299477 0.0011876191291432391 11.46380726812766
3.9986896703020522 0.20976076977254121 1.5 0.36728788664964318 5.6174786258179212 -0.2092410252736564 0.0011429064025936892 11.371630809722031
4.1391164141758523 0.21721064713524124 1.5 0.3746410587745912 5.7035310086965536 -0.20503253923634909 0.0011159155346881931 11.273034337029246
4.3026334480908393 0.22597943623436714 1.5 0.38252256650853006 5.8061728528417156 -0.20266851279923531 0.0010618877306192592 11.142812221139131
4.5090068522714777 0.237320300547021 1.5 0.39298520863121739 5.9302476190230706 -0.1947709159740921 0.00099292666554163037 10.979887947422986
4.7919807563781003 0.25239513645135198 1.5 0.40580713842380883 6.092982287912597 -0.18961968389707679 0.00088447522092980821 10.740466571191895
5.1601765018734369 0.27134766337574595 1.5 0.42071964930489458 6.2610700683945231 -0.17803633477879122 0.00078345854238505137 10.473590433960197
5.6010999397698109 0.29429825240599422 1.5 0.43557765669903376 6.4435566321377742 -0.16744312493874211 0.00069618727071088374 10.134980290335131
6.130630390661409 0.32225554614227858 1.5 0.45169307180215934 6.6354302194515045 -0.15720086443541098 0.00058490650803399871 9.7383301356241354
6.7804160619234848 0.35600176464873079 1.5 0.46916389302404238 6.8307156113758802 -0.14473664351143259 0.00049506777415521755 9.3138076617176146
7.5295015200587798 0.3945479069034129 1.5 0.48573151354364813 7.0090283561976712 -0.13552906951972052 0.00041470970672413324 8.8788213867312518
8.3353283544519421 0.43647850977026847 1.5 0.4996352975980769 7.1769801132277973 -0.11485520072342649 0.00034027877482937125 8.4263602594603508
9.1927628129159338 0.48136166148373088 1.5 0.51370112098990273 7.321143214801209 -0.1049653775999544 0.00027913225256844703 8.0265367915340899
10.108515849719705 0.5294119575204872 1.5 0.52697192822013628 7.4516145168759413 -0.098522103786042189 0.00024094976909119846 7.6529209137750653
11.094650873398178 0.58123641577445673 1.5 0.53933511073674834 7.5701889392663935 -0.088583432018812386 0.00019820803612358051 7.2906458304985362
12.170382931937127 0.63784832214325349 1.5 0.55132958265811938 7.6799352531730145 -0.082437465057949175 0.00015249866985047873 6.9460572189064216
13.365956436122055 0.70090745102481633 1.5 0.56305598111516875 7.7824348735889268 -0.071894902930499632 0.00011250440659033096 6.6117559648407136
14.735475238604725 0.77344551022274466 1.5 0.57491055417138559 7.8835411473872146 -0.06272761643340477 9.6812263145526088e-05 6.2745794819828076
16.403759516072231 0.86314744353705686 1.5 0.58682391298162129 7.9960950846229562 -0.046091405301749766 9.3102387344705007e-05 5.894841172187645
18.640086909169767 0.9794987828560342 1.5 0.6024003036051504 8.091512847782834 -0.035967575401761258 8.4360188593389168e-05 5.5196756038202022
