MeshVersionFormatted 2
Dimension 3

Vertices
3003
5.6568542494923846e-01 5.6568542494923801e-01 -1.7459326866059615e-16 0
1.9541357471173070e-17 8.0000000000000027e-01 -1.7763568394002506e-16 0
8.0000000000000038e-01 -2.8496761939106445e-14 -6.9276484498833159e-17 0
0.0000000000000000e+00 0.0000000000000000e+00 0.0000000000000000e+00 0
5.6568542494923890e-01 5.6568542494923690e-01 5.0000000000000009e+00 0
4.5251938558891969e-16 7.9999999999999916e-01 5.0000000000000009e+00 0
4.3297802811774657e-16 -1.1102230246251565e-15 5.0000000000000009e+00 0
8.0000000000000082e-01 -2.9606984963731602e-14 5.0000000000000009e+00 0
2.4426696838966338e-17 1.0000000000000002e+00 -2.2204460492503131e-16 0
7.0710678118654779e-01 7.0710678118654768e-01 -2.1824158582574516e-16 0
4.5740472495671287e-16 9.9999999999999911e-01 5.0000000000000009e+00 0
7.0710678118654824e-01 7.0710678118654657e-01 5.0000000000000009e+00 0
1.0000000000000004e+00 1.9761790808606501e-16 -8.6595605623549390e-17 0
1.0000000000000009e+00 -9.1260511653909183e-16 5.0000000000000009e+00 0
4.7022820183399733e-01 6.4721359549994462e-01 -1.8442998303398177e-16 0
3.6319239979165302e-01 7.1280521935068664e-01 -1.8972541913705191e-16 0
2.4721359549996907e-01 7.6084521303611952e-01 -1.9034918575840136e-16 0
1.2514757203219057e-01 7.9015067247610948e-01 -1.8628592369364980e-16 0
7.9015067247611415e-01 1.2514757203216209e-01 -9.6211919206132184e-17 0
7.6084521303612862e-01 2.4721359549994168e-01 -1.2077829715352299e-16 0
7.1280521935069985e-01 3.6319239979162726e-01 -1.4237071258480664e-16 0
6.4721359549996171e-01 4.7022820183397390e-01 -1.6045748857094663e-16 0
1.5633085976938454e-17 6.4000000000000012e-01 -1.4210854715202004e-16 0
1.1724814482703843e-17 4.8000000000000009e-01 -1.0658141036401502e-16 0
7.8165429884692238e-18 3.2000000000000001e-01 -7.1054273576010008e-17 0
3.9082714942346119e-18 1.5999999999999998e-01 -3.5527136788004998e-17 0
1.6000000000000011e-01 -5.6882501575750361e-15 -1.3855296899766636e-17 0
3.2000000000000023e-01 -1.1376500315150075e-14 -2.7710593799533272e-17 0
4.8000000000000032e-01 -1.7064750472725114e-14 -4.1565890699299909e-17 0
6.4000000000000046e-01 -2.2753000630300151e-14 -5.5421187599066544e-17 0
4.7022820183399777e-01 6.4721359549994351e-01 5.0000000000000009e+00 0
3.6319239979165346e-01 7.1280521935068553e-01 5.0000000000000009e+00 0
2.4721359549996952e-01 7.6084521303611841e-01 5.0000000000000009e+00 0
1.2514757203219101e-01 7.9015067247610837e-01 5.0000000000000009e+00 0
4.4861111409468508e-16 6.3999999999999901e-01 5.0000000000000009e+00 0
4.4470284260045038e-16 4.7999999999999898e-01 5.0000000000000009e+00 0
4.4079457110621583e-16 3.1999999999999890e-01 5.0000000000000009e+00 0
4.3688629961198122e-16 1.5999999999999887e-01 5.0000000000000009e+00 0
1.6000000000000056e-01 -6.7984731822001934e-15 5.0000000000000009e+00 0
3.2000000000000067e-01 -1.2486723339775233e-14 5.0000000000000009e+00 0
4.8000000000000076e-01 -1.8174973497350270e-14 5.0000000000000009e+00 0
6.4000000000000090e-01 -2.3863223654925310e-14 5.0000000000000009e+00 0
7.9015067247611459e-01 1.2514757203216098e-01 5.0000000000000009e+00 0
7.6084521303612906e-01 2.4721359549994057e-01 5.0000000000000009e+00 0
7.1280521935070029e-01 3.6319239979162615e-01 5.0000000000000009e+00 0
6.4721359549996216e-01 4.7022820183397279e-01 5.0000000000000009e+00 0
2.0518425344731734e-17 8.4000000000000030e-01 -1.8651746813702632e-16 0
2.1495493218290385e-17 8.8000000000000023e-01 -1.9539925233402755e-16 0
2.2472561091849036e-17 9.2000000000000026e-01 -2.0428103653102881e-16 0
2.3449628965407687e-17 9.6000000000000019e-01 -2.1316282072803005e-16 0
5.8778525229247336e-01 8.0901699437494767e-01 -2.3053747879247898e-16 0
4.5399049973954703e-01 8.9100652418836812e-01 -2.3715677392131538e-16 0
3.0901699437494756e-01 9.5105651629515386e-01 -2.3793648219800148e-16 0
1.5643446504023090e-01 9.8768834059513799e-01 -2.3285740461706185e-16 0
6.7882250993908588e-01 6.7882250993908577e-01 -2.0951192239271539e-16 0
6.5053823869162397e-01 6.5053823869162397e-01 -2.0078225895968558e-16 0
6.2225396744416217e-01 6.2225396744416195e-01 -1.9205259552665578e-16 0
5.9396969619670026e-01 5.9396969619670004e-01 -1.8332293209362597e-16 0
4.5349645346247836e-16 8.3999999999999919e-01 5.0000000000000009e+00 0
4.5447352133603694e-16 8.7999999999999912e-01 5.0000000000000009e+00 0
4.5545058920959562e-16 9.1999999999999915e-01 5.0000000000000009e+00 0
4.5642765708315429e-16 9.5999999999999908e-01 5.0000000000000009e+00 0
5.8778525229247380e-01 8.0901699437494656e-01 5.0000000000000009e+00 0
4.5399049973954747e-01 8.9100652418836701e-01 5.0000000000000009e+00 0
3.0901699437494801e-01 9.5105651629515275e-01 5.0000000000000009e+00 0
1.5643446504023134e-01 9.8768834059513688e-01 5.0000000000000009e+00 0
6.7882250993908633e-01 6.7882250993908466e-01 5.0000000000000009e+00 0
6.5053823869162442e-01 6.5053823869162286e-01 5.0000000000000009e+00 0
6.2225396744416261e-01 6.2225396744416084e-01 5.0000000000000009e+00 0
5.9396969619670070e-01 5.9396969619669893e-01 5.0000000000000009e+00 0
9.8768834059513821e-01 1.5643446504023109e-01 -1.2026489900767117e-16 0
9.5105651629515386e-01 3.0901699437494762e-01 -1.5097287144190771e-16 0
8.9100652418836823e-01 4.5399049973954703e-01 -1.7796339073101060e-16 0
8.0901699437494778e-01 5.8778525229247347e-01 -2.0057186071368427e-16 0
9.6000000000000041e-01 1.8971319176262237e-16 -8.3131781398607411e-17 0
9.2000000000000048e-01 1.8180847543917979e-16 -7.9667957173665444e-17 0
8.8000000000000045e-01 1.7390375911573720e-16 -7.6204132948723465e-17 0
8.4000000000000041e-01 1.6599904279229462e-16 -7.2740308723781486e-17 0
9.8768834059513866e-01 1.5643446504022998e-01 5.0000000000000009e+00 0
9.5105651629515431e-01 3.0901699437494651e-01 5.0000000000000009e+00 0
8.9100652418836868e-01 4.5399049973954592e-01 5.0000000000000009e+00 0
8.0901699437494823e-01 5.8778525229247236e-01 5.0000000000000009e+00 0
9.6000000000000085e-01 -9.2050983286253431e-16 5.0000000000000009e+00 0
9.2000000000000093e-01 -9.2841454918597680e-16 5.0000000000000009e+00 0
8.8000000000000089e-01 -9.3631926550941948e-16 5.0000000000000009e+00 0
8.4000000000000086e-01 -9.4422398183286197e-16 5.0000000000000009e+00 0
1.3905110873386331e-01 6.3565651035580750e-01 -1.5318531368341421e-16 0
1.4976733609554319e-01 4.7884663245008491e-01 -1.1929450449387997e-16 0
1.5697323742416122e-01 3.2024815409449464e-01 -8.4702567415317034e-17 0
1.6043223190369060e-01 1.6043223190368558e-01 -4.9515837833532658e-17 0
2.7563697861619707e-01 6.1574811517873540e-01 -1.6059249806370985e-16 0
2.9768574305243928e-01 4.6601958575051011e-01 -1.2925541201042103e-16 0
3.1271385542255781e-01 3.1271385542254954e-01 -9.6516070179074796e-17 0
3.2024815409449886e-01 1.5697323742415126e-01 -6.2587143341285662e-17 0
4.0735307315765529e-01 5.8085209260530901e-01 -1.6425005949512465e-16 0
4.4195181850367865e-01 4.4195181850366999e-01 -1.3640410231530151e-16 0
4.6601958575051644e-01 2.9768574305242740e-01 -1.0645476146839214e-16 0
4.7884663245008818e-01 1.4976733609552845e-01 -7.4721043111818498e-17 0
5.3191476589964182e-01 5.3191476589963527e-01 -1.6417028534116295e-16 0
5.8085209260531412e-01 4.0735307315764407e-01 -1.4074979093114955e-16 0
6.1574811517873917e-01 2.7563697861618147e-01 -1.1452478496502123e-16 0
6.3565651035580950e-01 1.3905110873384374e-01 -8.5920608986007153e-17 0
5.3191476589964226e-01 5.3191476589963416e-01 5.0000000000000009e+00 0
5.8085209260531467e-01 4.0735307315764296e-01 5.0000000000000009e+00 0
6.1574811517873962e-01 2.7563697861618031e-01 5.0000000000000009e+00 0
6.3565651035580994e-01 1.3905110873384260e-01 5.0000000000000009e+00 0
4.0735307315765573e-01 5.8085209260530790e-01 5.0000000000000009e+00 0
4.4195181850367915e-01 4.4195181850366883e-01 5.0000000000000009e+00 0
4.6601958575051688e-01 2.9768574305242623e-01 5.0000000000000009e+00 0
4.7884663245008863e-01 1.4976733609552728e-01 5.0000000000000009e+00 0
2.7563697861619751e-01 6.1574811517873418e-01 5.0000000000000009e+00 0
2.9768574305243978e-01 4.6601958575050900e-01 5.0000000000000009e+00 0
3.1271385542255820e-01 3.1271385542254837e-01 5.0000000000000009e+00 0
3.2024815409449930e-01 1.5697323742415012e-01 5.0000000000000009e+00 0
1.3905110873386375e-01 6.3565651035580639e-01 5.0000000000000009e+00 0
1.4976733609554357e-01 4.7884663245008385e-01 5.0000000000000009e+00 0
1.5697323742416161e-01 3.2024815409449353e-01 5.0000000000000009e+00 0
1.6043223190369102e-01 1.6043223190368447e-01 5.0000000000000009e+00 0
4.9373961192567961e-01 6.7957427527495828e-01 -1.9365148218568299e-16 0
5.1725102201737805e-01 7.1193495504995552e-01 -2.0287298133738199e-16 0
5.4076243210907649e-01 7.4429563482495287e-01 -2.1209448048908098e-16 0
5.6427384220077492e-01 7.7665631459995033e-01 -2.2131597964077996e-16 0
3.8135201978122207e-01 7.4844548031823266e-01 -1.9921169009390593e-16 0
3.9951163977080328e-01 7.8408574128576658e-01 -2.0869796105075828e-16 0
4.1767125976038455e-01 8.1972600225330050e-01 -2.1818423200761065e-16 0
4.3583087974996576e-01 8.5536626322083431e-01 -2.2767050296446303e-16 0
2.5957427527495819e-01 7.9888747368793289e-01 -1.9986664504632225e-16 0
2.7193495504995557e-01 8.3692973433973816e-01 -2.0938410433424208e-16 0
2.8429563482495290e-01 8.7497199499154343e-01 -2.1890156362216189e-16 0
2.9665631459995023e-01 9.1301425564334859e-01 -2.2841902291008170e-16 0
1.3140495063379523e-01 8.2965820609991847e-01 -1.9560021987833265e-16 0
1.3766232923540414e-01 8.6916573972372335e-01 -2.0491451606301495e-16 0
1.4391970783701311e-01 9.0867327334752823e-01 -2.1422881224769726e-16 0
1.5017708643862202e-01 9.4818080697133311e-01 -2.2354310843237957e-16 0
1.3140495063379570e-01 8.2965820609991736e-01 5.0000000000000009e+00 0
1.3766232923540461e-01 8.6916573972372224e-01 5.0000000000000009e+00 0
1.4391970783701352e-01 9.0867327334752712e-01 5.0000000000000009e+00 0
1.5017708643862243e-01 9.4818080697133200e-01 5.0000000000000009e+00 0
2.5957427527495863e-01 7.9888747368793178e-01 5.0000000000000009e+00 0
2.7193495504995596e-01 8.3692973433973705e-01 5.0000000000000009e+00 0
2.8429563482495335e-01 8.7497199499154221e-01 5.0000000000000009e+00 0
2.9665631459995068e-01 9.1301425564334748e-01 5.0000000000000009e+00 0
3.8135201978122252e-01 7.4844548031823155e-01 5.0000000000000009e+00 0
3.9951163977080373e-01 7.8408574128576547e-01 5.0000000000000009e+00 0
4.1767125976038499e-01 8.1972600225329939e-01 5.0000000000000009e+00 0
4.3583087974996620e-01 8.5536626322083320e-01 5.0000000000000009e+00 0
4.9373961192568006e-01 6.7957427527495717e-01 5.0000000000000009e+00 0
5.1725102201737849e-01 7.1193495504995441e-01 5.0000000000000009e+00 0
5.4076243210907693e-01 7.4429563482495176e-01 5.0000000000000009e+00 0
5.6427384220077537e-01 7.7665631459994922e-01 5.0000000000000009e+00 0
8.2965820609991892e-01 1.3140495063379440e-01 -1.0102251516644408e-16 0
8.6916573972372380e-01 1.3766232923540353e-01 -1.0583311112675084e-16 0
9.0867327334752868e-01 1.4391970783701272e-01 -1.1064370708705763e-16 0
9.4818080697133345e-01 1.5017708643862190e-01 -1.1545430304736440e-16 0
7.9888747368793367e-01 2.5957427527495663e-01 -1.2681721201120299e-16 0
8.3692973433973872e-01 2.7193495504995435e-01 -1.3285612686887916e-16 0
8.7497199499154377e-01 2.8429563482495213e-01 -1.3889504172655536e-16 0
9.1301425564334893e-01 2.9665631459994984e-01 -1.4493395658423154e-16 0
7.4844548031823355e-01 3.8135201978122052e-01 -1.4948924821404950e-16 0
7.8408574128576713e-01 3.9951163977080212e-01 -1.5660778384328975e-16 0
8.1972600225330083e-01 4.1767125976038377e-01 -1.6372631947253005e-16 0
8.5536626322083453e-01 4.3583087974996543e-01 -1.7084485510177035e-16 0
6.7957427527495884e-01 4.9373961192567850e-01 -1.6848036299949520e-16 0
7.1193495504995619e-01 5.1725102201737727e-01 -1.7650323742804249e-16 0
7.4429563482495342e-01 5.4076243210907593e-01 -1.8452611185658973e-16 0
7.7665631459995055e-01 5.6427384220077470e-01 -1.9254898628513700e-16 0
6.7957427527495928e-01 4.9373961192567739e-01 5.0000000000000009e+00 0
7.1193495504995652e-01 5.1725102201737616e-01 5.0000000000000009e+00 0
7.4429563482495376e-01 5.4076243210907482e-01 5.0000000000000009e+00 0
7.7665631459995099e-01 5.6427384220077359e-01 5.0000000000000009e+00 0
7.4844548031823388e-01 3.8135201978121941e-01 5.0000000000000009e+00 0
7.8408574128576758e-01 3.9951163977080101e-01 5.0000000000000009e+00 0
8.1972600225330128e-01 4.1767125976038266e-01 5.0000000000000009e+00 0
8.5536626322083498e-01 4.3583087974996426e-01 5.0000000000000009e+00 0
7.9888747368793411e-01 2.5957427527495547e-01 5.0000000000000009e+00 0
8.3692973433973916e-01 2.7193495504995324e-01 5.0000000000000009e+00 0
8.7497199499154421e-01 2.8429563482495102e-01 5.0000000000000009e+00 0
9.1301425564334937e-01 2.9665631459994873e-01 5.0000000000000009e+00 0
8.2965820609991947e-01 1.3140495063379323e-01 5.0000000000000009e+00 0
8.6916573972372424e-01 1.3766232923540236e-01 5.0000000000000009e+00 0
9.0867327334752912e-01 1.4391970783701158e-01 5.0000000000000009e+00 0
9.4818080697133389e-01 1.5017708643862077e-01 5.0000000000000009e+00 0
5.6568542494925855e-01 5.6568542494921781e-01 7.0343017578124833e-02 0
5.6568542494925855e-01 5.6568542494921781e-01 1.4481140766292794e-01 0
5.6568542494925855e-01 5.6568542494921781e-01 2.2378526995893808e-01 0
5.6568542494925855e-01 5.6568542494921781e-01 3.0817944502893846e-01 0
5.6568542494925855e-01 5.6568542494921781e-01 3.9967338224288212e-01 0
5.6568542494925855e-01 5.6568542494921770e-01 5.0005282351779501e-01 0
5.6568542494925855e-01 5.6568542494921770e-01 6.1252403743194694e-01 0
5.6568542494925866e-01 5.6568542494921770e-01 7.4333958966061475e-01 0
5.6568542494925866e-01 5.6568542494921770e-01 9.0584820090739770e-01 0
5.6568542494925866e-01 5.6568542494921759e-01 1.1244994963301287e+00 0
5.6568542494925866e-01 5.6568542494921759e-01 1.3537084799761314e+00 0
5.6568542494925866e-01 5.6568542494921747e-01 1.5827144598409120e+00 0
5.6568542494925866e-01 5.6568542494921747e-01 1.8119378978679408e+00 0
5.6568542494925877e-01 5.6568542494921736e-01 2.0409631111375597e+00 0
5.6568542494925877e-01 5.6568542494921736e-01 2.2701512100124646e+00 0
5.6568542494925877e-01 5.6568542494921725e-01 2.4992492377366387e+00 0
5.6568542494925877e-01 5.6568542494921725e-01 2.7283524417257321e+00 0
5.6568542494925877e-01 5.6568542494921725e-01 2.9575414928626564e+00 0
5.6568542494925877e-01 5.6568542494921714e-01 3.1866698336901980e+00 0
5.6568542494925889e-01 5.6568542494921714e-01 3.4157709960596625e+00 0
5.6568542494925889e-01 5.6568542494921703e-01 3.6449349816149970e+00 0
5.6568542494925889e-01 5.6568542494921703e-01 3.8740322778141216e+00 0
5.6568542494925889e-01 5.6568542494921692e-01 4.0929857179315663e+00 0
5.6568542494925889e-01 5.6568542494921692e-01 4.2557434077070306e+00 0
5.6568542494925889e-01 5.6568542494921692e-01 4.3867514650906312e+00 0
5.6568542494925900e-01 5.6568542494921681e-01 4.4994897821772417e+00 0
5.6568542494925900e-01 5.6568542494921681e-01 4.5999339713985075e+00 0
5.6568542494925900e-01 5.6568542494921681e-01 4.6915506547061732e+00 0
5.6568542494925900e-01 5.6568542494921681e-01 4.7760428825918364e+00 0
5.6568542494925900e-01 5.6568542494921681e-01 4.8549965148031138e+00 0
5.6568542494925900e-01 5.6568542494921681e-01 4.9293391219597202e+00 0
2.2157624154331540e-16 8.0000000000000027e-01 7.0343017578124833e-02 0
2.2802487688251963e-16 8.0000000000000027e-01 1.4481140766292797e-01 0
2.3486366631647343e-16 8.0000000000000027e-01 2.2378526995893810e-01 0
2.4217183101775996e-16 8.0000000000000016e-01 3.0817944502893846e-01 0
2.5009480392168439e-16 8.0000000000000016e-01 3.9967338224288212e-01 0
2.5878722243103898e-16 8.0000000000000016e-01 5.0005282351779490e-01 0
2.6852673531515076e-16 8.0000000000000016e-01 6.1252403743194683e-01 0
2.7985478728537129e-16 8.0000000000000016e-01 7.4333958966061464e-01 0
2.9392731889532831e-16 8.0000000000000004e-01 9.0584820090739759e-01 0
3.1286156024283331e-16 8.0000000000000004e-01 1.1244994963301287e+00 0
3.3271005099601719e-16 7.9999999999999993e-01 1.3537084799761314e+00 0
3.5254096251382215e-16 7.9999999999999993e-01 1.5827144598409120e+00 0
3.7239070495288488e-16 7.9999999999999982e-01 1.8119378978679408e+00 0
3.9222328199903003e-16 7.9999999999999982e-01 2.0409631111375597e+00 0
4.1206996422281233e-16 7.9999999999999971e-01 2.2701512100124646e+00 0
4.3190884668074789e-16 7.9999999999999971e-01 2.4992492377366387e+00 0
4.5174817738047892e-16 7.9999999999999971e-01 2.7283524417257321e+00 0
4.7159494206596758e-16 7.9999999999999960e-01 2.9575414928626564e+00 0
4.9143644950544752e-16 7.9999999999999960e-01 3.1866698336901980e+00 0
5.1127560340989041e-16 7.9999999999999949e-01 3.4157709960596625e+00 0
5.3112019752616090e-16 7.9999999999999949e-01 3.6449349816149970e+00 0
5.5095901663724172e-16 7.9999999999999938e-01 3.8740322778141216e+00 0
5.6991942238757145e-16 7.9999999999999938e-01 4.0929857179315663e+00 0
5.8401352310356749e-16 7.9999999999999927e-01 4.2557434077070306e+00 0
5.9535824517426509e-16 7.9999999999999927e-01 4.3867514650906312e+00 0
6.0512088801935989e-16 7.9999999999999927e-01 4.4994897821772417e+00 0
6.1381891341634170e-16 7.9999999999999927e-01 4.5999339713985075e+00 0
6.2175251559258998e-16 7.9999999999999927e-01 4.6915506547061732e+00 0
6.2906917123683188e-16 7.9999999999999916e-01 4.7760428825918364e+00 0
6.3590620883434639e-16 7.9999999999999916e-01 4.8549965148031138e+00 0
6.4234395192470640e-16 7.9999999999999916e-01 4.9293391219597202e+00 0
6.0913962085657101e-18 -1.5619287547369298e-17 7.0343017578125014e-02 0
1.2540031547769950e-17 -3.2154591803152522e-17 1.4481140766292813e-01 0
1.9378820981723730e-17 -4.9690311856073913e-17 2.2378526995893827e-01 0
2.6686985683010260e-17 -6.8429583117466068e-17 3.0817944502893863e-01 0
3.4609958586934702e-17 -8.8745318259171797e-17 3.9967338224288229e-01 0
4.3302377096289282e-17 -1.1103403163965520e-16 5.0005282351779512e-01 0
5.3041889980401040e-17 -1.3600765789866175e-16 6.1252403743194705e-01 0
6.4369941950621584e-17 -1.6505454551132609e-16 7.4333958966061486e-01 0
7.8442473560578667e-17 -2.0113870589253349e-16 9.0584820090739782e-01 0
9.7376714908083669e-17 -2.4968904640102012e-16 1.1244994963301289e+00 0
1.1722520566126749e-16 -3.0058366461996476e-16 1.3537084799761316e+00 0
1.3705611717907246e-16 -3.5143320694450958e-16 1.5827144598409122e+00 0
1.5690585961813517e-16 -4.0233103468077859e-16 1.8119378978679410e+00 0
1.7673843666428034e-16 -4.5318484767910211e-16 2.0409631111375597e+00 0
1.9658511888806264e-16 -5.0407482854729937e-16 2.2701512100124646e+00 0
2.1642400134599818e-16 -5.5494480960241748e-16 2.4992492377366387e+00 0
2.3626333204572928e-16 -6.0581594001923459e-16 2.7283524417257321e+00 0
2.5611009673121789e-16 -6.5670613233207575e-16 2.9575414928626564e+00 0
2.7595160417069778e-16 -7.0758284424825503e-16 3.1866698336901980e+00 0
2.9579075807514067e-16 -7.5845352133444824e-16 3.4157709960596625e+00 0
3.1563535219141116e-16 -8.0933814797012806e-16 3.6449349816149970e+00 0
3.3547417130249203e-16 -8.6020796659405557e-16 3.8740322778141216e+00 0
3.5443457705282171e-16 -9.0882539670191007e-16 4.0929857179315663e+00 0
3.6852867776881780e-16 -9.4496486362661386e-16 4.2557434077070306e+00 0
3.7987339983951540e-16 -9.7405449597035127e-16 4.3867514650906312e+00 0
3.8963604268461019e-16 -9.9908743104776062e-16 4.4994897821772417e+00 0
3.9833406808159205e-16 -1.0213905213604117e-15 4.5999339713985075e+00 0
4.0626767025784029e-16 -1.0417335116100040e-15 4.6915506547061732e+00 0
4.1358432590208223e-16 -1.0604945549701118e-15 4.7760428825918364e+00 0
4.2042136349959680e-16 -1.0780257830418611e-15 4.8549965148031138e+00 0
4.2685910658995676e-16 -1.0945331578770466e-15 4.9293391219597202e+00 0
8.0000000000000038e-01 -2.8456870075422557e-14 7.0343017578124944e-02 0
8.0000000000000038e-01 -2.8473405379678340e-14 1.4481140766292808e-01 0
8.0000000000000038e-01 -2.8490941099731262e-14 2.2378526995893822e-01 0
8.0000000000000038e-01 -2.8509680370992654e-14 3.0817944502893857e-01 0
8.0000000000000038e-01 -2.8529996106134362e-14 3.9967338224288224e-01 0
8.0000000000000038e-01 -2.8552284819514842e-14 5.0005282351779501e-01 0
8.0000000000000038e-01 -2.8577258445773848e-14 6.1252403743194694e-01 0
8.0000000000000049e-01 -2.8606305333386515e-14 7.4333958966061475e-01 0
8.0000000000000049e-01 -2.8642389493767722e-14 9.0584820090739770e-01 0
8.0000000000000049e-01 -2.8690939834276205e-14 1.1244994963301289e+00 0
8.0000000000000049e-01 -2.8741834452495150e-14 1.3537084799761316e+00 0
8.0000000000000049e-01 -2.8792683994819695e-14 1.5827144598409122e+00 0
8.0000000000000049e-01 -2.8843581822555968e-14 1.8119378978679410e+00 0
8.0000000000000060e-01 -2.8894435635554289e-14 2.0409631111375597e+00 0
8.0000000000000060e-01 -2.8945325616422489e-14 2.2701512100124646e+00 0
8.0000000000000060e-01 -2.8996195597477607e-14 2.4992492377366387e+00 0
8.0000000000000060e-01 -2.9047066727894426e-14 2.7283524417257321e+00 0
8.0000000000000060e-01 -2.9097956920207261e-14 2.9575414928626564e+00 0
8.0000000000000060e-01 -2.9148833632123441e-14 3.1866698336901980e+00 0
8.0000000000000071e-01 -2.9199704309209633e-14 3.4157709960596625e+00 0
8.0000000000000071e-01 -2.9250588935845315e-14 3.6449349816149970e+00 0
8.0000000000000071e-01 -2.9301458754469241e-14 3.8740322778141216e+00 0
8.0000000000000071e-01 -2.9350076184577095e-14 4.0929857179315663e+00 0
8.0000000000000071e-01 -2.9386215651501802e-14 4.2557434077070306e+00 0
8.0000000000000071e-01 -2.9415305283845541e-14 4.3867514650906312e+00 0
8.0000000000000082e-01 -2.9440338218922950e-14 4.4994897821772417e+00 0
8.0000000000000082e-01 -2.9462641309235601e-14 4.5999339713985075e+00 0
8.0000000000000082e-01 -2.9482984299485189e-14 4.6915506547061732e+00 0
8.0000000000000082e-01 -2.9501745342845300e-14 4.7760428825918364e+00 0
8.0000000000000082e-01 -2.9519276570917047e-14 4.8549965148031138e+00 0
8.0000000000000082e-01 -2.9535783945752233e-14 4.9293391219597202e+00 0
3.0518093047532046e-17 1.0000000000000002e+00 7.0343017578124792e-02 0
3.6966728386736292e-17 1.0000000000000002e+00 1.4481140766292791e-01 0
4.3805517820690074e-17 1.0000000000000002e+00 2.2378526995893805e-01 0
5.1113682521976601e-17 1.0000000000000002e+00 3.0817944502893840e-01 0
5.9036655425901052e-17 1.0000000000000002e+00 3.9967338224288207e-01 0
6.7729073935255614e-17 1.0000000000000000e+00 5.0005282351779490e-01 0
7.7468586819367372e-17 1.0000000000000000e+00 6.1252403743194683e-01 0
8.8796638789587909e-17 1.0000000000000000e+00 7.4333958966061464e-01 0
1.0286917039954500e-16 1.0000000000000000e+00 9.0584820090739759e-01 0
1.2180341174705002e-16 1.0000000000000000e+00 1.1244994963301287e+00 0
1.4165190250023382e-16 9.9999999999999989e-01 1.3537084799761314e+00 0
1.6148281401803881e-16 9.9999999999999989e-01 1.5827144598409120e+00 0
1.8133255645710149e-16 9.9999999999999978e-01 1.8119378978679408e+00 0
2.0116513350324669e-16 9.9999999999999978e-01 2.0409631111375592e+00 0
2.2101181572702896e-16 9.9999999999999967e-01 2.2701512100124646e+00 0
2.4085069818496450e-16 9.9999999999999967e-01 2.4992492377366382e+00 0
2.6069002888469558e-16 9.9999999999999967e-01 2.7283524417257317e+00 0
2.8053679357018419e-16 9.9999999999999956e-01 2.9575414928626564e+00 0
3.0037830100966413e-16 9.9999999999999956e-01 3.1866698336901980e+00 0
3.2021745491410702e-16 9.9999999999999944e-01 3.4157709960596625e+00 0
3.4006204903037751e-16 9.9999999999999944e-01 3.6449349816149965e+00 0
3.5990086814145833e-16 9.9999999999999933e-01 3.8740322778141216e+00 0
3.7886127389178806e-16 9.9999999999999933e-01 4.0929857179315663e+00 0
3.9295537460778410e-16 9.9999999999999922e-01 4.2557434077070306e+00 0
4.0430009667848170e-16 9.9999999999999922e-01 4.3867514650906312e+00 0
4.1406273952357650e-16 9.9999999999999922e-01 4.4994897821772417e+00 0
4.2276076492055836e-16 9.9999999999999922e-01 4.5999339713985075e+00 0
4.3069436709680659e-16 9.9999999999999922e-01 4.6915506547061732e+00 0
4.3801102274104853e-16 9.9999999999999911e-01 4.7760428825918364e+00 0
4.4484806033856310e-16 9.9999999999999911e-01 4.8549965148031138e+00 0
4.5128580342892301e-16 9.9999999999999911e-01 4.9293391219597202e+00 0
7.0710678118654779e-01 7.0710678118654757e-01 7.0343017578124806e-02 0
7.0710678118654779e-01 7.0710678118654757e-01 1.4481140766292791e-01 0
7.0710678118654779e-01 7.0710678118654757e-01 2.2378526995893805e-01 0
7.0710678118654779e-01 7.0710678118654757e-01 3.0817944502893840e-01 0
7.0710678118654779e-01 7.0710678118654757e-01 3.9967338224288207e-01 0
7.0710678118654779e-01 7.0710678118654757e-01 5.0005282351779490e-01 0
7.0710678118654779e-01 7.0710678118654746e-01 6.1252403743194683e-01 0
7.0710678118654791e-01 7.0710678118654746e-01 7.4333958966061464e-01 0
7.0710678118654791e-01 7.0710678118654746e-01 9.0584820090739759e-01 0
7.0710678118654791e-01 7.0710678118654735e-01 1.1244994963301287e+00 0
7.0710678118654791e-01 7.0710678118654735e-01 1.3537084799761314e+00 0
7.0710678118654791e-01 7.0710678118654724e-01 1.5827144598409120e+00 0
7.0710678118654791e-01 7.0710678118654724e-01 1.8119378978679408e+00 0
7.0710678118654802e-01 7.0710678118654713e-01 2.0409631111375597e+00 0
7.0710678118654802e-01 7.0710678118654713e-01 2.2701512100124646e+00 0
7.0710678118654802e-01 7.0710678118654713e-01 2.4992492377366387e+00 0
7.0710678118654802e-01 7.0710678118654702e-01 2.7283524417257321e+00 0
7.0710678118654802e-01 7.0710678118654702e-01 2.9575414928626564e+00 0
7.0710678118654802e-01 7.0710678118654691e-01 3.1866698336901980e+00 0
7.0710678118654813e-01 7.0710678118654691e-01 3.4157709960596625e+00 0
7.0710678118654813e-01 7.0710678118654680e-01 3.6449349816149970e+00 0
7.0710678118654813e-01 7.0710678118654680e-01 3.8740322778141216e+00 0
7.0710678118654813e-01 7.0710678118654668e-01 4.0929857179315663e+00 0
7.0710678118654813e-01 7.0710678118654668e-01 4.2557434077070306e+00 0
7.0710678118654813e-01 7.0710678118654668e-01 4.3867514650906312e+00 0
7.0710678118654824e-01 7.0710678118654668e-01 4.4994897821772417e+00 0
7.0710678118654824e-01 7.0710678118654657e-01 4.5999339713985075e+00 0
7.0710678118654824e-01 7.0710678118654657e-01 4.6915506547061732e+00 0
7.0710678118654824e-01 7.0710678118654657e-01 4.7760428825918364e+00 0
7.0710678118654824e-01 7.0710678118654657e-01 4.8549965148031138e+00 0
7.0710678118654824e-01 7.0710678118654657e-01 4.9293391219597202e+00 0
1.0000000000000004e+00 1.8199862053869571e-16 7.0343017578124931e-02 0
1.0000000000000004e+00 1.6546331628291248e-16 1.4481140766292805e-01 0
1.0000000000000004e+00 1.4792759622999109e-16 2.2378526995893819e-01 0
1.0000000000000004e+00 1.2918832496859894e-16 3.0817944502893851e-01 0
1.0000000000000004e+00 1.0887258982689321e-16 3.9967338224288218e-01 0
1.0000000000000004e+00 8.6583876446409810e-17 5.0005282351779501e-01 0
1.0000000000000004e+00 6.1610250187403260e-17 6.1252403743194694e-01 0
1.0000000000000004e+00 3.2563362574738917e-17 7.4333958966061475e-01 0
1.0000000000000004e+00 -3.5207978064684783e-18 9.0584820090739770e-01 0
1.0000000000000004e+00 -5.2071138314955111e-17 1.1244994963301289e+00 0
1.0000000000000007e+00 -1.0296575653389977e-16 1.3537084799761316e+00 0
1.0000000000000007e+00 -1.5381529885844460e-16 1.5827144598409122e+00 0
1.0000000000000007e+00 -2.0471312659471361e-16 1.8119378978679410e+00 0
1.0000000000000007e+00 -2.5556693959303710e-16 2.0409631111375597e+00 0
1.0000000000000007e+00 -3.0645692046123437e-16 2.2701512100124646e+00 0
1.0000000000000007e+00 -3.5732690151635247e-16 2.4992492377366387e+00 0
1.0000000000000007e+00 -4.0819803193316958e-16 2.7283524417257321e+00 0
1.0000000000000007e+00 -4.5908822424601075e-16 2.9575414928626564e+00 0
1.0000000000000007e+00 -5.0996493616219003e-16 3.1866698336901980e+00 0
1.0000000000000007e+00 -5.6083561324838323e-16 3.4157709960596625e+00 0
1.0000000000000007e+00 -6.1172023988406315e-16 3.6449349816149970e+00 0
1.0000000000000009e+00 -6.6259005850799056e-16 3.8740322778141216e+00 0
1.0000000000000009e+00 -7.1120748861584506e-16 4.0929857179315663e+00 0
1.0000000000000009e+00 -7.4734695554054885e-16 4.2557434077070306e+00 0
1.0000000000000009e+00 -7.7643658788428627e-16 4.3867514650906312e+00 0
1.0000000000000009e+00 -8.0146952296169581e-16 4.4994897821772417e+00 0
1.0000000000000009e+00 -8.2377261327434685e-16 4.5999339713985075e+00 0
1.0000000000000009e+00 -8.4411560352393919e-16 4.6915506547061732e+00 0
1.0000000000000009e+00 -8.6287664688404700e-16 4.7760428825918364e+00 0
1.0000000000000009e+00 -8.8040787495579631e-16 4.8549965148031138e+00 0
1.0000000000000009e+00 -8.9691524979098189e-16 4.9293391219597202e+00 0
4.7022820183399716e-01 6.4721359549994406e-01 4.9293391219597202e+00 0
3.6319239979165346e-01 7.1280521935068553e-01 4.9293391219597202e+00 0
2.4721359549996949e-01 7.6084521303611841e-01 4.9293391219597202e+00 0
1.2514757203219098e-01 7.9015067247610837e-01 4.9293391219597202e+00 0
4.7022820183399777e-01 6.4721359549994362e-01 4.8549965148031147e+00 0
3.6319239979165407e-01 7.1280521935068530e-01 4.8549965148031129e+00 0
2.4721359549996949e-01 7.6084521303611841e-01 4.8549965148031138e+00 0
1.2514757203219171e-01 7.9015067247610826e-01 4.8549965148031138e+00 0
4.7022820183399711e-01 6.4721359549994406e-01 4.7760428825918364e+00 0
3.6319239979165274e-01 7.1280521935068597e-01 4.7760428825918364e+00 0
2.4721359549996949e-01 7.6084521303611852e-01 4.7760428825918364e+00 0
1.2514757203219098e-01 7.9015067247610848e-01 4.7760428825918364e+00 0
4.7022820183399711e-01 6.4721359549994406e-01 4.6915506547061732e+00 0
3.6319239979165463e-01 7.1280521935068497e-01 4.6915506547061732e+00 0
2.4721359549996949e-01 7.6084521303611852e-01 4.6915506547061723e+00 0
1.2514757203219171e-01 7.9015067247610837e-01 4.6915506547061732e+00 0
4.7022820183399711e-01 6.4721359549994406e-01 4.5999339713985075e+00 0
3.6319239979165341e-01 7.1280521935068564e-01 4.5999339713985075e+00 0
2.4721359549996946e-01 7.6084521303611852e-01 4.5999339713985075e+00 0
1.2514757203218957e-01 7.9015067247610882e-01 4.5999339713985075e+00 0
4.7022820183399772e-01 6.4721359549994362e-01 4.4994897821772426e+00 0
3.6319239979165463e-01 7.1280521935068497e-01 4.4994897821772426e+00 0
2.4721359549996946e-01 7.6084521303611852e-01 4.4994897821772417e+00 0
1.2514757203219029e-01 7.9015067247610871e-01 4.4994897821772417e+00 0
4.7022820183399772e-01 6.4721359549994373e-01 4.3867514650906312e+00 0
3.6319239979165463e-01 7.1280521935068508e-01 4.3867514650906312e+00 0
2.4721359549996946e-01 7.6084521303611852e-01 4.3867514650906321e+00 0
1.2514757203219096e-01 7.9015067247610848e-01 4.3867514650906312e+00 0
4.7022820183399772e-01 6.4721359549994373e-01 4.2557434077070306e+00 0
3.6319239979165341e-01 7.1280521935068575e-01 4.2557434077070306e+00 0
2.4721359549996944e-01 7.6084521303611863e-01 4.2557434077070297e+00 0
1.2514757203218954e-01 7.9015067247610893e-01 4.2557434077070306e+00 0
4.7022820183399766e-01 6.4721359549994373e-01 4.0929857179315663e+00 0
3.6319239979165396e-01 7.1280521935068542e-01 4.0929857179315663e+00 0
2.4721359549996944e-01 7.6084521303611863e-01 4.0929857179315663e+00 0
1.2514757203219237e-01 7.9015067247610848e-01 4.0929857179315663e+00 0
4.7022820183399766e-01 6.4721359549994384e-01 3.8740322778141216e+00 0
3.6319239979165457e-01 7.1280521935068519e-01 3.8740322778141221e+00 0
2.4721359549996941e-01 7.6084521303611863e-01 3.8740322778141216e+00 0
1.2514757203219162e-01 7.9015067247610848e-01 3.8740322778141216e+00 0
4.7022820183399766e-01 6.4721359549994384e-01 3.6449349816149965e+00 0
3.6319239979165457e-01 7.1280521935068519e-01 3.6449349816149970e+00 0
2.4721359549996938e-01 7.6084521303611874e-01 3.6449349816149956e+00 0
1.2514757203219160e-01 7.9015067247610860e-01 3.6449349816149970e+00 0
4.7022820183399699e-01 6.4721359549994439e-01 3.4157709960596625e+00 0
3.6319239979165391e-01 7.1280521935068553e-01 3.4157709960596625e+00 0
2.4721359549996938e-01 7.6084521303611874e-01 3.4157709960596625e+00 0
1.2514757203219160e-01 7.9015067247610860e-01 3.4157709960596621e+00 0
4.7022820183399761e-01 6.4721359549994395e-01 3.1866698336901980e+00 0
3.6319239979165452e-01 7.1280521935068530e-01 3.1866698336901980e+00 0
2.4721359549996935e-01 7.6084521303611885e-01 3.1866698336901980e+00 0
1.2514757203219085e-01 7.9015067247610882e-01 3.1866698336901980e+00 0
4.7022820183399761e-01 6.4721359549994395e-01 2.9575414928626569e+00 0
3.6319239979165391e-01 7.1280521935068564e-01 2.9575414928626560e+00 0
2.4721359549996932e-01 7.6084521303611885e-01 2.9575414928626564e+00 0
1.2514757203219082e-01 7.9015067247610882e-01 2.9575414928626564e+00 0
4.7022820183399755e-01 6.4721359549994406e-01 2.7283524417257325e+00 0
3.6319239979165385e-01 7.1280521935068575e-01 2.7283524417257321e+00 0
2.4721359549996932e-01 7.6084521303611896e-01 2.7283524417257321e+00 0
1.2514757203219226e-01 7.9015067247610882e-01 2.7283524417257321e+00 0
4.7022820183399755e-01 6.4721359549994406e-01 2.4992492377366387e+00 0
3.6319239979165385e-01 7.1280521935068575e-01 2.4992492377366387e+00 0
2.4721359549996930e-01 7.6084521303611896e-01 2.4992492377366387e+00 0
1.2514757203219079e-01 7.9015067247610893e-01 2.4992492377366387e+00 0
4.7022820183399755e-01 6.4721359549994417e-01 2.2701512100124654e+00 0
3.6319239979165446e-01 7.1280521935068553e-01 2.2701512100124650e+00 0
2.4721359549996927e-01 7.6084521303611907e-01 2.2701512100124650e+00 0
1.2514757203219076e-01 7.9015067247610904e-01 2.2701512100124650e+00 0
4.7022820183399799e-01 6.4721359549994373e-01 2.0409631111375597e+00 0
3.6319239979165380e-01 7.1280521935068586e-01 2.0409631111375597e+00 0
2.4721359549996924e-01 7.6084521303611907e-01 2.0409631111375597e+00 0
1.2514757203219007e-01 7.9015067247610926e-01 2.0409631111375597e+00 0
4.7022820183399749e-01 6.4721359549994428e-01 1.8119378978679408e+00 0
3.6319239979165319e-01 7.1280521935068630e-01 1.8119378978679410e+00 0
2.4721359549996924e-01 7.6084521303611918e-01 1.8119378978679408e+00 0
1.2514757203219073e-01 7.9015067247610904e-01 1.8119378978679410e+00 0
4.7022820183399744e-01 6.4721359549994428e-01 1.5827144598409122e+00 0
3.6319239979165246e-01 7.1280521935068664e-01 1.5827144598409124e+00 0
2.4721359549996921e-01 7.6084521303611918e-01 1.5827144598409122e+00 0
1.2514757203219143e-01 7.9015067247610904e-01 1.5827144598409122e+00 0
4.7022820183399744e-01 6.4721359549994439e-01 1.3537084799761316e+00 0
3.6319239979165313e-01 7.1280521935068641e-01 1.3537084799761319e+00 0
2.4721359549996919e-01 7.6084521303611918e-01 1.3537084799761319e+00 0
1.2514757203219001e-01 7.9015067247610937e-01 1.3537084799761316e+00 0
4.7022820183399744e-01 6.4721359549994439e-01 1.1244994963301287e+00 0
3.6319239979165313e-01 7.1280521935068641e-01 1.1244994963301289e+00 0
2.4721359549996919e-01 7.6084521303611929e-01 1.1244994963301287e+00 0
1.2514757203219212e-01 7.9015067247610915e-01 1.1244994963301289e+00 0
4.7022820183399561e-01 6.4721359549994573e-01 9.0584820090739770e-01 0
3.6319239979165241e-01 7.1280521935068675e-01 9.0584820090739748e-01 0
2.4721359549996916e-01 7.6084521303611929e-01 9.0584820090739737e-01 0
1.2514757203219065e-01 7.9015067247610926e-01 9.0584820090739715e-01 0
4.7022820183399677e-01 6.4721359549994495e-01 7.4333958966061475e-01 0
3.6319239979165241e-01 7.1280521935068686e-01 7.4333958966061475e-01 0
2.4721359549997046e-01 7.6084521303611896e-01 7.4333958966061464e-01 0
1.2514757203219062e-01 7.9015067247610937e-01 7.4333958966061464e-01 0
4.7022820183399677e-01 6.4721359549994495e-01 6.1252403743194694e-01 0
3.6319239979165430e-01 7.1280521935068586e-01 6.1252403743194694e-01 0
2.4721359549996913e-01 7.6084521303611941e-01 6.1252403743194683e-01 0
1.2514757203219135e-01 7.9015067247610926e-01 6.1252403743194683e-01 0
4.7022820183399677e-01 6.4721359549994495e-01 5.0005282351779501e-01 0
3.6319239979165308e-01 7.1280521935068653e-01 5.0005282351779501e-01 0
2.4721359549996913e-01 7.6084521303611941e-01 5.0005282351779490e-01 0
1.2514757203219207e-01 7.9015067247610926e-01 5.0005282351779490e-01 0
4.7022820183399738e-01 6.4721359549994462e-01 3.9967338224288207e-01 0
3.6319239979165430e-01 7.1280521935068586e-01 3.9967338224288207e-01 0
2.4721359549996977e-01 7.6084521303611929e-01 3.9967338224288212e-01 0
1.2514757203219204e-01 7.9015067247610926e-01 3.9967338224288257e-01 0
4.7022820183399849e-01 6.4721359549994384e-01 3.0817944502893840e-01 0
3.6319239979165235e-01 7.1280521935068697e-01 3.0817944502893840e-01 0
2.4721359549997043e-01 7.6084521303611907e-01 3.0817944502893846e-01 0
1.2514757203218921e-01 7.9015067247610971e-01 3.0817944502893846e-01 0
4.7022820183399672e-01 6.4721359549994506e-01 2.2378526995893810e-01 0
3.6319239979165235e-01 7.1280521935068697e-01 2.2378526995893808e-01 0
2.4721359549997043e-01 7.6084521303611907e-01 2.2378526995893808e-01 0
1.2514757203219060e-01 7.9015067247610948e-01 2.2378526995893810e-01 0
4.7022820183399733e-01 6.4721359549994462e-01 1.4481140766292797e-01 0
3.6319239979165424e-01 7.1280521935068597e-01 1.4481140766292794e-01 0
2.4721359549996907e-01 7.6084521303611952e-01 1.4481140766292794e-01 0
1.2514757203219129e-01 7.9015067247610937e-01 1.4481140766292797e-01 0
4.7022820183399899e-01 6.4721359549994339e-01 7.0343017578124833e-02 0
3.6319239979165424e-01 7.1280521935068597e-01 7.0343017578124833e-02 0
2.4721359549996974e-01 7.6084521303611941e-01 7.0343017578124820e-02 0
1.2514757203219129e-01 7.9015067247610937e-01 7.0343017578124820e-02 0
4.4249219256689518e-16 6.3999999999999913e-01 4.9293391219597202e+00 0
4.3858392107266057e-16 4.7999999999999904e-01 4.9293391219597202e+00 0
4.3467564957842597e-16 3.1999999999999895e-01 4.9293391219597202e+00 0
4.3076737808419131e-16 1.5999999999999892e-01 4.9293391219597202e+00 0
4.3605444947653532e-16 6.3999999999999901e-01 4.8549965148031147e+00 0
4.3214617798230051e-16 4.7999999999999909e-01 4.8549965148031129e+00 0
4.2823790648806601e-16 3.1999999999999895e-01 4.8549965148031138e+00 0
4.2432963499383140e-16 1.5999999999999889e-01 4.8549965148031138e+00 0
4.2921741187902065e-16 6.3999999999999913e-01 4.7760428825918364e+00 0
4.2530914038478605e-16 4.7999999999999898e-01 4.7760428825918364e+00 0
4.2140086889055144e-16 3.1999999999999901e-01 4.7760428825918364e+00 0
4.1749259739631684e-16 1.5999999999999892e-01 4.7760428825918364e+00 0
4.2190075623477871e-16 6.3999999999999935e-01 4.6915506547061732e+00 0
4.1799248474054410e-16 4.7999999999999909e-01 4.6915506547061732e+00 0
4.1408421324630945e-16 3.1999999999999895e-01 4.6915506547061723e+00 0
4.1017594175207489e-16 1.5999999999999889e-01 4.6915506547061732e+00 0
4.1396715405853052e-16 6.3999999999999913e-01 4.5999339713985075e+00 0
4.1005888256429587e-16 4.7999999999999909e-01 4.5999339713985075e+00 0
4.0615061107006126e-16 3.1999999999999895e-01 4.5999339713985075e+00 0
4.0224233957582661e-16 1.5999999999999898e-01 4.5999339713985075e+00 0
4.0526912866154866e-16 6.3999999999999924e-01 4.4994897821772426e+00 0
4.0136085716731406e-16 4.7999999999999921e-01 4.4994897821772426e+00 0
3.9745258567307940e-16 3.1999999999999901e-01 4.4994897821772417e+00 0
3.9354431417884480e-16 1.5999999999999898e-01 4.4994897821772417e+00 0
3.9550648581645386e-16 6.3999999999999924e-01 4.3867514650906312e+00 0
3.9159821432221921e-16 4.7999999999999909e-01 4.3867514650906312e+00 0
3.8768994282798470e-16 3.1999999999999901e-01 4.3867514650906321e+00 0
3.8378167133375000e-16 1.5999999999999903e-01 4.3867514650906312e+00 0
3.8416176374575627e-16 6.3999999999999913e-01 4.2557434077070306e+00 0
3.8025349225152161e-16 4.7999999999999915e-01 4.2557434077070306e+00 0
3.7634522075728691e-16 3.1999999999999901e-01 4.2557434077070297e+00 0
3.7243694926305240e-16 1.5999999999999906e-01 4.2557434077070306e+00 0
3.7006766302976018e-16 6.3999999999999924e-01 4.0929857179315663e+00 0
3.6615939153552552e-16 4.7999999999999915e-01 4.0929857179315663e+00 0
3.6225112004129092e-16 3.1999999999999912e-01 4.0929857179315663e+00 0
3.5834284854705636e-16 1.5999999999999906e-01 4.0929857179315663e+00 0
3.5110725727943050e-16 6.3999999999999935e-01 3.8740322778141216e+00 0
3.4719898578519594e-16 4.7999999999999932e-01 3.8740322778141221e+00 0
3.4329071429096124e-16 3.1999999999999917e-01 3.8740322778141216e+00 0
3.3938244279672669e-16 1.5999999999999912e-01 3.8740322778141216e+00 0
3.3126843816834958e-16 6.3999999999999935e-01 3.6449349816149965e+00 0
3.2736016667411502e-16 4.7999999999999937e-01 3.6449349816149970e+00 0
3.2345189517988032e-16 3.1999999999999917e-01 3.6449349816149956e+00 0
3.1954362368564576e-16 1.5999999999999920e-01 3.6449349816149970e+00 0
3.1142384405207914e-16 6.3999999999999946e-01 3.4157709960596625e+00 0
3.0751557255784453e-16 4.7999999999999932e-01 3.4157709960596625e+00 0
3.0360730106360993e-16 3.1999999999999923e-01 3.4157709960596625e+00 0
2.9969902956937522e-16 1.5999999999999925e-01 3.4157709960596621e+00 0
2.9158469014763625e-16 6.3999999999999946e-01 3.1866698336901980e+00 0
2.8767641865340164e-16 4.7999999999999948e-01 3.1866698336901980e+00 0
2.8376814715916704e-16 3.1999999999999929e-01 3.1866698336901980e+00 0
2.7985987566493243e-16 1.5999999999999928e-01 3.1866698336901980e+00 0
2.7174318270815640e-16 6.3999999999999946e-01 2.9575414928626569e+00 0
2.6783491121392165e-16 4.7999999999999932e-01 2.9575414928626560e+00 0
2.6392663971968710e-16 3.1999999999999934e-01 2.9575414928626564e+00 0
2.6001836822545244e-16 1.5999999999999934e-01 2.9575414928626564e+00 0
2.5189641802266775e-16 6.3999999999999968e-01 2.7283524417257325e+00 0
2.4798814652843309e-16 4.7999999999999959e-01 2.7283524417257321e+00 0
2.4407987503419849e-16 3.1999999999999940e-01 2.7283524417257321e+00 0
2.4017160353996383e-16 1.5999999999999939e-01 2.7283524417257321e+00 0
2.3205708732293662e-16 6.3999999999999968e-01 2.4992492377366387e+00 0
2.2814881582870202e-16 4.7999999999999948e-01 2.4992492377366387e+00 0
2.2424054433446741e-16 3.1999999999999945e-01 2.4992492377366387e+00 0
2.2033227284023278e-16 1.5999999999999945e-01 2.4992492377366387e+00 0
2.1221820486500115e-16 6.3999999999999968e-01 2.2701512100124654e+00 0
2.0830993337076650e-16 4.7999999999999965e-01 2.2701512100124650e+00 0
2.0440166187653189e-16 3.1999999999999951e-01 2.2701512100124650e+00 0
2.0049339038229726e-16 1.5999999999999948e-01 2.2701512100124650e+00 0
1.9237152264121880e-16 6.3999999999999979e-01 2.0409631111375597e+00 0
1.8846325114698417e-16 4.7999999999999976e-01 2.0409631111375597e+00 0
1.8455497965274957e-16 3.1999999999999956e-01 2.0409631111375597e+00 0
1.8064670815851494e-16 1.5999999999999956e-01 2.0409631111375597e+00 0
1.7253894559507361e-16 6.3999999999999946e-01 1.8119378978679408e+00 0
1.6863067410083903e-16 4.7999999999999976e-01 1.8119378978679412e+00 0
1.6472240260660440e-16 3.1999999999999962e-01 1.8119378978679410e+00 0
1.6081413111236979e-16 1.5999999999999959e-01 1.8119378978679412e+00 0
1.5268920315601093e-16 6.3999999999999957e-01 1.5827144598409122e+00 0
1.4878093166177637e-16 4.7999999999999987e-01 1.5827144598409126e+00 0
1.4487266016754172e-16 3.1999999999999967e-01 1.5827144598409124e+00 0
1.4096438867330712e-16 1.5999999999999961e-01 1.5827144598409124e+00 0
1.3285829163820596e-16 6.3999999999999957e-01 1.3537084799761316e+00 0
1.2895002014397136e-16 4.7999999999999987e-01 1.3537084799761321e+00 0
1.2504174864973675e-16 3.1999999999999973e-01 1.3537084799761321e+00 0
1.2113347715550212e-16 1.5999999999999970e-01 1.3537084799761319e+00 0
1.1300980088502214e-16 6.4000000000000001e-01 1.1244994963301287e+00 0
1.0910152939078753e-16 4.7999999999999993e-01 1.1244994963301291e+00 0
1.0519325789655290e-16 3.1999999999999990e-01 1.1244994963301289e+00 0
1.0128498640231830e-16 1.5999999999999975e-01 1.1244994963301291e+00 0
9.4075559537517121e-17 6.3999999999999990e-01 9.0584820090739770e-01 0
9.0167288043282480e-17 4.7999999999999987e-01 9.0584820090739748e-01 0
8.6259016549047875e-17 3.1999999999999990e-01 9.0584820090739748e-01 0
8.2350745054813247e-17 1.5999999999999984e-01 9.0584820090739737e-01 0
8.0003027927560037e-17 6.4000000000000001e-01 7.4333958966061475e-01 0
7.6094756433325421e-17 4.7999999999999998e-01 7.4333958966061475e-01 0
7.2186484939090804e-17 3.1999999999999984e-01 7.4333958966061475e-01 0
6.8278213444856188e-17 1.5999999999999984e-01 7.4333958966061486e-01 0
6.8674975957339488e-17 6.3999999999999979e-01 6.1252403743194694e-01 0
6.4766704463104884e-17 4.8000000000000004e-01 6.1252403743194694e-01 0
6.0858432968870267e-17 3.1999999999999990e-01 6.1252403743194694e-01 0
5.6950161474635651e-17 1.5999999999999984e-01 6.1252403743194705e-01 0
5.8935463073227730e-17 6.4000000000000012e-01 5.0005282351779501e-01 0
5.5027191578993126e-17 4.8000000000000004e-01 5.0005282351779501e-01 0
5.1118920084758509e-17 3.1999999999999990e-01 5.0005282351779501e-01 0
4.7210648590523893e-17 1.5999999999999986e-01 5.0005282351779512e-01 0
5.0243044563873156e-17 6.4000000000000001e-01 3.9967338224288212e-01 0
4.6334773069638546e-17 4.7999999999999998e-01 3.9967338224288218e-01 0
4.2426501575403923e-17 3.1999999999999990e-01 3.9967338224288224e-01 0
3.8518230081169356e-17 1.5999999999999992e-01 3.9967338224288268e-01 0
4.2320071659948717e-17 6.4000000000000024e-01 3.0817944502893846e-01 0
3.8411800165714101e-17 4.7999999999999998e-01 3.0817944502893851e-01 0
3.4503528671479484e-17 3.1999999999999995e-01 3.0817944502893857e-01 0
3.0595257177244874e-17 1.5999999999999992e-01 3.0817944502893857e-01 0
3.5011906958662190e-17 6.4000000000000024e-01 2.2378526995893813e-01 0
3.1103635464427573e-17 4.7999999999999998e-01 2.2378526995893816e-01 0
2.7195363970192957e-17 3.2000000000000001e-01 2.2378526995893819e-01 0
2.3287092475958340e-17 1.5999999999999992e-01 2.2378526995893824e-01 0
2.8173117524708408e-17 6.4000000000000012e-01 1.4481140766292799e-01 0
2.4264846030473792e-17 4.8000000000000004e-01 1.4481140766292802e-01 0
2.0356574536239169e-17 3.1999999999999978e-01 1.4481140766292805e-01 0
1.6448303042004562e-17 1.5999999999999992e-01 1.4481140766292810e-01 0
2.1724482185504162e-17 6.4000000000000012e-01 7.0343017578124875e-02 0
1.7816210691269546e-17 4.7999999999999998e-01 7.0343017578124903e-02 0
1.3907939197034935e-17 3.2000000000000001e-01 7.0343017578124944e-02 0
9.9996677028003204e-18 1.5999999999999995e-01 7.0343017578124972e-02 0
1.6000000000000042e-01 -6.7827833154520800e-15 4.9293391219597202e+00 0
3.2000000000000062e-01 -1.2471033473027121e-14 4.9293391219597202e+00 0
4.8000000000000070e-01 -1.8159283630602156e-14 4.9293391219597202e+00 0
6.4000000000000090e-01 -2.3847533788177199e-14 4.9293391219597202e+00 0
1.6000000000000053e-01 -6.7662759406168986e-15 4.8549965148031147e+00 0
3.2000000000000062e-01 -1.2454526098191935e-14 4.8549965148031129e+00 0
4.8000000000000076e-01 -1.8142776255766973e-14 4.8549965148031138e+00 0
6.4000000000000090e-01 -2.3831026413342013e-14 4.8549965148031138e+00 0
1.6000000000000042e-01 -6.7487447125451454e-15 4.7760428825918364e+00 0
3.2000000000000067e-01 -1.2436994870120191e-14 4.7760428825918364e+00 0
4.8000000000000065e-01 -1.8125245027695223e-14 4.7760428825918364e+00 0
6.4000000000000090e-01 -2.3813495185270266e-14 4.7760428825918364e+00 0
1.6000000000000031e-01 -6.7299836691850348e-15 4.6915506547061732e+00 0
3.2000000000000056e-01 -1.2418233826760077e-14 4.6915506547061732e+00 0
4.8000000000000070e-01 -1.8106483984335116e-14 4.6915506547061723e+00 0
6.4000000000000090e-01 -2.3794734141910159e-14 4.6915506547061732e+00 0
1.6000000000000050e-01 -6.7096406789354486e-15 4.5999339713985075e+00 0
3.2000000000000062e-01 -1.2397890836510489e-14 4.5999339713985075e+00 0
4.8000000000000076e-01 -1.8086140994085524e-14 4.5999339713985075e+00 0
6.4000000000000090e-01 -2.3774391151660564e-14 4.5999339713985075e+00 0
1.6000000000000039e-01 -6.6873375886227948e-15 4.4994897821772426e+00 0
3.2000000000000051e-01 -1.2375587746197835e-14 4.4994897821772426e+00 0
4.8000000000000070e-01 -1.8063837903772873e-14 4.4994897821772417e+00 0
6.4000000000000090e-01 -2.3752088061347913e-14 4.4994897821772417e+00 0
1.6000000000000039e-01 -6.6623046535453848e-15 4.3867514650906312e+00 0
3.2000000000000062e-01 -1.2350554811120429e-14 4.3867514650906312e+00 0
4.8000000000000070e-01 -1.8038804968695464e-14 4.3867514650906321e+00 0
6.4000000000000079e-01 -2.3727055126270504e-14 4.3867514650906312e+00 0
1.6000000000000048e-01 -6.6332150212016508e-15 4.2557434077070306e+00 0
3.2000000000000062e-01 -1.2321465178776691e-14 4.2557434077070306e+00 0
4.8000000000000076e-01 -1.8009715336351728e-14 4.2557434077070297e+00 0
6.4000000000000079e-01 -2.3697965493926768e-14 4.2557434077070306e+00 0
1.6000000000000048e-01 -6.5970755542769470e-15 4.0929857179315663e+00 0
3.2000000000000062e-01 -1.2285325711851989e-14 4.0929857179315663e+00 0
4.8000000000000065e-01 -1.7973575869427022e-14 4.0929857179315663e+00 0
6.4000000000000079e-01 -2.3661826027002065e-14 4.0929857179315663e+00 0
1.6000000000000034e-01 -6.5484581241690891e-15 3.8740322778141216e+00 0
3.2000000000000051e-01 -1.2236708281744130e-14 3.8740322778141221e+00 0
4.8000000000000065e-01 -1.7924958439319170e-14 3.8740322778141216e+00 0
6.4000000000000079e-01 -2.3613208596894210e-14 3.8740322778141216e+00 0
1.6000000000000042e-01 -6.4975883055451647e-15 3.6449349816149965e+00 0
3.2000000000000045e-01 -1.2185838463120202e-14 3.6449349816149970e+00 0
4.8000000000000065e-01 -1.7874088620695242e-14 3.6449349816149956e+00 0
6.4000000000000079e-01 -2.3562338778270282e-14 3.6449349816149970e+00 0
1.6000000000000031e-01 -6.4467036789094816e-15 3.4157709960596625e+00 0
3.2000000000000051e-01 -1.2134953836484526e-14 3.4157709960596625e+00 0
4.8000000000000059e-01 -1.7823203994059562e-14 3.4157709960596625e+00 0
6.4000000000000079e-01 -2.3511454151634603e-14 3.4157709960596621e+00 0
1.6000000000000039e-01 -6.3958330018232917e-15 3.1866698336901980e+00 0
3.2000000000000040e-01 -1.2084083159398329e-14 3.1866698336901980e+00 0
4.8000000000000059e-01 -1.7772333316973367e-14 3.1866698336901980e+00 0
6.4000000000000068e-01 -2.3460583474548407e-14 3.1866698336901980e+00 0
1.6000000000000036e-01 -6.3449562899071128e-15 2.9575414928626569e+00 0
3.2000000000000062e-01 -1.2033206447482155e-14 2.9575414928626560e+00 0
4.8000000000000059e-01 -1.7721456605057187e-14 2.9575414928626564e+00 0
6.4000000000000068e-01 -2.3409706762632231e-14 2.9575414928626564e+00 0
1.6000000000000025e-01 -6.2940660975942685e-15 2.7283524417257325e+00 0
3.2000000000000034e-01 -1.1982316255169309e-14 2.7283524417257321e+00 0
4.8000000000000054e-01 -1.7670566412744349e-14 2.7283524417257321e+00 0
6.4000000000000068e-01 -2.3358816570319389e-14 2.7283524417257321e+00 0
1.6000000000000023e-01 -6.2431949671774512e-15 2.4992492377366387e+00 0
3.2000000000000051e-01 -1.1931445124752497e-14 2.4992492377366387e+00 0
4.8000000000000054e-01 -1.7619695282327531e-14 2.4992492377366387e+00 0
6.4000000000000068e-01 -2.3307945439902571e-14 2.4992492377366387e+00 0
1.6000000000000020e-01 -6.1923249861223332e-15 2.2701512100124654e+00 0
3.2000000000000040e-01 -1.1880575143697373e-14 2.2701512100124650e+00 0
4.8000000000000054e-01 -1.7568825301272412e-14 2.2701512100124650e+00 0
6.4000000000000068e-01 -2.3257075458847452e-14 2.2701512100124650e+00 0
1.6000000000000017e-01 -6.1414350052541355e-15 2.0409631111375597e+00 0
3.2000000000000028e-01 -1.1829685162829176e-14 2.0409631111375597e+00 0
4.8000000000000048e-01 -1.7517935320404216e-14 2.0409631111375597e+00 0
6.4000000000000068e-01 -2.3206185477979256e-14 2.0409631111375597e+00 0
1.6000000000000050e-01 -6.0905811922558245e-15 1.8119378978679410e+00 0
3.2000000000000034e-01 -1.1778831349830853e-14 1.8119378978679412e+00 0
4.8000000000000048e-01 -1.7467081507405891e-14 1.8119378978679410e+00 0
6.4000000000000057e-01 -2.3155331664980928e-14 1.8119378978679412e+00 0
1.6000000000000048e-01 -6.0396833645195558e-15 1.5827144598409124e+00 0
3.2000000000000023e-01 -1.1727933522094582e-14 1.5827144598409126e+00 0
4.8000000000000043e-01 -1.7416183679669621e-14 1.5827144598409124e+00 0
6.4000000000000057e-01 -2.3104433837244661e-14 1.5827144598409124e+00 0
1.6000000000000045e-01 -5.9888338221950110e-15 1.3537084799761319e+00 0
3.2000000000000028e-01 -1.1677083979770039e-14 1.3537084799761321e+00 0
4.8000000000000043e-01 -1.7365334137345076e-14 1.3537084799761321e+00 0
6.4000000000000057e-01 -2.3053584294920116e-14 1.3537084799761319e+00 0
1.6000000000000011e-01 -5.9379392039760528e-15 1.1244994963301289e+00 0
3.2000000000000028e-01 -1.1626189361551094e-14 1.1244994963301291e+00 0
4.8000000000000032e-01 -1.7314439519126128e-14 1.1244994963301289e+00 0
6.4000000000000057e-01 -2.3002689676701171e-14 1.1244994963301291e+00 0
1.6000000000000020e-01 -5.8893888634675701e-15 9.0584820090739782e-01 0
3.2000000000000028e-01 -1.1577639021042611e-14 9.0584820090739759e-01 0
4.8000000000000026e-01 -1.7265889178617642e-14 9.0584820090739759e-01 0
6.4000000000000046e-01 -2.2954139336192685e-14 9.0584820090739737e-01 0
1.6000000000000017e-01 -5.8533047030863629e-15 7.4333958966061486e-01 0
3.2000000000000023e-01 -1.1541554860661398e-14 7.4333958966061486e-01 0
4.8000000000000037e-01 -1.7229805018236438e-14 7.4333958966061486e-01 0
6.4000000000000057e-01 -2.2918055175811475e-14 7.4333958966061486e-01 0
1.6000000000000039e-01 -5.8242578154737079e-15 6.1252403743194705e-01 0
3.2000000000000023e-01 -1.1512507973048734e-14 6.1252403743194705e-01 0
4.8000000000000037e-01 -1.7200758130623774e-14 6.1252403743194705e-01 0
6.4000000000000046e-01 -2.2889008288198811e-14 6.1252403743194705e-01 0
1.6000000000000006e-01 -5.7992841892146881e-15 5.0005282351779512e-01 0
3.2000000000000023e-01 -1.1487534346789727e-14 5.0005282351779512e-01 0
4.8000000000000037e-01 -1.7175784504364768e-14 5.0005282351779512e-01 0
6.4000000000000046e-01 -2.2864034661939805e-14 5.0005282351779512e-01 0
1.6000000000000014e-01 -5.7769954758342084e-15 3.9967338224288229e-01 0
3.2000000000000028e-01 -1.1465245633409248e-14 3.9967338224288229e-01 0
4.8000000000000037e-01 -1.7153495790984285e-14 3.9967338224288224e-01 0
6.4000000000000046e-01 -2.2841745948559322e-14 3.9967338224288268e-01 0
1.5999999999999992e-01 -5.7566797406924956e-15 3.0817944502893863e-01 0
3.2000000000000028e-01 -1.1444929898267547e-14 3.0817944502893863e-01 0
4.8000000000000032e-01 -1.7133180055842580e-14 3.0817944502893857e-01 0
6.4000000000000046e-01 -2.2821430213417617e-14 3.0817944502893857e-01 0
1.6000000000000003e-01 -5.7379404694311069e-15 2.2378526995893827e-01 0
3.2000000000000028e-01 -1.1426190627006154e-14 2.2378526995893824e-01 0
4.8000000000000026e-01 -1.7114440784581185e-14 2.2378526995893824e-01 0
6.4000000000000046e-01 -2.2802690942156225e-14 2.2378526995893822e-01 0
1.6000000000000011e-01 -5.7204047493781886e-15 1.4481140766292813e-01 0
3.2000000000000023e-01 -1.1408654906953228e-14 1.4481140766292810e-01 0
4.8000000000000048e-01 -1.7096905064528273e-14 1.4481140766292810e-01 0
6.4000000000000046e-01 -2.2785155222103303e-14 1.4481140766292808e-01 0
1.6000000000000011e-01 -5.7038694451224054e-15 7.0343017578125000e-02 0
3.2000000000000034e-01 -1.1392119602697449e-14 7.0343017578124986e-02 0
4.8000000000000032e-01 -1.7080369760272483e-14 7.0343017578124972e-02 0
6.4000000000000046e-01 -2.2768619917847520e-14 7.0343017578124958e-02 0
7.9015067247611448e-01 1.2514757203216179e-01 4.9293391219597202e+00 0
7.6084521303612906e-01 2.4721359549994060e-01 4.9293391219597202e+00 0
7.1280521935070029e-01 3.6319239979162615e-01 4.9293391219597202e+00 0
6.4721359549996216e-01 4.7022820183397279e-01 4.9293391219597202e+00 0
7.9015067247611459e-01 1.2514757203216104e-01 4.8549965148031147e+00 0
7.6084521303612929e-01 2.4721359549993985e-01 4.8549965148031129e+00 0
7.1280521935070029e-01 3.6319239979162621e-01 4.8549965148031138e+00 0
6.4721359549996249e-01 4.7022820183397224e-01 4.8549965148031138e+00 0
7.9015067247611448e-01 1.2514757203216181e-01 4.7760428825918364e+00 0
7.6084521303612884e-01 2.4721359549994135e-01 4.7760428825918364e+00 0
7.1280521935070029e-01 3.6319239979162621e-01 4.7760428825918364e+00 0
6.4721359549996216e-01 4.7022820183397285e-01 4.7760428825918364e+00 0
7.9015067247611448e-01 1.2514757203216184e-01 4.6915506547061732e+00 0
7.6084521303612951e-01 2.4721359549993926e-01 4.6915506547061732e+00 0
7.1280521935070029e-01 3.6319239979162621e-01 4.6915506547061723e+00 0
6.4721359549996249e-01 4.7022820183397224e-01 4.6915506547061732e+00 0
7.9015067247611448e-01 1.2514757203216187e-01 4.5999339713985075e+00 0
7.6084521303612906e-01 2.4721359549994068e-01 4.5999339713985075e+00 0
7.1280521935070029e-01 3.6319239979162626e-01 4.5999339713985075e+00 0
6.4721359549996138e-01 4.7022820183397412e-01 4.5999339713985075e+00 0
7.9015067247611459e-01 1.2514757203216109e-01 4.4994897821772426e+00 0
7.6084521303612951e-01 2.4721359549993929e-01 4.4994897821772426e+00 0
7.1280521935070029e-01 3.6319239979162626e-01 4.4994897821772417e+00 0
6.4721359549996182e-01 4.7022820183397351e-01 4.4994897821772417e+00 0
7.9015067247611448e-01 1.2514757203216112e-01 4.3867514650906312e+00 0
7.6084521303612940e-01 2.4721359549993932e-01 4.3867514650906312e+00 0
7.1280521935070018e-01 3.6319239979162632e-01 4.3867514650906321e+00 0
6.4721359549996205e-01 4.7022820183397290e-01 4.3867514650906312e+00 0
7.9015067247611448e-01 1.2514757203216115e-01 4.2557434077070306e+00 0
7.6084521303612895e-01 2.4721359549994074e-01 4.2557434077070306e+00 0
7.1280521935070018e-01 3.6319239979162632e-01 4.2557434077070297e+00 0
6.4721359549996127e-01 4.7022820183397418e-01 4.2557434077070306e+00 0
7.9015067247611448e-01 1.2514757203216120e-01 4.0929857179315663e+00 0
7.6084521303612918e-01 2.4721359549994001e-01 4.0929857179315663e+00 0
7.1280521935070018e-01 3.6319239979162637e-01 4.0929857179315663e+00 0
6.4721359549996293e-01 4.7022820183397190e-01 4.0929857179315663e+00 0
7.9015067247611448e-01 1.2514757203216123e-01 3.8740322778141216e+00 0
7.6084521303612940e-01 2.4721359549993943e-01 3.8740322778141221e+00 0
7.1280521935070018e-01 3.6319239979162643e-01 3.8740322778141216e+00 0
6.4721359549996238e-01 4.7022820183397246e-01 3.8740322778141216e+00 0
7.9015067247611448e-01 1.2514757203216129e-01 3.6449349816149965e+00 0
7.6084521303612940e-01 2.4721359549993949e-01 3.6449349816149970e+00 0
7.1280521935070018e-01 3.6319239979162649e-01 3.6449349816149956e+00 0
6.4721359549996238e-01 4.7022820183397246e-01 3.6449349816149970e+00 0
7.9015067247611437e-01 1.2514757203216212e-01 3.4157709960596625e+00 0
7.6084521303612918e-01 2.4721359549994015e-01 3.4157709960596625e+00 0
7.1280521935070018e-01 3.6319239979162649e-01 3.4157709960596625e+00 0
6.4721359549996238e-01 4.7022820183397251e-01 3.4157709960596621e+00 0
7.9015067247611437e-01 1.2514757203216140e-01 3.1866698336901980e+00 0
7.6084521303612929e-01 2.4721359549993960e-01 3.1866698336901980e+00 0
7.1280521935070007e-01 3.6319239979162654e-01 3.1866698336901980e+00 0
6.4721359549996194e-01 4.7022820183397318e-01 3.1866698336901980e+00 0
7.9015067247611437e-01 1.2514757203216145e-01 2.9575414928626569e+00 0
7.6084521303612906e-01 2.4721359549994026e-01 2.9575414928626560e+00 0
7.1280521935070007e-01 3.6319239979162660e-01 2.9575414928626564e+00 0
6.4721359549996194e-01 4.7022820183397324e-01 2.9575414928626564e+00 0
7.9015067247611437e-01 1.2514757203216151e-01 2.7283524417257325e+00 0
7.6084521303612906e-01 2.4721359549994032e-01 2.7283524417257321e+00 0
7.1280521935070007e-01 3.6319239979162665e-01 2.7283524417257321e+00 0
6.4721359549996282e-01 4.7022820183397218e-01 2.7283524417257321e+00 0
7.9015067247611437e-01 1.2514757203216154e-01 2.4992492377366387e+00 0
7.6084521303612906e-01 2.4721359549994035e-01 2.4992492377366387e+00 0
7.1280521935070007e-01 3.6319239979162671e-01 2.4992492377366387e+00 0
6.4721359549996194e-01 4.7022820183397335e-01 2.4992492377366387e+00 0
7.9015067247611437e-01 1.2514757203216159e-01 2.2701512100124654e+00 0
7.6084521303612929e-01 2.4721359549993979e-01 2.2701512100124650e+00 0
7.1280521935070007e-01 3.6319239979162676e-01 2.2701512100124650e+00 0
6.4721359549996194e-01 4.7022820183397340e-01 2.2701512100124650e+00 0
7.9015067247611437e-01 1.2514757203216104e-01 2.0409631111375597e+00 0
7.6084521303612906e-01 2.4721359549994046e-01 2.0409631111375597e+00 0
7.1280521935070007e-01 3.6319239979162682e-01 2.0409631111375597e+00 0
6.4721359549996160e-01 4.7022820183397407e-01 2.0409631111375597e+00 0
7.9015067247611426e-01 1.2514757203216170e-01 1.8119378978679410e+00 0
7.6084521303612873e-01 2.4721359549994129e-01 1.8119378978679412e+00 0
7.1280521935069996e-01 3.6319239979162687e-01 1.8119378978679410e+00 0
6.4721359549996182e-01 4.7022820183397351e-01 1.8119378978679412e+00 0
7.9015067247611426e-01 1.2514757203216176e-01 1.5827144598409124e+00 0
7.6084521303612851e-01 2.4721359549994207e-01 1.5827144598409126e+00 0
7.1280521935069996e-01 3.6319239979162693e-01 1.5827144598409124e+00 0
6.4721359549996216e-01 4.7022820183397296e-01 1.5827144598409124e+00 0
7.9015067247611426e-01 1.2514757203216181e-01 1.3537084799761319e+00 0
7.6084521303612873e-01 2.4721359549994140e-01 1.3537084799761321e+00 0
7.1280521935069996e-01 3.6319239979162699e-01 1.3537084799761321e+00 0
6.4721359549996149e-01 4.7022820183397424e-01 1.3537084799761319e+00 0
7.9015067247611426e-01 1.2514757203216184e-01 1.1244994963301289e+00 0
7.6084521303612873e-01 2.4721359549994143e-01 1.1244994963301291e+00 0
7.1280521935069996e-01 3.6319239979162704e-01 1.1244994963301289e+00 0
6.4721359549996271e-01 4.7022820183397257e-01 1.1244994963301291e+00 0
7.9015067247611381e-01 1.2514757203216406e-01 9.0584820090739770e-01 0
7.6084521303612851e-01 2.4721359549994221e-01 9.0584820090739748e-01 0
7.1280521935069996e-01 3.6319239979162704e-01 9.0584820090739737e-01 0
6.4721359549996182e-01 4.7022820183397368e-01 9.0584820090739715e-01 0
7.9015067247611415e-01 1.2514757203216273e-01 7.4333958966061475e-01 0
7.6084521303612851e-01 2.4721359549994223e-01 7.4333958966061475e-01 0
7.1280521935070063e-01 3.6319239979162588e-01 7.4333958966061464e-01 0
6.4721359549996182e-01 4.7022820183397374e-01 7.4333958966061464e-01 0
7.9015067247611404e-01 1.2514757203216276e-01 6.1252403743194694e-01 0
7.6084521303612906e-01 2.4721359549994015e-01 6.1252403743194694e-01 0
7.1280521935069985e-01 3.6319239979162715e-01 6.1252403743194683e-01 0
6.4721359549996205e-01 4.7022820183397318e-01 6.1252403743194683e-01 0
7.9015067247611404e-01 1.2514757203216276e-01 5.0005282351779501e-01 0
7.6084521303612862e-01 2.4721359549994157e-01 5.0005282351779501e-01 0
7.1280521935069985e-01 3.6319239979162715e-01 5.0005282351779490e-01 0
6.4721359549996260e-01 4.7022820183397268e-01 5.0005282351779490e-01 0
7.9015067247611415e-01 1.2514757203216201e-01 3.9967338224288218e-01 0
7.6084521303612906e-01 2.4721359549994021e-01 3.9967338224288218e-01 0
7.1280521935070018e-01 3.6319239979162665e-01 3.9967338224288218e-01 0
6.4721359549996260e-01 4.7022820183397268e-01 3.9967338224288257e-01 0
7.9015067247611437e-01 1.2514757203216065e-01 3.0817944502893851e-01 0
7.6084521303612840e-01 2.4721359549994235e-01 3.0817944502893851e-01 0
7.1280521935070051e-01 3.6319239979162599e-01 3.0817944502893851e-01 0
6.4721359549996094e-01 4.7022820183397507e-01 3.0817944502893846e-01 0
7.9015067247611404e-01 1.2514757203216284e-01 2.2378526995893819e-01 0
7.6084521303612840e-01 2.4721359549994237e-01 2.2378526995893816e-01 0
7.1280521935070051e-01 3.6319239979162599e-01 2.2378526995893813e-01 0
6.4721359549996171e-01 4.7022820183397385e-01 2.2378526995893810e-01 0
7.9015067247611415e-01 1.2514757203216206e-01 1.4481140766292805e-01 0
7.6084521303612906e-01 2.4721359549994026e-01 1.4481140766292802e-01 0
7.1280521935069985e-01 3.6319239979162726e-01 1.4481140766292799e-01 0
6.4721359549996205e-01 4.7022820183397324e-01 1.4481140766292797e-01 0
7.9015067247611437e-01 1.2514757203216009e-01 7.0343017578124917e-02 0
7.6084521303612906e-01 2.4721359549994029e-01 7.0343017578124889e-02 0
7.1280521935070018e-01 3.6319239979162671e-01 7.0343017578124875e-02 0
6.4721359549996205e-01 4.7022820183397329e-01 7.0343017578124847e-02 0
2.6609821553297442e-17 8.4000000000000030e-01 7.0343017578124833e-02 0
2.7586889426856093e-17 8.8000000000000023e-01 7.0343017578124820e-02 0
2.8563957300414744e-17 9.2000000000000026e-01 7.0343017578124806e-02 0
2.9541025173973395e-17 9.6000000000000019e-01 7.0343017578124806e-02 0
3.3058456892501688e-17 8.4000000000000030e-01 1.4481140766292794e-01 0
3.4035524766060339e-17 8.8000000000000023e-01 1.4481140766292794e-01 0
3.5012592639618990e-17 9.2000000000000026e-01 1.4481140766292794e-01 0
3.5989660513177641e-17 9.6000000000000019e-01 1.4481140766292791e-01 0
3.9897246326455470e-17 8.4000000000000030e-01 2.2378526995893808e-01 0
4.0874314200014121e-17 8.8000000000000023e-01 2.2378526995893808e-01 0
4.1851382073572772e-17 9.2000000000000026e-01 2.2378526995893808e-01 0
4.2828449947131423e-17 9.6000000000000030e-01 2.2378526995893805e-01 0
4.7205411027741985e-17 8.4000000000000019e-01 3.0817944502893846e-01 0
4.8182478901300636e-17 8.8000000000000012e-01 3.0817944502893840e-01 0
4.9159546774859287e-17 9.2000000000000015e-01 3.0817944502893840e-01 0
5.0136614648417938e-17 9.6000000000000008e-01 3.0817944502893840e-01 0
5.5128383931666436e-17 8.4000000000000019e-01 3.9967338224288212e-01 0
5.6105451805225124e-17 8.8000000000000012e-01 3.9967338224288251e-01 0
5.7082519678783738e-17 9.2000000000000015e-01 3.9967338224288207e-01 0
5.8059587552342389e-17 9.6000000000000008e-01 3.9967338224288207e-01 0
6.3820802441021010e-17 8.4000000000000019e-01 5.0005282351779490e-01 0
6.4797870314579661e-17 8.8000000000000012e-01 5.0005282351779490e-01 0
6.5774938188138312e-17 9.2000000000000015e-01 5.0005282351779490e-01 0
6.6752006061696963e-17 9.6000000000000008e-01 5.0005282351779490e-01 0
7.3560315325132768e-17 8.4000000000000019e-01 6.1252403743194683e-01 0
7.4537383198691419e-17 8.8000000000000012e-01 6.1252403743194683e-01 0
7.5514451072250070e-17 9.2000000000000015e-01 6.1252403743194683e-01 0
7.6491518945808721e-17 9.6000000000000008e-01 6.1252403743194683e-01 0
8.4888367295353317e-17 8.4000000000000019e-01 7.4333958966061464e-01 0
8.5865435168911968e-17 8.8000000000000012e-01 7.4333958966061464e-01 0
8.6842503042470619e-17 9.2000000000000015e-01 7.4333958966061464e-01 0
8.7819570916029271e-17 9.6000000000000008e-01 7.4333958966061464e-01 0
9.8960898905310401e-17 8.4000000000000008e-01 9.0584820090739759e-01 0
9.9937966778869052e-17 8.8000000000000000e-01 9.0584820090739759e-01 0
1.0091503465242770e-16 9.2000000000000004e-01 9.0584820090739759e-01 0
1.0189210252598635e-16 9.5999999999999996e-01 9.0584820090739759e-01 0
1.1789514025281542e-16 8.4000000000000008e-01 1.1244994963301287e+00 0
1.1887220812637404e-16 8.8000000000000000e-01 1.1244994963301287e+00 0
1.1984927599993272e-16 9.2000000000000004e-01 1.1244994963301287e+00 0
1.2082634387349134e-16 9.5999999999999996e-01 1.1244994963301287e+00 0
1.3774363100599924e-16 8.3999999999999997e-01 1.3537084799761319e+00 0
1.3872069887955787e-16 8.7999999999999989e-01 1.3537084799761314e+00 0
1.3969776675311652e-16 9.1999999999999993e-01 1.3537084799761314e+00 0
1.4067483462667517e-16 9.5999999999999985e-01 1.3537084799761314e+00 0
1.5757454252380426e-16 8.3999999999999997e-01 1.5827144598409124e+00 0
1.5855161039736286e-16 8.7999999999999989e-01 1.5827144598409120e+00 0
1.5952867827092151e-16 9.1999999999999993e-01 1.5827144598409120e+00 0
1.6050574614448016e-16 9.5999999999999985e-01 1.5827144598409120e+00 0
1.7742428496286689e-16 8.3999999999999986e-01 1.8119378978679410e+00 0
1.7840135283642556e-16 8.7999999999999978e-01 1.8119378978679412e+00 0
1.7937842070998419e-16 9.1999999999999982e-01 1.8119378978679410e+00 0
1.8035548858354286e-16 9.5999999999999974e-01 1.8119378978679408e+00 0
1.9725686200901208e-16 8.3999999999999986e-01 2.0409631111375597e+00 0
1.9823392988257071e-16 8.7999999999999978e-01 2.0409631111375597e+00 0
1.9921099775612938e-16 9.1999999999999982e-01 2.0409631111375597e+00 0
2.0018806562968801e-16 9.5999999999999974e-01 2.0409631111375597e+00 0
2.1710354423279438e-16 8.3999999999999975e-01 2.2701512100124646e+00 0
2.1808061210635301e-16 8.7999999999999967e-01 2.2701512100124646e+00 0
2.1905767997991166e-16 9.1999999999999971e-01 2.2701512100124646e+00 0
2.2003474785347031e-16 9.5999999999999963e-01 2.2701512100124646e+00 0
2.3694242669072990e-16 8.3999999999999975e-01 2.4992492377366387e+00 0
2.3791949456428858e-16 8.7999999999999967e-01 2.4992492377366387e+00 0
2.3889656243784720e-16 9.1999999999999971e-01 2.4992492377366387e+00 0
2.3987363031140583e-16 9.5999999999999963e-01 2.4992492377366387e+00 0
2.5678175739046098e-16 8.3999999999999975e-01 2.7283524417257312e+00 0
2.5775882526401965e-16 8.7999999999999967e-01 2.7283524417257321e+00 0
2.5873589313757828e-16 9.1999999999999971e-01 2.7283524417257321e+00 0
2.5971296101113695e-16 9.5999999999999963e-01 2.7283524417257321e+00 0
2.7662852207594959e-16 8.3999999999999964e-01 2.9575414928626564e+00 0
2.7760558994950831e-16 8.7999999999999956e-01 2.9575414928626569e+00 0
2.7858265782306689e-16 9.1999999999999960e-01 2.9575414928626564e+00 0
2.7955972569662551e-16 9.5999999999999952e-01 2.9575414928626560e+00 0
2.9647002951542962e-16 8.3999999999999964e-01 3.1866698336901988e+00 0
2.9744709738898820e-16 8.7999999999999956e-01 3.1866698336901980e+00 0
2.9842416526254683e-16 9.1999999999999960e-01 3.1866698336901980e+00 0
2.9940123313610550e-16 9.5999999999999952e-01 3.1866698336901980e+00 0
3.1630918341987242e-16 8.3999999999999952e-01 3.4157709960596625e+00 0
3.1728625129343104e-16 8.7999999999999956e-01 3.4157709960596625e+00 0
3.1826331916698972e-16 9.1999999999999948e-01 3.4157709960596625e+00 0
3.1924038704054834e-16 9.5999999999999952e-01 3.4157709960596625e+00 0
3.3615377753614286e-16 8.3999999999999952e-01 3.6449349816149965e+00 0
3.3713084540970153e-16 8.7999999999999945e-01 3.6449349816149961e+00 0
3.3810791328326011e-16 9.1999999999999948e-01 3.6449349816149956e+00 0
3.3908498115681878e-16 9.5999999999999941e-01 3.6449349816149956e+00 0
3.5599259664722373e-16 8.3999999999999941e-01 3.8740322778141212e+00 0
3.5696966452078245e-16 8.7999999999999934e-01 3.8740322778141216e+00 0
3.5794673239434108e-16 9.1999999999999937e-01 3.8740322778141216e+00 0
3.5892380026789976e-16 9.5999999999999930e-01 3.8740322778141216e+00 0
3.7495300239755336e-16 8.3999999999999930e-01 4.0929857179315654e+00 0
3.7593007027111208e-16 8.7999999999999934e-01 4.0929857179315663e+00 0
3.7690713814467076e-16 9.1999999999999937e-01 4.0929857179315663e+00 0
3.7788420601822938e-16 9.5999999999999930e-01 4.0929857179315663e+00 0
3.8904710311354955e-16 8.3999999999999930e-01 4.2557434077070306e+00 0
3.9002417098710817e-16 8.7999999999999923e-01 4.2557434077070306e+00 0
3.9100123886066675e-16 9.1999999999999926e-01 4.2557434077070297e+00 0
3.9197830673422547e-16 9.5999999999999919e-01 4.2557434077070306e+00 0
4.0039182518424714e-16 8.3999999999999930e-01 4.3867514650906312e+00 0
4.0136889305780587e-16 8.7999999999999923e-01 4.3867514650906321e+00 0
4.0234596093136454e-16 9.1999999999999926e-01 4.3867514650906321e+00 0
4.0332302880492307e-16 9.5999999999999919e-01 4.3867514650906312e+00 0
4.1015446802934194e-16 8.3999999999999930e-01 4.4994897821772417e+00 0
4.1113153590290057e-16 8.7999999999999923e-01 4.4994897821772417e+00 0
4.1210860377645924e-16 9.1999999999999926e-01 4.4994897821772417e+00 0
4.1308567165001782e-16 9.5999999999999930e-01 4.4994897821772417e+00 0
4.1885249342632380e-16 8.3999999999999930e-01 4.5999339713985075e+00 0
4.1982956129988238e-16 8.7999999999999923e-01 4.5999339713985075e+00 0
4.2080662917344105e-16 9.1999999999999926e-01 4.5999339713985075e+00 0
4.2178369704699973e-16 9.5999999999999919e-01 4.5999339713985075e+00 0
4.2678609560257204e-16 8.3999999999999930e-01 4.6915506547061732e+00 0
4.2776316347613056e-16 8.7999999999999923e-01 4.6915506547061723e+00 0
4.2874023134968924e-16 9.1999999999999926e-01 4.6915506547061723e+00 0
4.2971729922324791e-16 9.5999999999999930e-01 4.6915506547061732e+00 0
4.3410275124681378e-16 8.3999999999999919e-01 4.7760428825918346e+00 0
4.3507981912037256e-16 8.7999999999999923e-01 4.7760428825918364e+00 0
4.3605688699393123e-16 9.1999999999999915e-01 4.7760428825918364e+00 0
4.3703395486748991e-16 9.5999999999999919e-01 4.7760428825918364e+00 0
4.4093978884432850e-16 8.3999999999999919e-01 4.8549965148031138e+00 0
4.4191685671788717e-16 8.7999999999999912e-01 4.8549965148031147e+00 0
4.4289392459144580e-16 9.1999999999999915e-01 4.8549965148031138e+00 0
4.4387099246500452e-16 9.5999999999999908e-01 4.8549965148031147e+00 0
4.4737753193468850e-16 8.3999999999999919e-01 4.9293391219597202e+00 0
4.4835459980824708e-16 8.7999999999999923e-01 4.9293391219597202e+00 0
4.4933166768180576e-16 9.1999999999999915e-01 4.9293391219597202e+00 0
4.5030873555536443e-16 9.5999999999999919e-01 4.9293391219597202e+00 0
1.5643446504023095e-01 9.8768834059513788e-01 7.0343017578124778e-02 0
3.0901699437494756e-01 9.5105651629515386e-01 7.0343017578124778e-02 0
4.5399049973954703e-01 8.9100652418836801e-01 7.0343017578124778e-02 0
5.8778525229247336e-01 8.0901699437494767e-01 7.0343017578124778e-02 0
1.5643446504023095e-01 9.8768834059513788e-01 1.4481140766292791e-01 0
3.0901699437494756e-01 9.5105651629515386e-01 1.4481140766292788e-01 0
4.5399049973954703e-01 8.9100652418836801e-01 1.4481140766292791e-01 0
5.8778525229247336e-01 8.0901699437494767e-01 1.4481140766292791e-01 0
1.5643446504023092e-01 9.8768834059513799e-01 2.2378526995893805e-01 0
3.0901699437494756e-01 9.5105651629515386e-01 2.2378526995893802e-01 0
4.5399049973954703e-01 8.9100652418836812e-01 2.2378526995893805e-01 0
5.8778525229247336e-01 8.0901699437494767e-01 2.2378526995893805e-01 0
1.5643446504023098e-01 9.8768834059513788e-01 3.0817944502893840e-01 0
3.0901699437494756e-01 9.5105651629515386e-01 3.0817944502893840e-01 0
4.5399049973954703e-01 8.9100652418836801e-01 3.0817944502893835e-01 0
5.8778525229247336e-01 8.0901699437494767e-01 3.0817944502893840e-01 0
1.5643446504023098e-01 9.8768834059513777e-01 3.9967338224288207e-01 0
3.0901699437494762e-01 9.5105651629515375e-01 3.9967338224288251e-01 0
4.5399049973954708e-01 8.9100652418836801e-01 3.9967338224288246e-01 0
5.8778525229247336e-01 8.0901699437494767e-01 3.9967338224288207e-01 0
1.5643446504023095e-01 9.8768834059513788e-01 5.0005282351779490e-01 0
3.0901699437494762e-01 9.5105651629515375e-01 5.0005282351779490e-01 0
4.5399049973954708e-01 8.9100652418836801e-01 5.0005282351779490e-01 0
5.8778525229247336e-01 8.0901699437494756e-01 5.0005282351779490e-01 0
1.5643446504023101e-01 9.8768834059513777e-01 6.1252403743194683e-01 0
3.0901699437494762e-01 9.5105651629515375e-01 6.1252403743194683e-01 0
4.5399049973954708e-01 8.9100652418836790e-01 6.1252403743194683e-01 0
5.8778525229247336e-01 8.0901699437494756e-01 6.1252403743194683e-01 0
1.5643446504023095e-01 9.8768834059513788e-01 7.4333958966061464e-01 0
3.0901699437494756e-01 9.5105651629515375e-01 7.4333958966061464e-01 0
4.5399049973954708e-01 8.9100652418836801e-01 7.4333958966061464e-01 0
5.8778525229247347e-01 8.0901699437494756e-01 7.4333958966061464e-01 0
1.5643446504023098e-01 9.8768834059513777e-01 9.0584820090739759e-01 0
3.0901699437494762e-01 9.5105651629515364e-01 9.0584820090739759e-01 0
4.5399049973954708e-01 8.9100652418836801e-01 9.0584820090739759e-01 0
5.8778525229247347e-01 8.0901699437494756e-01 9.0584820090739759e-01 0
1.5643446504023101e-01 9.8768834059513777e-01 1.1244994963301287e+00 0
3.0901699437494767e-01 9.5105651629515364e-01 1.1244994963301287e+00 0
4.5399049973954714e-01 8.9100652418836790e-01 1.1244994963301287e+00 0
5.8778525229247347e-01 8.0901699437494745e-01 1.1244994963301287e+00 0
1.5643446504023106e-01 9.8768834059513755e-01 1.3537084799761319e+00 0
3.0901699437494767e-01 9.5105651629515364e-01 1.3537084799761314e+00 0
4.5399049973954714e-01 8.9100652418836779e-01 1.3537084799761314e+00 0
5.8778525229247347e-01 8.0901699437494745e-01 1.3537084799761314e+00 0
1.5643446504023109e-01 9.8768834059513755e-01 1.5827144598409124e+00 0
3.0901699437494756e-01 9.5105651629515342e-01 1.5827144598409120e+00 0
4.5399049973954714e-01 8.9100652418836768e-01 1.5827144598409120e+00 0
5.8778525229247347e-01 8.0901699437494734e-01 1.5827144598409120e+00 0
1.5643446504023106e-01 9.8768834059513755e-01 1.8119378978679410e+00 0
3.0901699437494773e-01 9.5105651629515353e-01 1.8119378978679412e+00 0
4.5399049973954719e-01 8.9100652418836779e-01 1.8119378978679408e+00 0
5.8778525229247347e-01 8.0901699437494734e-01 1.8119378978679408e+00 0
1.5643446504023106e-01 9.8768834059513755e-01 2.0409631111375597e+00 0
3.0901699437494773e-01 9.5105651629515342e-01 2.0409631111375597e+00 0
4.5399049973954719e-01 8.9100652418836768e-01 2.0409631111375597e+00 0
5.8778525229247358e-01 8.0901699437494723e-01 2.0409631111375597e+00 0
1.5643446504023109e-01 9.8768834059513755e-01 2.2701512100124646e+00 0
3.0901699437494767e-01 9.5105651629515331e-01 2.2701512100124646e+00 0
4.5399049973954725e-01 8.9100652418836768e-01 2.2701512100124646e+00 0
5.8778525229247358e-01 8.0901699437494723e-01 2.2701512100124646e+00 0
1.5643446504023112e-01 9.8768834059513744e-01 2.4992492377366387e+00 0
3.0901699437494778e-01 9.5105651629515331e-01 2.4992492377366387e+00 0
4.5399049973954725e-01 8.9100652418836757e-01 2.4992492377366387e+00 0
5.8778525229247358e-01 8.0901699437494712e-01 2.4992492377366387e+00 0
1.5643446504023115e-01 9.8768834059513744e-01 2.7283524417257312e+00 0
3.0901699437494767e-01 9.5105651629515320e-01 2.7283524417257321e+00 0
4.5399049973954725e-01 8.9100652418836757e-01 2.7283524417257321e+00 0
5.8778525229247358e-01 8.0901699437494712e-01 2.7283524417257321e+00 0
1.5643446504023115e-01 9.8768834059513733e-01 2.9575414928626564e+00 0
3.0901699437494784e-01 9.5105651629515320e-01 2.9575414928626569e+00 0
4.5399049973954730e-01 8.9100652418836745e-01 2.9575414928626569e+00 0
5.8778525229247358e-01 8.0901699437494712e-01 2.9575414928626560e+00 0
1.5643446504023117e-01 9.8768834059513733e-01 3.1866698336901988e+00 0
3.0901699437494784e-01 9.5105651629515320e-01 3.1866698336901980e+00 0
4.5399049973954730e-01 8.9100652418836745e-01 3.1866698336901980e+00 0
5.8778525229247358e-01 8.0901699437494701e-01 3.1866698336901980e+00 0
1.5643446504023120e-01 9.8768834059513722e-01 3.4157709960596625e+00 0
3.0901699437494784e-01 9.5105651629515309e-01 3.4157709960596625e+00 0
4.5399049973954730e-01 8.9100652418836745e-01 3.4157709960596625e+00 0
5.8778525229247369e-01 8.0901699437494701e-01 3.4157709960596625e+00 0
1.5643446504023120e-01 9.8768834059513722e-01 3.6449349816149965e+00 0
3.0901699437494773e-01 9.5105651629515309e-01 3.6449349816149961e+00 0
4.5399049973954736e-01 8.9100652418836734e-01 3.6449349816149970e+00 0
5.8778525229247369e-01 8.0901699437494690e-01 3.6449349816149956e+00 0
1.5643446504023123e-01 9.8768834059513710e-01 3.8740322778141212e+00 0
3.0901699437494784e-01 9.5105651629515298e-01 3.8740322778141216e+00 0
4.5399049973954736e-01 8.9100652418836734e-01 3.8740322778141216e+00 0
5.8778525229247369e-01 8.0901699437494690e-01 3.8740322778141216e+00 0
1.5643446504023170e-01 9.8768834059513699e-01 4.0929857179315654e+00 0
3.0901699437494784e-01 9.5105651629515298e-01 4.0929857179315663e+00 0
4.5399049973954747e-01 8.9100652418836712e-01 4.0929857179315663e+00 0
5.8778525229247369e-01 8.0901699437494679e-01 4.0929857179315663e+00 0
1.5643446504023154e-01 9.8768834059513710e-01 4.2557434077070306e+00 0
3.0901699437494795e-01 9.5105651629515298e-01 4.2557434077070306e+00 0
4.5399049973954747e-01 8.9100652418836712e-01 4.2557434077070306e+00 0
5.8778525229247369e-01 8.0901699437494679e-01 4.2557434077070306e+00 0
1.5643446504023129e-01 9.8768834059513699e-01 4.3867514650906312e+00 0
3.0901699437494795e-01 9.5105651629515275e-01 4.3867514650906321e+00 0
4.5399049973954742e-01 8.9100652418836723e-01 4.3867514650906321e+00 0
5.8778525229247369e-01 8.0901699437494679e-01 4.3867514650906312e+00 0
1.5643446504023156e-01 9.8768834059513699e-01 4.4994897821772417e+00 0
3.0901699437494795e-01 9.5105651629515287e-01 4.4994897821772417e+00 0
4.5399049973954747e-01 8.9100652418836701e-01 4.4994897821772417e+00 0
5.8778525229247380e-01 8.0901699437494667e-01 4.4994897821772417e+00 0
1.5643446504023129e-01 9.8768834059513699e-01 4.5999339713985075e+00 0
3.0901699437494795e-01 9.5105651629515287e-01 4.5999339713985075e+00 0
4.5399049973954742e-01 8.9100652418836712e-01 4.5999339713985075e+00 0
5.8778525229247380e-01 8.0901699437494667e-01 4.5999339713985075e+00 0
1.5643446504023131e-01 9.8768834059513699e-01 4.6915506547061732e+00 0
3.0901699437494795e-01 9.5105651629515287e-01 4.6915506547061723e+00 0
4.5399049973954742e-01 8.9100652418836712e-01 4.6915506547061723e+00 0
5.8778525229247380e-01 8.0901699437494667e-01 4.6915506547061732e+00 0
1.5643446504023131e-01 9.8768834059513699e-01 4.7760428825918346e+00 0
3.0901699437494795e-01 9.5105651629515287e-01 4.7760428825918364e+00 0
4.5399049973954742e-01 8.9100652418836712e-01 4.7760428825918364e+00 0
5.8778525229247380e-01 8.0901699437494667e-01 4.7760428825918364e+00 0
1.5643446504023176e-01 9.8768834059513677e-01 4.8549965148031138e+00 0
3.0901699437494801e-01 9.5105651629515287e-01 4.8549965148031147e+00 0
4.5399049973954758e-01 8.9100652418836701e-01 4.8549965148031147e+00 0
5.8778525229247380e-01 8.0901699437494667e-01 4.8549965148031147e+00 0
1.5643446504023131e-01 9.8768834059513688e-01 4.9293391219597202e+00 0
3.0901699437494801e-01 9.5105651629515275e-01 4.9293391219597202e+00 0
4.5399049973954747e-01 8.9100652418836701e-01 4.9293391219597202e+00 0
5.8778525229247380e-01 8.0901699437494667e-01 4.9293391219597202e+00 0
6.7882250993908588e-01 6.7882250993908566e-01 7.0343017578124806e-02 0
6.5053823869162397e-01 6.5053823869162386e-01 7.0343017578124820e-02 0
6.2225396744416217e-01 6.2225396744416195e-01 7.0343017578124820e-02 0
5.9396969619670026e-01 5.9396969619670004e-01 7.0343017578124820e-02 0
6.7882250993908588e-01 6.7882250993908566e-01 1.4481140766292794e-01 0
6.5053823869162397e-01 6.5053823869162386e-01 1.4481140766292794e-01 0
6.2225396744416217e-01 6.2225396744416195e-01 1.4481140766292794e-01 0
5.9396969619670026e-01 5.9396969619670004e-01 1.4481140766292794e-01 0
6.7882250993908588e-01 6.7882250993908566e-01 2.2378526995893808e-01 0
6.5053823869162397e-01 6.5053823869162386e-01 2.2378526995893808e-01 0
6.2225396744416217e-01 6.2225396744416195e-01 2.2378526995893808e-01 0
5.9396969619670026e-01 5.9396969619670004e-01 2.2378526995893808e-01 0
6.7882250993908588e-01 6.7882250993908566e-01 3.0817944502893840e-01 0
6.5053823869162397e-01 6.5053823869162386e-01 3.0817944502893840e-01 0
6.2225396744416217e-01 6.2225396744416195e-01 3.0817944502893846e-01 0
5.9396969619670026e-01 5.9396969619670004e-01 3.0817944502893846e-01 0
6.7882250993908588e-01 6.7882250993908566e-01 3.9967338224288207e-01 0
6.5053823869162397e-01 6.5053823869162386e-01 3.9967338224288207e-01 0
6.2225396744416217e-01 6.2225396744416195e-01 3.9967338224288257e-01 0
5.9396969619670026e-01 5.9396969619670004e-01 3.9967338224288212e-01 0
6.7882250993908588e-01 6.7882250993908566e-01 5.0005282351779490e-01 0
6.5053823869162397e-01 6.5053823869162386e-01 5.0005282351779490e-01 0
6.2225396744416217e-01 6.2225396744416184e-01 5.0005282351779501e-01 0
5.9396969619670026e-01 5.9396969619669993e-01 5.0005282351779501e-01 0
6.7882250993908588e-01 6.7882250993908555e-01 6.1252403743194683e-01 0
6.5053823869162397e-01 6.5053823869162375e-01 6.1252403743194683e-01 0
6.2225396744416217e-01 6.2225396744416184e-01 6.1252403743194694e-01 0
5.9396969619670026e-01 5.9396969619669993e-01 6.1252403743194694e-01 0
6.7882250993908599e-01 6.7882250993908555e-01 7.4333958966061464e-01 0
6.5053823869162408e-01 6.5053823869162375e-01 7.4333958966061486e-01 0
6.2225396744416228e-01 6.2225396744416184e-01 7.4333958966061475e-01 0
5.9396969619670037e-01 5.9396969619669993e-01 7.4333958966061475e-01 0
6.7882250993908599e-01 6.7882250993908555e-01 9.0584820090739759e-01 0
6.5053823869162408e-01 6.5053823869162375e-01 9.0584820090739759e-01 0
6.2225396744416228e-01 6.2225396744416184e-01 9.0584820090739770e-01 0
5.9396969619670037e-01 5.9396969619669993e-01 9.0584820090739770e-01 0
6.7882250993908611e-01 6.7882250993908555e-01 1.1244994963301287e+00 0
6.5053823869162408e-01 6.5053823869162364e-01 1.1244994963301287e+00 0
6.2225396744416228e-01 6.2225396744416173e-01 1.1244994963301287e+00 0
5.9396969619670037e-01 5.9396969619669981e-01 1.1244994963301287e+00 0
6.7882250993908599e-01 6.7882250993908544e-01 1.3537084799761314e+00 0
6.5053823869162408e-01 6.5053823869162364e-01 1.3537084799761312e+00 0
6.2225396744416228e-01 6.2225396744416173e-01 1.3537084799761314e+00 0
5.9396969619670037e-01 5.9396969619669981e-01 1.3537084799761314e+00 0
6.7882250993908599e-01 6.7882250993908533e-01 1.5827144598409120e+00 0
6.5053823869162408e-01 6.5053823869162353e-01 1.5827144598409120e+00 0
6.2225396744416228e-01 6.2225396744416162e-01 1.5827144598409120e+00 0
5.9396969619670037e-01 5.9396969619669970e-01 1.5827144598409120e+00 0
6.7882250993908599e-01 6.7882250993908533e-01 1.8119378978679412e+00 0
6.5053823869162408e-01 6.5053823869162353e-01 1.8119378978679406e+00 0
6.2225396744416217e-01 6.2225396744416150e-01 1.8119378978679408e+00 0
5.9396969619670037e-01 5.9396969619669970e-01 1.8119378978679408e+00 0
6.7882250993908611e-01 6.7882250993908522e-01 2.0409631111375597e+00 0
6.5053823869162419e-01 6.5053823869162342e-01 2.0409631111375597e+00 0
6.2225396744416239e-01 6.2225396744416150e-01 2.0409631111375597e+00 0
5.9396969619670048e-01 5.9396969619669959e-01 2.0409631111375597e+00 0
6.7882250993908611e-01 6.7882250993908522e-01 2.2701512100124646e+00 0
6.5053823869162419e-01 6.5053823869162342e-01 2.2701512100124646e+00 0
6.2225396744416239e-01 6.2225396744416150e-01 2.2701512100124646e+00 0
5.9396969619670048e-01 5.9396969619669959e-01 2.2701512100124646e+00 0
6.7882250993908611e-01 6.7882250993908522e-01 2.4992492377366387e+00 0
6.5053823869162419e-01 6.5053823869162342e-01 2.4992492377366387e+00 0
6.2225396744416228e-01 6.2225396744416128e-01 2.4992492377366387e+00 0
5.9396969619670048e-01 5.9396969619669948e-01 2.4992492377366387e+00 0
6.7882250993908611e-01 6.7882250993908511e-01 2.7283524417257312e+00 0
6.5053823869162419e-01 6.5053823869162331e-01 2.7283524417257330e+00 0
6.2225396744416228e-01 6.2225396744416128e-01 2.7283524417257321e+00 0
5.9396969619670037e-01 5.9396969619669937e-01 2.7283524417257321e+00 0
6.7882250993908611e-01 6.7882250993908511e-01 2.9575414928626569e+00 0
6.5053823869162419e-01 6.5053823869162331e-01 2.9575414928626573e+00 0
6.2225396744416228e-01 6.2225396744416128e-01 2.9575414928626569e+00 0
5.9396969619670037e-01 5.9396969619669937e-01 2.9575414928626560e+00 0
6.7882250993908611e-01 6.7882250993908499e-01 3.1866698336901980e+00 0
6.5053823869162419e-01 6.5053823869162308e-01 3.1866698336901975e+00 0
6.2225396744416228e-01 6.2225396744416117e-01 3.1866698336901980e+00 0
5.9396969619670037e-01 5.9396969619669926e-01 3.1866698336901980e+00 0
6.7882250993908622e-01 6.7882250993908499e-01 3.4157709960596625e+00 0
6.5053823869162430e-01 6.5053823869162308e-01 3.4157709960596625e+00 0
6.2225396744416239e-01 6.2225396744416117e-01 3.4157709960596625e+00 0
5.9396969619670048e-01 5.9396969619669926e-01 3.4157709960596625e+00 0
6.7882250993908622e-01 6.7882250993908488e-01 3.6449349816149965e+00 0
6.5053823869162430e-01 6.5053823869162297e-01 3.6449349816149965e+00 0
6.2225396744416239e-01 6.2225396744416106e-01 3.6449349816149970e+00 0
5.9396969619670048e-01 5.9396969619669915e-01 3.6449349816149956e+00 0
6.7882250993908622e-01 6.7882250993908488e-01 3.8740322778141216e+00 0
6.5053823869162430e-01 6.5053823869162297e-01 3.8740322778141225e+00 0
6.2225396744416239e-01 6.2225396744416106e-01 3.8740322778141216e+00 0
5.9396969619670048e-01 5.9396969619669915e-01 3.8740322778141216e+00 0
6.7882250993908622e-01 6.7882250993908477e-01 4.0929857179315663e+00 0
6.5053823869162430e-01 6.5053823869162286e-01 4.0929857179315663e+00 0
6.2225396744416239e-01 6.2225396744416095e-01 4.0929857179315663e+00 0
5.9396969619670048e-01 5.9396969619669904e-01 4.0929857179315663e+00 0
6.7882250993908622e-01 6.7882250993908477e-01 4.2557434077070306e+00 0
6.5053823869162430e-01 6.5053823869162286e-01 4.2557434077070297e+00 0
6.2225396744416239e-01 6.2225396744416095e-01 4.2557434077070306e+00 0
5.9396969619670048e-01 5.9396969619669904e-01 4.2557434077070306e+00 0
6.7882250993908622e-01 6.7882250993908477e-01 4.3867514650906312e+00 0
6.5053823869162430e-01 6.5053823869162286e-01 4.3867514650906312e+00 0
6.2225396744416239e-01 6.2225396744416095e-01 4.3867514650906321e+00 0
5.9396969619670048e-01 5.9396969619669904e-01 4.3867514650906312e+00 0
6.7882250993908633e-01 6.7882250993908477e-01 4.4994897821772417e+00 0
6.5053823869162442e-01 6.5053823869162286e-01 4.4994897821772417e+00 0
6.2225396744416250e-01 6.2225396744416084e-01 4.4994897821772417e+00 0
5.9396969619670059e-01 5.9396969619669893e-01 4.4994897821772417e+00 0
6.7882250993908633e-01 6.7882250993908466e-01 4.5999339713985075e+00 0
6.5053823869162442e-01 6.5053823869162275e-01 4.5999339713985075e+00 0
6.2225396744416250e-01 6.2225396744416084e-01 4.5999339713985075e+00 0
5.9396969619670059e-01 5.9396969619669893e-01 4.5999339713985075e+00 0
6.7882250993908633e-01 6.7882250993908466e-01 4.6915506547061732e+00 0
6.5053823869162442e-01 6.5053823869162275e-01 4.6915506547061723e+00 0
6.2225396744416250e-01 6.2225396744416084e-01 4.6915506547061723e+00 0
5.9396969619670059e-01 5.9396969619669893e-01 4.6915506547061732e+00 0
6.7882250993908633e-01 6.7882250993908466e-01 4.7760428825918346e+00 0
6.5053823869162442e-01 6.5053823869162275e-01 4.7760428825918364e+00 0
6.2225396744416250e-01 6.2225396744416084e-01 4.7760428825918364e+00 0
5.9396969619670059e-01 5.9396969619669893e-01 4.7760428825918364e+00 0
6.7882250993908633e-01 6.7882250993908466e-01 4.8549965148031147e+00 0
6.5053823869162442e-01 6.5053823869162275e-01 4.8549965148031138e+00 0
6.2225396744416250e-01 6.2225396744416084e-01 4.8549965148031147e+00 0
5.9396969619670059e-01 5.9396969619669893e-01 4.8549965148031147e+00 0
6.7882250993908633e-01 6.7882250993908466e-01 4.9293391219597202e+00 0
6.5053823869162442e-01 6.5053823869162275e-01 4.9293391219597202e+00 0
6.2225396744416250e-01 6.2225396744416084e-01 4.9293391219597202e+00 0
5.9396969619670059e-01 5.9396969619669893e-01 4.9293391219597202e+00 0
8.0901699437494778e-01 5.8778525229247325e-01 7.0343017578124820e-02 0
8.9100652418836823e-01 4.5399049973954703e-01 7.0343017578124833e-02 0
9.5105651629515398e-01 3.0901699437494756e-01 7.0343017578124861e-02 0
9.8768834059513821e-01 1.5643446504023115e-01 7.0343017578124889e-02 0
8.0901699437494778e-01 5.8778525229247325e-01 1.4481140766292791e-01 0
8.9100652418836823e-01 4.5399049973954703e-01 1.4481140766292794e-01 0
9.5105651629515398e-01 3.0901699437494756e-01 1.4481140766292799e-01 0
9.8768834059513821e-01 1.5643446504023109e-01 1.4481140766292802e-01 0
8.0901699437494778e-01 5.8778525229247336e-01 2.2378526995893805e-01 0
8.9100652418836823e-01 4.5399049973954697e-01 2.2378526995893808e-01 0
9.5105651629515386e-01 3.0901699437494762e-01 2.2378526995893813e-01 0
9.8768834059513821e-01 1.5643446504023109e-01 2.2378526995893816e-01 0
8.0901699437494778e-01 5.8778525229247325e-01 3.0817944502893846e-01 0
8.9100652418836823e-01 4.5399049973954697e-01 3.0817944502893846e-01 0
9.5105651629515398e-01 3.0901699437494751e-01 3.0817944502893851e-01 0
9.8768834059513821e-01 1.5643446504023106e-01 3.0817944502893846e-01 0
8.0901699437494778e-01 5.8778525229247325e-01 3.9967338224288212e-01 0
8.9100652418836823e-01 4.5399049973954697e-01 3.9967338224288257e-01 0
9.5105651629515398e-01 3.0901699437494751e-01 3.9967338224288262e-01 0
9.8768834059513821e-01 1.5643446504023104e-01 3.9967338224288212e-01 0
8.0901699437494778e-01 5.8778525229247336e-01 5.0005282351779490e-01 0
8.9100652418836823e-01 4.5399049973954692e-01 5.0005282351779490e-01 0
9.5105651629515386e-01 3.0901699437494751e-01 5.0005282351779490e-01 0
9.8768834059513821e-01 1.5643446504023101e-01 5.0005282351779501e-01 0
8.0901699437494778e-01 5.8778525229247314e-01 6.1252403743194683e-01 0
8.9100652418836823e-01 4.5399049973954692e-01 6.1252403743194683e-01 0
9.5105651629515398e-01 3.0901699437494745e-01 6.1252403743194683e-01 0
9.8768834059513821e-01 1.5643446504023101e-01 6.1252403743194694e-01 0
8.0901699437494790e-01 5.8778525229247325e-01 7.4333958966061464e-01 0
8.9100652418836834e-01 4.5399049973954692e-01 7.4333958966061464e-01 0
9.5105651629515398e-01 3.0901699437494751e-01 7.4333958966061464e-01 0
9.8768834059513833e-01 1.5643446504023095e-01 7.4333958966061475e-01 0
8.0901699437494790e-01 5.8778525229247325e-01 9.0584820090739759e-01 0
8.9100652418836834e-01 4.5399049973954686e-01 9.0584820090739759e-01 0
9.5105651629515398e-01 3.0901699437494745e-01 9.0584820090739759e-01 0
9.8768834059513833e-01 1.5643446504023095e-01 9.0584820090739770e-01 0
8.0901699437494790e-01 5.8778525229247314e-01 1.1244994963301287e+00 0
8.9100652418836834e-01 4.5399049973954680e-01 1.1244994963301289e+00 0
9.5105651629515398e-01 3.0901699437494740e-01 1.1244994963301289e+00 0
9.8768834059513833e-01 1.5643446504023087e-01 1.1244994963301289e+00 0
8.0901699437494790e-01 5.8778525229247303e-01 1.3537084799761319e+00 0
8.9100652418836834e-01 4.5399049973954675e-01 1.3537084799761316e+00 0
9.5105651629515409e-01 3.0901699437494728e-01 1.3537084799761316e+00 0
9.8768834059513833e-01 1.5643446504023076e-01 1.3537084799761316e+00 0
8.0901699437494790e-01 5.8778525229247292e-01 1.5827144598409124e+00 0
8.9100652418836823e-01 4.5399049973954680e-01 1.5827144598409122e+00 0
9.5105651629515409e-01 3.0901699437494723e-01 1.5827144598409122e+00 0
9.8768834059513833e-01 1.5643446504023073e-01 1.5827144598409122e+00 0
8.0901699437494790e-01 5.8778525229247303e-01 1.8119378978679410e+00 0
8.9100652418836834e-01 4.5399049973954664e-01 1.8119378978679415e+00 0
9.5105651629515398e-01 3.0901699437494723e-01 1.8119378978679410e+00 0
9.8768834059513833e-01 1.5643446504023073e-01 1.8119378978679410e+00 0
8.0901699437494801e-01 5.8778525229247303e-01 2.0409631111375597e+00 0
8.9100652418836845e-01 4.5399049973954658e-01 2.0409631111375597e+00 0
9.5105651629515409e-01 3.0901699437494717e-01 2.0409631111375597e+00 0
9.8768834059513844e-01 1.5643446504023067e-01 2.0409631111375597e+00 0
8.0901699437494801e-01 5.8778525229247292e-01 2.2701512100124646e+00 0
8.9100652418836834e-01 4.5399049973954664e-01 2.2701512100124646e+00 0
9.5105651629515409e-01 3.0901699437494712e-01 2.2701512100124646e+00 0
9.8768834059513844e-01 1.5643446504023065e-01 2.2701512100124646e+00 0
8.0901699437494801e-01 5.8778525229247292e-01 2.4992492377366387e+00 0
8.9100652418836845e-01 4.5399049973954647e-01 2.4992492377366387e+00 0
9.5105651629515409e-01 3.0901699437494706e-01 2.4992492377366387e+00 0
9.8768834059513844e-01 1.5643446504023059e-01 2.4992492377366387e+00 0
8.0901699437494801e-01 5.8778525229247280e-01 2.7283524417257312e+00 0
8.9100652418836834e-01 4.5399049973954653e-01 2.7283524417257321e+00 0
9.5105651629515409e-01 3.0901699437494706e-01 2.7283524417257321e+00 0
9.8768834059513844e-01 1.5643446504023051e-01 2.7283524417257321e+00 0
8.0901699437494801e-01 5.8778525229247280e-01 2.9575414928626564e+00 0
8.9100652418836845e-01 4.5399049973954642e-01 2.9575414928626569e+00 0
9.5105651629515409e-01 3.0901699437494701e-01 2.9575414928626569e+00 0
9.8768834059513844e-01 1.5643446504023045e-01 2.9575414928626560e+00 0
8.0901699437494801e-01 5.8778525229247269e-01 3.1866698336901988e+00 0
8.9100652418836845e-01 4.5399049973954636e-01 3.1866698336901980e+00 0
9.5105651629515409e-01 3.0901699437494695e-01 3.1866698336901980e+00 0
9.8768834059513844e-01 1.5643446504023037e-01 3.1866698336901980e+00 0
8.0901699437494812e-01 5.8778525229247269e-01 3.4157709960596625e+00 0
8.9100652418836856e-01 4.5399049973954630e-01 3.4157709960596625e+00 0
9.5105651629515420e-01 3.0901699437494690e-01 3.4157709960596625e+00 0
9.8768834059513855e-01 1.5643446504023031e-01 3.4157709960596625e+00 0
8.0901699437494812e-01 5.8778525229247258e-01 3.6449349816149965e+00 0
8.9100652418836845e-01 4.5399049973954642e-01 3.6449349816149961e+00 0
9.5105651629515420e-01 3.0901699437494684e-01 3.6449349816149970e+00 0
9.8768834059513855e-01 1.5643446504023031e-01 3.6449349816149956e+00 0
8.0901699437494812e-01 5.8778525229247258e-01 3.8740322778141212e+00 0
8.9100652418836856e-01 4.5399049973954625e-01 3.8740322778141216e+00 0
9.5105651629515420e-01 3.0901699437494679e-01 3.8740322778141216e+00 0
9.8768834059513855e-01 1.5643446504023029e-01 3.8740322778141216e+00 0
8.0901699437494834e-01 5.8778525229247214e-01 4.0929857179315654e+00 0
8.9100652418836856e-01 4.5399049973954619e-01 4.0929857179315663e+00 0
9.5105651629515431e-01 3.0901699437494656e-01 4.0929857179315663e+00 0
9.8768834059513855e-01 1.5643446504023018e-01 4.0929857179315663e+00 0
8.0901699437494823e-01 5.8778525229247225e-01 4.2557434077070306e+00 0
8.9100652418836856e-01 4.5399049973954608e-01 4.2557434077070306e+00 0
9.5105651629515431e-01 3.0901699437494656e-01 4.2557434077070306e+00 0
9.8768834059513855e-01 1.5643446504023012e-01 4.2557434077070306e+00 0
8.0901699437494812e-01 5.8778525229247247e-01 4.3867514650906312e+00 0
8.9100652418836856e-01 4.5399049973954603e-01 4.3867514650906321e+00 0
9.5105651629515420e-01 3.0901699437494667e-01 4.3867514650906321e+00 0
9.8768834059513855e-01 1.5643446504023015e-01 4.3867514650906312e+00 0
8.0901699437494834e-01 5.8778525229247225e-01 4.4994897821772417e+00 0
8.9100652418836868e-01 4.5399049973954603e-01 4.4994897821772417e+00 0
9.5105651629515442e-01 3.0901699437494651e-01 4.4994897821772417e+00 0
9.8768834059513866e-01 1.5643446504023006e-01 4.4994897821772417e+00 0
8.0901699437494823e-01 5.8778525229247236e-01 4.5999339713985075e+00 0
8.9100652418836868e-01 4.5399049973954603e-01 4.5999339713985075e+00 0
9.5105651629515431e-01 3.0901699437494662e-01 4.5999339713985075e+00 0
9.8768834059513866e-01 1.5643446504023009e-01 4.5999339713985075e+00 0
8.0901699437494823e-01 5.8778525229247236e-01 4.6915506547061732e+00 0
8.9100652418836868e-01 4.5399049973954603e-01 4.6915506547061723e+00 0
9.5105651629515431e-01 3.0901699437494662e-01 4.6915506547061723e+00 0
9.8768834059513866e-01 1.5643446504023012e-01 4.6915506547061732e+00 0
8.0901699437494823e-01 5.8778525229247236e-01 4.7760428825918346e+00 0
8.9100652418836868e-01 4.5399049973954597e-01 4.7760428825918364e+00 0
9.5105651629515431e-01 3.0901699437494656e-01 4.7760428825918364e+00 0
9.8768834059513866e-01 1.5643446504023009e-01 4.7760428825918364e+00 0
8.0901699437494845e-01 5.8778525229247203e-01 4.8549965148031138e+00 0
8.9100652418836868e-01 4.5399049973954597e-01 4.8549965148031147e+00 0
9.5105651629515442e-01 3.0901699437494640e-01 4.8549965148031147e+00 0
9.8768834059513866e-01 1.5643446504022998e-01 4.8549965148031147e+00 0
8.0901699437494823e-01 5.8778525229247236e-01 4.9293391219597202e+00 0
8.9100652418836868e-01 4.5399049973954597e-01 4.9293391219597202e+00 0
9.5105651629515431e-01 3.0901699437494656e-01 4.9293391219597202e+00 0
9.8768834059513866e-01 1.5643446504022998e-01 4.9293391219597202e+00 0
9.6000000000000041e-01 1.7409390421525308e-16 7.0343017578124931e-02 0
9.2000000000000048e-01 1.6618918789181049e-16 7.0343017578124931e-02 0
8.8000000000000045e-01 1.5828447156836791e-16 7.0343017578124944e-02 0
8.4000000000000041e-01 1.5037975524492532e-16 7.0343017578124944e-02 0
9.6000000000000041e-01 1.5755859995946985e-16 1.4481140766292805e-01 0
9.2000000000000048e-01 1.4965388363602727e-16 1.4481140766292805e-01 0
8.8000000000000045e-01 1.4174916731258468e-16 1.4481140766292805e-01 0
8.4000000000000041e-01 1.3384445098914210e-16 1.4481140766292805e-01 0
9.6000000000000052e-01 1.4002287990654851e-16 2.2378526995893819e-01 0
9.2000000000000048e-01 1.3211816358310588e-16 2.2378526995893819e-01 0
8.8000000000000045e-01 1.2421344725966329e-16 2.2378526995893819e-01 0
8.4000000000000041e-01 1.1630873093622071e-16 2.2378526995893819e-01 0
9.6000000000000041e-01 1.2128360864515630e-16 3.0817944502893857e-01 0
9.2000000000000048e-01 1.1337889232171372e-16 3.0817944502893857e-01 0
8.8000000000000045e-01 1.0547417599827112e-16 3.0817944502893857e-01 0
8.4000000000000041e-01 9.7569459674828539e-17 3.0817944502893857e-01 0
9.6000000000000041e-01 1.0096787350345058e-16 3.9967338224288224e-01 0
9.2000000000000048e-01 9.3063157180008004e-17 3.9967338224288224e-01 0
8.8000000000000045e-01 8.5158440856565296e-17 3.9967338224288268e-01 0
8.4000000000000041e-01 7.7253724533122810e-17 3.9967338224288224e-01 0
9.6000000000000041e-01 7.8679160122967176e-17 5.0005282351779501e-01 0
9.2000000000000048e-01 7.0774443799524604e-17 5.0005282351779501e-01 0
8.8000000000000045e-01 6.2869727476081995e-17 5.0005282351779501e-01 0
8.4000000000000041e-01 5.4965011152639410e-17 5.0005282351779501e-01 0
9.6000000000000041e-01 5.3705533863960626e-17 6.1252403743194694e-01 0
9.2000000000000048e-01 4.5800817540518054e-17 6.1252403743194694e-01 0
8.8000000000000045e-01 3.7896101217075444e-17 6.1252403743194694e-01 0
8.4000000000000041e-01 2.9991384893632860e-17 6.1252403743194694e-01 0
9.6000000000000052e-01 2.4658646251296271e-17 7.4333958966061475e-01 0
9.2000000000000060e-01 1.6753929927853650e-17 7.4333958966061497e-01 0
8.8000000000000056e-01 8.8492136044110897e-18 7.4333958966061475e-01 0
8.4000000000000052e-01 9.4449728096851753e-19 7.4333958966061475e-01 0
9.6000000000000052e-01 -1.1425514129911124e-17 9.0584820090739770e-01 0
9.2000000000000060e-01 -1.9330230453353697e-17 9.0584820090739770e-01 0
8.8000000000000056e-01 -2.7234946776796306e-17 9.0584820090739770e-01 0
8.4000000000000052e-01 -3.5139663100238890e-17 9.0584820090739770e-01 0
9.6000000000000052e-01 -5.9975854638397757e-17 1.1244994963301289e+00 0
9.2000000000000060e-01 -6.7880570961840329e-17 1.1244994963301289e+00 0
8.8000000000000056e-01 -7.5785287285282938e-17 1.1244994963301289e+00 0
8.4000000000000052e-01 -8.3690003608725523e-17 1.1244994963301289e+00 0
9.6000000000000052e-01 -1.1087047285734240e-16 1.3537084799761316e+00 0
9.2000000000000060e-01 -1.1877518918078492e-16 1.3537084799761314e+00 0
8.8000000000000056e-01 -1.2667990550422760e-16 1.3537084799761316e+00 0
8.4000000000000052e-01 -1.3458462182767016e-16 1.3537084799761316e+00 0
9.6000000000000052e-01 -1.6172001518188721e-16 1.5827144598409122e+00 0
9.2000000000000060e-01 -1.6962473150532979e-16 1.5827144598409122e+00 0
8.8000000000000056e-01 -1.7752944782877242e-16 1.5827144598409122e+00 0
8.4000000000000052e-01 -1.8543416415221498e-16 1.5827144598409122e+00 0
9.6000000000000052e-01 -2.1261784291815632e-16 1.8119378978679415e+00 0
9.2000000000000060e-01 -2.2052255924159875e-16 1.8119378978679408e+00 0
8.8000000000000056e-01 -2.2842727556504139e-16 1.8119378978679410e+00 0
8.4000000000000052e-01 -2.3633199188848397e-16 1.8119378978679410e+00 0
9.6000000000000063e-01 -2.6347165591647978e-16 2.0409631111375597e+00 0
9.2000000000000071e-01 -2.7137637223992232e-16 2.0409631111375597e+00 0
8.8000000000000067e-01 -2.7928108856336495e-16 2.0409631111375597e+00 0
8.4000000000000064e-01 -2.8718580488680754e-16 2.0409631111375597e+00 0
9.6000000000000063e-01 -3.1436163678467705e-16 2.2701512100124646e+00 0
9.2000000000000071e-01 -3.2226635310811958e-16 2.2701512100124646e+00 0
8.8000000000000067e-01 -3.3017106943156222e-16 2.2701512100124646e+00 0
8.4000000000000064e-01 -3.3807578575500480e-16 2.2701512100124646e+00 0
9.6000000000000063e-01 -3.6523161783979506e-16 2.4992492377366387e+00 0
9.2000000000000071e-01 -3.7313633416323774e-16 2.4992492377366387e+00 0
8.8000000000000067e-01 -3.8104105048668032e-16 2.4992492377366387e+00 0
8.4000000000000064e-01 -3.8894576681012291e-16 2.4992492377366387e+00 0
9.6000000000000063e-01 -4.1610274825661197e-16 2.7283524417257312e+00 0
9.2000000000000071e-01 -4.2400746458005505e-16 2.7283524417257330e+00 0
8.8000000000000067e-01 -4.3191218090349744e-16 2.7283524417257321e+00 0
8.4000000000000064e-01 -4.3981689722694002e-16 2.7283524417257321e+00 0
9.6000000000000063e-01 -4.6699294056945343e-16 2.9575414928626569e+00 0
9.2000000000000071e-01 -4.7489765689289611e-16 2.9575414928626573e+00 0
8.8000000000000067e-01 -4.8280237321633870e-16 2.9575414928626569e+00 0
8.4000000000000064e-01 -4.9070708953978108e-16 2.9575414928626560e+00 0
9.6000000000000063e-01 -5.1786965248563261e-16 3.1866698336901980e+00 0
9.2000000000000071e-01 -5.2577436880907510e-16 3.1866698336901975e+00 0
8.8000000000000067e-01 -5.3367908513251788e-16 3.1866698336901980e+00 0
8.4000000000000064e-01 -5.4158380145596046e-16 3.1866698336901980e+00 0
9.6000000000000085e-01 -5.6874032957182581e-16 3.4157709960596625e+00 0
9.2000000000000082e-01 -5.7664504589526850e-16 3.4157709960596625e+00 0
8.8000000000000089e-01 -5.8454976221871108e-16 3.4157709960596625e+00 0
8.4000000000000075e-01 -5.9245447854215367e-16 3.4157709960596625e+00 0
9.6000000000000074e-01 -6.1962495620750554e-16 3.6449349816149965e+00 0
9.2000000000000082e-01 -6.2752967253094822e-16 3.6449349816149965e+00 0
8.8000000000000078e-01 -6.3543438885439090e-16 3.6449349816149970e+00 0
8.4000000000000075e-01 -6.4333910517783319e-16 3.6449349816149956e+00 0
9.6000000000000074e-01 -6.7049477483143315e-16 3.8740322778141216e+00 0
9.2000000000000082e-01 -6.7839949115487603e-16 3.8740322778141225e+00 0
8.8000000000000078e-01 -6.8630420747831842e-16 3.8740322778141216e+00 0
8.4000000000000075e-01 -6.9420892380176100e-16 3.8740322778141216e+00 0
9.6000000000000074e-01 -7.1911220493928765e-16 4.0929857179315663e+00 0
9.2000000000000082e-01 -7.2701692126273033e-16 4.0929857179315663e+00 0
8.8000000000000078e-01 -7.3492163758617292e-16 4.0929857179315663e+00 0
8.4000000000000075e-01 -7.4282635390961550e-16 4.0929857179315663e+00 0
9.6000000000000074e-01 -7.5525167186399144e-16 4.2557434077070306e+00 0
9.2000000000000082e-01 -7.6315638818743392e-16 4.2557434077070297e+00 0
8.8000000000000078e-01 -7.7106110451087670e-16 4.2557434077070306e+00 0
8.4000000000000075e-01 -7.7896582083431929e-16 4.2557434077070306e+00 0
9.6000000000000074e-01 -7.8434130420772905e-16 4.3867514650906312e+00 0
9.2000000000000082e-01 -7.9224602053117153e-16 4.3867514650906312e+00 0
8.8000000000000078e-01 -8.0015073685461432e-16 4.3867514650906321e+00 0
8.4000000000000075e-01 -8.0805545317805670e-16 4.3867514650906312e+00 0
9.6000000000000096e-01 -8.0937423928513829e-16 4.4994897821772417e+00 0
9.2000000000000093e-01 -8.1727895560858088e-16 4.4994897821772417e+00 0
8.8000000000000089e-01 -8.2518367193202346e-16 4.4994897821772417e+00 0
8.4000000000000086e-01 -8.3308838825546605e-16 4.4994897821772417e+00 0
9.6000000000000085e-01 -8.3167732959778943e-16 4.5999339713985075e+00 0
9.2000000000000093e-01 -8.3958204592123192e-16 4.5999339713985075e+00 0
8.8000000000000089e-01 -8.4748676224467450e-16 4.5999339713985075e+00 0
8.4000000000000086e-01 -8.5539147856811709e-16 4.5999339713985075e+00 0
9.6000000000000096e-01 -8.5202031984738167e-16 4.6915506547061732e+00 0
9.2000000000000093e-01 -8.5992503617082406e-16 4.6915506547061723e+00 0
8.8000000000000089e-01 -8.6782975249426665e-16 4.6915506547061723e+00 0
8.4000000000000086e-01 -8.7573446881770943e-16 4.6915506547061732e+00 0
9.6000000000000096e-01 -8.7078136320748909e-16 4.7760428825918346e+00 0
9.2000000000000093e-01 -8.7868607953093207e-16 4.7760428825918364e+00 0
8.8000000000000100e-01 -8.8659079585437465e-16 4.7760428825918364e+00 0
8.4000000000000086e-01 -8.9449551217781723e-16 4.7760428825918364e+00 0
9.6000000000000085e-01 -8.8831259127923909e-16 4.8549965148031147e+00 0
9.2000000000000093e-01 -8.9621730760268138e-16 4.8549965148031138e+00 0
8.8000000000000089e-01 -9.0412202392612426e-16 4.8549965148031147e+00 0
8.4000000000000086e-01 -9.1202674024956674e-16 4.8549965148031147e+00 0
9.6000000000000096e-01 -9.0481996611442438e-16 4.9293391219597202e+00 0
9.2000000000000093e-01 -9.1272468243786686e-16 4.9293391219597202e+00 0
8.8000000000000100e-01 -9.2062939876130955e-16 4.9293391219597202e+00 0
8.4000000000000086e-01 -9.2853411508475203e-16 4.9293391219597202e+00 0
5.3191476589963027e-01 5.3191476589964704e-01 7.0343017578124847e-02 0
5.3191476589962916e-01 5.3191476589964792e-01 1.4481140766292797e-01 0
5.3191476589962849e-01 5.3191476589964881e-01 2.2378526995893810e-01 0
5.3191476589962916e-01 5.3191476589964859e-01 3.0817944502893890e-01 0
5.3191476589962938e-01 5.3191476589964704e-01 3.9967338224288257e-01 0
5.3191476589962916e-01 5.3191476589964737e-01 5.0005282351779501e-01 0
5.3191476589962827e-01 5.3191476589964826e-01 6.1252403743194739e-01 0
5.3191476589962816e-01 5.3191476589964870e-01 7.4333958966061431e-01 0
5.3191476589962750e-01 5.3191476589964937e-01 9.0584820090739682e-01 0
5.3191476589962972e-01 5.3191476589964748e-01 1.1244994963301282e+00 0
5.3191476589962861e-01 5.3191476589964859e-01 1.3537084799761328e+00 0
5.3191476589962905e-01 5.3191476589964715e-01 1.5827144598409124e+00 0
5.3191476589962883e-01 5.3191476589964759e-01 1.8119378978679415e+00 0
5.3191476589962916e-01 5.3191476589964837e-01 2.0409631111375597e+00 0
5.3191476589962916e-01 5.3191476589964792e-01 2.2701512100124650e+00 0
5.3191476589962916e-01 5.3191476589964781e-01 2.4992492377366387e+00 0
5.3191476589962960e-01 5.3191476589964692e-01 2.7283524417257312e+00 0
5.3191476589962916e-01 5.3191476589964770e-01 2.9575414928626551e+00 0
5.3191476589962894e-01 5.3191476589964748e-01 3.1866698336901988e+00 0
5.3191476589962883e-01 5.3191476589964792e-01 3.4157709960596607e+00 0
5.3191476589962927e-01 5.3191476589964670e-01 3.6449349816149974e+00 0
5.3191476589962927e-01 5.3191476589964670e-01 3.8740322778141225e+00 0
5.3191476589962972e-01 5.3191476589964637e-01 4.0929857179315663e+00 0
5.3191476589962861e-01 5.3191476589964792e-01 4.2557434077070306e+00 0
5.3191476589962905e-01 5.3191476589964748e-01 4.3867514650906303e+00 0
5.3191476589962894e-01 5.3191476589964759e-01 4.4994897821772417e+00 0
5.3191476589962849e-01 5.3191476589964826e-01 4.5999339713985075e+00 0
5.3191476589962872e-01 5.3191476589964715e-01 4.6915506547061741e+00 0
5.3191476589962849e-01 5.3191476589964803e-01 4.7760428825918355e+00 0
5.3191476589962938e-01 5.3191476589964648e-01 4.8549965148031164e+00 0
5.3191476589962894e-01 5.3191476589964781e-01 4.9293391219597202e+00 0
5.8085209260530557e-01 4.0735307315765301e-01 7.0343017578124861e-02 0
5.8085209260530468e-01 4.0735307315765340e-01 1.4481140766292799e-01 0
5.8085209260530468e-01 4.0735307315765296e-01 2.2378526995893813e-01 0
5.8085209260530535e-01 4.0735307315765251e-01 3.0817944502893846e-01 0
5.8085209260530490e-01 4.0735307315765312e-01 3.9967338224288257e-01 0
5.8085209260530357e-01 4.0735307315765401e-01 5.0005282351779501e-01 0
5.8085209260530379e-01 4.0735307315765396e-01 6.1252403743194761e-01 0
5.8085209260530457e-01 4.0735307315765307e-01 7.4333958966061475e-01 0
5.8085209260530279e-01 4.0735307315765434e-01 9.0584820090739770e-01 0
5.8085209260530479e-01 4.0735307315765362e-01 1.1244994963301285e+00 0
5.8085209260530479e-01 4.0735307315765334e-01 1.3537084799761330e+00 0
5.8085209260530479e-01 4.0735307315765312e-01 1.5827144598409135e+00 0
5.8085209260530457e-01 4.0735307315765307e-01 1.8119378978679417e+00 0
5.8085209260530490e-01 4.0735307315765323e-01 2.0409631111375597e+00 0
5.8085209260530490e-01 4.0735307315765318e-01 2.2701512100124659e+00 0
5.8085209260530490e-01 4.0735307315765312e-01 2.4992492377366387e+00 0
5.8085209260530468e-01 4.0735307315765307e-01 2.7283524417257330e+00 0
5.8085209260530468e-01 4.0735307315765301e-01 2.9575414928626569e+00 0
5.8085209260530468e-01 4.0735307315765296e-01 3.1866698336901971e+00 0
5.8085209260530413e-01 4.0735307315765334e-01 3.4157709960596625e+00 0
5.8085209260530546e-01 4.0735307315765285e-01 3.6449349816149956e+00 0
5.8085209260530501e-01 4.0735307315765301e-01 3.8740322778141207e+00 0
5.8085209260530501e-01 4.0735307315765301e-01 4.0929857179315663e+00 0
5.8085209260530501e-01 4.0735307315765296e-01 4.2557434077070306e+00 0
5.8085209260530501e-01 4.0735307315765268e-01 4.3867514650906339e+00 0
5.8085209260530513e-01 4.0735307315765290e-01 4.4994897821772417e+00 0
5.8085209260530424e-01 4.0735307315765312e-01 4.5999339713985075e+00 0
5.8085209260530446e-01 4.0735307315765307e-01 4.6915506547061741e+00 0
5.8085209260530424e-01 4.0735307315765307e-01 4.7760428825918355e+00 0
5.8085209260530513e-01 4.0735307315765257e-01 4.8549965148031164e+00 0
5.8085209260530424e-01 4.0735307315765301e-01 4.9293391219597202e+00 0
6.1574811517873407e-01 2.7563697861618636e-01 7.0343017578124903e-02 0
6.1574811517873318e-01 2.7563697861618686e-01 1.4481140766292802e-01 0
6.1574811517873229e-01 2.7563697861618885e-01 2.2378526995893816e-01 0
6.1574811517873318e-01 2.7563697861618819e-01 3.0817944502893851e-01 0
6.1574811517873296e-01 2.7563697861618669e-01 3.9967338224288218e-01 0
6.1574811517873251e-01 2.7563697861618813e-01 5.0005282351779501e-01 0
6.1574811517873274e-01 2.7563697861618691e-01 6.1252403743194694e-01 0
6.1574811517873240e-01 2.7563697861618874e-01 7.4333958966061431e-01 0
6.1574811517873174e-01 2.7563697861618902e-01 9.0584820090739770e-01 0
6.1574811517873285e-01 2.7563697861618763e-01 1.1244994963301285e+00 0
6.1574811517873285e-01 2.7563697861618774e-01 1.3537084799761321e+00 0
6.1574811517873240e-01 2.7563697861618824e-01 1.5827144598409126e+00 0
6.1574811517873285e-01 2.7563697861618774e-01 1.8119378978679426e+00 0
6.1574811517873340e-01 2.7563697861618680e-01 2.0409631111375597e+00 0
6.1574811517873340e-01 2.7563697861618641e-01 2.2701512100124650e+00 0
6.1574811517873318e-01 2.7563697861618691e-01 2.4992492377366387e+00 0
6.1574811517873318e-01 2.7563697861618686e-01 2.7283524417257330e+00 0
6.1574811517873318e-01 2.7563697861618680e-01 2.9575414928626551e+00 0
6.1574811517873362e-01 2.7563697861618608e-01 3.1866698336901988e+00 0
6.1574811517873262e-01 2.7563697861618669e-01 3.4157709960596625e+00 0
6.1574811517873351e-01 2.7563697861618597e-01 3.6449349816149956e+00 0
6.1574811517873351e-01 2.7563697861618602e-01 3.8740322778141207e+00 0
6.1574811517873329e-01 2.7563697861618658e-01 4.0929857179315663e+00 0
6.1574811517873329e-01 2.7563697861618686e-01 4.2557434077070306e+00 0
6.1574811517873329e-01 2.7563697861618580e-01 4.3867514650906339e+00 0
6.1574811517873340e-01 2.7563697861618580e-01 4.4994897821772417e+00 0
6.1574811517873296e-01 2.7563697861618713e-01 4.5999339713985075e+00 0
6.1574811517873296e-01 2.7563697861618597e-01 4.6915506547061705e+00 0
6.1574811517873251e-01 2.7563697861618786e-01 4.7760428825918355e+00 0
6.1574811517873340e-01 2.7563697861618641e-01 4.8549965148031129e+00 0
6.1574811517873296e-01 2.7563697861618702e-01 4.9293391219597202e+00 0
6.3565651035580684e-01 1.3905110873384510e-01 7.0343017578124931e-02 0
6.3565651035580639e-01 1.3905110873384699e-01 1.4481140766292805e-01 0
6.3565651035580617e-01 1.3905110873384763e-01 2.2378526995893819e-01 0
6.3565651035580639e-01 1.3905110873384574e-01 3.0817944502893896e-01 0
6.3565651035580617e-01 1.3905110873384682e-01 3.9967338224288218e-01 0
6.3565651035580639e-01 1.3905110873384752e-01 5.0005282351779512e-01 0
6.3565651035580595e-01 1.3905110873384749e-01 6.1252403743194750e-01 0
6.3565651035580628e-01 1.3905110873384746e-01 7.4333958966061486e-01 0
6.3565651035580584e-01 1.3905110873384882e-01 9.0584820090739782e-01 0
6.3565651035580650e-01 1.3905110873384682e-01 1.1244994963301285e+00 0
6.3565651035580606e-01 1.3905110873384666e-01 1.3537084799761321e+00 0
6.3565651035580650e-01 1.3905110873384671e-01 1.5827144598409126e+00 0
6.3565651035580650e-01 1.3905110873384643e-01 1.8119378978679417e+00 0
6.3565651035580617e-01 1.3905110873384585e-01 2.0409631111375597e+00 0
6.3565651035580661e-01 1.3905110873384652e-01 2.2701512100124668e+00 0
6.3565651035580661e-01 1.3905110873384635e-01 2.4992492377366404e+00 0
6.3565651035580661e-01 1.3905110873384630e-01 2.7283524417257330e+00 0
6.3565651035580661e-01 1.3905110873384630e-01 2.9575414928626587e+00 0
6.3565651035580661e-01 1.3905110873384624e-01 3.1866698336901988e+00 0
6.3565651035580628e-01 1.3905110873384688e-01 3.4157709960596625e+00 0
6.3565651035580628e-01 1.3905110873384616e-01 3.6449349816149956e+00 0
6.3565651035580673e-01 1.3905110873384616e-01 3.8740322778141207e+00 0
6.3565651035580673e-01 1.3905110873384599e-01 4.0929857179315663e+00 0
6.3565651035580673e-01 1.3905110873384596e-01 4.2557434077070306e+00 0
6.3565651035580673e-01 1.3905110873384605e-01 4.3867514650906303e+00 0
6.3565651035580639e-01 1.3905110873384596e-01 4.4994897821772417e+00 0
6.3565651035580639e-01 1.3905110873384660e-01 4.5999339713985075e+00 0
6.3565651035580639e-01 1.3905110873384657e-01 4.6915506547061741e+00 0
6.3565651035580661e-01 1.3905110873384657e-01 4.7760428825918355e+00 0
6.3565651035580684e-01 1.3905110873384582e-01 4.8549965148031129e+00 0
6.3565651035580661e-01 1.3905110873384655e-01 4.9293391219597238e+00 0
4.0735307315764663e-01 5.8085209260531767e-01 7.0343017578124847e-02 0
4.0735307315764641e-01 5.8085209260531812e-01 1.4481140766292797e-01 0
4.0735307315764485e-01 5.8085209260531900e-01 2.2378526995893810e-01 0
4.0735307315764441e-01 5.8085209260532034e-01 3.0817944502893890e-01 0
4.0735307315764713e-01 5.8085209260531767e-01 3.9967338224288212e-01 0
4.0735307315764624e-01 5.8085209260531823e-01 5.0005282351779501e-01 0
4.0735307315764691e-01 5.8085209260531778e-01 6.1252403743194739e-01 0
4.0735307315764491e-01 5.8085209260531889e-01 7.4333958966061475e-01 0
4.0735307315764535e-01 5.8085209260531889e-01 9.0584820090739726e-01 0
4.0735307315764585e-01 5.8085209260531767e-01 1.1244994963301287e+00 0
4.0735307315764541e-01 5.8085209260531900e-01 1.3537084799761328e+00 0
4.0735307315764496e-01 5.8085209260531867e-01 1.5827144598409124e+00 0
4.0735307315764546e-01 5.8085209260531845e-01 1.8119378978679415e+00 0
4.0735307315764591e-01 5.8085209260531856e-01 2.0409631111375597e+00 0
4.0735307315764663e-01 5.8085209260531767e-01 2.2701512100124686e+00 0
4.0735307315764618e-01 5.8085209260531845e-01 2.4992492377366387e+00 0
4.0735307315764685e-01 5.8085209260531734e-01 2.7283524417257312e+00 0
4.0735307315764624e-01 5.8085209260531834e-01 2.9575414928626569e+00 0
4.0735307315764646e-01 5.8085209260531745e-01 3.1866698336901988e+00 0
4.0735307315764646e-01 5.8085209260531756e-01 3.4157709960596643e+00 0
4.0735307315764674e-01 5.8085209260531734e-01 3.6449349816149974e+00 0
4.0735307315764696e-01 5.8085209260531712e-01 3.8740322778141207e+00 0
4.0735307315764696e-01 5.8085209260531701e-01 4.0929857179315663e+00 0
4.0735307315764546e-01 5.8085209260531878e-01 4.2557434077070306e+00 0
4.0735307315764679e-01 5.8085209260531745e-01 4.3867514650906303e+00 0
4.0735307315764679e-01 5.8085209260531778e-01 4.4994897821772435e+00 0
4.0735307315764546e-01 5.8085209260531800e-01 4.5999339713985075e+00 0
4.0735307315764702e-01 5.8085209260531734e-01 4.6915506547061741e+00 0
4.0735307315764546e-01 5.8085209260531823e-01 4.7760428825918355e+00 0
4.0735307315764663e-01 5.8085209260531734e-01 4.8549965148031129e+00 0
4.0735307315764596e-01 5.8085209260531812e-01 4.9293391219597202e+00 0
4.4195181850367216e-01 4.4195181850367621e-01 7.0343017578124875e-02 0
4.4195181850367193e-01 4.4195181850367687e-01 1.4481140766292799e-01 0
4.4195181850367149e-01 4.4195181850367665e-01 2.2378526995893813e-01 0
4.4195181850367149e-01 4.4195181850367660e-01 3.0817944502893890e-01 0
4.4195181850367221e-01 4.4195181850367660e-01 3.9967338224288212e-01 0
4.4195181850367110e-01 4.4195181850367748e-01 5.0005282351779501e-01 0
4.4195181850367243e-01 4.4195181850367699e-01 6.1252403743194694e-01 0
4.4195181850367155e-01 4.4195181850367676e-01 7.4333958966061475e-01 0
4.4195181850367066e-01 4.4195181850367760e-01 9.0584820090739770e-01 0
4.4195181850367138e-01 4.4195181850367687e-01 1.1244994963301298e+00 0
4.4195181850367138e-01 4.4195181850367682e-01 1.3537084799761321e+00 0
4.4195181850367071e-01 4.4195181850367743e-01 1.5827144598409135e+00 0
4.4195181850367143e-01 4.4195181850367715e-01 1.8119378978679417e+00 0
4.4195181850367188e-01 4.4195181850367649e-01 2.0409631111375597e+00 0
4.4195181850367216e-01 4.4195181850367599e-01 2.2701512100124668e+00 0
4.4195181850367193e-01 4.4195181850367660e-01 2.4992492377366404e+00 0
4.4195181850367193e-01 4.4195181850367654e-01 2.7283524417257312e+00 0
4.4195181850367199e-01 4.4195181850367649e-01 2.9575414928626569e+00 0
4.4195181850367243e-01 4.4195181850367643e-01 3.1866698336901988e+00 0
4.4195181850367177e-01 4.4195181850367637e-01 3.4157709960596625e+00 0
4.4195181850367249e-01 4.4195181850367632e-01 3.6449349816149956e+00 0
4.4195181850367249e-01 4.4195181850367626e-01 3.8740322778141225e+00 0
4.4195181850367182e-01 4.4195181850367621e-01 4.0929857179315663e+00 0
4.4195181850367166e-01 4.4195181850367665e-01 4.2557434077070306e+00 0
4.4195181850367254e-01 4.4195181850367571e-01 4.3867514650906321e+00 0
4.4195181850367232e-01 4.4195181850367593e-01 4.4994897821772417e+00 0
4.4195181850367143e-01 4.4195181850367654e-01 4.5999339713985075e+00 0
4.4195181850367254e-01 4.4195181850367588e-01 4.6915506547061741e+00 0
4.4195181850367121e-01 4.4195181850367632e-01 4.7760428825918355e+00 0
4.4195181850367193e-01 4.4195181850367582e-01 4.8549965148031111e+00 0
4.4195181850367171e-01 4.4195181850367649e-01 4.9293391219597202e+00 0
4.6601958575051233e-01 2.9768574305243112e-01 7.0343017578124903e-02 0
4.6601958575051211e-01 2.9768574305243112e-01 1.4481140766292805e-01 0
4.6601958575051122e-01 2.9768574305243289e-01 2.2378526995893819e-01 0
4.6601958575051122e-01 2.9768574305243306e-01 3.0817944502893896e-01 0
4.6601958575051239e-01 2.9768574305243095e-01 3.9967338224288262e-01 0
4.6601958575051128e-01 2.9768574305243217e-01 5.0005282351779501e-01 0
4.6601958575051239e-01 2.9768574305243078e-01 6.1252403743194694e-01 0
4.6601958575051128e-01 2.9768574305243256e-01 7.4333958966061475e-01 0
4.6601958575051106e-01 2.9768574305243262e-01 9.0584820090739770e-01 0
4.6601958575051178e-01 2.9768574305243189e-01 1.1244994963301289e+00 0
4.6601958575051156e-01 2.9768574305243184e-01 1.3537084799761330e+00 0
4.6601958575051111e-01 2.9768574305243256e-01 1.5827144598409135e+00 0
4.6601958575051161e-01 2.9768574305243184e-01 1.8119378978679417e+00 0
4.6601958575051206e-01 2.9768574305243117e-01 2.0409631111375597e+00 0
4.6601958575051233e-01 2.9768574305243067e-01 2.2701512100124650e+00 0
4.6601958575051211e-01 2.9768574305243117e-01 2.4992492377366387e+00 0
4.6601958575051211e-01 2.9768574305243101e-01 2.7283524417257330e+00 0
4.6601958575051239e-01 2.9768574305243095e-01 2.9575414928626569e+00 0
4.6601958575051261e-01 2.9768574305243023e-01 3.1866698336901971e+00 0
4.6601958575051217e-01 2.9768574305243084e-01 3.4157709960596625e+00 0
4.6601958575051244e-01 2.9768574305243034e-01 3.6449349816149974e+00 0
4.6601958575051267e-01 2.9768574305243006e-01 3.8740322778141225e+00 0
4.6601958575051222e-01 2.9768574305243067e-01 4.0929857179315663e+00 0
4.6601958575051206e-01 2.9768574305243134e-01 4.2557434077070306e+00 0
4.6601958575051250e-01 2.9768574305242995e-01 4.3867514650906339e+00 0
4.6601958575051272e-01 2.9768574305243017e-01 4.4994897821772417e+00 0
4.6601958575051206e-01 2.9768574305243123e-01 4.5999339713985075e+00 0
4.6601958575051272e-01 2.9768574305242990e-01 4.6915506547061741e+00 0
4.6601958575051139e-01 2.9768574305243189e-01 4.7760428825918355e+00 0
4.6601958575051255e-01 2.9768574305243051e-01 4.8549965148031093e+00 0
4.6601958575051211e-01 2.9768574305243117e-01 4.9293391219597202e+00 0
4.7884663245008618e-01 1.4976733609552956e-01 7.0343017578124944e-02 0
4.7884663245008596e-01 1.4976733609553053e-01 1.4481140766292808e-01 0
4.7884663245008552e-01 1.4976733609553142e-01 2.2378526995893822e-01 0
4.7884663245008574e-01 1.4976733609553000e-01 3.0817944502893851e-01 0
4.7884663245008602e-01 1.4976733609553070e-01 3.9967338224288218e-01 0
4.7884663245008557e-01 1.4976733609553122e-01 5.0005282351779512e-01 0
4.7884663245008557e-01 1.4976733609553106e-01 6.1252403743194705e-01 0
4.7884663245008580e-01 1.4976733609553136e-01 7.4333958966061486e-01 0
4.7884663245008535e-01 1.4976733609553208e-01 9.0584820090739737e-01 0
4.7884663245008563e-01 1.4976733609553064e-01 1.1244994963301289e+00 0
4.7884663245008563e-01 1.4976733609553067e-01 1.3537084799761330e+00 0
4.7884663245008563e-01 1.4976733609553061e-01 1.5827144598409135e+00 0
4.7884663245008591e-01 1.4976733609553056e-01 1.8119378978679399e+00 0
4.7884663245008613e-01 1.4976733609552995e-01 2.0409631111375597e+00 0
4.7884663245008596e-01 1.4976733609553022e-01 2.2701512100124650e+00 0
4.7884663245008618e-01 1.4976733609553028e-01 2.4992492377366404e+00 0
4.7884663245008596e-01 1.4976733609553025e-01 2.7283524417257330e+00 0
4.7884663245008624e-01 1.4976733609553020e-01 2.9575414928626569e+00 0
4.7884663245008602e-01 1.4976733609553003e-01 3.1866698336901971e+00 0
4.7884663245008624e-01 1.4976733609553053e-01 3.4157709960596625e+00 0
4.7884663245008630e-01 1.4976733609552997e-01 3.6449349816149974e+00 0
4.7884663245008630e-01 1.4976733609552995e-01 3.8740322778141225e+00 0
4.7884663245008630e-01 1.4976733609552995e-01 4.0929857179315663e+00 0
4.7884663245008591e-01 1.4976733609553000e-01 4.2557434077070306e+00 0
4.7884663245008635e-01 1.4976733609552975e-01 4.3867514650906303e+00 0
4.7884663245008635e-01 1.4976733609552972e-01 4.4994897821772417e+00 0
4.7884663245008613e-01 1.4976733609553028e-01 4.5999339713985075e+00 0
4.7884663245008613e-01 1.4976733609553014e-01 4.6915506547061741e+00 0
4.7884663245008613e-01 1.4976733609553028e-01 4.7760428825918391e+00 0
4.7884663245008641e-01 1.4976733609552978e-01 4.8549965148031164e+00 0
4.7884663245008596e-01 1.4976733609553020e-01 4.9293391219597202e+00 0
2.7563697861619130e-01 6.1574811517874173e-01 7.0343017578124847e-02 0
2.7563697861619063e-01 6.1574811517874173e-01 1.4481140766292797e-01 0
2.7563697861619152e-01 6.1574811517874128e-01 2.2378526995893810e-01 0
2.7563697861619108e-01 6.1574811517874262e-01 3.0817944502893851e-01 0
2.7563697861619157e-01 6.1574811517874140e-01 3.9967338224288218e-01 0
2.7563697861619091e-01 6.1574811517874162e-01 5.0005282351779501e-01 0
2.7563697861619058e-01 6.1574811517874162e-01 6.1252403743194694e-01 0
2.7563697861619157e-01 6.1574811517874140e-01 7.4333958966061475e-01 0
2.7563697861619069e-01 6.1574811517874195e-01 9.0584820090739770e-01 0
2.7563697861619085e-01 6.1574811517874106e-01 1.1244994963301291e+00 0
2.7563697861619030e-01 6.1574811517874173e-01 1.3537084799761328e+00 0
2.7563697861619063e-01 6.1574811517874140e-01 1.5827144598409133e+00 0
2.7563697861619069e-01 6.1574811517874162e-01 1.8119378978679406e+00 0
2.7563697861619035e-01 6.1574811517874173e-01 2.0409631111375597e+00 0
2.7563697861619074e-01 6.1574811517874151e-01 2.2701512100124650e+00 0
2.7563697861619063e-01 6.1574811517874162e-01 2.4992492377366387e+00 0
2.7563697861619085e-01 6.1574811517874117e-01 2.7283524417257312e+00 0
2.7563697861619069e-01 6.1574811517874151e-01 2.9575414928626587e+00 0
2.7563697861619058e-01 6.1574811517874128e-01 3.1866698336901988e+00 0
2.7563697861619091e-01 6.1574811517874140e-01 3.4157709960596625e+00 0
2.7563697861619074e-01 6.1574811517874140e-01 3.6449349816149939e+00 0
2.7563697861619096e-01 6.1574811517874106e-01 3.8740322778141207e+00 0
2.7563697861619108e-01 6.1574811517874084e-01 4.0929857179315627e+00 0
2.7563697861619069e-01 6.1574811517874173e-01 4.2557434077070306e+00 0
2.7563697861619102e-01 6.1574811517874073e-01 4.3867514650906303e+00 0
2.7563697861619058e-01 6.1574811517874162e-01 4.4994897821772417e+00 0
2.7563697861619058e-01 6.1574811517874117e-01 4.5999339713985075e+00 0
2.7563697861619102e-01 6.1574811517874073e-01 4.6915506547061741e+00 0
2.7563697861619080e-01 6.1574811517874117e-01 4.7760428825918391e+00 0
2.7563697861619085e-01 6.1574811517874073e-01 4.8549965148031164e+00 0
2.7563697861619063e-01 6.1574811517874062e-01 4.9293391219597185e+00 0
2.9768574305243467e-01 4.6601958575051478e-01 7.0343017578124889e-02 0
2.9768574305243412e-01 4.6601958575051478e-01 1.4481140766292799e-01 0
2.9768574305243545e-01 4.6601958575051433e-01 2.2378526995893813e-01 0
2.9768574305243545e-01 4.6601958575051428e-01 3.0817944502893851e-01 0
2.9768574305243484e-01 4.6601958575051494e-01 3.9967338224288218e-01 0
2.9768574305243428e-01 4.6601958575051489e-01 5.0005282351779501e-01 0
2.9768574305243428e-01 4.6601958575051489e-01 6.1252403743194694e-01 0
2.9768574305243517e-01 4.6601958575051416e-01 7.4333958966061475e-01 0
2.9768574305243428e-01 4.6601958575051483e-01 9.0584820090739770e-01 0
2.9768574305243434e-01 4.6601958575051478e-01 1.1244994963301285e+00 0
2.9768574305243423e-01 4.6601958575051494e-01 1.3537084799761330e+00 0
2.9768574305243423e-01 4.6601958575051466e-01 1.5827144598409135e+00 0
2.9768574305243439e-01 4.6601958575051461e-01 1.8119378978679408e+00 0
2.9768574305243439e-01 4.6601958575051455e-01 2.0409631111375597e+00 0
2.9768574305243456e-01 4.6601958575051450e-01 2.2701512100124650e+00 0
2.9768574305243456e-01 4.6601958575051422e-01 2.4992492377366387e+00 0
2.9768574305243434e-01 4.6601958575051444e-01 2.7283524417257312e+00 0
2.9768574305243461e-01 4.6601958575051416e-01 2.9575414928626569e+00 0
2.9768574305243461e-01 4.6601958575051433e-01 3.1866698336901971e+00 0
2.9768574305243439e-01 4.6601958575051428e-01 3.4157709960596625e+00 0
2.9768574305243445e-01 4.6601958575051466e-01 3.6449349816149974e+00 0
2.9768574305243445e-01 4.6601958575051416e-01 3.8740322778141225e+00 0
2.9768574305243467e-01 4.6601958575051367e-01 4.0929857179315663e+00 0
2.9768574305243473e-01 4.6601958575051361e-01 4.2557434077070306e+00 0
2.9768574305243473e-01 4.6601958575051383e-01 4.3867514650906321e+00 0
2.9768574305243473e-01 4.6601958575051400e-01 4.4994897821772435e+00 0
2.9768574305243473e-01 4.6601958575051422e-01 4.5999339713985075e+00 0
2.9768574305243473e-01 4.6601958575051400e-01 4.6915506547061741e+00 0
2.9768574305243473e-01 4.6601958575051372e-01 4.7760428825918355e+00 0
2.9768574305243478e-01 4.6601958575051394e-01 4.8549965148031129e+00 0
2.9768574305243478e-01 4.6601958575051394e-01 4.9293391219597202e+00 0
3.1271385542255503e-01 3.1271385542255226e-01 7.0343017578124917e-02 0
3.1271385542255437e-01 3.1271385542255214e-01 1.4481140766292802e-01 0
3.1271385542255470e-01 3.1271385542255292e-01 2.2378526995893816e-01 0
3.1271385542255470e-01 3.1271385542255298e-01 3.0817944502893857e-01 0
3.1271385542255509e-01 3.1271385542255220e-01 3.9967338224288224e-01 0
3.1271385542255453e-01 3.1271385542255259e-01 5.0005282351779501e-01 0
3.1271385542255464e-01 3.1271385542255226e-01 6.1252403743194739e-01 0
3.1271385542255487e-01 3.1271385542255270e-01 7.4333958966061475e-01 0
3.1271385542255409e-01 3.1271385542255298e-01 9.0584820090739726e-01 0
3.1271385542255470e-01 3.1271385542255259e-01 1.1244994963301294e+00 0
3.1271385542255470e-01 3.1271385542255242e-01 1.3537084799761330e+00 0
3.1271385542255448e-01 3.1271385542255281e-01 1.5827144598409126e+00 0
3.1271385542255475e-01 3.1271385542255242e-01 1.8119378978679417e+00 0
3.1271385542255464e-01 3.1271385542255214e-01 2.0409631111375597e+00 0
3.1271385542255492e-01 3.1271385542255176e-01 2.2701512100124650e+00 0
3.1271385542255481e-01 3.1271385542255203e-01 2.4992492377366387e+00 0
3.1271385542255459e-01 3.1271385542255203e-01 2.7283524417257330e+00 0
3.1271385542255464e-01 3.1271385542255198e-01 2.9575414928626533e+00 0
3.1271385542255498e-01 3.1271385542255137e-01 3.1866698336901988e+00 0
3.1271385542255498e-01 3.1271385542255187e-01 3.4157709960596625e+00 0
3.1271385542255492e-01 3.1271385542255115e-01 3.6449349816149939e+00 0
3.1271385542255492e-01 3.1271385542255142e-01 3.8740322778141225e+00 0
3.1271385542255470e-01 3.1271385542255170e-01 4.0929857179315663e+00 0
3.1271385542255475e-01 3.1271385542255176e-01 4.2557434077070306e+00 0
3.1271385542255498e-01 3.1271385542255109e-01 4.3867514650906303e+00 0
3.1271385542255498e-01 3.1271385542255126e-01 4.4994897821772417e+00 0
3.1271385542255475e-01 3.1271385542255148e-01 4.5999339713985075e+00 0
3.1271385542255498e-01 3.1271385542255137e-01 4.6915506547061741e+00 0
3.1271385542255487e-01 3.1271385542255209e-01 4.7760428825918355e+00 0
3.1271385542255514e-01 3.1271385542255131e-01 4.8549965148031093e+00 0
3.1271385542255503e-01 3.1271385542255142e-01 4.9293391219597202e+00 0
3.2024815409449742e-01 1.5697323742415203e-01 7.0343017578124944e-02 0
3.2024815409449719e-01 1.5697323742415281e-01 1.4481140766292808e-01 0
3.2024815409449731e-01 1.5697323742415295e-01 2.2378526995893822e-01 0
3.2024815409449764e-01 1.5697323742415217e-01 3.0817944502893857e-01 0
3.2024815409449747e-01 1.5697323742415276e-01 3.9967338224288268e-01 0
3.2024815409449714e-01 1.5697323742415306e-01 5.0005282351779512e-01 0
3.2024815409449703e-01 1.5697323742415303e-01 6.1252403743194705e-01 0
3.2024815409449747e-01 1.5697323742415284e-01 7.4333958966061486e-01 0
3.2024815409449703e-01 1.5697323742415359e-01 9.0584820090739737e-01 0
3.2024815409449731e-01 1.5697323742415259e-01 1.1244994963301285e+00 0
3.2024815409449731e-01 1.5697323742415259e-01 1.3537084799761330e+00 0
3.2024815409449731e-01 1.5697323742415248e-01 1.5827144598409135e+00 0
3.2024815409449736e-01 1.5697323742415251e-01 1.8119378978679408e+00 0
3.2024815409449758e-01 1.5697323742415217e-01 2.0409631111375597e+00 0
3.2024815409449753e-01 1.5697323742415240e-01 2.2701512100124650e+00 0
3.2024815409449753e-01 1.5697323742415234e-01 2.4992492377366387e+00 0
3.2024815409449742e-01 1.5697323742415223e-01 2.7283524417257330e+00 0
3.2024815409449747e-01 1.5697323742415217e-01 2.9575414928626569e+00 0
3.2024815409449747e-01 1.5697323742415215e-01 3.1866698336901971e+00 0
3.2024815409449758e-01 1.5697323742415242e-01 3.4157709960596625e+00 0
3.2024815409449753e-01 1.5697323742415203e-01 3.6449349816149974e+00 0
3.2024815409449753e-01 1.5697323742415198e-01 3.8740322778141225e+00 0
3.2024815409449753e-01 1.5697323742415192e-01 4.0929857179315663e+00 0
3.2024815409449758e-01 1.5697323742415195e-01 4.2557434077070306e+00 0
3.2024815409449769e-01 1.5697323742415187e-01 4.3867514650906303e+00 0
3.2024815409449736e-01 1.5697323742415184e-01 4.4994897821772453e+00 0
3.2024815409449758e-01 1.5697323742415215e-01 4.5999339713985075e+00 0
3.2024815409449736e-01 1.5697323742415217e-01 4.6915506547061741e+00 0
3.2024815409449769e-01 1.5697323742415212e-01 4.7760428825918391e+00 0
3.2024815409449764e-01 1.5697323742415176e-01 4.8549965148031129e+00 0
3.2024815409449742e-01 1.5697323742415209e-01 4.9293391219597202e+00 0
1.3905110873386053e-01 6.3565651035581039e-01 7.0343017578124861e-02 0
1.3905110873386042e-01 6.3565651035581039e-01 1.4481140766292799e-01 0
1.3905110873385995e-01 6.3565651035581083e-01 2.2378526995893813e-01 0
1.3905110873385856e-01 6.3565651035581139e-01 3.0817944502893846e-01 0
1.3905110873386134e-01 6.3565651035581006e-01 3.9967338224288257e-01 0
1.3905110873386126e-01 6.3565651035581050e-01 5.0005282351779501e-01 0
1.3905110873386053e-01 6.3565651035581006e-01 6.1252403743194739e-01 0
1.3905110873385992e-01 6.3565651035581117e-01 7.4333958966061431e-01 0
1.3905110873386001e-01 6.3565651035581017e-01 9.0584820090739770e-01 0
1.3905110873386137e-01 6.3565651035581039e-01 1.1244994963301282e+00 0
1.3905110873385948e-01 6.3565651035581050e-01 1.3537084799761319e+00 0
1.3905110873386078e-01 6.3565651035580983e-01 1.5827144598409133e+00 0
1.3905110873386020e-01 6.3565651035581039e-01 1.8119378978679415e+00 0
1.3905110873385942e-01 6.3565651035581039e-01 2.0409631111375597e+00 0
1.3905110873386012e-01 6.3565651035581061e-01 2.2701512100124668e+00 0
1.3905110873386015e-01 6.3565651035581028e-01 2.4992492377366378e+00 0
1.3905110873386151e-01 6.3565651035580961e-01 2.7283524417257312e+00 0
1.3905110873386012e-01 6.3565651035580994e-01 2.9575414928626569e+00 0
1.3905110873386015e-01 6.3565651035581017e-01 3.1866698336901988e+00 0
1.3905110873386090e-01 6.3565651035580939e-01 3.4157709960596625e+00 0
1.3905110873386090e-01 6.3565651035580983e-01 3.6449349816149974e+00 0
1.3905110873386092e-01 6.3565651035580928e-01 3.8740322778141225e+00 0
1.3905110873386162e-01 6.3565651035580928e-01 4.0929857179315663e+00 0
1.3905110873385906e-01 6.3565651035581083e-01 4.2557434077070306e+00 0
1.3905110873386042e-01 6.3565651035580983e-01 4.3867514650906303e+00 0
1.3905110873385965e-01 6.3565651035580983e-01 4.4994897821772417e+00 0
1.3905110873385898e-01 6.3565651035581094e-01 4.5999339713985075e+00 0
1.3905110873386101e-01 6.3565651035580961e-01 4.6915506547061741e+00 0
1.3905110873386034e-01 6.3565651035580983e-01 4.7760428825918355e+00 0
1.3905110873386101e-01 6.3565651035580950e-01 4.8549965148031147e+00 0
1.3905110873386034e-01 6.3565651035580994e-01 4.9293391219597220e+00 0
1.4976733609554108e-01 4.7884663245008718e-01 7.0343017578124889e-02 0
1.4976733609554113e-01 4.7884663245008696e-01 1.4481140766292802e-01 0
1.4976733609554066e-01 4.7884663245008691e-01 2.2378526995893816e-01 0
1.4976733609553977e-01 4.7884663245008713e-01 3.0817944502893851e-01 0
1.4976733609554155e-01 4.7884663245008713e-01 3.9967338224288218e-01 0
1.4976733609554152e-01 4.7884663245008730e-01 5.0005282351779501e-01 0
1.4976733609554119e-01 4.7884663245008707e-01 6.1252403743194694e-01 0
1.4976733609554074e-01 4.7884663245008724e-01 7.4333958966061475e-01 0
1.4976733609554072e-01 4.7884663245008724e-01 9.0584820090739770e-01 0
1.4976733609554158e-01 4.7884663245008718e-01 1.1244994963301294e+00 0
1.4976733609554047e-01 4.7884663245008735e-01 1.3537084799761330e+00 0
1.4976733609554121e-01 4.7884663245008707e-01 1.5827144598409135e+00 0
1.4976733609554085e-01 4.7884663245008724e-01 1.8119378978679408e+00 0
1.4976733609554035e-01 4.7884663245008718e-01 2.0409631111375597e+00 0
1.4976733609554077e-01 4.7884663245008713e-01 2.2701512100124650e+00 0
1.4976733609554085e-01 4.7884663245008685e-01 2.4992492377366387e+00 0
1.4976733609554160e-01 4.7884663245008657e-01 2.7283524417257330e+00 0
1.4976733609554083e-01 4.7884663245008674e-01 2.9575414928626551e+00 0
1.4976733609554080e-01 4.7884663245008691e-01 3.1866698336901971e+00 0
1.4976733609554121e-01 4.7884663245008668e-01 3.4157709960596625e+00 0
1.4976733609554121e-01 4.7884663245008663e-01 3.6449349816149956e+00 0
1.4976733609554124e-01 4.7884663245008657e-01 3.8740322778141207e+00 0
1.4976733609554183e-01 4.7884663245008652e-01 4.0929857179315663e+00 0
1.4976733609554005e-01 4.7884663245008691e-01 4.2557434077070306e+00 0
1.4976733609554096e-01 4.7884663245008646e-01 4.3867514650906339e+00 0
1.4976733609554047e-01 4.7884663245008663e-01 4.4994897821772417e+00 0
1.4976733609553997e-01 4.7884663245008663e-01 4.5999339713985075e+00 0
1.4976733609554133e-01 4.7884663245008635e-01 4.6915506547061741e+00 0
1.4976733609554088e-01 4.7884663245008635e-01 4.7760428825918355e+00 0
1.4976733609554133e-01 4.7884663245008635e-01 4.8549965148031093e+00 0
1.4976733609554088e-01 4.7884663245008635e-01 4.9293391219597202e+00 0
1.5697323742415994e-01 3.2024815409449597e-01 7.0343017578124931e-02 0
1.5697323742415994e-01 3.2024815409449586e-01 1.4481140766292805e-01 0
1.5697323742415936e-01 3.2024815409449658e-01 2.2378526995893819e-01 0
1.5697323742415881e-01 3.2024815409449658e-01 3.0817944502893857e-01 0
1.5697323742416031e-01 3.2024815409449581e-01 3.9967338224288224e-01 0
1.5697323742416017e-01 3.2024815409449631e-01 5.0005282351779501e-01 0
1.5697323742416017e-01 3.2024815409449597e-01 6.1252403743194739e-01 0
1.5697323742415950e-01 3.2024815409449636e-01 7.4333958966061475e-01 0
1.5697323742415942e-01 3.2024815409449658e-01 9.0584820090739726e-01 0
1.5697323742416022e-01 3.2024815409449620e-01 1.1244994963301289e+00 0
1.5697323742415950e-01 3.2024815409449603e-01 1.3537084799761330e+00 0
1.5697323742416003e-01 3.2024815409449597e-01 1.5827144598409135e+00 0
1.5697323742415989e-01 3.2024815409449592e-01 1.8119378978679408e+00 0
1.5697323742415945e-01 3.2024815409449564e-01 2.0409631111375597e+00 0
1.5697323742415975e-01 3.2024815409449547e-01 2.2701512100124650e+00 0
1.5697323742415967e-01 3.2024815409449564e-01 2.4992492377366387e+00 0
1.5697323742416036e-01 3.2024815409449547e-01 2.7283524417257312e+00 0
1.5697323742415981e-01 3.2024815409449553e-01 2.9575414928626569e+00 0
1.5697323742415983e-01 3.2024815409449547e-01 3.1866698336901988e+00 0
1.5697323742416008e-01 3.2024815409449547e-01 3.4157709960596625e+00 0
1.5697323742416019e-01 3.2024815409449531e-01 3.6449349816149974e+00 0
1.5697323742416011e-01 3.2024815409449525e-01 3.8740322778141207e+00 0
1.5697323742416047e-01 3.2024815409449520e-01 4.0929857179315663e+00 0
1.5697323742415931e-01 3.2024815409449547e-01 4.2557434077070306e+00 0
1.5697323742415983e-01 3.2024815409449503e-01 4.3867514650906303e+00 0
1.5697323742415956e-01 3.2024815409449509e-01 4.4994897821772417e+00 0
1.5697323742415939e-01 3.2024815409449542e-01 4.5999339713985075e+00 0
1.5697323742416019e-01 3.2024815409449514e-01 4.6915506547061741e+00 0
1.5697323742415975e-01 3.2024815409449536e-01 4.7760428825918355e+00 0
1.5697323742416019e-01 3.2024815409449514e-01 4.8549965148031129e+00 0
1.5697323742415986e-01 3.2024815409449514e-01 4.9293391219597202e+00 0
1.6043223190368996e-01 1.6043223190368583e-01 7.0343017578124958e-02 0
1.6043223190368996e-01 1.6043223190368636e-01 1.4481140766292808e-01 0
1.6043223190368971e-01 1.6043223190368647e-01 2.2378526995893822e-01 0
1.6043223190368938e-01 1.6043223190368616e-01 3.0817944502893857e-01 0
1.6043223190368999e-01 1.6043223190368630e-01 3.9967338224288224e-01 0
1.6043223190369008e-01 1.6043223190368636e-01 5.0005282351779512e-01 0
1.6043223190369030e-01 1.6043223190368638e-01 6.1252403743194750e-01 0
1.6043223190368963e-01 1.6043223190368647e-01 7.4333958966061486e-01 0
1.6043223190368977e-01 1.6043223190368658e-01 9.0584820090739737e-01 0
1.6043223190368996e-01 1.6043223190368605e-01 1.1244994963301294e+00 0
1.6043223190368991e-01 1.6043223190368605e-01 1.3537084799761321e+00 0
1.6043223190369021e-01 1.6043223190368605e-01 1.5827144598409135e+00 0
1.6043223190369002e-01 1.6043223190368600e-01 1.8119378978679417e+00 0
1.6043223190368969e-01 1.6043223190368594e-01 2.0409631111375597e+00 0
1.6043223190368988e-01 1.6043223190368577e-01 2.2701512100124650e+00 0
1.6043223190368991e-01 1.6043223190368586e-01 2.4992492377366387e+00 0
1.6043223190369010e-01 1.6043223190368575e-01 2.7283524417257330e+00 0
1.6043223190369005e-01 1.6043223190368569e-01 2.9575414928626569e+00 0
1.6043223190369008e-01 1.6043223190368569e-01 3.1866698336901971e+00 0
1.6043223190369010e-01 1.6043223190368575e-01 3.4157709960596625e+00 0
1.6043223190369016e-01 1.6043223190368558e-01 3.6449349816149974e+00 0
1.6043223190369008e-01 1.6043223190368544e-01 3.8740322778141225e+00 0
1.6043223190369033e-01 1.6043223190368550e-01 4.0929857179315663e+00 0
1.6043223190368988e-01 1.6043223190368555e-01 4.2557434077070306e+00 0
1.6043223190369008e-01 1.6043223190368541e-01 4.3867514650906303e+00 0
1.6043223190368991e-01 1.6043223190368541e-01 4.4994897821772417e+00 0
1.6043223190368985e-01 1.6043223190368561e-01 4.5999339713985075e+00 0
1.6043223190368999e-01 1.6043223190368547e-01 4.6915506547061741e+00 0
1.6043223190369010e-01 1.6043223190368555e-01 4.7760428825918355e+00 0
1.6043223190369027e-01 1.6043223190368533e-01 4.8549965148031129e+00 0
1.6043223190369010e-01 1.6043223190368552e-01 4.9293391219597202e+00 0
1.3140495063379126e-01 8.2965820609992158e-01 7.0343017578124820e-02 0
1.3140495063379254e-01 8.2965820609992202e-01 1.4481140766292794e-01 0
1.3140495063379146e-01 8.2965820609992158e-01 2.2378526995893808e-01 0
1.3140495063379196e-01 8.2965820609992236e-01 3.0817944502893846e-01 0
1.3140495063379251e-01 8.2965820609992191e-01 3.9967338224288212e-01 0
1.3140495063379187e-01 8.2965820609992191e-01 5.0005282351779490e-01 0
1.3140495063379254e-01 8.2965820609992147e-01 6.1252403743194683e-01 0
1.3140495063379143e-01 8.2965820609992147e-01 7.4333958966061464e-01 0
1.3140495063379196e-01 8.2965820609992225e-01 9.0584820090739759e-01 0
1.3140495063379193e-01 8.2965820609992180e-01 1.1244994963301291e+00 0
1.3140495063379093e-01 8.2965820609992125e-01 1.3537084799761319e+00 0
1.3140495063379146e-01 8.2965820609992169e-01 1.5827144598409124e+00 0
1.3140495063379198e-01 8.2965820609992114e-01 1.8119378978679423e+00 0
1.3140495063379209e-01 8.2965820609992158e-01 2.0409631111375597e+00 0
1.3140495063379262e-01 8.2965820609992025e-01 2.2701512100124650e+00 0
1.3140495063379104e-01 8.2965820609992147e-01 2.4992492377366369e+00 0
1.3140495063379212e-01 8.2965820609992103e-01 2.7283524417257294e+00 0
1.3140495063379329e-01 8.2965820609992047e-01 2.9575414928626551e+00 0
1.3140495063379332e-01 8.2965820609992091e-01 3.1866698336901988e+00 0
1.3140495063379218e-01 8.2965820609992080e-01 3.4157709960596625e+00 0
1.3140495063379223e-01 8.2965820609992125e-01 3.6449349816149974e+00 0
1.3140495063379226e-01 8.2965820609992025e-01 3.8740322778141190e+00 0
1.3140495063379234e-01 8.2965820609992069e-01 4.0929857179315663e+00 0
1.3140495063379229e-01 8.2965820609992069e-01 4.2557434077070306e+00 0
1.3140495063379226e-01 8.2965820609992058e-01 4.3867514650906303e+00 0
1.3140495063379126e-01 8.2965820609992058e-01 4.4994897821772417e+00 0
1.3140495063379232e-01 8.2965820609992058e-01 4.5999339713985075e+00 0
1.3140495063379112e-01 8.2965820609992058e-01 4.6915506547061741e+00 0
1.3140495063379229e-01 8.2965820609992058e-01 4.7760428825918337e+00 0
1.3140495063379246e-01 8.2965820609992091e-01 4.8549965148031129e+00 0
1.3140495063379234e-01 8.2965820609992047e-01 4.9293391219597202e+00 0
1.3766232923540134e-01 8.6916573972372535e-01 7.0343017578124806e-02 0
1.3766232923540206e-01 8.6916573972372579e-01 1.4481140766292794e-01 0
1.3766232923540120e-01 8.6916573972372579e-01 2.2378526995893808e-01 0
1.3766232923540153e-01 8.6916573972372613e-01 3.0817944502893846e-01 0
1.3766232923540209e-01 8.6916573972372524e-01 3.9967338224288212e-01 0
1.3766232923540167e-01 8.6916573972372613e-01 5.0005282351779490e-01 0
1.3766232923540211e-01 8.6916573972372524e-01 6.1252403743194683e-01 0
1.3766232923540123e-01 8.6916573972372613e-01 7.4333958966061464e-01 0
1.3766232923540164e-01 8.6916573972372557e-01 9.0584820090739759e-01 0
1.3766232923540173e-01 8.6916573972372557e-01 1.1244994963301287e+00 0
1.3766232923540095e-01 8.6916573972372546e-01 1.3537084799761319e+00 0
1.3766232923540131e-01 8.6916573972372546e-01 1.5827144598409124e+00 0
1.3766232923540173e-01 8.6916573972372579e-01 1.8119378978679415e+00 0
1.3766232923540184e-01 8.6916573972372491e-01 2.0409631111375597e+00 0
1.3766232923540220e-01 8.6916573972372535e-01 2.2701512100124650e+00 0
1.3766232923540095e-01 8.6916573972372524e-01 2.4992492377366387e+00 0
1.3766232923540186e-01 8.6916573972372568e-01 2.7283524417257312e+00 0
1.3766232923540275e-01 8.6916573972372513e-01 2.9575414928626569e+00 0
1.3766232923540278e-01 8.6916573972372513e-01 3.1866698336901971e+00 0
1.3766232923540181e-01 8.6916573972372546e-01 3.4157709960596625e+00 0
1.3766232923540192e-01 8.6916573972372502e-01 3.6449349816149974e+00 0
1.3766232923540189e-01 8.6916573972372491e-01 3.8740322778141207e+00 0
1.3766232923540220e-01 8.6916573972372491e-01 4.0929857179315663e+00 0
1.3766232923540209e-01 8.6916573972372491e-01 4.2557434077070306e+00 0
1.3766232923540200e-01 8.6916573972372480e-01 4.3867514650906321e+00 0
1.3766232923540123e-01 8.6916573972372480e-01 4.4994897821772417e+00 0
1.3766232923540200e-01 8.6916573972372524e-01 4.5999339713985075e+00 0
1.3766232923540120e-01 8.6916573972372480e-01 4.6915506547061741e+00 0
1.3766232923540203e-01 8.6916573972372480e-01 4.7760428825918391e+00 0
1.3766232923540225e-01 8.6916573972372468e-01 4.8549965148031147e+00 0
1.3766232923540192e-01 8.6916573972372468e-01 4.9293391219597202e+00 0
1.4391970783701122e-01 9.0867327334753001e-01 7.0343017578124792e-02 0
1.4391970783701177e-01 9.0867327334752956e-01 1.4481140766292794e-01 0
1.4391970783701119e-01 9.0867327334753001e-01 2.2378526995893808e-01 0
1.4391970783701141e-01 9.0867327334752990e-01 3.0817944502893840e-01 0
1.4391970783701175e-01 9.0867327334752945e-01 3.9967338224288251e-01 0
1.4391970783701144e-01 9.0867327334752990e-01 5.0005282351779490e-01 0
1.4391970783701188e-01 9.0867327334752945e-01 6.1252403743194683e-01 0
1.4391970783701116e-01 9.0867327334752990e-01 7.4333958966061464e-01 0
1.4391970783701152e-01 9.0867327334752979e-01 9.0584820090739759e-01 0
1.4391970783701150e-01 9.0867327334752979e-01 1.1244994963301287e+00 0
1.4391970783701111e-01 9.0867327334752968e-01 1.3537084799761310e+00 0
1.4391970783701136e-01 9.0867327334752923e-01 1.5827144598409124e+00 0
1.4391970783701155e-01 9.0867327334752912e-01 1.8119378978679406e+00 0
1.4391970783701155e-01 9.0867327334752956e-01 2.0409631111375597e+00 0
1.4391970783701191e-01 9.0867327334752956e-01 2.2701512100124650e+00 0
1.4391970783701100e-01 9.0867327334752945e-01 2.4992492377366387e+00 0
1.4391970783701169e-01 9.0867327334752945e-01 2.7283524417257312e+00 0
1.4391970783701225e-01 9.0867327334752890e-01 2.9575414928626569e+00 0
1.4391970783701227e-01 9.0867327334752934e-01 3.1866698336901971e+00 0
1.4391970783701175e-01 9.0867327334752923e-01 3.4157709960596625e+00 0
1.4391970783701169e-01 9.0867327334752923e-01 3.6449349816149956e+00 0
1.4391970783701177e-01 9.0867327334752912e-01 3.8740322778141207e+00 0
1.4391970783701213e-01 9.0867327334752912e-01 4.0929857179315663e+00 0
1.4391970783701191e-01 9.0867327334752868e-01 4.2557434077070306e+00 0
1.4391970783701183e-01 9.0867327334752901e-01 4.3867514650906374e+00 0
1.4391970783701138e-01 9.0867327334752901e-01 4.4994897821772417e+00 0
1.4391970783701183e-01 9.0867327334752901e-01 4.5999339713985075e+00 0
1.4391970783701119e-01 9.0867327334752857e-01 4.6915506547061705e+00 0
1.4391970783701186e-01 9.0867327334752901e-01 4.7760428825918355e+00 0
1.4391970783701197e-01 9.0867327334752801e-01 4.8549965148031129e+00 0
1.4391970783701186e-01 9.0867327334752890e-01 4.9293391219597202e+00 0
1.5017708643862107e-01 9.4818080697133422e-01 7.0343017578124792e-02 0
1.5017708643862140e-01 9.4818080697133378e-01 1.4481140766292791e-01 0
1.5017708643862104e-01 9.4818080697133422e-01 2.2378526995893805e-01 0
1.5017708643862127e-01 9.4818080697133289e-01 3.0817944502893840e-01 0
1.5017708643862154e-01 9.4818080697133322e-01 3.9967338224288207e-01 0
1.5017708643862124e-01 9.4818080697133367e-01 5.0005282351779490e-01 0
1.5017708643862129e-01 9.4818080697133411e-01 6.1252403743194683e-01 0
1.5017708643862113e-01 9.4818080697133411e-01 7.4333958966061464e-01 0
1.5017708643862115e-01 9.4818080697133356e-01 9.0584820090739804e-01 0
1.5017708643862129e-01 9.4818080697133356e-01 1.1244994963301287e+00 0
1.5017708643862107e-01 9.4818080697133345e-01 1.3537084799761319e+00 0
1.5017708643862127e-01 9.4818080697133345e-01 1.5827144598409115e+00 0
1.5017708643862135e-01 9.4818080697133333e-01 1.8119378978679397e+00 0
1.5017708643862135e-01 9.4818080697133333e-01 2.0409631111375597e+00 0
1.5017708643862143e-01 9.4818080697133333e-01 2.2701512100124650e+00 0
1.5017708643862107e-01 9.4818080697133367e-01 2.4992492377366387e+00 0
1.5017708643862143e-01 9.4818080697133322e-01 2.7283524417257312e+00 0
1.5017708643862160e-01 9.4818080697133356e-01 2.9575414928626533e+00 0
1.5017708643862168e-01 9.4818080697133311e-01 3.1866698336901988e+00 0
1.5017708643862149e-01 9.4818080697133345e-01 3.4157709960596625e+00 0
1.5017708643862138e-01 9.4818080697133345e-01 3.6449349816149939e+00 0
1.5017708643862152e-01 9.4818080697133333e-01 3.8740322778141225e+00 0
1.5017708643862188e-01 9.4818080697133333e-01 4.0929857179315663e+00 0
1.5017708643862177e-01 9.4818080697133333e-01 4.2557434077070306e+00 0
1.5017708643862157e-01 9.4818080697133278e-01 4.3867514650906303e+00 0
1.5017708643862152e-01 9.4818080697133278e-01 4.4994897821772417e+00 0
1.5017708643862152e-01 9.4818080697133322e-01 4.5999339713985075e+00 0
1.5017708643862132e-01 9.4818080697133367e-01 4.6915506547061705e+00 0
1.5017708643862154e-01 9.4818080697133278e-01 4.7760428825918355e+00 0
1.5017708643862193e-01 9.4818080697133311e-01 4.8549965148031147e+00 0
1.5017708643862154e-01 9.4818080697133311e-01 4.9293391219597202e+00 0
2.5957427527495153e-01 7.9888747368793944e-01 7.0343017578124806e-02 0
2.5957427527495153e-01 7.9888747368793944e-01 1.4481140766292794e-01 0
2.5957427527495175e-01 7.9888747368793944e-01 2.2378526995893808e-01 0
2.5957427527495164e-01 7.9888747368793944e-01 3.0817944502893890e-01 0
2.5957427527495158e-01 7.9888747368793889e-01 3.9967338224288212e-01 0
2.5957427527495180e-01 7.9888747368793933e-01 5.0005282351779490e-01 0
2.5957427527495158e-01 7.9888747368793933e-01 6.1252403743194661e-01 0
2.5957427527495169e-01 7.9888747368793933e-01 7.4333958966061464e-01 0
2.5957427527495180e-01 7.9888747368793922e-01 9.0584820090739759e-01 0
2.5957427527495186e-01 7.9888747368793922e-01 1.1244994963301287e+00 0
2.5957427527495164e-01 7.9888747368793911e-01 1.3537084799761319e+00 0
2.5957427527495153e-01 7.9888747368793867e-01 1.5827144598409124e+00 0
2.5957427527495169e-01 7.9888747368793867e-01 1.8119378978679415e+00 0
2.5957427527495169e-01 7.9888747368793900e-01 2.0409631111375597e+00 0
2.5957427527495175e-01 7.9888747368793900e-01 2.2701512100124632e+00 0
2.5957427527495175e-01 7.9888747368793889e-01 2.4992492377366387e+00 0
2.5957427527495175e-01 7.9888747368793844e-01 2.7283524417257312e+00 0
2.5957427527495169e-01 7.9888747368793833e-01 2.9575414928626569e+00 0
2.5957427527495203e-01 7.9888747368793833e-01 3.1866698336901988e+00 0
2.5957427527495192e-01 7.9888747368793822e-01 3.4157709960596625e+00 0
2.5957427527495253e-01 7.9888747368793867e-01 3.6449349816149956e+00 0
2.5957427527495186e-01 7.9888747368793811e-01 3.8740322778141225e+00 0
2.5957427527495297e-01 7.9888747368793855e-01 4.0929857179315663e+00 0
2.5957427527495192e-01 7.9888747368793811e-01 4.2557434077070306e+00 0
2.5957427527495247e-01 7.9888747368793844e-01 4.3867514650906339e+00 0
2.5957427527495192e-01 7.9888747368793800e-01 4.4994897821772417e+00 0
2.5957427527495258e-01 7.9888747368793889e-01 4.5999339713985039e+00 0
2.5957427527495303e-01 7.9888747368793800e-01 4.6915506547061741e+00 0
2.5957427527495291e-01 7.9888747368793800e-01 4.7760428825918355e+00 0
2.5957427527495197e-01 7.9888747368793789e-01 4.8549965148031129e+00 0
2.5957427527495219e-01 7.9888747368793789e-01 4.9293391219597202e+00 0
2.7193495504995063e-01 8.3692973433974305e-01 7.0343017578124806e-02 0
2.7193495504995085e-01 8.3692973433974305e-01 1.4481140766292791e-01 0
2.7193495504995074e-01 8.3692973433974305e-01 2.2378526995893805e-01 0
2.7193495504995041e-01 8.3692973433974305e-01 3.0817944502893890e-01 0
2.7193495504995058e-01 8.3692973433974294e-01 3.9967338224288257e-01 0
2.7193495504995091e-01 8.3692973433974294e-01 5.0005282351779490e-01 0
2.7193495504995047e-01 8.3692973433974294e-01 6.1252403743194683e-01 0
2.7193495504995080e-01 8.3692973433974338e-01 7.4333958966061464e-01 0
2.7193495504995058e-01 8.3692973433974327e-01 9.0584820090739759e-01 0
2.7193495504995063e-01 8.3692973433974283e-01 1.1244994963301287e+00 0
2.7193495504995063e-01 8.3692973433974238e-01 1.3537084799761310e+00 0
2.7193495504995074e-01 8.3692973433974271e-01 1.5827144598409115e+00 0
2.7193495504995080e-01 8.3692973433974271e-01 1.8119378978679415e+00 0
2.7193495504995069e-01 8.3692973433974216e-01 2.0409631111375597e+00 0
2.7193495504995074e-01 8.3692973433974260e-01 2.2701512100124632e+00 0
2.7193495504995097e-01 8.3692973433974249e-01 2.4992492377366387e+00 0
2.7193495504995052e-01 8.3692973433974205e-01 2.7283524417257330e+00 0
2.7193495504995113e-01 8.3692973433974238e-01 2.9575414928626569e+00 0
2.7193495504995080e-01 8.3692973433974238e-01 3.1866698336901971e+00 0
2.7193495504995102e-01 8.3692973433974271e-01 3.4157709960596625e+00 0
2.7193495504995130e-01 8.3692973433974227e-01 3.6449349816149956e+00 0
2.7193495504995097e-01 8.3692973433974216e-01 3.8740322778141207e+00 0
2.7193495504995163e-01 8.3692973433974216e-01 4.0929857179315663e+00 0
2.7193495504995102e-01 8.3692973433974216e-01 4.2557434077070306e+00 0
2.7193495504995124e-01 8.3692973433974160e-01 4.3867514650906321e+00 0
2.7193495504995102e-01 8.3692973433974205e-01 4.4994897821772417e+00 0
2.7193495504995147e-01 8.3692973433974205e-01 4.5999339713985075e+00 0
2.7193495504995169e-01 8.3692973433974160e-01 4.6915506547061705e+00 0
2.7193495504995158e-01 8.3692973433974205e-01 4.7760428825918355e+00 0
2.7193495504995085e-01 8.3692973433974205e-01 4.8549965148031129e+00 0
2.7193495504995108e-01 8.3692973433974194e-01 4.9293391219597202e+00 0
2.8429563482494963e-01 8.7497199499154665e-01 7.0343017578124792e-02 0
2.8429563482494963e-01 8.7497199499154665e-01 1.4481140766292791e-01 0
2.8429563482494963e-01 8.7497199499154665e-01 2.2378526995893805e-01 0
2.8429563482494985e-01 8.7497199499154621e-01 3.0817944502893846e-01 0
2.8429563482494968e-01 8.7497199499154654e-01 3.9967338224288257e-01 0
2.8429563482494968e-01 8.7497199499154654e-01 5.0005282351779490e-01 0
2.8429563482494968e-01 8.7497199499154610e-01 6.1252403743194683e-01 0
2.8429563482494968e-01 8.7497199499154654e-01 7.4333958966061420e-01 0
2.8429563482494968e-01 8.7497199499154643e-01 9.0584820090739759e-01 0
2.8429563482494974e-01 8.7497199499154643e-01 1.1244994963301287e+00 0
2.8429563482494974e-01 8.7497199499154643e-01 1.3537084799761310e+00 0
2.8429563482494952e-01 8.7497199499154632e-01 1.5827144598409124e+00 0
2.8429563482494979e-01 8.7497199499154588e-01 1.8119378978679406e+00 0
2.8429563482494979e-01 8.7497199499154621e-01 2.0409631111375597e+00 0
2.8429563482494974e-01 8.7497199499154621e-01 2.2701512100124659e+00 0
2.8429563482494985e-01 8.7497199499154610e-01 2.4992492377366369e+00 0
2.8429563482494974e-01 8.7497199499154610e-01 2.7283524417257330e+00 0
2.8429563482494991e-01 8.7497199499154599e-01 2.9575414928626569e+00 0
2.8429563482494991e-01 8.7497199499154599e-01 3.1866698336901971e+00 0
2.8429563482494991e-01 8.7497199499154588e-01 3.4157709960596625e+00 0
2.8429563482495018e-01 8.7497199499154588e-01 3.6449349816149939e+00 0
2.8429563482494996e-01 8.7497199499154577e-01 3.8740322778141207e+00 0
2.8429563482495052e-01 8.7497199499154532e-01 4.0929857179315663e+00 0
2.8429563482495024e-01 8.7497199499154577e-01 4.2557434077070306e+00 0
2.8429563482495035e-01 8.7497199499154521e-01 4.3867514650906339e+00 0
2.8429563482495024e-01 8.7497199499154565e-01 4.4994897821772417e+00 0
2.8429563482495035e-01 8.7497199499154477e-01 4.5999339713985075e+00 0
2.8429563482495057e-01 8.7497199499154565e-01 4.6915506547061723e+00 0
2.8429563482495046e-01 8.7497199499154565e-01 4.7760428825918391e+00 0
2.8429563482495007e-01 8.7497199499154565e-01 4.8549965148031129e+00 0
2.8429563482495029e-01 8.7497199499154554e-01 4.9293391219597202e+00 0
2.9665631459994862e-01 9.1301425564335026e-01 7.0343017578124778e-02 0
2.9665631459994851e-01 9.1301425564335026e-01 1.4481140766292791e-01 0
2.9665631459994862e-01 9.1301425564335026e-01 2.2378526995893805e-01 0
2.9665631459994862e-01 9.1301425564335026e-01 3.0817944502893885e-01 0
2.9665631459994868e-01 9.1301425564335015e-01 3.9967338224288207e-01 0
2.9665631459994868e-01 9.1301425564335059e-01 5.0005282351779490e-01 0
2.9665631459994868e-01 9.1301425564335015e-01 6.1252403743194683e-01 0
2.9665631459994868e-01 9.1301425564335059e-01 7.4333958966061464e-01 0
2.9665631459994868e-01 9.1301425564335048e-01 9.0584820090739804e-01 0
2.9665631459994896e-01 9.1301425564335004e-01 1.1244994963301287e+00 0
2.9665631459994884e-01 9.1301425564335004e-01 1.3537084799761319e+00 0
2.9665631459994851e-01 9.1301425564334948e-01 1.5827144598409124e+00 0
2.9665631459994879e-01 9.1301425564335037e-01 1.8119378978679406e+00 0
2.9665631459994890e-01 9.1301425564334981e-01 2.0409631111375597e+00 0
2.9665631459994851e-01 9.1301425564334937e-01 2.2701512100124659e+00 0
2.9665631459994884e-01 9.1301425564334970e-01 2.4992492377366387e+00 0
2.9665631459994851e-01 9.1301425564334926e-01 2.7283524417257330e+00 0
2.9665631459994901e-01 9.1301425564334959e-01 2.9575414928626569e+00 0
2.9665631459994901e-01 9.1301425564334959e-01 3.1866698336901988e+00 0
2.9665631459994912e-01 9.1301425564334948e-01 3.4157709960596625e+00 0
2.9665631459994884e-01 9.1301425564334948e-01 3.6449349816149956e+00 0
2.9665631459994884e-01 9.1301425564334937e-01 3.8740322778141225e+00 0
2.9665631459994918e-01 9.1301425564334893e-01 4.0929857179315663e+00 0
2.9665631459994890e-01 9.1301425564334937e-01 4.2557434077070306e+00 0
2.9665631459994912e-01 9.1301425564334882e-01 4.3867514650906303e+00 0
2.9665631459994890e-01 9.1301425564334926e-01 4.4994897821772417e+00 0
2.9665631459994890e-01 9.1301425564334926e-01 4.5999339713985075e+00 0
2.9665631459994923e-01 9.1301425564334970e-01 4.6915506547061741e+00 0
2.9665631459994912e-01 9.1301425564334926e-01 4.7760428825918320e+00 0
2.9665631459994918e-01 9.1301425564334926e-01 4.8549965148031147e+00 0
2.9665631459994918e-01 9.1301425564334915e-01 4.9293391219597202e+00 0
3.8135201978121230e-01 7.4844548031824243e-01 7.0343017578124820e-02 0
3.8135201978121364e-01 7.4844548031824110e-01 1.4481140766292794e-01 0
3.8135201978121164e-01 7.4844548031824287e-01 2.2378526995893808e-01 0
3.8135201978121297e-01 7.4844548031824154e-01 3.0817944502893840e-01 0
3.8135201978121325e-01 7.4844548031824143e-01 3.9967338224288251e-01 0
3.8135201978121214e-01 7.4844548031824276e-01 5.0005282351779501e-01 0
3.8135201978121369e-01 7.4844548031824099e-01 6.1252403743194694e-01 0
3.8135201978121280e-01 7.4844548031824232e-01 7.4333958966061475e-01 0
3.8135201978121303e-01 7.4844548031824176e-01 9.0584820090739726e-01 0
3.8135201978121308e-01 7.4844548031824221e-01 1.1244994963301291e+00 0
3.8135201978121286e-01 7.4844548031824132e-01 1.3537084799761319e+00 0
3.8135201978121286e-01 7.4844548031824121e-01 1.5827144598409124e+00 0
3.8135201978121291e-01 7.4844548031824210e-01 1.8119378978679423e+00 0
3.8135201978121180e-01 7.4844548031824198e-01 2.0409631111375597e+00 0
3.8135201978121341e-01 7.4844548031824198e-01 2.2701512100124650e+00 0
3.8135201978121186e-01 7.4844548031824232e-01 2.4992492377366378e+00 0
3.8135201978121297e-01 7.4844548031824143e-01 2.7283524417257330e+00 0
3.8135201978121169e-01 7.4844548031824221e-01 2.9575414928626569e+00 0
3.8135201978121369e-01 7.4844548031824132e-01 3.1866698336901988e+00 0
3.8135201978121192e-01 7.4844548031824210e-01 3.4157709960596625e+00 0
3.8135201978121264e-01 7.4844548031824210e-01 3.6449349816149939e+00 0
3.8135201978121241e-01 7.4844548031824165e-01 3.8740322778141190e+00 0
3.8135201978121308e-01 7.4844548031824065e-01 4.0929857179315663e+00 0
3.8135201978121291e-01 7.4844548031824154e-01 4.2557434077070306e+00 0
3.8135201978121425e-01 7.4844548031824021e-01 4.3867514650906303e+00 0
3.8135201978121336e-01 7.4844548031824099e-01 4.4994897821772417e+00 0
3.8135201978121247e-01 7.4844548031824143e-01 4.5999339713985075e+00 0
3.8135201978121203e-01 7.4844548031824187e-01 4.6915506547061741e+00 0
3.8135201978121314e-01 7.4844548031824099e-01 4.7760428825918355e+00 0
3.8135201978121208e-01 7.4844548031824187e-01 4.8549965148031147e+00 0
3.8135201978121186e-01 7.4844548031824176e-01 4.9293391219597202e+00 0
3.9951163977079607e-01 7.8408574128577357e-01 7.0343017578124806e-02 0
3.9951163977079696e-01 7.8408574128577357e-01 1.4481140766292794e-01 0
3.9951163977079562e-01 7.8408574128577402e-01 2.2378526995893808e-01 0
3.9951163977079651e-01 7.8408574128577446e-01 3.0817944502893840e-01 0
3.9951163977079657e-01 7.8408574128577357e-01 3.9967338224288251e-01 0
3.9951163977079612e-01 7.8408574128577346e-01 5.0005282351779490e-01 0
3.9951163977079746e-01 7.8408574128577346e-01 6.1252403743194683e-01 0
3.9951163977079635e-01 7.8408574128577391e-01 7.4333958966061464e-01 0
3.9951163977079635e-01 7.8408574128577380e-01 9.0584820090739715e-01 0
3.9951163977079684e-01 7.8408574128577380e-01 1.1244994963301291e+00 0
3.9951163977079618e-01 7.8408574128577380e-01 1.3537084799761319e+00 0
3.9951163977079640e-01 7.8408574128577369e-01 1.5827144598409115e+00 0
3.9951163977079646e-01 7.8408574128577369e-01 1.8119378978679406e+00 0
3.9951163977079579e-01 7.8408574128577402e-01 2.0409631111375597e+00 0
3.9951163977079673e-01 7.8408574128577313e-01 2.2701512100124641e+00 0
3.9951163977079585e-01 7.8408574128577391e-01 2.4992492377366387e+00 0
3.9951163977079651e-01 7.8408574128577258e-01 2.7283524417257312e+00 0
3.9951163977079590e-01 7.8408574128577380e-01 2.9575414928626569e+00 0
3.9951163977079723e-01 7.8408574128577335e-01 3.1866698336901988e+00 0
3.9951163977079568e-01 7.8408574128577324e-01 3.4157709960596625e+00 0
3.9951163977079640e-01 7.8408574128577324e-01 3.6449349816149956e+00 0
3.9951163977079640e-01 7.8408574128577280e-01 3.8740322778141207e+00 0
3.9951163977079684e-01 7.8408574128577224e-01 4.0929857179315663e+00 0
3.9951163977079646e-01 7.8408574128577269e-01 4.2557434077070306e+00 0
3.9951163977079757e-01 7.8408574128577269e-01 4.3867514650906321e+00 0
3.9951163977079734e-01 7.8408574128577302e-01 4.4994897821772417e+00 0
3.9951163977079646e-01 7.8408574128577258e-01 4.5999339713985075e+00 0
3.9951163977079601e-01 7.8408574128577346e-01 4.6915506547061741e+00 0
3.9951163977079668e-01 7.8408574128577258e-01 4.7760428825918391e+00 0
3.9951163977079607e-01 7.8408574128577346e-01 4.8549965148031164e+00 0
3.9951163977079585e-01 7.8408574128577291e-01 4.9293391219597202e+00 0
4.1767125976037933e-01 8.1972600225330550e-01 7.0343017578124792e-02 0
4.1767125976038044e-01 8.1972600225330461e-01 1.4481140766292791e-01 0
4.1767125976037978e-01 8.1972600225330550e-01 2.2378526995893805e-01 0
4.1767125976038000e-01 8.1972600225330416e-01 3.0817944502893840e-01 0
4.1767125976038028e-01 8.1972600225330550e-01 3.9967338224288251e-01 0
4.1767125976037961e-01 8.1972600225330539e-01 5.0005282351779490e-01 0
4.1767125976038050e-01 8.1972600225330450e-01 6.1252403743194683e-01 0
4.1767125976037983e-01 8.1972600225330539e-01 7.4333958966061553e-01 0
4.1767125976037983e-01 8.1972600225330494e-01 9.0584820090739759e-01 0
4.1767125976038011e-01 8.1972600225330483e-01 1.1244994963301282e+00 0
4.1767125976037989e-01 8.1972600225330527e-01 1.3537084799761319e+00 0
4.1767125976038011e-01 8.1972600225330516e-01 1.5827144598409124e+00 0
4.1767125976038016e-01 8.1972600225330516e-01 1.8119378978679415e+00 0
4.1767125976037972e-01 8.1972600225330505e-01 2.0409631111375597e+00 0
4.1767125976038044e-01 8.1972600225330505e-01 2.2701512100124641e+00 0
4.1767125976037955e-01 8.1972600225330539e-01 2.4992492377366387e+00 0
4.1767125976038000e-01 8.1972600225330494e-01 2.7283524417257330e+00 0
4.1767125976037983e-01 8.1972600225330483e-01 2.9575414928626569e+00 0
4.1767125976038028e-01 8.1972600225330483e-01 3.1866698336901971e+00 0
4.1767125976037961e-01 8.1972600225330472e-01 3.4157709960596625e+00 0
4.1767125976038011e-01 8.1972600225330472e-01 3.6449349816149956e+00 0
4.1767125976038011e-01 8.1972600225330428e-01 3.8740322778141225e+00 0
4.1767125976038055e-01 8.1972600225330461e-01 4.0929857179315663e+00 0
4.1767125976038016e-01 8.1972600225330416e-01 4.2557434077070306e+00 0
4.1767125976038083e-01 8.1972600225330328e-01 4.3867514650906321e+00 0
4.1767125976038039e-01 8.1972600225330450e-01 4.4994897821772417e+00 0
4.1767125976038016e-01 8.1972600225330405e-01 4.5999339713985075e+00 0
4.1767125976037994e-01 8.1972600225330450e-01 4.6915506547061723e+00 0
4.1767125976038039e-01 8.1972600225330450e-01 4.7760428825918391e+00 0
4.1767125976037978e-01 8.1972600225330405e-01 4.8549965148031164e+00 0
4.1767125976037978e-01 8.1972600225330394e-01 4.9293391219597202e+00 0
4.3583087974996348e-01 8.5536626322083698e-01 7.0343017578124778e-02 0
4.3583087974996348e-01 8.5536626322083653e-01 1.4481140766292791e-01 0
4.3583087974996304e-01 8.5536626322083698e-01 2.2378526995893805e-01 0
4.3583087974996326e-01 8.5536626322083609e-01 3.0817944502893840e-01 0
4.3583087974996398e-01 8.5536626322083653e-01 3.9967338224288251e-01 0
4.3583087974996376e-01 8.5536626322083642e-01 5.0005282351779490e-01 0
4.3583087974996376e-01 8.5536626322083686e-01 6.1252403743194683e-01 0
4.3583087974996332e-01 8.5536626322083686e-01 7.4333958966061464e-01 0
4.3583087974996354e-01 8.5536626322083598e-01 9.0584820090739804e-01 0
4.3583087974996382e-01 8.5536626322083631e-01 1.1244994963301291e+00 0
4.3583087974996337e-01 8.5536626322083631e-01 1.3537084799761310e+00 0
4.3583087974996382e-01 8.5536626322083575e-01 1.5827144598409115e+00 0
4.3583087974996343e-01 8.5536626322083664e-01 1.8119378978679406e+00 0
4.3583087974996343e-01 8.5536626322083653e-01 2.0409631111375597e+00 0
4.3583087974996393e-01 8.5536626322083564e-01 2.2701512100124650e+00 0
4.3583087974996348e-01 8.5536626322083642e-01 2.4992492377366387e+00 0
4.3583087974996393e-01 8.5536626322083598e-01 2.7283524417257330e+00 0
4.3583087974996354e-01 8.5536626322083587e-01 2.9575414928626569e+00 0
4.3583087974996398e-01 8.5536626322083542e-01 3.1866698336901971e+00 0
4.3583087974996332e-01 8.5536626322083587e-01 3.4157709960596625e+00 0
4.3583087974996382e-01 8.5536626322083575e-01 3.6449349816149974e+00 0
4.3583087974996360e-01 8.5536626322083531e-01 3.8740322778141225e+00 0
4.3583087974996426e-01 8.5536626322083609e-01 4.0929857179315663e+00 0
4.3583087974996387e-01 8.5536626322083564e-01 4.2557434077070306e+00 0
4.3583087974996387e-01 8.5536626322083609e-01 4.3867514650906303e+00 0
4.3583087974996410e-01 8.5536626322083598e-01 4.4994897821772417e+00 0
4.3583087974996365e-01 8.5536626322083598e-01 4.5999339713985075e+00 0
4.3583087974996365e-01 8.5536626322083553e-01 4.6915506547061741e+00 0
4.3583087974996365e-01 8.5536626322083553e-01 4.7760428825918337e+00 0
4.3583087974996371e-01 8.5536626322083598e-01 4.8549965148031147e+00 0
4.3583087974996348e-01 8.5536626322083587e-01 4.9293391219597202e+00 0
4.9373961192566651e-01 6.7957427527497127e-01 7.0343017578124820e-02 0
4.9373961192566673e-01 6.7957427527497216e-01 1.4481140766292794e-01 0
4.9373961192566607e-01 6.7957427527497172e-01 2.2378526995893808e-01 0
4.9373961192566673e-01 6.7957427527497150e-01 3.0817944502893840e-01 0
4.9373961192566701e-01 6.7957427527497105e-01 3.9967338224288207e-01 0
4.9373961192566634e-01 6.7957427527497116e-01 5.0005282351779501e-01 0
4.9373961192566657e-01 6.7957427527497183e-01 6.1252403743194694e-01 0
4.9373961192566679e-01 6.7957427527497094e-01 7.4333958966061520e-01 0
4.9373961192566612e-01 6.7957427527497161e-01 9.0584820090739770e-01 0
4.9373961192566662e-01 6.7957427527497105e-01 1.1244994963301287e+00 0
4.9373961192566729e-01 6.7957427527497083e-01 1.3537084799761310e+00 0
4.9373961192566662e-01 6.7957427527497072e-01 1.5827144598409115e+00 0
4.9373961192566712e-01 6.7957427527497072e-01 1.8119378978679406e+00 0
4.9373961192566734e-01 6.7957427527497039e-01 2.0409631111375597e+00 0
4.9373961192566629e-01 6.7957427527497127e-01 2.2701512100124659e+00 0
4.9373961192566673e-01 6.7957427527497161e-01 2.4992492377366387e+00 0
4.9373961192566651e-01 6.7957427527497005e-01 2.7283524417257330e+00 0
4.9373961192566679e-01 6.7957427527496994e-01 2.9575414928626551e+00 0
4.9373961192566723e-01 6.7957427527497039e-01 3.1866698336901988e+00 0
4.9373961192566679e-01 6.7957427527497083e-01 3.4157709960596625e+00 0
4.9373961192566684e-01 6.7957427527496983e-01 3.6449349816149974e+00 0
4.9373961192566662e-01 6.7957427527496983e-01 3.8740322778141190e+00 0
4.9373961192566773e-01 6.7957427527496994e-01 4.0929857179315663e+00 0
4.9373961192566557e-01 6.7957427527497150e-01 4.2557434077070306e+00 0
4.9373961192566690e-01 6.7957427527496972e-01 4.3867514650906303e+00 0
4.9373961192566668e-01 6.7957427527496961e-01 4.4994897821772417e+00 0
4.9373961192566668e-01 6.7957427527497050e-01 4.5999339713985075e+00 0
4.9373961192566668e-01 6.7957427527497050e-01 4.6915506547061741e+00 0
4.9373961192566557e-01 6.7957427527497138e-01 4.7760428825918391e+00 0
4.9373961192566629e-01 6.7957427527497050e-01 4.8549965148031164e+00 0
4.9373961192566562e-01 6.7957427527497116e-01 4.9293391219597202e+00 0
5.1725102201736828e-01 7.1193495504996518e-01 7.0343017578124820e-02 0
5.1725102201736828e-01 7.1193495504996562e-01 1.4481140766292791e-01 0
5.1725102201736806e-01 7.1193495504996607e-01 2.2378526995893805e-01 0
5.1725102201736806e-01 7.1193495504996518e-01 3.0817944502893840e-01 0
5.1725102201736850e-01 7.1193495504996473e-01 3.9967338224288207e-01 0
5.1725102201736850e-01 7.1193495504996551e-01 5.0005282351779501e-01 0
5.1725102201736806e-01 7.1193495504996507e-01 6.1252403743194694e-01 0
5.1725102201736839e-01 7.1193495504996507e-01 7.4333958966061475e-01 0
5.1725102201736817e-01 7.1193495504996507e-01 9.0584820090739770e-01 0
5.1725102201736817e-01 7.1193495504996496e-01 1.1244994963301287e+00 0
5.1725102201736883e-01 7.1193495504996496e-01 1.3537084799761310e+00 0
5.1725102201736817e-01 7.1193495504996485e-01 1.5827144598409124e+00 0
5.1725102201736861e-01 7.1193495504996440e-01 1.8119378978679415e+00 0
5.1725102201736872e-01 7.1193495504996385e-01 2.0409631111375597e+00 0
5.1725102201736828e-01 7.1193495504996473e-01 2.2701512100124659e+00 0
5.1725102201736894e-01 7.1193495504996462e-01 2.4992492377366387e+00 0
5.1725102201736828e-01 7.1193495504996462e-01 2.7283524417257312e+00 0
5.1725102201736828e-01 7.1193495504996451e-01 2.9575414928626569e+00 0
5.1725102201736872e-01 7.1193495504996496e-01 3.1866698336901971e+00 0
5.1725102201736839e-01 7.1193495504996451e-01 3.4157709960596625e+00 0
5.1725102201736839e-01 7.1193495504996440e-01 3.6449349816149956e+00 0
5.1725102201736839e-01 7.1193495504996440e-01 3.8740322778141207e+00 0
5.1725102201736928e-01 7.1193495504996385e-01 4.0929857179315663e+00 0
5.1725102201736750e-01 7.1193495504996518e-01 4.2557434077070306e+00 0
5.1725102201736839e-01 7.1193495504996473e-01 4.3867514650906321e+00 0
5.1725102201736872e-01 7.1193495504996462e-01 4.4994897821772453e+00 0
5.1725102201736850e-01 7.1193495504996418e-01 4.5999339713985075e+00 0
5.1725102201736872e-01 7.1193495504996418e-01 4.6915506547061741e+00 0
5.1725102201736761e-01 7.1193495504996507e-01 4.7760428825918355e+00 0
5.1725102201736850e-01 7.1193495504996418e-01 4.8549965148031147e+00 0
5.1725102201736717e-01 7.1193495504996507e-01 4.9293391219597202e+00 0
5.4076243210907027e-01 7.4429563482495986e-01 7.0343017578124806e-02 0
5.4076243210906982e-01 7.4429563482495942e-01 1.4481140766292791e-01 0
5.4076243210907027e-01 7.4429563482495942e-01 2.2378526995893805e-01 0
5.4076243210907027e-01 7.4429563482495942e-01 3.0817944502893840e-01 0
5.4076243210907049e-01 7.4429563482495942e-01 3.9967338224288207e-01 0
5.4076243210906960e-01 7.4429563482495886e-01 5.0005282351779501e-01 0
5.4076243210906982e-01 7.4429563482495886e-01 6.1252403743194694e-01 0
5.4076243210906993e-01 7.4429563482495931e-01 7.4333958966061564e-01 0
5.4076243210906993e-01 7.4429563482495931e-01 9.0584820090739770e-01 0
5.4076243210906993e-01 7.4429563482495920e-01 1.1244994963301287e+00 0
5.4076243210907038e-01 7.4429563482495920e-01 1.3537084799761319e+00 0
5.4076243210906993e-01 7.4429563482495908e-01 1.5827144598409124e+00 0
5.4076243210907060e-01 7.4429563482495864e-01 1.8119378978679406e+00 0
5.4076243210907071e-01 7.4429563482495897e-01 2.0409631111375597e+00 0
5.4076243210907005e-01 7.4429563482495897e-01 2.2701512100124659e+00 0
5.4076243210907005e-01 7.4429563482495886e-01 2.4992492377366387e+00 0
5.4076243210907005e-01 7.4429563482495886e-01 2.7283524417257312e+00 0
5.4076243210907005e-01 7.4429563482495886e-01 2.9575414928626569e+00 0
5.4076243210907049e-01 7.4429563482495875e-01 3.1866698336901971e+00 0
5.4076243210907016e-01 7.4429563482495831e-01 3.4157709960596625e+00 0
5.4076243210907016e-01 7.4429563482495820e-01 3.6449349816149956e+00 0
5.4076243210907038e-01 7.4429563482495775e-01 3.8740322778141207e+00 0
5.4076243210907038e-01 7.4429563482495764e-01 4.0929857179315663e+00 0
5.4076243210906927e-01 7.4429563482495897e-01 4.2557434077070306e+00 0
5.4076243210907016e-01 7.4429563482495809e-01 4.3867514650906303e+00 0
5.4076243210907027e-01 7.4429563482495797e-01 4.4994897821772417e+00 0
5.4076243210907027e-01 7.4429563482495842e-01 4.5999339713985075e+00 0
5.4076243210907049e-01 7.4429563482495842e-01 4.6915506547061741e+00 0
5.4076243210907005e-01 7.4429563482495886e-01 4.7760428825918391e+00 0
5.4076243210907027e-01 7.4429563482495842e-01 4.8549965148031129e+00 0
5.4076243210906960e-01 7.4429563482495886e-01 4.9293391219597202e+00 0
5.6427384220077181e-01 7.7665631459995377e-01 7.0343017578124792e-02 0
5.6427384220077204e-01 7.7665631459995288e-01 1.4481140766292791e-01 0
5.6427384220077159e-01 7.7665631459995377e-01 2.2378526995893805e-01 0
5.6427384220077204e-01 7.7665631459995377e-01 3.0817944502893840e-01 0
5.6427384220077159e-01 7.7665631459995332e-01 3.9967338224288251e-01 0
5.6427384220077137e-01 7.7665631459995410e-01 5.0005282351779490e-01 0
5.6427384220077204e-01 7.7665631459995366e-01 6.1252403743194683e-01 0
5.6427384220077170e-01 7.7665631459995321e-01 7.4333958966061464e-01 0
5.6427384220077170e-01 7.7665631459995366e-01 9.0584820090739759e-01 0
5.6427384220077192e-01 7.7665631459995355e-01 1.1244994963301287e+00 0
5.6427384220077170e-01 7.7665631459995310e-01 1.3537084799761310e+00 0
5.6427384220077192e-01 7.7665631459995343e-01 1.5827144598409115e+00 0
5.6427384220077170e-01 7.7665631459995255e-01 1.8119378978679423e+00 0
5.6427384220077181e-01 7.7665631459995244e-01 2.0409631111375597e+00 0
5.6427384220077181e-01 7.7665631459995332e-01 2.2701512100124659e+00 0
5.6427384220077204e-01 7.7665631459995321e-01 2.4992492377366387e+00 0
5.6427384220077204e-01 7.7665631459995321e-01 2.7283524417257330e+00 0
5.6427384220077226e-01 7.7665631459995321e-01 2.9575414928626569e+00 0
5.6427384220077181e-01 7.7665631459995221e-01 3.1866698336901971e+00 0
5.6427384220077170e-01 7.7665631459995310e-01 3.4157709960596625e+00 0
5.6427384220077192e-01 7.7665631459995255e-01 3.6449349816149939e+00 0
5.6427384220077192e-01 7.7665631459995255e-01 3.8740322778141207e+00 0
5.6427384220077237e-01 7.7665631459995244e-01 4.0929857179315663e+00 0
5.6427384220077170e-01 7.7665631459995244e-01 4.2557434077070306e+00 0
5.6427384220077192e-01 7.7665631459995244e-01 4.3867514650906303e+00 0
5.6427384220077204e-01 7.7665631459995232e-01 4.4994897821772417e+00 0
5.6427384220077181e-01 7.7665631459995277e-01 4.5999339713985075e+00 0
5.6427384220077204e-01 7.7665631459995277e-01 4.6915506547061741e+00 0
5.6427384220077204e-01 7.7665631459995232e-01 4.7760428825918355e+00 0
5.6427384220077181e-01 7.7665631459995277e-01 4.8549965148031147e+00 0
5.6427384220077159e-01 7.7665631459995232e-01 4.9293391219597202e+00 0
6.7957427527495795e-01 4.9373961192568350e-01 7.0343017578124847e-02 0
6.7957427527495928e-01 4.9373961192568255e-01 1.4481140766292797e-01 0
6.7957427527495884e-01 4.9373961192568366e-01 2.2378526995893810e-01 0
6.7957427527495884e-01 4.9373961192568300e-01 3.0817944502893846e-01 0
6.7957427527495906e-01 4.9373961192568228e-01 3.9967338224288212e-01 0
6.7957427527495862e-01 4.9373961192568294e-01 5.0005282351779490e-01 0
6.7957427527495928e-01 4.9373961192568228e-01 6.1252403743194683e-01 0
6.7957427527495895e-01 4.9373961192568377e-01 7.4333958966061464e-01 0
6.7957427527495873e-01 4.9373961192568283e-01 9.0584820090739804e-01 0
6.7957427527495939e-01 4.9373961192568305e-01 1.1244994963301298e+00 0
6.7957427527495828e-01 4.9373961192568344e-01 1.3537084799761321e+00 0
6.7957427527495895e-01 4.9373961192568339e-01 1.5827144598409135e+00 0
6.7957427527495873e-01 4.9373961192568289e-01 1.8119378978679408e+00 0
6.7957427527495928e-01 4.9373961192568239e-01 2.0409631111375597e+00 0
6.7957427527495906e-01 4.9373961192568211e-01 2.2701512100124650e+00 0
6.7957427527495817e-01 4.9373961192568361e-01 2.4992492377366369e+00 0
6.7957427527495951e-01 4.9373961192568266e-01 2.7283524417257277e+00 0
6.7957427527495995e-01 4.9373961192568150e-01 2.9575414928626551e+00 0
6.7957427527495995e-01 4.9373961192568144e-01 3.1866698336901971e+00 0
6.7957427527495939e-01 4.9373961192568228e-01 3.4157709960596625e+00 0
6.7957427527495917e-01 4.9373961192568222e-01 3.6449349816149974e+00 0
6.7957427527495917e-01 4.9373961192568244e-01 3.8740322778141225e+00 0
6.7957427527495895e-01 4.9373961192568194e-01 4.0929857179315663e+00 0
6.7957427527495895e-01 4.9373961192568211e-01 4.2557434077070306e+00 0
6.7957427527495895e-01 4.9373961192568189e-01 4.3867514650906303e+00 0
6.7957427527495862e-01 4.9373961192568316e-01 4.4994897821772417e+00 0
6.7957427527495928e-01 4.9373961192568250e-01 4.5999339713985075e+00 0
6.7957427527495839e-01 4.9373961192568311e-01 4.6915506547061741e+00 0
6.7957427527495973e-01 4.9373961192568200e-01 4.7760428825918355e+00 0
6.7957427527495928e-01 4.9373961192568200e-01 4.8549965148031129e+00 0
6.7957427527495951e-01 4.9373961192568194e-01 4.9293391219597202e+00 0
7.1193495504995497e-01 5.1725102201738093e-01 7.0343017578124847e-02 0
7.1193495504995630e-01 5.1725102201738049e-01 1.4481140766292797e-01 0
7.1193495504995585e-01 5.1725102201738093e-01 2.2378526995893810e-01 0
7.1193495504995674e-01 5.1725102201738049e-01 3.0817944502893846e-01 0
7.1193495504995630e-01 5.1725102201738027e-01 3.9967338224288212e-01 0
7.1193495504995630e-01 5.1725102201738071e-01 5.0005282351779490e-01 0
7.1193495504995630e-01 5.1725102201737994e-01 6.1252403743194683e-01 0
7.1193495504995596e-01 5.1725102201738105e-01 7.4333958966061464e-01 0
7.1193495504995641e-01 5.1725102201738060e-01 9.0584820090739759e-01 0
7.1193495504995641e-01 5.1725102201738027e-01 1.1244994963301287e+00 0
7.1193495504995552e-01 5.1725102201738093e-01 1.3537084799761319e+00 0
7.1193495504995641e-01 5.1725102201738082e-01 1.5827144598409124e+00 0
7.1193495504995596e-01 5.1725102201738038e-01 1.8119378978679423e+00 0
7.1193495504995652e-01 5.1725102201738005e-01 2.0409631111375597e+00 0
7.1193495504995652e-01 5.1725102201737982e-01 2.2701512100124650e+00 0
7.1193495504995519e-01 5.1725102201738093e-01 2.4992492377366369e+00 0
7.1193495504995652e-01 5.1725102201738016e-01 2.7283524417257312e+00 0
7.1193495504995652e-01 5.1725102201737927e-01 2.9575414928626569e+00 0
7.1193495504995696e-01 5.1725102201737894e-01 3.1866698336901971e+00 0
7.1193495504995663e-01 5.1725102201738005e-01 3.4157709960596625e+00 0
7.1193495504995707e-01 5.1725102201737994e-01 3.6449349816149956e+00 0
7.1193495504995619e-01 5.1725102201737971e-01 3.8740322778141207e+00 0
7.1193495504995663e-01 5.1725102201737960e-01 4.0929857179315663e+00 0
7.1193495504995619e-01 5.1725102201737960e-01 4.2557434077070306e+00 0
7.1193495504995663e-01 5.1725102201737960e-01 4.3867514650906321e+00 0
7.1193495504995630e-01 5.1725102201738071e-01 4.4994897821772417e+00 0
7.1193495504995630e-01 5.1725102201737994e-01 4.5999339713985075e+00 0
7.1193495504995630e-01 5.1725102201738038e-01 4.6915506547061741e+00 0
7.1193495504995630e-01 5.1725102201737971e-01 4.7760428825918355e+00 0
7.1193495504995674e-01 5.1725102201737949e-01 4.8549965148031147e+00 0
7.1193495504995674e-01 5.1725102201737949e-01 4.9293391219597202e+00 0
7.4429563482495364e-01 5.4076243210907782e-01 7.0343017578124820e-02 0
7.4429563482495320e-01 5.4076243210907737e-01 1.4481140766292797e-01 0
7.4429563482495320e-01 5.4076243210907804e-01 2.2378526995893810e-01 0
7.4429563482495320e-01 5.4076243210907782e-01 3.0817944502893846e-01 0
7.4429563482495320e-01 5.4076243210907782e-01 3.9967338224288257e-01 0
7.4429563482495320e-01 5.4076243210907826e-01 5.0005282351779490e-01 0
7.4429563482495409e-01 5.4076243210907771e-01 6.1252403743194683e-01 0
7.4429563482495376e-01 5.4076243210907815e-01 7.4333958966061464e-01 0
7.4429563482495287e-01 5.4076243210907815e-01 9.0584820090739804e-01 0
7.4429563482495331e-01 5.4076243210907804e-01 1.1244994963301287e+00 0
7.4429563482495331e-01 5.4076243210907826e-01 1.3537084799761310e+00 0
7.4429563482495331e-01 5.4076243210907748e-01 1.5827144598409133e+00 0
7.4429563482495331e-01 5.4076243210907793e-01 1.8119378978679406e+00 0
7.4429563482495342e-01 5.4076243210907782e-01 2.0409631111375597e+00 0
7.4429563482495342e-01 5.4076243210907693e-01 2.2701512100124650e+00 0
7.4429563482495298e-01 5.4076243210907782e-01 2.4992492377366387e+00 0
7.4429563482495342e-01 5.4076243210907771e-01 2.7283524417257312e+00 0
7.4429563482495387e-01 5.4076243210907726e-01 2.9575414928626569e+00 0
7.4429563482495387e-01 5.4076243210907715e-01 3.1866698336901971e+00 0
7.4429563482495398e-01 5.4076243210907737e-01 3.4157709960596625e+00 0
7.4429563482495309e-01 5.4076243210907704e-01 3.6449349816149974e+00 0
7.4429563482495353e-01 5.4076243210907726e-01 3.8740322778141207e+00 0
7.4429563482495398e-01 5.4076243210907671e-01 4.0929857179315663e+00 0
7.4429563482495353e-01 5.4076243210907649e-01 4.2557434077070306e+00 0
7.4429563482495353e-01 5.4076243210907737e-01 4.3867514650906374e+00 0
7.4429563482495364e-01 5.4076243210907737e-01 4.4994897821772417e+00 0
7.4429563482495320e-01 5.4076243210907726e-01 4.5999339713985075e+00 0
7.4429563482495231e-01 5.4076243210907726e-01 4.6915506547061705e+00 0
7.4429563482495320e-01 5.4076243210907660e-01 4.7760428825918337e+00 0
7.4429563482495364e-01 5.4076243210907637e-01 4.8549965148031129e+00 0
7.4429563482495320e-01 5.4076243210907682e-01 4.9293391219597202e+00 0
7.7665631459995099e-01 5.6427384220077603e-01 7.0343017578124820e-02 0
7.7665631459994966e-01 5.6427384220077581e-01 1.4481140766292794e-01 0
7.7665631459995055e-01 5.6427384220077581e-01 2.2378526995893808e-01 0
7.7665631459995055e-01 5.6427384220077625e-01 3.0817944502893846e-01 0
7.7665631459995099e-01 5.6427384220077559e-01 3.9967338224288212e-01 0
7.7665631459995099e-01 5.6427384220077559e-01 5.0005282351779490e-01 0
7.7665631459995099e-01 5.6427384220077570e-01 6.1252403743194683e-01 0
7.7665631459995066e-01 5.6427384220077570e-01 7.4333958966061464e-01 0
7.7665631459995110e-01 5.6427384220077592e-01 9.0584820090739759e-01 0
7.7665631459995110e-01 5.6427384220077537e-01 1.1244994963301287e+00 0
7.7665631459995021e-01 5.6427384220077537e-01 1.3537084799761319e+00 0
7.7665631459995110e-01 5.6427384220077526e-01 1.5827144598409124e+00 0
7.7665631459995066e-01 5.6427384220077503e-01 1.8119378978679415e+00 0
7.7665631459995033e-01 5.6427384220077570e-01 2.0409631111375597e+00 0
7.7665631459995121e-01 5.6427384220077492e-01 2.2701512100124632e+00 0
7.7665631459995077e-01 5.6427384220077559e-01 2.4992492377366387e+00 0
7.7665631459995077e-01 5.6427384220077526e-01 2.7283524417257312e+00 0
7.7665631459995077e-01 5.6427384220077481e-01 2.9575414928626551e+00 0
7.7665631459995077e-01 5.6427384220077492e-01 3.1866698336901988e+00 0
7.7665631459995133e-01 5.6427384220077537e-01 3.4157709960596625e+00 0
7.7665631459995133e-01 5.6427384220077503e-01 3.6449349816149956e+00 0
7.7665631459995088e-01 5.6427384220077459e-01 3.8740322778141225e+00 0
7.7665631459995088e-01 5.6427384220077448e-01 4.0929857179315663e+00 0
7.7665631459995088e-01 5.6427384220077470e-01 4.2557434077070306e+00 0
7.7665631459995044e-01 5.6427384220077492e-01 4.3867514650906303e+00 0
7.7665631459995099e-01 5.6427384220077514e-01 4.4994897821772417e+00 0
7.7665631459995099e-01 5.6427384220077437e-01 4.5999339713985075e+00 0
7.7665631459995055e-01 5.6427384220077526e-01 4.6915506547061687e+00 0
7.7665631459995144e-01 5.6427384220077503e-01 4.7760428825918355e+00 0
7.7665631459995099e-01 5.6427384220077415e-01 4.8549965148031147e+00 0
7.7665631459995144e-01 5.6427384220077526e-01 4.9293391219597202e+00 0
7.4844548031823377e-01 3.8135201978122979e-01 7.0343017578124861e-02 0
7.4844548031823332e-01 3.8135201978122957e-01 1.4481140766292799e-01 0
7.4844548031823332e-01 3.8135201978122951e-01 2.2378526995893813e-01 0
7.4844548031823332e-01 3.8135201978122973e-01 3.0817944502893846e-01 0
7.4844548031823332e-01 3.8135201978122973e-01 3.9967338224288212e-01 0
7.4844548031823332e-01 3.8135201978122923e-01 5.0005282351779490e-01 0
7.4844548031823332e-01 3.8135201978122968e-01 6.1252403743194683e-01 0
7.4844548031823344e-01 3.8135201978122940e-01 7.4333958966061464e-01 0
7.4844548031823388e-01 3.8135201978122962e-01 9.0584820090739715e-01 0
7.4844548031823344e-01 3.8135201978122912e-01 1.1244994963301289e+00 0
7.4844548031823344e-01 3.8135201978122951e-01 1.3537084799761321e+00 0
7.4844548031823388e-01 3.8135201978122923e-01 1.5827144598409117e+00 0
7.4844548031823344e-01 3.8135201978122940e-01 1.8119378978679417e+00 0
7.4844548031823355e-01 3.8135201978122912e-01 2.0409631111375597e+00 0
7.4844548031823310e-01 3.8135201978122929e-01 2.2701512100124632e+00 0
7.4844548031823355e-01 3.8135201978122901e-01 2.4992492377366387e+00 0
7.4844548031823310e-01 3.8135201978122896e-01 2.7283524417257330e+00 0
7.4844548031823355e-01 3.8135201978122890e-01 2.9575414928626569e+00 0
7.4844548031823399e-01 3.8135201978122885e-01 3.1866698336901988e+00 0
7.4844548031823366e-01 3.8135201978122907e-01 3.4157709960596625e+00 0
7.4844548031823410e-01 3.8135201978122857e-01 3.6449349816149956e+00 0
7.4844548031823366e-01 3.8135201978122896e-01 3.8740322778141225e+00 0
7.4844548031823410e-01 3.8135201978122801e-01 4.0929857179315627e+00 0
7.4844548031823366e-01 3.8135201978122885e-01 4.2557434077070306e+00 0
7.4844548031823366e-01 3.8135201978122840e-01 4.3867514650906321e+00 0
7.4844548031823377e-01 3.8135201978122879e-01 4.4994897821772417e+00 0
7.4844548031823377e-01 3.8135201978122835e-01 4.5999339713985039e+00 0
7.4844548031823421e-01 3.8135201978122762e-01 4.6915506547061741e+00 0
7.4844548031823421e-01 3.8135201978122762e-01 4.7760428825918337e+00 0
7.4844548031823377e-01 3.8135201978122851e-01 4.8549965148031129e+00 0
7.4844548031823377e-01 3.8135201978122846e-01 4.9293391219597202e+00 0
7.8408574128576747e-01 3.9951163977080922e-01 7.0343017578124861e-02 0
7.8408574128576702e-01 3.9951163977080900e-01 1.4481140766292799e-01 0
7.8408574128576747e-01 3.9951163977080872e-01 2.2378526995893813e-01 0
7.8408574128576747e-01 3.9951163977080895e-01 3.0817944502893890e-01 0
7.8408574128576702e-01 3.9951163977080872e-01 3.9967338224288257e-01 0
7.8408574128576747e-01 3.9951163977080867e-01 5.0005282351779490e-01 0
7.8408574128576747e-01 3.9951163977080867e-01 6.1252403743194683e-01 0
7.8408574128576758e-01 3.9951163977080906e-01 7.4333958966061464e-01 0
7.8408574128576758e-01 3.9951163977080861e-01 9.0584820090739759e-01 0
7.8408574128576758e-01 3.9951163977080856e-01 1.1244994963301289e+00 0
7.8408574128576713e-01 3.9951163977080850e-01 1.3537084799761312e+00 0
7.8408574128576758e-01 3.9951163977080889e-01 1.5827144598409117e+00 0
7.8408574128576758e-01 3.9951163977080839e-01 1.8119378978679417e+00 0
7.8408574128576769e-01 3.9951163977080834e-01 2.0409631111375597e+00 0
7.8408574128576769e-01 3.9951163977080850e-01 2.2701512100124650e+00 0
7.8408574128576769e-01 3.9951163977080822e-01 2.4992492377366387e+00 0
7.8408574128576769e-01 3.9951163977080861e-01 2.7283524417257312e+00 0
7.8408574128576769e-01 3.9951163977080811e-01 2.9575414928626569e+00 0
7.8408574128576769e-01 3.9951163977080806e-01 3.1866698336901971e+00 0
7.8408574128576780e-01 3.9951163977080828e-01 3.4157709960596625e+00 0
7.8408574128576780e-01 3.9951163977080800e-01 3.6449349816149956e+00 0
7.8408574128576780e-01 3.9951163977080795e-01 3.8740322778141207e+00 0
7.8408574128576780e-01 3.9951163977080723e-01 4.0929857179315663e+00 0
7.8408574128576780e-01 3.9951163977080784e-01 4.2557434077070306e+00 0
7.8408574128576780e-01 3.9951163977080761e-01 4.3867514650906321e+00 0
7.8408574128576791e-01 3.9951163977080800e-01 4.4994897821772417e+00 0
7.8408574128576791e-01 3.9951163977080778e-01 4.5999339713985075e+00 0
7.8408574128576791e-01 3.9951163977080684e-01 4.6915506547061723e+00 0
7.8408574128576791e-01 3.9951163977080728e-01 4.7760428825918355e+00 0
7.8408574128576747e-01 3.9951163977080795e-01 4.8549965148031164e+00 0
7.8408574128576791e-01 3.9951163977080795e-01 4.9293391219597202e+00 0
8.1972600225330072e-01 4.1767125976038849e-01 7.0343017578124847e-02 0
8.1972600225330117e-01 4.1767125976038827e-01 1.4481140766292797e-01 0
8.1972600225330072e-01 4.1767125976038799e-01 2.2378526995893810e-01 0
8.1972600225330072e-01 4.1767125976038844e-01 3.0817944502893846e-01 0
8.1972600225330117e-01 4.1767125976038844e-01 3.9967338224288257e-01 0
8.1972600225330072e-01 4.1767125976038838e-01 5.0005282351779490e-01 0
8.1972600225330072e-01 4.1767125976038816e-01 6.1252403743194683e-01 0
8.1972600225330128e-01 4.1767125976038832e-01 7.4333958966061509e-01 0
8.1972600225330128e-01 4.1767125976038832e-01 9.0584820090739759e-01 0
8.1972600225330083e-01 4.1767125976038783e-01 1.1244994963301289e+00 0
8.1972600225330083e-01 4.1767125976038821e-01 1.3537084799761321e+00 0
8.1972600225330083e-01 4.1767125976038794e-01 1.5827144598409126e+00 0
8.1972600225330128e-01 4.1767125976038788e-01 1.8119378978679408e+00 0
8.1972600225330094e-01 4.1767125976038760e-01 2.0409631111375597e+00 0
8.1972600225330094e-01 4.1767125976038799e-01 2.2701512100124659e+00 0
8.1972600225330094e-01 4.1767125976038749e-01 2.4992492377366369e+00 0
8.1972600225330094e-01 4.1767125976038788e-01 2.7283524417257330e+00 0
8.1972600225330094e-01 4.1767125976038738e-01 2.9575414928626569e+00 0
8.1972600225330094e-01 4.1767125976038760e-01 3.1866698336901971e+00 0
8.1972600225330106e-01 4.1767125976038755e-01 3.4157709960596625e+00 0
8.1972600225330150e-01 4.1767125976038705e-01 3.6449349816149939e+00 0
8.1972600225330106e-01 4.1767125976038766e-01 3.8740322778141207e+00 0
8.1972600225330150e-01 4.1767125976038694e-01 4.0929857179315663e+00 0
8.1972600225330106e-01 4.1767125976038710e-01 4.2557434077070271e+00 0
8.1972600225330150e-01 4.1767125976038733e-01 4.3867514650906339e+00 0
8.1972600225330117e-01 4.1767125976038705e-01 4.4994897821772417e+00 0
8.1972600225330161e-01 4.1767125976038705e-01 4.5999339713985075e+00 0
8.1972600225330117e-01 4.1767125976038683e-01 4.6915506547061705e+00 0
8.1972600225330117e-01 4.1767125976038677e-01 4.7760428825918355e+00 0
8.1972600225330117e-01 4.1767125976038721e-01 4.8549965148031129e+00 0
8.1972600225330117e-01 4.1767125976038699e-01 4.9293391219597167e+00 0
8.5536626322083398e-01 4.3583087974996776e-01 7.0343017578124847e-02 0
8.5536626322083487e-01 4.3583087974996776e-01 1.4481140766292797e-01 0
8.5536626322083487e-01 4.3583087974996748e-01 2.2378526995893810e-01 0
8.5536626322083398e-01 4.3583087974996770e-01 3.0817944502893890e-01 0
8.5536626322083487e-01 4.3583087974996770e-01 3.9967338224288212e-01 0
8.5536626322083487e-01 4.3583087974996765e-01 5.0005282351779490e-01 0
8.5536626322083442e-01 4.3583087974996765e-01 6.1252403743194683e-01 0
8.5536626322083453e-01 4.3583087974996759e-01 7.4333958966061464e-01 0
8.5536626322083498e-01 4.3583087974996759e-01 9.0584820090739804e-01 0
8.5536626322083409e-01 4.3583087974996731e-01 1.1244994963301289e+00 0
8.5536626322083498e-01 4.3583087974996748e-01 1.3537084799761321e+00 0
8.5536626322083409e-01 4.3583087974996743e-01 1.5827144598409126e+00 0
8.5536626322083409e-01 4.3583087974996693e-01 1.8119378978679408e+00 0
8.5536626322083464e-01 4.3583087974996687e-01 2.0409631111375597e+00 0
8.5536626322083420e-01 4.3583087974996726e-01 2.2701512100124659e+00 0
8.5536626322083420e-01 4.3583087974996698e-01 2.4992492377366404e+00 0
8.5536626322083420e-01 4.3583087974996693e-01 2.7283524417257330e+00 0
8.5536626322083464e-01 4.3583087974996715e-01 2.9575414928626551e+00 0
8.5536626322083509e-01 4.3583087974996709e-01 3.1866698336901988e+00 0
8.5536626322083475e-01 4.3583087974996682e-01 3.4157709960596625e+00 0
8.5536626322083520e-01 4.3583087974996698e-01 3.6449349816149956e+00 0
8.5536626322083520e-01 4.3583087974996693e-01 3.8740322778141225e+00 0
8.5536626322083475e-01 4.3583087974996643e-01 4.0929857179315663e+00 0
8.5536626322083475e-01 4.3583087974996637e-01 4.2557434077070306e+00 0
8.5536626322083475e-01 4.3583087974996637e-01 4.3867514650906339e+00 0
8.5536626322083487e-01 4.3583087974996654e-01 4.4994897821772417e+00 0
8.5536626322083531e-01 4.3583087974996654e-01 4.5999339713985075e+00 0
8.5536626322083487e-01 4.3583087974996632e-01 4.6915506547061741e+00 0
8.5536626322083531e-01 4.3583087974996626e-01 4.7760428825918320e+00 0
8.5536626322083531e-01 4.3583087974996670e-01 4.8549965148031147e+00 0
8.5536626322083487e-01 4.3583087974996626e-01 4.9293391219597202e+00 0
7.9888747368793334e-01 2.5957427527497046e-01 7.0343017578124889e-02 0
7.9888747368793422e-01 2.5957427527496879e-01 1.4481140766292802e-01 0
7.9888747368793289e-01 2.5957427527497107e-01 2.2378526995893816e-01 0
7.9888747368793334e-01 2.5957427527496962e-01 3.0817944502893851e-01 0
7.9888747368793334e-01 2.5957427527496940e-01 3.9967338224288262e-01 0
7.9888747368793334e-01 2.5957427527497046e-01 5.0005282351779490e-01 0
7.9888747368793334e-01 2.5957427527496857e-01 6.1252403743194661e-01 0
7.9888747368793434e-01 2.5957427527496973e-01 7.4333958966061464e-01 0
7.9888747368793478e-01 2.5957427527496973e-01 9.0584820090739759e-01 0
7.9888747368793389e-01 2.5957427527496957e-01 1.1244994963301294e+00 0
7.9888747368793434e-01 2.5957427527496951e-01 1.3537084799761321e+00 0
7.9888747368793345e-01 2.5957427527496935e-01 1.5827144598409117e+00 0
7.9888747368793345e-01 2.5957427527496929e-01 1.8119378978679417e+00 0
7.9888747368793356e-01 2.5957427527497046e-01 2.0409631111375597e+00 0
7.9888747368793400e-01 2.5957427527496874e-01 2.2701512100124632e+00 0
7.9888747368793356e-01 2.5957427527497046e-01 2.4992492377366387e+00 0
7.9888747368793445e-01 2.5957427527496929e-01 2.7283524417257330e+00 0
7.9888747368793356e-01 2.5957427527497035e-01 2.9575414928626569e+00 0
7.9888747368793400e-01 2.5957427527496862e-01 3.1866698336901988e+00 0
7.9888747368793367e-01 2.5957427527497029e-01 3.4157709960596625e+00 0
7.9888747368793367e-01 2.5957427527496957e-01 3.6449349816149956e+00 0
7.9888747368793367e-01 2.5957427527496962e-01 3.8740322778141207e+00 0
7.9888747368793367e-01 2.5957427527496879e-01 4.0929857179315663e+00 0
7.9888747368793367e-01 2.5957427527496951e-01 4.2557434077070306e+00 0
7.9888747368793411e-01 2.5957427527496763e-01 4.3867514650906303e+00 0
7.9888747368793467e-01 2.5957427527496824e-01 4.4994897821772453e+00 0
7.9888747368793378e-01 2.5957427527496924e-01 4.5999339713985075e+00 0
7.9888747368793378e-01 2.5957427527496996e-01 4.6915506547061741e+00 0
7.9888747368793467e-01 2.5957427527496874e-01 4.7760428825918355e+00 0
7.9888747368793334e-01 2.5957427527496985e-01 4.8549965148031164e+00 0
7.9888747368793334e-01 2.5957427527496996e-01 4.9293391219597202e+00 0
8.3692973433973872e-01 2.7193495504996490e-01 7.0343017578124889e-02 0
8.3692973433973827e-01 2.7193495504996357e-01 1.4481140766292799e-01 0
8.3692973433973827e-01 2.7193495504996518e-01 2.2378526995893813e-01 0
8.3692973433973872e-01 2.7193495504996418e-01 3.0817944502893851e-01 0
8.3692973433973872e-01 2.7193495504996384e-01 3.9967338224288262e-01 0
8.3692973433973827e-01 2.7193495504996468e-01 5.0005282351779490e-01 0
8.3692973433973872e-01 2.7193495504996346e-01 6.1252403743194683e-01 0
8.3692973433973972e-01 2.7193495504996418e-01 7.4333958966061464e-01 0
8.3692973433973927e-01 2.7193495504996429e-01 9.0584820090739759e-01 0
8.3692973433973927e-01 2.7193495504996423e-01 1.1244994963301294e+00 0
8.3692973433973883e-01 2.7193495504996396e-01 1.3537084799761312e+00 0
8.3692973433973838e-01 2.7193495504996390e-01 1.5827144598409117e+00 0
8.3692973433973972e-01 2.7193495504996407e-01 1.8119378978679417e+00 0
8.3692973433973850e-01 2.7193495504996479e-01 2.0409631111375597e+00 0
8.3692973433973850e-01 2.7193495504996340e-01 2.2701512100124641e+00 0
8.3692973433973850e-01 2.7193495504996468e-01 2.4992492377366387e+00 0
8.3692973433973938e-01 2.7193495504996373e-01 2.7283524417257312e+00 0
8.3692973433973850e-01 2.7193495504996457e-01 2.9575414928626569e+00 0
8.3692973433973894e-01 2.7193495504996323e-01 3.1866698336901971e+00 0
8.3692973433973861e-01 2.7193495504996462e-01 3.4157709960596625e+00 0
8.3692973433973905e-01 2.7193495504996401e-01 3.6449349816149956e+00 0
8.3692973433973861e-01 2.7193495504996396e-01 3.8740322778141225e+00 0
8.3692973433973950e-01 2.7193495504996334e-01 4.0929857179315663e+00 0
8.3692973433973905e-01 2.7193495504996384e-01 4.2557434077070306e+00 0
8.3692973433973950e-01 2.7193495504996262e-01 4.3867514650906339e+00 0
8.3692973433973961e-01 2.7193495504996301e-01 4.4994897821772417e+00 0
8.3692973433973872e-01 2.7193495504996379e-01 4.5999339713985075e+00 0
8.3692973433973872e-01 2.7193495504996423e-01 4.6915506547061741e+00 0
8.3692973433973916e-01 2.7193495504996340e-01 4.7760428825918355e+00 0
8.3692973433973872e-01 2.7193495504996418e-01 4.8549965148031164e+00 0
8.3692973433973872e-01 2.7193495504996429e-01 4.9293391219597202e+00 0
8.7497199499154366e-01 2.8429563482495901e-01 7.0343017578124875e-02 0
8.7497199499154410e-01 2.8429563482495812e-01 1.4481140766292799e-01 0
8.7497199499154410e-01 2.8429563482495940e-01 2.2378526995893813e-01 0
8.7497199499154410e-01 2.8429563482495873e-01 3.0817944502893851e-01 0
8.7497199499154454e-01 2.8429563482495840e-01 3.9967338224288262e-01 0
8.7497199499154321e-01 2.8429563482495912e-01 5.0005282351779490e-01 0
8.7497199499154366e-01 2.8429563482495801e-01 6.1252403743194683e-01 0
8.7497199499154377e-01 2.8429563482495862e-01 7.4333958966061553e-01 0
8.7497199499154421e-01 2.8429563482495851e-01 9.0584820090739759e-01 0
8.7497199499154421e-01 2.8429563482495857e-01 1.1244994963301285e+00 0
8.7497199499154421e-01 2.8429563482495851e-01 1.3537084799761321e+00 0
8.7497199499154421e-01 2.8429563482495834e-01 1.5827144598409126e+00 0
8.7497199499154421e-01 2.8429563482495840e-01 1.8119378978679417e+00 0
8.7497199499154388e-01 2.8429563482495901e-01 2.0409631111375597e+00 0
8.7497199499154432e-01 2.8429563482495807e-01 2.2701512100124659e+00 0
8.7497199499154343e-01 2.8429563482495890e-01 2.4992492377366387e+00 0
8.7497199499154432e-01 2.8429563482495818e-01 2.7283524417257330e+00 0
8.7497199499154432e-01 2.8429563482495895e-01 2.9575414928626569e+00 0
8.7497199499154432e-01 2.8429563482495790e-01 3.1866698336901971e+00 0
8.7497199499154354e-01 2.8429563482495873e-01 3.4157709960596625e+00 0
8.7497199499154399e-01 2.8429563482495834e-01 3.6449349816149956e+00 0
8.7497199499154399e-01 2.8429563482495829e-01 3.8740322778141207e+00 0
8.7497199499154443e-01 2.8429563482495790e-01 4.0929857179315663e+00 0
8.7497199499154399e-01 2.8429563482495818e-01 4.2557434077070306e+00 0
8.7497199499154443e-01 2.8429563482495740e-01 4.3867514650906321e+00 0
8.7497199499154454e-01 2.8429563482495757e-01 4.4994897821772417e+00 0
8.7497199499154366e-01 2.8429563482495812e-01 4.5999339713985075e+00 0
8.7497199499154410e-01 2.8429563482495834e-01 4.6915506547061723e+00 0
8.7497199499154454e-01 2.8429563482495795e-01 4.7760428825918391e+00 0
8.7497199499154366e-01 2.8429563482495818e-01 4.8549965148031164e+00 0
8.7497199499154410e-01 2.8429563482495829e-01 4.9293391219597202e+00 0
9.1301425564334870e-01 2.9665631459995323e-01 7.0343017578124861e-02 0
9.1301425564334915e-01 2.9665631459995301e-01 1.4481140766292799e-01 0
9.1301425564334915e-01 2.9665631459995356e-01 2.2378526995893813e-01 0
9.1301425564334915e-01 2.9665631459995306e-01 3.0817944502893851e-01 0
9.1301425564334870e-01 2.9665631459995284e-01 3.9967338224288262e-01 0
9.1301425564334915e-01 2.9665631459995334e-01 5.0005282351779490e-01 0
9.1301425564334870e-01 2.9665631459995290e-01 6.1252403743194683e-01 0
9.1301425564334926e-01 2.9665631459995284e-01 7.4333958966061464e-01 0
9.1301425564334837e-01 2.9665631459995284e-01 9.0584820090739804e-01 0
9.1301425564334926e-01 2.9665631459995290e-01 1.1244994963301294e+00 0
9.1301425564334882e-01 2.9665631459995284e-01 1.3537084799761312e+00 0
9.1301425564334882e-01 2.9665631459995279e-01 1.5827144598409117e+00 0
9.1301425564334882e-01 2.9665631459995273e-01 1.8119378978679408e+00 0
9.1301425564334893e-01 2.9665631459995312e-01 2.0409631111375597e+00 0
9.1301425564334937e-01 2.9665631459995273e-01 2.2701512100124650e+00 0
9.1301425564334848e-01 2.9665631459995290e-01 2.4992492377366387e+00 0
9.1301425564334937e-01 2.9665631459995245e-01 2.7283524417257312e+00 0
9.1301425564334893e-01 2.9665631459995306e-01 2.9575414928626569e+00 0
9.1301425564334893e-01 2.9665631459995245e-01 3.1866698336901971e+00 0
9.1301425564334948e-01 2.9665631459995284e-01 3.4157709960596625e+00 0
9.1301425564334859e-01 2.9665631459995268e-01 3.6449349816149974e+00 0
9.1301425564334904e-01 2.9665631459995240e-01 3.8740322778141207e+00 0
9.1301425564334948e-01 2.9665631459995223e-01 4.0929857179315663e+00 0
9.1301425564334948e-01 2.9665631459995251e-01 4.2557434077070306e+00 0
9.1301425564334993e-01 2.9665631459995206e-01 4.3867514650906303e+00 0
9.1301425564334959e-01 2.9665631459995212e-01 4.4994897821772417e+00 0
9.1301425564334915e-01 2.9665631459995245e-01 4.5999339713985075e+00 0
9.1301425564334959e-01 2.9665631459995256e-01 4.6915506547061741e+00 0
9.1301425564334959e-01 2.9665631459995195e-01 4.7760428825918355e+00 0
9.1301425564334915e-01 2.9665631459995240e-01 4.8549965148031147e+00 0
9.1301425564334959e-01 2.9665631459995262e-01 4.9293391219597202e+00 0
8.2965820609991903e-01 1.3140495063381269e-01 7.0343017578124917e-02 0
8.2965820609991858e-01 1.3140495063381255e-01 1.4481140766292802e-01 0
8.2965820609991858e-01 1.3140495063381333e-01 2.2378526995893816e-01 0
8.2965820609991858e-01 1.3140495063381263e-01 3.0817944502893851e-01 0
8.2965820609991947e-01 1.3140495063381205e-01 3.9967338224288218e-01 0
8.2965820609991858e-01 1.3140495063381327e-01 5.0005282351779501e-01 0
8.2965820609991814e-01 1.3140495063381258e-01 6.1252403743194694e-01 0
8.2965820609991958e-01 1.3140495063381255e-01 7.4333958966061475e-01 0
8.2965820609991914e-01 1.3140495063381311e-01 9.0584820090739770e-01 0
8.2965820609991914e-01 1.3140495063381258e-01 1.1244994963301289e+00 0
8.2965820609991914e-01 1.3140495063381186e-01 1.3537084799761312e+00 0
8.2965820609991869e-01 1.3140495063381241e-01 1.5827144598409117e+00 0
8.2965820609991914e-01 1.3140495063381180e-01 1.8119378978679408e+00 0
8.2965820609991925e-01 1.3140495063381169e-01 2.0409631111375597e+00 0
8.2965820609991925e-01 1.3140495063381280e-01 2.2701512100124650e+00 0
8.2965820609991880e-01 1.3140495063381216e-01 2.4992492377366387e+00 0
8.2965820609991880e-01 1.3140495063381216e-01 2.7283524417257330e+00 0
8.2965820609991925e-01 1.3140495063381200e-01 2.9575414928626551e+00 0
8.2965820609991925e-01 1.3140495063381150e-01 3.1866698336901988e+00 0
8.2965820609991936e-01 1.3140495063381250e-01 3.4157709960596625e+00 0
8.2965820609991892e-01 1.3140495063381183e-01 3.6449349816149956e+00 0
8.2965820609991892e-01 1.3140495063381186e-01 3.8740322778141225e+00 0
8.2965820609991980e-01 1.3140495063381069e-01 4.0929857179315663e+00 0
8.2965820609991892e-01 1.3140495063381344e-01 4.2557434077070306e+00 0
8.2965820609991892e-01 1.3140495063381166e-01 4.3867514650906303e+00 0
8.2965820609991903e-01 1.3140495063381166e-01 4.4994897821772417e+00 0
8.2965820609991991e-01 1.3140495063381236e-01 4.5999339713985092e+00 0
8.2965820609991903e-01 1.3140495063381227e-01 4.6915506547061741e+00 0
8.2965820609991947e-01 1.3140495063381330e-01 4.7760428825918355e+00 0
8.2965820609991903e-01 1.3140495063381225e-01 4.8549965148031147e+00 0
8.2965820609991947e-01 1.3140495063381327e-01 4.9293391219597202e+00 0
8.6916573972372413e-01 1.3766232923541732e-01 7.0343017578124917e-02 0
8.6916573972372413e-01 1.3766232923541727e-01 1.4481140766292802e-01 0
8.6916573972372368e-01 1.3766232923541763e-01 2.2378526995893816e-01 0
8.6916573972372413e-01 1.3766232923541716e-01 3.0817944502893851e-01 0
8.6916573972372368e-01 1.3766232923541682e-01 3.9967338224288218e-01 0
8.6916573972372368e-01 1.3766232923541752e-01 5.0005282351779501e-01 0
8.6916573972372368e-01 1.3766232923541721e-01 6.1252403743194694e-01 0
8.6916573972372424e-01 1.3766232923541719e-01 7.4333958966061475e-01 0
8.6916573972372380e-01 1.3766232923541746e-01 9.0584820090739770e-01 0
8.6916573972372424e-01 1.3766232923541699e-01 1.1244994963301289e+00 0
8.6916573972372424e-01 1.3766232923541655e-01 1.3537084799761312e+00 0
8.6916573972372380e-01 1.3766232923541677e-01 1.5827144598409126e+00 0
8.6916573972372468e-01 1.3766232923541644e-01 1.8119378978679408e+00 0
8.6916573972372480e-01 1.3766232923541644e-01 2.0409631111375597e+00 0
8.6916573972372391e-01 1.3766232923541730e-01 2.2701512100124650e+00 0
8.6916573972372391e-01 1.3766232923541680e-01 2.4992492377366387e+00 0
8.6916573972372391e-01 1.3766232923541663e-01 2.7283524417257312e+00 0
8.6916573972372435e-01 1.3766232923541641e-01 2.9575414928626569e+00 0
8.6916573972372435e-01 1.3766232923541613e-01 3.1866698336901971e+00 0
8.6916573972372357e-01 1.3766232923541691e-01 3.4157709960596625e+00 0
8.6916573972372446e-01 1.3766232923541633e-01 3.6449349816149974e+00 0
8.6916573972372402e-01 1.3766232923541638e-01 3.8740322778141207e+00 0
8.6916573972372446e-01 1.3766232923541549e-01 4.0929857179315663e+00 0
8.6916573972372357e-01 1.3766232923541752e-01 4.2557434077070306e+00 0
8.6916573972372446e-01 1.3766232923541616e-01 4.3867514650906321e+00 0
8.6916573972372457e-01 1.3766232923541613e-01 4.4994897821772417e+00 0
8.6916573972372413e-01 1.3766232923541666e-01 4.5999339713985075e+00 0
8.6916573972372413e-01 1.3766232923541663e-01 4.6915506547061741e+00 0
8.6916573972372324e-01 1.3766232923541746e-01 4.7760428825918355e+00 0
8.6916573972372413e-01 1.3766232923541660e-01 4.8549965148031164e+00 0
8.6916573972372368e-01 1.3766232923541741e-01 4.9293391219597202e+00 0
9.0867327334752845e-01 1.4391970783702177e-01 7.0343017578124903e-02 0
9.0867327334752845e-01 1.4391970783702182e-01 1.4481140766292802e-01 0
9.0867327334752890e-01 1.4391970783702218e-01 2.2378526995893816e-01 0
9.0867327334752845e-01 1.4391970783702177e-01 3.0817944502893851e-01 0
9.0867327334752845e-01 1.4391970783702154e-01 3.9967338224288218e-01 0
9.0867327334752845e-01 1.4391970783702207e-01 5.0005282351779501e-01 0
9.0867327334752845e-01 1.4391970783702177e-01 6.1252403743194694e-01 0
9.0867327334752857e-01 1.4391970783702168e-01 7.4333958966061520e-01 0
9.0867327334752901e-01 1.4391970783702204e-01 9.0584820090739770e-01 0
9.0867327334752857e-01 1.4391970783702160e-01 1.1244994963301289e+00 0
9.0867327334752901e-01 1.4391970783702132e-01 1.3537084799761312e+00 0
9.0867327334752812e-01 1.4391970783702149e-01 1.5827144598409117e+00 0
9.0867327334752857e-01 1.4391970783702115e-01 1.8119378978679390e+00 0
9.0867327334752956e-01 1.4391970783702113e-01 2.0409631111375597e+00 0
9.0867327334752912e-01 1.4391970783702168e-01 2.2701512100124632e+00 0
9.0867327334752868e-01 1.4391970783702129e-01 2.4992492377366387e+00 0
9.0867327334752868e-01 1.4391970783702124e-01 2.7283524417257330e+00 0
9.0867327334752912e-01 1.4391970783702107e-01 2.9575414928626569e+00 0
9.0867327334752956e-01 1.4391970783702074e-01 3.1866698336901988e+00 0
9.0867327334752879e-01 1.4391970783702127e-01 3.4157709960596625e+00 0
9.0867327334752968e-01 1.4391970783702099e-01 3.6449349816149956e+00 0
9.0867327334752923e-01 1.4391970783702104e-01 3.8740322778141225e+00 0
9.0867327334752923e-01 1.4391970783702038e-01 4.0929857179315663e+00 0
9.0867327334752879e-01 1.4391970783702174e-01 4.2557434077070306e+00 0
9.0867327334752923e-01 1.4391970783702077e-01 4.3867514650906303e+00 0
9.0867327334752890e-01 1.4391970783702074e-01 4.4994897821772417e+00 0
9.0867327334752979e-01 1.4391970783702093e-01 4.5999339713985075e+00 0
9.0867327334752890e-01 1.4391970783702096e-01 4.6915506547061741e+00 0
9.0867327334752845e-01 1.4391970783702157e-01 4.7760428825918355e+00 0
9.0867327334752890e-01 1.4391970783702093e-01 4.8549965148031129e+00 0
9.0867327334752845e-01 1.4391970783702140e-01 4.9293391219597202e+00 0
9.4818080697133356e-01 1.5017708643862651e-01 7.0343017578124903e-02 0
9.4818080697133311e-01 1.5017708643862646e-01 1.4481140766292802e-01 0
9.4818080697133400e-01 1.5017708643862671e-01 2.2378526995893816e-01 0
9.4818080697133311e-01 1.5017708643862646e-01 3.0817944502893851e-01 0
9.4818080697133356e-01 1.5017708643862634e-01 3.9967338224288262e-01 0
9.4818080697133311e-01 1.5017708643862648e-01 5.0005282351779501e-01 0
9.4818080697133311e-01 1.5017708643862640e-01 6.1252403743194694e-01 0
9.4818080697133367e-01 1.5017708643862637e-01 7.4333958966061475e-01 0
9.4818080697133367e-01 1.5017708643862651e-01 9.0584820090739815e-01 0
9.4818080697133367e-01 1.5017708643862629e-01 1.1244994963301289e+00 0
9.4818080697133411e-01 1.5017708643862618e-01 1.3537084799761312e+00 0
9.4818080697133322e-01 1.5017708643862623e-01 1.5827144598409117e+00 0
9.4818080697133367e-01 1.5017708643862607e-01 1.8119378978679417e+00 0
9.4818080697133378e-01 1.5017708643862598e-01 2.0409631111375597e+00 0
9.4818080697133378e-01 1.5017708643862637e-01 2.2701512100124641e+00 0
9.4818080697133333e-01 1.5017708643862615e-01 2.4992492377366387e+00 0
9.4818080697133333e-01 1.5017708643862598e-01 2.7283524417257330e+00 0
9.4818080697133378e-01 1.5017708643862582e-01 2.9575414928626587e+00 0
9.4818080697133422e-01 1.5017708643862565e-01 3.1866698336901988e+00 0
9.4818080697133389e-01 1.5017708643862590e-01 3.4157709960596625e+00 0
9.4818080697133389e-01 1.5017708643862573e-01 3.6449349816149956e+00 0
9.4818080697133389e-01 1.5017708643862573e-01 3.8740322778141225e+00 0
9.4818080697133389e-01 1.5017708643862535e-01 4.0929857179315663e+00 0
9.4818080697133389e-01 1.5017708643862598e-01 4.2557434077070306e+00 0
9.4818080697133389e-01 1.5017708643862551e-01 4.3867514650906303e+00 0
9.4818080697133400e-01 1.5017708643862548e-01 4.4994897821772417e+00 0
9.4818080697133400e-01 1.5017708643862562e-01 4.5999339713985075e+00 0
9.4818080697133400e-01 1.5017708643862571e-01 4.6915506547061741e+00 0
9.4818080697133400e-01 1.5017708643862587e-01 4.7760428825918355e+00 0
9.4818080697133400e-01 1.5017708643862557e-01 4.8549965148031147e+00 0
9.4818080697133444e-01 1.5017708643862585e-01 4.9293391219597202e+00 0

Hexahedra
2400
1 22 99 15 183 895 1516 520 0
183 895 1516 520 184 891 1517 516 0
184 891 1517 516 185 887 1518 512 0
185 887 1518 512 186 883 1519 508 0
186 883 1519 508 187 879 1520 504 0
187 879 1520 504 188 875 1521 500 0
188 875 1521 500 189 871 1522 496 0
189 871 1522 496 190 867 1523 492 0
190 867 1523 492 191 863 1524 488 0
191 863 1524 488 192 859 1525 484 0
192 859 1525 484 193 855 1526 480 0
193 855 1526 480 194 851 1527 476 0
194 851 1527 476 195 847 1528 472 0
195 847 1528 472 196 843 1529 468 0
196 843 1529 468 197 839 1530 464 0
197 839 1530 464 198 835 1531 460 0
198 835 1531 460 199 831 1532 456 0
199 831 1532 456 200 827 1533 452 0
200 827 1533 452 201 823 1534 448 0
201 823 1534 448 202 819 1535 444 0
202 819 1535 444 203 815 1536 440 0
203 815 1536 440 204 811 1537 436 0
204 811 1537 436 205 807 1538 432 0
205 807 1538 432 206 803 1539 428 0
206 803 1539 428 207 799 1540 424 0
207 799 1540 424 208 795 1541 420 0
208 795 1541 420 209 791 1542 416 0
209 791 1542 416 210 787 1543 412 0
210 787 1543 412 211 783 1544 408 0
211 783 1544 408 212 779 1545 404 0
212 779 1545 404 213 775 1546 400 0
213 775 1546 400 5 46 103 31 0
22 21 100 99 895 894 1547 1516 0
895 894 1547 1516 891 890 1548 1517 0
891 890 1548 1517 887 886 1549 1518 0
887 886 1549 1518 883 882 1550 1519 0
883 882 1550 1519 879 878 1551 1520 0
879 878 1551 1520 875 874 1552 1521 0
875 874 1552 1521 871 870 1553 1522 0
871 870 1553 1522 867 866 1554 1523 0
867 866 1554 1523 863 862 1555 1524 0
863 862 1555 1524 859 858 1556 1525 0
859 858 1556 1525 855 854 1557 1526 0
855 854 1557 1526 851 850 1558 1527 0
851 850 1558 1527 847 846 1559 1528 0
847 846 1559 1528 843 842 1560 1529 0
843 842 1560 1529 839 838 1561 1530 0
839 838 1561 1530 835 834 1562 1531 0
835 834 1562 1531 831 830 1563 1532 0
831 830 1563 1532 827 826 1564 1533 0
827 826 1564 1533 823 822 1565 1534 0
823 822 1565 1534 819 818 1566 1535 0
819 818 1566 1535 815 814 1567 1536 0
815 814 1567 1536 811 810 1568 1537 0
811 810 1568 1537 807 806 1569 1538 0
807 806 1569 1538 803 802 1570 1539 0
803 802 1570 1539 799 798 1571 1540 0
799 798 1571 1540 795 794 1572 1541 0
795 794 1572 1541 791 790 1573 1542 0
791 790 1573 1542 787 786 1574 1543 0
787 786 1574 1543 783 782 1575 1544 0
783 782 1575 1544 779 778 1576 1545 0
779 778 1576 1545 775 774 1577 1546 0
775 774 1577 1546 46 45 104 103 0
21 20 101 100 894 893 1578 1547 0
894 893 1578 1547 890 889 1579 1548 0
890 889 1579 1548 886 885 1580 1549 0
886 885 1580 1549 882 881 1581 1550 0
882 881 1581 1550 878 877 1582 1551 0
878 877 1582 1551 874 873 1583 1552 0
874 873 1583 1552 870 869 1584 1553 0
870 869 1584 1553 866 865 1585 1554 0
866 865 1585 1554 862 861 1586 1555 0
862 861 1586 1555 858 857 1587 1556 0
858 857 1587 1556 854 853 1588 1557 0
854 853 1588 1557 850 849 1589 1558 0
850 849 1589 1558 846 845 1590 1559 0
846 845 1590 1559 842 841 1591 1560 0
842 841 1591 1560 838 837 1592 1561 0
838 837 1592 1561 834 833 1593 1562 0
834 833 1593 1562 830 829 1594 1563 0
830 829 1594 1563 826 825 1595 1564 0
826 825 1595 1564 822 821 1596 1565 0
822 821 1596 1565 818 817 1597 1566 0
818 817 1597 1566 814 813 1598 1567 0
814 813 1598 1567 810 809 1599 1568 0
810 809 1599 1568 806 805 1600 1569 0
806 805 1600 1569 802 801 1601 1570 0
802 801 1601 1570 798 797 1602 1571 0
798 797 1602 1571 794 793 1603 1572 0
794 793 1603 1572 790 789 1604 1573 0
790 789 1604 1573 786 785 1605 1574 0
786 785 1605 1574 782 781 1606 1575 0
782 781 1606 1575 778 777 1607 1576 0
778 777 1607 1576 774 773 1608 1577 0
774 773 1608 1577 45 44 105 104 0
20 19 102 101 893 892 1609 1578 0
893 892 1609 1578 889 888 1610 1579 0
889 888 1610 1579 885 884 1611 1580 0
885 884 1611 1580 881 880 1612 1581 0
881 880 1612 1581 877 876 1613 1582 0
877 876 1613 1582 873 872 1614 1583 0
873 872 1614 1583 869 868 1615 1584 0
869 868 1615 1584 865 864 1616 1585 0
865 864 1616 1585 861 860 1617 1586 0
861 860 1617 1586 857 856 1618 1587 0
857 856 1618 1587 853 852 1619 1588 0
853 852 1619 1588 849 848 1620 1589 0
849 848 1620 1589 845 844 1621 1590 0
845 844 1621 1590 841 840 1622 1591 0
841 840 1622 1591 837 836 1623 1592 0
837 836 1623 1592 833 832 1624 1593 0
833 832 1624 1593 829 828 1625 1594 0
829 828 1625 1594 825 824 1626 1595 0
825 824 1626 1595 821 820 1627 1596 0
821 820 1627 1596 817 816 1628 1597 0
817 816 1628 1597 813 812 1629 1598 0
813 812 1629 1598 809 808 1630 1599 0
809 808 1630 1599 805 804 1631 1600 0
805 804 1631 1600 801 800 1632 1601 0
801 800 1632 1601 797 796 1633 1602 0
797 796 1633 1602 793 792 1634 1603 0
793 792 1634 1603 789 788 1635 1604 0
789 788 1635 1604 785 784 1636 1605 0
785 784 1636 1605 781 780 1637 1606 0
781 780 1637 1606 777 776 1638 1607 0
777 776 1638 1607 773 772 1639 1608 0
773 772 1639 1608 44 43 106 105 0
19 3 30 102 892 276 771 1609 0
892 276 771 1609 888 277 767 1610 0
888 277 767 1610 884 278 763 1611 0
884 278 763 1611 880 279 759 1612 0
880 279 759 1612 876 280 755 1613 0
876 280 755 1613 872 281 751 1614 0
872 281 751 1614 868 282 747 1615 0
868 282 747 1615 864 283 743 1616 0
864 283 743 1616 860 284 739 1617 0
860 284 739 1617 856 285 735 1618 0
856 285 735 1618 852 286 731 1619 0
852 286 731 1619 848 287 727 1620 0
848 287 727 1620 844 288 723 1621 0
844 288 723 1621 840 289 719 1622 0
840 289 719 1622 836 290 715 1623 0
836 290 715 1623 832 291 711 1624 0
832 291 711 1624 828 292 707 1625 0
828 292 707 1625 824 293 703 1626 0
824 293 703 1626 820 294 699 1627 0
820 294 699 1627 816 295 695 1628 0
816 295 695 1628 812 296 691 1629 0
812 296 691 1629 808 297 687 1630 0
808 297 687 1630 804 298 683 1631 0
804 298 683 1631 800 299 679 1632 0
800 299 679 1632 796 300 675 1633 0
796 300 675 1633 792 301 671 1634 0
792 301 671 1634 788 302 667 1635 0
788 302 667 1635 784 303 663 1636 0
784 303 663 1636 780 304 659 1637 0
780 304 659 1637 776 305 655 1638 0
776 305 655 1638 772 306 651 1639 0
772 306 651 1639 43 8 42 106 0
15 99 95 16 520 1516 1640 521 0
520 1516 1640 521 516 1517 1641 517 0
516 1517 1641 517 512 1518 1642 513 0
512 1518 1642 513 508 1519 1643 509 0
508 1519 1643 509 504 1520 1644 505 0
504 1520 1644 505 500 1521 1645 501 0
500 1521 1645 501 496 1522 1646 497 0
496 1522 1646 497 492 1523 1647 493 0
492 1523 1647 493 488 1524 1648 489 0
488 1524 1648 489 484 1525 1649 485 0
484 1525 1649 485 480 1526 1650 481 0
480 1526 1650 481 476 1527 1651 477 0
476 1527 1651 477 472 1528 1652 473 0
472 1528 1652 473 468 1529 1653 469 0
468 1529 1653 469 464 1530 1654 465 0
464 1530 1654 465 460 1531 1655 461 0
460 1531 1655 461 456 1532 1656 457 0
456 1532 1656 457 452 1533 1657 453 0
452 1533 1657 453 448 1534 1658 449 0
448 1534 1658 449 444 1535 1659 445 0
444 1535 1659 445 440 1536 1660 441 0
440 1536 1660 441 436 1537 1661 437 0
436 1537 1661 437 432 1538 1662 433 0
432 1538 1662 433 428 1539 1663 429 0
428 1539 1663 429 424 1540 1664 425 0
424 1540 1664 425 420 1541 1665 421 0
420 1541 1665 421 416 1542 1666 417 0
416 1542 1666 417 412 1543 1667 413 0
412 1543 1667 413 408 1544 1668 409 0
408 1544 1668 409 404 1545 1669 405 0
404 1545 1669 405 400 1546 1670 401 0
400 1546 1670 401 31 103 107 32 0
99 100 96 95 1516 1547 1671 1640 0
1516 1547 1671 1640 1517 1548 1672 1641 0
1517 1548 1672 1641 1518 1549 1673 1642 0
1518 1549 1673 1642 1519 1550 1674 1643 0
1519 1550 1674 1643 1520 1551 1675 1644 0
1520 1551 1675 1644 1521 1552 1676 1645 0
1521 1552 1676 1645 1522 1553 1677 1646 0
1522 1553 1677 1646 1523 1554 1678 1647 0
1523 1554 1678 1647 1524 1555 1679 1648 0
1524 1555 1679 1648 1525 1556 1680 1649 0
1525 1556 1680 1649 1526 1557 1681 1650 0
1526 1557 1681 1650 1527 1558 1682 1651 0
1527 1558 1682 1651 1528 1559 1683 1652 0
1528 1559 1683 1652 1529 1560 1684 1653 0
1529 1560 1684 1653 1530 1561 1685 1654 0
1530 1561 1685 1654 1531 1562 1686 1655 0
1531 1562 1686 1655 1532 1563 1687 1656 0
1532 1563 1687 1656 1533 1564 1688 1657 0
1533 1564 1688 1657 1534 1565 1689 1658 0
1534 1565 1689 1658 1535 1566 1690 1659 0
1535 1566 1690 1659 1536 1567 1691 1660 0
1536 1567 1691 1660 1537 1568 1692 1661 0
1537 1568 1692 1661 1538 1569 1693 1662 0
1538 1569 1693 1662 1539 1570 1694 1663 0
1539 1570 1694 1663 1540 1571 1695 1664 0
1540 1571 1695 1664 1541 1572 1696 1665 0
1541 1572 1696 1665 1542 1573 1697 1666 0
1542 1573 1697 1666 1543 1574 1698 1667 0
1543 1574 1698 1667 1544 1575 1699 1668 0
1544 1575 1699 1668 1545 1576 1700 1669 0
1545 1576 1700 1669 1546 1577 1701 1670 0
1546 1577 1701 1670 103 104 108 107 0
100 101 97 96 1547 1578 1702 1671 0
1547 1578 1702 1671 1548 1579 1703 1672 0
1548 1579 1703 1672 1549 1580 1704 1673 0
1549 1580 1704 1673 1550 1581 1705 1674 0
1550 1581 1705 1674 1551 1582 1706 1675 0
1551 1582 1706 1675 1552 1583 1707 1676 0
1552 1583 1707 1676 1553 1584 1708 1677 0
1553 1584 1708 1677 1554 1585 1709 1678 0
1554 1585 1709 1678 1555 1586 1710 1679 0
1555 1586 1710 1679 1556 1587 1711 1680 0
1556 1587 1711 1680 1557 1588 1712 1681 0
1557 1588 1712 1681 1558 1589 1713 1682 0
1558 1589 1713 1682 1559 1590 1714 1683 0
1559 1590 1714 1683 1560 1591 1715 1684 0
1560 1591 1715 1684 1561 1592 1716 1685 0
1561 1592 1716 1685 1562 1593 1717 1686 0
1562 1593 1717 1686 1563 1594 1718 1687 0
1563 1594 1718 1687 1564 1595 1719 1688 0
1564 1595 1719 1688 1565 1596 1720 1689 0
1565 1596 1720 1689 1566 1597 1721 1690 0
1566 1597 1721 1690 1567 1598 1722 1691 0
1567 1598 1722 1691 1568 1599 1723 1692 0
1568 1599 1723 1692 1569 1600 1724 1693 0
1569 1600 1724 1693 1570 1601 1725 1694 0
1570 1601 1725 1694 1571 1602 1726 1695 0
1571 1602 1726 1695 1572 1603 1727 1696 0
1572 1603 1727 1696 1573 1604 1728 1697 0
1573 1604 1728 1697 1574 1605 1729 1698 0
1574 1605 1729 1698 1575 1606 1730 1699 0
1575 1606 1730 1699 1576 1607 1731 1700 0
1576 1607 1731 1700 1577 1608 1732 1701 0
1577 1608 1732 1701 104 105 109 108 0
101 102 98 97 1578 1609 1733 1702 0
1578 1609 1733 1702 1579 1610 1734 1703 0
1579 1610 1734 1703 1580 1611 1735 1704 0
1580 1611 1735 1704 1581 1612 1736 1705 0
1581 1612 1736 1705 1582 1613 1737 1706 0
1582 1613 1737 1706 1583 1614 1738 1707 0
1583 1614 1738 1707 1584 1615 1739 1708 0
1584 1615 1739 1708 1585 1616 1740 1709 0
1585 1616 1740 1709 1586 1617 1741 1710 0
1586 1617 1741 1710 1587 1618 1742 1711 0
1587 1618 1742 1711 1588 1619 1743 1712 0
1588 1619 1743 1712 1589 1620 1744 1713 0
1589 1620 1744 1713 1590 1621 1745 1714 0
1590 1621 1745 1714 1591 1622 1746 1715 0
1591 1622 1746 1715 1592 1623 1747 1716 0
1592 1623 1747 1716 1593 1624 1748 1717 0
1593 1624 1748 1717 1594 1625 1749 1718 0
1594 1625 1749 1718 1595 1626 1750 1719 0
1595 1626 1750 1719 1596 1627 1751 1720 0
1596 1627 1751 1720 1597 1628 1752 1721 0
1597 1628 1752 1721 1598 1629 1753 1722 0
1598 1629 1753 1722 1599 1630 1754 1723 0
1599 1630 1754 1723 1600 1631 1755 1724 0
1600 1631 1755 1724 1601 1632 1756 1725 0
1601 1632 1756 1725 1602 1633 1757 1726 0
1602 1633 1757 1726 1603 1634 1758 1727 0
1603 1634 1758 1727 1604 1635 1759 1728 0
1604 1635 1759 1728 1605 1636 1760 1729 0
1605 1636 1760 1729 1606 1637 1761 1730 0
1606 1637 1761 1730 1607 1638 1762 1731 0
1607 1638 1762 1731 1608 1639 1763 1732 0
1608 1639 1763 1732 105 106 110 109 0
102 30 29 98 1609 771 770 1733 0
1609 771 770 1733 1610 767 766 1734 0
1610 767 766 1734 1611 763 762 1735 0
1611 763 762 1735 1612 759 758 1736 0
1612 759 758 1736 1613 755 754 1737 0
1613 755 754 1737 1614 751 750 1738 0
1614 751 750 1738 1615 747 746 1739 0
1615 747 746 1739 1616 743 742 1740 0
1616 743 742 1740 1617 739 738 1741 0
1617 739 738 1741 1618 735 734 1742 0
1618 735 734 1742 1619 731 730 1743 0
1619 731 730 1743 1620 727 726 1744 0
1620 727 726 1744 1621 723 722 1745 0
1621 723 722 1745 1622 719 718 1746 0
1622 719 718 1746 1623 715 714 1747 0
1623 715 714 1747 1624 711 710 1748 0
1624 711 710 1748 1625 707 706 1749 0
1625 707 706 1749 1626 703 702 1750 0
1626 703 702 1750 1627 699 698 1751 0
1627 699 698 1751 1628 695 694 1752 0
1628 695 694 1752 1629 691 690 1753 0
1629 691 690 1753 1630 687 686 1754 0
1630 687 686 1754 1631 683 682 1755 0
1631 683 682 1755 1632 679 678 1756 0
1632 679 678 1756 1633 675 674 1757 0
1633 675 674 1757 1634 671 670 1758 0
1634 671 670 1758 1635 667 666 1759 0
1635 667 666 1759 1636 663 662 1760 0
1636 663 662 1760 1637 659 658 1761 0
1637 659 658 1761 1638 655 654 1762 0
1638 655 654 1762 1639 651 650 1763 0
1639 651 650 1763 106 42 41 110 0
16 95 91 17 521 1640 1764 522 0
521 1640 1764 522 517 1641 1765 518 0
517 1641 1765 518 513 1642 1766 514 0
513 1642 1766 514 509 1643 1767 510 0
509 1643 1767 510 505 1644 1768 506 0
505 1644 1768 506 501 1645 1769 502 0
501 1645 1769 502 497 1646 1770 498 0
497 1646 1770 498 493 1647 1771 494 0
493 1647 1771 494 489 1648 1772 490 0
489 1648 1772 490 485 1649 1773 486 0
485 1649 1773 486 481 1650 1774 482 0
481 1650 1774 482 477 1651 1775 478 0
477 1651 1775 478 473 1652 1776 474 0
473 1652 1776 474 469 1653 1777 470 0
469 1653 1777 470 465 1654 1778 466 0
465 1654 1778 466 461 1655 1779 462 0
461 1655 1779 462 457 1656 1780 458 0
457 1656 1780 458 453 1657 1781 454 0
453 1657 1781 454 449 1658 1782 450 0
449 1658 1782 450 445 1659 1783 446 0
445 1659 1783 446 441 1660 1784 442 0
441 1660 1784 442 437 1661 1785 438 0
437 1661 1785 438 433 1662 1786 434 0
433 1662 1786 434 429 1663 1787 430 0
429 1663 1787 430 425 1664 1788 426 0
425 1664 1788 426 421 1665 1789 422 0
421 1665 1789 422 417 1666 1790 418 0
417 1666 1790 418 413 1667 1791 414 0
413 1667 1791 414 409 1668 1792 410 0
409 1668 1792 410 405 1669 1793 406 0
405 1669 1793 406 401 1670 1794 402 0
401 1670 1794 402 32 107 111 33 0
95 96 92 91 1640 1671 1795 1764 0
1640 1671 1795 1764 1641 1672 1796 1765 0
1641 1672 1796 1765 1642 1673 1797 1766 0
1642 1673 1797 1766 1643 1674 1798 1767 0
1643 1674 1798 1767 1644 1675 1799 1768 0
1644 1675 1799 1768 1645 1676 1800 1769 0
1645 1676 1800 1769 1646 1677 1801 1770 0
1646 1677 1801 1770 1647 1678 1802 1771 0
1647 1678 1802 1771 1648 1679 1803 1772 0
1648 1679 1803 1772 1649 1680 1804 1773 0
1649 1680 1804 1773 1650 1681 1805 1774 0
1650 1681 1805 1774 1651 1682 1806 1775 0
1651 1682 1806 1775 1652 1683 1807 1776 0
1652 1683 1807 1776 1653 1684 1808 1777 0
1653 1684 1808 1777 1654 1685 1809 1778 0
1654 1685 1809 1778 1655 1686 1810 1779 0
1655 1686 1810 1779 1656 1687 1811 1780 0
1656 1687 1811 1780 1657 1688 1812 1781 0
1657 1688 1812 1781 1658 1689 1813 1782 0
1658 1689 1813 1782 1659 1690 1814 1783 0
1659 1690 1814 1783 1660 1691 1815 1784 0
1660 1691 1815 1784 1661 1692 1816 1785 0
1661 1692 1816 1785 1662 1693 1817 1786 0
1662 1693 1817 1786 1663 1694 1818 1787 0
1663 1694 1818 1787 1664 1695 1819 1788 0
1664 1695 1819 1788 1665 1696 1820 1789 0
1665 1696 1820 1789 1666 1697 1821 1790 0
1666 1697 1821 1790 1667 1698 1822 1791 0
1667 1698 1822 1791 1668 1699 1823 1792 0
1668 1699 1823 1792 1669 1700 1824 1793 0
1669 1700 1824 1793 1670 1701 1825 1794 0
1670 1701 1825 1794 107 108 112 111 0
96 97 93 92 1671 1702 1826 1795 0
1671 1702 1826 1795 1672 1703 1827 1796 0
1672 1703 1827 1796 1673 1704 1828 1797 0
1673 1704 1828 1797 1674 1705 1829 1798 0
1674 1705 1829 1798 1675 1706 1830 1799 0
1675 1706 1830 1799 1676 1707 1831 1800 0
1676 1707 1831 1800 1677 1708 1832 1801 0
1677 1708 1832 1801 1678 1709 1833 1802 0
1678 1709 1833 1802 1679 1710 1834 1803 0
1679 1710 1834 1803 1680 1711 1835 1804 0
1680 1711 1835 1804 1681 1712 1836 1805 0
1681 1712 1836 1805 1682 1713 1837 1806 0
1682 1713 1837 1806 1683 1714 1838 1807 0
1683 1714 1838 1807 1684 1715 1839 1808 0
1684 1715 1839 1808 1685 1716 1840 1809 0
1685 1716 1840 1809 1686 1717 1841 1810 0
1686 1717 1841 1810 1687 1718 1842 1811 0
1687 1718 1842 1811 1688 1719 1843 1812 0
1688 1719 1843 1812 1689 1720 1844 1813 0
1689 1720 1844 1813 1690 1721 1845 1814 0
1690 1721 1845 1814 1691 1722 1846 1815 0
1691 1722 1846 1815 1692 1723 1847 1816 0
1692 1723 1847 1816 1693 1724 1848 1817 0
1693 1724 1848 1817 1694 1725 1849 1818 0
1694 1725 1849 1818 1695 1726 1850 1819 0
1695 1726 1850 1819 1696 1727 1851 1820 0
1696 1727 1851 1820 1697 1728 1852 1821 0
1697 1728 1852 1821 1698 1729 1853 1822 0
1698 1729 1853 1822 1699 1730 1854 1823 0
1699 1730 1854 1823 1700 1731 1855 1824 0
1700 1731 1855 1824 1701 1732 1856 1825 0
1701 1732 1856 1825 108 109 113 112 0
97 98 94 93 1702 1733 1857 1826 0
1702 1733 1857 1826 1703 1734 1858 1827 0
1703 1734 1858 1827 1704 1735 1859 1828 0
1704 1735 1859 1828 1705 1736 1860 1829 0
1705 1736 1860 1829 1706 1737 1861 1830 0
1706 1737 1861 1830 1707 1738 1862 1831 0
1707 1738 1862 1831 1708 1739 1863 1832 0
1708 1739 1863 1832 1709 1740 1864 1833 0
1709 1740 1864 1833 1710 1741 1865 1834 0
1710 1741 1865 1834 1711 1742 1866 1835 0
1711 1742 1866 1835 1712 1743 1867 1836 0
1712 1743 1867 1836 1713 1744 1868 1837 0
1713 1744 1868 1837 1714 1745 1869 1838 0
1714 1745 1869 1838 1715 1746 1870 1839 0
1715 1746 1870 1839 1716 1747 1871 1840 0
1716 1747 1871 1840 1717 1748 1872 1841 0
1717 1748 1872 1841 1718 1749 1873 1842 0
1718 1749 1873 1842 1719 1750 1874 1843 0
1719 1750 1874 1843 1720 1751 1875 1844 0
1720 1751 1875 1844 1721 1752 1876 1845 0
1721 1752 1876 1845 1722 1753 1877 1846 0
1722 1753 1877 1846 1723 1754 1878 1847 0
1723 1754 1878 1847 1724 1755 1879 1848 0
1724 1755 1879 1848 1725 1756 1880 1849 0
1725 1756 1880 1849 1726 1757 1881 1850 0
1726 1757 1881 1850 1727 1758 1882 1851 0
1727 1758 1882 1851 1728 1759 1883 1852 0
1728 1759 1883 1852 1729 1760 1884 1853 0
1729 1760 1884 1853 1730 1761 1885 1854 0
1730 1761 1885 1854 1731 1762 1886 1855 0
1731 1762 1886 1855 1732 1763 1887 1856 0
1732 1763 1887 1856 109 110 114 113 0
98 29 28 94 1733 770 769 1857 0
1733 770 769 1857 1734 766 765 1858 0
1734 766 765 1858 1735 762 761 1859 0
1735 762 761 1859 1736 758 757 1860 0
1736 758 757 1860 1737 754 753 1861 0
1737 754 753 1861 1738 750 749 1862 0
1738 750 749 1862 1739 746 745 1863 0
1739 746 745 1863 1740 742 741 1864 0
1740 742 741 1864 1741 738 737 1865 0
1741 738 737 1865 1742 734 733 1866 0
1742 734 733 1866 1743 730 729 1867 0
1743 730 729 1867 1744 726 725 1868 0
1744 726 725 1868 1745 722 721 1869 0
1745 722 721 1869 1746 718 717 1870 0
1746 718 717 1870 1747 714 713 1871 0
1747 714 713 1871 1748 710 709 1872 0
1748 710 709 1872 1749 706 705 1873 0
1749 706 705 1873 1750 702 701 1874 0
1750 702 701 1874 1751 698 697 1875 0
1751 698 697 1875 1752 694 693 1876 0
1752 694 693 1876 1753 690 689 1877 0
1753 690 689 1877 1754 686 685 1878 0
1754 686 685 1878 1755 682 681 1879 0
1755 682 681 1879 1756 678 677 1880 0
1756 678 677 1880 1757 674 673 1881 0
1757 674 673 1881 1758 670 669 1882 0
1758 670 669 1882 1759 666 665 1883 0
1759 666 665 1883 1760 662 661 1884 0
1760 662 661 1884 1761 658 657 1885 0
1761 658 657 1885 1762 654 653 1886 0
1762 654 653 1886 1763 650 649 1887 0
1763 650 649 1887 110 41 40 114 0
17 91 87 18 522 1764 1888 523 0
522 1764 1888 523 518 1765 1889 519 0
518 1765 1889 519 514 1766 1890 515 0
514 1766 1890 515 510 1767 1891 511 0
510 1767 1891 511 506 1768 1892 507 0
506 1768 1892 507 502 1769 1893 503 0
502 1769 1893 503 498 1770 1894 499 0
498 1770 1894 499 494 1771 1895 495 0
494 1771 1895 495 490 1772 1896 491 0
490 1772 1896 491 486 1773 1897 487 0
486 1773 1897 487 482 1774 1898 483 0
482 1774 1898 483 478 1775 1899 479 0
478 1775 1899 479 474 1776 1900 475 0
474 1776 1900 475 470 1777 1901 471 0
470 1777 1901 471 466 1778 1902 467 0
466 1778 1902 467 462 1779 1903 463 0
462 1779 1903 463 458 1780 1904 459 0
458 1780 1904 459 454 1781 1905 455 0
454 1781 1905 455 450 1782 1906 451 0
450 1782 1906 451 446 1783 1907 447 0
446 1783 1907 447 442 1784 1908 443 0
442 1784 1908 443 438 1785 1909 439 0
438 1785 1909 439 434 1786 1910 435 0
434 1786 1910 435 430 1787 1911 431 0
430 1787 1911 431 426 1788 1912 427 0
426 1788 1912 427 422 1789 1913 423 0
422 1789 1913 423 418 1790 1914 419 0
418 1790 1914 419 414 1791 1915 415 0
414 1791 1915 415 410 1792 1916 411 0
410 1792 1916 411 406 1793 1917 407 0
406 1793 1917 407 402 1794 1918 403 0
402 1794 1918 403 33 111 115 34 0
91 92 88 87 1764 1795 1919 1888 0
1764 1795 1919 1888 1765 1796 1920 1889 0
1765 1796 1920 1889 1766 1797 1921 1890 0
1766 1797 1921 1890 1767 1798 1922 1891 0
1767 1798 1922 1891 1768 1799 1923 1892 0
1768 1799 1923 1892 1769 1800 1924 1893 0
1769 1800 1924 1893 1770 1801 1925 1894 0
1770 1801 1925 1894 1771 1802 1926 1895 0
1771 1802 1926 1895 1772 1803 1927 1896 0
1772 1803 1927 1896 1773 1804 1928 1897 0
1773 1804 1928 1897 1774 1805 1929 1898 0
1774 1805 1929 1898 1775 1806 1930 1899 0
1775 1806 1930 1899 1776 1807 1931 1900 0
1776 1807 1931 1900 1777 1808 1932 1901 0
1777 1808 1932 1901 1778 1809 1933 1902 0
1778 1809 1933 1902 1779 1810 1934 1903 0
1779 1810 1934 1903 1780 1811 1935 1904 0
1780 1811 1935 1904 1781 1812 1936 1905 0
1781 1812 1936 1905 1782 1813 1937 1906 0
1782 1813 1937 1906 1783 1814 1938 1907 0
1783 1814 1938 1907 1784 1815 1939 1908 0
1784 1815 1939 1908 1785 1816 1940 1909 0
1785 1816 1940 1909 1786 1817 1941 1910 0
1786 1817 1941 1910 1787 1818 1942 1911 0
1787 1818 1942 1911 1788 1819 1943 1912 0
1788 1819 1943 1912 1789 1820 1944 1913 0
1789 1820 1944 1913 1790 1821 1945 1914 0
1790 1821 1945 1914 1791 1822 1946 1915 0
1791 1822 1946 1915 1792 1823 1947 1916 0
1792 1823 1947 1916 1793 1824 1948 1917 0
1793 1824 1948 1917 1794 1825 1949 1918 0
1794 1825 1949 1918 111 112 116 115 0
92 93 89 88 1795 1826 1950 1919 0
1795 1826 1950 1919 1796 1827 1951 1920 0
1796 1827 1951 1920 1797 1828 1952 1921 0
1797 1828 1952 1921 1798 1829 1953 1922 0
1798 1829 1953 1922 1799 1830 1954 1923 0
1799 1830 1954 1923 1800 1831 1955 1924 0
1800 1831 1955 1924 1801 1832 1956 1925 0
1801 1832 1956 1925 1802 1833 1957 1926 0
1802 1833 1957 1926 1803 1834 1958 1927 0
1803 1834 1958 1927 1804 1835 1959 1928 0
1804 1835 1959 1928 1805 1836 1960 1929 0
1805 1836 1960 1929 1806 1837 1961 1930 0
1806 1837 1961 1930 1807 1838 1962 1931 0
1807 1838 1962 1931 1808 1839 1963 1932 0
1808 1839 1963 1932 1809 1840 1964 1933 0
1809 1840 1964 1933 1810 1841 1965 1934 0
1810 1841 1965 1934 1811 1842 1966 1935 0
1811 1842 1966 1935 1812 1843 1967 1936 0
1812 1843 1967 1936 1813 1844 1968 1937 0
1813 1844 1968 1937 1814 1845 1969 1938 0
1814 1845 1969 1938 1815 1846 1970 1939 0
1815 1846 1970 1939 1816 1847 1971 1940 0
1816 1847 1971 1940 1817 1848 1972 1941 0
1817 1848 1972 1941 1818 1849 1973 1942 0
1818 1849 1973 1942 1819 1850 1974 1943 0
1819 1850 1974 1943 1820 1851 1975 1944 0
1820 1851 1975 1944 1821 1852 1976 1945 0
1821 1852 1976 1945 1822 1853 1977 1946 0
1822 1853 1977 1946 1823 1854 1978 1947 0
1823 1854 1978 1947 1824 1855 1979 1948 0
1824 1855 1979 1948 1825 1856 1980 1949 0
1825 1856 1980 1949 112 113 117 116 0
93 94 90 89 1826 1857 1981 1950 0
1826 1857 1981 1950 1827 1858 1982 1951 0
1827 1858 1982 1951 1828 1859 1983 1952 0
1828 1859 1983 1952 1829 1860 1984 1953 0
1829 1860 1984 1953 1830 1861 1985 1954 0
1830 1861 1985 1954 1831 1862 1986 1955 0
1831 1862 1986 1955 1832 1863 1987 1956 0
1832 1863 1987 1956 1833 1864 1988 1957 0
1833 1864 1988 1957 1834 1865 1989 1958 0
1834 1865 1989 1958 1835 1866 1990 1959 0
1835 1866 1990 1959 1836 1867 1991 1960 0
1836 1867 1991 1960 1837 1868 1992 1961 0
1837 1868 1992 1961 1838 1869 1993 1962 0
1838 1869 1993 1962 1839 1870 1994 1963 0
1839 1870 1994 1963 1840 1871 1995 1964 0
1840 1871 1995 1964 1841 1872 1996 1965 0
1841 1872 1996 1965 1842 1873 1997 1966 0
1842 1873 1997 1966 1843 1874 1998 1967 0
1843 1874 1998 1967 1844 1875 1999 1968 0
1844 1875 1999 1968 1845 1876 2000 1969 0
1845 1876 2000 1969 1846 1877 2001 1970 0
1846 1877 2001 1970 1847 1878 2002 1971 0
1847 1878 2002 1971 1848 1879 2003 1972 0
1848 1879 2003 1972 1849 1880 2004 1973 0
1849 1880 2004 1973 1850 1881 2005 1974 0
1850 1881 2005 1974 1851 1882 2006 1975 0
1851 1882 2006 1975 1852 1883 2007 1976 0
1852 1883 2007 1976 1853 1884 2008 1977 0
1853 1884 2008 1977 1854 1885 2009 1978 0
1854 1885 2009 1978 1855 1886 2010 1979 0
1855 1886 2010 1979 1856 1887 2011 1980 0
1856 1887 2011 1980 113 114 118 117 0
94 28 27 90 1857 769 768 1981 0
1857 769 768 1981 1858 765 764 1982 0
1858 765 764 1982 1859 761 760 1983 0
1859 761 760 1983 1860 757 756 1984 0
1860 757 756 1984 1861 753 752 1985 0
1861 753 752 1985 1862 749 748 1986 0
1862 749 748 1986 1863 745 744 1987 0
1863 745 744 1987 1864 741 740 1988 0
1864 741 740 1988 1865 737 736 1989 0
1865 737 736 1989 1866 733 732 1990 0
1866 733 732 1990 1867 729 728 1991 0
1867 729 728 1991 1868 725 724 1992 0
1868 725 724 1992 1869 721 720 1993 0
1869 721 720 1993 1870 717 716 1994 0
1870 717 716 1994 1871 713 712 1995 0
1871 713 712 1995 1872 709 708 1996 0
1872 709 708 1996 1873 705 704 1997 0
1873 705 704 1997 1874 701 700 1998 0
1874 701 700 1998 1875 697 696 1999 0
1875 697 696 1999 1876 693 692 2000 0
1876 693 692 2000 1877 689 688 2001 0
1877 689 688 2001 1878 685 684 2002 0
1878 685 684 2002 1879 681 680 2003 0
1879 681 680 2003 1880 677 676 2004 0
1880 677 676 2004 1881 673 672 2005 0
1881 673 672 2005 1882 669 668 2006 0
1882 669 668 2006 1883 665 664 2007 0
1883 665 664 2007 1884 661 660 2008 0
1884 661 660 2008 1885 657 656 2009 0
1885 657 656 2009 1886 653 652 2010 0
1886 653 652 2010 1887 649 648 2011 0
1887 649 648 2011 114 40 39 118 0
18 87 23 2 523 1888 644 214 0
523 1888 644 214 519 1889 640 215 0
519 1889 640 215 515 1890 636 216 0
515 1890 636 216 511 1891 632 217 0
511 1891 632 217 507 1892 628 218 0
507 1892 628 218 503 1893 624 219 0
503 1893 624 219 499 1894 620 220 0
499 1894 620 220 495 1895 616 221 0
495 1895 616 221 491 1896 612 222 0
491 1896 612 222 487 1897 608 223 0
487 1897 608 223 483 1898 604 224 0
483 1898 604 224 479 1899 600 225 0
479 1899 600 225 475 1900 596 226 0
475 1900 596 226 471 1901 592 227 0
471 1901 592 227 467 1902 588 228 0
467 1902 588 228 463 1903 584 229 0
463 1903 584 229 459 1904 580 230 0
459 1904 580 230 455 1905 576 231 0
455 1905 576 231 451 1906 572 232 0
451 1906 572 232 447 1907 568 233 0
447 1907 568 233 443 1908 564 234 0
443 1908 564 234 439 1909 560 235 0
439 1909 560 235 435 1910 556 236 0
435 1910 556 236 431 1911 552 237 0
431 1911 552 237 427 1912 548 238 0
427 1912 548 238 423 1913 544 239 0
423 1913 544 239 419 1914 540 240 0
419 1914 540 240 415 1915 536 241 0
415 1915 536 241 411 1916 532 242 0
411 1916 532 242 407 1917 528 243 0
407 1917 528 243 403 1918 524 244 0
403 1918 524 244 34 115 35 6 0
87 88 24 23 1888 1919 645 644 0
1888 1919 645 644 1889 1920 641 640 0
1889 1920 641 640 1890 1921 637 636 0
1890 1921 637 636 1891 1922 633 632 0
1891 1922 633 632 1892 1923 629 628 0
1892 1923 629 628 1893 1924 625 624 0
1893 1924 625 624 1894 1925 621 620 0
1894 1925 621 620 1895 1926 617 616 0
1895 1926 617 616 1896 1927 613 612 0
1896 1927 613 612 1897 1928 609 608 0
1897 1928 609 608 1898 1929 605 604 0
1898 1929 605 604 1899 1930 601 600 0
1899 1930 601 600 1900 1931 597 596 0
1900 1931 597 596 1901 1932 593 592 0
1901 1932 593 592 1902 1933 589 588 0
1902 1933 589 588 1903 1934 585 584 0
1903 1934 585 584 1904 1935 581 580 0
1904 1935 581 580 1905 1936 577 576 0
1905 1936 577 576 1906 1937 573 572 0
1906 1937 573 572 1907 1938 569 568 0
1907 1938 569 568 1908 1939 565 564 0
1908 1939 565 564 1909 1940 561 560 0
1909 1940 561 560 1910 1941 557 556 0
1910 1941 557 556 1911 1942 553 552 0
1911 1942 553 552 1912 1943 549 548 0
1912 1943 549 548 1913 1944 545 544 0
1913 1944 545 544 1914 1945 541 540 0
1914 1945 541 540 1915 1946 537 536 0
1915 1946 537 536 1916 1947 533 532 0
1916 1947 533 532 1917 1948 529 528 0
1917 1948 529 528 1918 1949 525 524 0
1918 1949 525 524 115 116 36 35 0
88 89 25 24 1919 1950 646 645 0
1919 1950 646 645 1920 1951 642 641 0
1920 1951 642 641 1921 1952 638 637 0
1921 1952 638 637 1922 1953 634 633 0
1922 1953 634 633 1923 1954 630 629 0
1923 1954 630 629 1924 1955 626 625 0
1924 1955 626 625 1925 1956 622 621 0
1925 1956 622 621 1926 1957 618 617 0
1926 1957 618 617 1927 1958 614 613 0
1927 1958 614 613 1928 1959 610 609 0
1928 1959 610 609 1929 1960 606 605 0
1929 1960 606 605 1930 1961 602 601 0
1930 1961 602 601 1931 1962 598 597 0
1931 1962 598 597 1932 1963 594 593 0
1932 1963 594 593 1933 1964 590 589 0
1933 1964 590 589 1934 1965 586 585 0
1934 1965 586 585 1935 1966 582 581 0
1935 1966 582 581 1936 1967 578 577 0
1936 1967 578 577 1937 1968 574 573 0
1937 1968 574 573 1938 1969 570 569 0
1938 1969 570 569 1939 1970 566 565 0
1939 1970 566 565 1940 1971 562 561 0
1940 1971 562 561 1941 1972 558 557 0
1941 1972 558 557 1942 1973 554 553 0
1942 1973 554 553 1943 1974 550 549 0
1943 1974 550 549 1944 1975 546 545 0
1944 1975 546 545 1945 1976 542 541 0
1945 1976 542 541 1946 1977 538 537 0
1946 1977 538 537 1947 1978 534 533 0
1947 1978 534 533 1948 1979 530 529 0
1948 1979 530 529 1949 1980 526 525 0
1949 1980 526 525 116 117 37 36 0
89 90 26 25 1950 1981 647 646 0
1950 1981 647 646 1951 1982 643 642 0
1951 1982 643 642 1952 1983 639 638 0
1952 1983 639 638 1953 1984 635 634 0
1953 1984 635 634 1954 1985 631 630 0
1954 1985 631 630 1955 1986 627 626 0
1955 1986 627 626 1956 1987 623 622 0
1956 1987 623 622 1957 1988 619 618 0
1957 1988 619 618 1958 1989 615 614 0
1958 1989 615 614 1959 1990 611 610 0
1959 1990 611 610 1960 1991 607 606 0
1960 1991 607 606 1961 1992 603 602 0
1961 1992 603 602 1962 1993 599 598 0
1962 1993 599 598 1963 1994 595 594 0
1963 1994 595 594 1964 1995 591 590 0
1964 1995 591 590 1965 1996 587 586 0
1965 1996 587 586 1966 1997 583 582 0
1966 1997 583 582 1967 1998 579 578 0
1967 1998 579 578 1968 1999 575 574 0
1968 1999 575 574 1969 2000 571 570 0
1969 2000 571 570 1970 2001 567 566 0
1970 2001 567 566 1971 2002 563 562 0
1971 2002 563 562 1972 2003 559 558 0
1972 2003 559 558 1973 2004 555 554 0
1973 2004 555 554 1974 2005 551 550 0
1974 2005 551 550 1975 2006 547 546 0
1975 2006 547 546 1976 2007 543 542 0
1976 2007 543 542 1977 2008 539 538 0
1977 2008 539 538 1978 2009 535 534 0
1978 2009 535 534 1979 2010 531 530 0
1979 2010 531 530 1980 2011 527 526 0
1980 2011 527 526 117 118 38 37 0
90 27 4 26 1981 768 245 647 0
1981 768 245 647 1982 764 246 643 0
1982 764 246 643 1983 760 247 639 0
1983 760 247 639 1984 756 248 635 0
1984 756 248 635 1985 752 249 631 0
1985 752 249 631 1986 748 250 627 0
1986 748 250 627 1987 744 251 623 0
1987 744 251 623 1988 740 252 619 0
1988 740 252 619 1989 736 253 615 0
1989 736 253 615 1990 732 254 611 0
1990 732 254 611 1991 728 255 607 0
1991 728 255 607 1992 724 256 603 0
1992 724 256 603 1993 720 257 599 0
1993 720 257 599 1994 716 258 595 0
1994 716 258 595 1995 712 259 591 0
1995 712 259 591 1996 708 260 587 0
1996 708 260 587 1997 704 261 583 0
1997 704 261 583 1998 700 262 579 0
1998 700 262 579 1999 696 263 575 0
1999 696 263 575 2000 692 264 571 0
2000 692 264 571 2001 688 265 567 0
2001 688 265 567 2002 684 266 563 0
2002 684 266 563 2003 680 267 559 0
2003 680 267 559 2004 676 268 555 0
2004 676 268 555 2005 672 269 551 0
2005 672 269 551 2006 668 270 547 0
2006 668 270 547 2007 664 271 543 0
2007 664 271 543 2008 660 272 539 0
2008 660 272 539 2009 656 273 535 0
2009 656 273 535 2010 652 274 531 0
2010 652 274 531 2011 648 275 527 0
2011 648 275 527 118 39 7 38 0
2 47 131 18 214 896 2012 523 0
214 896 2012 523 215 900 2013 519 0
215 900 2013 519 216 904 2014 515 0
216 904 2014 515 217 908 2015 511 0
217 908 2015 511 218 912 2016 507 0
218 912 2016 507 219 916 2017 503 0
219 916 2017 503 220 920 2018 499 0
220 920 2018 499 221 924 2019 495 0
221 924 2019 495 222 928 2020 491 0
222 928 2020 491 223 932 2021 487 0
223 932 2021 487 224 936 2022 483 0
224 936 2022 483 225 940 2023 479 0
225 940 2023 479 226 944 2024 475 0
226 944 2024 475 227 948 2025 471 0
227 948 2025 471 228 952 2026 467 0
228 952 2026 467 229 956 2027 463 0
229 956 2027 463 230 960 2028 459 0
230 960 2028 459 231 964 2029 455 0
231 964 2029 455 232 968 2030 451 0
232 968 2030 451 233 972 2031 447 0
233 972 2031 447 234 976 2032 443 0
234 976 2032 443 235 980 2033 439 0
235 980 2033 439 236 984 2034 435 0
236 984 2034 435 237 988 2035 431 0
237 988 2035 431 238 992 2036 427 0
238 992 2036 427 239 996 2037 423 0
239 996 2037 423 240 1000 2038 419 0
240 1000 2038 419 241 1004 2039 415 0
241 1004 2039 415 242 1008 2040 411 0
242 1008 2040 411 243 1012 2041 407 0
243 1012 2041 407 244 1016 2042 403 0
244 1016 2042 403 6 59 135 34 0
47 48 132 131 896 897 2043 2012 0
896 897 2043 2012 900 901 2044 2013 0
900 901 2044 2013 904 905 2045 2014 0
904 905 2045 2014 908 909 2046 2015 0
908 909 2046 2015 912 913 2047 2016 0
912 913 2047 2016 916 917 2048 2017 0
916 917 2048 2017 920 921 2049 2018 0
920 921 2049 2018 924 925 2050 2019 0
924 925 2050 2019 928 929 2051 2020 0
928 929 2051 2020 932 933 2052 2021 0
932 933 2052 2021 936 937 2053 2022 0
936 937 2053 2022 940 941 2054 2023 0
940 941 2054 2023 944 945 2055 2024 0
944 945 2055 2024 948 949 2056 2025 0
948 949 2056 2025 952 953 2057 2026 0
952 953 2057 2026 956 957 2058 2027 0
956 957 2058 2027 960 961 2059 2028 0
960 961 2059 2028 964 965 2060 2029 0
964 965 2060 2029 968 969 2061 2030 0
968 969 2061 2030 972 973 2062 2031 0
972 973 2062 2031 976 977 2063 2032 0
976 977 2063 2032 980 981 2064 2033 0
980 981 2064 2033 984 985 2065 2034 0
984 985 2065 2034 988 989 2066 2035 0
988 989 2066 2035 992 993 2067 2036 0
992 993 2067 2036 996 997 2068 2037 0
996 997 2068 2037 1000 1001 2069 2038 0
1000 1001 2069 2038 1004 1005 2070 2039 0
1004 1005 2070 2039 1008 1009 2071 2040 0
1008 1009 2071 2040 1012 1013 2072 2041 0
1012 1013 2072 2041 1016 1017 2073 2042 0
1016 1017 2073 2042 59 60 136 135 0
48 49 133 132 897 898 2074 2043 0
897 898 2074 2043 901 902 2075 2044 0
901 902 2075 2044 905 906 2076 2045 0
905 906 2076 2045 909 910 2077 2046 0
909 910 2077 2046 913 914 2078 2047 0
913 914 2078 2047 917 918 2079 2048 0
917 918 2079 2048 921 922 2080 2049 0
921 922 2080 2049 925 926 2081 2050 0
925 926 2081 2050 929 930 2082 2051 0
929 930 2082 2051 933 934 2083 2052 0
933 934 2083 2052 937 938 2084 2053 0
937 938 2084 2053 941 942 2085 2054 0
941 942 2085 2054 945 946 2086 2055 0
945 946 2086 2055 949 950 2087 2056 0
949 950 2087 2056 953 954 2088 2057 0
953 954 2088 2057 957 958 2089 2058 0
957 958 2089 2058 961 962 2090 2059 0
961 962 2090 2059 965 966 2091 2060 0
965 966 2091 2060 969 970 2092 2061 0
969 970 2092 2061 973 974 2093 2062 0
973 974 2093 2062 977 978 2094 2063 0
977 978 2094 2063 981 982 2095 2064 0
981 982 2095 2064 985 986 2096 2065 0
985 986 2096 2065 989 990 2097 2066 0
989 990 2097 2066 993 994 2098 2067 0
993 994 2098 2067 997 998 2099 2068 0
997 998 2099 2068 1001 1002 2100 2069 0
1001 1002 2100 2069 1005 1006 2101 2070 0
1005 1006 2101 2070 1009 1010 2102 2071 0
1009 1010 2102 2071 1013 1014 2103 2072 0
1013 1014 2103 2072 1017 1018 2104 2073 0
1017 1018 2104 2073 60 61 137 136 0
49 50 134 133 898 899 2105 2074 0
898 899 2105 2074 902 903 2106 2075 0
902 903 2106 2075 906 907 2107 2076 0
906 907 2107 2076 910 911 2108 2077 0
910 911 2108 2077 914 915 2109 2078 0
914 915 2109 2078 918 919 2110 2079 0
918 919 2110 2079 922 923 2111 2080 0
922 923 2111 2080 926 927 2112 2081 0
926 927 2112 2081 930 931 2113 2082 0
930 931 2113 2082 934 935 2114 2083 0
934 935 2114 2083 938 939 2115 2084 0
938 939 2115 2084 942 943 2116 2085 0
942 943 2116 2085 946 947 2117 2086 0
946 947 2117 2086 950 951 2118 2087 0
950 951 2118 2087 954 955 2119 2088 0
954 955 2119 2088 958 959 2120 2089 0
958 959 2120 2089 962 963 2121 2090 0
962 963 2121 2090 966 967 2122 2091 0
966 967 2122 2091 970 971 2123 2092 0
970 971 2123 2092 974 975 2124 2093 0
974 975 2124 2093 978 979 2125 2094 0
978 979 2125 2094 982 983 2126 2095 0
982 983 2126 2095 986 987 2127 2096 0
986 987 2127 2096 990 991 2128 2097 0
990 991 2128 2097 994 995 2129 2098 0
994 995 2129 2098 998 999 2130 2099 0
998 999 2130 2099 1002 1003 2131 2100 0
1002 1003 2131 2100 1006 1007 2132 2101 0
1006 1007 2132 2101 1010 1011 2133 2102 0
1010 1011 2133 2102 1014 1015 2134 2103 0
1014 1015 2134 2103 1018 1019 2135 2104 0
1018 1019 2135 2104 61 62 138 137 0
50 9 54 134 899 307 1020 2105 0
899 307 1020 2105 903 308 1024 2106 0
903 308 1024 2106 907 309 1028 2107 0
907 309 1028 2107 911 310 1032 2108 0
911 310 1032 2108 915 311 1036 2109 0
915 311 1036 2109 919 312 1040 2110 0
919 312 1040 2110 923 313 1044 2111 0
923 313 1044 2111 927 314 1048 2112 0
927 314 1048 2112 931 315 1052 2113 0
931 315 1052 2113 935 316 1056 2114 0
935 316 1056 2114 939 317 1060 2115 0
939 317 1060 2115 943 318 1064 2116 0
943 318 1064 2116 947 319 1068 2117 0
947 319 1068 2117 951 320 1072 2118 0
951 320 1072 2118 955 321 1076 2119 0
955 321 1076 2119 959 322 1080 2120 0
959 322 1080 2120 963 323 1084 2121 0
963 323 1084 2121 967 324 1088 2122 0
967 324 1088 2122 971 325 1092 2123 0
971 325 1092 2123 975 326 1096 2124 0
975 326 1096 2124 979 327 1100 2125 0
979 327 1100 2125 983 328 1104 2126 0
983 328 1104 2126 987 329 1108 2127 0
987 329 1108 2127 991 330 1112 2128 0
991 330 1112 2128 995 331 1116 2129 0
995 331 1116 2129 999 332 1120 2130 0
999 332 1120 2130 1003 333 1124 2131 0
1003 333 1124 2131 1007 334 1128 2132 0
1007 334 1128 2132 1011 335 1132 2133 0
1011 335 1132 2133 1015 336 1136 2134 0
1015 336 1136 2134 1019 337 1140 2135 0
1019 337 1140 2135 62 11 66 138 0
18 131 127 17 523 2012 2136 522 0
523 2012 2136 522 519 2013 2137 518 0
519 2013 2137 518 515 2014 2138 514 0
515 2014 2138 514 511 2015 2139 510 0
511 2015 2139 510 507 2016 2140 506 0
507 2016 2140 506 503 2017 2141 502 0
503 2017 2141 502 499 2018 2142 498 0
499 2018 2142 498 495 2019 2143 494 0
495 2019 2143 494 491 2020 2144 490 0
491 2020 2144 490 487 2021 2145 486 0
487 2021 2145 486 483 2022 2146 482 0
483 2022 2146 482 479 2023 2147 478 0
479 2023 2147 478 475 2024 2148 474 0
475 2024 2148 474 471 2025 2149 470 0
471 2025 2149 470 467 2026 2150 466 0
467 2026 2150 466 463 2027 2151 462 0
463 2027 2151 462 459 2028 2152 458 0
459 2028 2152 458 455 2029 2153 454 0
455 2029 2153 454 451 2030 2154 450 0
451 2030 2154 450 447 2031 2155 446 0
447 2031 2155 446 443 2032 2156 442 0
443 2032 2156 442 439 2033 2157 438 0
439 2033 2157 438 435 2034 2158 434 0
435 2034 2158 434 431 2035 2159 430 0
431 2035 2159 430 427 2036 2160 426 0
427 2036 2160 426 423 2037 2161 422 0
423 2037 2161 422 419 2038 2162 418 0
419 2038 2162 418 415 2039 2163 414 0
415 2039 2163 414 411 2040 2164 410 0
411 2040 2164 410 407 2041 2165 406 0
407 2041 2165 406 403 2042 2166 402 0
403 2042 2166 402 34 135 139 33 0
131 132 128 127 2012 2043 2167 2136 0
2012 2043 2167 2136 2013 2044 2168 2137 0
2013 2044 2168 2137 2014 2045 2169 2138 0
2014 2045 2169 2138 2015 2046 2170 2139 0
2015 2046 2170 2139 2016 2047 2171 2140 0
2016 2047 2171 2140 2017 2048 2172 2141 0
2017 2048 2172 2141 2018 2049 2173 2142 0
2018 2049 2173 2142 2019 2050 2174 2143 0
2019 2050 2174 2143 2020 2051 2175 2144 0
2020 2051 2175 2144 2021 2052 2176 2145 0
2021 2052 2176 2145 2022 2053 2177 2146 0
2022 2053 2177 2146 2023 2054 2178 2147 0
2023 2054 2178 2147 2024 2055 2179 2148 0
2024 2055 2179 2148 2025 2056 2180 2149 0
2025 2056 2180 2149 2026 2057 2181 2150 0
2026 2057 2181 2150 2027 2058 2182 2151 0
2027 2058 2182 2151 2028 2059 2183 2152 0
2028 2059 2183 2152 2029 2060 2184 2153 0
2029 2060 2184 2153 2030 2061 2185 2154 0
2030 2061 2185 2154 2031 2062 2186 2155 0
2031 2062 2186 2155 2032 2063 2187 2156 0
2032 2063 2187 2156 2033 2064 2188 2157 0
2033 2064 2188 2157 2034 2065 2189 2158 0
2034 2065 2189 2158 2035 2066 2190 2159 0
2035 2066 2190 2159 2036 2067 2191 2160 0
2036 2067 2191 2160 2037 2068 2192 2161 0
2037 2068 2192 2161 2038 2069 2193 2162 0
2038 2069 2193 2162 2039 2070 2194 2163 0
2039 2070 2194 2163 2040 2071 2195 2164 0
2040 2071 2195 2164 2041 2072 2196 2165 0
2041 2072 2196 2165 2042 2073 2197 2166 0
2042 2073 2197 2166 135 136 140 139 0
132 133 129 128 2043 2074 2198 2167 0
2043 2074 2198 2167 2044 2075 2199 2168 0
2044 2075 2199 2168 2045 2076 2200 2169 0
2045 2076 2200 2169 2046 2077 2201 2170 0
2046 2077 2201 2170 2047 2078 2202 2171 0
2047 2078 2202 2171 2048 2079 2203 2172 0
2048 2079 2203 2172 2049 2080 2204 2173 0
2049 2080 2204 2173 2050 2081 2205 2174 0
2050 2081 2205 2174 2051 2082 2206 2175 0
2051 2082 2206 2175 2052 2083 2207 2176 0
2052 2083 2207 2176 2053 2084 2208 2177 0
2053 2084 2208 2177 2054 2085 2209 2178 0
2054 2085 2209 2178 2055 2086 2210 2179 0
2055 2086 2210 2179 2056 2087 2211 2180 0
2056 2087 2211 2180 2057 2088 2212 2181 0
2057 2088 2212 2181 2058 2089 2213 2182 0
2058 2089 2213 2182 2059 2090 2214 2183 0
2059 2090 2214 2183 2060 2091 2215 2184 0
2060 2091 2215 2184 2061 2092 2216 2185 0
2061 2092 2216 2185 2062 2093 2217 2186 0
2062 2093 2217 2186 2063 2094 2218 2187 0
2063 2094 2218 2187 2064 2095 2219 2188 0
2064 2095 2219 2188 2065 2096 2220 2189 0
2065 2096 2220 2189 2066 2097 2221 2190 0
2066 2097 2221 2190 2067 2098 2222 2191 0
2067 2098 2222 2191 2068 2099 2223 2192 0
2068 2099 2223 2192 2069 2100 2224 2193 0
2069 2100 2224 2193 2070 2101 2225 2194 0
2070 2101 2225 2194 2071 2102 2226 2195 0
2071 2102 2226 2195 2072 2103 2227 2196 0
2072 2103 2227 2196 2073 2104 2228 2197 0
2073 2104 2228 2197 136 137 141 140 0
133 134 130 129 2074 2105 2229 2198 0
2074 2105 2229 2198 2075 2106 2230 2199 0
2075 2106 2230 2199 2076 2107 2231 2200 0
2076 2107 2231 2200 2077 2108 2232 2201 0
2077 2108 2232 2201 2078 2109 2233 2202 0
2078 2109 2233 2202 2079 2110 2234 2203 0
2079 2110 2234 2203 2080 2111 2235 2204 0
2080 2111 2235 2204 2081 2112 2236 2205 0
2081 2112 2236 2205 2082 2113 2237 2206 0
2082 2113 2237 2206 2083 2114 2238 2207 0
2083 2114 2238 2207 2084 2115 2239 2208 0
2084 2115 2239 2208 2085 2116 2240 2209 0
2085 2116 2240 2209 2086 2117 2241 2210 0
2086 2117 2241 2210 2087 2118 2242 2211 0
2087 2118 2242 2211 2088 2119 2243 2212 0
2088 2119 2243 2212 2089 2120 2244 2213 0
2089 2120 2244 2213 2090 2121 2245 2214 0
2090 2121 2245 2214 2091 2122 2246 2215 0
2091 2122 2246 2215 2092 2123 2247 2216 0
2092 2123 2247 2216 2093 2124 2248 2217 0
2093 2124 2248 2217 2094 2125 2249 2218 0
2094 2125 2249 2218 2095 2126 2250 2219 0
2095 2126 2250 2219 2096 2127 2251 2220 0
2096 2127 2251 2220 2097 2128 2252 2221 0
2097 2128 2252 2221 2098 2129 2253 2222 0
2098 2129 2253 2222 2099 2130 2254 2223 0
2099 2130 2254 2223 2100 2131 2255 2224 0
2100 2131 2255 2224 2101 2132 2256 2225 0
2101 2132 2256 2225 2102 2133 2257 2226 0
2102 2133 2257 2226 2103 2134 2258 2227 0
2103 2134 2258 2227 2104 2135 2259 2228 0
2104 2135 2259 2228 137 138 142 141 0
134 54 53 130 2105 1020 1021 2229 0
2105 1020 1021 2229 2106 1024 1025 2230 0
2106 1024 1025 2230 2107 1028 1029 2231 0
2107 1028 1029 2231 2108 1032 1033 2232 0
2108 1032 1033 2232 2109 1036 1037 2233 0
2109 1036 1037 2233 2110 1040 1041 2234 0
2110 1040 1041 2234 2111 1044 1045 2235 0
2111 1044 1045 2235 2112 1048 1049 2236 0
2112 1048 1049 2236 2113 1052 1053 2237 0
2113 1052 1053 2237 2114 1056 1057 2238 0
2114 1056 1057 2238 2115 1060 1061 2239 0
2115 1060 1061 2239 2116 1064 1065 2240 0
2116 1064 1065 2240 2117 1068 1069 2241 0
2117 1068 1069 2241 2118 1072 1073 2242 0
2118 1072 1073 2242 2119 1076 1077 2243 0
2119 1076 1077 2243 2120 1080 1081 2244 0
2120 1080 1081 2244 2121 1084 1085 2245 0
2121 1084 1085 2245 2122 1088 1089 2246 0
2122 1088 1089 2246 2123 1092 1093 2247 0
2123 1092 1093 2247 2124 1096 1097 2248 0
2124 1096 1097 2248 2125 1100 1101 2249 0
2125 1100 1101 2249 2126 1104 1105 2250 0
2126 1104 1105 2250 2127 1108 1109 2251 0
2127 1108 1109 2251 2128 1112 1113 2252 0
2128 1112 1113 2252 2129 1116 1117 2253 0
2129 1116 1117 2253 2130 1120 1121 2254 0
2130 1120 1121 2254 2131 1124 1125 2255 0
2131 1124 1125 2255 2132 1128 1129 2256 0
2132 1128 1129 2256 2133 1132 1133 2257 0
2133 1132 1133 2257 2134 1136 1137 2258 0
2134 1136 1137 2258 2135 1140 1141 2259 0
2135 1140 1141 2259 138 66 65 142 0
17 127 123 16 522 2136 2260 521 0
522 2136 2260 521 518 2137 2261 517 0
518 2137 2261 517 514 2138 2262 513 0
514 2138 2262 513 510 2139 2263 509 0
510 2139 2263 509 506 2140 2264 505 0
506 2140 2264 505 502 2141 2265 501 0
502 2141 2265 501 498 2142 2266 497 0
498 2142 2266 497 494 2143 2267 493 0
494 2143 2267 493 490 2144 2268 489 0
490 2144 2268 489 486 2145 2269 485 0
486 2145 2269 485 482 2146 2270 481 0
482 2146 2270 481 478 2147 2271 477 0
478 2147 2271 477 474 2148 2272 473 0
474 2148 2272 473 470 2149 2273 469 0
470 2149 2273 469 466 2150 2274 465 0
466 2150 2274 465 462 2151 2275 461 0
462 2151 2275 461 458 2152 2276 457 0
458 2152 2276 457 454 2153 2277 453 0
454 2153 2277 453 450 2154 2278 449 0
450 2154 2278 449 446 2155 2279 445 0
446 2155 2279 445 442 2156 2280 441 0
442 2156 2280 441 438 2157 2281 437 0
438 2157 2281 437 434 2158 2282 433 0
434 2158 2282 433 430 2159 2283 429 0
430 2159 2283 429 426 2160 2284 425 0
426 2160 2284 425 422 2161 2285 421 0
422 2161 2285 421 418 2162 2286 417 0
418 2162 2286 417 414 2163 2287 413 0
414 2163 2287 413 410 2164 2288 409 0
410 2164 2288 409 406 2165 2289 405 0
406 2165 2289 405 402 2166 2290 401 0
402 2166 2290 401 33 139 143 32 0
127 128 124 123 2136 2167 2291 2260 0
2136 2167 2291 2260 2137 2168 2292 2261 0
2137 2168 2292 2261 2138 2169 2293 2262 0
2138 2169 2293 2262 2139 2170 2294 2263 0
2139 2170 2294 2263 2140 2171 2295 2264 0
2140 2171 2295 2264 2141 2172 2296 2265 0
2141 2172 2296 2265 2142 2173 2297 2266 0
2142 2173 2297 2266 2143 2174 2298 2267 0
2143 2174 2298 2267 2144 2175 2299 2268 0
2144 2175 2299 2268 2145 2176 2300 2269 0
2145 2176 2300 2269 2146 2177 2301 2270 0
2146 2177 2301 2270 2147 2178 2302 2271 0
2147 2178 2302 2271 2148 2179 2303 2272 0
2148 2179 2303 2272 2149 2180 2304 2273 0
2149 2180 2304 2273 2150 2181 2305 2274 0
2150 2181 2305 2274 2151 2182 2306 2275 0
2151 2182 2306 2275 2152 2183 2307 2276 0
2152 2183 2307 2276 2153 2184 2308 2277 0
2153 2184 2308 2277 2154 2185 2309 2278 0
2154 2185 2309 2278 2155 2186 2310 2279 0
2155 2186 2310 2279 2156 2187 2311 2280 0
2156 2187 2311 2280 2157 2188 2312 2281 0
2157 2188 2312 2281 2158 2189 2313 2282 0
2158 2189 2313 2282 2159 2190 2314 2283 0
2159 2190 2314 2283 2160 2191 2315 2284 0
2160 2191 2315 2284 2161 2192 2316 2285 0
2161 2192 2316 2285 2162 2193 2317 2286 0
2162 2193 2317 2286 2163 2194 2318 2287 0
2163 2194 2318 2287 2164 2195 2319 2288 0
2164 2195 2319 2288 2165 2196 2320 2289 0
2165 2196 2320 2289 2166 2197 2321 2290 0
2166 2197 2321 2290 139 140 144 143 0
128 129 125 124 2167 2198 2322 2291 0
2167 2198 2322 2291 2168 2199 2323 2292 0
2168 2199 2323 2292 2169 2200 2324 2293 0
2169 2200 2324 2293 2170 2201 2325 2294 0
2170 2201 2325 2294 2171 2202 2326 2295 0
2171 2202 2326 2295 2172 2203 2327 2296 0
2172 2203 2327 2296 2173 2204 2328 2297 0
2173 2204 2328 2297 2174 2205 2329 2298 0
2174 2205 2329 2298 2175 2206 2330 2299 0
2175 2206 2330 2299 2176 2207 2331 2300 0
2176 2207 2331 2300 2177 2208 2332 2301 0
2177 2208 2332 2301 2178 2209 2333 2302 0
2178 2209 2333 2302 2179 2210 2334 2303 0
2179 2210 2334 2303 2180 2211 2335 2304 0
2180 2211 2335 2304 2181 2212 2336 2305 0
2181 2212 2336 2305 2182 2213 2337 2306 0
2182 2213 2337 2306 2183 2214 2338 2307 0
2183 2214 2338 2307 2184 2215 2339 2308 0
2184 2215 2339 2308 2185 2216 2340 2309 0
2185 2216 2340 2309 2186 2217 2341 2310 0
2186 2217 2341 2310 2187 2218 2342 2311 0
2187 2218 2342 2311 2188 2219 2343 2312 0
2188 2219 2343 2312 2189 2220 2344 2313 0
2189 2220 2344 2313 2190 2221 2345 2314 0
2190 2221 2345 2314 2191 2222 2346 2315 0
2191 2222 2346 2315 2192 2223 2347 2316 0
2192 2223 2347 2316 2193 2224 2348 2317 0
2193 2224 2348 2317 2194 2225 2349 2318 0
2194 2225 2349 2318 2195 2226 2350 2319 0
2195 2226 2350 2319 2196 2227 2351 2320 0
2196 2227 2351 2320 2197 2228 2352 2321 0
2197 2228 2352 2321 140 141 145 144 0
129 130 126 125 2198 2229 2353 2322 0
2198 2229 2353 2322 2199 2230 2354 2323 0
2199 2230 2354 2323 2200 2231 2355 2324 0
2200 2231 2355 2324 2201 2232 2356 2325 0
2201 2232 2356 2325 2202 2233 2357 2326 0
2202 2233 2357 2326 2203 2234 2358 2327 0
2203 2234 2358 2327 2204 2235 2359 2328 0
2204 2235 2359 2328 2205 2236 2360 2329 0
2205 2236 2360 2329 2206 2237 2361 2330 0
2206 2237 2361 2330 2207 2238 2362 2331 0
2207 2238 2362 2331 2208 2239 2363 2332 0
2208 2239 2363 2332 2209 2240 2364 2333 0
2209 2240 2364 2333 2210 2241 2365 2334 0
2210 2241 2365 2334 2211 2242 2366 2335 0
2211 2242 2366 2335 2212 2243 2367 2336 0
2212 2243 2367 2336 2213 2244 2368 2337 0
2213 2244 2368 2337 2214 2245 2369 2338 0
2214 2245 2369 2338 2215 2246 2370 2339 0
2215 2246 2370 2339 2216 2247 2371 2340 0
2216 2247 2371 2340 2217 2248 2372 2341 0
2217 2248 2372 2341 2218 2249 2373 2342 0
2218 2249 2373 2342 2219 2250 2374 2343 0
2219 2250 2374 2343 2220 2251 2375 2344 0
2220 2251 2375 2344 2221 2252 2376 2345 0
2221 2252 2376 2345 2222 2253 2377 2346 0
2222 2253 2377 2346 2223 2254 2378 2347 0
2223 2254 2378 2347 2224 2255 2379 2348 0
2224 2255 2379 2348 2225 2256 2380 2349 0
2225 2256 2380 2349 2226 2257 2381 2350 0
2226 2257 2381 2350 2227 2258 2382 2351 0
2227 2258 2382 2351 2228 2259 2383 2352 0
2228 2259 2383 2352 141 142 146 145 0
130 53 52 126 2229 1021 1022 2353 0
2229 1021 1022 2353 2230 1025 1026 2354 0
2230 1025 1026 2354 2231 1029 1030 2355 0
2231 1029 1030 2355 2232 1033 1034 2356 0
2232 1033 1034 2356 2233 1037 1038 2357 0
2233 1037 1038 2357 2234 1041 1042 2358 0
2234 1041 1042 2358 2235 1045 1046 2359 0
2235 1045 1046 2359 2236 1049 1050 2360 0
2236 1049 1050 2360 2237 1053 1054 2361 0
2237 1053 1054 2361 2238 1057 1058 2362 0
2238 1057 1058 2362 2239 1061 1062 2363 0
2239 1061 1062 2363 2240 1065 1066 2364 0
2240 1065 1066 2364 2241 1069 1070 2365 0
2241 1069 1070 2365 2242 1073 1074 2366 0
2242 1073 1074 2366 2243 1077 1078 2367 0
2243 1077 1078 2367 2244 1081 1082 2368 0
2244 1081 1082 2368 2245 1085 1086 2369 0
2245 1085 1086 2369 2246 1089 1090 2370 0
2246 1089 1090 2370 2247 1093 1094 2371 0
2247 1093 1094 2371 2248 1097 1098 2372 0
2248 1097 1098 2372 2249 1101 1102 2373 0
2249 1101 1102 2373 2250 1105 1106 2374 0
2250 1105 1106 2374 2251 1109 1110 2375 0
2251 1109 1110 2375 2252 1113 1114 2376 0
2252 1113 1114 2376 2253 1117 1118 2377 0
2253 1117 1118 2377 2254 1121 1122 2378 0
2254 1121 1122 2378 2255 1125 1126 2379 0
2255 1125 1126 2379 2256 1129 1130 2380 0
2256 1129 1130 2380 2257 1133 1134 2381 0
2257 1133 1134 2381 2258 1137 1138 2382 0
2258 1137 1138 2382 2259 1141 1142 2383 0
2259 1141 1142 2383 142 65 64 146 0
16 123 119 15 521 2260 2384 520 0
521 2260 2384 520 517 2261 2385 516 0
517 2261 2385 516 513 2262 2386 512 0
513 2262 2386 512 509 2263 2387 508 0
509 2263 2387 508 505 2264 2388 504 0
505 2264 2388 504 501 2265 2389 500 0
501 2265 2389 500 497 2266 2390 496 0
497 2266 2390 496 493 2267 2391 492 0
493 2267 2391 492 489 2268 2392 488 0
489 2268 2392 488 485 2269 2393 484 0
485 2269 2393 484 481 2270 2394 480 0
481 2270 2394 480 477 2271 2395 476 0
477 2271 2395 476 473 2272 2396 472 0
473 2272 2396 472 469 2273 2397 468 0
469 2273 2397 468 465 2274 2398 464 0
465 2274 2398 464 461 2275 2399 460 0
461 2275 2399 460 457 2276 2400 456 0
457 2276 2400 456 453 2277 2401 452 0
453 2277 2401 452 449 2278 2402 448 0
449 2278 2402 448 445 2279 2403 444 0
445 2279 2403 444 441 2280 2404 440 0
441 2280 2404 440 437 2281 2405 436 0
437 2281 2405 436 433 2282 2406 432 0
433 2282 2406 432 429 2283 2407 428 0
429 2283 2407 428 425 2284 2408 424 0
425 2284 2408 424 421 2285 2409 420 0
421 2285 2409 420 417 2286 2410 416 0
417 2286 2410 416 413 2287 2411 412 0
413 2287 2411 412 409 2288 2412 408 0
409 2288 2412 408 405 2289 2413 404 0
405 2289 2413 404 401 2290 2414 400 0
401 2290 2414 400 32 143 147 31 0
123 124 120 119 2260 2291 2415 2384 0
2260 2291 2415 2384 2261 2292 2416 2385 0
2261 2292 2416 2385 2262 2293 2417 2386 0
2262 2293 2417 2386 2263 2294 2418 2387 0
2263 2294 2418 2387 2264 2295 2419 2388 0
2264 2295 2419 2388 2265 2296 2420 2389 0
2265 2296 2420 2389 2266 2297 2421 2390 0
2266 2297 2421 2390 2267 2298 2422 2391 0
2267 2298 2422 2391 2268 2299 2423 2392 0
2268 2299 2423 2392 2269 2300 2424 2393 0
2269 2300 2424 2393 2270 2301 2425 2394 0
2270 2301 2425 2394 2271 2302 2426 2395 0
2271 2302 2426 2395 2272 2303 2427 2396 0
2272 2303 2427 2396 2273 2304 2428 2397 0
2273 2304 2428 2397 2274 2305 2429 2398 0
2274 2305 2429 2398 2275 2306 2430 2399 0
2275 2306 2430 2399 2276 2307 2431 2400 0
2276 2307 2431 2400 2277 2308 2432 2401 0
2277 2308 2432 2401 2278 2309 2433 2402 0
2278 2309 2433 2402 2279 2310 2434 2403 0
2279 2310 2434 2403 2280 2311 2435 2404 0
2280 2311 2435 2404 2281 2312 2436 2405 0
2281 2312 2436 2405 2282 2313 2437 2406 0
2282 2313 2437 2406 2283 2314 2438 2407 0
2283 2314 2438 2407 2284 2315 2439 2408 0
2284 2315 2439 2408 2285 2316 2440 2409 0
2285 2316 2440 2409 2286 2317 2441 2410 0
2286 2317 2441 2410 2287 2318 2442 2411 0
2287 2318 2442 2411 2288 2319 2443 2412 0
2288 2319 2443 2412 2289 2320 2444 2413 0
2289 2320 2444 2413 2290 2321 2445 2414 0
2290 2321 2445 2414 143 144 148 147 0
124 125 121 120 2291 2322 2446 2415 0
2291 2322 2446 2415 2292 2323 2447 2416 0
2292 2323 2447 2416 2293 2324 2448 2417 0
2293 2324 2448 2417 2294 2325 2449 2418 0
2294 2325 2449 2418 2295 2326 2450 2419 0
2295 2326 2450 2419 2296 2327 2451 2420 0
2296 2327 2451 2420 2297 2328 2452 2421 0
2297 2328 2452 2421 2298 2329 2453 2422 0
2298 2329 2453 2422 2299 2330 2454 2423 0
2299 2330 2454 2423 2300 2331 2455 2424 0
2300 2331 2455 2424 2301 2332 2456 2425 0
2301 2332 2456 2425 2302 2333 2457 2426 0
2302 2333 2457 2426 2303 2334 2458 2427 0
2303 2334 2458 2427 2304 2335 2459 2428 0
2304 2335 2459 2428 2305 2336 2460 2429 0
2305 2336 2460 2429 2306 2337 2461 2430 0
2306 2337 2461 2430 2307 2338 2462 2431 0
2307 2338 2462 2431 2308 2339 2463 2432 0
2308 2339 2463 2432 2309 2340 2464 2433 0
2309 2340 2464 2433 2310 2341 2465 2434 0
2310 2341 2465 2434 2311 2342 2466 2435 0
2311 2342 2466 2435 2312 2343 2467 2436 0
2312 2343 2467 2436 2313 2344 2468 2437 0
2313 2344 2468 2437 2314 2345 2469 2438 0
2314 2345 2469 2438 2315 2346 2470 2439 0
2315 2346 2470 2439 2316 2347 2471 2440 0
2316 2347 2471 2440 2317 2348 2472 2441 0
2317 2348 2472 2441 2318 2349 2473 2442 0
2318 2349 2473 2442 2319 2350 2474 2443 0
2319 2350 2474 2443 2320 2351 2475 2444 0
2320 2351 2475 2444 2321 2352 2476 2445 0
2321 2352 2476 2445 144 145 149 148 0
125 126 122 121 2322 2353 2477 2446 0
2322 2353 2477 2446 2323 2354 2478 2447 0
2323 2354 2478 2447 2324 2355 2479 2448 0
2324 2355 2479 2448 2325 2356 2480 2449 0
2325 2356 2480 2449 2326 2357 2481 2450 0
2326 2357 2481 2450 2327 2358 2482 2451 0
2327 2358 2482 2451 2328 2359 2483 2452 0
2328 2359 2483 2452 2329 2360 2484 2453 0
2329 2360 2484 2453 2330 2361 2485 2454 0
2330 2361 2485 2454 2331 2362 2486 2455 0
2331 2362 2486 2455 2332 2363 2487 2456 0
2332 2363 2487 2456 2333 2364 2488 2457 0
2333 2364 2488 2457 2334 2365 2489 2458 0
2334 2365 2489 2458 2335 2366 2490 2459 0
2335 2366 2490 2459 2336 2367 2491 2460 0
2336 2367 2491 2460 2337 2368 2492 2461 0
2337 2368 2492 2461 2338 2369 2493 2462 0
2338 2369 2493 2462 2339 2370 2494 2463 0
2339 2370 2494 2463 2340 2371 2495 2464 0
2340 2371 2495 2464 2341 2372 2496 2465 0
2341 2372 2496 2465 2342 2373 2497 2466 0
2342 2373 2497 2466 2343 2374 2498 2467 0
2343 2374 2498 2467 2344 2375 2499 2468 0
2344 2375 2499 2468 2345 2376 2500 2469 0
2345 2376 2500 2469 2346 2377 2501 2470 0
2346 2377 2501 2470 2347 2378 2502 2471 0
2347 2378 2502 2471 2348 2379 2503 2472 0
2348 2379 2503 2472 2349 2380 2504 2473 0
2349 2380 2504 2473 2350 2381 2505 2474 0
2350 2381 2505 2474 2351 2382 2506 2475 0
2351 2382 2506 2475 2352 2383 2507 2476 0
2352 2383 2507 2476 145 146 150 149 0
126 52 51 122 2353 1022 1023 2477 0
2353 1022 1023 2477 2354 1026 1027 2478 0
2354 1026 1027 2478 2355 1030 1031 2479 0
2355 1030 1031 2479 2356 1034 1035 2480 0
2356 1034 1035 2480 2357 1038 1039 2481 0
2357 1038 1039 2481 2358 1042 1043 2482 0
2358 1042 1043 2482 2359 1046 1047 2483 0
2359 1046 1047 2483 2360 1050 1051 2484 0
2360 1050 1051 2484 2361 1054 1055 2485 0
2361 1054 1055 2485 2362 1058 1059 2486 0
2362 1058 1059 2486 2363 1062 1063 2487 0
2363 1062 1063 2487 2364 1066 1067 2488 0
2364 1066 1067 2488 2365 1070 1071 2489 0
2365 1070 1071 2489 2366 1074 1075 2490 0
2366 1074 1075 2490 2367 1078 1079 2491 0
2367 1078 1079 2491 2368 1082 1083 2492 0
2368 1082 1083 2492 2369 1086 1087 2493 0
2369 1086 1087 2493 2370 1090 1091 2494 0
2370 1090 1091 2494 2371 1094 1095 2495 0
2371 1094 1095 2495 2372 1098 1099 2496 0
2372 1098 1099 2496 2373 1102 1103 2497 0
2373 1102 1103 2497 2374 1106 1107 2498 0
2374 1106 1107 2498 2375 1110 1111 2499 0
2375 1110 1111 2499 2376 1114 1115 2500 0
2376 1114 1115 2500 2377 1118 1119 2501 0
2377 1118 1119 2501 2378 1122 1123 2502 0
2378 1122 1123 2502 2379 1126 1127 2503 0
2379 1126 1127 2503 2380 1130 1131 2504 0
2380 1130 1131 2504 2381 1134 1135 2505 0
2381 1134 1135 2505 2382 1138 1139 2506 0
2382 1138 1139 2506 2383 1142 1143 2507 0
2383 1142 1143 2507 146 64 63 150 0
15 119 58 1 520 2384 1147 183 0
520 2384 1147 183 516 2385 1151 184 0
516 2385 1151 184 512 2386 1155 185 0
512 2386 1155 185 508 2387 1159 186 0
508 2387 1159 186 504 2388 1163 187 0
504 2388 1163 187 500 2389 1167 188 0
500 2389 1167 188 496 2390 1171 189 0
496 2390 1171 189 492 2391 1175 190 0
492 2391 1175 190 488 2392 1179 191 0
488 2392 1179 191 484 2393 1183 192 0
484 2393 1183 192 480 2394 1187 193 0
480 2394 1187 193 476 2395 1191 194 0
476 2395 1191 194 472 2396 1195 195 0
472 2396 1195 195 468 2397 1199 196 0
468 2397 1199 196 464 2398 1203 197 0
464 2398 1203 197 460 2399 1207 198 0
460 2399 1207 198 456 2400 1211 199 0
456 2400 1211 199 452 2401 1215 200 0
452 2401 1215 200 448 2402 1219 201 0
448 2402 1219 201 444 2403 1223 202 0
444 2403 1223 202 440 2404 1227 203 0
440 2404 1227 203 436 2405 1231 204 0
436 2405 1231 204 432 2406 1235 205 0
432 2406 1235 205 428 2407 1239 206 0
428 2407 1239 206 424 2408 1243 207 0
424 2408 1243 207 420 2409 1247 208 0
420 2409 1247 208 416 2410 1251 209 0
416 2410 1251 209 412 2411 1255 210 0
412 2411 1255 210 408 2412 1259 211 0
408 2412 1259 211 404 2413 1263 212 0
404 2413 1263 212 400 2414 1267 213 0
400 2414 1267 213 31 147 70 5 0
119 120 57 58 2384 2415 1146 1147 0
2384 2415 1146 1147 2385 2416 1150 1151 0
2385 2416 1150 1151 2386 2417 1154 1155 0
2386 2417 1154 1155 2387 2418 1158 1159 0
2387 2418 1158 1159 2388 2419 1162 1163 0
2388 2419 1162 1163 2389 2420 1166 1167 0
2389 2420 1166 1167 2390 2421 1170 1171 0
2390 2421 1170 1171 2391 2422 1174 1175 0
2391 2422 1174 1175 2392 2423 1178 1179 0
2392 2423 1178 1179 2393 2424 1182 1183 0
2393 2424 1182 1183 2394 2425 1186 1187 0
2394 2425 1186 1187 2395 2426 1190 1191 0
2395 2426 1190 1191 2396 2427 1194 1195 0
2396 2427 1194 1195 2397 2428 1198 1199 0
2397 2428 1198 1199 2398 2429 1202 1203 0
2398 2429 1202 1203 2399 2430 1206 1207 0
2399 2430 1206 1207 2400 2431 1210 1211 0
2400 2431 1210 1211 2401 2432 1214 1215 0
2401 2432 1214 1215 2402 2433 1218 1219 0
2402 2433 1218 1219 2403 2434 1222 1223 0
2403 2434 1222 1223 2404 2435 1226 1227 0
2404 2435 1226 1227 2405 2436 1230 1231 0
2405 2436 1230 1231 2406 2437 1234 1235 0
2406 2437 1234 1235 2407 2438 1238 1239 0
2407 2438 1238 1239 2408 2439 1242 1243 0
2408 2439 1242 1243 2409 2440 1246 1247 0
2409 2440 1246 1247 2410 2441 1250 1251 0
2410 2441 1250 1251 2411 2442 1254 1255 0
2411 2442 1254 1255 2412 2443 1258 1259 0
2412 2443 1258 1259 2413 2444 1262 1263 0
2413 2444 1262 1263 2414 2445 1266 1267 0
2414 2445 1266 1267 147 148 69 70 0
120 121 56 57 2415 2446 1145 1146 0
2415 2446 1145 1146 2416 2447 1149 1150 0
2416 2447 1149 1150 2417 2448 1153 1154 0
2417 2448 1153 1154 2418 2449 1157 1158 0
2418 2449 1157 1158 2419 2450 1161 1162 0
2419 2450 1161 1162 2420 2451 1165 1166 0
2420 2451 1165 1166 2421 2452 1169 1170 0
2421 2452 1169 1170 2422 2453 1173 1174 0
2422 2453 1173 1174 2423 2454 1177 1178 0
2423 2454 1177 1178 2424 2455 1181 1182 0
2424 2455 1181 1182 2425 2456 1185 1186 0
2425 2456 1185 1186 2426 2457 1189 1190 0
2426 2457 1189 1190 2427 2458 1193 1194 0
2427 2458 1193 1194 2428 2459 1197 1198 0
2428 2459 1197 1198 2429 2460 1201 1202 0
2429 2460 1201 1202 2430 2461 1205 1206 0
2430 2461 1205 1206 2431 2462 1209 1210 0
2431 2462 1209 1210 2432 2463 1213 1214 0
2432 2463 1213 1214 2433 2464 1217 1218 0
2433 2464 1217 1218 2434 2465 1221 1222 0
2434 2465 1221 1222 2435 2466 1225 1226 0
2435 2466 1225 1226 2436 2467 1229 1230 0
2436 2467 1229 1230 2437 2468 1233 1234 0
2437 2468 1233 1234 2438 2469 1237 1238 0
2438 2469 1237 1238 2439 2470 1241 1242 0
2439 2470 1241 1242 2440 2471 1245 1246 0
2440 2471 1245 1246 2441 2472 1249 1250 0
2441 2472 1249 1250 2442 2473 1253 1254 0
2442 2473 1253 1254 2443 2474 1257 1258 0
2443 2474 1257 1258 2444 2475 1261 1262 0
2444 2475 1261 1262 2445 2476 1265 1266 0
2445 2476 1265 1266 148 149 68 69 0
121 122 55 56 2446 2477 1144 1145 0
2446 2477 1144 1145 2447 2478 1148 1149 0
2447 2478 1148 1149 2448 2479 1152 1153 0
2448 2479 1152 1153 2449 2480 1156 1157 0
2449 2480 1156 1157 2450 2481 1160 1161 0
2450 2481 1160 1161 2451 2482 1164 1165 0
2451 2482 1164 1165 2452 2483 1168 1169 0
2452 2483 1168 1169 2453 2484 1172 1173 0
2453 2484 1172 1173 2454 2485 1176 1177 0
2454 2485 1176 1177 2455 2486 1180 1181 0
2455 2486 1180 1181 2456 2487 1184 1185 0
2456 2487 1184 1185 2457 2488 1188 1189 0
2457 2488 1188 1189 2458 2489 1192 1193 0
2458 2489 1192 1193 2459 2490 1196 1197 0
2459 2490 1196 1197 2460 2491 1200 1201 0
2460 2491 1200 1201 2461 2492 1204 1205 0
2461 2492 1204 1205 2462 2493 1208 1209 0
2462 2493 1208 1209 2463 2494 1212 1213 0
2463 2494 1212 1213 2464 2495 1216 1217 0
2464 2495 1216 1217 2465 2496 1220 1221 0
2465 2496 1220 1221 2466 2497 1224 1225 0
2466 2497 1224 1225 2467 2498 1228 1229 0
2467 2498 1228 1229 2468 2499 1232 1233 0
2468 2499 1232 1233 2469 2500 1236 1237 0
2469 2500 1236 1237 2470 2501 1240 1241 0
2470 2501 1240 1241 2471 2502 1244 1245 0
2471 2502 1244 1245 2472 2503 1248 1249 0
2472 2503 1248 1249 2473 2504 1252 1253 0
2473 2504 1252 1253 2474 2505 1256 1257 0
2474 2505 1256 1257 2475 2506 1260 1261 0
2475 2506 1260 1261 2476 2507 1264 1265 0
2476 2507 1264 1265 149 150 67 68 0
122 51 10 55 2477 1023 338 1144 0
2477 1023 338 1144 2478 1027 339 1148 0
2478 1027 339 1148 2479 1031 340 1152 0
2479 1031 340 1152 2480 1035 341 1156 0
2480 1035 341 1156 2481 1039 342 1160 0
2481 1039 342 1160 2482 1043 343 1164 0
2482 1043 343 1164 2483 1047 344 1168 0
2483 1047 344 1168 2484 1051 345 1172 0
2484 1051 345 1172 2485 1055 346 1176 0
2485 1055 346 1176 2486 1059 347 1180 0
2486 1059 347 1180 2487 1063 348 1184 0
2487 1063 348 1184 2488 1067 349 1188 0
2488 1067 349 1188 2489 1071 350 1192 0
2489 1071 350 1192 2490 1075 351 1196 0
2490 1075 351 1196 2491 1079 352 1200 0
2491 1079 352 1200 2492 1083 353 1204 0
2492 1083 353 1204 2493 1087 354 1208 0
2493 1087 354 1208 2494 1091 355 1212 0
2494 1091 355 1212 2495 1095 356 1216 0
2495 1095 356 1216 2496 1099 357 1220 0
2496 1099 357 1220 2497 1103 358 1224 0
2497 1103 358 1224 2498 1107 359 1228 0
2498 1107 359 1228 2499 1111 360 1232 0
2499 1111 360 1232 2500 1115 361 1236 0
2500 1115 361 1236 2501 1119 362 1240 0
2501 1119 362 1240 2502 1123 363 1244 0
2502 1123 363 1244 2503 1127 364 1248 0
2503 1127 364 1248 2504 1131 365 1252 0
2504 1131 365 1252 2505 1135 366 1256 0
2505 1135 366 1256 2506 1139 367 1260 0
2506 1139 367 1260 2507 1143 368 1264 0
2507 1143 368 1264 150 63 12 67 0
1 58 163 22 183 1147 2508 895 0
183 1147 2508 895 184 1151 2509 891 0
184 1151 2509 891 185 1155 2510 887 0
185 1155 2510 887 186 1159 2511 883 0
186 1159 2511 883 187 1163 2512 879 0
187 1163 2512 879 188 1167 2513 875 0
188 1167 2513 875 189 1171 2514 871 0
189 1171 2514 871 190 1175 2515 867 0
190 1175 2515 867 191 1179 2516 863 0
191 1179 2516 863 192 1183 2517 859 0
192 1183 2517 859 193 1187 2518 855 0
193 1187 2518 855 194 1191 2519 851 0
194 1191 2519 851 195 1195 2520 847 0
195 1195 2520 847 196 1199 2521 843 0
196 1199 2521 843 197 1203 2522 839 0
197 1203 2522 839 198 1207 2523 835 0
198 1207 2523 835 199 1211 2524 831 0
199 1211 2524 831 200 1215 2525 827 0
200 1215 2525 827 201 1219 2526 823 0
201 1219 2526 823 202 1223 2527 819 0
202 1223 2527 819 203 1227 2528 815 0
203 1227 2528 815 204 1231 2529 811 0
204 1231 2529 811 205 1235 2530 807 0
205 1235 2530 807 206 1239 2531 803 0
206 1239 2531 803 207 1243 2532 799 0
207 1243 2532 799 208 1247 2533 795 0
208 1247 2533 795 209 1251 2534 791 0
209 1251 2534 791 210 1255 2535 787 0
210 1255 2535 787 211 1259 2536 783 0
211 1259 2536 783 212 1263 2537 779 0
212 1263 2537 779 213 1267 2538 775 0
213 1267 2538 775 5 70 167 46 0
58 57 164 163 1147 1146 2539 2508 0
1147 1146 2539 2508 1151 1150 2540 2509 0
1151 1150 2540 2509 1155 1154 2541 2510 0
1155 1154 2541 2510 1159 1158 2542 2511 0
1159 1158 2542 2511 1163 1162 2543 2512 0
1163 1162 2543 2512 1167 1166 2544 2513 0
1167 1166 2544 2513 1171 1170 2545 2514 0
1171 1170 2545 2514 1175 1174 2546 2515 0
1175 1174 2546 2515 1179 1178 2547 2516 0
1179 1178 2547 2516 1183 1182 2548 2517 0
1183 1182 2548 2517 1187 1186 2549 2518 0
1187 1186 2549 2518 1191 1190 2550 2519 0
1191 1190 2550 2519 1195 1194 2551 2520 0
1195 1194 2551 2520 1199 1198 2552 2521 0
1199 1198 2552 2521 1203 1202 2553 2522 0
1203 1202 2553 2522 1207 1206 2554 2523 0
1207 1206 2554 2523 1211 1210 2555 2524 0
1211 1210 2555 2524 1215 1214 2556 2525 0
1215 1214 2556 2525 1219 1218 2557 2526 0
1219 1218 2557 2526 1223 1222 2558 2527 0
1223 1222 2558 2527 1227 1226 2559 2528 0
1227 1226 2559 2528 1231 1230 2560 2529 0
1231 1230 2560 2529 1235 1234 2561 2530 0
1235 1234 2561 2530 1239 1238 2562 2531 0
1239 1238 2562 2531 1243 1242 2563 2532 0
1243 1242 2563 2532 1247 1246 2564 2533 0
1247 1246 2564 2533 1251 1250 2565 2534 0
1251 1250 2565 2534 1255 1254 2566 2535 0
1255 1254 2566 2535 1259 1258 2567 2536 0
1259 1258 2567 2536 1263 1262 2568 2537 0
1263 1262 2568 2537 1267 1266 2569 2538 0
1267 1266 2569 2538 70 69 168 167 0
57 56 165 164 1146 1145 2570 2539 0
1146 1145 2570 2539 1150 1149 2571 2540 0
1150 1149 2571 2540 1154 1153 2572 2541 0
1154 1153 2572 2541 1158 1157 2573 2542 0
1158 1157 2573 2542 1162 1161 2574 2543 0
1162 1161 2574 2543 1166 1165 2575 2544 0
1166 1165 2575 2544 1170 1169 2576 2545 0
1170 1169 2576 2545 1174 1173 2577 2546 0
1174 1173 2577 2546 1178 1177 2578 2547 0
1178 1177 2578 2547 1182 1181 2579 2548 0
1182 1181 2579 2548 1186 1185 2580 2549 0
1186 1185 2580 2549 1190 1189 2581 2550 0
1190 1189 2581 2550 1194 1193 2582 2551 0
1194 1193 2582 2551 1198 1197 2583 2552 0
1198 1197 2583 2552 1202 1201 2584 2553 0
1202 1201 2584 2553 1206 1205 2585 2554 0
1206 1205 2585 2554 1210 1209 2586 2555 0
1210 1209 2586 2555 1214 1213 2587 2556 0
1214 1213 2587 2556 1218 1217 2588 2557 0
1218 1217 2588 2557 1222 1221 2589 2558 0
1222 1221 2589 2558 1226 1225 2590 2559 0
1226 1225 2590 2559 1230 1229 2591 2560 0
1230 1229 2591 2560 1234 1233 2592 2561 0
1234 1233 2592 2561 1238 1237 2593 2562 0
1238 1237 2593 2562 1242 1241 2594 2563 0
1242 1241 2594 2563 1246 1245 2595 2564 0
1246 1245 2595 2564 1250 1249 2596 2565 0
1250 1249 2596 2565 1254 1253 2597 2566 0
1254 1253 2597 2566 1258 1257 2598 2567 0
1258 1257 2598 2567 1262 1261 2599 2568 0
1262 1261 2599 2568 1266 1265 2600 2569 0
1266 1265 2600 2569 69 68 169 168 0
56 55 166 165 1145 1144 2601 2570 0
1145 1144 2601 2570 1149 1148 2602 2571 0
1149 1148 2602 2571 1153 1152 2603 2572 0
1153 1152 2603 2572 1157 1156 2604 2573 0
1157 1156 2604 2573 1161 1160 2605 2574 0
1161 1160 2605 2574 1165 1164 2606 2575 0
1165 1164 2606 2575 1169 1168 2607 2576 0
1169 1168 2607 2576 1173 1172 2608 2577 0
1173 1172 2608 2577 1177 1176 2609 2578 0
1177 1176 2609 2578 1181 1180 2610 2579 0
1181 1180 2610 2579 1185 1184 2611 2580 0
1185 1184 2611 2580 1189 1188 2612 2581 0
1189 1188 2612 2581 1193 1192 2613 2582 0
1193 1192 2613 2582 1197 1196 2614 2583 0
1197 1196 2614 2583 1201 1200 2615 2584 0
1201 1200 2615 2584 1205 1204 2616 2585 0
1205 1204 2616 2585 1209 1208 2617 2586 0
1209 1208 2617 2586 1213 1212 2618 2587 0
1213 1212 2618 2587 1217 1216 2619 2588 0
1217 1216 2619 2588 1221 1220 2620 2589 0
1221 1220 2620 2589 1225 1224 2621 2590 0
1225 1224 2621 2590 1229 1228 2622 2591 0
1229 1228 2622 2591 1233 1232 2623 2592 0
1233 1232 2623 2592 1237 1236 2624 2593 0
1237 1236 2624 2593 1241 1240 2625 2594 0
1241 1240 2625 2594 1245 1244 2626 2595 0
1245 1244 2626 2595 1249 1248 2627 2596 0
1249 1248 2627 2596 1253 1252 2628 2597 0
1253 1252 2628 2597 1257 1256 2629 2598 0
1257 1256 2629 2598 1261 1260 2630 2599 0
1261 1260 2630 2599 1265 1264 2631 2600 0
1265 1264 2631 2600 68 67 170 169 0
55 10 74 166 1144 338 1268 2601 0
1144 338 1268 2601 1148 339 1272 2602 0
1148 339 1272 2602 1152 340 1276 2603 0
1152 340 1276 2603 1156 341 1280 2604 0
1156 341 1280 2604 1160 342 1284 2605 0
1160 342 1284 2605 1164 343 1288 2606 0
1164 343 1288 2606 1168 344 1292 2607 0
1168 344 1292 2607 1172 345 1296 2608 0
1172 345 1296 2608 1176 346 1300 2609 0
1176 346 1300 2609 1180 347 1304 2610 0
1180 347 1304 2610 1184 348 1308 2611 0
1184 348 1308 2611 1188 349 1312 2612 0
1188 349 1312 2612 1192 350 1316 2613 0
1192 350 1316 2613 1196 351 1320 2614 0
1196 351 1320 2614 1200 352 1324 2615 0
1200 352 1324 2615 1204 353 1328 2616 0
1204 353 1328 2616 1208 354 1332 2617 0
1208 354 1332 2617 1212 355 1336 2618 0
1212 355 1336 2618 1216 356 1340 2619 0
1216 356 1340 2619 1220 357 1344 2620 0
1220 357 1344 2620 1224 358 1348 2621 0
1224 358 1348 2621 1228 359 1352 2622 0
1228 359 1352 2622 1232 360 1356 2623 0
1232 360 1356 2623 1236 361 1360 2624 0
1236 361 1360 2624 1240 362 1364 2625 0
1240 362 1364 2625 1244 363 1368 2626 0
1244 363 1368 2626 1248 364 1372 2627 0
1248 364 1372 2627 1252 365 1376 2628 0
1252 365 1376 2628 1256 366 1380 2629 0
1256 366 1380 2629 1260 367 1384 2630 0
1260 367 1384 2630 1264 368 1388 2631 0
1264 368 1388 2631 67 12 82 170 0
22 163 159 21 895 2508 2632 894 0
895 2508 2632 894 891 2509 2633 890 0
891 2509 2633 890 887 2510 2634 886 0
887 2510 2634 886 883 2511 2635 882 0
883 2511 2635 882 879 2512 2636 878 0
879 2512 2636 878 875 2513 2637 874 0
875 2513 2637 874 871 2514 2638 870 0
871 2514 2638 870 867 2515 2639 866 0
867 2515 2639 866 863 2516 2640 862 0
863 2516 2640 862 859 2517 2641 858 0
859 2517 2641 858 855 2518 2642 854 0
855 2518 2642 854 851 2519 2643 850 0
851 2519 2643 850 847 2520 2644 846 0
847 2520 2644 846 843 2521 2645 842 0
843 2521 2645 842 839 2522 2646 838 0
839 2522 2646 838 835 2523 2647 834 0
835 2523 2647 834 831 2524 2648 830 0
831 2524 2648 830 827 2525 2649 826 0
827 2525 2649 826 823 2526 2650 822 0
823 2526 2650 822 819 2527 2651 818 0
819 2527 2651 818 815 2528 2652 814 0
815 2528 2652 814 811 2529 2653 810 0
811 2529 2653 810 807 2530 2654 806 0
807 2530 2654 806 803 2531 2655 802 0
803 2531 2655 802 799 2532 2656 798 0
799 2532 2656 798 795 2533 2657 794 0
795 2533 2657 794 791 2534 2658 790 0
791 2534 2658 790 787 2535 2659 786 0
787 2535 2659 786 783 2536 2660 782 0
783 2536 2660 782 779 2537 2661 778 0
779 2537 2661 778 775 2538 2662 774 0
775 2538 2662 774 46 167 171 45 0
163 164 160 159 2508 2539 2663 2632 0
2508 2539 2663 2632 2509 2540 2664 2633 0
2509 2540 2664 2633 2510 2541 2665 2634 0
2510 2541 2665 2634 2511 2542 2666 2635 0
2511 2542 2666 2635 2512 2543 2667 2636 0
2512 2543 2667 2636 2513 2544 2668 2637 0
2513 2544 2668 2637 2514 2545 2669 2638 0
2514 2545 2669 2638 2515 2546 2670 2639 0
2515 2546 2670 2639 2516 2547 2671 2640 0
2516 2547 2671 2640 2517 2548 2672 2641 0
2517 2548 2672 2641 2518 2549 2673 2642 0
2518 2549 2673 2642 2519 2550 2674 2643 0
2519 2550 2674 2643 2520 2551 2675 2644 0
2520 2551 2675 2644 2521 2552 2676 2645 0
2521 2552 2676 2645 2522 2553 2677 2646 0
2522 2553 2677 2646 2523 2554 2678 2647 0
2523 2554 2678 2647 2524 2555 2679 2648 0
2524 2555 2679 2648 2525 2556 2680 2649 0
2525 2556 2680 2649 2526 2557 2681 2650 0
2526 2557 2681 2650 2527 2558 2682 2651 0
2527 2558 2682 2651 2528 2559 2683 2652 0
2528 2559 2683 2652 2529 2560 2684 2653 0
2529 2560 2684 2653 2530 2561 2685 2654 0
2530 2561 2685 2654 2531 2562 2686 2655 0
2531 2562 2686 2655 2532 2563 2687 2656 0
2532 2563 2687 2656 2533 2564 2688 2657 0
2533 2564 2688 2657 2534 2565 2689 2658 0
2534 2565 2689 2658 2535 2566 2690 2659 0
2535 2566 2690 2659 2536 2567 2691 2660 0
2536 2567 2691 2660 2537 2568 2692 2661 0
2537 2568 2692 2661 2538 2569 2693 2662 0
2538 2569 2693 2662 167 168 172 171 0
164 165 161 160 2539 2570 2694 2663 0
2539 2570 2694 2663 2540 2571 2695 2664 0
2540 2571 2695 2664 2541 2572 2696 2665 0
2541 2572 2696 2665 2542 2573 2697 2666 0
2542 2573 2697 2666 2543 2574 2698 2667 0
2543 2574 2698 2667 2544 2575 2699 2668 0
2544 2575 2699 2668 2545 2576 2700 2669 0
2545 2576 2700 2669 2546 2577 2701 2670 0
2546 2577 2701 2670 2547 2578 2702 2671 0
2547 2578 2702 2671 2548 2579 2703 2672 0
2548 2579 2703 2672 2549 2580 2704 2673 0
2549 2580 2704 2673 2550 2581 2705 2674 0
2550 2581 2705 2674 2551 2582 2706 2675 0
2551 2582 2706 2675 2552 2583 2707 2676 0
2552 2583 2707 2676 2553 2584 2708 2677 0
2553 2584 2708 2677 2554 2585 2709 2678 0
2554 2585 2709 2678 2555 2586 2710 2679 0
2555 2586 2710 2679 2556 2587 2711 2680 0
2556 2587 2711 2680 2557 2588 2712 2681 0
2557 2588 2712 2681 2558 2589 2713 2682 0
2558 2589 2713 2682 2559 2590 2714 2683 0
2559 2590 2714 2683 2560 2591 2715 2684 0
2560 2591 2715 2684 2561 2592 2716 2685 0
2561 2592 2716 2685 2562 2593 2717 2686 0
2562 2593 2717 2686 2563 2594 2718 2687 0
2563 2594 2718 2687 2564 2595 2719 2688 0
2564 2595 2719 2688 2565 2596 2720 2689 0
2565 2596 2720 2689 2566 2597 2721 2690 0
2566 2597 2721 2690 2567 2598 2722 2691 0
2567 2598 2722 2691 2568 2599 2723 2692 0
2568 2599 2723 2692 2569 2600 2724 2693 0
2569 2600 2724 2693 168 169 173 172 0
165 166 162 161 2570 2601 2725 2694 0
2570 2601 2725 2694 2571 2602 2726 2695 0
2571 2602 2726 2695 2572 2603 2727 2696 0
2572 2603 2727 2696 2573 2604 2728 2697 0
2573 2604 2728 2697 2574 2605 2729 2698 0
2574 2605 2729 2698 2575 2606 2730 2699 0
2575 2606 2730 2699 2576 2607 2731 2700 0
2576 2607 2731 2700 2577 2608 2732 2701 0
2577 2608 2732 2701 2578 2609 2733 2702 0
2578 2609 2733 2702 2579 2610 2734 2703 0
2579 2610 2734 2703 2580 2611 2735 2704 0
2580 2611 2735 2704 2581 2612 2736 2705 0
2581 2612 2736 2705 2582 2613 2737 2706 0
2582 2613 2737 2706 2583 2614 2738 2707 0
2583 2614 2738 2707 2584 2615 2739 2708 0
2584 2615 2739 2708 2585 2616 2740 2709 0
2585 2616 2740 2709 2586 2617 2741 2710 0
2586 2617 2741 2710 2587 2618 2742 2711 0
2587 2618 2742 2711 2588 2619 2743 2712 0
2588 2619 2743 2712 2589 2620 2744 2713 0
2589 2620 2744 2713 2590 2621 2745 2714 0
2590 2621 2745 2714 2591 2622 2746 2715 0
2591 2622 2746 2715 2592 2623 2747 2716 0
2592 2623 2747 2716 2593 2624 2748 2717 0
2593 2624 2748 2717 2594 2625 2749 2718 0
2594 2625 2749 2718 2595 2626 2750 2719 0
2595 2626 2750 2719 2596 2627 2751 2720 0
2596 2627 2751 2720 2597 2628 2752 2721 0
2597 2628 2752 2721 2598 2629 2753 2722 0
2598 2629 2753 2722 2599 2630 2754 2723 0
2599 2630 2754 2723 2600 2631 2755 2724 0
2600 2631 2755 2724 169 170 174 173 0
166 74 73 162 2601 1268 1269 2725 0
2601 1268 1269 2725 2602 1272 1273 2726 0
2602 1272 1273 2726 2603 1276 1277 2727 0
2603 1276 1277 2727 2604 1280 1281 2728 0
2604 1280 1281 2728 2605 1284 1285 2729 0
2605 1284 1285 2729 2606 1288 1289 2730 0
2606 1288 1289 2730 2607 1292 1293 2731 0
2607 1292 1293 2731 2608 1296 1297 2732 0
2608 1296 1297 2732 2609 1300 1301 2733 0
2609 1300 1301 2733 2610 1304 1305 2734 0
2610 1304 1305 2734 2611 1308 1309 2735 0
2611 1308 1309 2735 2612 1312 1313 2736 0
2612 1312 1313 2736 2613 1316 1317 2737 0
2613 1316 1317 2737 2614 1320 1321 2738 0
2614 1320 1321 2738 2615 1324 1325 2739 0
2615 1324 1325 2739 2616 1328 1329 2740 0
2616 1328 1329 2740 2617 1332 1333 2741 0
2617 1332 1333 2741 2618 1336 1337 2742 0
2618 1336 1337 2742 2619 1340 1341 2743 0
2619 1340 1341 2743 2620 1344 1345 2744 0
2620 1344 1345 2744 2621 1348 1349 2745 0
2621 1348 1349 2745 2622 1352 1353 2746 0
2622 1352 1353 2746 2623 1356 1357 2747 0
2623 1356 1357 2747 2624 1360 1361 2748 0
2624 1360 1361 2748 2625 1364 1365 2749 0
2625 1364 1365 2749 2626 1368 1369 2750 0
2626 1368 1369 2750 2627 1372 1373 2751 0
2627 1372 1373 2751 2628 1376 1377 2752 0
2628 1376 1377 2752 2629 1380 1381 2753 0
2629 1380 1381 2753 2630 1384 1385 2754 0
2630 1384 1385 2754 2631 1388 1389 2755 0
2631 1388 1389 2755 170 82 81 174 0
21 159 155 20 894 2632 2756 893 0
894 2632 2756 893 890 2633 2757 889 0
890 2633 2757 889 886 2634 2758 885 0
886 2634 2758 885 882 2635 2759 881 0
882 2635 2759 881 878 2636 2760 877 0
878 2636 2760 877 874 2637 2761 873 0
874 2637 2761 873 870 2638 2762 869 0
870 2638 2762 869 866 2639 2763 865 0
866 2639 2763 865 862 2640 2764 861 0
862 2640 2764 861 858 2641 2765 857 0
858 2641 2765 857 854 2642 2766 853 0
854 2642 2766 853 850 2643 2767 849 0
850 2643 2767 849 846 2644 2768 845 0
846 2644 2768 845 842 2645 2769 841 0
842 2645 2769 841 838 2646 2770 837 0
838 2646 2770 837 834 2647 2771 833 0
834 2647 2771 833 830 2648 2772 829 0
830 2648 2772 829 826 2649 2773 825 0
826 2649 2773 825 822 2650 2774 821 0
822 2650 2774 821 818 2651 2775 817 0
818 2651 2775 817 814 2652 2776 813 0
814 2652 2776 813 810 2653 2777 809 0
810 2653 2777 809 806 2654 2778 805 0
806 2654 2778 805 802 2655 2779 801 0
802 2655 2779 801 798 2656 2780 797 0
798 2656 2780 797 794 2657 2781 793 0
794 2657 2781 793 790 2658 2782 789 0
790 2658 2782 789 786 2659 2783 785 0
786 2659 2783 785 782 2660 2784 781 0
782 2660 2784 781 778 2661 2785 777 0
778 2661 2785 777 774 2662 2786 773 0
774 2662 2786 773 45 171 175 44 0
159 160 156 155 2632 2663 2787 2756 0
2632 2663 2787 2756 2633 2664 2788 2757 0
2633 2664 2788 2757 2634 2665 2789 2758 0
2634 2665 2789 2758 2635 2666 2790 2759 0
2635 2666 2790 2759 2636 2667 2791 2760 0
2636 2667 2791 2760 2637 2668 2792 2761 0
2637 2668 2792 2761 2638 2669 2793 2762 0
2638 2669 2793 2762 2639 2670 2794 2763 0
2639 2670 2794 2763 2640 2671 2795 2764 0
2640 2671 2795 2764 2641 2672 2796 2765 0
2641 2672 2796 2765 2642 2673 2797 2766 0
2642 2673 2797 2766 2643 2674 2798 2767 0
2643 2674 2798 2767 2644 2675 2799 2768 0
2644 2675 2799 2768 2645 2676 2800 2769 0
2645 2676 2800 2769 2646 2677 2801 2770 0
2646 2677 2801 2770 2647 2678 2802 2771 0
2647 2678 2802 2771 2648 2679 2803 2772 0
2648 2679 2803 2772 2649 2680 2804 2773 0
2649 2680 2804 2773 2650 2681 2805 2774 0
2650 2681 2805 2774 2651 2682 2806 2775 0
2651 2682 2806 2775 2652 2683 2807 2776 0
2652 2683 2807 2776 2653 2684 2808 2777 0
2653 2684 2808 2777 2654 2685 2809 2778 0
2654 2685 2809 2778 2655 2686 2810 2779 0
2655 2686 2810 2779 2656 2687 2811 2780 0
2656 2687 2811 2780 2657 2688 2812 2781 0
2657 2688 2812 2781 2658 2689 2813 2782 0
2658 2689 2813 2782 2659 2690 2814 2783 0
2659 2690 2814 2783 2660 2691 2815 2784 0
2660 2691 2815 2784 2661 2692 2816 2785 0
2661 2692 2816 2785 2662 2693 2817 2786 0
2662 2693 2817 2786 171 172 176 175 0
160 161 157 156 2663 2694 2818 2787 0
2663 2694 2818 2787 2664 2695 2819 2788 0
2664 2695 2819 2788 2665 2696 2820 2789 0
2665 2696 2820 2789 2666 2697 2821 2790 0
2666 2697 2821 2790 2667 2698 2822 2791 0
2667 2698 2822 2791 2668 2699 2823 2792 0
2668 2699 2823 2792 2669 2700 2824 2793 0
2669 2700 2824 2793 2670 2701 2825 2794 0
2670 2701 2825 2794 2671 2702 2826 2795 0
2671 2702 2826 2795 2672 2703 2827 2796 0
2672 2703 2827 2796 2673 2704 2828 2797 0
2673 2704 2828 2797 2674 2705 2829 2798 0
2674 2705 2829 2798 2675 2706 2830 2799 0
2675 2706 2830 2799 2676 2707 2831 2800 0
2676 2707 2831 2800 2677 2708 2832 2801 0
2677 2708 2832 2801 2678 2709 2833 2802 0
2678 2709 2833 2802 2679 2710 2834 2803 0
2679 2710 2834 2803 2680 2711 2835 2804 0
2680 2711 2835 2804 2681 2712 2836 2805 0
2681 2712 2836 2805 2682 2713 2837 2806 0
2682 2713 2837 2806 2683 2714 2838 2807 0
2683 2714 2838 2807 2684 2715 2839 2808 0
2684 2715 2839 2808 2685 2716 2840 2809 0
2685 2716 2840 2809 2686 2717 2841 2810 0
2686 2717 2841 2810 2687 2718 2842 2811 0
2687 2718 2842 2811 2688 2719 2843 2812 0
2688 2719 2843 2812 2689 2720 2844 2813 0
2689 2720 2844 2813 2690 2721 2845 2814 0
2690 2721 2845 2814 2691 2722 2846 2815 0
2691 2722 2846 2815 2692 2723 2847 2816 0
2692 2723 2847 2816 2693 2724 2848 2817 0
2693 2724 2848 2817 172 173 177 176 0
161 162 158 157 2694 2725 2849 2818 0
2694 2725 2849 2818 2695 2726 2850 2819 0
2695 2726 2850 2819 2696 2727 2851 2820 0
2696 2727 2851 2820 2697 2728 2852 2821 0
2697 2728 2852 2821 2698 2729 2853 2822 0
2698 2729 2853 2822 2699 2730 2854 2823 0
2699 2730 2854 2823 2700 2731 2855 2824 0
2700 2731 2855 2824 2701 2732 2856 2825 0
2701 2732 2856 2825 2702 2733 2857 2826 0
2702 2733 2857 2826 2703 2734 2858 2827 0
2703 2734 2858 2827 2704 2735 2859 2828 0
2704 2735 2859 2828 2705 2736 2860 2829 0
2705 2736 2860 2829 2706 2737 2861 2830 0
2706 2737 2861 2830 2707 2738 2862 2831 0
2707 2738 2862 2831 2708 2739 2863 2832 0
2708 2739 2863 2832 2709 2740 2864 2833 0
2709 2740 2864 2833 2710 2741 2865 2834 0
2710 2741 2865 2834 2711 2742 2866 2835 0
2711 2742 2866 2835 2712 2743 2867 2836 0
2712 2743 2867 2836 2713 2744 2868 2837 0
2713 2744 2868 2837 2714 2745 2869 2838 0
2714 2745 2869 2838 2715 2746 2870 2839 0
2715 2746 2870 2839 2716 2747 2871 2840 0
2716 2747 2871 2840 2717 2748 2872 2841 0
2717 2748 2872 2841 2718 2749 2873 2842 0
2718 2749 2873 2842 2719 2750 2874 2843 0
2719 2750 2874 2843 2720 2751 2875 2844 0
2720 2751 2875 2844 2721 2752 2876 2845 0
2721 2752 2876 2845 2722 2753 2877 2846 0
2722 2753 2877 2846 2723 2754 2878 2847 0
2723 2754 2878 2847 2724 2755 2879 2848 0
2724 2755 2879 2848 173 174 178 177 0
162 73 72 158 2725 1269 1270 2849 0
2725 1269 1270 2849 2726 1273 1274 2850 0
2726 1273 1274 2850 2727 1277 1278 2851 0
2727 1277 1278 2851 2728 1281 1282 2852 0
2728 1281 1282 2852 2729 1285 1286 2853 0
2729 1285 1286 2853 2730 1289 1290 2854 0
2730 1289 1290 2854 2731 1293 1294 2855 0
2731 1293 1294 2855 2732 1297 1298 2856 0
2732 1297 1298 2856 2733 1301 1302 2857 0
2733 1301 1302 2857 2734 1305 1306 2858 0
2734 1305 1306 2858 2735 1309 1310 2859 0
2735 1309 1310 2859 2736 1313 1314 2860 0
2736 1313 1314 2860 2737 1317 1318 2861 0
2737 1317 1318 2861 2738 1321 1322 2862 0
2738 1321 1322 2862 2739 1325 1326 2863 0
2739 1325 1326 2863 2740 1329 1330 2864 0
2740 1329 1330 2864 2741 1333 1334 2865 0
2741 1333 1334 2865 2742 1337 1338 2866 0
2742 1337 1338 2866 2743 1341 1342 2867 0
2743 1341 1342 2867 2744 1345 1346 2868 0
2744 1345 1346 2868 2745 1349 1350 2869 0
2745 1349 1350 2869 2746 1353 1354 2870 0
2746 1353 1354 2870 2747 1357 1358 2871 0
2747 1357 1358 2871 2748 1361 1362 2872 0
2748 1361 1362 2872 2749 1365 1366 2873 0
2749 1365 1366 2873 2750 1369 1370 2874 0
2750 1369 1370 2874 2751 1373 1374 2875 0
2751 1373 1374 2875 2752 1377 1378 2876 0
2752 1377 1378 2876 2753 1381 1382 2877 0
2753 1381 1382 2877 2754 1385 1386 2878 0
2754 1385 1386 2878 2755 1389 1390 2879 0
2755 1389 1390 2879 174 81 80 178 0
20 155 151 19 893 2756 2880 892 0
893 2756 2880 892 889 2757 2881 888 0
889 2757 2881 888 885 2758 2882 884 0
885 2758 2882 884 881 2759 2883 880 0
881 2759 2883 880 877 2760 2884 876 0
877 2760 2884 876 873 2761 2885 872 0
873 2761 2885 872 869 2762 2886 868 0
869 2762 2886 868 865 2763 2887 864 0
865 2763 2887 864 861 2764 2888 860 0
861 2764 2888 860 857 2765 2889 856 0
857 2765 2889 856 853 2766 2890 852 0
853 2766 2890 852 849 2767 2891 848 0
849 2767 2891 848 845 2768 2892 844 0
845 2768 2892 844 841 2769 2893 840 0
841 2769 2893 840 837 2770 2894 836 0
837 2770 2894 836 833 2771 2895 832 0
833 2771 2895 832 829 2772 2896 828 0
829 2772 2896 828 825 2773 2897 824 0
825 2773 2897 824 821 2774 2898 820 0
821 2774 2898 820 817 2775 2899 816 0
817 2775 2899 816 813 2776 2900 812 0
813 2776 2900 812 809 2777 2901 808 0
809 2777 2901 808 805 2778 2902 804 0
805 2778 2902 804 801 2779 2903 800 0
801 2779 2903 800 797 2780 2904 796 0
797 2780 2904 796 793 2781 2905 792 0
793 2781 2905 792 789 2782 2906 788 0
789 2782 2906 788 785 2783 2907 784 0
785 2783 2907 784 781 2784 2908 780 0
781 2784 2908 780 777 2785 2909 776 0
777 2785 2909 776 773 2786 2910 772 0
773 2786 2910 772 44 175 179 43 0
155 156 152 151 2756 2787 2911 2880 0
2756 2787 2911 2880 2757 2788 2912 2881 0
2757 2788 2912 2881 2758 2789 2913 2882 0
2758 2789 2913 2882 2759 2790 2914 2883 0
2759 2790 2914 2883 2760 2791 2915 2884 0
2760 2791 2915 2884 2761 2792 2916 2885 0
2761 2792 2916 2885 2762 2793 2917 2886 0
2762 2793 2917 2886 2763 2794 2918 2887 0
2763 2794 2918 2887 2764 2795 2919 2888 0
2764 2795 2919 2888 2765 2796 2920 2889 0
2765 2796 2920 2889 2766 2797 2921 2890 0
2766 2797 2921 2890 2767 2798 2922 2891 0
2767 2798 2922 2891 2768 2799 2923 2892 0
2768 2799 2923 2892 2769 2800 2924 2893 0
2769 2800 2924 2893 2770 2801 2925 2894 0
2770 2801 2925 2894 2771 2802 2926 2895 0
2771 2802 2926 2895 2772 2803 2927 2896 0
2772 2803 2927 2896 2773 2804 2928 2897 0
2773 2804 2928 2897 2774 2805 2929 2898 0
2774 2805 2929 2898 2775 2806 2930 2899 0
2775 2806 2930 2899 2776 2807 2931 2900 0
2776 2807 2931 2900 2777 2808 2932 2901 0
2777 2808 2932 2901 2778 2809 2933 2902 0
2778 2809 2933 2902 2779 2810 2934 2903 0
2779 2810 2934 2903 2780 2811 2935 2904 0
2780 2811 2935 2904 2781 2812 2936 2905 0
2781 2812 2936 2905 2782 2813 2937 2906 0
2782 2813 2937 2906 2783 2814 2938 2907 0
2783 2814 2938 2907 2784 2815 2939 2908 0
2784 2815 2939 2908 2785 2816 2940 2909 0
2785 2816 2940 2909 2786 2817 2941 2910 0
2786 2817 2941 2910 175 176 180 179 0
156 157 153 152 2787 2818 2942 2911 0
2787 2818 2942 2911 2788 2819 2943 2912 0
2788 2819 2943 2912 2789 2820 2944 2913 0
2789 2820 2944 2913 2790 2821 2945 2914 0
2790 2821 2945 2914 2791 2822 2946 2915 0
2791 2822 2946 2915 2792 2823 2947 2916 0
2792 2823 2947 2916 2793 2824 2948 2917 0
2793 2824 2948 2917 2794 2825 2949 2918 0
2794 2825 2949 2918 2795 2826 2950 2919 0
2795 2826 2950 2919 2796 2827 2951 2920 0
2796 2827 2951 2920 2797 2828 2952 2921 0
2797 2828 2952 2921 2798 2829 2953 2922 0
2798 2829 2953 2922 2799 2830 2954 2923 0
2799 2830 2954 2923 2800 2831 2955 2924 0
2800 2831 2955 2924 2801 2832 2956 2925 0
2801 2832 2956 2925 2802 2833 2957 2926 0
2802 2833 2957 2926 2803 2834 2958 2927 0
2803 2834 2958 2927 2804 2835 2959 2928 0
2804 2835 2959 2928 2805 2836 2960 2929 0
2805 2836 2960 2929 2806 2837 2961 2930 0
2806 2837 2961 2930 2807 2838 2962 2931 0
2807 2838 2962 2931 2808 2839 2963 2932 0
2808 2839 2963 2932 2809 2840 2964 2933 0
2809 2840 2964 2933 2810 2841 2965 2934 0
2810 2841 2965 2934 2811 2842 2966 2935 0
2811 2842 2966 2935 2812 2843 2967 2936 0
2812 2843 2967 2936 2813 2844 2968 2937 0
2813 2844 2968 2937 2814 2845 2969 2938 0
2814 2845 2969 2938 2815 2846 2970 2939 0
2815 2846 2970 2939 2816 2847 2971 2940 0
2816 2847 2971 2940 2817 2848 2972 2941 0
2817 2848 2972 2941 176 177 181 180 0
157 158 154 153 2818 2849 2973 2942 0
2818 2849 2973 2942 2819 2850 2974 2943 0
2819 2850 2974 2943 2820 2851 2975 2944 0
2820 2851 2975 2944 2821 2852 2976 2945 0
2821 2852 2976 2945 2822 2853 2977 2946 0
2822 2853 2977 2946 2823 2854 2978 2947 0
2823 2854 2978 2947 2824 2855 2979 2948 0
2824 2855 2979 2948 2825 2856 2980 2949 0
2825 2856 2980 2949 2826 2857 2981 2950 0
2826 2857 2981 2950 2827 2858 2982 2951 0
2827 2858 2982 2951 2828 2859 2983 2952 0
2828 2859 2983 2952 2829 2860 2984 2953 0
2829 2860 2984 2953 2830 2861 2985 2954 0
2830 2861 2985 2954 2831 2862 2986 2955 0
2831 2862 2986 2955 2832 2863 2987 2956 0
2832 2863 2987 2956 2833 2864 2988 2957 0
2833 2864 2988 2957 2834 2865 2989 2958 0
2834 2865 2989 2958 2835 2866 2990 2959 0
2835 2866 2990 2959 2836 2867 2991 2960 0
2836 2867 2991 2960 2837 2868 2992 2961 0
2837 2868 2992 2961 2838 2869 2993 2962 0
2838 2869 2993 2962 2839 2870 2994 2963 0
2839 2870 2994 2963 2840 2871 2995 2964 0
2840 2871 2995 2964 2841 2872 2996 2965 0
2841 2872 2996 2965 2842 2873 2997 2966 0
2842 2873 2997 2966 2843 2874 2998 2967 0
2843 2874 2998 2967 2844 2875 2999 2968 0
2844 2875 2999 2968 2845 2876 3000 2969 0
2845 2876 3000 2969 2846 2877 3001 2970 0
2846 2877 3001 2970 2847 2878 3002 2971 0
2847 2878 3002 2971 2848 2879 3003 2972 0
2848 2879 3003 2972 177 178 182 181 0
158 72 71 154 2849 1270 1271 2973 0
2849 1270 1271 2973 2850 1274 1275 2974 0
2850 1274 1275 2974 2851 1278 1279 2975 0
2851 1278 1279 2975 2852 1282 1283 2976 0
2852 1282 1283 2976 2853 1286 1287 2977 0
2853 1286 1287 2977 2854 1290 1291 2978 0
2854 1290 1291 2978 2855 1294 1295 2979 0
2855 1294 1295 2979 2856 1298 1299 2980 0
2856 1298 1299 2980 2857 1302 1303 2981 0
2857 1302 1303 2981 2858 1306 1307 2982 0
2858 1306 1307 2982 2859 1310 1311 2983 0
2859 1310 1311 2983 2860 1314 1315 2984 0
2860 1314 1315 2984 2861 1318 1319 2985 0
2861 1318 1319 2985 2862 1322 1323 2986 0
2862 1322 1323 2986 2863 1326 1327 2987 0
2863 1326 1327 2987 2864 1330 1331 2988 0
2864 1330 1331 2988 2865 1334 1335 2989 0
2865 1334 1335 2989 2866 1338 1339 2990 0
2866 1338 1339 2990 2867 1342 1343 2991 0
2867 1342 1343 2991 2868 1346 1347 2992 0
2868 1346 1347 2992 2869 1350 1351 2993 0
2869 1350 1351 2993 2870 1354 1355 2994 0
2870 1354 1355 2994 2871 1358 1359 2995 0
2871 1358 1359 2995 2872 1362 1363 2996 0
2872 1362 1363 2996 2873 1366 1367 2997 0
2873 1366 1367 2997 2874 1370 1371 2998 0
2874 1370 1371 2998 2875 1374 1375 2999 0
2875 1374 1375 2999 2876 1378 1379 3000 0
2876 1378 1379 3000 2877 1382 1383 3001 0
2877 1382 1383 3001 2878 1386 1387 3002 0
2878 1386 1387 3002 2879 1390 1391 3003 0
2879 1390 1391 3003 178 80 79 182 0
19 151 78 3 892 2880 1395 276 0
892 2880 1395 276 888 2881 1399 277 0
888 2881 1399 277 884 2882 1403 278 0
884 2882 1403 278 880 2883 1407 279 0
880 2883 1407 279 876 2884 1411 280 0
876 2884 1411 280 872 2885 1415 281 0
872 2885 1415 281 868 2886 1419 282 0
868 2886 1419 282 864 2887 1423 283 0
864 2887 1423 283 860 2888 1427 284 0
860 2888 1427 284 856 2889 1431 285 0
856 2889 1431 285 852 2890 1435 286 0
852 2890 1435 286 848 2891 1439 287 0
848 2891 1439 287 844 2892 1443 288 0
844 2892 1443 288 840 2893 1447 289 0
840 2893 1447 289 836 2894 1451 290 0
836 2894 1451 290 832 2895 1455 291 0
832 2895 1455 291 828 2896 1459 292 0
828 2896 1459 292 824 2897 1463 293 0
824 2897 1463 293 820 2898 1467 294 0
820 2898 1467 294 816 2899 1471 295 0
816 2899 1471 295 812 2900 1475 296 0
812 2900 1475 296 808 2901 1479 297 0
808 2901 1479 297 804 2902 1483 298 0
804 2902 1483 298 800 2903 1487 299 0
800 2903 1487 299 796 2904 1491 300 0
796 2904 1491 300 792 2905 1495 301 0
792 2905 1495 301 788 2906 1499 302 0
788 2906 1499 302 784 2907 1503 303 0
784 2907 1503 303 780 2908 1507 304 0
780 2908 1507 304 776 2909 1511 305 0
776 2909 1511 305 772 2910 1515 306 0
772 2910 1515 306 43 179 86 8 0
151 152 77 78 2880 2911 1394 1395 0
2880 2911 1394 1395 2881 2912 1398 1399 0
2881 2912 1398 1399 2882 2913 1402 1403 0
2882 2913 1402 1403 2883 2914 1406 1407 0
2883 2914 1406 1407 2884 2915 1410 1411 0
2884 2915 1410 1411 2885 2916 1414 1415 0
2885 2916 1414 1415 2886 2917 1418 1419 0
2886 2917 1418 1419 2887 2918 1422 1423 0
2887 2918 1422 1423 2888 2919 1426 1427 0
2888 2919 1426 1427 2889 2920 1430 1431 0
2889 2920 1430 1431 2890 2921 1434 1435 0
2890 2921 1434 1435 2891 2922 1438 1439 0
2891 2922 1438 1439 2892 2923 1442 1443 0
2892 2923 1442 1443 2893 2924 1446 1447 0
2893 2924 1446 1447 2894 2925 1450 1451 0
2894 2925 1450 1451 2895 2926 1454 1455 0
2895 2926 1454 1455 2896 2927 1458 1459 0
2896 2927 1458 1459 2897 2928 1462 1463 0
2897 2928 1462 1463 2898 2929 1466 1467 0
2898 2929 1466 1467 2899 2930 1470 1471 0
2899 2930 1470 1471 2900 2931 1474 1475 0
2900 2931 1474 1475 2901 2932 1478 1479 0
2901 2932 1478 1479 2902 2933 1482 1483 0
2902 2933 1482 1483 2903 2934 1486 1487 0
2903 2934 1486 1487 2904 2935 1490 1491 0
2904 2935 1490 1491 2905 2936 1494 1495 0
2905 2936 1494 1495 2906 2937 1498 1499 0
2906 2937 1498 1499 2907 2938 1502 1503 0
2907 2938 1502 1503 2908 2939 1506 1507 0
2908 2939 1506 1507 2909 2940 1510 1511 0
2909 2940 1510 1511 2910 2941 1514 1515 0
2910 2941 1514 1515 179 180 85 86 0
152 153 76 77 2911 2942 1393 1394 0
2911 2942 1393 1394 2912 2943 1397 1398 0
2912 2943 1397 1398 2913 2944 1401 1402 0
2913 2944 1401 1402 2914 2945 1405 1406 0
2914 2945 1405 1406 2915 2946 1409 1410 0
2915 2946 1409 1410 2916 2947 1413 1414 0
2916 2947 1413 1414 2917 2948 1417 1418 0
2917 2948 1417 1418 2918 2949 1421 1422 0
2918 2949 1421 1422 2919 2950 1425 1426 0
2919 2950 1425 1426 2920 2951 1429 1430 0
2920 2951 1429 1430 2921 2952 1433 1434 0
2921 2952 1433 1434 2922 2953 1437 1438 0
2922 2953 1437 1438 2923 2954 1441 1442 0
2923 2954 1441 1442 2924 2955 1445 1446 0
2924 2955 1445 1446 2925 2956 1449 1450 0
2925 2956 1449 1450 2926 2957 1453 1454 0
2926 2957 1453 1454 2927 2958 1457 1458 0
2927 2958 1457 1458 2928 2959 1461 1462 0
2928 2959 1461 1462 2929 2960 1465 1466 0
2929 2960 1465 1466 2930 2961 1469 1470 0
2930 2961 1469 1470 2931 2962 1473 1474 0
2931 2962 1473 1474 2932 2963 1477 1478 0
2932 2963 1477 1478 2933 2964 1481 1482 0
2933 2964 1481 1482 2934 2965 1485 1486 0
2934 2965 1485 1486 2935 2966 1489 1490 0
2935 2966 1489 1490 2936 2967 1493 1494 0
2936 2967 1493 1494 2937 2968 1497 1498 0
2937 2968 1497 1498 2938 2969 1501 1502 0
2938 2969 1501 1502 2939 2970 1505 1506 0
2939 2970 1505 1506 2940 2971 1509 1510 0
2940 2971 1509 1510 2941 2972 1513 1514 0
2941 2972 1513 1514 180 181 84 85 0
153 154 75 76 2942 2973 1392 1393 0
2942 2973 1392 1393 2943 2974 1396 1397 0
2943 2974 1396 1397 2944 2975 1400 1401 0
2944 2975 1400 1401 2945 2976 1404 1405 0
2945 2976 1404 1405 2946 2977 1408 1409 0
2946 2977 1408 1409 2947 2978 1412 1413 0
2947 2978 1412 1413 2948 2979 1416 1417 0
2948 2979 1416 1417 2949 2980 1420 1421 0
2949 2980 1420 1421 2950 2981 1424 1425 0
2950 2981 1424 1425 2951 2982 1428 1429 0
2951 2982 1428 1429 2952 2983 1432 1433 0
2952 2983 1432 1433 2953 2984 1436 1437 0
2953 2984 1436 1437 2954 2985 1440 1441 0
2954 2985 1440 1441 2955 2986 1444 1445 0
2955 2986 1444 1445 2956 2987 1448 1449 0
2956 2987 1448 1449 2957 2988 1452 1453 0
2957 2988 1452 1453 2958 2989 1456 1457 0
2958 2989 1456 1457 2959 2990 1460 1461 0
2959 2990 1460 1461 2960 2991 1464 1465 0
2960 2991 1464 1465 2961 2992 1468 1469 0
2961 2992 1468 1469 2962 2993 1472 1473 0
2962 2993 1472 1473 2963 2994 1476 1477 0
2963 2994 1476 1477 2964 2995 1480 1481 0
2964 2995 1480 1481 2965 2996 1484 1485 0
2965 2996 1484 1485 2966 2997 1488 1489 0
2966 2997 1488 1489 2967 2998 1492 1493 0
2967 2998 1492 1493 2968 2999 1496 1497 0
2968 2999 1496 1497 2969 3000 1500 1501 0
2969 3000 1500 1501 2970 3001 1504 1505 0
2970 3001 1504 1505 2971 3002 1508 1509 0
2971 3002 1508 1509 2972 3003 1512 1513 0
2972 3003 1512 1513 181 182 83 84 0
154 71 13 75 2973 1271 369 1392 0
2973 1271 369 1392 2974 1275 370 1396 0
2974 1275 370 1396 2975 1279 371 1400 0
2975 1279 371 1400 2976 1283 372 1404 0
2976 1283 372 1404 2977 1287 373 1408 0
2977 1287 373 1408 2978 1291 374 1412 0
2978 1291 374 1412 2979 1295 375 1416 0
2979 1295 375 1416 2980 1299 376 1420 0
2980 1299 376 1420 2981 1303 377 1424 0
2981 1303 377 1424 2982 1307 378 1428 0
2982 1307 378 1428 2983 1311 379 1432 0
2983 1311 379 1432 2984 1315 380 1436 0
2984 1315 380 1436 2985 1319 381 1440 0
2985 1319 381 1440 2986 1323 382 1444 0
2986 1323 382 1444 2987 1327 383 1448 0
2987 1327 383 1448 2988 1331 384 1452 0
2988 1331 384 1452 2989 1335 385 1456 0
2989 1335 385 1456 2990 1339 386 1460 0
2990 1339 386 1460 2991 1343 387 1464 0
2991 1343 387 1464 2992 1347 388 1468 0
2992 1347 388 1468 2993 1351 389 1472 0
2993 1351 389 1472 2994 1355 390 1476 0
2994 1355 390 1476 2995 1359 391 1480 0
2995 1359 391 1480 2996 1363 392 1484 0
2996 1363 392 1484 2997 1367 393 1488 0
2997 1367 393 1488 2998 1371 394 1492 0
2998 1371 394 1492 2999 1375 395 1496 0
2999 1375 395 1496 3000 1379 396 1500 0
3000 1379 396 1500 3001 1383 397 1504 0
3001 1383 397 1504 3002 1387 398 1508 0
3002 1387 398 1508 3003 1391 399 1512 0
3003 1391 399 1512 182 79 14 83 0

Quadrilaterals
1110
2 18 87 23 0
23 87 88 24 0
24 88 89 25 0
25 89 90 26 0
26 90 27 4 0
18 17 91 87 0
87 91 92 88 0
88 92 93 89 0
89 93 94 90 0
90 94 28 27 0
17 16 95 91 0
91 95 96 92 0
92 96 97 93 0
93 97 98 94 0
94 98 29 28 0
16 15 99 95 0
95 99 100 96 0
96 100 101 97 0
97 101 102 98 0
98 102 30 29 0
15 1 22 99 0
99 22 21 100 0
100 21 20 101 0
101 20 19 102 0
102 19 3 30 0
5 31 103 46 1
46 103 104 45 1
45 104 105 44 1
44 105 106 43 1
43 106 42 8 1
31 32 107 103 1
103 107 108 104 1
104 108 109 105 1
105 109 110 106 1
106 110 41 42 1
32 33 111 107 1
107 111 112 108 1
108 112 113 109 1
109 113 114 110 1
110 114 40 41 1
33 34 115 111 1
111 115 116 112 1
112 116 117 113 1
113 117 118 114 1
114 118 39 40 1
34 6 35 115 1
115 35 36 116 1
116 36 37 117 1
117 37 38 118 1
118 38 7 39 1
1 15 119 58 0
58 119 120 57 0
57 120 121 56 0
56 121 122 55 0
55 122 51 10 0
15 16 123 119 0
119 123 124 120 0
120 124 125 121 0
121 125 126 122 0
122 126 52 51 0
16 17 127 123 0
123 127 128 124 0
124 128 129 125 0
125 129 130 126 0
126 130 53 52 0
17 18 131 127 0
127 131 132 128 0
128 132 133 129 0
129 133 134 130 0
130 134 54 53 0
18 2 47 131 0
131 47 48 132 0
132 48 49 133 0
133 49 50 134 0
134 50 9 54 0
6 34 135 59 1
59 135 136 60 1
60 136 137 61 1
61 137 138 62 1
62 138 66 11 1
34 33 139 135 1
135 139 140 136 1
136 140 141 137 1
137 141 142 138 1
138 142 65 66 1
33 32 143 139 1
139 143 144 140 1
140 144 145 141 1
141 145 146 142 1
142 146 64 65 1
32 31 147 143 1
143 147 148 144 1
144 148 149 145 1
145 149 150 146 1
146 150 63 64 1
31 5 70 147 1
147 70 69 148 1
148 69 68 149 1
149 68 67 150 1
150 67 12 63 1
3 19 151 78 0
78 151 152 77 0
77 152 153 76 0
76 153 154 75 0
75 154 71 13 0
19 20 155 151 0
151 155 156 152 0
152 156 157 153 0
153 157 158 154 0
154 158 72 71 0
20 21 159 155 0
155 159 160 156 0
156 160 161 157 0
157 161 162 158 0
158 162 73 72 0
21 22 163 159 0
159 163 164 160 0
160 164 165 161 0
161 165 166 162 0
162 166 74 73 0
22 1 58 163 0
163 58 57 164 0
164 57 56 165 0
165 56 55 166 0
166 55 10 74 0
5 46 167 70 1
70 167 168 69 1
69 168 169 68 1
68 169 170 67 1
67 170 82 12 1
46 45 171 167 1
167 171 172 168 1
168 172 173 169 1
169 173 174 170 1
170 174 81 82 1
45 44 175 171 1
171 175 176 172 1
172 176 177 173 1
173 177 178 174 1
174 178 80 81 1
44 43 179 175 1
175 179 180 176 1
176 180 181 177 1
177 181 182 178 1
178 182 79 80 1
43 8 86 179 1
179 86 85 180 1
180 85 84 181 1
181 84 83 182 1
182 83 14 79 1
6 244 524 35 3
35 524 525 36 3
36 525 526 37 3
37 526 527 38 3
38 527 275 7 3
244 243 528 524 3
524 528 529 525 3
525 529 530 526 3
526 530 531 527 3
527 531 274 275 3
243 242 532 528 3
528 532 533 529 3
529 533 534 530 3
530 534 535 531 3
531 535 273 274 3
242 241 536 532 3
532 536 537 533 3
533 537 538 534 3
534 538 539 535 3
535 539 272 273 3
241 240 540 536 3
536 540 541 537 3
537 541 542 538 3
538 542 543 539 3
539 543 271 272 3
240 239 544 540 3
540 544 545 541 3
541 545 546 542 3
542 546 547 543 3
543 547 270 271 3
239 238 548 544 3
544 548 549 545 3
545 549 550 546 3
546 550 551 547 3
547 551 269 270 3
238 237 552 548 3
548 552 553 549 3
549 553 554 550 3
550 554 555 551 3
551 555 268 269 3
237 236 556 552 3
552 556 557 553 3
553 557 558 554 3
554 558 559 555 3
555 559 267 268 3
236 235 560 556 3
556 560 561 557 3
557 561 562 558 3
558 562 563 559 3
559 563 266 267 3
235 234 564 560 3
560 564 565 561 3
561 565 566 562 3
562 566 567 563 3
563 567 265 266 3
234 233 568 564 3
564 568 569 565 3
565 569 570 566 3
566 570 571 567 3
567 571 264 265 3
233 232 572 568 3
568 572 573 569 3
569 573 574 570 3
570 574 575 571 3
571 575 263 264 3
232 231 576 572 3
572 576 577 573 3
573 577 578 574 3
574 578 579 575 3
575 579 262 263 3
231 230 580 576 3
576 580 581 577 3
577 581 582 578 3
578 582 583 579 3
579 583 261 262 3
230 229 584 580 3
580 584 585 581 3
581 585 586 582 3
582 586 587 583 3
583 587 260 261 3
229 228 588 584 3
584 588 589 585 3
585 589 590 586 3
586 590 591 587 3
587 591 259 260 3
228 227 592 588 3
588 592 593 589 3
589 593 594 590 3
590 594 595 591 3
591 595 258 259 3
227 226 596 592 3
592 596 597 593 3
593 597 598 594 3
594 598 599 595 3
595 599 257 258 3
226 225 600 596 3
596 600 601 597 3
597 601 602 598 3
598 602 603 599 3
599 603 256 257 3
225 224 604 600 3
600 604 605 601 3
601 605 606 602 3
602 606 607 603 3
603 607 255 256 3
224 223 608 604 3
604 608 609 605 3
605 609 610 606 3
606 610 611 607 3
607 611 254 255 3
223 222 612 608 3
608 612 613 609 3
609 613 614 610 3
610 614 615 611 3
611 615 253 254 3
222 221 616 612 3
612 616 617 613 3
613 617 618 614 3
614 618 619 615 3
615 619 252 253 3
221 220 620 616 3
616 620 621 617 3
617 621 622 618 3
618 622 623 619 3
619 623 251 252 3
220 219 624 620 3
620 624 625 621 3
621 625 626 622 3
622 626 627 623 3
623 627 250 251 3
219 218 628 624 3
624 628 629 625 3
625 629 630 626 3
626 630 631 627 3
627 631 249 250 3
218 217 632 628 3
628 632 633 629 3
629 633 634 630 3
630 634 635 631 3
631 635 248 249 3
217 216 636 632 3
632 636 637 633 3
633 637 638 634 3
634 638 639 635 3
635 639 247 248 3
216 215 640 636 3
636 640 641 637 3
637 641 642 638 3
638 642 643 639 3
639 643 246 247 3
215 214 644 640 3
640 644 645 641 3
641 645 646 642 3
642 646 647 643 3
643 647 245 246 3
214 2 23 644 3
644 23 24 645 3
645 24 25 646 3
646 25 26 647 3
647 26 4 245 3
7 275 648 39 4
39 648 649 40 4
40 649 650 41 4
41 650 651 42 4
42 651 306 8 4
275 274 652 648 4
648 652 653 649 4
649 653 654 650 4
650 654 655 651 4
651 655 305 306 4
274 273 656 652 4
652 656 657 653 4
653 657 658 654 4
654 658 659 655 4
655 659 304 305 4
273 272 660 656 4
656 660 661 657 4
657 661 662 658 4
658 662 663 659 4
659 663 303 304 4
272 271 664 660 4
660 664 665 661 4
661 665 666 662 4
662 666 667 663 4
663 667 302 303 4
271 270 668 664 4
664 668 669 665 4
665 669 670 666 4
666 670 671 667 4
667 671 301 302 4
270 269 672 668 4
668 672 673 669 4
669 673 674 670 4
670 674 675 671 4
671 675 300 301 4
269 268 676 672 4
672 676 677 673 4
673 677 678 674 4
674 678 679 675 4
675 679 299 300 4
268 267 680 676 4
676 680 681 677 4
677 681 682 678 4
678 682 683 679 4
679 683 298 299 4
267 266 684 680 4
680 684 685 681 4
681 685 686 682 4
682 686 687 683 4
683 687 297 298 4
266 265 688 684 4
684 688 689 685 4
685 689 690 686 4
686 690 691 687 4
687 691 296 297 4
265 264 692 688 4
688 692 693 689 4
689 693 694 690 4
690 694 695 691 4
691 695 295 296 4
264 263 696 692 4
692 696 697 693 4
693 697 698 694 4
694 698 699 695 4
695 699 294 295 4
263 262 700 696 4
696 700 701 697 4
697 701 702 698 4
698 702 703 699 4
699 703 293 294 4
262 261 704 700 4
700 704 705 701 4
701 705 706 702 4
702 706 707 703 4
703 707 292 293 4
261 260 708 704 4
704 708 709 705 4
705 709 710 706 4
706 710 711 707 4
707 711 291 292 4
260 259 712 708 4
708 712 713 709 4
709 713 714 710 4
710 714 715 711 4
711 715 290 291 4
259 258 716 712 4
712 716 717 713 4
713 717 718 714 4
714 718 719 715 4
715 719 289 290 4
258 257 720 716 4
716 720 721 717 4
717 721 722 718 4
718 722 723 719 4
719 723 288 289 4
257 256 724 720 4
720 724 725 721 4
721 725 726 722 4
722 726 727 723 4
723 727 287 288 4
256 255 728 724 4
724 728 729 725 4
725 729 730 726 4
726 730 731 727 4
727 731 286 287 4
255 254 732 728 4
728 732 733 729 4
729 733 734 730 4
730 734 735 731 4
731 735 285 286 4
254 253 736 732 4
732 736 737 733 4
733 737 738 734 4
734 738 739 735 4
735 739 284 285 4
253 252 740 736 4
736 740 741 737 4
737 741 742 738 4
738 742 743 739 4
739 743 283 284 4
252 251 744 740 4
740 744 745 741 4
741 745 746 742 4
742 746 747 743 4
743 747 282 283 4
251 250 748 744 4
744 748 749 745 4
745 749 750 746 4
746 750 751 747 4
747 751 281 282 4
250 249 752 748 4
748 752 753 749 4
749 753 754 750 4
750 754 755 751 4
751 755 280 281 4
249 248 756 752 4
752 756 757 753 4
753 757 758 754 4
754 758 759 755 4
755 759 279 280 4
248 247 760 756 4
756 760 761 757 4
757 761 762 758 4
758 762 763 759 4
759 763 278 279 4
247 246 764 760 4
760 764 765 761 4
761 765 766 762 4
762 766 767 763 4
763 767 277 278 4
246 245 768 764 4
764 768 769 765 4
765 769 770 766 4
766 770 771 767 4
767 771 276 277 4
245 4 27 768 4
768 27 28 769 4
769 28 29 770 4
770 29 30 771 4
771 30 3 276 4
2 214 896 47 3
47 896 897 48 3
48 897 898 49 3
49 898 899 50 3
50 899 307 9 3
214 215 900 896 3
896 900 901 897 3
897 901 902 898 3
898 902 903 899 3
899 903 308 307 3
215 216 904 900 3
900 904 905 901 3
901 905 906 902 3
902 906 907 903 3
903 907 309 308 3
216 217 908 904 3
904 908 909 905 3
905 909 910 906 3
906 910 911 907 3
907 911 310 309 3
217 218 912 908 3
908 912 913 909 3
909 913 914 910 3
910 914 915 911 3
911 915 311 310 3
218 219 916 912 3
912 916 917 913 3
913 917 918 914 3
914 918 919 915 3
915 919 312 311 3
219 220 920 916 3
916 920 921 917 3
917 921 922 918 3
918 922 923 919 3
919 923 313 312 3
220 221 924 920 3
920 924 925 921 3
921 925 926 922 3
922 926 927 923 3
923 927 314 313 3
221 222 928 924 3
924 928 929 925 3
925 929 930 926 3
926 930 931 927 3
927 931 315 314 3
222 223 932 928 3
928 932 933 929 3
929 933 934 930 3
930 934 935 931 3
931 935 316 315 3
223 224 936 932 3
932 936 937 933 3
933 937 938 934 3
934 938 939 935 3
935 939 317 316 3
224 225 940 936 3
936 940 941 937 3
937 941 942 938 3
938 942 943 939 3
939 943 318 317 3
225 226 944 940 3
940 944 945 941 3
941 945 946 942 3
942 946 947 943 3
943 947 319 318 3
226 227 948 944 3
944 948 949 945 3
945 949 950 946 3
946 950 951 947 3
947 951 320 319 3
227 228 952 948 3
948 952 953 949 3
949 953 954 950 3
950 954 955 951 3
951 955 321 320 3
228 229 956 952 3
952 956 957 953 3
953 957 958 954 3
954 958 959 955 3
955 959 322 321 3
229 230 960 956 3
956 960 961 957 3
957 961 962 958 3
958 962 963 959 3
959 963 323 322 3
230 231 964 960 3
960 964 965 961 3
961 965 966 962 3
962 966 967 963 3
963 967 324 323 3
231 232 968 964 3
964 968 969 965 3
965 969 970 966 3
966 970 971 967 3
967 971 325 324 3
232 233 972 968 3
968 972 973 969 3
969 973 974 970 3
970 974 975 971 3
971 975 326 325 3
233 234 976 972 3
972 976 977 973 3
973 977 978 974 3
974 978 979 975 3
975 979 327 326 3
234 235 980 976 3
976 980 981 977 3
977 981 982 978 3
978 982 983 979 3
979 983 328 327 3
235 236 984 980 3
980 984 985 981 3
981 985 986 982 3
982 986 987 983 3
983 987 329 328 3
236 237 988 984 3
984 988 989 985 3
985 989 990 986 3
986 990 991 987 3
987 991 330 329 3
237 238 992 988 3
988 992 993 989 3
989 993 994 990 3
990 994 995 991 3
991 995 331 330 3
238 239 996 992 3
992 996 997 993 3
993 997 998 994 3
994 998 999 995 3
995 999 332 331 3
239 240 1000 996 3
996 1000 1001 997 3
997 1001 1002 998 3
998 1002 1003 999 3
999 1003 333 332 3
240 241 1004 1000 3
1000 1004 1005 1001 3
1001 1005 1006 1002 3
1002 1006 1007 1003 3
1003 1007 334 333 3
241 242 1008 1004 3
1004 1008 1009 1005 3
1005 1009 1010 1006 3
1006 1010 1011 1007 3
1007 1011 335 334 3
242 243 1012 1008 3
1008 1012 1013 1009 3
1009 1013 1014 1010 3
1010 1014 1015 1011 3
1011 1015 336 335 3
243 244 1016 1012 3
1012 1016 1017 1013 3
1013 1017 1018 1014 3
1014 1018 1019 1015 3
1015 1019 337 336 3
244 6 59 1016 3
1016 59 60 1017 3
1017 60 61 1018 3
1018 61 62 1019 3
1019 62 11 337 3
9 307 1020 54 2
54 1020 1021 53 2
53 1021 1022 52 2
52 1022 1023 51 2
51 1023 338 10 2
307 308 1024 1020 2
1020 1024 1025 1021 2
1021 1025 1026 1022 2
1022 1026 1027 1023 2
1023 1027 339 338 2
308 309 1028 1024 2
1024 1028 1029 1025 2
1025 1029 1030 1026 2
1026 1030 1031 1027 2
1027 1031 340 339 2
309 310 1032 1028 2
1028 1032 1033 1029 2
1029 1033 1034 1030 2
1030 1034 1035 1031 2
1031 1035 341 340 2
310 311 1036 1032 2
1032 1036 1037 1033 2
1033 1037 1038 1034 2
1034 1038 1039 1035 2
1035 1039 342 341 2
311 312 1040 1036 2
1036 1040 1041 1037 2
1037 1041 1042 1038 2
1038 1042 1043 1039 2
1039 1043 343 342 2
312 313 1044 1040 2
1040 1044 1045 1041 2
1041 1045 1046 1042 2
1042 1046 1047 1043 2
1043 1047 344 343 2
313 314 1048 1044 2
1044 1048 1049 1045 2
1045 1049 1050 1046 2
1046 1050 1051 1047 2
1047 1051 345 344 2
314 315 1052 1048 2
1048 1052 1053 1049 2
1049 1053 1054 1050 2
1050 1054 1055 1051 2
1051 1055 346 345 2
315 316 1056 1052 2
1052 1056 1057 1053 2
1053 1057 1058 1054 2
1054 1058 1059 1055 2
1055 1059 347 346 2
316 317 1060 1056 2
1056 1060 1061 1057 2
1057 1061 1062 1058 2
1058 1062 1063 1059 2
1059 1063 348 347 2
317 318 1064 1060 2
1060 1064 1065 1061 2
1061 1065 1066 1062 2
1062 1066 1067 1063 2
1063 1067 349 348 2
318 319 1068 1064 2
1064 1068 1069 1065 2
1065 1069 1070 1066 2
1066 1070 1071 1067 2
1067 1071 350 349 2
319 320 1072 1068 2
1068 1072 1073 1069 2
1069 1073 1074 1070 2
1070 1074 1075 1071 2
1071 1075 351 350 2
320 321 1076 1072 2
1072 1076 1077 1073 2
1073 1077 1078 1074 2
1074 1078 1079 1075 2
1075 1079 352 351 2
321 322 1080 1076 2
1076 1080 1081 1077 2
1077 1081 1082 1078 2
1078 1082 1083 1079 2
1079 1083 353 352 2
322 323 1084 1080 2
1080 1084 1085 1081 2
1081 1085 1086 1082 2
1082 1086 1087 1083 2
1083 1087 354 353 2
323 324 1088 1084 2
1084 1088 1089 1085 2
1085 1089 1090 1086 2
1086 1090 1091 1087 2
1087 1091 355 354 2
324 325 1092 1088 2
1088 1092 1093 1089 2
1089 1093 1094 1090 2
1090 1094 1095 1091 2
1091 1095 356 355 2
325 326 1096 1092 2
1092 1096 1097 1093 2
1093 1097 1098 1094 2
1094 1098 1099 1095 2
1095 1099 357 356 2
326 327 1100 1096 2
1096 1100 1101 1097 2
1097 1101 1102 1098 2
1098 1102 1103 1099 2
1099 1103 358 357 2
327 328 1104 1100 2
1100 1104 1105 1101 2
1101 1105 1106 1102 2
1102 1106 1107 1103 2
1103 1107 359 358 2
328 329 1108 1104 2
1104 1108 1109 1105 2
1105 1109 1110 1106 2
1106 1110 1111 1107 2
1107 1111 360 359 2
329 330 1112 1108 2
1108 1112 1113 1109 2
1109 1113 1114 1110 2
1110 1114 1115 1111 2
1111 1115 361 360 2
330 331 1116 1112 2
1112 1116 1117 1113 2
1113 1117 1118 1114 2
1114 1118 1119 1115 2
1115 1119 362 361 2
331 332 1120 1116 2
1116 1120 1121 1117 2
1117 1121 1122 1118 2
1118 1122 1123 1119 2
1119 1123 363 362 2
332 333 1124 1120 2
1120 1124 1125 1121 2
1121 1125 1126 1122 2
1122 1126 1127 1123 2
1123 1127 364 363 2
333 334 1128 1124 2
1124 1128 1129 1125 2
1125 1129 1130 1126 2
1126 1130 1131 1127 2
1127 1131 365 364 2
334 335 1132 1128 2
1128 1132 1133 1129 2
1129 1133 1134 1130 2
1130 1134 1135 1131 2
1131 1135 366 365 2
335 336 1136 1132 2
1132 1136 1137 1133 2
1133 1137 1138 1134 2
1134 1138 1139 1135 2
1135 1139 367 366 2
336 337 1140 1136 2
1136 1140 1141 1137 2
1137 1141 1142 1138 2
1138 1142 1143 1139 2
1139 1143 368 367 2
337 11 66 1140 2
1140 66 65 1141 2
1141 65 64 1142 2
1142 64 63 1143 2
1143 63 12 368 2
10 338 1268 74 2
74 1268 1269 73 2
73 1269 1270 72 2
72 1270 1271 71 2
71 1271 369 13 2
338 339 1272 1268 2
1268 1272 1273 1269 2
1269 1273 1274 1270 2
1270 1274 1275 1271 2
1271 1275 370 369 2
339 340 1276 1272 2
1272 1276 1277 1273 2
1273 1277 1278 1274 2
1274 1278 1279 1275 2
1275 1279 371 370 2
340 341 1280 1276 2
1276 1280 1281 1277 2
1277 1281 1282 1278 2
1278 1282 1283 1279 2
1279 1283 372 371 2
341 342 1284 1280 2
1280 1284 1285 1281 2
1281 1285 1286 1282 2
1282 1286 1287 1283 2
1283 1287 373 372 2
342 343 1288 1284 2
1284 1288 1289 1285 2
1285 1289 1290 1286 2
1286 1290 1291 1287 2
1287 1291 374 373 2
343 344 1292 1288 2
1288 1292 1293 1289 2
1289 1293 1294 1290 2
1290 1294 1295 1291 2
1291 1295 375 374 2
344 345 1296 1292 2
1292 1296 1297 1293 2
1293 1297 1298 1294 2
1294 1298 1299 1295 2
1295 1299 376 375 2
345 346 1300 1296 2
1296 1300 1301 1297 2
1297 1301 1302 1298 2
1298 1302 1303 1299 2
1299 1303 377 376 2
346 347 1304 1300 2
1300 1304 1305 1301 2
1301 1305 1306 1302 2
1302 1306 1307 1303 2
1303 1307 378 377 2
347 348 1308 1304 2
1304 1308 1309 1305 2
1305 1309 1310 1306 2
1306 1310 1311 1307 2
1307 1311 379 378 2
348 349 1312 1308 2
1308 1312 1313 1309 2
1309 1313 1314 1310 2
1310 1314 1315 1311 2
1311 1315 380 379 2
349 350 1316 1312 2
1312 1316 1317 1313 2
1313 1317 1318 1314 2
1314 1318 1319 1315 2
1315 1319 381 380 2
350 351 1320 1316 2
1316 1320 1321 1317 2
1317 1321 1322 1318 2
1318 1322 1323 1319 2
1319 1323 382 381 2
351 352 1324 1320 2
1320 1324 1325 1321 2
1321 1325 1326 1322 2
1322 1326 1327 1323 2
1323 1327 383 382 2
352 353 1328 1324 2
1324 1328 1329 1325 2
1325 1329 1330 1326 2
1326 1330 1331 1327 2
1327 1331 384 383 2
353 354 1332 1328 2
1328 1332 1333 1329 2
1329 1333 1334 1330 2
1330 1334 1335 1331 2
1331 1335 385 384 2
354 355 1336 1332 2
1332 1336 1337 1333 2
1333 1337 1338 1334 2
1334 1338 1339 1335 2
1335 1339 386 385 2
355 356 1340 1336 2
1336 1340 1341 1337 2
1337 1341 1342 1338 2
1338 1342 1343 1339 2
1339 1343 387 386 2
356 357 1344 1340 2
1340 1344 1345 1341 2
1341 1345 1346 1342 2
1342 1346 1347 1343 2
1343 1347 388 387 2
357 358 1348 1344 2
1344 1348 1349 1345 2
1345 1349 1350 1346 2
1346 1350 1351 1347 2
1347 1351 389 388 2
358 359 1352 1348 2
1348 1352 1353 1349 2
1349 1353 1354 1350 2
1350 1354 1355 1351 2
1351 1355 390 389 2
359 360 1356 1352 2
1352 1356 1357 1353 2
1353 1357 1358 1354 2
1354 1358 1359 1355 2
1355 1359 391 390 2
360 361 1360 1356 2
1356 1360 1361 1357 2
1357 1361 1362 1358 2
1358 1362 1363 1359 2
1359 1363 392 391 2
361 362 1364 1360 2
1360 1364 1365 1361 2
1361 1365 1366 1362 2
1362 1366 1367 1363 2
1363 1367 393 392 2
362 363 1368 1364 2
1364 1368 1369 1365 2
1365 1369 1370 1366 2
1366 1370 1371 1367 2
1367 1371 394 393 2
363 364 1372 1368 2
1368 1372 1373 1369 2
1369 1373 1374 1370 2
1370 1374 1375 1371 2
1371 1375 395 394 2
364 365 1376 1372 2
1372 1376 1377 1373 2
1373 1377 1378 1374 2
1374 1378 1379 1375 2
1375 1379 396 395 2
365 366 1380 1376 2
1376 1380 1381 1377 2
1377 1381 1382 1378 2
1378 1382 1383 1379 2
1379 1383 397 396 2
366 367 1384 1380 2
1380 1384 1385 1381 2
1381 1385 1386 1382 2
1382 1386 1387 1383 2
1383 1387 398 397 2
367 368 1388 1384 2
1384 1388 1389 1385 2
1385 1389 1390 1386 2
1386 1390 1391 1387 2
1387 1391 399 398 2
368 12 82 1388 2
1388 82 81 1389 2
1389 81 80 1390 2
1390 80 79 1391 2
1391 79 14 399 2
13 369 1392 75 4
75 1392 1393 76 4
76 1393 1394 77 4
77 1394 1395 78 4
78 1395 276 3 4
369 370 1396 1392 4
1392 1396 1397 1393 4
1393 1397 1398 1394 4
1394 1398 1399 1395 4
1395 1399 277 276 4
370 371 1400 1396 4
1396 1400 1401 1397 4
1397 1401 1402 1398 4
1398 1402 1403 1399 4
1399 1403 278 277 4
371 372 1404 1400 4
1400 1404 1405 1401 4
1401 1405 1406 1402 4
1402 1406 1407 1403 4
1403 1407 279 278 4
372 373 1408 1404 4
1404 1408 1409 1405 4
1405 1409 1410 1406 4
1406 1410 1411 1407 4
1407 1411 280 279 4
373 374 1412 1408 4
1408 1412 1413 1409 4
1409 1413 1414 1410 4
1410 1414 1415 1411 4
1411 1415 281 280 4
374 375 1416 1412 4
1412 1416 1417 1413 4
1413 1417 1418 1414 4
1414 1418 1419 1415 4
1415 1419 282 281 4
375 376 1420 1416 4
1416 1420 1421 1417 4
1417 1421 1422 1418 4
1418 1422 1423 1419 4
1419 1423 283 282 4
376 377 1424 1420 4
1420 1424 1425 1421 4
1421 1425 1426 1422 4
1422 1426 1427 1423 4
1423 1427 284 283 4
377 378 1428 1424 4
1424 1428 1429 1425 4
1425 1429 1430 1426 4
1426 1430 1431 1427 4
1427 1431 285 284 4
378 379 1432 1428 4
1428 1432 1433 1429 4
1429 1433 1434 1430 4
1430 1434 1435 1431 4
1431 1435 286 285 4
379 380 1436 1432 4
1432 1436 1437 1433 4
1433 1437 1438 1434 4
1434 1438 1439 1435 4
1435 1439 287 286 4
380 381 1440 1436 4
1436 1440 1441 1437 4
1437 1441 1442 1438 4
1438 1442 1443 1439 4
1439 1443 288 287 4
381 382 1444 1440 4
1440 1444 1445 1441 4
1441 1445 1446 1442 4
1442 1446 1447 1443 4
1443 1447 289 288 4
382 383 1448 1444 4
1444 1448 1449 1445 4
1445 1449 1450 1446 4
1446 1450 1451 1447 4
1447 1451 290 289 4
383 384 1452 1448 4
1448 1452 1453 1449 4
1449 1453 1454 1450 4
1450 1454 1455 1451 4
1451 1455 291 290 4
384 385 1456 1452 4
1452 1456 1457 1453 4
1453 1457 1458 1454 4
1454 1458 1459 1455 4
1455 1459 292 291 4
385 386 1460 1456 4
1456 1460 1461 1457 4
1457 1461 1462 1458 4
1458 1462 1463 1459 4
1459 1463 293 292 4
386 387 1464 1460 4
1460 1464 1465 1461 4
1461 1465 1466 1462 4
1462 1466 1467 1463 4
1463 1467 294 293 4
387 388 1468 1464 4
1464 1468 1469 1465 4
1465 1469 1470 1466 4
1466 1470 1471 1467 4
1467 1471 295 294 4
388 389 1472 1468 4
1468 1472 1473 1469 4
1469 1473 1474 1470 4
1470 1474 1475 1471 4
1471 1475 296 295 4
389 390 1476 1472 4
1472 1476 1477 1473 4
1473 1477 1478 1474 4
1474 1478 1479 1475 4
1475 1479 297 296 4
390 391 1480 1476 4
1476 1480 1481 1477 4
1477 1481 1482 1478 4
1478 1482 1483 1479 4
1479 1483 298 297 4
391 392 1484 1480 4
1480 1484 1485 1481 4
1481 1485 1486 1482 4
1482 1486 1487 1483 4
1483 1487 299 298 4
392 393 1488 1484 4
1484 1488 1489 1485 4
1485 1489 1490 1486 4
1486 1490 1491 1487 4
1487 1491 300 299 4
393 394 1492 1488 4
1488 1492 1493 1489 4
1489 1493 1494 1490 4
1490 1494 1495 1491 4
1491 1495 301 300 4
394 395 1496 1492 4
1492 1496 1497 1493 4
1493 1497 1498 1494 4
1494 1498 1499 1495 4
1495 1499 302 301 4
395 396 1500 1496 4
1496 1500 1501 1497 4
1497 1501 1502 1498 4
1498 1502 1503 1499 4
1499 1503 303 302 4
396 397 1504 1500 4
1500 1504 1505 1501 4
1501 1505 1506 1502 4
1502 1506 1507 1503 4
1503 1507 304 303 4
397 398 1508 1504 4
1504 1508 1509 1505 4
1505 1509 1510 1506 4
1506 1510 1511 1507 4
1507 1511 305 304 4
398 399 1512 1508 4
1508 1512 1513 1509 4
1509 1513 1514 1510 4
1510 1514 1515 1511 4
1511 1515 306 305 4
399 14 83 1512 4
1512 83 84 1513 4
1513 84 85 1514 4
1514 85 86 1515 4
1515 86 8 306 4

Edges
314
1 15 0
15 16 0
16 17 0
17 18 0
18 2 0
3 19 0
19 20 0
20 21 0
21 22 0
22 1 0
2 23 0
23 24 0
24 25 0
25 26 0
26 4 0
4 27 0
27 28 0
28 29 0
29 30 0
30 3 0
5 31 0
31 32 0
32 33 0
33 34 0
34 6 0
6 35 0
35 36 0
36 37 0
37 38 0
38 7 0
7 39 0
39 40 0
40 41 0
41 42 0
42 8 0
8 43 0
43 44 0
44 45 0
45 46 0
46 5 0
2 47 0
47 48 0
48 49 0
49 50 0
50 9 0
10 51 0
51 52 0
52 53 0
53 54 0
54 9 0
10 55 0
55 56 0
56 57 0
57 58 0
58 1 0
6 59 0
59 60 0
60 61 0
61 62 0
62 11 0
12 63 0
63 64 0
64 65 0
65 66 0
66 11 0
12 67 0
67 68 0
68 69 0
69 70 0
70 5 0
13 71 0
71 72 0
72 73 0
73 74 0
74 10 0
13 75 0
75 76 0
76 77 0
77 78 0
78 3 0
14 79 0
79 80 0
80 81 0
81 82 0
82 12 0
14 83 0
83 84 0
84 85 0
85 86 0
86 8 0
1 183 0
183 184 0
184 185 0
185 186 0
186 187 0
187 188 0
188 189 0
189 190 0
190 191 0
191 192 0
192 193 0
193 194 0
194 195 0
195 196 0
196 197 0
197 198 0
198 199 0
199 200 0
200 201 0
201 202 0
202 203 0
203 204 0
204 205 0
205 206 0
206 207 0
207 208 0
208 209 0
209 210 0
210 211 0
211 212 0
212 213 0
213 5 0
2 214 0
214 215 0
215 216 0
216 217 0
217 218 0
218 219 0
219 220 0
220 221 0
221 222 0
222 223 0
223 224 0
224 225 0
225 226 0
226 227 0
227 228 0
228 229 0
229 230 0
230 231 0
231 232 0
232 233 0
233 234 0
234 235 0
235 236 0
236 237 0
237 238 0
238 239 0
239 240 0
240 241 0
241 242 0
242 243 0
243 244 0
244 6 0
4 245 0
245 246 0
246 247 0
247 248 0
248 249 0
249 250 0
250 251 0
251 252 0
252 253 0
253 254 0
254 255 0
255 256 0
256 257 0
257 258 0
258 259 0
259 260 0
260 261 0
261 262 0
262 263 0
263 264 0
264 265 0
265 266 0
266 267 0
267 268 0
268 269 0
269 270 0
270 271 0
271 272 0
272 273 0
273 274 0
274 275 0
275 7 0
3 276 0
276 277 0
277 278 0
278 279 0
279 280 0
280 281 0
281 282 0
282 283 0
283 284 0
284 285 0
285 286 0
286 287 0
287 288 0
288 289 0
289 290 0
290 291 0
291 292 0
292 293 0
293 294 0
294 295 0
295 296 0
296 297 0
297 298 0
298 299 0
299 300 0
300 301 0
301 302 0
302 303 0
303 304 0
304 305 0
305 306 0
306 8 0
9 307 0
307 308 0
308 309 0
309 310 0
310 311 0
311 312 0
312 313 0
313 314 0
314 315 0
315 316 0
316 317 0
317 318 0
318 319 0
319 320 0
320 321 0
321 322 0
322 323 0
323 324 0
324 325 0
325 326 0
326 327 0
327 328 0
328 329 0
329 330 0
330 331 0
331 332 0
332 333 0
333 334 0
334 335 0
335 336 0
336 337 0
337 11 0
10 338 0
338 339 0
339 340 0
340 341 0
341 342 0
342 343 0
343 344 0
344 345 0
345 346 0
346 347 0
347 348 0
348 349 0
349 350 0
350 351 0
351 352 0
352 353 0
353 354 0
354 355 0
355 356 0
356 357 0
357 358 0
358 359 0
359 360 0
360 361 0
361 362 0
362 363 0
363 364 0
364 365 0
365 366 0
366 367 0
367 368 0
368 12 0
13 369 0
369 370 0
370 371 0
371 372 0
372 373 0
373 374 0
374 375 0
375 376 0
376 377 0
377 378 0
378 379 0
379 380 0
380 381 0
381 382 0
382 383 0
383 384 0
384 385 0
385 386 0
386 387 0
387 388 0
388 389 0
389 390 0
390 391 0
391 392 0
392 393 0
393 394 0
394 395 0
395 396 0
396 397 0
397 398 0
398 399 0
399 14 0

End
