MeshVersionFormatted 2
Dimension 3

Vertices
2046
0.0000000000000000e+00 1.0000000000000000e+00 0.0000000000000000e+00 0
1.0000000000000000e+00 0.0000000000000000e+00 0.0000000000000000e+00 0
0.0000000000000000e+00 0.0000000000000000e+00 0.0000000000000000e+00 0
1.9509032201612819e-01 9.8078528040323043e-01 0.0000000000000000e+00 0
3.8268343236508973e-01 9.2387953251128674e-01 0.0000000000000000e+00 0
5.5557023301960196e-01 8.3146961230254546e-01 0.0000000000000000e+00 0
7.0710678118654746e-01 7.0710678118654757e-01 0.0000000000000000e+00 0
8.3146961230254535e-01 5.5557023301960218e-01 0.0000000000000000e+00 0
9.2387953251128685e-01 3.8268343236508945e-01 0.0000000000000000e+00 0
9.8078528040323054e-01 1.9509032201612772e-01 0.0000000000000000e+00 0
2.0000000000000037e-01 0.0000000000000000e+00 0.0000000000000000e+00 0
4.0000000000000074e-01 0.0000000000000000e+00 0.0000000000000000e+00 0
6.0000000000000109e-01 0.0000000000000000e+00 0.0000000000000000e+00 0
0.0000000000000000e+00 1.9999999999999452e-01 0.0000000000000000e+00 0
0.0000000000000000e+00 3.9999999999998903e-01 0.0000000000000000e+00 0
0.0000000000000000e+00 5.9999999999998355e-01 0.0000000000000000e+00 0
0.0000000000000000e+00 9.4999999999999452e-01 0.0000000000000000e+00 0
0.0000000000000000e+00 8.9999999999998903e-01 0.0000000000000000e+00 0
0.0000000000000000e+00 8.4999999999998355e-01 0.0000000000000000e+00 0
0.0000000000000000e+00 7.9999999999997806e-01 0.0000000000000000e+00 0
9.5000000000000040e-01 0.0000000000000000e+00 0.0000000000000000e+00 0
9.0000000000000080e-01 0.0000000000000000e+00 0.0000000000000000e+00 0
8.5000000000000109e-01 0.0000000000000000e+00 0.0000000000000000e+00 0
8.0000000000000149e-01 0.0000000000000000e+00 0.0000000000000000e+00 0
9.3174601638306942e-01 1.8533580591532139e-01 0.0000000000000000e+00 0
8.7768555588572172e-01 3.6354926074683469e-01 0.0000000000000000e+00 0
7.8989613168741590e-01 5.2779172136862063e-01 0.0000000000000000e+00 0
6.7175144212722138e-01 6.7175144212722149e-01 0.0000000000000000e+00 0
5.2779172136862040e-01 7.8989613168741601e-01 0.0000000000000000e+00 0
3.6354926074683497e-01 8.7768555588572172e-01 0.0000000000000000e+00 0
1.8533580591532184e-01 9.3174601638306931e-01 0.0000000000000000e+00 0
8.8270675236290819e-01 1.7558128981451510e-01 0.0000000000000000e+00 0
8.3149157926015671e-01 3.4441508912857993e-01 0.0000000000000000e+00 0
7.4832265107228646e-01 5.0001320971763907e-01 0.0000000000000000e+00 0
6.3639610306789529e-01 6.3639610306789529e-01 0.0000000000000000e+00 0
5.0001320971763885e-01 7.4832265107228668e-01 0.0000000000000000e+00 0
3.4441508912858021e-01 8.3149157926015671e-01 0.0000000000000000e+00 0
1.7558128981451551e-01 8.8270675236290808e-01 0.0000000000000000e+00 0
8.3366748834274695e-01 1.6582677371370880e-01 0.0000000000000000e+00 0
7.8529760263459170e-01 3.2528091751032517e-01 0.0000000000000000e+00 0
7.0674917045715713e-01 4.7223469806665752e-01 0.0000000000000000e+00 0
6.0104076400856910e-01 6.0104076400856921e-01 0.0000000000000000e+00 0
4.7223469806665735e-01 7.0674917045715724e-01 0.0000000000000000e+00 0
3.2528091751032540e-01 7.8529760263459170e-01 0.0000000000000000e+00 0
1.6582677371370919e-01 8.3366748834274684e-01 0.0000000000000000e+00 0
7.8462822432258583e-01 1.5607225761290247e-01 0.0000000000000000e+00 0
7.3910362600902668e-01 3.0614674589207042e-01 0.0000000000000000e+00 0
6.6517568984202768e-01 4.4445618641567597e-01 0.0000000000000000e+00 0
5.6568542494924301e-01 5.6568542494924312e-01 0.0000000000000000e+00 0
4.4445618641567580e-01 6.6517568984202780e-01 0.0000000000000000e+00 0
3.0614674589207064e-01 7.3910362600902668e-01 0.0000000000000000e+00 0
1.5607225761290283e-01 7.8462822432258572e-01 0.0000000000000000e+00 0
6.1963971283740227e-01 2.3945617730815072e-01 0.0000000000000000e+00 0
5.1888755255589436e-01 3.8075022523986107e-01 0.0000000000000000e+00 0
2.8130975115595230e-01 6.0940448826071814e-01 0.0000000000000000e+00 0
1.3676566046319083e-01 5.3266555710048258e-01 0.0000000000000000e+00 0
2.6096127239646483e-01 1.6917688389879698e-01 0.0000000000000000e+00 0
4.5896720399260144e-01 1.8335267001717473e-01 0.0000000000000000e+00 0
4.1229566881092772e-01 5.0951519695052572e-01 0.0000000000000000e+00 0
1.6446314292625785e-01 3.3683208287051652e-01 0.0000000000000000e+00 0
2.7062790438040846e-01 4.6138553292452350e-01 0.0000000000000000e+00 0
3.5326460791575720e-01 3.3063205295820824e-01 0.0000000000000000e+00 0
0.0000000000000000e+00 1.0000000000000000e+00 7.0343017578125000e-02 0
0.0000000000000000e+00 1.0000000000000000e+00 1.4481140766292810e-01 0
0.0000000000000000e+00 1.0000000000000000e+00 2.2378526995893822e-01 0
0.0000000000000000e+00 1.0000000000000000e+00 3.0817944502893868e-01 0
0.0000000000000000e+00 1.0000000000000000e+00 3.9967338224288235e-01 0
0.0000000000000000e+00 1.0000000000000000e+00 5.0005282351779501e-01 0
0.0000000000000000e+00 1.0000000000000000e+00 6.1252403743194694e-01 0
0.0000000000000000e+00 1.0000000000000000e+00 7.4333958966061475e-01 0
0.0000000000000000e+00 1.0000000000000000e+00 9.0584820090739748e-01 0
0.0000000000000000e+00 1.0000000000000000e+00 1.1244994963301287e+00 0
0.0000000000000000e+00 1.0000000000000000e+00 1.3537084799761314e+00 0
0.0000000000000000e+00 1.0000000000000000e+00 1.5827144598409117e+00 0
0.0000000000000000e+00 1.0000000000000000e+00 1.8119378978679406e+00 0
0.0000000000000000e+00 1.0000000000000000e+00 2.0409631111375592e+00 0
0.0000000000000000e+00 1.0000000000000000e+00 2.2701512100124641e+00 0
0.0000000000000000e+00 1.0000000000000000e+00 2.4992492377366382e+00 0
0.0000000000000000e+00 1.0000000000000000e+00 2.7283524417257317e+00 0
0.0000000000000000e+00 1.0000000000000000e+00 2.9575414928626560e+00 0
0.0000000000000000e+00 1.0000000000000000e+00 3.1866698336901971e+00 0
0.0000000000000000e+00 1.0000000000000000e+00 3.4157709960596616e+00 0
0.0000000000000000e+00 1.0000000000000000e+00 3.6449349816149961e+00 0
0.0000000000000000e+00 1.0000000000000000e+00 3.8740322778141207e+00 0
0.0000000000000000e+00 1.0000000000000000e+00 4.0929857179315654e+00 0
0.0000000000000000e+00 1.0000000000000000e+00 4.2557434077070297e+00 0
0.0000000000000000e+00 1.0000000000000000e+00 4.3867514650906303e+00 0
0.0000000000000000e+00 1.0000000000000000e+00 4.4994897821772408e+00 0
0.0000000000000000e+00 1.0000000000000000e+00 4.5999339713985066e+00 0
0.0000000000000000e+00 1.0000000000000000e+00 4.6915506547061723e+00 0
0.0000000000000000e+00 1.0000000000000000e+00 4.7760428825918355e+00 0
0.0000000000000000e+00 1.0000000000000000e+00 4.8549965148031129e+00 0
0.0000000000000000e+00 1.0000000000000000e+00 4.9293391219597193e+00 0
0.0000000000000000e+00 1.0000000000000000e+00 5.0000000000000000e+00 0
1.9509032201612819e-01 9.8078528040323043e-01 7.0343017578125000e-02 0
1.9509032201612819e-01 9.8078528040323043e-01 1.4481140766292810e-01 0
1.9509032201612819e-01 9.8078528040323043e-01 2.2378526995893822e-01 0
1.9509032201612819e-01 9.8078528040323043e-01 3.0817944502893868e-01 0
1.9509032201612819e-01 9.8078528040323043e-01 3.9967338224288235e-01 0
1.9509032201612819e-01 9.8078528040323043e-01 5.0005282351779501e-01 0
1.9509032201612819e-01 9.8078528040323043e-01 6.1252403743194694e-01 0
1.9509032201612819e-01 9.8078528040323043e-01 7.4333958966061475e-01 0
1.9509032201612819e-01 9.8078528040323043e-01 9.0584820090739748e-01 0
1.9509032201612819e-01 9.8078528040323043e-01 1.1244994963301287e+00 0
1.9509032201612819e-01 9.8078528040323043e-01 1.3537084799761314e+00 0
1.9509032201612819e-01 9.8078528040323043e-01 1.5827144598409117e+00 0
1.9509032201612819e-01 9.8078528040323043e-01 1.8119378978679406e+00 0
1.9509032201612819e-01 9.8078528040323043e-01 2.0409631111375592e+00 0
1.9509032201612819e-01 9.8078528040323043e-01 2.2701512100124641e+00 0
1.9509032201612819e-01 9.8078528040323043e-01 2.4992492377366382e+00 0
1.9509032201612819e-01 9.8078528040323043e-01 2.7283524417257317e+00 0
1.9509032201612819e-01 9.8078528040323043e-01 2.9575414928626560e+00 0
1.9509032201612819e-01 9.8078528040323043e-01 3.1866698336901971e+00 0
1.9509032201612819e-01 9.8078528040323043e-01 3.4157709960596616e+00 0
1.9509032201612819e-01 9.8078528040323043e-01 3.6449349816149961e+00 0
1.9509032201612819e-01 9.8078528040323043e-01 3.8740322778141207e+00 0
1.9509032201612819e-01 9.8078528040323043e-01 4.0929857179315654e+00 0
1.9509032201612819e-01 9.8078528040323043e-01 4.2557434077070297e+00 0
1.9509032201612819e-01 9.8078528040323043e-01 4.3867514650906303e+00 0
1.9509032201612819e-01 9.8078528040323043e-01 4.4994897821772408e+00 0
1.9509032201612819e-01 9.8078528040323043e-01 4.5999339713985066e+00 0
1.9509032201612819e-01 9.8078528040323043e-01 4.6915506547061723e+00 0
1.9509032201612819e-01 9.8078528040323043e-01 4.7760428825918355e+00 0
1.9509032201612819e-01 9.8078528040323043e-01 4.8549965148031129e+00 0
1.9509032201612819e-01 9.8078528040323043e-01 4.9293391219597193e+00 0
1.9509032201612819e-01 9.8078528040323043e-01 5.0000000000000000e+00 0
3.8268343236508973e-01 9.2387953251128674e-01 7.0343017578125000e-02 0
3.8268343236508973e-01 9.2387953251128674e-01 1.4481140766292810e-01 0
3.8268343236508973e-01 9.2387953251128674e-01 2.2378526995893822e-01 0
3.8268343236508973e-01 9.2387953251128674e-01 3.0817944502893868e-01 0
3.8268343236508973e-01 9.2387953251128674e-01 3.9967338224288235e-01 0
3.8268343236508973e-01 9.2387953251128674e-01 5.0005282351779501e-01 0
3.8268343236508973e-01 9.2387953251128674e-01 6.1252403743194694e-01 0
3.8268343236508973e-01 9.2387953251128674e-01 7.4333958966061475e-01 0
3.8268343236508973e-01 9.2387953251128674e-01 9.0584820090739748e-01 0
3.8268343236508973e-01 9.2387953251128674e-01 1.1244994963301287e+00 0
3.8268343236508973e-01 9.2387953251128674e-01 1.3537084799761314e+00 0
3.8268343236508973e-01 9.2387953251128674e-01 1.5827144598409117e+00 0
3.8268343236508973e-01 9.2387953251128674e-01 1.8119378978679406e+00 0
3.8268343236508973e-01 9.2387953251128674e-01 2.0409631111375592e+00 0
3.8268343236508973e-01 9.2387953251128674e-01 2.2701512100124641e+00 0
3.8268343236508973e-01 9.2387953251128674e-01 2.4992492377366382e+00 0
3.8268343236508973e-01 9.2387953251128674e-01 2.7283524417257317e+00 0
3.8268343236508973e-01 9.2387953251128674e-01 2.9575414928626560e+00 0
3.8268343236508973e-01 9.2387953251128674e-01 3.1866698336901971e+00 0
3.8268343236508973e-01 9.2387953251128674e-01 3.4157709960596616e+00 0
3.8268343236508973e-01 9.2387953251128674e-01 3.6449349816149961e+00 0
3.8268343236508973e-01 9.2387953251128674e-01 3.8740322778141207e+00 0
3.8268343236508973e-01 9.2387953251128674e-01 4.0929857179315654e+00 0
3.8268343236508973e-01 9.2387953251128674e-01 4.2557434077070297e+00 0
3.8268343236508973e-01 9.2387953251128674e-01 4.3867514650906303e+00 0
3.8268343236508973e-01 9.2387953251128674e-01 4.4994897821772408e+00 0
3.8268343236508973e-01 9.2387953251128674e-01 4.5999339713985066e+00 0
3.8268343236508973e-01 9.2387953251128674e-01 4.6915506547061723e+00 0
3.8268343236508973e-01 9.2387953251128674e-01 4.7760428825918355e+00 0
3.8268343236508973e-01 9.2387953251128674e-01 4.8549965148031129e+00 0
3.8268343236508973e-01 9.2387953251128674e-01 4.9293391219597193e+00 0
3.8268343236508973e-01 9.2387953251128674e-01 5.0000000000000000e+00 0
5.5557023301960196e-01 8.3146961230254546e-01 7.0343017578125000e-02 0
5.5557023301960196e-01 8.3146961230254546e-01 1.4481140766292810e-01 0
5.5557023301960196e-01 8.3146961230254546e-01 2.2378526995893822e-01 0
5.5557023301960196e-01 8.3146961230254546e-01 3.0817944502893868e-01 0
5.5557023301960196e-01 8.3146961230254546e-01 3.9967338224288235e-01 0
5.5557023301960196e-01 8.3146961230254546e-01 5.0005282351779501e-01 0
5.5557023301960196e-01 8.3146961230254546e-01 6.1252403743194694e-01 0
5.5557023301960196e-01 8.3146961230254546e-01 7.4333958966061475e-01 0
5.5557023301960196e-01 8.3146961230254546e-01 9.0584820090739748e-01 0
5.5557023301960196e-01 8.3146961230254546e-01 1.1244994963301287e+00 0
5.5557023301960196e-01 8.3146961230254546e-01 1.3537084799761314e+00 0
5.5557023301960196e-01 8.3146961230254546e-01 1.5827144598409117e+00 0
5.5557023301960196e-01 8.3146961230254546e-01 1.8119378978679406e+00 0
5.5557023301960196e-01 8.3146961230254546e-01 2.0409631111375592e+00 0
5.5557023301960196e-01 8.3146961230254546e-01 2.2701512100124641e+00 0
5.5557023301960196e-01 8.3146961230254546e-01 2.4992492377366382e+00 0
5.5557023301960196e-01 8.3146961230254546e-01 2.7283524417257317e+00 0
5.5557023301960196e-01 8.3146961230254546e-01 2.9575414928626560e+00 0
5.5557023301960196e-01 8.3146961230254546e-01 3.1866698336901971e+00 0
5.5557023301960196e-01 8.3146961230254546e-01 3.4157709960596616e+00 0
5.5557023301960196e-01 8.3146961230254546e-01 3.6449349816149961e+00 0
5.5557023301960196e-01 8.3146961230254546e-01 3.8740322778141207e+00 0
5.5557023301960196e-01 8.3146961230254546e-01 4.0929857179315654e+00 0
5.5557023301960196e-01 8.3146961230254546e-01 4.2557434077070297e+00 0
5.5557023301960196e-01 8.3146961230254546e-01 4.3867514650906303e+00 0
5.5557023301960196e-01 8.3146961230254546e-01 4.4994897821772408e+00 0
5.5557023301960196e-01 8.3146961230254546e-01 4.5999339713985066e+00 0
5.5557023301960196e-01 8.3146961230254546e-01 4.6915506547061723e+00 0
5.5557023301960196e-01 8.3146961230254546e-01 4.7760428825918355e+00 0
5.5557023301960196e-01 8.3146961230254546e-01 4.8549965148031129e+00 0
5.5557023301960196e-01 8.3146961230254546e-01 4.9293391219597193e+00 0
5.5557023301960196e-01 8.3146961230254546e-01 5.0000000000000000e+00 0
7.0710678118654746e-01 7.0710678118654757e-01 7.0343017578125000e-02 0
7.0710678118654746e-01 7.0710678118654757e-01 1.4481140766292810e-01 0
7.0710678118654746e-01 7.0710678118654757e-01 2.2378526995893822e-01 0
7.0710678118654746e-01 7.0710678118654757e-01 3.0817944502893868e-01 0
7.0710678118654746e-01 7.0710678118654757e-01 3.9967338224288235e-01 0
7.0710678118654746e-01 7.0710678118654757e-01 5.0005282351779501e-01 0
7.0710678118654746e-01 7.0710678118654757e-01 6.1252403743194694e-01 0
7.0710678118654746e-01 7.0710678118654757e-01 7.4333958966061475e-01 0
7.0710678118654746e-01 7.0710678118654757e-01 9.0584820090739748e-01 0
7.0710678118654746e-01 7.0710678118654757e-01 1.1244994963301287e+00 0
7.0710678118654746e-01 7.0710678118654757e-01 1.3537084799761314e+00 0
7.0710678118654746e-01 7.0710678118654757e-01 1.5827144598409117e+00 0
7.0710678118654746e-01 7.0710678118654757e-01 1.8119378978679406e+00 0
7.0710678118654746e-01 7.0710678118654757e-01 2.0409631111375592e+00 0
7.0710678118654746e-01 7.0710678118654757e-01 2.2701512100124641e+00 0
7.0710678118654746e-01 7.0710678118654757e-01 2.4992492377366382e+00 0
7.0710678118654746e-01 7.0710678118654757e-01 2.7283524417257317e+00 0
7.0710678118654746e-01 7.0710678118654757e-01 2.9575414928626560e+00 0
7.0710678118654746e-01 7.0710678118654757e-01 3.1866698336901971e+00 0
7.0710678118654746e-01 7.0710678118654757e-01 3.4157709960596616e+00 0
7.0710678118654746e-01 7.0710678118654757e-01 3.6449349816149961e+00 0
7.0710678118654746e-01 7.0710678118654757e-01 3.8740322778141207e+00 0
7.0710678118654746e-01 7.0710678118654757e-01 4.0929857179315654e+00 0
7.0710678118654746e-01 7.0710678118654757e-01 4.2557434077070297e+00 0
7.0710678118654746e-01 7.0710678118654757e-01 4.3867514650906303e+00 0
7.0710678118654746e-01 7.0710678118654757e-01 4.4994897821772408e+00 0
7.0710678118654746e-01 7.0710678118654757e-01 4.5999339713985066e+00 0
7.0710678118654746e-01 7.0710678118654757e-01 4.6915506547061723e+00 0
7.0710678118654746e-01 7.0710678118654757e-01 4.7760428825918355e+00 0
7.0710678118654746e-01 7.0710678118654757e-01 4.8549965148031129e+00 0
7.0710678118654746e-01 7.0710678118654757e-01 4.9293391219597193e+00 0
7.0710678118654746e-01 7.0710678118654757e-01 5.0000000000000000e+00 0
8.3146961230254535e-01 5.5557023301960218e-01 7.0343017578125000e-02 0
8.3146961230254535e-01 5.5557023301960218e-01 1.4481140766292810e-01 0
8.3146961230254535e-01 5.5557023301960218e-01 2.2378526995893822e-01 0
8.3146961230254535e-01 5.5557023301960218e-01 3.0817944502893868e-01 0
8.3146961230254535e-01 5.5557023301960218e-01 3.9967338224288235e-01 0
8.3146961230254535e-01 5.5557023301960218e-01 5.0005282351779501e-01 0
8.3146961230254535e-01 5.5557023301960218e-01 6.1252403743194694e-01 0
8.3146961230254535e-01 5.5557023301960218e-01 7.4333958966061475e-01 0
8.3146961230254535e-01 5.5557023301960218e-01 9.0584820090739748e-01 0
8.3146961230254535e-01 5.5557023301960218e-01 1.1244994963301287e+00 0
8.3146961230254535e-01 5.5557023301960218e-01 1.3537084799761314e+00 0
8.3146961230254535e-01 5.5557023301960218e-01 1.5827144598409117e+00 0
8.3146961230254535e-01 5.5557023301960218e-01 1.8119378978679406e+00 0
8.3146961230254535e-01 5.5557023301960218e-01 2.0409631111375592e+00 0
8.3146961230254535e-01 5.5557023301960218e-01 2.2701512100124641e+00 0
8.3146961230254535e-01 5.5557023301960218e-01 2.4992492377366382e+00 0
8.3146961230254535e-01 5.5557023301960218e-01 2.7283524417257317e+00 0
8.3146961230254535e-01 5.5557023301960218e-01 2.9575414928626560e+00 0
8.3146961230254535e-01 5.5557023301960218e-01 3.1866698336901971e+00 0
8.3146961230254535e-01 5.5557023301960218e-01 3.4157709960596616e+00 0
8.3146961230254535e-01 5.5557023301960218e-01 3.6449349816149961e+00 0
8.3146961230254535e-01 5.5557023301960218e-01 3.8740322778141207e+00 0
8.3146961230254535e-01 5.5557023301960218e-01 4.0929857179315654e+00 0
8.3146961230254535e-01 5.5557023301960218e-01 4.2557434077070297e+00 0
8.3146961230254535e-01 5.5557023301960218e-01 4.3867514650906303e+00 0
8.3146961230254535e-01 5.5557023301960218e-01 4.4994897821772408e+00 0
8.3146961230254535e-01 5.5557023301960218e-01 4.5999339713985066e+00 0
8.3146961230254535e-01 5.5557023301960218e-01 4.6915506547061723e+00 0
8.3146961230254535e-01 5.5557023301960218e-01 4.7760428825918355e+00 0
8.3146961230254535e-01 5.5557023301960218e-01 4.8549965148031129e+00 0
8.3146961230254535e-01 5.5557023301960218e-01 4.9293391219597193e+00 0
8.3146961230254535e-01 5.5557023301960218e-01 5.0000000000000000e+00 0
9.2387953251128685e-01 3.8268343236508945e-01 7.0343017578125000e-02 0
9.2387953251128685e-01 3.8268343236508945e-01 1.4481140766292810e-01 0
9.2387953251128685e-01 3.8268343236508945e-01 2.2378526995893822e-01 0
9.2387953251128685e-01 3.8268343236508945e-01 3.0817944502893868e-01 0
9.2387953251128685e-01 3.8268343236508945e-01 3.9967338224288235e-01 0
9.2387953251128685e-01 3.8268343236508945e-01 5.0005282351779501e-01 0
9.2387953251128685e-01 3.8268343236508945e-01 6.1252403743194694e-01 0
9.2387953251128685e-01 3.8268343236508945e-01 7.4333958966061475e-01 0
9.2387953251128685e-01 3.8268343236508945e-01 9.0584820090739748e-01 0
9.2387953251128685e-01 3.8268343236508945e-01 1.1244994963301287e+00 0
9.2387953251128685e-01 3.8268343236508945e-01 1.3537084799761314e+00 0
9.2387953251128685e-01 3.8268343236508945e-01 1.5827144598409117e+00 0
9.2387953251128685e-01 3.8268343236508945e-01 1.8119378978679406e+00 0
9.2387953251128685e-01 3.8268343236508945e-01 2.0409631111375592e+00 0
9.2387953251128685e-01 3.8268343236508945e-01 2.2701512100124641e+00 0
9.2387953251128685e-01 3.8268343236508945e-01 2.4992492377366382e+00 0
9.2387953251128685e-01 3.8268343236508945e-01 2.7283524417257317e+00 0
9.2387953251128685e-01 3.8268343236508945e-01 2.9575414928626560e+00 0
9.2387953251128685e-01 3.8268343236508945e-01 3.1866698336901971e+00 0
9.2387953251128685e-01 3.8268343236508945e-01 3.4157709960596616e+00 0
9.2387953251128685e-01 3.8268343236508945e-01 3.6449349816149961e+00 0
9.2387953251128685e-01 3.8268343236508945e-01 3.8740322778141207e+00 0
9.2387953251128685e-01 3.8268343236508945e-01 4.0929857179315654e+00 0
9.2387953251128685e-01 3.8268343236508945e-01 4.2557434077070297e+00 0
9.2387953251128685e-01 3.8268343236508945e-01 4.3867514650906303e+00 0
9.2387953251128685e-01 3.8268343236508945e-01 4.4994897821772408e+00 0
9.2387953251128685e-01 3.8268343236508945e-01 4.5999339713985066e+00 0
9.2387953251128685e-01 3.8268343236508945e-01 4.6915506547061723e+00 0
9.2387953251128685e-01 3.8268343236508945e-01 4.7760428825918355e+00 0
9.2387953251128685e-01 3.8268343236508945e-01 4.8549965148031129e+00 0
9.2387953251128685e-01 3.8268343236508945e-01 4.9293391219597193e+00 0
9.2387953251128685e-01 3.8268343236508945e-01 5.0000000000000000e+00 0
9.8078528040323054e-01 1.9509032201612772e-01 7.0343017578125000e-02 0
9.8078528040323054e-01 1.9509032201612772e-01 1.4481140766292810e-01 0
9.8078528040323054e-01 1.9509032201612772e-01 2.2378526995893822e-01 0
9.8078528040323054e-01 1.9509032201612772e-01 3.0817944502893868e-01 0
9.8078528040323054e-01 1.9509032201612772e-01 3.9967338224288235e-01 0
9.8078528040323054e-01 1.9509032201612772e-01 5.0005282351779501e-01 0
9.8078528040323054e-01 1.9509032201612772e-01 6.1252403743194694e-01 0
9.8078528040323054e-01 1.9509032201612772e-01 7.4333958966061475e-01 0
9.8078528040323054e-01 1.9509032201612772e-01 9.0584820090739748e-01 0
9.8078528040323054e-01 1.9509032201612772e-01 1.1244994963301287e+00 0
9.8078528040323054e-01 1.9509032201612772e-01 1.3537084799761314e+00 0
9.8078528040323054e-01 1.9509032201612772e-01 1.5827144598409117e+00 0
9.8078528040323054e-01 1.9509032201612772e-01 1.8119378978679406e+00 0
9.8078528040323054e-01 1.9509032201612772e-01 2.0409631111375592e+00 0
9.8078528040323054e-01 1.9509032201612772e-01 2.2701512100124641e+00 0
9.8078528040323054e-01 1.9509032201612772e-01 2.4992492377366382e+00 0
9.8078528040323054e-01 1.9509032201612772e-01 2.7283524417257317e+00 0
9.8078528040323054e-01 1.9509032201612772e-01 2.9575414928626560e+00 0
9.8078528040323054e-01 1.9509032201612772e-01 3.1866698336901971e+00 0
9.8078528040323054e-01 1.9509032201612772e-01 3.4157709960596616e+00 0
9.8078528040323054e-01 1.9509032201612772e-01 3.6449349816149961e+00 0
9.8078528040323054e-01 1.9509032201612772e-01 3.8740322778141207e+00 0
9.8078528040323054e-01 1.9509032201612772e-01 4.0929857179315654e+00 0
9.8078528040323054e-01 1.9509032201612772e-01 4.2557434077070297e+00 0
9.8078528040323054e-01 1.9509032201612772e-01 4.3867514650906303e+00 0
9.8078528040323054e-01 1.9509032201612772e-01 4.4994897821772408e+00 0
9.8078528040323054e-01 1.9509032201612772e-01 4.5999339713985066e+00 0
9.8078528040323054e-01 1.9509032201612772e-01 4.6915506547061723e+00 0
9.8078528040323054e-01 1.9509032201612772e-01 4.7760428825918355e+00 0
9.8078528040323054e-01 1.9509032201612772e-01 4.8549965148031129e+00 0
9.8078528040323054e-01 1.9509032201612772e-01 4.9293391219597193e+00 0
9.8078528040323054e-01 1.9509032201612772e-01 5.0000000000000000e+00 0
1.0000000000000000e+00 0.0000000000000000e+00 7.0343017578125000e-02 0
1.0000000000000000e+00 0.0000000000000000e+00 1.4481140766292810e-01 0
1.0000000000000000e+00 0.0000000000000000e+00 2.2378526995893822e-01 0
1.0000000000000000e+00 0.0000000000000000e+00 3.0817944502893868e-01 0
1.0000000000000000e+00 0.0000000000000000e+00 3.9967338224288235e-01 0
1.0000000000000000e+00 0.0000000000000000e+00 5.0005282351779501e-01 0
1.0000000000000000e+00 0.0000000000000000e+00 6.1252403743194694e-01 0
1.0000000000000000e+00 0.0000000000000000e+00 7.4333958966061475e-01 0
1.0000000000000000e+00 0.0000000000000000e+00 9.0584820090739748e-01 0
1.0000000000000000e+00 0.0000000000000000e+00 1.1244994963301287e+00 0
1.0000000000000000e+00 0.0000000000000000e+00 1.3537084799761314e+00 0
1.0000000000000000e+00 0.0000000000000000e+00 1.5827144598409117e+00 0
1.0000000000000000e+00 0.0000000000000000e+00 1.8119378978679406e+00 0
1.0000000000000000e+00 0.0000000000000000e+00 2.0409631111375592e+00 0
1.0000000000000000e+00 0.0000000000000000e+00 2.2701512100124641e+00 0
1.0000000000000000e+00 0.0000000000000000e+00 2.4992492377366382e+00 0
1.0000000000000000e+00 0.0000000000000000e+00 2.7283524417257317e+00 0
1.0000000000000000e+00 0.0000000000000000e+00 2.9575414928626560e+00 0
1.0000000000000000e+00 0.0000000000000000e+00 3.1866698336901971e+00 0
1.0000000000000000e+00 0.0000000000000000e+00 3.4157709960596616e+00 0
1.0000000000000000e+00 0.0000000000000000e+00 3.6449349816149961e+00 0
1.0000000000000000e+00 0.0000000000000000e+00 3.8740322778141207e+00 0
1.0000000000000000e+00 0.0000000000000000e+00 4.0929857179315654e+00 0
1.0000000000000000e+00 0.0000000000000000e+00 4.2557434077070297e+00 0
1.0000000000000000e+00 0.0000000000000000e+00 4.3867514650906303e+00 0
1.0000000000000000e+00 0.0000000000000000e+00 4.4994897821772408e+00 0
1.0000000000000000e+00 0.0000000000000000e+00 4.5999339713985066e+00 0
1.0000000000000000e+00 0.0000000000000000e+00 4.6915506547061723e+00 0
1.0000000000000000e+00 0.0000000000000000e+00 4.7760428825918355e+00 0
1.0000000000000000e+00 0.0000000000000000e+00 4.8549965148031129e+00 0
1.0000000000000000e+00 0.0000000000000000e+00 4.9293391219597193e+00 0
1.0000000000000000e+00 0.0000000000000000e+00 5.0000000000000000e+00 0
0.0000000000000000e+00 0.0000000000000000e+00 7.0343017578125000e-02 0
0.0000000000000000e+00 0.0000000000000000e+00 1.4481140766292810e-01 0
0.0000000000000000e+00 0.0000000000000000e+00 2.2378526995893822e-01 0
0.0000000000000000e+00 0.0000000000000000e+00 3.0817944502893868e-01 0
0.0000000000000000e+00 0.0000000000000000e+00 3.9967338224288235e-01 0
0.0000000000000000e+00 0.0000000000000000e+00 5.0005282351779501e-01 0
0.0000000000000000e+00 0.0000000000000000e+00 6.1252403743194694e-01 0
0.0000000000000000e+00 0.0000000000000000e+00 7.4333958966061475e-01 0
0.0000000000000000e+00 0.0000000000000000e+00 9.0584820090739748e-01 0
0.0000000000000000e+00 0.0000000000000000e+00 1.1244994963301287e+00 0
0.0000000000000000e+00 0.0000000000000000e+00 1.3537084799761314e+00 0
0.0000000000000000e+00 0.0000000000000000e+00 1.5827144598409117e+00 0
0.0000000000000000e+00 0.0000000000000000e+00 1.8119378978679406e+00 0
0.0000000000000000e+00 0.0000000000000000e+00 2.0409631111375592e+00 0
0.0000000000000000e+00 0.0000000000000000e+00 2.2701512100124641e+00 0
0.0000000000000000e+00 0.0000000000000000e+00 2.4992492377366382e+00 0
0.0000000000000000e+00 0.0000000000000000e+00 2.7283524417257317e+00 0
0.0000000000000000e+00 0.0000000000000000e+00 2.9575414928626560e+00 0
0.0000000000000000e+00 0.0000000000000000e+00 3.1866698336901971e+00 0
0.0000000000000000e+00 0.0000000000000000e+00 3.4157709960596616e+00 0
0.0000000000000000e+00 0.0000000000000000e+00 3.6449349816149961e+00 0
0.0000000000000000e+00 0.0000000000000000e+00 3.8740322778141207e+00 0
0.0000000000000000e+00 0.0000000000000000e+00 4.0929857179315654e+00 0
0.0000000000000000e+00 0.0000000000000000e+00 4.2557434077070297e+00 0
0.0000000000000000e+00 0.0000000000000000e+00 4.3867514650906303e+00 0
0.0000000000000000e+00 0.0000000000000000e+00 4.4994897821772408e+00 0
0.0000000000000000e+00 0.0000000000000000e+00 4.5999339713985066e+00 0
0.0000000000000000e+00 0.0000000000000000e+00 4.6915506547061723e+00 0
0.0000000000000000e+00 0.0000000000000000e+00 4.7760428825918355e+00 0
0.0000000000000000e+00 0.0000000000000000e+00 4.8549965148031129e+00 0
0.0000000000000000e+00 0.0000000000000000e+00 4.9293391219597193e+00 0
0.0000000000000000e+00 0.0000000000000000e+00 5.0000000000000000e+00 0
2.0000000000000037e-01 0.0000000000000000e+00 7.0343017578125000e-02 0
2.0000000000000037e-01 0.0000000000000000e+00 1.4481140766292810e-01 0
2.0000000000000037e-01 0.0000000000000000e+00 2.2378526995893822e-01 0
2.0000000000000037e-01 0.0000000000000000e+00 3.0817944502893868e-01 0
2.0000000000000037e-01 0.0000000000000000e+00 3.9967338224288235e-01 0
2.0000000000000037e-01 0.0000000000000000e+00 5.0005282351779501e-01 0
2.0000000000000037e-01 0.0000000000000000e+00 6.1252403743194694e-01 0
2.0000000000000037e-01 0.0000000000000000e+00 7.4333958966061475e-01 0
2.0000000000000037e-01 0.0000000000000000e+00 9.0584820090739748e-01 0
2.0000000000000037e-01 0.0000000000000000e+00 1.1244994963301287e+00 0
2.0000000000000037e-01 0.0000000000000000e+00 1.3537084799761314e+00 0
2.0000000000000037e-01 0.0000000000000000e+00 1.5827144598409117e+00 0
2.0000000000000037e-01 0.0000000000000000e+00 1.8119378978679406e+00 0
2.0000000000000037e-01 0.0000000000000000e+00 2.0409631111375592e+00 0
2.0000000000000037e-01 0.0000000000000000e+00 2.2701512100124641e+00 0
2.0000000000000037e-01 0.0000000000000000e+00 2.4992492377366382e+00 0
2.0000000000000037e-01 0.0000000000000000e+00 2.7283524417257317e+00 0
2.0000000000000037e-01 0.0000000000000000e+00 2.9575414928626560e+00 0
2.0000000000000037e-01 0.0000000000000000e+00 3.1866698336901971e+00 0
2.0000000000000037e-01 0.0000000000000000e+00 3.4157709960596616e+00 0
2.0000000000000037e-01 0.0000000000000000e+00 3.6449349816149961e+00 0
2.0000000000000037e-01 0.0000000000000000e+00 3.8740322778141207e+00 0
2.0000000000000037e-01 0.0000000000000000e+00 4.0929857179315654e+00 0
2.0000000000000037e-01 0.0000000000000000e+00 4.2557434077070297e+00 0
2.0000000000000037e-01 0.0000000000000000e+00 4.3867514650906303e+00 0
2.0000000000000037e-01 0.0000000000000000e+00 4.4994897821772408e+00 0
2.0000000000000037e-01 0.0000000000000000e+00 4.5999339713985066e+00 0
2.0000000000000037e-01 0.0000000000000000e+00 4.6915506547061723e+00 0
2.0000000000000037e-01 0.0000000000000000e+00 4.7760428825918355e+00 0
2.0000000000000037e-01 0.0000000000000000e+00 4.8549965148031129e+00 0
2.0000000000000037e-01 0.0000000000000000e+00 4.9293391219597193e+00 0
2.0000000000000037e-01 0.0000000000000000e+00 5.0000000000000000e+00 0
4.0000000000000074e-01 0.0000000000000000e+00 7.0343017578125000e-02 0
4.0000000000000074e-01 0.0000000000000000e+00 1.4481140766292810e-01 0
4.0000000000000074e-01 0.0000000000000000e+00 2.2378526995893822e-01 0
4.0000000000000074e-01 0.0000000000000000e+00 3.0817944502893868e-01 0
4.0000000000000074e-01 0.0000000000000000e+00 3.9967338224288235e-01 0
4.0000000000000074e-01 0.0000000000000000e+00 5.0005282351779501e-01 0
4.0000000000000074e-01 0.0000000000000000e+00 6.1252403743194694e-01 0
4.0000000000000074e-01 0.0000000000000000e+00 7.4333958966061475e-01 0
4.0000000000000074e-01 0.0000000000000000e+00 9.0584820090739748e-01 0
4.0000000000000074e-01 0.0000000000000000e+00 1.1244994963301287e+00 0
4.0000000000000074e-01 0.0000000000000000e+00 1.3537084799761314e+00 0
4.0000000000000074e-01 0.0000000000000000e+00 1.5827144598409117e+00 0
4.0000000000000074e-01 0.0000000000000000e+00 1.8119378978679406e+00 0
4.0000000000000074e-01 0.0000000000000000e+00 2.0409631111375592e+00 0
4.0000000000000074e-01 0.0000000000000000e+00 2.2701512100124641e+00 0
4.0000000000000074e-01 0.0000000000000000e+00 2.4992492377366382e+00 0
4.0000000000000074e-01 0.0000000000000000e+00 2.7283524417257317e+00 0
4.0000000000000074e-01 0.0000000000000000e+00 2.9575414928626560e+00 0
4.0000000000000074e-01 0.0000000000000000e+00 3.1866698336901971e+00 0
4.0000000000000074e-01 0.0000000000000000e+00 3.4157709960596616e+00 0
4.0000000000000074e-01 0.0000000000000000e+00 3.6449349816149961e+00 0
4.0000000000000074e-01 0.0000000000000000e+00 3.8740322778141207e+00 0
4.0000000000000074e-01 0.0000000000000000e+00 4.0929857179315654e+00 0
4.0000000000000074e-01 0.0000000000000000e+00 4.2557434077070297e+00 0
4.0000000000000074e-01 0.0000000000000000e+00 4.3867514650906303e+00 0
4.0000000000000074e-01 0.0000000000000000e+00 4.4994897821772408e+00 0
4.0000000000000074e-01 0.0000000000000000e+00 4.5999339713985066e+00 0
4.0000000000000074e-01 0.0000000000000000e+00 4.6915506547061723e+00 0
4.0000000000000074e-01 0.0000000000000000e+00 4.7760428825918355e+00 0
4.0000000000000074e-01 0.0000000000000000e+00 4.8549965148031129e+00 0
4.0000000000000074e-01 0.0000000000000000e+00 4.9293391219597193e+00 0
4.0000000000000074e-01 0.0000000000000000e+00 5.0000000000000000e+00 0
6.0000000000000109e-01 0.0000000000000000e+00 7.0343017578125000e-02 0
6.0000000000000109e-01 0.0000000000000000e+00 1.4481140766292810e-01 0
6.0000000000000109e-01 0.0000000000000000e+00 2.2378526995893822e-01 0
6.0000000000000109e-01 0.0000000000000000e+00 3.0817944502893868e-01 0
6.0000000000000109e-01 0.0000000000000000e+00 3.9967338224288235e-01 0
6.0000000000000109e-01 0.0000000000000000e+00 5.0005282351779501e-01 0
6.0000000000000109e-01 0.0000000000000000e+00 6.1252403743194694e-01 0
6.0000000000000109e-01 0.0000000000000000e+00 7.4333958966061475e-01 0
6.0000000000000109e-01 0.0000000000000000e+00 9.0584820090739748e-01 0
6.0000000000000109e-01 0.0000000000000000e+00 1.1244994963301287e+00 0
6.0000000000000109e-01 0.0000000000000000e+00 1.3537084799761314e+00 0
6.0000000000000109e-01 0.0000000000000000e+00 1.5827144598409117e+00 0
6.0000000000000109e-01 0.0000000000000000e+00 1.8119378978679406e+00 0
6.0000000000000109e-01 0.0000000000000000e+00 2.0409631111375592e+00 0
6.0000000000000109e-01 0.0000000000000000e+00 2.2701512100124641e+00 0
6.0000000000000109e-01 0.0000000000000000e+00 2.4992492377366382e+00 0
6.0000000000000109e-01 0.0000000000000000e+00 2.7283524417257317e+00 0
6.0000000000000109e-01 0.0000000000000000e+00 2.9575414928626560e+00 0
6.0000000000000109e-01 0.0000000000000000e+00 3.1866698336901971e+00 0
6.0000000000000109e-01 0.0000000000000000e+00 3.4157709960596616e+00 0
6.0000000000000109e-01 0.0000000000000000e+00 3.6449349816149961e+00 0
6.0000000000000109e-01 0.0000000000000000e+00 3.8740322778141207e+00 0
6.0000000000000109e-01 0.0000000000000000e+00 4.0929857179315654e+00 0
6.0000000000000109e-01 0.0000000000000000e+00 4.2557434077070297e+00 0
6.0000000000000109e-01 0.0000000000000000e+00 4.3867514650906303e+00 0
6.0000000000000109e-01 0.0000000000000000e+00 4.4994897821772408e+00 0
6.0000000000000109e-01 0.0000000000000000e+00 4.5999339713985066e+00 0
6.0000000000000109e-01 0.0000000000000000e+00 4.6915506547061723e+00 0
6.0000000000000109e-01 0.0000000000000000e+00 4.7760428825918355e+00 0
6.0000000000000109e-01 0.0000000000000000e+00 4.8549965148031129e+00 0
6.0000000000000109e-01 0.0000000000000000e+00 4.9293391219597193e+00 0
6.0000000000000109e-01 0.0000000000000000e+00 5.0000000000000000e+00 0
8.0000000000000149e-01 0.0000000000000000e+00 7.0343017578125000e-02 0
8.0000000000000149e-01 0.0000000000000000e+00 1.4481140766292810e-01 0
8.0000000000000149e-01 0.0000000000000000e+00 2.2378526995893822e-01 0
8.0000000000000149e-01 0.0000000000000000e+00 3.0817944502893868e-01 0
8.0000000000000149e-01 0.0000000000000000e+00 3.9967338224288235e-01 0
8.0000000000000149e-01 0.0000000000000000e+00 5.0005282351779501e-01 0
8.0000000000000149e-01 0.0000000000000000e+00 6.1252403743194694e-01 0
8.0000000000000149e-01 0.0000000000000000e+00 7.4333958966061475e-01 0
8.0000000000000149e-01 0.0000000000000000e+00 9.0584820090739748e-01 0
8.0000000000000149e-01 0.0000000000000000e+00 1.1244994963301287e+00 0
8.0000000000000149e-01 0.0000000000000000e+00 1.3537084799761314e+00 0
8.0000000000000149e-01 0.0000000000000000e+00 1.5827144598409117e+00 0
8.0000000000000149e-01 0.0000000000000000e+00 1.8119378978679406e+00 0
8.0000000000000149e-01 0.0000000000000000e+00 2.0409631111375592e+00 0
8.0000000000000149e-01 0.0000000000000000e+00 2.2701512100124641e+00 0
8.0000000000000149e-01 0.0000000000000000e+00 2.4992492377366382e+00 0
8.0000000000000149e-01 0.0000000000000000e+00 2.7283524417257317e+00 0
8.0000000000000149e-01 0.0000000000000000e+00 2.9575414928626560e+00 0
8.0000000000000149e-01 0.0000000000000000e+00 3.1866698336901971e+00 0
8.0000000000000149e-01 0.0000000000000000e+00 3.4157709960596616e+00 0
8.0000000000000149e-01 0.0000000000000000e+00 3.6449349816149961e+00 0
8.0000000000000149e-01 0.0000000000000000e+00 3.8740322778141207e+00 0
8.0000000000000149e-01 0.0000000000000000e+00 4.0929857179315654e+00 0
8.0000000000000149e-01 0.0000000000000000e+00 4.2557434077070297e+00 0
8.0000000000000149e-01 0.0000000000000000e+00 4.3867514650906303e+00 0
8.0000000000000149e-01 0.0000000000000000e+00 4.4994897821772408e+00 0
8.0000000000000149e-01 0.0000000000000000e+00 4.5999339713985066e+00 0
8.0000000000000149e-01 0.0000000000000000e+00 4.6915506547061723e+00 0
8.0000000000000149e-01 0.0000000000000000e+00 4.7760428825918355e+00 0
8.0000000000000149e-01 0.0000000000000000e+00 4.8549965148031129e+00 0
8.0000000000000149e-01 0.0000000000000000e+00 4.9293391219597193e+00 0
8.0000000000000149e-01 0.0000000000000000e+00 5.0000000000000000e+00 0
0.0000000000000000e+00 1.9999999999999452e-01 7.0343017578125000e-02 0
0.0000000000000000e+00 1.9999999999999452e-01 1.4481140766292810e-01 0
0.0000000000000000e+00 1.9999999999999452e-01 2.2378526995893822e-01 0
0.0000000000000000e+00 1.9999999999999452e-01 3.0817944502893868e-01 0
0.0000000000000000e+00 1.9999999999999452e-01 3.9967338224288235e-01 0
0.0000000000000000e+00 1.9999999999999452e-01 5.0005282351779501e-01 0
0.0000000000000000e+00 1.9999999999999452e-01 6.1252403743194694e-01 0
0.0000000000000000e+00 1.9999999999999452e-01 7.4333958966061475e-01 0
0.0000000000000000e+00 1.9999999999999452e-01 9.0584820090739748e-01 0
0.0000000000000000e+00 1.9999999999999452e-01 1.1244994963301287e+00 0
0.0000000000000000e+00 1.9999999999999452e-01 1.3537084799761314e+00 0
0.0000000000000000e+00 1.9999999999999452e-01 1.5827144598409117e+00 0
0.0000000000000000e+00 1.9999999999999452e-01 1.8119378978679406e+00 0
0.0000000000000000e+00 1.9999999999999452e-01 2.0409631111375592e+00 0
0.0000000000000000e+00 1.9999999999999452e-01 2.2701512100124641e+00 0
0.0000000000000000e+00 1.9999999999999452e-01 2.4992492377366382e+00 0
0.0000000000000000e+00 1.9999999999999452e-01 2.7283524417257317e+00 0
0.0000000000000000e+00 1.9999999999999452e-01 2.9575414928626560e+00 0
0.0000000000000000e+00 1.9999999999999452e-01 3.1866698336901971e+00 0
0.0000000000000000e+00 1.9999999999999452e-01 3.4157709960596616e+00 0
0.0000000000000000e+00 1.9999999999999452e-01 3.6449349816149961e+00 0
0.0000000000000000e+00 1.9999999999999452e-01 3.8740322778141207e+00 0
0.0000000000000000e+00 1.9999999999999452e-01 4.0929857179315654e+00 0
0.0000000000000000e+00 1.9999999999999452e-01 4.2557434077070297e+00 0
0.0000000000000000e+00 1.9999999999999452e-01 4.3867514650906303e+00 0
0.0000000000000000e+00 1.9999999999999452e-01 4.4994897821772408e+00 0
0.0000000000000000e+00 1.9999999999999452e-01 4.5999339713985066e+00 0
0.0000000000000000e+00 1.9999999999999452e-01 4.6915506547061723e+00 0
0.0000000000000000e+00 1.9999999999999452e-01 4.7760428825918355e+00 0
0.0000000000000000e+00 1.9999999999999452e-01 4.8549965148031129e+00 0
0.0000000000000000e+00 1.9999999999999452e-01 4.9293391219597193e+00 0
0.0000000000000000e+00 1.9999999999999452e-01 5.0000000000000000e+00 0
0.0000000000000000e+00 3.9999999999998903e-01 7.0343017578125000e-02 0
0.0000000000000000e+00 3.9999999999998903e-01 1.4481140766292810e-01 0
0.0000000000000000e+00 3.9999999999998903e-01 2.2378526995893822e-01 0
0.0000000000000000e+00 3.9999999999998903e-01 3.0817944502893868e-01 0
0.0000000000000000e+00 3.9999999999998903e-01 3.9967338224288235e-01 0
0.0000000000000000e+00 3.9999999999998903e-01 5.0005282351779501e-01 0
0.0000000000000000e+00 3.9999999999998903e-01 6.1252403743194694e-01 0
0.0000000000000000e+00 3.9999999999998903e-01 7.4333958966061475e-01 0
0.0000000000000000e+00 3.9999999999998903e-01 9.0584820090739748e-01 0
0.0000000000000000e+00 3.9999999999998903e-01 1.1244994963301287e+00 0
0.0000000000000000e+00 3.9999999999998903e-01 1.3537084799761314e+00 0
0.0000000000000000e+00 3.9999999999998903e-01 1.5827144598409117e+00 0
0.0000000000000000e+00 3.9999999999998903e-01 1.8119378978679406e+00 0
0.0000000000000000e+00 3.9999999999998903e-01 2.0409631111375592e+00 0
0.0000000000000000e+00 3.9999999999998903e-01 2.2701512100124641e+00 0
0.0000000000000000e+00 3.9999999999998903e-01 2.4992492377366382e+00 0
0.0000000000000000e+00 3.9999999999998903e-01 2.7283524417257317e+00 0
0.0000000000000000e+00 3.9999999999998903e-01 2.9575414928626560e+00 0
0.0000000000000000e+00 3.9999999999998903e-01 3.1866698336901971e+00 0
0.0000000000000000e+00 3.9999999999998903e-01 3.4157709960596616e+00 0
0.0000000000000000e+00 3.9999999999998903e-01 3.6449349816149961e+00 0
0.0000000000000000e+00 3.9999999999998903e-01 3.8740322778141207e+00 0
0.0000000000000000e+00 3.9999999999998903e-01 4.0929857179315654e+00 0
0.0000000000000000e+00 3.9999999999998903e-01 4.2557434077070297e+00 0
0.0000000000000000e+00 3.9999999999998903e-01 4.3867514650906303e+00 0
0.0000000000000000e+00 3.9999999999998903e-01 4.4994897821772408e+00 0
0.0000000000000000e+00 3.9999999999998903e-01 4.5999339713985066e+00 0
0.0000000000000000e+00 3.9999999999998903e-01 4.6915506547061723e+00 0
0.0000000000000000e+00 3.9999999999998903e-01 4.7760428825918355e+00 0
0.0000000000000000e+00 3.9999999999998903e-01 4.8549965148031129e+00 0
0.0000000000000000e+00 3.9999999999998903e-01 4.9293391219597193e+00 0
0.0000000000000000e+00 3.9999999999998903e-01 5.0000000000000000e+00 0
0.0000000000000000e+00 5.9999999999998355e-01 7.0343017578125000e-02 0
0.0000000000000000e+00 5.9999999999998355e-01 1.4481140766292810e-01 0
0.0000000000000000e+00 5.9999999999998355e-01 2.2378526995893822e-01 0
0.0000000000000000e+00 5.9999999999998355e-01 3.0817944502893868e-01 0
0.0000000000000000e+00 5.9999999999998355e-01 3.9967338224288235e-01 0
0.0000000000000000e+00 5.9999999999998355e-01 5.0005282351779501e-01 0
0.0000000000000000e+00 5.9999999999998355e-01 6.1252403743194694e-01 0
0.0000000000000000e+00 5.9999999999998355e-01 7.4333958966061475e-01 0
0.0000000000000000e+00 5.9999999999998355e-01 9.0584820090739748e-01 0
0.0000000000000000e+00 5.9999999999998355e-01 1.1244994963301287e+00 0
0.0000000000000000e+00 5.9999999999998355e-01 1.3537084799761314e+00 0
0.0000000000000000e+00 5.9999999999998355e-01 1.5827144598409117e+00 0
0.0000000000000000e+00 5.9999999999998355e-01 1.8119378978679406e+00 0
0.0000000000000000e+00 5.9999999999998355e-01 2.0409631111375592e+00 0
0.0000000000000000e+00 5.9999999999998355e-01 2.2701512100124641e+00 0
0.0000000000000000e+00 5.9999999999998355e-01 2.4992492377366382e+00 0
0.0000000000000000e+00 5.9999999999998355e-01 2.7283524417257317e+00 0
0.0000000000000000e+00 5.9999999999998355e-01 2.9575414928626560e+00 0
0.0000000000000000e+00 5.9999999999998355e-01 3.1866698336901971e+00 0
0.0000000000000000e+00 5.9999999999998355e-01 3.4157709960596616e+00 0
0.0000000000000000e+00 5.9999999999998355e-01 3.6449349816149961e+00 0
0.0000000000000000e+00 5.9999999999998355e-01 3.8740322778141207e+00 0
0.0000000000000000e+00 5.9999999999998355e-01 4.0929857179315654e+00 0
0.0000000000000000e+00 5.9999999999998355e-01 4.2557434077070297e+00 0
0.0000000000000000e+00 5.9999999999998355e-01 4.3867514650906303e+00 0
0.0000000000000000e+00 5.9999999999998355e-01 4.4994897821772408e+00 0
0.0000000000000000e+00 5.9999999999998355e-01 4.5999339713985066e+00 0
0.0000000000000000e+00 5.9999999999998355e-01 4.6915506547061723e+00 0
0.0000000000000000e+00 5.9999999999998355e-01 4.7760428825918355e+00 0
0.0000000000000000e+00 5.9999999999998355e-01 4.8549965148031129e+00 0
0.0000000000000000e+00 5.9999999999998355e-01 4.9293391219597193e+00 0
0.0000000000000000e+00 5.9999999999998355e-01 5.0000000000000000e+00 0
0.0000000000000000e+00 7.9999999999997806e-01 7.0343017578125000e-02 0
0.0000000000000000e+00 7.9999999999997806e-01 1.4481140766292810e-01 0
0.0000000000000000e+00 7.9999999999997806e-01 2.2378526995893822e-01 0
0.0000000000000000e+00 7.9999999999997806e-01 3.0817944502893868e-01 0
0.0000000000000000e+00 7.9999999999997806e-01 3.9967338224288235e-01 0
0.0000000000000000e+00 7.9999999999997806e-01 5.0005282351779501e-01 0
0.0000000000000000e+00 7.9999999999997806e-01 6.1252403743194694e-01 0
0.0000000000000000e+00 7.9999999999997806e-01 7.4333958966061475e-01 0
0.0000000000000000e+00 7.9999999999997806e-01 9.0584820090739748e-01 0
0.0000000000000000e+00 7.9999999999997806e-01 1.1244994963301287e+00 0
0.0000000000000000e+00 7.9999999999997806e-01 1.3537084799761314e+00 0
0.0000000000000000e+00 7.9999999999997806e-01 1.5827144598409117e+00 0
0.0000000000000000e+00 7.9999999999997806e-01 1.8119378978679406e+00 0
0.0000000000000000e+00 7.9999999999997806e-01 2.0409631111375592e+00 0
0.0000000000000000e+00 7.9999999999997806e-01 2.2701512100124641e+00 0
0.0000000000000000e+00 7.9999999999997806e-01 2.4992492377366382e+00 0
0.0000000000000000e+00 7.9999999999997806e-01 2.7283524417257317e+00 0
0.0000000000000000e+00 7.9999999999997806e-01 2.9575414928626560e+00 0
0.0000000000000000e+00 7.9999999999997806e-01 3.1866698336901971e+00 0
0.0000000000000000e+00 7.9999999999997806e-01 3.4157709960596616e+00 0
0.0000000000000000e+00 7.9999999999997806e-01 3.6449349816149961e+00 0
0.0000000000000000e+00 7.9999999999997806e-01 3.8740322778141207e+00 0
0.0000000000000000e+00 7.9999999999997806e-01 4.0929857179315654e+00 0
0.0000000000000000e+00 7.9999999999997806e-01 4.2557434077070297e+00 0
0.0000000000000000e+00 7.9999999999997806e-01 4.3867514650906303e+00 0
0.0000000000000000e+00 7.9999999999997806e-01 4.4994897821772408e+00 0
0.0000000000000000e+00 7.9999999999997806e-01 4.5999339713985066e+00 0
0.0000000000000000e+00 7.9999999999997806e-01 4.6915506547061723e+00 0
0.0000000000000000e+00 7.9999999999997806e-01 4.7760428825918355e+00 0
0.0000000000000000e+00 7.9999999999997806e-01 4.8549965148031129e+00 0
0.0000000000000000e+00 7.9999999999997806e-01 4.9293391219597193e+00 0
0.0000000000000000e+00 7.9999999999997806e-01 5.0000000000000000e+00 0
0.0000000000000000e+00 9.4999999999999452e-01 7.0343017578125000e-02 0
0.0000000000000000e+00 9.4999999999999452e-01 1.4481140766292810e-01 0
0.0000000000000000e+00 9.4999999999999452e-01 2.2378526995893822e-01 0
0.0000000000000000e+00 9.4999999999999452e-01 3.0817944502893868e-01 0
0.0000000000000000e+00 9.4999999999999452e-01 3.9967338224288235e-01 0
0.0000000000000000e+00 9.4999999999999452e-01 5.0005282351779501e-01 0
0.0000000000000000e+00 9.4999999999999452e-01 6.1252403743194694e-01 0
0.0000000000000000e+00 9.4999999999999452e-01 7.4333958966061475e-01 0
0.0000000000000000e+00 9.4999999999999452e-01 9.0584820090739748e-01 0
0.0000000000000000e+00 9.4999999999999452e-01 1.1244994963301287e+00 0
0.0000000000000000e+00 9.4999999999999452e-01 1.3537084799761314e+00 0
0.0000000000000000e+00 9.4999999999999452e-01 1.5827144598409117e+00 0
0.0000000000000000e+00 9.4999999999999452e-01 1.8119378978679406e+00 0
0.0000000000000000e+00 9.4999999999999452e-01 2.0409631111375592e+00 0
0.0000000000000000e+00 9.4999999999999452e-01 2.2701512100124641e+00 0
0.0000000000000000e+00 9.4999999999999452e-01 2.4992492377366382e+00 0
0.0000000000000000e+00 9.4999999999999452e-01 2.7283524417257317e+00 0
0.0000000000000000e+00 9.4999999999999452e-01 2.9575414928626560e+00 0
0.0000000000000000e+00 9.4999999999999452e-01 3.1866698336901971e+00 0
0.0000000000000000e+00 9.4999999999999452e-01 3.4157709960596616e+00 0
0.0000000000000000e+00 9.4999999999999452e-01 3.6449349816149961e+00 0
0.0000000000000000e+00 9.4999999999999452e-01 3.8740322778141207e+00 0
0.0000000000000000e+00 9.4999999999999452e-01 4.0929857179315654e+00 0
0.0000000000000000e+00 9.4999999999999452e-01 4.2557434077070297e+00 0
0.0000000000000000e+00 9.4999999999999452e-01 4.3867514650906303e+00 0
0.0000000000000000e+00 9.4999999999999452e-01 4.4994897821772408e+00 0
0.0000000000000000e+00 9.4999999999999452e-01 4.5999339713985066e+00 0
0.0000000000000000e+00 9.4999999999999452e-01 4.6915506547061723e+00 0
0.0000000000000000e+00 9.4999999999999452e-01 4.7760428825918355e+00 0
0.0000000000000000e+00 9.4999999999999452e-01 4.8549965148031129e+00 0
0.0000000000000000e+00 9.4999999999999452e-01 4.9293391219597193e+00 0
0.0000000000000000e+00 9.4999999999999452e-01 5.0000000000000000e+00 0
0.0000000000000000e+00 8.9999999999998903e-01 7.0343017578125000e-02 0
0.0000000000000000e+00 8.9999999999998903e-01 1.4481140766292810e-01 0
0.0000000000000000e+00 8.9999999999998903e-01 2.2378526995893822e-01 0
0.0000000000000000e+00 8.9999999999998903e-01 3.0817944502893868e-01 0
0.0000000000000000e+00 8.9999999999998903e-01 3.9967338224288235e-01 0
0.0000000000000000e+00 8.9999999999998903e-01 5.0005282351779501e-01 0
0.0000000000000000e+00 8.9999999999998903e-01 6.1252403743194694e-01 0
0.0000000000000000e+00 8.9999999999998903e-01 7.4333958966061475e-01 0
0.0000000000000000e+00 8.9999999999998903e-01 9.0584820090739748e-01 0
0.0000000000000000e+00 8.9999999999998903e-01 1.1244994963301287e+00 0
0.0000000000000000e+00 8.9999999999998903e-01 1.3537084799761314e+00 0
0.0000000000000000e+00 8.9999999999998903e-01 1.5827144598409117e+00 0
0.0000000000000000e+00 8.9999999999998903e-01 1.8119378978679406e+00 0
0.0000000000000000e+00 8.9999999999998903e-01 2.0409631111375592e+00 0
0.0000000000000000e+00 8.9999999999998903e-01 2.2701512100124641e+00 0
0.0000000000000000e+00 8.9999999999998903e-01 2.4992492377366382e+00 0
0.0000000000000000e+00 8.9999999999998903e-01 2.7283524417257317e+00 0
0.0000000000000000e+00 8.9999999999998903e-01 2.9575414928626560e+00 0
0.0000000000000000e+00 8.9999999999998903e-01 3.1866698336901971e+00 0
0.0000000000000000e+00 8.9999999999998903e-01 3.4157709960596616e+00 0
0.0000000000000000e+00 8.9999999999998903e-01 3.6449349816149961e+00 0
0.0000000000000000e+00 8.9999999999998903e-01 3.8740322778141207e+00 0
0.0000000000000000e+00 8.9999999999998903e-01 4.0929857179315654e+00 0
0.0000000000000000e+00 8.9999999999998903e-01 4.2557434077070297e+00 0
0.0000000000000000e+00 8.9999999999998903e-01 4.3867514650906303e+00 0
0.0000000000000000e+00 8.9999999999998903e-01 4.4994897821772408e+00 0
0.0000000000000000e+00 8.9999999999998903e-01 4.5999339713985066e+00 0
0.0000000000000000e+00 8.9999999999998903e-01 4.6915506547061723e+00 0
0.0000000000000000e+00 8.9999999999998903e-01 4.7760428825918355e+00 0
0.0000000000000000e+00 8.9999999999998903e-01 4.8549965148031129e+00 0
0.0000000000000000e+00 8.9999999999998903e-01 4.9293391219597193e+00 0
0.0000000000000000e+00 8.9999999999998903e-01 5.0000000000000000e+00 0
0.0000000000000000e+00 8.4999999999998355e-01 7.0343017578125000e-02 0
0.0000000000000000e+00 8.4999999999998355e-01 1.4481140766292810e-01 0
0.0000000000000000e+00 8.4999999999998355e-01 2.2378526995893822e-01 0
0.0000000000000000e+00 8.4999999999998355e-01 3.0817944502893868e-01 0
0.0000000000000000e+00 8.4999999999998355e-01 3.9967338224288235e-01 0
0.0000000000000000e+00 8.4999999999998355e-01 5.0005282351779501e-01 0
0.0000000000000000e+00 8.4999999999998355e-01 6.1252403743194694e-01 0
0.0000000000000000e+00 8.4999999999998355e-01 7.4333958966061475e-01 0
0.0000000000000000e+00 8.4999999999998355e-01 9.0584820090739748e-01 0
0.0000000000000000e+00 8.4999999999998355e-01 1.1244994963301287e+00 0
0.0000000000000000e+00 8.4999999999998355e-01 1.3537084799761314e+00 0
0.0000000000000000e+00 8.4999999999998355e-01 1.5827144598409117e+00 0
0.0000000000000000e+00 8.4999999999998355e-01 1.8119378978679406e+00 0
0.0000000000000000e+00 8.4999999999998355e-01 2.0409631111375592e+00 0
0.0000000000000000e+00 8.4999999999998355e-01 2.2701512100124641e+00 0
0.0000000000000000e+00 8.4999999999998355e-01 2.4992492377366382e+00 0
0.0000000000000000e+00 8.4999999999998355e-01 2.7283524417257317e+00 0
0.0000000000000000e+00 8.4999999999998355e-01 2.9575414928626560e+00 0
0.0000000000000000e+00 8.4999999999998355e-01 3.1866698336901971e+00 0
0.0000000000000000e+00 8.4999999999998355e-01 3.4157709960596616e+00 0
0.0000000000000000e+00 8.4999999999998355e-01 3.6449349816149961e+00 0
0.0000000000000000e+00 8.4999999999998355e-01 3.8740322778141207e+00 0
0.0000000000000000e+00 8.4999999999998355e-01 4.0929857179315654e+00 0
0.0000000000000000e+00 8.4999999999998355e-01 4.2557434077070297e+00 0
0.0000000000000000e+00 8.4999999999998355e-01 4.3867514650906303e+00 0
0.0000000000000000e+00 8.4999999999998355e-01 4.4994897821772408e+00 0
0.0000000000000000e+00 8.4999999999998355e-01 4.5999339713985066e+00 0
0.0000000000000000e+00 8.4999999999998355e-01 4.6915506547061723e+00 0
0.0000000000000000e+00 8.4999999999998355e-01 4.7760428825918355e+00 0
0.0000000000000000e+00 8.4999999999998355e-01 4.8549965148031129e+00 0
0.0000000000000000e+00 8.4999999999998355e-01 4.9293391219597193e+00 0
0.0000000000000000e+00 8.4999999999998355e-01 5.0000000000000000e+00 0
9.5000000000000040e-01 0.0000000000000000e+00 7.0343017578125000e-02 0
9.5000000000000040e-01 0.0000000000000000e+00 1.4481140766292810e-01 0
9.5000000000000040e-01 0.0000000000000000e+00 2.2378526995893822e-01 0
9.5000000000000040e-01 0.0000000000000000e+00 3.0817944502893868e-01 0
9.5000000000000040e-01 0.0000000000000000e+00 3.9967338224288235e-01 0
9.5000000000000040e-01 0.0000000000000000e+00 5.0005282351779501e-01 0
9.5000000000000040e-01 0.0000000000000000e+00 6.1252403743194694e-01 0
9.5000000000000040e-01 0.0000000000000000e+00 7.4333958966061475e-01 0
9.5000000000000040e-01 0.0000000000000000e+00 9.0584820090739748e-01 0
9.5000000000000040e-01 0.0000000000000000e+00 1.1244994963301287e+00 0
9.5000000000000040e-01 0.0000000000000000e+00 1.3537084799761314e+00 0
9.5000000000000040e-01 0.0000000000000000e+00 1.5827144598409117e+00 0
9.5000000000000040e-01 0.0000000000000000e+00 1.8119378978679406e+00 0
9.5000000000000040e-01 0.0000000000000000e+00 2.0409631111375592e+00 0
9.5000000000000040e-01 0.0000000000000000e+00 2.2701512100124641e+00 0
9.5000000000000040e-01 0.0000000000000000e+00 2.4992492377366382e+00 0
9.5000000000000040e-01 0.0000000000000000e+00 2.7283524417257317e+00 0
9.5000000000000040e-01 0.0000000000000000e+00 2.9575414928626560e+00 0
9.5000000000000040e-01 0.0000000000000000e+00 3.1866698336901971e+00 0
9.5000000000000040e-01 0.0000000000000000e+00 3.4157709960596616e+00 0
9.5000000000000040e-01 0.0000000000000000e+00 3.6449349816149961e+00 0
9.5000000000000040e-01 0.0000000000000000e+00 3.8740322778141207e+00 0
9.5000000000000040e-01 0.0000000000000000e+00 4.0929857179315654e+00 0
9.5000000000000040e-01 0.0000000000000000e+00 4.2557434077070297e+00 0
9.5000000000000040e-01 0.0000000000000000e+00 4.3867514650906303e+00 0
9.5000000000000040e-01 0.0000000000000000e+00 4.4994897821772408e+00 0
9.5000000000000040e-01 0.0000000000000000e+00 4.5999339713985066e+00 0
9.5000000000000040e-01 0.0000000000000000e+00 4.6915506547061723e+00 0
9.5000000000000040e-01 0.0000000000000000e+00 4.7760428825918355e+00 0
9.5000000000000040e-01 0.0000000000000000e+00 4.8549965148031129e+00 0
9.5000000000000040e-01 0.0000000000000000e+00 4.9293391219597193e+00 0
9.5000000000000040e-01 0.0000000000000000e+00 5.0000000000000000e+00 0
9.0000000000000080e-01 0.0000000000000000e+00 7.0343017578125000e-02 0
9.0000000000000080e-01 0.0000000000000000e+00 1.4481140766292810e-01 0
9.0000000000000080e-01 0.0000000000000000e+00 2.2378526995893822e-01 0
9.0000000000000080e-01 0.0000000000000000e+00 3.0817944502893868e-01 0
9.0000000000000080e-01 0.0000000000000000e+00 3.9967338224288235e-01 0
9.0000000000000080e-01 0.0000000000000000e+00 5.0005282351779501e-01 0
9.0000000000000080e-01 0.0000000000000000e+00 6.1252403743194694e-01 0
9.0000000000000080e-01 0.0000000000000000e+00 7.4333958966061475e-01 0
9.0000000000000080e-01 0.0000000000000000e+00 9.0584820090739748e-01 0
9.0000000000000080e-01 0.0000000000000000e+00 1.1244994963301287e+00 0
9.0000000000000080e-01 0.0000000000000000e+00 1.3537084799761314e+00 0
9.0000000000000080e-01 0.0000000000000000e+00 1.5827144598409117e+00 0
9.0000000000000080e-01 0.0000000000000000e+00 1.8119378978679406e+00 0
9.0000000000000080e-01 0.0000000000000000e+00 2.0409631111375592e+00 0
9.0000000000000080e-01 0.0000000000000000e+00 2.2701512100124641e+00 0
9.0000000000000080e-01 0.0000000000000000e+00 2.4992492377366382e+00 0
9.0000000000000080e-01 0.0000000000000000e+00 2.7283524417257317e+00 0
9.0000000000000080e-01 0.0000000000000000e+00 2.9575414928626560e+00 0
9.0000000000000080e-01 0.0000000000000000e+00 3.1866698336901971e+00 0
9.0000000000000080e-01 0.0000000000000000e+00 3.4157709960596616e+00 0
9.0000000000000080e-01 0.0000000000000000e+00 3.6449349816149961e+00 0
9.0000000000000080e-01 0.0000000000000000e+00 3.8740322778141207e+00 0
9.0000000000000080e-01 0.0000000000000000e+00 4.0929857179315654e+00 0
9.0000000000000080e-01 0.0000000000000000e+00 4.2557434077070297e+00 0
9.0000000000000080e-01 0.0000000000000000e+00 4.3867514650906303e+00 0
9.0000000000000080e-01 0.0000000000000000e+00 4.4994897821772408e+00 0
9.0000000000000080e-01 0.0000000000000000e+00 4.5999339713985066e+00 0
9.0000000000000080e-01 0.0000000000000000e+00 4.6915506547061723e+00 0
9.0000000000000080e-01 0.0000000000000000e+00 4.7760428825918355e+00 0
9.0000000000000080e-01 0.0000000000000000e+00 4.8549965148031129e+00 0
9.0000000000000080e-01 0.0000000000000000e+00 4.9293391219597193e+00 0
9.0000000000000080e-01 0.0000000000000000e+00 5.0000000000000000e+00 0
8.5000000000000109e-01 0.0000000000000000e+00 7.0343017578125000e-02 0
8.5000000000000109e-01 0.0000000000000000e+00 1.4481140766292810e-01 0
8.5000000000000109e-01 0.0000000000000000e+00 2.2378526995893822e-01 0
8.5000000000000109e-01 0.0000000000000000e+00 3.0817944502893868e-01 0
8.5000000000000109e-01 0.0000000000000000e+00 3.9967338224288235e-01 0
8.5000000000000109e-01 0.0000000000000000e+00 5.0005282351779501e-01 0
8.5000000000000109e-01 0.0000000000000000e+00 6.1252403743194694e-01 0
8.5000000000000109e-01 0.0000000000000000e+00 7.4333958966061475e-01 0
8.5000000000000109e-01 0.0000000000000000e+00 9.0584820090739748e-01 0
8.5000000000000109e-01 0.0000000000000000e+00 1.1244994963301287e+00 0
8.5000000000000109e-01 0.0000000000000000e+00 1.3537084799761314e+00 0
8.5000000000000109e-01 0.0000000000000000e+00 1.5827144598409117e+00 0
8.5000000000000109e-01 0.0000000000000000e+00 1.8119378978679406e+00 0
8.5000000000000109e-01 0.0000000000000000e+00 2.0409631111375592e+00 0
8.5000000000000109e-01 0.0000000000000000e+00 2.2701512100124641e+00 0
8.5000000000000109e-01 0.0000000000000000e+00 2.4992492377366382e+00 0
8.5000000000000109e-01 0.0000000000000000e+00 2.7283524417257317e+00 0
8.5000000000000109e-01 0.0000000000000000e+00 2.9575414928626560e+00 0
8.5000000000000109e-01 0.0000000000000000e+00 3.1866698336901971e+00 0
8.5000000000000109e-01 0.0000000000000000e+00 3.4157709960596616e+00 0
8.5000000000000109e-01 0.0000000000000000e+00 3.6449349816149961e+00 0
8.5000000000000109e-01 0.0000000000000000e+00 3.8740322778141207e+00 0
8.5000000000000109e-01 0.0000000000000000e+00 4.0929857179315654e+00 0
8.5000000000000109e-01 0.0000000000000000e+00 4.2557434077070297e+00 0
8.5000000000000109e-01 0.0000000000000000e+00 4.3867514650906303e+00 0
8.5000000000000109e-01 0.0000000000000000e+00 4.4994897821772408e+00 0
8.5000000000000109e-01 0.0000000000000000e+00 4.5999339713985066e+00 0
8.5000000000000109e-01 0.0000000000000000e+00 4.6915506547061723e+00 0
8.5000000000000109e-01 0.0000000000000000e+00 4.7760428825918355e+00 0
8.5000000000000109e-01 0.0000000000000000e+00 4.8549965148031129e+00 0
8.5000000000000109e-01 0.0000000000000000e+00 4.9293391219597193e+00 0
8.5000000000000109e-01 0.0000000000000000e+00 5.0000000000000000e+00 0
9.3174601638306942e-01 1.8533580591532139e-01 7.0343017578125000e-02 0
9.3174601638306942e-01 1.8533580591532139e-01 1.4481140766292810e-01 0
9.3174601638306942e-01 1.8533580591532139e-01 2.2378526995893822e-01 0
9.3174601638306942e-01 1.8533580591532139e-01 3.0817944502893868e-01 0
9.3174601638306942e-01 1.8533580591532139e-01 3.9967338224288235e-01 0
9.3174601638306942e-01 1.8533580591532139e-01 5.0005282351779501e-01 0
9.3174601638306942e-01 1.8533580591532139e-01 6.1252403743194694e-01 0
9.3174601638306942e-01 1.8533580591532139e-01 7.4333958966061475e-01 0
9.3174601638306942e-01 1.8533580591532139e-01 9.0584820090739748e-01 0
9.3174601638306942e-01 1.8533580591532139e-01 1.1244994963301287e+00 0
9.3174601638306942e-01 1.8533580591532139e-01 1.3537084799761314e+00 0
9.3174601638306942e-01 1.8533580591532139e-01 1.5827144598409117e+00 0
9.3174601638306942e-01 1.8533580591532139e-01 1.8119378978679406e+00 0
9.3174601638306942e-01 1.8533580591532139e-01 2.0409631111375592e+00 0
9.3174601638306942e-01 1.8533580591532139e-01 2.2701512100124641e+00 0
9.3174601638306942e-01 1.8533580591532139e-01 2.4992492377366382e+00 0
9.3174601638306942e-01 1.8533580591532139e-01 2.7283524417257317e+00 0
9.3174601638306942e-01 1.8533580591532139e-01 2.9575414928626560e+00 0
9.3174601638306942e-01 1.8533580591532139e-01 3.1866698336901971e+00 0
9.3174601638306942e-01 1.8533580591532139e-01 3.4157709960596616e+00 0
9.3174601638306942e-01 1.8533580591532139e-01 3.6449349816149961e+00 0
9.3174601638306942e-01 1.8533580591532139e-01 3.8740322778141207e+00 0
9.3174601638306942e-01 1.8533580591532139e-01 4.0929857179315654e+00 0
9.3174601638306942e-01 1.8533580591532139e-01 4.2557434077070297e+00 0
9.3174601638306942e-01 1.8533580591532139e-01 4.3867514650906303e+00 0
9.3174601638306942e-01 1.8533580591532139e-01 4.4994897821772408e+00 0
9.3174601638306942e-01 1.8533580591532139e-01 4.5999339713985066e+00 0
9.3174601638306942e-01 1.8533580591532139e-01 4.6915506547061723e+00 0
9.3174601638306942e-01 1.8533580591532139e-01 4.7760428825918355e+00 0
9.3174601638306942e-01 1.8533580591532139e-01 4.8549965148031129e+00 0
9.3174601638306942e-01 1.8533580591532139e-01 4.9293391219597193e+00 0
9.3174601638306942e-01 1.8533580591532139e-01 5.0000000000000000e+00 0
8.7768555588572172e-01 3.6354926074683469e-01 7.0343017578125000e-02 0
8.7768555588572172e-01 3.6354926074683469e-01 1.4481140766292810e-01 0
8.7768555588572172e-01 3.6354926074683469e-01 2.2378526995893822e-01 0
8.7768555588572172e-01 3.6354926074683469e-01 3.0817944502893868e-01 0
8.7768555588572172e-01 3.6354926074683469e-01 3.9967338224288235e-01 0
8.7768555588572172e-01 3.6354926074683469e-01 5.0005282351779501e-01 0
8.7768555588572172e-01 3.6354926074683469e-01 6.1252403743194694e-01 0
8.7768555588572172e-01 3.6354926074683469e-01 7.4333958966061475e-01 0
8.7768555588572172e-01 3.6354926074683469e-01 9.0584820090739748e-01 0
8.7768555588572172e-01 3.6354926074683469e-01 1.1244994963301287e+00 0
8.7768555588572172e-01 3.6354926074683469e-01 1.3537084799761314e+00 0
8.7768555588572172e-01 3.6354926074683469e-01 1.5827144598409117e+00 0
8.7768555588572172e-01 3.6354926074683469e-01 1.8119378978679406e+00 0
8.7768555588572172e-01 3.6354926074683469e-01 2.0409631111375592e+00 0
8.7768555588572172e-01 3.6354926074683469e-01 2.2701512100124641e+00 0
8.7768555588572172e-01 3.6354926074683469e-01 2.4992492377366382e+00 0
8.7768555588572172e-01 3.6354926074683469e-01 2.7283524417257317e+00 0
8.7768555588572172e-01 3.6354926074683469e-01 2.9575414928626560e+00 0
8.7768555588572172e-01 3.6354926074683469e-01 3.1866698336901971e+00 0
8.7768555588572172e-01 3.6354926074683469e-01 3.4157709960596616e+00 0
8.7768555588572172e-01 3.6354926074683469e-01 3.6449349816149961e+00 0
8.7768555588572172e-01 3.6354926074683469e-01 3.8740322778141207e+00 0
8.7768555588572172e-01 3.6354926074683469e-01 4.0929857179315654e+00 0
8.7768555588572172e-01 3.6354926074683469e-01 4.2557434077070297e+00 0
8.7768555588572172e-01 3.6354926074683469e-01 4.3867514650906303e+00 0
8.7768555588572172e-01 3.6354926074683469e-01 4.4994897821772408e+00 0
8.7768555588572172e-01 3.6354926074683469e-01 4.5999339713985066e+00 0
8.7768555588572172e-01 3.6354926074683469e-01 4.6915506547061723e+00 0
8.7768555588572172e-01 3.6354926074683469e-01 4.7760428825918355e+00 0
8.7768555588572172e-01 3.6354926074683469e-01 4.8549965148031129e+00 0
8.7768555588572172e-01 3.6354926074683469e-01 4.9293391219597193e+00 0
8.7768555588572172e-01 3.6354926074683469e-01 5.0000000000000000e+00 0
7.8989613168741590e-01 5.2779172136862063e-01 7.0343017578125000e-02 0
7.8989613168741590e-01 5.2779172136862063e-01 1.4481140766292810e-01 0
7.8989613168741590e-01 5.2779172136862063e-01 2.2378526995893822e-01 0
7.8989613168741590e-01 5.2779172136862063e-01 3.0817944502893868e-01 0
7.8989613168741590e-01 5.2779172136862063e-01 3.9967338224288235e-01 0
7.8989613168741590e-01 5.2779172136862063e-01 5.0005282351779501e-01 0
7.8989613168741590e-01 5.2779172136862063e-01 6.1252403743194694e-01 0
7.8989613168741590e-01 5.2779172136862063e-01 7.4333958966061475e-01 0
7.8989613168741590e-01 5.2779172136862063e-01 9.0584820090739748e-01 0
7.8989613168741590e-01 5.2779172136862063e-01 1.1244994963301287e+00 0
7.8989613168741590e-01 5.2779172136862063e-01 1.3537084799761314e+00 0
7.8989613168741590e-01 5.2779172136862063e-01 1.5827144598409117e+00 0
7.8989613168741590e-01 5.2779172136862063e-01 1.8119378978679406e+00 0
7.8989613168741590e-01 5.2779172136862063e-01 2.0409631111375592e+00 0
7.8989613168741590e-01 5.2779172136862063e-01 2.2701512100124641e+00 0
7.8989613168741590e-01 5.2779172136862063e-01 2.4992492377366382e+00 0
7.8989613168741590e-01 5.2779172136862063e-01 2.7283524417257317e+00 0
7.8989613168741590e-01 5.2779172136862063e-01 2.9575414928626560e+00 0
7.8989613168741590e-01 5.2779172136862063e-01 3.1866698336901971e+00 0
7.8989613168741590e-01 5.2779172136862063e-01 3.4157709960596616e+00 0
7.8989613168741590e-01 5.2779172136862063e-01 3.6449349816149961e+00 0
7.8989613168741590e-01 5.2779172136862063e-01 3.8740322778141207e+00 0
7.8989613168741590e-01 5.2779172136862063e-01 4.0929857179315654e+00 0
7.8989613168741590e-01 5.2779172136862063e-01 4.2557434077070297e+00 0
7.8989613168741590e-01 5.2779172136862063e-01 4.3867514650906303e+00 0
7.8989613168741590e-01 5.2779172136862063e-01 4.4994897821772408e+00 0
7.8989613168741590e-01 5.2779172136862063e-01 4.5999339713985066e+00 0
7.8989613168741590e-01 5.2779172136862063e-01 4.6915506547061723e+00 0
7.8989613168741590e-01 5.2779172136862063e-01 4.7760428825918355e+00 0
7.8989613168741590e-01 5.2779172136862063e-01 4.8549965148031129e+00 0
7.8989613168741590e-01 5.2779172136862063e-01 4.9293391219597193e+00 0
7.8989613168741590e-01 5.2779172136862063e-01 5.0000000000000000e+00 0
6.7175144212722138e-01 6.7175144212722149e-01 7.0343017578125000e-02 0
6.7175144212722138e-01 6.7175144212722149e-01 1.4481140766292810e-01 0
6.7175144212722138e-01 6.7175144212722149e-01 2.2378526995893822e-01 0
6.7175144212722138e-01 6.7175144212722149e-01 3.0817944502893868e-01 0
6.7175144212722138e-01 6.7175144212722149e-01 3.9967338224288235e-01 0
6.7175144212722138e-01 6.7175144212722149e-01 5.0005282351779501e-01 0
6.7175144212722138e-01 6.7175144212722149e-01 6.1252403743194694e-01 0
6.7175144212722138e-01 6.7175144212722149e-01 7.4333958966061475e-01 0
6.7175144212722138e-01 6.7175144212722149e-01 9.0584820090739748e-01 0
6.7175144212722138e-01 6.7175144212722149e-01 1.1244994963301287e+00 0
6.7175144212722138e-01 6.7175144212722149e-01 1.3537084799761314e+00 0
6.7175144212722138e-01 6.7175144212722149e-01 1.5827144598409117e+00 0
6.7175144212722138e-01 6.7175144212722149e-01 1.8119378978679406e+00 0
6.7175144212722138e-01 6.7175144212722149e-01 2.0409631111375592e+00 0
6.7175144212722138e-01 6.7175144212722149e-01 2.2701512100124641e+00 0
6.7175144212722138e-01 6.7175144212722149e-01 2.4992492377366382e+00 0
6.7175144212722138e-01 6.7175144212722149e-01 2.7283524417257317e+00 0
6.7175144212722138e-01 6.7175144212722149e-01 2.9575414928626560e+00 0
6.7175144212722138e-01 6.7175144212722149e-01 3.1866698336901971e+00 0
6.7175144212722138e-01 6.7175144212722149e-01 3.4157709960596616e+00 0
6.7175144212722138e-01 6.7175144212722149e-01 3.6449349816149961e+00 0
6.7175144212722138e-01 6.7175144212722149e-01 3.8740322778141207e+00 0
6.7175144212722138e-01 6.7175144212722149e-01 4.0929857179315654e+00 0
6.7175144212722138e-01 6.7175144212722149e-01 4.2557434077070297e+00 0
6.7175144212722138e-01 6.7175144212722149e-01 4.3867514650906303e+00 0
6.7175144212722138e-01 6.7175144212722149e-01 4.4994897821772408e+00 0
6.7175144212722138e-01 6.7175144212722149e-01 4.5999339713985066e+00 0
6.7175144212722138e-01 6.7175144212722149e-01 4.6915506547061723e+00 0
6.7175144212722138e-01 6.7175144212722149e-01 4.7760428825918355e+00 0
6.7175144212722138e-01 6.7175144212722149e-01 4.8549965148031129e+00 0
6.7175144212722138e-01 6.7175144212722149e-01 4.9293391219597193e+00 0
6.7175144212722138e-01 6.7175144212722149e-01 5.0000000000000000e+00 0
5.2779172136862040e-01 7.8989613168741601e-01 7.0343017578125000e-02 0
5.2779172136862040e-01 7.8989613168741601e-01 1.4481140766292810e-01 0
5.2779172136862040e-01 7.8989613168741601e-01 2.2378526995893822e-01 0
5.2779172136862040e-01 7.8989613168741601e-01 3.0817944502893868e-01 0
5.2779172136862040e-01 7.8989613168741601e-01 3.9967338224288235e-01 0
5.2779172136862040e-01 7.8989613168741601e-01 5.0005282351779501e-01 0
5.2779172136862040e-01 7.8989613168741601e-01 6.1252403743194694e-01 0
5.2779172136862040e-01 7.8989613168741601e-01 7.4333958966061475e-01 0
5.2779172136862040e-01 7.8989613168741601e-01 9.0584820090739748e-01 0
5.2779172136862040e-01 7.8989613168741601e-01 1.1244994963301287e+00 0
5.2779172136862040e-01 7.8989613168741601e-01 1.3537084799761314e+00 0
5.2779172136862040e-01 7.8989613168741601e-01 1.5827144598409117e+00 0
5.2779172136862040e-01 7.8989613168741601e-01 1.8119378978679406e+00 0
5.2779172136862040e-01 7.8989613168741601e-01 2.0409631111375592e+00 0
5.2779172136862040e-01 7.8989613168741601e-01 2.2701512100124641e+00 0
5.2779172136862040e-01 7.8989613168741601e-01 2.4992492377366382e+00 0
5.2779172136862040e-01 7.8989613168741601e-01 2.7283524417257317e+00 0
5.2779172136862040e-01 7.8989613168741601e-01 2.9575414928626560e+00 0
5.2779172136862040e-01 7.8989613168741601e-01 3.1866698336901971e+00 0
5.2779172136862040e-01 7.8989613168741601e-01 3.4157709960596616e+00 0
5.2779172136862040e-01 7.8989613168741601e-01 3.6449349816149961e+00 0
5.2779172136862040e-01 7.8989613168741601e-01 3.8740322778141207e+00 0
5.2779172136862040e-01 7.8989613168741601e-01 4.0929857179315654e+00 0
5.2779172136862040e-01 7.8989613168741601e-01 4.2557434077070297e+00 0
5.2779172136862040e-01 7.8989613168741601e-01 4.3867514650906303e+00 0
5.2779172136862040e-01 7.8989613168741601e-01 4.4994897821772408e+00 0
5.2779172136862040e-01 7.8989613168741601e-01 4.5999339713985066e+00 0
5.2779172136862040e-01 7.8989613168741601e-01 4.6915506547061723e+00 0
5.2779172136862040e-01 7.8989613168741601e-01 4.7760428825918355e+00 0
5.2779172136862040e-01 7.8989613168741601e-01 4.8549965148031129e+00 0
5.2779172136862040e-01 7.8989613168741601e-01 4.9293391219597193e+00 0
5.2779172136862040e-01 7.8989613168741601e-01 5.0000000000000000e+00 0
3.6354926074683497e-01 8.7768555588572172e-01 7.0343017578125000e-02 0
3.6354926074683497e-01 8.7768555588572172e-01 1.4481140766292810e-01 0
3.6354926074683497e-01 8.7768555588572172e-01 2.2378526995893822e-01 0
3.6354926074683497e-01 8.7768555588572172e-01 3.0817944502893868e-01 0
3.6354926074683497e-01 8.7768555588572172e-01 3.9967338224288235e-01 0
3.6354926074683497e-01 8.7768555588572172e-01 5.0005282351779501e-01 0
3.6354926074683497e-01 8.7768555588572172e-01 6.1252403743194694e-01 0
3.6354926074683497e-01 8.7768555588572172e-01 7.4333958966061475e-01 0
3.6354926074683497e-01 8.7768555588572172e-01 9.0584820090739748e-01 0
3.6354926074683497e-01 8.7768555588572172e-01 1.1244994963301287e+00 0
3.6354926074683497e-01 8.7768555588572172e-01 1.3537084799761314e+00 0
3.6354926074683497e-01 8.7768555588572172e-01 1.5827144598409117e+00 0
3.6354926074683497e-01 8.7768555588572172e-01 1.8119378978679406e+00 0
3.6354926074683497e-01 8.7768555588572172e-01 2.0409631111375592e+00 0
3.6354926074683497e-01 8.7768555588572172e-01 2.2701512100124641e+00 0
3.6354926074683497e-01 8.7768555588572172e-01 2.4992492377366382e+00 0
3.6354926074683497e-01 8.7768555588572172e-01 2.7283524417257317e+00 0
3.6354926074683497e-01 8.7768555588572172e-01 2.9575414928626560e+00 0
3.6354926074683497e-01 8.7768555588572172e-01 3.1866698336901971e+00 0
3.6354926074683497e-01 8.7768555588572172e-01 3.4157709960596616e+00 0
3.6354926074683497e-01 8.7768555588572172e-01 3.6449349816149961e+00 0
3.6354926074683497e-01 8.7768555588572172e-01 3.8740322778141207e+00 0
3.6354926074683497e-01 8.7768555588572172e-01 4.0929857179315654e+00 0
3.6354926074683497e-01 8.7768555588572172e-01 4.2557434077070297e+00 0
3.6354926074683497e-01 8.7768555588572172e-01 4.3867514650906303e+00 0
3.6354926074683497e-01 8.7768555588572172e-01 4.4994897821772408e+00 0
3.6354926074683497e-01 8.7768555588572172e-01 4.5999339713985066e+00 0
3.6354926074683497e-01 8.7768555588572172e-01 4.6915506547061723e+00 0
3.6354926074683497e-01 8.7768555588572172e-01 4.7760428825918355e+00 0
3.6354926074683497e-01 8.7768555588572172e-01 4.8549965148031129e+00 0
3.6354926074683497e-01 8.7768555588572172e-01 4.9293391219597193e+00 0
3.6354926074683497e-01 8.7768555588572172e-01 5.0000000000000000e+00 0
1.8533580591532184e-01 9.3174601638306931e-01 7.0343017578125000e-02 0
1.8533580591532184e-01 9.3174601638306931e-01 1.4481140766292810e-01 0
1.8533580591532184e-01 9.3174601638306931e-01 2.2378526995893822e-01 0
1.8533580591532184e-01 9.3174601638306931e-01 3.0817944502893868e-01 0
1.8533580591532184e-01 9.3174601638306931e-01 3.9967338224288235e-01 0
1.8533580591532184e-01 9.3174601638306931e-01 5.0005282351779501e-01 0
1.8533580591532184e-01 9.3174601638306931e-01 6.1252403743194694e-01 0
1.8533580591532184e-01 9.3174601638306931e-01 7.4333958966061475e-01 0
1.8533580591532184e-01 9.3174601638306931e-01 9.0584820090739748e-01 0
1.8533580591532184e-01 9.3174601638306931e-01 1.1244994963301287e+00 0
1.8533580591532184e-01 9.3174601638306931e-01 1.3537084799761314e+00 0
1.8533580591532184e-01 9.3174601638306931e-01 1.5827144598409117e+00 0
1.8533580591532184e-01 9.3174601638306931e-01 1.8119378978679406e+00 0
1.8533580591532184e-01 9.3174601638306931e-01 2.0409631111375592e+00 0
1.8533580591532184e-01 9.3174601638306931e-01 2.2701512100124641e+00 0
1.8533580591532184e-01 9.3174601638306931e-01 2.4992492377366382e+00 0
1.8533580591532184e-01 9.3174601638306931e-01 2.7283524417257317e+00 0
1.8533580591532184e-01 9.3174601638306931e-01 2.9575414928626560e+00 0
1.8533580591532184e-01 9.3174601638306931e-01 3.1866698336901971e+00 0
1.8533580591532184e-01 9.3174601638306931e-01 3.4157709960596616e+00 0
1.8533580591532184e-01 9.3174601638306931e-01 3.6449349816149961e+00 0
1.8533580591532184e-01 9.3174601638306931e-01 3.8740322778141207e+00 0
1.8533580591532184e-01 9.3174601638306931e-01 4.0929857179315654e+00 0
1.8533580591532184e-01 9.3174601638306931e-01 4.2557434077070297e+00 0
1.8533580591532184e-01 9.3174601638306931e-01 4.3867514650906303e+00 0
1.8533580591532184e-01 9.3174601638306931e-01 4.4994897821772408e+00 0
1.8533580591532184e-01 9.3174601638306931e-01 4.5999339713985066e+00 0
1.8533580591532184e-01 9.3174601638306931e-01 4.6915506547061723e+00 0
1.8533580591532184e-01 9.3174601638306931e-01 4.7760428825918355e+00 0
1.8533580591532184e-01 9.3174601638306931e-01 4.8549965148031129e+00 0
1.8533580591532184e-01 9.3174601638306931e-01 4.9293391219597193e+00 0
1.8533580591532184e-01 9.3174601638306931e-01 5.0000000000000000e+00 0
8.8270675236290819e-01 1.7558128981451510e-01 7.0343017578125000e-02 0
8.8270675236290819e-01 1.7558128981451510e-01 1.4481140766292810e-01 0
8.8270675236290819e-01 1.7558128981451510e-01 2.2378526995893822e-01 0
8.8270675236290819e-01 1.7558128981451510e-01 3.0817944502893868e-01 0
8.8270675236290819e-01 1.7558128981451510e-01 3.9967338224288235e-01 0
8.8270675236290819e-01 1.7558128981451510e-01 5.0005282351779501e-01 0
8.8270675236290819e-01 1.7558128981451510e-01 6.1252403743194694e-01 0
8.8270675236290819e-01 1.7558128981451510e-01 7.4333958966061475e-01 0
8.8270675236290819e-01 1.7558128981451510e-01 9.0584820090739748e-01 0
8.8270675236290819e-01 1.7558128981451510e-01 1.1244994963301287e+00 0
8.8270675236290819e-01 1.7558128981451510e-01 1.3537084799761314e+00 0
8.8270675236290819e-01 1.7558128981451510e-01 1.5827144598409117e+00 0
8.8270675236290819e-01 1.7558128981451510e-01 1.8119378978679406e+00 0
8.8270675236290819e-01 1.7558128981451510e-01 2.0409631111375592e+00 0
8.8270675236290819e-01 1.7558128981451510e-01 2.2701512100124641e+00 0
8.8270675236290819e-01 1.7558128981451510e-01 2.4992492377366382e+00 0
8.8270675236290819e-01 1.7558128981451510e-01 2.7283524417257317e+00 0
8.8270675236290819e-01 1.7558128981451510e-01 2.9575414928626560e+00 0
8.8270675236290819e-01 1.7558128981451510e-01 3.1866698336901971e+00 0
8.8270675236290819e-01 1.7558128981451510e-01 3.4157709960596616e+00 0
8.8270675236290819e-01 1.7558128981451510e-01 3.6449349816149961e+00 0
8.8270675236290819e-01 1.7558128981451510e-01 3.8740322778141207e+00 0
8.8270675236290819e-01 1.7558128981451510e-01 4.0929857179315654e+00 0
8.8270675236290819e-01 1.7558128981451510e-01 4.2557434077070297e+00 0
8.8270675236290819e-01 1.7558128981451510e-01 4.3867514650906303e+00 0
8.8270675236290819e-01 1.7558128981451510e-01 4.4994897821772408e+00 0
8.8270675236290819e-01 1.7558128981451510e-01 4.5999339713985066e+00 0
8.8270675236290819e-01 1.7558128981451510e-01 4.6915506547061723e+00 0
8.8270675236290819e-01 1.7558128981451510e-01 4.7760428825918355e+00 0
8.8270675236290819e-01 1.7558128981451510e-01 4.8549965148031129e+00 0
8.8270675236290819e-01 1.7558128981451510e-01 4.9293391219597193e+00 0
8.8270675236290819e-01 1.7558128981451510e-01 5.0000000000000000e+00 0
8.3149157926015671e-01 3.4441508912857993e-01 7.0343017578125000e-02 0
8.3149157926015671e-01 3.4441508912857993e-01 1.4481140766292810e-01 0
8.3149157926015671e-01 3.4441508912857993e-01 2.2378526995893822e-01 0
8.3149157926015671e-01 3.4441508912857993e-01 3.0817944502893868e-01 0
8.3149157926015671e-01 3.4441508912857993e-01 3.9967338224288235e-01 0
8.3149157926015671e-01 3.4441508912857993e-01 5.0005282351779501e-01 0
8.3149157926015671e-01 3.4441508912857993e-01 6.1252403743194694e-01 0
8.3149157926015671e-01 3.4441508912857993e-01 7.4333958966061475e-01 0
8.3149157926015671e-01 3.4441508912857993e-01 9.0584820090739748e-01 0
8.3149157926015671e-01 3.4441508912857993e-01 1.1244994963301287e+00 0
8.3149157926015671e-01 3.4441508912857993e-01 1.3537084799761314e+00 0
8.3149157926015671e-01 3.4441508912857993e-01 1.5827144598409117e+00 0
8.3149157926015671e-01 3.4441508912857993e-01 1.8119378978679406e+00 0
8.3149157926015671e-01 3.4441508912857993e-01 2.0409631111375592e+00 0
8.3149157926015671e-01 3.4441508912857993e-01 2.2701512100124641e+00 0
8.3149157926015671e-01 3.4441508912857993e-01 2.4992492377366382e+00 0
8.3149157926015671e-01 3.4441508912857993e-01 2.7283524417257317e+00 0
8.3149157926015671e-01 3.4441508912857993e-01 2.9575414928626560e+00 0
8.3149157926015671e-01 3.4441508912857993e-01 3.1866698336901971e+00 0
8.3149157926015671e-01 3.4441508912857993e-01 3.4157709960596616e+00 0
8.3149157926015671e-01 3.4441508912857993e-01 3.6449349816149961e+00 0
8.3149157926015671e-01 3.4441508912857993e-01 3.8740322778141207e+00 0
8.3149157926015671e-01 3.4441508912857993e-01 4.0929857179315654e+00 0
8.3149157926015671e-01 3.4441508912857993e-01 4.2557434077070297e+00 0
8.3149157926015671e-01 3.4441508912857993e-01 4.3867514650906303e+00 0
8.3149157926015671e-01 3.4441508912857993e-01 4.4994897821772408e+00 0
8.3149157926015671e-01 3.4441508912857993e-01 4.5999339713985066e+00 0
8.3149157926015671e-01 3.4441508912857993e-01 4.6915506547061723e+00 0
8.3149157926015671e-01 3.4441508912857993e-01 4.7760428825918355e+00 0
8.3149157926015671e-01 3.4441508912857993e-01 4.8549965148031129e+00 0
8.3149157926015671e-01 3.4441508912857993e-01 4.9293391219597193e+00 0
8.3149157926015671e-01 3.4441508912857993e-01 5.0000000000000000e+00 0
7.4832265107228646e-01 5.0001320971763907e-01 7.0343017578125000e-02 0
7.4832265107228646e-01 5.0001320971763907e-01 1.4481140766292810e-01 0
7.4832265107228646e-01 5.0001320971763907e-01 2.2378526995893822e-01 0
7.4832265107228646e-01 5.0001320971763907e-01 3.0817944502893868e-01 0
7.4832265107228646e-01 5.0001320971763907e-01 3.9967338224288235e-01 0
7.4832265107228646e-01 5.0001320971763907e-01 5.0005282351779501e-01 0
7.4832265107228646e-01 5.0001320971763907e-01 6.1252403743194694e-01 0
7.4832265107228646e-01 5.0001320971763907e-01 7.4333958966061475e-01 0
7.4832265107228646e-01 5.0001320971763907e-01 9.0584820090739748e-01 0
7.4832265107228646e-01 5.0001320971763907e-01 1.1244994963301287e+00 0
7.4832265107228646e-01 5.0001320971763907e-01 1.3537084799761314e+00 0
7.4832265107228646e-01 5.0001320971763907e-01 1.5827144598409117e+00 0
7.4832265107228646e-01 5.0001320971763907e-01 1.8119378978679406e+00 0
7.4832265107228646e-01 5.0001320971763907e-01 2.0409631111375592e+00 0
7.4832265107228646e-01 5.0001320971763907e-01 2.2701512100124641e+00 0
7.4832265107228646e-01 5.0001320971763907e-01 2.4992492377366382e+00 0
7.4832265107228646e-01 5.0001320971763907e-01 2.7283524417257317e+00 0
7.4832265107228646e-01 5.0001320971763907e-01 2.9575414928626560e+00 0
7.4832265107228646e-01 5.0001320971763907e-01 3.1866698336901971e+00 0
7.4832265107228646e-01 5.0001320971763907e-01 3.4157709960596616e+00 0
7.4832265107228646e-01 5.0001320971763907e-01 3.6449349816149961e+00 0
7.4832265107228646e-01 5.0001320971763907e-01 3.8740322778141207e+00 0
7.4832265107228646e-01 5.0001320971763907e-01 4.0929857179315654e+00 0
7.4832265107228646e-01 5.0001320971763907e-01 4.2557434077070297e+00 0
7.4832265107228646e-01 5.0001320971763907e-01 4.3867514650906303e+00 0
7.4832265107228646e-01 5.0001320971763907e-01 4.4994897821772408e+00 0
7.4832265107228646e-01 5.0001320971763907e-01 4.5999339713985066e+00 0
7.4832265107228646e-01 5.0001320971763907e-01 4.6915506547061723e+00 0
7.4832265107228646e-01 5.0001320971763907e-01 4.7760428825918355e+00 0
7.4832265107228646e-01 5.0001320971763907e-01 4.8549965148031129e+00 0
7.4832265107228646e-01 5.0001320971763907e-01 4.9293391219597193e+00 0
7.4832265107228646e-01 5.0001320971763907e-01 5.0000000000000000e+00 0
6.3639610306789529e-01 6.3639610306789529e-01 7.0343017578125000e-02 0
6.3639610306789529e-01 6.3639610306789529e-01 1.4481140766292810e-01 0
6.3639610306789529e-01 6.3639610306789529e-01 2.2378526995893822e-01 0
6.3639610306789529e-01 6.3639610306789529e-01 3.0817944502893868e-01 0
6.3639610306789529e-01 6.3639610306789529e-01 3.9967338224288235e-01 0
6.3639610306789529e-01 6.3639610306789529e-01 5.0005282351779501e-01 0
6.3639610306789529e-01 6.3639610306789529e-01 6.1252403743194694e-01 0
6.3639610306789529e-01 6.3639610306789529e-01 7.4333958966061475e-01 0
6.3639610306789529e-01 6.3639610306789529e-01 9.0584820090739748e-01 0
6.3639610306789529e-01 6.3639610306789529e-01 1.1244994963301287e+00 0
6.3639610306789529e-01 6.3639610306789529e-01 1.3537084799761314e+00 0
6.3639610306789529e-01 6.3639610306789529e-01 1.5827144598409117e+00 0
6.3639610306789529e-01 6.3639610306789529e-01 1.8119378978679406e+00 0
6.3639610306789529e-01 6.3639610306789529e-01 2.0409631111375592e+00 0
6.3639610306789529e-01 6.3639610306789529e-01 2.2701512100124641e+00 0
6.3639610306789529e-01 6.3639610306789529e-01 2.4992492377366382e+00 0
6.3639610306789529e-01 6.3639610306789529e-01 2.7283524417257317e+00 0
6.3639610306789529e-01 6.3639610306789529e-01 2.9575414928626560e+00 0
6.3639610306789529e-01 6.3639610306789529e-01 3.1866698336901971e+00 0
6.3639610306789529e-01 6.3639610306789529e-01 3.4157709960596616e+00 0
6.3639610306789529e-01 6.3639610306789529e-01 3.6449349816149961e+00 0
6.3639610306789529e-01 6.3639610306789529e-01 3.8740322778141207e+00 0
6.3639610306789529e-01 6.3639610306789529e-01 4.0929857179315654e+00 0
6.3639610306789529e-01 6.3639610306789529e-01 4.2557434077070297e+00 0
6.3639610306789529e-01 6.3639610306789529e-01 4.3867514650906303e+00 0
6.3639610306789529e-01 6.3639610306789529e-01 4.4994897821772408e+00 0
6.3639610306789529e-01 6.3639610306789529e-01 4.5999339713985066e+00 0
6.3639610306789529e-01 6.3639610306789529e-01 4.6915506547061723e+00 0
6.3639610306789529e-01 6.3639610306789529e-01 4.7760428825918355e+00 0
6.3639610306789529e-01 6.3639610306789529e-01 4.8549965148031129e+00 0
6.3639610306789529e-01 6.3639610306789529e-01 4.9293391219597193e+00 0
6.3639610306789529e-01 6.3639610306789529e-01 5.0000000000000000e+00 0
5.0001320971763885e-01 7.4832265107228668e-01 7.0343017578125000e-02 0
5.0001320971763885e-01 7.4832265107228668e-01 1.4481140766292810e-01 0
5.0001320971763885e-01 7.4832265107228668e-01 2.2378526995893822e-01 0
5.0001320971763885e-01 7.4832265107228668e-01 3.0817944502893868e-01 0
5.0001320971763885e-01 7.4832265107228668e-01 3.9967338224288235e-01 0
5.0001320971763885e-01 7.4832265107228668e-01 5.0005282351779501e-01 0
5.0001320971763885e-01 7.4832265107228668e-01 6.1252403743194694e-01 0
5.0001320971763885e-01 7.4832265107228668e-01 7.4333958966061475e-01 0
5.0001320971763885e-01 7.4832265107228668e-01 9.0584820090739748e-01 0
5.0001320971763885e-01 7.4832265107228668e-01 1.1244994963301287e+00 0
5.0001320971763885e-01 7.4832265107228668e-01 1.3537084799761314e+00 0
5.0001320971763885e-01 7.4832265107228668e-01 1.5827144598409117e+00 0
5.0001320971763885e-01 7.4832265107228668e-01 1.8119378978679406e+00 0
5.0001320971763885e-01 7.4832265107228668e-01 2.0409631111375592e+00 0
5.0001320971763885e-01 7.4832265107228668e-01 2.2701512100124641e+00 0
5.0001320971763885e-01 7.4832265107228668e-01 2.4992492377366382e+00 0
5.0001320971763885e-01 7.4832265107228668e-01 2.7283524417257317e+00 0
5.0001320971763885e-01 7.4832265107228668e-01 2.9575414928626560e+00 0
5.0001320971763885e-01 7.4832265107228668e-01 3.1866698336901971e+00 0
5.0001320971763885e-01 7.4832265107228668e-01 3.4157709960596616e+00 0
5.0001320971763885e-01 7.4832265107228668e-01 3.6449349816149961e+00 0
5.0001320971763885e-01 7.4832265107228668e-01 3.8740322778141207e+00 0
5.0001320971763885e-01 7.4832265107228668e-01 4.0929857179315654e+00 0
5.0001320971763885e-01 7.4832265107228668e-01 4.2557434077070297e+00 0
5.0001320971763885e-01 7.4832265107228668e-01 4.3867514650906303e+00 0
5.0001320971763885e-01 7.4832265107228668e-01 4.4994897821772408e+00 0
5.0001320971763885e-01 7.4832265107228668e-01 4.5999339713985066e+00 0
5.0001320971763885e-01 7.4832265107228668e-01 4.6915506547061723e+00 0
5.0001320971763885e-01 7.4832265107228668e-01 4.7760428825918355e+00 0
5.0001320971763885e-01 7.4832265107228668e-01 4.8549965148031129e+00 0
5.0001320971763885e-01 7.4832265107228668e-01 4.9293391219597193e+00 0
5.0001320971763885e-01 7.4832265107228668e-01 5.0000000000000000e+00 0
3.4441508912858021e-01 8.3149157926015671e-01 7.0343017578125000e-02 0
3.4441508912858021e-01 8.3149157926015671e-01 1.4481140766292810e-01 0
3.4441508912858021e-01 8.3149157926015671e-01 2.2378526995893822e-01 0
3.4441508912858021e-01 8.3149157926015671e-01 3.0817944502893868e-01 0
3.4441508912858021e-01 8.3149157926015671e-01 3.9967338224288235e-01 0
3.4441508912858021e-01 8.3149157926015671e-01 5.0005282351779501e-01 0
3.4441508912858021e-01 8.3149157926015671e-01 6.1252403743194694e-01 0
3.4441508912858021e-01 8.3149157926015671e-01 7.4333958966061475e-01 0
3.4441508912858021e-01 8.3149157926015671e-01 9.0584820090739748e-01 0
3.4441508912858021e-01 8.3149157926015671e-01 1.1244994963301287e+00 0
3.4441508912858021e-01 8.3149157926015671e-01 1.3537084799761314e+00 0
3.4441508912858021e-01 8.3149157926015671e-01 1.5827144598409117e+00 0
3.4441508912858021e-01 8.3149157926015671e-01 1.8119378978679406e+00 0
3.4441508912858021e-01 8.3149157926015671e-01 2.0409631111375592e+00 0
3.4441508912858021e-01 8.3149157926015671e-01 2.2701512100124641e+00 0
3.4441508912858021e-01 8.3149157926015671e-01 2.4992492377366382e+00 0
3.4441508912858021e-01 8.3149157926015671e-01 2.7283524417257317e+00 0
3.4441508912858021e-01 8.3149157926015671e-01 2.9575414928626560e+00 0
3.4441508912858021e-01 8.3149157926015671e-01 3.1866698336901971e+00 0
3.4441508912858021e-01 8.3149157926015671e-01 3.4157709960596616e+00 0
3.4441508912858021e-01 8.3149157926015671e-01 3.6449349816149961e+00 0
3.4441508912858021e-01 8.3149157926015671e-01 3.8740322778141207e+00 0
3.4441508912858021e-01 8.3149157926015671e-01 4.0929857179315654e+00 0
3.4441508912858021e-01 8.3149157926015671e-01 4.2557434077070297e+00 0
3.4441508912858021e-01 8.3149157926015671e-01 4.3867514650906303e+00 0
3.4441508912858021e-01 8.3149157926015671e-01 4.4994897821772408e+00 0
3.4441508912858021e-01 8.3149157926015671e-01 4.5999339713985066e+00 0
3.4441508912858021e-01 8.3149157926015671e-01 4.6915506547061723e+00 0
3.4441508912858021e-01 8.3149157926015671e-01 4.7760428825918355e+00 0
3.4441508912858021e-01 8.3149157926015671e-01 4.8549965148031129e+00 0
3.4441508912858021e-01 8.3149157926015671e-01 4.9293391219597193e+00 0
3.4441508912858021e-01 8.3149157926015671e-01 5.0000000000000000e+00 0
1.7558128981451551e-01 8.8270675236290808e-01 7.0343017578125000e-02 0
1.7558128981451551e-01 8.8270675236290808e-01 1.4481140766292810e-01 0
1.7558128981451551e-01 8.8270675236290808e-01 2.2378526995893822e-01 0
1.7558128981451551e-01 8.8270675236290808e-01 3.0817944502893868e-01 0
1.7558128981451551e-01 8.8270675236290808e-01 3.9967338224288235e-01 0
1.7558128981451551e-01 8.8270675236290808e-01 5.0005282351779501e-01 0
1.7558128981451551e-01 8.8270675236290808e-01 6.1252403743194694e-01 0
1.7558128981451551e-01 8.8270675236290808e-01 7.4333958966061475e-01 0
1.7558128981451551e-01 8.8270675236290808e-01 9.0584820090739748e-01 0
1.7558128981451551e-01 8.8270675236290808e-01 1.1244994963301287e+00 0
1.7558128981451551e-01 8.8270675236290808e-01 1.3537084799761314e+00 0
1.7558128981451551e-01 8.8270675236290808e-01 1.5827144598409117e+00 0
1.7558128981451551e-01 8.8270675236290808e-01 1.8119378978679406e+00 0
1.7558128981451551e-01 8.8270675236290808e-01 2.0409631111375592e+00 0
1.7558128981451551e-01 8.8270675236290808e-01 2.2701512100124641e+00 0
1.7558128981451551e-01 8.8270675236290808e-01 2.4992492377366382e+00 0
1.7558128981451551e-01 8.8270675236290808e-01 2.7283524417257317e+00 0
1.7558128981451551e-01 8.8270675236290808e-01 2.9575414928626560e+00 0
1.7558128981451551e-01 8.8270675236290808e-01 3.1866698336901971e+00 0
1.7558128981451551e-01 8.8270675236290808e-01 3.4157709960596616e+00 0
1.7558128981451551e-01 8.8270675236290808e-01 3.6449349816149961e+00 0
1.7558128981451551e-01 8.8270675236290808e-01 3.8740322778141207e+00 0
1.7558128981451551e-01 8.8270675236290808e-01 4.0929857179315654e+00 0
1.7558128981451551e-01 8.8270675236290808e-01 4.2557434077070297e+00 0
1.7558128981451551e-01 8.8270675236290808e-01 4.3867514650906303e+00 0
1.7558128981451551e-01 8.8270675236290808e-01 4.4994897821772408e+00 0
1.7558128981451551e-01 8.8270675236290808e-01 4.5999339713985066e+00 0
1.7558128981451551e-01 8.8270675236290808e-01 4.6915506547061723e+00 0
1.7558128981451551e-01 8.8270675236290808e-01 4.7760428825918355e+00 0
1.7558128981451551e-01 8.8270675236290808e-01 4.8549965148031129e+00 0
1.7558128981451551e-01 8.8270675236290808e-01 4.9293391219597193e+00 0
1.7558128981451551e-01 8.8270675236290808e-01 5.0000000000000000e+00 0
8.3366748834274695e-01 1.6582677371370880e-01 7.0343017578125000e-02 0
8.3366748834274695e-01 1.6582677371370880e-01 1.4481140766292810e-01 0
8.3366748834274695e-01 1.6582677371370880e-01 2.2378526995893822e-01 0
8.3366748834274695e-01 1.6582677371370880e-01 3.0817944502893868e-01 0
8.3366748834274695e-01 1.6582677371370880e-01 3.9967338224288235e-01 0
8.3366748834274695e-01 1.6582677371370880e-01 5.0005282351779501e-01 0
8.3366748834274695e-01 1.6582677371370880e-01 6.1252403743194694e-01 0
8.3366748834274695e-01 1.6582677371370880e-01 7.4333958966061475e-01 0
8.3366748834274695e-01 1.6582677371370880e-01 9.0584820090739748e-01 0
8.3366748834274695e-01 1.6582677371370880e-01 1.1244994963301287e+00 0
8.3366748834274695e-01 1.6582677371370880e-01 1.3537084799761314e+00 0
8.3366748834274695e-01 1.6582677371370880e-01 1.5827144598409117e+00 0
8.3366748834274695e-01 1.6582677371370880e-01 1.8119378978679406e+00 0
8.3366748834274695e-01 1.6582677371370880e-01 2.0409631111375592e+00 0
8.3366748834274695e-01 1.6582677371370880e-01 2.2701512100124641e+00 0
8.3366748834274695e-01 1.6582677371370880e-01 2.4992492377366382e+00 0
8.3366748834274695e-01 1.6582677371370880e-01 2.7283524417257317e+00 0
8.3366748834274695e-01 1.6582677371370880e-01 2.9575414928626560e+00 0
8.3366748834274695e-01 1.6582677371370880e-01 3.1866698336901971e+00 0
8.3366748834274695e-01 1.6582677371370880e-01 3.4157709960596616e+00 0
8.3366748834274695e-01 1.6582677371370880e-01 3.6449349816149961e+00 0
8.3366748834274695e-01 1.6582677371370880e-01 3.8740322778141207e+00 0
8.3366748834274695e-01 1.6582677371370880e-01 4.0929857179315654e+00 0
8.3366748834274695e-01 1.6582677371370880e-01 4.2557434077070297e+00 0
8.3366748834274695e-01 1.6582677371370880e-01 4.3867514650906303e+00 0
8.3366748834274695e-01 1.6582677371370880e-01 4.4994897821772408e+00 0
8.3366748834274695e-01 1.6582677371370880e-01 4.5999339713985066e+00 0
8.3366748834274695e-01 1.6582677371370880e-01 4.6915506547061723e+00 0
8.3366748834274695e-01 1.6582677371370880e-01 4.7760428825918355e+00 0
8.3366748834274695e-01 1.6582677371370880e-01 4.8549965148031129e+00 0
8.3366748834274695e-01 1.6582677371370880e-01 4.9293391219597193e+00 0
8.3366748834274695e-01 1.6582677371370880e-01 5.0000000000000000e+00 0
7.8529760263459170e-01 3.2528091751032517e-01 7.0343017578125000e-02 0
7.8529760263459170e-01 3.2528091751032517e-01 1.4481140766292810e-01 0
7.8529760263459170e-01 3.2528091751032517e-01 2.2378526995893822e-01 0
7.8529760263459170e-01 3.2528091751032517e-01 3.0817944502893868e-01 0
7.8529760263459170e-01 3.2528091751032517e-01 3.9967338224288235e-01 0
7.8529760263459170e-01 3.2528091751032517e-01 5.0005282351779501e-01 0
7.8529760263459170e-01 3.2528091751032517e-01 6.1252403743194694e-01 0
7.8529760263459170e-01 3.2528091751032517e-01 7.4333958966061475e-01 0
7.8529760263459170e-01 3.2528091751032517e-01 9.0584820090739748e-01 0
7.8529760263459170e-01 3.2528091751032517e-01 1.1244994963301287e+00 0
7.8529760263459170e-01 3.2528091751032517e-01 1.3537084799761314e+00 0
7.8529760263459170e-01 3.2528091751032517e-01 1.5827144598409117e+00 0
7.8529760263459170e-01 3.2528091751032517e-01 1.8119378978679406e+00 0
7.8529760263459170e-01 3.2528091751032517e-01 2.0409631111375592e+00 0
7.8529760263459170e-01 3.2528091751032517e-01 2.2701512100124641e+00 0
7.8529760263459170e-01 3.2528091751032517e-01 2.4992492377366382e+00 0
7.8529760263459170e-01 3.2528091751032517e-01 2.7283524417257317e+00 0
7.8529760263459170e-01 3.2528091751032517e-01 2.9575414928626560e+00 0
7.8529760263459170e-01 3.2528091751032517e-01 3.1866698336901971e+00 0
7.8529760263459170e-01 3.2528091751032517e-01 3.4157709960596616e+00 0
7.8529760263459170e-01 3.2528091751032517e-01 3.6449349816149961e+00 0
7.8529760263459170e-01 3.2528091751032517e-01 3.8740322778141207e+00 0
7.8529760263459170e-01 3.2528091751032517e-01 4.0929857179315654e+00 0
7.8529760263459170e-01 3.2528091751032517e-01 4.2557434077070297e+00 0
7.8529760263459170e-01 3.2528091751032517e-01 4.3867514650906303e+00 0
7.8529760263459170e-01 3.2528091751032517e-01 4.4994897821772408e+00 0
7.8529760263459170e-01 3.2528091751032517e-01 4.5999339713985066e+00 0
7.8529760263459170e-01 3.2528091751032517e-01 4.6915506547061723e+00 0
7.8529760263459170e-01 3.2528091751032517e-01 4.7760428825918355e+00 0
7.8529760263459170e-01 3.2528091751032517e-01 4.8549965148031129e+00 0
7.8529760263459170e-01 3.2528091751032517e-01 4.9293391219597193e+00 0
7.8529760263459170e-01 3.2528091751032517e-01 5.0000000000000000e+00 0
7.0674917045715713e-01 4.7223469806665752e-01 7.0343017578125000e-02 0
7.0674917045715713e-01 4.7223469806665752e-01 1.4481140766292810e-01 0
7.0674917045715713e-01 4.7223469806665752e-01 2.2378526995893822e-01 0
7.0674917045715713e-01 4.7223469806665752e-01 3.0817944502893868e-01 0
7.0674917045715713e-01 4.7223469806665752e-01 3.9967338224288235e-01 0
7.0674917045715713e-01 4.7223469806665752e-01 5.0005282351779501e-01 0
7.0674917045715713e-01 4.7223469806665752e-01 6.1252403743194694e-01 0
7.0674917045715713e-01 4.7223469806665752e-01 7.4333958966061475e-01 0
7.0674917045715713e-01 4.7223469806665752e-01 9.0584820090739748e-01 0
7.0674917045715713e-01 4.7223469806665752e-01 1.1244994963301287e+00 0
7.0674917045715713e-01 4.7223469806665752e-01 1.3537084799761314e+00 0
7.0674917045715713e-01 4.7223469806665752e-01 1.5827144598409117e+00 0
7.0674917045715713e-01 4.7223469806665752e-01 1.8119378978679406e+00 0
7.0674917045715713e-01 4.7223469806665752e-01 2.0409631111375592e+00 0
7.0674917045715713e-01 4.7223469806665752e-01 2.2701512100124641e+00 0
7.0674917045715713e-01 4.7223469806665752e-01 2.4992492377366382e+00 0
7.0674917045715713e-01 4.7223469806665752e-01 2.7283524417257317e+00 0
7.0674917045715713e-01 4.7223469806665752e-01 2.9575414928626560e+00 0
7.0674917045715713e-01 4.7223469806665752e-01 3.1866698336901971e+00 0
7.0674917045715713e-01 4.7223469806665752e-01 3.4157709960596616e+00 0
7.0674917045715713e-01 4.7223469806665752e-01 3.6449349816149961e+00 0
7.0674917045715713e-01 4.7223469806665752e-01 3.8740322778141207e+00 0
7.0674917045715713e-01 4.7223469806665752e-01 4.0929857179315654e+00 0
7.0674917045715713e-01 4.7223469806665752e-01 4.2557434077070297e+00 0
7.0674917045715713e-01 4.7223469806665752e-01 4.3867514650906303e+00 0
7.0674917045715713e-01 4.7223469806665752e-01 4.4994897821772408e+00 0
7.0674917045715713e-01 4.7223469806665752e-01 4.5999339713985066e+00 0
7.0674917045715713e-01 4.7223469806665752e-01 4.6915506547061723e+00 0
7.0674917045715713e-01 4.7223469806665752e-01 4.7760428825918355e+00 0
7.0674917045715713e-01 4.7223469806665752e-01 4.8549965148031129e+00 0
7.0674917045715713e-01 4.7223469806665752e-01 4.9293391219597193e+00 0
7.0674917045715713e-01 4.7223469806665752e-01 5.0000000000000000e+00 0
6.0104076400856910e-01 6.0104076400856921e-01 7.0343017578125000e-02 0
6.0104076400856910e-01 6.0104076400856921e-01 1.4481140766292810e-01 0
6.0104076400856910e-01 6.0104076400856921e-01 2.2378526995893822e-01 0
6.0104076400856910e-01 6.0104076400856921e-01 3.0817944502893868e-01 0
6.0104076400856910e-01 6.0104076400856921e-01 3.9967338224288235e-01 0
6.0104076400856910e-01 6.0104076400856921e-01 5.0005282351779501e-01 0
6.0104076400856910e-01 6.0104076400856921e-01 6.1252403743194694e-01 0
6.0104076400856910e-01 6.0104076400856921e-01 7.4333958966061475e-01 0
6.0104076400856910e-01 6.0104076400856921e-01 9.0584820090739748e-01 0
6.0104076400856910e-01 6.0104076400856921e-01 1.1244994963301287e+00 0
6.0104076400856910e-01 6.0104076400856921e-01 1.3537084799761314e+00 0
6.0104076400856910e-01 6.0104076400856921e-01 1.5827144598409117e+00 0
6.0104076400856910e-01 6.0104076400856921e-01 1.8119378978679406e+00 0
6.0104076400856910e-01 6.0104076400856921e-01 2.0409631111375592e+00 0
6.0104076400856910e-01 6.0104076400856921e-01 2.2701512100124641e+00 0
6.0104076400856910e-01 6.0104076400856921e-01 2.4992492377366382e+00 0
6.0104076400856910e-01 6.0104076400856921e-01 2.7283524417257317e+00 0
6.0104076400856910e-01 6.0104076400856921e-01 2.9575414928626560e+00 0
6.0104076400856910e-01 6.0104076400856921e-01 3.1866698336901971e+00 0
6.0104076400856910e-01 6.0104076400856921e-01 3.4157709960596616e+00 0
6.0104076400856910e-01 6.0104076400856921e-01 3.6449349816149961e+00 0
6.0104076400856910e-01 6.0104076400856921e-01 3.8740322778141207e+00 0
6.0104076400856910e-01 6.0104076400856921e-01 4.0929857179315654e+00 0
6.0104076400856910e-01 6.0104076400856921e-01 4.2557434077070297e+00 0
6.0104076400856910e-01 6.0104076400856921e-01 4.3867514650906303e+00 0
6.0104076400856910e-01 6.0104076400856921e-01 4.4994897821772408e+00 0
6.0104076400856910e-01 6.0104076400856921e-01 4.5999339713985066e+00 0
6.0104076400856910e-01 6.0104076400856921e-01 4.6915506547061723e+00 0
6.0104076400856910e-01 6.0104076400856921e-01 4.7760428825918355e+00 0
6.0104076400856910e-01 6.0104076400856921e-01 4.8549965148031129e+00 0
6.0104076400856910e-01 6.0104076400856921e-01 4.9293391219597193e+00 0
6.0104076400856910e-01 6.0104076400856921e-01 5.0000000000000000e+00 0
4.7223469806665735e-01 7.0674917045715724e-01 7.0343017578125000e-02 0
4.7223469806665735e-01 7.0674917045715724e-01 1.4481140766292810e-01 0
4.7223469806665735e-01 7.0674917045715724e-01 2.2378526995893822e-01 0
4.7223469806665735e-01 7.0674917045715724e-01 3.0817944502893868e-01 0
4.7223469806665735e-01 7.0674917045715724e-01 3.9967338224288235e-01 0
4.7223469806665735e-01 7.0674917045715724e-01 5.0005282351779501e-01 0
4.7223469806665735e-01 7.0674917045715724e-01 6.1252403743194694e-01 0
4.7223469806665735e-01 7.0674917045715724e-01 7.4333958966061475e-01 0
4.7223469806665735e-01 7.0674917045715724e-01 9.0584820090739748e-01 0
4.7223469806665735e-01 7.0674917045715724e-01 1.1244994963301287e+00 0
4.7223469806665735e-01 7.0674917045715724e-01 1.3537084799761314e+00 0
4.7223469806665735e-01 7.0674917045715724e-01 1.5827144598409117e+00 0
4.7223469806665735e-01 7.0674917045715724e-01 1.8119378978679406e+00 0
4.7223469806665735e-01 7.0674917045715724e-01 2.0409631111375592e+00 0
4.7223469806665735e-01 7.0674917045715724e-01 2.2701512100124641e+00 0
4.7223469806665735e-01 7.0674917045715724e-01 2.4992492377366382e+00 0
4.7223469806665735e-01 7.0674917045715724e-01 2.7283524417257317e+00 0
4.7223469806665735e-01 7.0674917045715724e-01 2.9575414928626560e+00 0
4.7223469806665735e-01 7.0674917045715724e-01 3.1866698336901971e+00 0
4.7223469806665735e-01 7.0674917045715724e-01 3.4157709960596616e+00 0
4.7223469806665735e-01 7.0674917045715724e-01 3.6449349816149961e+00 0
4.7223469806665735e-01 7.0674917045715724e-01 3.8740322778141207e+00 0
4.7223469806665735e-01 7.0674917045715724e-01 4.0929857179315654e+00 0
4.7223469806665735e-01 7.0674917045715724e-01 4.2557434077070297e+00 0
4.7223469806665735e-01 7.0674917045715724e-01 4.3867514650906303e+00 0
4.7223469806665735e-01 7.0674917045715724e-01 4.4994897821772408e+00 0
4.7223469806665735e-01 7.0674917045715724e-01 4.5999339713985066e+00 0
4.7223469806665735e-01 7.0674917045715724e-01 4.6915506547061723e+00 0
4.7223469806665735e-01 7.0674917045715724e-01 4.7760428825918355e+00 0
4.7223469806665735e-01 7.0674917045715724e-01 4.8549965148031129e+00 0
4.7223469806665735e-01 7.0674917045715724e-01 4.9293391219597193e+00 0
4.7223469806665735e-01 7.0674917045715724e-01 5.0000000000000000e+00 0
3.2528091751032540e-01 7.8529760263459170e-01 7.0343017578125000e-02 0
3.2528091751032540e-01 7.8529760263459170e-01 1.4481140766292810e-01 0
3.2528091751032540e-01 7.8529760263459170e-01 2.2378526995893822e-01 0
3.2528091751032540e-01 7.8529760263459170e-01 3.0817944502893868e-01 0
3.2528091751032540e-01 7.8529760263459170e-01 3.9967338224288235e-01 0
3.2528091751032540e-01 7.8529760263459170e-01 5.0005282351779501e-01 0
3.2528091751032540e-01 7.8529760263459170e-01 6.1252403743194694e-01 0
3.2528091751032540e-01 7.8529760263459170e-01 7.4333958966061475e-01 0
3.2528091751032540e-01 7.8529760263459170e-01 9.0584820090739748e-01 0
3.2528091751032540e-01 7.8529760263459170e-01 1.1244994963301287e+00 0
3.2528091751032540e-01 7.8529760263459170e-01 1.3537084799761314e+00 0
3.2528091751032540e-01 7.8529760263459170e-01 1.5827144598409117e+00 0
3.2528091751032540e-01 7.8529760263459170e-01 1.8119378978679406e+00 0
3.2528091751032540e-01 7.8529760263459170e-01 2.0409631111375592e+00 0
3.2528091751032540e-01 7.8529760263459170e-01 2.2701512100124641e+00 0
3.2528091751032540e-01 7.8529760263459170e-01 2.4992492377366382e+00 0
3.2528091751032540e-01 7.8529760263459170e-01 2.7283524417257317e+00 0
3.2528091751032540e-01 7.8529760263459170e-01 2.9575414928626560e+00 0
3.2528091751032540e-01 7.8529760263459170e-01 3.1866698336901971e+00 0
3.2528091751032540e-01 7.8529760263459170e-01 3.4157709960596616e+00 0
3.2528091751032540e-01 7.8529760263459170e-01 3.6449349816149961e+00 0
3.2528091751032540e-01 7.8529760263459170e-01 3.8740322778141207e+00 0
3.2528091751032540e-01 7.8529760263459170e-01 4.0929857179315654e+00 0
3.2528091751032540e-01 7.8529760263459170e-01 4.2557434077070297e+00 0
3.2528091751032540e-01 7.8529760263459170e-01 4.3867514650906303e+00 0
3.2528091751032540e-01 7.8529760263459170e-01 4.4994897821772408e+00 0
3.2528091751032540e-01 7.8529760263459170e-01 4.5999339713985066e+00 0
3.2528091751032540e-01 7.8529760263459170e-01 4.6915506547061723e+00 0
3.2528091751032540e-01 7.8529760263459170e-01 4.7760428825918355e+00 0
3.2528091751032540e-01 7.8529760263459170e-01 4.8549965148031129e+00 0
3.2528091751032540e-01 7.8529760263459170e-01 4.9293391219597193e+00 0
3.2528091751032540e-01 7.8529760263459170e-01 5.0000000000000000e+00 0
1.6582677371370919e-01 8.3366748834274684e-01 7.0343017578125000e-02 0
1.6582677371370919e-01 8.3366748834274684e-01 1.4481140766292810e-01 0
1.6582677371370919e-01 8.3366748834274684e-01 2.2378526995893822e-01 0
1.6582677371370919e-01 8.3366748834274684e-01 3.0817944502893868e-01 0
1.6582677371370919e-01 8.3366748834274684e-01 3.9967338224288235e-01 0
1.6582677371370919e-01 8.3366748834274684e-01 5.0005282351779501e-01 0
1.6582677371370919e-01 8.3366748834274684e-01 6.1252403743194694e-01 0
1.6582677371370919e-01 8.3366748834274684e-01 7.4333958966061475e-01 0
1.6582677371370919e-01 8.3366748834274684e-01 9.0584820090739748e-01 0
1.6582677371370919e-01 8.3366748834274684e-01 1.1244994963301287e+00 0
1.6582677371370919e-01 8.3366748834274684e-01 1.3537084799761314e+00 0
1.6582677371370919e-01 8.3366748834274684e-01 1.5827144598409117e+00 0
1.6582677371370919e-01 8.3366748834274684e-01 1.8119378978679406e+00 0
1.6582677371370919e-01 8.3366748834274684e-01 2.0409631111375592e+00 0
1.6582677371370919e-01 8.3366748834274684e-01 2.2701512100124641e+00 0
1.6582677371370919e-01 8.3366748834274684e-01 2.4992492377366382e+00 0
1.6582677371370919e-01 8.3366748834274684e-01 2.7283524417257317e+00 0
1.6582677371370919e-01 8.3366748834274684e-01 2.9575414928626560e+00 0
1.6582677371370919e-01 8.3366748834274684e-01 3.1866698336901971e+00 0
1.6582677371370919e-01 8.3366748834274684e-01 3.4157709960596616e+00 0
1.6582677371370919e-01 8.3366748834274684e-01 3.6449349816149961e+00 0
1.6582677371370919e-01 8.3366748834274684e-01 3.8740322778141207e+00 0
1.6582677371370919e-01 8.3366748834274684e-01 4.0929857179315654e+00 0
1.6582677371370919e-01 8.3366748834274684e-01 4.2557434077070297e+00 0
1.6582677371370919e-01 8.3366748834274684e-01 4.3867514650906303e+00 0
1.6582677371370919e-01 8.3366748834274684e-01 4.4994897821772408e+00 0
1.6582677371370919e-01 8.3366748834274684e-01 4.5999339713985066e+00 0
1.6582677371370919e-01 8.3366748834274684e-01 4.6915506547061723e+00 0
1.6582677371370919e-01 8.3366748834274684e-01 4.7760428825918355e+00 0
1.6582677371370919e-01 8.3366748834274684e-01 4.8549965148031129e+00 0
1.6582677371370919e-01 8.3366748834274684e-01 4.9293391219597193e+00 0
1.6582677371370919e-01 8.3366748834274684e-01 5.0000000000000000e+00 0
7.8462822432258583e-01 1.5607225761290247e-01 7.0343017578125000e-02 0
7.8462822432258583e-01 1.5607225761290247e-01 1.4481140766292810e-01 0
7.8462822432258583e-01 1.5607225761290247e-01 2.2378526995893822e-01 0
7.8462822432258583e-01 1.5607225761290247e-01 3.0817944502893868e-01 0
7.8462822432258583e-01 1.5607225761290247e-01 3.9967338224288235e-01 0
7.8462822432258583e-01 1.5607225761290247e-01 5.0005282351779501e-01 0
7.8462822432258583e-01 1.5607225761290247e-01 6.1252403743194694e-01 0
7.8462822432258583e-01 1.5607225761290247e-01 7.4333958966061475e-01 0
7.8462822432258583e-01 1.5607225761290247e-01 9.0584820090739748e-01 0
7.8462822432258583e-01 1.5607225761290247e-01 1.1244994963301287e+00 0
7.8462822432258583e-01 1.5607225761290247e-01 1.3537084799761314e+00 0
7.8462822432258583e-01 1.5607225761290247e-01 1.5827144598409117e+00 0
7.8462822432258583e-01 1.5607225761290247e-01 1.8119378978679406e+00 0
7.8462822432258583e-01 1.5607225761290247e-01 2.0409631111375592e+00 0
7.8462822432258583e-01 1.5607225761290247e-01 2.2701512100124641e+00 0
7.8462822432258583e-01 1.5607225761290247e-01 2.4992492377366382e+00 0
7.8462822432258583e-01 1.5607225761290247e-01 2.7283524417257317e+00 0
7.8462822432258583e-01 1.5607225761290247e-01 2.9575414928626560e+00 0
7.8462822432258583e-01 1.5607225761290247e-01 3.1866698336901971e+00 0
7.8462822432258583e-01 1.5607225761290247e-01 3.4157709960596616e+00 0
7.8462822432258583e-01 1.5607225761290247e-01 3.6449349816149961e+00 0
7.8462822432258583e-01 1.5607225761290247e-01 3.8740322778141207e+00 0
7.8462822432258583e-01 1.5607225761290247e-01 4.0929857179315654e+00 0
7.8462822432258583e-01 1.5607225761290247e-01 4.2557434077070297e+00 0
7.8462822432258583e-01 1.5607225761290247e-01 4.3867514650906303e+00 0
7.8462822432258583e-01 1.5607225761290247e-01 4.4994897821772408e+00 0
7.8462822432258583e-01 1.5607225761290247e-01 4.5999339713985066e+00 0
7.8462822432258583e-01 1.5607225761290247e-01 4.6915506547061723e+00 0
7.8462822432258583e-01 1.5607225761290247e-01 4.7760428825918355e+00 0
7.8462822432258583e-01 1.5607225761290247e-01 4.8549965148031129e+00 0
7.8462822432258583e-01 1.5607225761290247e-01 4.9293391219597193e+00 0
7.8462822432258583e-01 1.5607225761290247e-01 5.0000000000000000e+00 0
7.3910362600902668e-01 3.0614674589207042e-01 7.0343017578125000e-02 0
7.3910362600902668e-01 3.0614674589207042e-01 1.4481140766292810e-01 0
7.3910362600902668e-01 3.0614674589207042e-01 2.2378526995893822e-01 0
7.3910362600902668e-01 3.0614674589207042e-01 3.0817944502893868e-01 0
7.3910362600902668e-01 3.0614674589207042e-01 3.9967338224288235e-01 0
7.3910362600902668e-01 3.0614674589207042e-01 5.0005282351779501e-01 0
7.3910362600902668e-01 3.0614674589207042e-01 6.1252403743194694e-01 0
7.3910362600902668e-01 3.0614674589207042e-01 7.4333958966061475e-01 0
7.3910362600902668e-01 3.0614674589207042e-01 9.0584820090739748e-01 0
7.3910362600902668e-01 3.0614674589207042e-01 1.1244994963301287e+00 0
7.3910362600902668e-01 3.0614674589207042e-01 1.3537084799761314e+00 0
7.3910362600902668e-01 3.0614674589207042e-01 1.5827144598409117e+00 0
7.3910362600902668e-01 3.0614674589207042e-01 1.8119378978679406e+00 0
7.3910362600902668e-01 3.0614674589207042e-01 2.0409631111375592e+00 0
7.3910362600902668e-01 3.0614674589207042e-01 2.2701512100124641e+00 0
7.3910362600902668e-01 3.0614674589207042e-01 2.4992492377366382e+00 0
7.3910362600902668e-01 3.0614674589207042e-01 2.7283524417257317e+00 0
7.3910362600902668e-01 3.0614674589207042e-01 2.9575414928626560e+00 0
7.3910362600902668e-01 3.0614674589207042e-01 3.1866698336901971e+00 0
7.3910362600902668e-01 3.0614674589207042e-01 3.4157709960596616e+00 0
7.3910362600902668e-01 3.0614674589207042e-01 3.6449349816149961e+00 0
7.3910362600902668e-01 3.0614674589207042e-01 3.8740322778141207e+00 0
7.3910362600902668e-01 3.0614674589207042e-01 4.0929857179315654e+00 0
7.3910362600902668e-01 3.0614674589207042e-01 4.2557434077070297e+00 0
7.3910362600902668e-01 3.0614674589207042e-01 4.3867514650906303e+00 0
7.3910362600902668e-01 3.0614674589207042e-01 4.4994897821772408e+00 0
7.3910362600902668e-01 3.0614674589207042e-01 4.5999339713985066e+00 0
7.3910362600902668e-01 3.0614674589207042e-01 4.6915506547061723e+00 0
7.3910362600902668e-01 3.0614674589207042e-01 4.7760428825918355e+00 0
7.3910362600902668e-01 3.0614674589207042e-01 4.8549965148031129e+00 0
7.3910362600902668e-01 3.0614674589207042e-01 4.9293391219597193e+00 0
7.3910362600902668e-01 3.0614674589207042e-01 5.0000000000000000e+00 0
6.6517568984202768e-01 4.4445618641567597e-01 7.0343017578125000e-02 0
6.6517568984202768e-01 4.4445618641567597e-01 1.4481140766292810e-01 0
6.6517568984202768e-01 4.4445618641567597e-01 2.2378526995893822e-01 0
6.6517568984202768e-01 4.4445618641567597e-01 3.0817944502893868e-01 0
6.6517568984202768e-01 4.4445618641567597e-01 3.9967338224288235e-01 0
6.6517568984202768e-01 4.4445618641567597e-01 5.0005282351779501e-01 0
6.6517568984202768e-01 4.4445618641567597e-01 6.1252403743194694e-01 0
6.6517568984202768e-01 4.4445618641567597e-01 7.4333958966061475e-01 0
6.6517568984202768e-01 4.4445618641567597e-01 9.0584820090739748e-01 0
6.6517568984202768e-01 4.4445618641567597e-01 1.1244994963301287e+00 0
6.6517568984202768e-01 4.4445618641567597e-01 1.3537084799761314e+00 0
6.6517568984202768e-01 4.4445618641567597e-01 1.5827144598409117e+00 0
6.6517568984202768e-01 4.4445618641567597e-01 1.8119378978679406e+00 0
6.6517568984202768e-01 4.4445618641567597e-01 2.0409631111375592e+00 0
6.6517568984202768e-01 4.4445618641567597e-01 2.2701512100124641e+00 0
6.6517568984202768e-01 4.4445618641567597e-01 2.4992492377366382e+00 0
6.6517568984202768e-01 4.4445618641567597e-01 2.7283524417257317e+00 0
6.6517568984202768e-01 4.4445618641567597e-01 2.9575414928626560e+00 0
6.6517568984202768e-01 4.4445618641567597e-01 3.1866698336901971e+00 0
6.6517568984202768e-01 4.4445618641567597e-01 3.4157709960596616e+00 0
6.6517568984202768e-01 4.4445618641567597e-01 3.6449349816149961e+00 0
6.6517568984202768e-01 4.4445618641567597e-01 3.8740322778141207e+00 0
6.6517568984202768e-01 4.4445618641567597e-01 4.0929857179315654e+00 0
6.6517568984202768e-01 4.4445618641567597e-01 4.2557434077070297e+00 0
6.6517568984202768e-01 4.4445618641567597e-01 4.3867514650906303e+00 0
6.6517568984202768e-01 4.4445618641567597e-01 4.4994897821772408e+00 0
6.6517568984202768e-01 4.4445618641567597e-01 4.5999339713985066e+00 0
6.6517568984202768e-01 4.4445618641567597e-01 4.6915506547061723e+00 0
6.6517568984202768e-01 4.4445618641567597e-01 4.7760428825918355e+00 0
6.6517568984202768e-01 4.4445618641567597e-01 4.8549965148031129e+00 0
6.6517568984202768e-01 4.4445618641567597e-01 4.9293391219597193e+00 0
6.6517568984202768e-01 4.4445618641567597e-01 5.0000000000000000e+00 0
5.6568542494924301e-01 5.6568542494924312e-01 7.0343017578125000e-02 0
5.6568542494924301e-01 5.6568542494924312e-01 1.4481140766292810e-01 0
5.6568542494924301e-01 5.6568542494924312e-01 2.2378526995893822e-01 0
5.6568542494924301e-01 5.6568542494924312e-01 3.0817944502893868e-01 0
5.6568542494924301e-01 5.6568542494924312e-01 3.9967338224288235e-01 0
5.6568542494924301e-01 5.6568542494924312e-01 5.0005282351779501e-01 0
5.6568542494924301e-01 5.6568542494924312e-01 6.1252403743194694e-01 0
5.6568542494924301e-01 5.6568542494924312e-01 7.4333958966061475e-01 0
5.6568542494924301e-01 5.6568542494924312e-01 9.0584820090739748e-01 0
5.6568542494924301e-01 5.6568542494924312e-01 1.1244994963301287e+00 0
5.6568542494924301e-01 5.6568542494924312e-01 1.3537084799761314e+00 0
5.6568542494924301e-01 5.6568542494924312e-01 1.5827144598409117e+00 0
5.6568542494924301e-01 5.6568542494924312e-01 1.8119378978679406e+00 0
5.6568542494924301e-01 5.6568542494924312e-01 2.0409631111375592e+00 0
5.6568542494924301e-01 5.6568542494924312e-01 2.2701512100124641e+00 0
5.6568542494924301e-01 5.6568542494924312e-01 2.4992492377366382e+00 0
5.6568542494924301e-01 5.6568542494924312e-01 2.7283524417257317e+00 0
5.6568542494924301e-01 5.6568542494924312e-01 2.9575414928626560e+00 0
5.6568542494924301e-01 5.6568542494924312e-01 3.1866698336901971e+00 0
5.6568542494924301e-01 5.6568542494924312e-01 3.4157709960596616e+00 0
5.6568542494924301e-01 5.6568542494924312e-01 3.6449349816149961e+00 0
5.6568542494924301e-01 5.6568542494924312e-01 3.8740322778141207e+00 0
5.6568542494924301e-01 5.6568542494924312e-01 4.0929857179315654e+00 0
5.6568542494924301e-01 5.6568542494924312e-01 4.2557434077070297e+00 0
5.6568542494924301e-01 5.6568542494924312e-01 4.3867514650906303e+00 0
5.6568542494924301e-01 5.6568542494924312e-01 4.4994897821772408e+00 0
5.6568542494924301e-01 5.6568542494924312e-01 4.5999339713985066e+00 0
5.6568542494924301e-01 5.6568542494924312e-01 4.6915506547061723e+00 0
5.6568542494924301e-01 5.6568542494924312e-01 4.7760428825918355e+00 0
5.6568542494924301e-01 5.6568542494924312e-01 4.8549965148031129e+00 0
5.6568542494924301e-01 5.6568542494924312e-01 4.9293391219597193e+00 0
5.6568542494924301e-01 5.6568542494924312e-01 5.0000000000000000e+00 0
4.4445618641567580e-01 6.6517568984202780e-01 7.0343017578125000e-02 0
4.4445618641567580e-01 6.6517568984202780e-01 1.4481140766292810e-01 0
4.4445618641567580e-01 6.6517568984202780e-01 2.2378526995893822e-01 0
4.4445618641567580e-01 6.6517568984202780e-01 3.0817944502893868e-01 0
4.4445618641567580e-01 6.6517568984202780e-01 3.9967338224288235e-01 0
4.4445618641567580e-01 6.6517568984202780e-01 5.0005282351779501e-01 0
4.4445618641567580e-01 6.6517568984202780e-01 6.1252403743194694e-01 0
4.4445618641567580e-01 6.6517568984202780e-01 7.4333958966061475e-01 0
4.4445618641567580e-01 6.6517568984202780e-01 9.0584820090739748e-01 0
4.4445618641567580e-01 6.6517568984202780e-01 1.1244994963301287e+00 0
4.4445618641567580e-01 6.6517568984202780e-01 1.3537084799761314e+00 0
4.4445618641567580e-01 6.6517568984202780e-01 1.5827144598409117e+00 0
4.4445618641567580e-01 6.6517568984202780e-01 1.8119378978679406e+00 0
4.4445618641567580e-01 6.6517568984202780e-01 2.0409631111375592e+00 0
4.4445618641567580e-01 6.6517568984202780e-01 2.2701512100124641e+00 0
4.4445618641567580e-01 6.6517568984202780e-01 2.4992492377366382e+00 0
4.4445618641567580e-01 6.6517568984202780e-01 2.7283524417257317e+00 0
4.4445618641567580e-01 6.6517568984202780e-01 2.9575414928626560e+00 0
4.4445618641567580e-01 6.6517568984202780e-01 3.1866698336901971e+00 0
4.4445618641567580e-01 6.6517568984202780e-01 3.4157709960596616e+00 0
4.4445618641567580e-01 6.6517568984202780e-01 3.6449349816149961e+00 0
4.4445618641567580e-01 6.6517568984202780e-01 3.8740322778141207e+00 0
4.4445618641567580e-01 6.6517568984202780e-01 4.0929857179315654e+00 0
4.4445618641567580e-01 6.6517568984202780e-01 4.2557434077070297e+00 0
4.4445618641567580e-01 6.6517568984202780e-01 4.3867514650906303e+00 0
4.4445618641567580e-01 6.6517568984202780e-01 4.4994897821772408e+00 0
4.4445618641567580e-01 6.6517568984202780e-01 4.5999339713985066e+00 0
4.4445618641567580e-01 6.6517568984202780e-01 4.6915506547061723e+00 0
4.4445618641567580e-01 6.6517568984202780e-01 4.7760428825918355e+00 0
4.4445618641567580e-01 6.6517568984202780e-01 4.8549965148031129e+00 0
4.4445618641567580e-01 6.6517568984202780e-01 4.9293391219597193e+00 0
4.4445618641567580e-01 6.6517568984202780e-01 5.0000000000000000e+00 0
3.0614674589207064e-01 7.3910362600902668e-01 7.0343017578125000e-02 0
3.0614674589207064e-01 7.3910362600902668e-01 1.4481140766292810e-01 0
3.0614674589207064e-01 7.3910362600902668e-01 2.2378526995893822e-01 0
3.0614674589207064e-01 7.3910362600902668e-01 3.0817944502893868e-01 0
3.0614674589207064e-01 7.3910362600902668e-01 3.9967338224288235e-01 0
3.0614674589207064e-01 7.3910362600902668e-01 5.0005282351779501e-01 0
3.0614674589207064e-01 7.3910362600902668e-01 6.1252403743194694e-01 0
3.0614674589207064e-01 7.3910362600902668e-01 7.4333958966061475e-01 0
3.0614674589207064e-01 7.3910362600902668e-01 9.0584820090739748e-01 0
3.0614674589207064e-01 7.3910362600902668e-01 1.1244994963301287e+00 0
3.0614674589207064e-01 7.3910362600902668e-01 1.3537084799761314e+00 0
3.0614674589207064e-01 7.3910362600902668e-01 1.5827144598409117e+00 0
3.0614674589207064e-01 7.3910362600902668e-01 1.8119378978679406e+00 0
3.0614674589207064e-01 7.3910362600902668e-01 2.0409631111375592e+00 0
3.0614674589207064e-01 7.3910362600902668e-01 2.2701512100124641e+00 0
3.0614674589207064e-01 7.3910362600902668e-01 2.4992492377366382e+00 0
3.0614674589207064e-01 7.3910362600902668e-01 2.7283524417257317e+00 0
3.0614674589207064e-01 7.3910362600902668e-01 2.9575414928626560e+00 0
3.0614674589207064e-01 7.3910362600902668e-01 3.1866698336901971e+00 0
3.0614674589207064e-01 7.3910362600902668e-01 3.4157709960596616e+00 0
3.0614674589207064e-01 7.3910362600902668e-01 3.6449349816149961e+00 0
3.0614674589207064e-01 7.3910362600902668e-01 3.8740322778141207e+00 0
3.0614674589207064e-01 7.3910362600902668e-01 4.0929857179315654e+00 0
3.0614674589207064e-01 7.3910362600902668e-01 4.2557434077070297e+00 0
3.0614674589207064e-01 7.3910362600902668e-01 4.3867514650906303e+00 0
3.0614674589207064e-01 7.3910362600902668e-01 4.4994897821772408e+00 0
3.0614674589207064e-01 7.3910362600902668e-01 4.5999339713985066e+00 0
3.0614674589207064e-01 7.3910362600902668e-01 4.6915506547061723e+00 0
3.0614674589207064e-01 7.3910362600902668e-01 4.7760428825918355e+00 0
3.0614674589207064e-01 7.3910362600902668e-01 4.8549965148031129e+00 0
3.0614674589207064e-01 7.3910362600902668e-01 4.9293391219597193e+00 0
3.0614674589207064e-01 7.3910362600902668e-01 5.0000000000000000e+00 0
1.5607225761290283e-01 7.8462822432258572e-01 7.0343017578125000e-02 0
1.5607225761290283e-01 7.8462822432258572e-01 1.4481140766292810e-01 0
1.5607225761290283e-01 7.8462822432258572e-01 2.2378526995893822e-01 0
1.5607225761290283e-01 7.8462822432258572e-01 3.0817944502893868e-01 0
1.5607225761290283e-01 7.8462822432258572e-01 3.9967338224288235e-01 0
1.5607225761290283e-01 7.8462822432258572e-01 5.0005282351779501e-01 0
1.5607225761290283e-01 7.8462822432258572e-01 6.1252403743194694e-01 0
1.5607225761290283e-01 7.8462822432258572e-01 7.4333958966061475e-01 0
1.5607225761290283e-01 7.8462822432258572e-01 9.0584820090739748e-01 0
1.5607225761290283e-01 7.8462822432258572e-01 1.1244994963301287e+00 0
1.5607225761290283e-01 7.8462822432258572e-01 1.3537084799761314e+00 0
1.5607225761290283e-01 7.8462822432258572e-01 1.5827144598409117e+00 0
1.5607225761290283e-01 7.8462822432258572e-01 1.8119378978679406e+00 0
1.5607225761290283e-01 7.8462822432258572e-01 2.0409631111375592e+00 0
1.5607225761290283e-01 7.8462822432258572e-01 2.2701512100124641e+00 0
1.5607225761290283e-01 7.8462822432258572e-01 2.4992492377366382e+00 0
1.5607225761290283e-01 7.8462822432258572e-01 2.7283524417257317e+00 0
1.5607225761290283e-01 7.8462822432258572e-01 2.9575414928626560e+00 0
1.5607225761290283e-01 7.8462822432258572e-01 3.1866698336901971e+00 0
1.5607225761290283e-01 7.8462822432258572e-01 3.4157709960596616e+00 0
1.5607225761290283e-01 7.8462822432258572e-01 3.6449349816149961e+00 0
1.5607225761290283e-01 7.8462822432258572e-01 3.8740322778141207e+00 0
1.5607225761290283e-01 7.8462822432258572e-01 4.0929857179315654e+00 0
1.5607225761290283e-01 7.8462822432258572e-01 4.2557434077070297e+00 0
1.5607225761290283e-01 7.8462822432258572e-01 4.3867514650906303e+00 0
1.5607225761290283e-01 7.8462822432258572e-01 4.4994897821772408e+00 0
1.5607225761290283e-01 7.8462822432258572e-01 4.5999339713985066e+00 0
1.5607225761290283e-01 7.8462822432258572e-01 4.6915506547061723e+00 0
1.5607225761290283e-01 7.8462822432258572e-01 4.7760428825918355e+00 0
1.5607225761290283e-01 7.8462822432258572e-01 4.8549965148031129e+00 0
1.5607225761290283e-01 7.8462822432258572e-01 4.9293391219597193e+00 0
1.5607225761290283e-01 7.8462822432258572e-01 5.0000000000000000e+00 0
6.1963971283740227e-01 2.3945617730815072e-01 7.0343017578125000e-02 0
6.1963971283740227e-01 2.3945617730815072e-01 1.4481140766292810e-01 0
6.1963971283740227e-01 2.3945617730815072e-01 2.2378526995893822e-01 0
6.1963971283740227e-01 2.3945617730815072e-01 3.0817944502893868e-01 0
6.1963971283740227e-01 2.3945617730815072e-01 3.9967338224288235e-01 0
6.1963971283740227e-01 2.3945617730815072e-01 5.0005282351779501e-01 0
6.1963971283740227e-01 2.3945617730815072e-01 6.1252403743194694e-01 0
6.1963971283740227e-01 2.3945617730815072e-01 7.4333958966061475e-01 0
6.1963971283740227e-01 2.3945617730815072e-01 9.0584820090739748e-01 0
6.1963971283740227e-01 2.3945617730815072e-01 1.1244994963301287e+00 0
6.1963971283740227e-01 2.3945617730815072e-01 1.3537084799761314e+00 0
6.1963971283740227e-01 2.3945617730815072e-01 1.5827144598409117e+00 0
6.1963971283740227e-01 2.3945617730815072e-01 1.8119378978679406e+00 0
6.1963971283740227e-01 2.3945617730815072e-01 2.0409631111375592e+00 0
6.1963971283740227e-01 2.3945617730815072e-01 2.2701512100124641e+00 0
6.1963971283740227e-01 2.3945617730815072e-01 2.4992492377366382e+00 0
6.1963971283740227e-01 2.3945617730815072e-01 2.7283524417257317e+00 0
6.1963971283740227e-01 2.3945617730815072e-01 2.9575414928626560e+00 0
6.1963971283740227e-01 2.3945617730815072e-01 3.1866698336901971e+00 0
6.1963971283740227e-01 2.3945617730815072e-01 3.4157709960596616e+00 0
6.1963971283740227e-01 2.3945617730815072e-01 3.6449349816149961e+00 0
6.1963971283740227e-01 2.3945617730815072e-01 3.8740322778141207e+00 0
6.1963971283740227e-01 2.3945617730815072e-01 4.0929857179315654e+00 0
6.1963971283740227e-01 2.3945617730815072e-01 4.2557434077070297e+00 0
6.1963971283740227e-01 2.3945617730815072e-01 4.3867514650906303e+00 0
6.1963971283740227e-01 2.3945617730815072e-01 4.4994897821772408e+00 0
6.1963971283740227e-01 2.3945617730815072e-01 4.5999339713985066e+00 0
6.1963971283740227e-01 2.3945617730815072e-01 4.6915506547061723e+00 0
6.1963971283740227e-01 2.3945617730815072e-01 4.7760428825918355e+00 0
6.1963971283740227e-01 2.3945617730815072e-01 4.8549965148031129e+00 0
6.1963971283740227e-01 2.3945617730815072e-01 4.9293391219597193e+00 0
6.1963971283740227e-01 2.3945617730815072e-01 5.0000000000000000e+00 0
5.1888755255589436e-01 3.8075022523986107e-01 7.0343017578125000e-02 0
5.1888755255589436e-01 3.8075022523986107e-01 1.4481140766292810e-01 0
5.1888755255589436e-01 3.8075022523986107e-01 2.2378526995893822e-01 0
5.1888755255589436e-01 3.8075022523986107e-01 3.0817944502893868e-01 0
5.1888755255589436e-01 3.8075022523986107e-01 3.9967338224288235e-01 0
5.1888755255589436e-01 3.8075022523986107e-01 5.0005282351779501e-01 0
5.1888755255589436e-01 3.8075022523986107e-01 6.1252403743194694e-01 0
5.1888755255589436e-01 3.8075022523986107e-01 7.4333958966061475e-01 0
5.1888755255589436e-01 3.8075022523986107e-01 9.0584820090739748e-01 0
5.1888755255589436e-01 3.8075022523986107e-01 1.1244994963301287e+00 0
5.1888755255589436e-01 3.8075022523986107e-01 1.3537084799761314e+00 0
5.1888755255589436e-01 3.8075022523986107e-01 1.5827144598409117e+00 0
5.1888755255589436e-01 3.8075022523986107e-01 1.8119378978679406e+00 0
5.1888755255589436e-01 3.8075022523986107e-01 2.0409631111375592e+00 0
5.1888755255589436e-01 3.8075022523986107e-01 2.2701512100124641e+00 0
5.1888755255589436e-01 3.8075022523986107e-01 2.4992492377366382e+00 0
5.1888755255589436e-01 3.8075022523986107e-01 2.7283524417257317e+00 0
5.1888755255589436e-01 3.8075022523986107e-01 2.9575414928626560e+00 0
5.1888755255589436e-01 3.8075022523986107e-01 3.1866698336901971e+00 0
5.1888755255589436e-01 3.8075022523986107e-01 3.4157709960596616e+00 0
5.1888755255589436e-01 3.8075022523986107e-01 3.6449349816149961e+00 0
5.1888755255589436e-01 3.8075022523986107e-01 3.8740322778141207e+00 0
5.1888755255589436e-01 3.8075022523986107e-01 4.0929857179315654e+00 0
5.1888755255589436e-01 3.8075022523986107e-01 4.2557434077070297e+00 0
5.1888755255589436e-01 3.8075022523986107e-01 4.3867514650906303e+00 0
5.1888755255589436e-01 3.8075022523986107e-01 4.4994897821772408e+00 0
5.1888755255589436e-01 3.8075022523986107e-01 4.5999339713985066e+00 0
5.1888755255589436e-01 3.8075022523986107e-01 4.6915506547061723e+00 0
5.1888755255589436e-01 3.8075022523986107e-01 4.7760428825918355e+00 0
5.1888755255589436e-01 3.8075022523986107e-01 4.8549965148031129e+00 0
5.1888755255589436e-01 3.8075022523986107e-01 4.9293391219597193e+00 0
5.1888755255589436e-01 3.8075022523986107e-01 5.0000000000000000e+00 0
2.8130975115595230e-01 6.0940448826071814e-01 7.0343017578125000e-02 0
2.8130975115595230e-01 6.0940448826071814e-01 1.4481140766292810e-01 0
2.8130975115595230e-01 6.0940448826071814e-01 2.2378526995893822e-01 0
2.8130975115595230e-01 6.0940448826071814e-01 3.0817944502893868e-01 0
2.8130975115595230e-01 6.0940448826071814e-01 3.9967338224288235e-01 0
2.8130975115595230e-01 6.0940448826071814e-01 5.0005282351779501e-01 0
2.8130975115595230e-01 6.0940448826071814e-01 6.1252403743194694e-01 0
2.8130975115595230e-01 6.0940448826071814e-01 7.4333958966061475e-01 0
2.8130975115595230e-01 6.0940448826071814e-01 9.0584820090739748e-01 0
2.8130975115595230e-01 6.0940448826071814e-01 1.1244994963301287e+00 0
2.8130975115595230e-01 6.0940448826071814e-01 1.3537084799761314e+00 0
2.8130975115595230e-01 6.0940448826071814e-01 1.5827144598409117e+00 0
2.8130975115595230e-01 6.0940448826071814e-01 1.8119378978679406e+00 0
2.8130975115595230e-01 6.0940448826071814e-01 2.0409631111375592e+00 0
2.8130975115595230e-01 6.0940448826071814e-01 2.2701512100124641e+00 0
2.8130975115595230e-01 6.0940448826071814e-01 2.4992492377366382e+00 0
2.8130975115595230e-01 6.0940448826071814e-01 2.7283524417257317e+00 0
2.8130975115595230e-01 6.0940448826071814e-01 2.9575414928626560e+00 0
2.8130975115595230e-01 6.0940448826071814e-01 3.1866698336901971e+00 0
2.8130975115595230e-01 6.0940448826071814e-01 3.4157709960596616e+00 0
2.8130975115595230e-01 6.0940448826071814e-01 3.6449349816149961e+00 0
2.8130975115595230e-01 6.0940448826071814e-01 3.8740322778141207e+00 0
2.8130975115595230e-01 6.0940448826071814e-01 4.0929857179315654e+00 0
2.8130975115595230e-01 6.0940448826071814e-01 4.2557434077070297e+00 0
2.8130975115595230e-01 6.0940448826071814e-01 4.3867514650906303e+00 0
2.8130975115595230e-01 6.0940448826071814e-01 4.4994897821772408e+00 0
2.8130975115595230e-01 6.0940448826071814e-01 4.5999339713985066e+00 0
2.8130975115595230e-01 6.0940448826071814e-01 4.6915506547061723e+00 0
2.8130975115595230e-01 6.0940448826071814e-01 4.7760428825918355e+00 0
2.8130975115595230e-01 6.0940448826071814e-01 4.8549965148031129e+00 0
2.8130975115595230e-01 6.0940448826071814e-01 4.9293391219597193e+00 0
2.8130975115595230e-01 6.0940448826071814e-01 5.0000000000000000e+00 0
1.3676566046319083e-01 5.3266555710048258e-01 7.0343017578125000e-02 0
1.3676566046319083e-01 5.3266555710048258e-01 1.4481140766292810e-01 0
1.3676566046319083e-01 5.3266555710048258e-01 2.2378526995893822e-01 0
1.3676566046319083e-01 5.3266555710048258e-01 3.0817944502893868e-01 0
1.3676566046319083e-01 5.3266555710048258e-01 3.9967338224288235e-01 0
1.3676566046319083e-01 5.3266555710048258e-01 5.0005282351779501e-01 0
1.3676566046319083e-01 5.3266555710048258e-01 6.1252403743194694e-01 0
1.3676566046319083e-01 5.3266555710048258e-01 7.4333958966061475e-01 0
1.3676566046319083e-01 5.3266555710048258e-01 9.0584820090739748e-01 0
1.3676566046319083e-01 5.3266555710048258e-01 1.1244994963301287e+00 0
1.3676566046319083e-01 5.3266555710048258e-01 1.3537084799761314e+00 0
1.3676566046319083e-01 5.3266555710048258e-01 1.5827144598409117e+00 0
1.3676566046319083e-01 5.3266555710048258e-01 1.8119378978679406e+00 0
1.3676566046319083e-01 5.3266555710048258e-01 2.0409631111375592e+00 0
1.3676566046319083e-01 5.3266555710048258e-01 2.2701512100124641e+00 0
1.3676566046319083e-01 5.3266555710048258e-01 2.4992492377366382e+00 0
1.3676566046319083e-01 5.3266555710048258e-01 2.7283524417257317e+00 0
1.3676566046319083e-01 5.3266555710048258e-01 2.9575414928626560e+00 0
1.3676566046319083e-01 5.3266555710048258e-01 3.1866698336901971e+00 0
1.3676566046319083e-01 5.3266555710048258e-01 3.4157709960596616e+00 0
1.3676566046319083e-01 5.3266555710048258e-01 3.6449349816149961e+00 0
1.3676566046319083e-01 5.3266555710048258e-01 3.8740322778141207e+00 0
1.3676566046319083e-01 5.3266555710048258e-01 4.0929857179315654e+00 0
1.3676566046319083e-01 5.3266555710048258e-01 4.2557434077070297e+00 0
1.3676566046319083e-01 5.3266555710048258e-01 4.3867514650906303e+00 0
1.3676566046319083e-01 5.3266555710048258e-01 4.4994897821772408e+00 0
1.3676566046319083e-01 5.3266555710048258e-01 4.5999339713985066e+00 0
1.3676566046319083e-01 5.3266555710048258e-01 4.6915506547061723e+00 0
1.3676566046319083e-01 5.3266555710048258e-01 4.7760428825918355e+00 0
1.3676566046319083e-01 5.3266555710048258e-01 4.8549965148031129e+00 0
1.3676566046319083e-01 5.3266555710048258e-01 4.9293391219597193e+00 0
1.3676566046319083e-01 5.3266555710048258e-01 5.0000000000000000e+00 0
2.6096127239646483e-01 1.6917688389879698e-01 7.0343017578125000e-02 0
2.6096127239646483e-01 1.6917688389879698e-01 1.4481140766292810e-01 0
2.6096127239646483e-01 1.6917688389879698e-01 2.2378526995893822e-01 0
2.6096127239646483e-01 1.6917688389879698e-01 3.0817944502893868e-01 0
2.6096127239646483e-01 1.6917688389879698e-01 3.9967338224288235e-01 0
2.6096127239646483e-01 1.6917688389879698e-01 5.0005282351779501e-01 0
2.6096127239646483e-01 1.6917688389879698e-01 6.1252403743194694e-01 0
2.6096127239646483e-01 1.6917688389879698e-01 7.4333958966061475e-01 0
2.6096127239646483e-01 1.6917688389879698e-01 9.0584820090739748e-01 0
2.6096127239646483e-01 1.6917688389879698e-01 1.1244994963301287e+00 0
2.6096127239646483e-01 1.6917688389879698e-01 1.3537084799761314e+00 0
2.6096127239646483e-01 1.6917688389879698e-01 1.5827144598409117e+00 0
2.6096127239646483e-01 1.6917688389879698e-01 1.8119378978679406e+00 0
2.6096127239646483e-01 1.6917688389879698e-01 2.0409631111375592e+00 0
2.6096127239646483e-01 1.6917688389879698e-01 2.2701512100124641e+00 0
2.6096127239646483e-01 1.6917688389879698e-01 2.4992492377366382e+00 0
2.6096127239646483e-01 1.6917688389879698e-01 2.7283524417257317e+00 0
2.6096127239646483e-01 1.6917688389879698e-01 2.9575414928626560e+00 0
2.6096127239646483e-01 1.6917688389879698e-01 3.1866698336901971e+00 0
2.6096127239646483e-01 1.6917688389879698e-01 3.4157709960596616e+00 0
2.6096127239646483e-01 1.6917688389879698e-01 3.6449349816149961e+00 0
2.6096127239646483e-01 1.6917688389879698e-01 3.8740322778141207e+00 0
2.6096127239646483e-01 1.6917688389879698e-01 4.0929857179315654e+00 0
2.6096127239646483e-01 1.6917688389879698e-01 4.2557434077070297e+00 0
2.6096127239646483e-01 1.6917688389879698e-01 4.3867514650906303e+00 0
2.6096127239646483e-01 1.6917688389879698e-01 4.4994897821772408e+00 0
2.6096127239646483e-01 1.6917688389879698e-01 4.5999339713985066e+00 0
2.6096127239646483e-01 1.6917688389879698e-01 4.6915506547061723e+00 0
2.6096127239646483e-01 1.6917688389879698e-01 4.7760428825918355e+00 0
2.6096127239646483e-01 1.6917688389879698e-01 4.8549965148031129e+00 0
2.6096127239646483e-01 1.6917688389879698e-01 4.9293391219597193e+00 0
2.6096127239646483e-01 1.6917688389879698e-01 5.0000000000000000e+00 0
4.5896720399260144e-01 1.8335267001717473e-01 7.0343017578125000e-02 0
4.5896720399260144e-01 1.8335267001717473e-01 1.4481140766292810e-01 0
4.5896720399260144e-01 1.8335267001717473e-01 2.2378526995893822e-01 0
4.5896720399260144e-01 1.8335267001717473e-01 3.0817944502893868e-01 0
4.5896720399260144e-01 1.8335267001717473e-01 3.9967338224288235e-01 0
4.5896720399260144e-01 1.8335267001717473e-01 5.0005282351779501e-01 0
4.5896720399260144e-01 1.8335267001717473e-01 6.1252403743194694e-01 0
4.5896720399260144e-01 1.8335267001717473e-01 7.4333958966061475e-01 0
4.5896720399260144e-01 1.8335267001717473e-01 9.0584820090739748e-01 0
4.5896720399260144e-01 1.8335267001717473e-01 1.1244994963301287e+00 0
4.5896720399260144e-01 1.8335267001717473e-01 1.3537084799761314e+00 0
4.5896720399260144e-01 1.8335267001717473e-01 1.5827144598409117e+00 0
4.5896720399260144e-01 1.8335267001717473e-01 1.8119378978679406e+00 0
4.5896720399260144e-01 1.8335267001717473e-01 2.0409631111375592e+00 0
4.5896720399260144e-01 1.8335267001717473e-01 2.2701512100124641e+00 0
4.5896720399260144e-01 1.8335267001717473e-01 2.4992492377366382e+00 0
4.5896720399260144e-01 1.8335267001717473e-01 2.7283524417257317e+00 0
4.5896720399260144e-01 1.8335267001717473e-01 2.9575414928626560e+00 0
4.5896720399260144e-01 1.8335267001717473e-01 3.1866698336901971e+00 0
4.5896720399260144e-01 1.8335267001717473e-01 3.4157709960596616e+00 0
4.5896720399260144e-01 1.8335267001717473e-01 3.6449349816149961e+00 0
4.5896720399260144e-01 1.8335267001717473e-01 3.8740322778141207e+00 0
4.5896720399260144e-01 1.8335267001717473e-01 4.0929857179315654e+00 0
4.5896720399260144e-01 1.8335267001717473e-01 4.2557434077070297e+00 0
4.5896720399260144e-01 1.8335267001717473e-01 4.3867514650906303e+00 0
4.5896720399260144e-01 1.8335267001717473e-01 4.4994897821772408e+00 0
4.5896720399260144e-01 1.8335267001717473e-01 4.5999339713985066e+00 0
4.5896720399260144e-01 1.8335267001717473e-01 4.6915506547061723e+00 0
4.5896720399260144e-01 1.8335267001717473e-01 4.7760428825918355e+00 0
4.5896720399260144e-01 1.8335267001717473e-01 4.8549965148031129e+00 0
4.5896720399260144e-01 1.8335267001717473e-01 4.9293391219597193e+00 0
4.5896720399260144e-01 1.8335267001717473e-01 5.0000000000000000e+00 0
4.1229566881092772e-01 5.0951519695052572e-01 7.0343017578125000e-02 0
4.1229566881092772e-01 5.0951519695052572e-01 1.4481140766292810e-01 0
4.1229566881092772e-01 5.0951519695052572e-01 2.2378526995893822e-01 0
4.1229566881092772e-01 5.0951519695052572e-01 3.0817944502893868e-01 0
4.1229566881092772e-01 5.0951519695052572e-01 3.9967338224288235e-01 0
4.1229566881092772e-01 5.0951519695052572e-01 5.0005282351779501e-01 0
4.1229566881092772e-01 5.0951519695052572e-01 6.1252403743194694e-01 0
4.1229566881092772e-01 5.0951519695052572e-01 7.4333958966061475e-01 0
4.1229566881092772e-01 5.0951519695052572e-01 9.0584820090739748e-01 0
4.1229566881092772e-01 5.0951519695052572e-01 1.1244994963301287e+00 0
4.1229566881092772e-01 5.0951519695052572e-01 1.3537084799761314e+00 0
4.1229566881092772e-01 5.0951519695052572e-01 1.5827144598409117e+00 0
4.1229566881092772e-01 5.0951519695052572e-01 1.8119378978679406e+00 0
4.1229566881092772e-01 5.0951519695052572e-01 2.0409631111375592e+00 0
4.1229566881092772e-01 5.0951519695052572e-01 2.2701512100124641e+00 0
4.1229566881092772e-01 5.0951519695052572e-01 2.4992492377366382e+00 0
4.1229566881092772e-01 5.0951519695052572e-01 2.7283524417257317e+00 0
4.1229566881092772e-01 5.0951519695052572e-01 2.9575414928626560e+00 0
4.1229566881092772e-01 5.0951519695052572e-01 3.1866698336901971e+00 0
4.1229566881092772e-01 5.0951519695052572e-01 3.4157709960596616e+00 0
4.1229566881092772e-01 5.0951519695052572e-01 3.6449349816149961e+00 0
4.1229566881092772e-01 5.0951519695052572e-01 3.8740322778141207e+00 0
4.1229566881092772e-01 5.0951519695052572e-01 4.0929857179315654e+00 0
4.1229566881092772e-01 5.0951519695052572e-01 4.2557434077070297e+00 0
4.1229566881092772e-01 5.0951519695052572e-01 4.3867514650906303e+00 0
4.1229566881092772e-01 5.0951519695052572e-01 4.4994897821772408e+00 0
4.1229566881092772e-01 5.0951519695052572e-01 4.5999339713985066e+00 0
4.1229566881092772e-01 5.0951519695052572e-01 4.6915506547061723e+00 0
4.1229566881092772e-01 5.0951519695052572e-01 4.7760428825918355e+00 0
4.1229566881092772e-01 5.0951519695052572e-01 4.8549965148031129e+00 0
4.1229566881092772e-01 5.0951519695052572e-01 4.9293391219597193e+00 0
4.1229566881092772e-01 5.0951519695052572e-01 5.0000000000000000e+00 0
1.6446314292625785e-01 3.3683208287051652e-01 7.0343017578125000e-02 0
1.6446314292625785e-01 3.3683208287051652e-01 1.4481140766292810e-01 0
1.6446314292625785e-01 3.3683208287051652e-01 2.2378526995893822e-01 0
1.6446314292625785e-01 3.3683208287051652e-01 3.0817944502893868e-01 0
1.6446314292625785e-01 3.3683208287051652e-01 3.9967338224288235e-01 0
1.6446314292625785e-01 3.3683208287051652e-01 5.0005282351779501e-01 0
1.6446314292625785e-01 3.3683208287051652e-01 6.1252403743194694e-01 0
1.6446314292625785e-01 3.3683208287051652e-01 7.4333958966061475e-01 0
1.6446314292625785e-01 3.3683208287051652e-01 9.0584820090739748e-01 0
1.6446314292625785e-01 3.3683208287051652e-01 1.1244994963301287e+00 0
1.6446314292625785e-01 3.3683208287051652e-01 1.3537084799761314e+00 0
1.6446314292625785e-01 3.3683208287051652e-01 1.5827144598409117e+00 0
1.6446314292625785e-01 3.3683208287051652e-01 1.8119378978679406e+00 0
1.6446314292625785e-01 3.3683208287051652e-01 2.0409631111375592e+00 0
1.6446314292625785e-01 3.3683208287051652e-01 2.2701512100124641e+00 0
1.6446314292625785e-01 3.3683208287051652e-01 2.4992492377366382e+00 0
1.6446314292625785e-01 3.3683208287051652e-01 2.7283524417257317e+00 0
1.6446314292625785e-01 3.3683208287051652e-01 2.9575414928626560e+00 0
1.6446314292625785e-01 3.3683208287051652e-01 3.1866698336901971e+00 0
1.6446314292625785e-01 3.3683208287051652e-01 3.4157709960596616e+00 0
1.6446314292625785e-01 3.3683208287051652e-01 3.6449349816149961e+00 0
1.6446314292625785e-01 3.3683208287051652e-01 3.8740322778141207e+00 0
1.6446314292625785e-01 3.3683208287051652e-01 4.0929857179315654e+00 0
1.6446314292625785e-01 3.3683208287051652e-01 4.2557434077070297e+00 0
1.6446314292625785e-01 3.3683208287051652e-01 4.3867514650906303e+00 0
1.6446314292625785e-01 3.3683208287051652e-01 4.4994897821772408e+00 0
1.6446314292625785e-01 3.3683208287051652e-01 4.5999339713985066e+00 0
1.6446314292625785e-01 3.3683208287051652e-01 4.6915506547061723e+00 0
1.6446314292625785e-01 3.3683208287051652e-01 4.7760428825918355e+00 0
1.6446314292625785e-01 3.3683208287051652e-01 4.8549965148031129e+00 0
1.6446314292625785e-01 3.3683208287051652e-01 4.9293391219597193e+00 0
1.6446314292625785e-01 3.3683208287051652e-01 5.0000000000000000e+00 0
2.7062790438040846e-01 4.6138553292452350e-01 7.0343017578125000e-02 0
2.7062790438040846e-01 4.6138553292452350e-01 1.4481140766292810e-01 0
2.7062790438040846e-01 4.6138553292452350e-01 2.2378526995893822e-01 0
2.7062790438040846e-01 4.6138553292452350e-01 3.0817944502893868e-01 0
2.7062790438040846e-01 4.6138553292452350e-01 3.9967338224288235e-01 0
2.7062790438040846e-01 4.6138553292452350e-01 5.0005282351779501e-01 0
2.7062790438040846e-01 4.6138553292452350e-01 6.1252403743194694e-01 0
2.7062790438040846e-01 4.6138553292452350e-01 7.4333958966061475e-01 0
2.7062790438040846e-01 4.6138553292452350e-01 9.0584820090739748e-01 0
2.7062790438040846e-01 4.6138553292452350e-01 1.1244994963301287e+00 0
2.7062790438040846e-01 4.6138553292452350e-01 1.3537084799761314e+00 0
2.7062790438040846e-01 4.6138553292452350e-01 1.5827144598409117e+00 0
2.7062790438040846e-01 4.6138553292452350e-01 1.8119378978679406e+00 0
2.7062790438040846e-01 4.6138553292452350e-01 2.0409631111375592e+00 0
2.7062790438040846e-01 4.6138553292452350e-01 2.2701512100124641e+00 0
2.7062790438040846e-01 4.6138553292452350e-01 2.4992492377366382e+00 0
2.7062790438040846e-01 4.6138553292452350e-01 2.7283524417257317e+00 0
2.7062790438040846e-01 4.6138553292452350e-01 2.9575414928626560e+00 0
2.7062790438040846e-01 4.6138553292452350e-01 3.1866698336901971e+00 0
2.7062790438040846e-01 4.6138553292452350e-01 3.4157709960596616e+00 0
2.7062790438040846e-01 4.6138553292452350e-01 3.6449349816149961e+00 0
2.7062790438040846e-01 4.6138553292452350e-01 3.8740322778141207e+00 0
2.7062790438040846e-01 4.6138553292452350e-01 4.0929857179315654e+00 0
2.7062790438040846e-01 4.6138553292452350e-01 4.2557434077070297e+00 0
2.7062790438040846e-01 4.6138553292452350e-01 4.3867514650906303e+00 0
2.7062790438040846e-01 4.6138553292452350e-01 4.4994897821772408e+00 0
2.7062790438040846e-01 4.6138553292452350e-01 4.5999339713985066e+00 0
2.7062790438040846e-01 4.6138553292452350e-01 4.6915506547061723e+00 0
2.7062790438040846e-01 4.6138553292452350e-01 4.7760428825918355e+00 0
2.7062790438040846e-01 4.6138553292452350e-01 4.8549965148031129e+00 0
2.7062790438040846e-01 4.6138553292452350e-01 4.9293391219597193e+00 0
2.7062790438040846e-01 4.6138553292452350e-01 5.0000000000000000e+00 0
3.5326460791575720e-01 3.3063205295820824e-01 7.0343017578125000e-02 0
3.5326460791575720e-01 3.3063205295820824e-01 1.4481140766292810e-01 0
3.5326460791575720e-01 3.3063205295820824e-01 2.2378526995893822e-01 0
3.5326460791575720e-01 3.3063205295820824e-01 3.0817944502893868e-01 0
3.5326460791575720e-01 3.3063205295820824e-01 3.9967338224288235e-01 0
3.5326460791575720e-01 3.3063205295820824e-01 5.0005282351779501e-01 0
3.5326460791575720e-01 3.3063205295820824e-01 6.1252403743194694e-01 0
3.5326460791575720e-01 3.3063205295820824e-01 7.4333958966061475e-01 0
3.5326460791575720e-01 3.3063205295820824e-01 9.0584820090739748e-01 0
3.5326460791575720e-01 3.3063205295820824e-01 1.1244994963301287e+00 0
3.5326460791575720e-01 3.3063205295820824e-01 1.3537084799761314e+00 0
3.5326460791575720e-01 3.3063205295820824e-01 1.5827144598409117e+00 0
3.5326460791575720e-01 3.3063205295820824e-01 1.8119378978679406e+00 0
3.5326460791575720e-01 3.3063205295820824e-01 2.0409631111375592e+00 0
3.5326460791575720e-01 3.3063205295820824e-01 2.2701512100124641e+00 0
3.5326460791575720e-01 3.3063205295820824e-01 2.4992492377366382e+00 0
3.5326460791575720e-01 3.3063205295820824e-01 2.7283524417257317e+00 0
3.5326460791575720e-01 3.3063205295820824e-01 2.9575414928626560e+00 0
3.5326460791575720e-01 3.3063205295820824e-01 3.1866698336901971e+00 0
3.5326460791575720e-01 3.3063205295820824e-01 3.4157709960596616e+00 0
3.5326460791575720e-01 3.3063205295820824e-01 3.6449349816149961e+00 0
3.5326460791575720e-01 3.3063205295820824e-01 3.8740322778141207e+00 0
3.5326460791575720e-01 3.3063205295820824e-01 4.0929857179315654e+00 0
3.5326460791575720e-01 3.3063205295820824e-01 4.2557434077070297e+00 0
3.5326460791575720e-01 3.3063205295820824e-01 4.3867514650906303e+00 0
3.5326460791575720e-01 3.3063205295820824e-01 4.4994897821772408e+00 0
3.5326460791575720e-01 3.3063205295820824e-01 4.5999339713985066e+00 0
3.5326460791575720e-01 3.3063205295820824e-01 4.6915506547061723e+00 0
3.5326460791575720e-01 3.3063205295820824e-01 4.7760428825918355e+00 0
3.5326460791575720e-01 3.3063205295820824e-01 4.8549965148031129e+00 0
3.5326460791575720e-01 3.3063205295820824e-01 4.9293391219597193e+00 0
3.5326460791575720e-01 3.3063205295820824e-01 5.0000000000000000e+00 0

Hexahedra
1024
2 21 25 10 319 735 831 287 0
319 735 831 287 320 736 832 288 0
320 736 832 288 321 737 833 289 0
321 737 833 289 322 738 834 290 0
322 738 834 290 323 739 835 291 0
323 739 835 291 324 740 836 292 0
324 740 836 292 325 741 837 293 0
325 741 837 293 326 742 838 294 0
326 742 838 294 327 743 839 295 0
327 743 839 295 328 744 840 296 0
328 744 840 296 329 745 841 297 0
329 745 841 297 330 746 842 298 0
330 746 842 298 331 747 843 299 0
331 747 843 299 332 748 844 300 0
332 748 844 300 333 749 845 301 0
333 749 845 301 334 750 846 302 0
334 750 846 302 335 751 847 303 0
335 751 847 303 336 752 848 304 0
336 752 848 304 337 753 849 305 0
337 753 849 305 338 754 850 306 0
338 754 850 306 339 755 851 307 0
339 755 851 307 340 756 852 308 0
340 756 852 308 341 757 853 309 0
341 757 853 309 342 758 854 310 0
342 758 854 310 343 759 855 311 0
343 759 855 311 344 760 856 312 0
344 760 856 312 345 761 857 313 0
345 761 857 313 346 762 858 314 0
346 762 858 314 347 763 859 315 0
347 763 859 315 348 764 860 316 0
348 764 860 316 349 765 861 317 0
349 765 861 317 350 766 862 318 0
10 25 26 9 287 831 863 255 0
287 831 863 255 288 832 864 256 0
288 832 864 256 289 833 865 257 0
289 833 865 257 290 834 866 258 0
290 834 866 258 291 835 867 259 0
291 835 867 259 292 836 868 260 0
292 836 868 260 293 837 869 261 0
293 837 869 261 294 838 870 262 0
294 838 870 262 295 839 871 263 0
295 839 871 263 296 840 872 264 0
296 840 872 264 297 841 873 265 0
297 841 873 265 298 842 874 266 0
298 842 874 266 299 843 875 267 0
299 843 875 267 300 844 876 268 0
300 844 876 268 301 845 877 269 0
301 845 877 269 302 846 878 270 0
302 846 878 270 303 847 879 271 0
303 847 879 271 304 848 880 272 0
304 848 880 272 305 849 881 273 0
305 849 881 273 306 850 882 274 0
306 850 882 274 307 851 883 275 0
307 851 883 275 308 852 884 276 0
308 852 884 276 309 853 885 277 0
309 853 885 277 310 854 886 278 0
310 854 886 278 311 855 887 279 0
311 855 887 279 312 856 888 280 0
312 856 888 280 313 857 889 281 0
313 857 889 281 314 858 890 282 0
314 858 890 282 315 859 891 283 0
315 859 891 283 316 860 892 284 0
316 860 892 284 317 861 893 285 0
317 861 893 285 318 862 894 286 0
9 26 27 8 255 863 895 223 0
255 863 895 223 256 864 896 224 0
256 864 896 224 257 865 897 225 0
257 865 897 225 258 866 898 226 0
258 866 898 226 259 867 899 227 0
259 867 899 227 260 868 900 228 0
260 868 900 228 261 869 901 229 0
261 869 901 229 262 870 902 230 0
262 870 902 230 263 871 903 231 0
263 871 903 231 264 872 904 232 0
264 872 904 232 265 873 905 233 0
265 873 905 233 266 874 906 234 0
266 874 906 234 267 875 907 235 0
267 875 907 235 268 876 908 236 0
268 876 908 236 269 877 909 237 0
269 877 909 237 270 878 910 238 0
270 878 910 238 271 879 911 239 0
271 879 911 239 272 880 912 240 0
272 880 912 240 273 881 913 241 0
273 881 913 241 274 882 914 242 0
274 882 914 242 275 883 915 243 0
275 883 915 243 276 884 916 244 0
276 884 916 244 277 885 917 245 0
277 885 917 245 278 886 918 246 0
278 886 918 246 279 887 919 247 0
279 887 919 247 280 888 920 248 0
280 888 920 248 281 889 921 249 0
281 889 921 249 282 890 922 250 0
282 890 922 250 283 891 923 251 0
283 891 923 251 284 892 924 252 0
284 892 924 252 285 893 925 253 0
285 893 925 253 286 894 926 254 0
8 27 28 7 223 895 927 191 0
223 895 927 191 224 896 928 192 0
224 896 928 192 225 897 929 193 0
225 897 929 193 226 898 930 194 0
226 898 930 194 227 899 931 195 0
227 899 931 195 228 900 932 196 0
228 900 932 196 229 901 933 197 0
229 901 933 197 230 902 934 198 0
230 902 934 198 231 903 935 199 0
231 903 935 199 232 904 936 200 0
232 904 936 200 233 905 937 201 0
233 905 937 201 234 906 938 202 0
234 906 938 202 235 907 939 203 0
235 907 939 203 236 908 940 204 0
236 908 940 204 237 909 941 205 0
237 909 941 205 238 910 942 206 0
238 910 942 206 239 911 943 207 0
239 911 943 207 240 912 944 208 0
240 912 944 208 241 913 945 209 0
241 913 945 209 242 914 946 210 0
242 914 946 210 243 915 947 211 0
243 915 947 211 244 916 948 212 0
244 916 948 212 245 917 949 213 0
245 917 949 213 246 918 950 214 0
246 918 950 214 247 919 951 215 0
247 919 951 215 248 920 952 216 0
248 920 952 216 249 921 953 217 0
249 921 953 217 250 922 954 218 0
250 922 954 218 251 923 955 219 0
251 923 955 219 252 924 956 220 0
252 924 956 220 253 925 957 221 0
253 925 957 221 254 926 958 222 0
7 28 29 6 191 927 959 159 0
191 927 959 159 192 928 960 160 0
192 928 960 160 193 929 961 161 0
193 929 961 161 194 930 962 162 0
194 930 962 162 195 931 963 163 0
195 931 963 163 196 932 964 164 0
196 932 964 164 197 933 965 165 0
197 933 965 165 198 934 966 166 0
198 934 966 166 199 935 967 167 0
199 935 967 167 200 936 968 168 0
200 936 968 168 201 937 969 169 0
201 937 969 169 202 938 970 170 0
202 938 970 170 203 939 971 171 0
203 939 971 171 204 940 972 172 0
204 940 972 172 205 941 973 173 0
205 941 973 173 206 942 974 174 0
206 942 974 174 207 943 975 175 0
207 943 975 175 208 944 976 176 0
208 944 976 176 209 945 977 177 0
209 945 977 177 210 946 978 178 0
210 946 978 178 211 947 979 179 0
211 947 979 179 212 948 980 180 0
212 948 980 180 213 949 981 181 0
213 949 981 181 214 950 982 182 0
214 950 982 182 215 951 983 183 0
215 951 983 183 216 952 984 184 0
216 952 984 184 217 953 985 185 0
217 953 985 185 218 954 986 186 0
218 954 986 186 219 955 987 187 0
219 955 987 187 220 956 988 188 0
220 956 988 188 221 957 989 189 0
221 957 989 189 222 958 990 190 0
6 29 30 5 159 959 991 127 0
159 959 991 127 160 960 992 128 0
160 960 992 128 161 961 993 129 0
161 961 993 129 162 962 994 130 0
162 962 994 130 163 963 995 131 0
163 963 995 131 164 964 996 132 0
164 964 996 132 165 965 997 133 0
165 965 997 133 166 966 998 134 0
166 966 998 134 167 967 999 135 0
167 967 999 135 168 968 1000 136 0
168 968 1000 136 169 969 1001 137 0
169 969 1001 137 170 970 1002 138 0
170 970 1002 138 171 971 1003 139 0
171 971 1003 139 172 972 1004 140 0
172 972 1004 140 173 973 1005 141 0
173 973 1005 141 174 974 1006 142 0
174 974 1006 142 175 975 1007 143 0
175 975 1007 143 176 976 1008 144 0
176 976 1008 144 177 977 1009 145 0
177 977 1009 145 178 978 1010 146 0
178 978 1010 146 179 979 1011 147 0
179 979 1011 147 180 980 1012 148 0
180 980 1012 148 181 981 1013 149 0
181 981 1013 149 182 982 1014 150 0
182 982 1014 150 183 983 1015 151 0
183 983 1015 151 184 984 1016 152 0
184 984 1016 152 185 985 1017 153 0
185 985 1017 153 186 986 1018 154 0
186 986 1018 154 187 987 1019 155 0
187 987 1019 155 188 988 1020 156 0
188 988 1020 156 189 989 1021 157 0
189 989 1021 157 190 990 1022 158 0
5 30 31 4 127 991 1023 95 0
127 991 1023 95 128 992 1024 96 0
128 992 1024 96 129 993 1025 97 0
129 993 1025 97 130 994 1026 98 0
130 994 1026 98 131 995 1027 99 0
131 995 1027 99 132 996 1028 100 0
132 996 1028 100 133 997 1029 101 0
133 997 1029 101 134 998 1030 102 0
134 998 1030 102 135 999 1031 103 0
135 999 1031 103 136 1000 1032 104 0
136 1000 1032 104 137 1001 1033 105 0
137 1001 1033 105 138 1002 1034 106 0
138 1002 1034 106 139 1003 1035 107 0
139 1003 1035 107 140 1004 1036 108 0
140 1004 1036 108 141 1005 1037 109 0
141 1005 1037 109 142 1006 1038 110 0
142 1006 1038 110 143 1007 1039 111 0
143 1007 1039 111 144 1008 1040 112 0
144 1008 1040 112 145 1009 1041 113 0
145 1009 1041 113 146 1010 1042 114 0
146 1010 1042 114 147 1011 1043 115 0
147 1011 1043 115 148 1012 1044 116 0
148 1012 1044 116 149 1013 1045 117 0
149 1013 1045 117 150 1014 1046 118 0
150 1014 1046 118 151 1015 1047 119 0
151 1015 1047 119 152 1016 1048 120 0
152 1016 1048 120 153 1017 1049 121 0
153 1017 1049 121 154 1018 1050 122 0
154 1018 1050 122 155 1019 1051 123 0
155 1019 1051 123 156 1020 1052 124 0
156 1020 1052 124 157 1021 1053 125 0
157 1021 1053 125 158 1022 1054 126 0
4 31 17 1 95 1023 639 63 0
95 1023 639 63 96 1024 640 64 0
96 1024 640 64 97 1025 641 65 0
97 1025 641 65 98 1026 642 66 0
98 1026 642 66 99 1027 643 67 0
99 1027 643 67 100 1028 644 68 0
100 1028 644 68 101 1029 645 69 0
101 1029 645 69 102 1030 646 70 0
102 1030 646 70 103 1031 647 71 0
103 1031 647 71 104 1032 648 72 0
104 1032 648 72 105 1033 649 73 0
105 1033 649 73 106 1034 650 74 0
106 1034 650 74 107 1035 651 75 0
107 1035 651 75 108 1036 652 76 0
108 1036 652 76 109 1037 653 77 0
109 1037 653 77 110 1038 654 78 0
110 1038 654 78 111 1039 655 79 0
111 1039 655 79 112 1040 656 80 0
112 1040 656 80 113 1041 657 81 0
113 1041 657 81 114 1042 658 82 0
114 1042 658 82 115 1043 659 83 0
115 1043 659 83 116 1044 660 84 0
116 1044 660 84 117 1045 661 85 0
117 1045 661 85 118 1046 662 86 0
118 1046 662 86 119 1047 663 87 0
119 1047 663 87 120 1048 664 88 0
120 1048 664 88 121 1049 665 89 0
121 1049 665 89 122 1050 666 90 0
122 1050 666 90 123 1051 667 91 0
123 1051 667 91 124 1052 668 92 0
124 1052 668 92 125 1053 669 93 0
125 1053 669 93 126 1054 670 94 0
21 22 32 25 735 767 1055 831 0
735 767 1055 831 736 768 1056 832 0
736 768 1056 832 737 769 1057 833 0
737 769 1057 833 738 770 1058 834 0
738 770 1058 834 739 771 1059 835 0
739 771 1059 835 740 772 1060 836 0
740 772 1060 836 741 773 1061 837 0
741 773 1061 837 742 774 1062 838 0
742 774 1062 838 743 775 1063 839 0
743 775 1063 839 744 776 1064 840 0
744 776 1064 840 745 777 1065 841 0
745 777 1065 841 746 778 1066 842 0
746 778 1066 842 747 779 1067 843 0
747 779 1067 843 748 780 1068 844 0
748 780 1068 844 749 781 1069 845 0
749 781 1069 845 750 782 1070 846 0
750 782 1070 846 751 783 1071 847 0
751 783 1071 847 752 784 1072 848 0
752 784 1072 848 753 785 1073 849 0
753 785 1073 849 754 786 1074 850 0
754 786 1074 850 755 787 1075 851 0
755 787 1075 851 756 788 1076 852 0
756 788 1076 852 757 789 1077 853 0
757 789 1077 853 758 790 1078 854 0
758 790 1078 854 759 791 1079 855 0
759 791 1079 855 760 792 1080 856 0
760 792 1080 856 761 793 1081 857 0
761 793 1081 857 762 794 1082 858 0
762 794 1082 858 763 795 1083 859 0
763 795 1083 859 764 796 1084 860 0
764 796 1084 860 765 797 1085 861 0
765 797 1085 861 766 798 1086 862 0
25 32 33 26 831 1055 1087 863 0
831 1055 1087 863 832 1056 1088 864 0
832 1056 1088 864 833 1057 1089 865 0
833 1057 1089 865 834 1058 1090 866 0
834 1058 1090 866 835 1059 1091 867 0
835 1059 1091 867 836 1060 1092 868 0
836 1060 1092 868 837 1061 1093 869 0
837 1061 1093 869 838 1062 1094 870 0
838 1062 1094 870 839 1063 1095 871 0
839 1063 1095 871 840 1064 1096 872 0
840 1064 1096 872 841 1065 1097 873 0
841 1065 1097 873 842 1066 1098 874 0
842 1066 1098 874 843 1067 1099 875 0
843 1067 1099 875 844 1068 1100 876 0
844 1068 1100 876 845 1069 1101 877 0
845 1069 1101 877 846 1070 1102 878 0
846 1070 1102 878 847 1071 1103 879 0
847 1071 1103 879 848 1072 1104 880 0
848 1072 1104 880 849 1073 1105 881 0
849 1073 1105 881 850 1074 1106 882 0
850 1074 1106 882 851 1075 1107 883 0
851 1075 1107 883 852 1076 1108 884 0
852 1076 1108 884 853 1077 1109 885 0
853 1077 1109 885 854 1078 1110 886 0
854 1078 1110 886 855 1079 1111 887 0
855 1079 1111 887 856 1080 1112 888 0
856 1080 1112 888 857 1081 1113 889 0
857 1081 1113 889 858 1082 1114 890 0
858 1082 1114 890 859 1083 1115 891 0
859 1083 1115 891 860 1084 1116 892 0
860 1084 1116 892 861 1085 1117 893 0
861 1085 1117 893 862 1086 1118 894 0
26 33 34 27 863 1087 1119 895 0
863 1087 1119 895 864 1088 1120 896 0
864 1088 1120 896 865 1089 1121 897 0
865 1089 1121 897 866 1090 1122 898 0
866 1090 1122 898 867 1091 1123 899 0
867 1091 1123 899 868 1092 1124 900 0
868 1092 1124 900 869 1093 1125 901 0
869 1093 1125 901 870 1094 1126 902 0
870 1094 1126 902 871 1095 1127 903 0
871 1095 1127 903 872 1096 1128 904 0
872 1096 1128 904 873 1097 1129 905 0
873 1097 1129 905 874 1098 1130 906 0
874 1098 1130 906 875 1099 1131 907 0
875 1099 1131 907 876 1100 1132 908 0
876 1100 1132 908 877 1101 1133 909 0
877 1101 1133 909 878 1102 1134 910 0
878 1102 1134 910 879 1103 1135 911 0
879 1103 1135 911 880 1104 1136 912 0
880 1104 1136 912 881 1105 1137 913 0
881 1105 1137 913 882 1106 1138 914 0
882 1106 1138 914 883 1107 1139 915 0
883 1107 1139 915 884 1108 1140 916 0
884 1108 1140 916 885 1109 1141 917 0
885 1109 1141 917 886 1110 1142 918 0
886 1110 1142 918 887 1111 1143 919 0
887 1111 1143 919 888 1112 1144 920 0
888 1112 1144 920 889 1113 1145 921 0
889 1113 1145 921 890 1114 1146 922 0
890 1114 1146 922 891 1115 1147 923 0
891 1115 1147 923 892 1116 1148 924 0
892 1116 1148 924 893 1117 1149 925 0
893 1117 1149 925 894 1118 1150 926 0
27 34 35 28 895 1119 1151 927 0
895 1119 1151 927 896 1120 1152 928 0
896 1120 1152 928 897 1121 1153 929 0
897 1121 1153 929 898 1122 1154 930 0
898 1122 1154 930 899 1123 1155 931 0
899 1123 1155 931 900 1124 1156 932 0
900 1124 1156 932 901 1125 1157 933 0
901 1125 1157 933 902 1126 1158 934 0
902 1126 1158 934 903 1127 1159 935 0
903 1127 1159 935 904 1128 1160 936 0
904 1128 1160 936 905 1129 1161 937 0
905 1129 1161 937 906 1130 1162 938 0
906 1130 1162 938 907 1131 1163 939 0
907 1131 1163 939 908 1132 1164 940 0
908 1132 1164 940 909 1133 1165 941 0
909 1133 1165 941 910 1134 1166 942 0
910 1134 1166 942 911 1135 1167 943 0
911 1135 1167 943 912 1136 1168 944 0
912 1136 1168 944 913 1137 1169 945 0
913 1137 1169 945 914 1138 1170 946 0
914 1138 1170 946 915 1139 1171 947 0
915 1139 1171 947 916 1140 1172 948 0
916 1140 1172 948 917 1141 1173 949 0
917 1141 1173 949 918 1142 1174 950 0
918 1142 1174 950 919 1143 1175 951 0
919 1143 1175 951 920 1144 1176 952 0
920 1144 1176 952 921 1145 1177 953 0
921 1145 1177 953 922 1146 1178 954 0
922 1146 1178 954 923 1147 1179 955 0
923 1147 1179 955 924 1148 1180 956 0
924 1148 1180 956 925 1149 1181 957 0
925 1149 1181 957 926 1150 1182 958 0
28 35 36 29 927 1151 1183 959 0
927 1151 1183 959 928 1152 1184 960 0
928 1152 1184 960 929 1153 1185 961 0
929 1153 1185 961 930 1154 1186 962 0
930 1154 1186 962 931 1155 1187 963 0
931 1155 1187 963 932 1156 1188 964 0
932 1156 1188 964 933 1157 1189 965 0
933 1157 1189 965 934 1158 1190 966 0
934 1158 1190 966 935 1159 1191 967 0
935 1159 1191 967 936 1160 1192 968 0
936 1160 1192 968 937 1161 1193 969 0
937 1161 1193 969 938 1162 1194 970 0
938 1162 1194 970 939 1163 1195 971 0
939 1163 1195 971 940 1164 1196 972 0
940 1164 1196 972 941 1165 1197 973 0
941 1165 1197 973 942 1166 1198 974 0
942 1166 1198 974 943 1167 1199 975 0
943 1167 1199 975 944 1168 1200 976 0
944 1168 1200 976 945 1169 1201 977 0
945 1169 1201 977 946 1170 1202 978 0
946 1170 1202 978 947 1171 1203 979 0
947 1171 1203 979 948 1172 1204 980 0
948 1172 1204 980 949 1173 1205 981 0
949 1173 1205 981 950 1174 1206 982 0
950 1174 1206 982 951 1175 1207 983 0
951 1175 1207 983 952 1176 1208 984 0
952 1176 1208 984 953 1177 1209 985 0
953 1177 1209 985 954 1178 1210 986 0
954 1178 1210 986 955 1179 1211 987 0
955 1179 1211 987 956 1180 1212 988 0
956 1180 1212 988 957 1181 1213 989 0
957 1181 1213 989 958 1182 1214 990 0
29 36 37 30 959 1183 1215 991 0
959 1183 1215 991 960 1184 1216 992 0
960 1184 1216 992 961 1185 1217 993 0
961 1185 1217 993 962 1186 1218 994 0
962 1186 1218 994 963 1187 1219 995 0
963 1187 1219 995 964 1188 1220 996 0
964 1188 1220 996 965 1189 1221 997 0
965 1189 1221 997 966 1190 1222 998 0
966 1190 1222 998 967 1191 1223 999 0
967 1191 1223 999 968 1192 1224 1000 0
968 1192 1224 1000 969 1193 1225 1001 0
969 1193 1225 1001 970 1194 1226 1002 0
970 1194 1226 1002 971 1195 1227 1003 0
971 1195 1227 1003 972 1196 1228 1004 0
972 1196 1228 1004 973 1197 1229 1005 0
973 1197 1229 1005 974 1198 1230 1006 0
974 1198 1230 1006 975 1199 1231 1007 0
975 1199 1231 1007 976 1200 1232 1008 0
976 1200 1232 1008 977 1201 1233 1009 0
977 1201 1233 1009 978 1202 1234 1010 0
978 1202 1234 1010 979 1203 1235 1011 0
979 1203 1235 1011 980 1204 1236 1012 0
980 1204 1236 1012 981 1205 1237 1013 0
981 1205 1237 1013 982 1206 1238 1014 0
982 1206 1238 1014 983 1207 1239 1015 0
983 1207 1239 1015 984 1208 1240 1016 0
984 1208 1240 1016 985 1209 1241 1017 0
985 1209 1241 1017 986 1210 1242 1018 0
986 1210 1242 1018 987 1211 1243 1019 0
987 1211 1243 1019 988 1212 1244 1020 0
988 1212 1244 1020 989 1213 1245 1021 0
989 1213 1245 1021 990 1214 1246 1022 0
30 37 38 31 991 1215 1247 1023 0
991 1215 1247 1023 992 1216 1248 1024 0
992 1216 1248 1024 993 1217 1249 1025 0
993 1217 1249 1025 994 1218 1250 1026 0
994 1218 1250 1026 995 1219 1251 1027 0
995 1219 1251 1027 996 1220 1252 1028 0
996 1220 1252 1028 997 1221 1253 1029 0
997 1221 1253 1029 998 1222 1254 1030 0
998 1222 1254 1030 999 1223 1255 1031 0
999 1223 1255 1031 1000 1224 1256 1032 0
1000 1224 1256 1032 1001 1225 1257 1033 0
1001 1225 1257 1033 1002 1226 1258 1034 0
1002 1226 1258 1034 1003 1227 1259 1035 0
1003 1227 1259 1035 1004 1228 1260 1036 0
1004 1228 1260 1036 1005 1229 1261 1037 0
1005 1229 1261 1037 1006 1230 1262 1038 0
1006 1230 1262 1038 1007 1231 1263 1039 0
1007 1231 1263 1039 1008 1232 1264 1040 0
1008 1232 1264 1040 1009 1233 1265 1041 0
1009 1233 1265 1041 1010 1234 1266 1042 0
1010 1234 1266 1042 1011 1235 1267 1043 0
1011 1235 1267 1043 1012 1236 1268 1044 0
1012 1236 1268 1044 1013 1237 1269 1045 0
1013 1237 1269 1045 1014 1238 1270 1046 0
1014 1238 1270 1046 1015 1239 1271 1047 0
1015 1239 1271 1047 1016 1240 1272 1048 0
1016 1240 1272 1048 1017 1241 1273 1049 0
1017 1241 1273 1049 1018 1242 1274 1050 0
1018 1242 1274 1050 1019 1243 1275 1051 0
1019 1243 1275 1051 1020 1244 1276 1052 0
1020 1244 1276 1052 1021 1245 1277 1053 0
1021 1245 1277 1053 1022 1246 1278 1054 0
31 38 18 17 1023 1247 671 639 0
1023 1247 671 639 1024 1248 672 640 0
1024 1248 672 640 1025 1249 673 641 0
1025 1249 673 641 1026 1250 674 642 0
1026 1250 674 642 1027 1251 675 643 0
1027 1251 675 643 1028 1252 676 644 0
1028 1252 676 644 1029 1253 677 645 0
1029 1253 677 645 1030 1254 678 646 0
1030 1254 678 646 1031 1255 679 647 0
1031 1255 679 647 1032 1256 680 648 0
1032 1256 680 648 1033 1257 681 649 0
1033 1257 681 649 1034 1258 682 650 0
1034 1258 682 650 1035 1259 683 651 0
1035 1259 683 651 1036 1260 684 652 0
1036 1260 684 652 1037 1261 685 653 0
1037 1261 685 653 1038 1262 686 654 0
1038 1262 686 654 1039 1263 687 655 0
1039 1263 687 655 1040 1264 688 656 0
1040 1264 688 656 1041 1265 689 657 0
1041 1265 689 657 1042 1266 690 658 0
1042 1266 690 658 1043 1267 691 659 0
1043 1267 691 659 1044 1268 692 660 0
1044 1268 692 660 1045 1269 693 661 0
1045 1269 693 661 1046 1270 694 662 0
1046 1270 694 662 1047 1271 695 663 0
1047 1271 695 663 1048 1272 696 664 0
1048 1272 696 664 1049 1273 697 665 0
1049 1273 697 665 1050 1274 698 666 0
1050 1274 698 666 1051 1275 699 667 0
1051 1275 699 667 1052 1276 700 668 0
1052 1276 700 668 1053 1277 701 669 0
1053 1277 701 669 1054 1278 702 670 0
22 23 39 32 767 799 1279 1055 0
767 799 1279 1055 768 800 1280 1056 0
768 800 1280 1056 769 801 1281 1057 0
769 801 1281 1057 770 802 1282 1058 0
770 802 1282 1058 771 803 1283 1059 0
771 803 1283 1059 772 804 1284 1060 0
772 804 1284 1060 773 805 1285 1061 0
773 805 1285 1061 774 806 1286 1062 0
774 806 1286 1062 775 807 1287 1063 0
775 807 1287 1063 776 808 1288 1064 0
776 808 1288 1064 777 809 1289 1065 0
777 809 1289 1065 778 810 1290 1066 0
778 810 1290 1066 779 811 1291 1067 0
779 811 1291 1067 780 812 1292 1068 0
780 812 1292 1068 781 813 1293 1069 0
781 813 1293 1069 782 814 1294 1070 0
782 814 1294 1070 783 815 1295 1071 0
783 815 1295 1071 784 816 1296 1072 0
784 816 1296 1072 785 817 1297 1073 0
785 817 1297 1073 786 818 1298 1074 0
786 818 1298 1074 787 819 1299 1075 0
787 819 1299 1075 788 820 1300 1076 0
788 820 1300 1076 789 821 1301 1077 0
789 821 1301 1077 790 822 1302 1078 0
790 822 1302 1078 791 823 1303 1079 0
791 823 1303 1079 792 824 1304 1080 0
792 824 1304 1080 793 825 1305 1081 0
793 825 1305 1081 794 826 1306 1082 0
794 826 1306 1082 795 827 1307 1083 0
795 827 1307 1083 796 828 1308 1084 0
796 828 1308 1084 797 829 1309 1085 0
797 829 1309 1085 798 830 1310 1086 0
32 39 40 33 1055 1279 1311 1087 0
1055 1279 1311 1087 1056 1280 1312 1088 0
1056 1280 1312 1088 1057 1281 1313 1089 0
1057 1281 1313 1089 1058 1282 1314 1090 0
1058 1282 1314 1090 1059 1283 1315 1091 0
1059 1283 1315 1091 1060 1284 1316 1092 0
1060 1284 1316 1092 1061 1285 1317 1093 0
1061 1285 1317 1093 1062 1286 1318 1094 0
1062 1286 1318 1094 1063 1287 1319 1095 0
1063 1287 1319 1095 1064 1288 1320 1096 0
1064 1288 1320 1096 1065 1289 1321 1097 0
1065 1289 1321 1097 1066 1290 1322 1098 0
1066 1290 1322 1098 1067 1291 1323 1099 0
1067 1291 1323 1099 1068 1292 1324 1100 0
1068 1292 1324 1100 1069 1293 1325 1101 0
1069 1293 1325 1101 1070 1294 1326 1102 0
1070 1294 1326 1102 1071 1295 1327 1103 0
1071 1295 1327 1103 1072 1296 1328 1104 0
1072 1296 1328 1104 1073 1297 1329 1105 0
1073 1297 1329 1105 1074 1298 1330 1106 0
1074 1298 1330 1106 1075 1299 1331 1107 0
1075 1299 1331 1107 1076 1300 1332 1108 0
1076 1300 1332 1108 1077 1301 1333 1109 0
1077 1301 1333 1109 1078 1302 1334 1110 0
1078 1302 1334 1110 1079 1303 1335 1111 0
1079 1303 1335 1111 1080 1304 1336 1112 0
1080 1304 1336 1112 1081 1305 1337 1113 0
1081 1305 1337 1113 1082 1306 1338 1114 0
1082 1306 1338 1114 1083 1307 1339 1115 0
1083 1307 1339 1115 1084 1308 1340 1116 0
1084 1308 1340 1116 1085 1309 1341 1117 0
1085 1309 1341 1117 1086 1310 1342 1118 0
33 40 41 34 1087 1311 1343 1119 0
1087 1311 1343 1119 1088 1312 1344 1120 0
1088 1312 1344 1120 1089 1313 1345 1121 0
1089 1313 1345 1121 1090 1314 1346 1122 0
1090 1314 1346 1122 1091 1315 1347 1123 0
1091 1315 1347 1123 1092 1316 1348 1124 0
1092 1316 1348 1124 1093 1317 1349 1125 0
1093 1317 1349 1125 1094 1318 1350 1126 0
1094 1318 1350 1126 1095 1319 1351 1127 0
1095 1319 1351 1127 1096 1320 1352 1128 0
1096 1320 1352 1128 1097 1321 1353 1129 0
1097 1321 1353 1129 1098 1322 1354 1130 0
1098 1322 1354 1130 1099 1323 1355 1131 0
1099 1323 1355 1131 1100 1324 1356 1132 0
1100 1324 1356 1132 1101 1325 1357 1133 0
1101 1325 1357 1133 1102 1326 1358 1134 0
1102 1326 1358 1134 1103 1327 1359 1135 0
1103 1327 1359 1135 1104 1328 1360 1136 0
1104 1328 1360 1136 1105 1329 1361 1137 0
1105 1329 1361 1137 1106 1330 1362 1138 0
1106 1330 1362 1138 1107 1331 1363 1139 0
1107 1331 1363 1139 1108 1332 1364 1140 0
1108 1332 1364 1140 1109 1333 1365 1141 0
1109 1333 1365 1141 1110 1334 1366 1142 0
1110 1334 1366 1142 1111 1335 1367 1143 0
1111 1335 1367 1143 1112 1336 1368 1144 0
1112 1336 1368 1144 1113 1337 1369 1145 0
1113 1337 1369 1145 1114 1338 1370 1146 0
1114 1338 1370 1146 1115 1339 1371 1147 0
1115 1339 1371 1147 1116 1340 1372 1148 0
1116 1340 1372 1148 1117 1341 1373 1149 0
1117 1341 1373 1149 1118 1342 1374 1150 0
34 41 42 35 1119 1343 1375 1151 0
1119 1343 1375 1151 1120 1344 1376 1152 0
1120 1344 1376 1152 1121 1345 1377 1153 0
1121 1345 1377 1153 1122 1346 1378 1154 0
1122 1346 1378 1154 1123 1347 1379 1155 0
1123 1347 1379 1155 1124 1348 1380 1156 0
1124 1348 1380 1156 1125 1349 1381 1157 0
1125 1349 1381 1157 1126 1350 1382 1158 0
1126 1350 1382 1158 1127 1351 1383 1159 0
1127 1351 1383 1159 1128 1352 1384 1160 0
1128 1352 1384 1160 1129 1353 1385 1161 0
1129 1353 1385 1161 1130 1354 1386 1162 0
1130 1354 1386 1162 1131 1355 1387 1163 0
1131 1355 1387 1163 1132 1356 1388 1164 0
1132 1356 1388 1164 1133 1357 1389 1165 0
1133 1357 1389 1165 1134 1358 1390 1166 0
1134 1358 1390 1166 1135 1359 1391 1167 0
1135 1359 1391 1167 1136 1360 1392 1168 0
1136 1360 1392 1168 1137 1361 1393 1169 0
1137 1361 1393 1169 1138 1362 1394 1170 0
1138 1362 1394 1170 1139 1363 1395 1171 0
1139 1363 1395 1171 1140 1364 1396 1172 0
1140 1364 1396 1172 1141 1365 1397 1173 0
1141 1365 1397 1173 1142 1366 1398 1174 0
1142 1366 1398 1174 1143 1367 1399 1175 0
1143 1367 1399 1175 1144 1368 1400 1176 0
1144 1368 1400 1176 1145 1369 1401 1177 0
1145 1369 1401 1177 1146 1370 1402 1178 0
1146 1370 1402 1178 1147 1371 1403 1179 0
1147 1371 1403 1179 1148 1372 1404 1180 0
1148 1372 1404 1180 1149 1373 1405 1181 0
1149 1373 1405 1181 1150 1374 1406 1182 0
35 42 43 36 1151 1375 1407 1183 0
1151 1375 1407 1183 1152 1376 1408 1184 0
1152 1376 1408 1184 1153 1377 1409 1185 0
1153 1377 1409 1185 1154 1378 1410 1186 0
1154 1378 1410 1186 1155 1379 1411 1187 0
1155 1379 1411 1187 1156 1380 1412 1188 0
1156 1380 1412 1188 1157 1381 1413 1189 0
1157 1381 1413 1189 1158 1382 1414 1190 0
1158 1382 1414 1190 1159 1383 1415 1191 0
1159 1383 1415 1191 1160 1384 1416 1192 0
1160 1384 1416 1192 1161 1385 1417 1193 0
1161 1385 1417 1193 1162 1386 1418 1194 0
1162 1386 1418 1194 1163 1387 1419 1195 0
1163 1387 1419 1195 1164 1388 1420 1196 0
1164 1388 1420 1196 1165 1389 1421 1197 0
1165 1389 1421 1197 1166 1390 1422 1198 0
1166 1390 1422 1198 1167 1391 1423 1199 0
1167 1391 1423 1199 1168 1392 1424 1200 0
1168 1392 1424 1200 1169 1393 1425 1201 0
1169 1393 1425 1201 1170 1394 1426 1202 0
1170 1394 1426 1202 1171 1395 1427 1203 0
1171 1395 1427 1203 1172 1396 1428 1204 0
1172 1396 1428 1204 1173 1397 1429 1205 0
1173 1397 1429 1205 1174 1398 1430 1206 0
1174 1398 1430 1206 1175 1399 1431 1207 0
1175 1399 1431 1207 1176 1400 1432 1208 0
1176 1400 1432 1208 1177 1401 1433 1209 0
1177 1401 1433 1209 1178 1402 1434 1210 0
1178 1402 1434 1210 1179 1403 1435 1211 0
1179 1403 1435 1211 1180 1404 1436 1212 0
1180 1404 1436 1212 1181 1405 1437 1213 0
1181 1405 1437 1213 1182 1406 1438 1214 0
36 43 44 37 1183 1407 1439 1215 0
1183 1407 1439 1215 1184 1408 1440 1216 0
1184 1408 1440 1216 1185 1409 1441 1217 0
1185 1409 1441 1217 1186 1410 1442 1218 0
1186 1410 1442 1218 1187 1411 1443 1219 0
1187 1411 1443 1219 1188 1412 1444 1220 0
1188 1412 1444 1220 1189 1413 1445 1221 0
1189 1413 1445 1221 1190 1414 1446 1222 0
1190 1414 1446 1222 1191 1415 1447 1223 0
1191 1415 1447 1223 1192 1416 1448 1224 0
1192 1416 1448 1224 1193 1417 1449 1225 0
1193 1417 1449 1225 1194 1418 1450 1226 0
1194 1418 1450 1226 1195 1419 1451 1227 0
1195 1419 1451 1227 1196 1420 1452 1228 0
1196 1420 1452 1228 1197 1421 1453 1229 0
1197 1421 1453 1229 1198 1422 1454 1230 0
1198 1422 1454 1230 1199 1423 1455 1231 0
1199 1423 1455 1231 1200 1424 1456 1232 0
1200 1424 1456 1232 1201 1425 1457 1233 0
1201 1425 1457 1233 1202 1426 1458 1234 0
1202 1426 1458 1234 1203 1427 1459 1235 0
1203 1427 1459 1235 1204 1428 1460 1236 0
1204 1428 1460 1236 1205 1429 1461 1237 0
1205 1429 1461 1237 1206 1430 1462 1238 0
1206 1430 1462 1238 1207 1431 1463 1239 0
1207 1431 1463 1239 1208 1432 1464 1240 0
1208 1432 1464 1240 1209 1433 1465 1241 0
1209 1433 1465 1241 1210 1434 1466 1242 0
1210 1434 1466 1242 1211 1435 1467 1243 0
1211 1435 1467 1243 1212 1436 1468 1244 0
1212 1436 1468 1244 1213 1437 1469 1245 0
1213 1437 1469 1245 1214 1438 1470 1246 0
37 44 45 38 1215 1439 1471 1247 0
1215 1439 1471 1247 1216 1440 1472 1248 0
1216 1440 1472 1248 1217 1441 1473 1249 0
1217 1441 1473 1249 1218 1442 1474 1250 0
1218 1442 1474 1250 1219 1443 1475 1251 0
1219 1443 1475 1251 1220 1444 1476 1252 0
1220 1444 1476 1252 1221 1445 1477 1253 0
1221 1445 1477 1253 1222 1446 1478 1254 0
1222 1446 1478 1254 1223 1447 1479 1255 0
1223 1447 1479 1255 1224 1448 1480 1256 0
1224 1448 1480 1256 1225 1449 1481 1257 0
1225 1449 1481 1257 1226 1450 1482 1258 0
1226 1450 1482 1258 1227 1451 1483 1259 0
1227 1451 1483 1259 1228 1452 1484 1260 0
1228 1452 1484 1260 1229 1453 1485 1261 0
1229 1453 1485 1261 1230 1454 1486 1262 0
1230 1454 1486 1262 1231 1455 1487 1263 0
1231 1455 1487 1263 1232 1456 1488 1264 0
1232 1456 1488 1264 1233 1457 1489 1265 0
1233 1457 1489 1265 1234 1458 1490 1266 0
1234 1458 1490 1266 1235 1459 1491 1267 0
1235 1459 1491 1267 1236 1460 1492 1268 0
1236 1460 1492 1268 1237 1461 1493 1269 0
1237 1461 1493 1269 1238 1462 1494 1270 0
1238 1462 1494 1270 1239 1463 1495 1271 0
1239 1463 1495 1271 1240 1464 1496 1272 0
1240 1464 1496 1272 1241 1465 1497 1273 0
1241 1465 1497 1273 1242 1466 1498 1274 0
1242 1466 1498 1274 1243 1467 1499 1275 0
1243 1467 1499 1275 1244 1468 1500 1276 0
1244 1468 1500 1276 1245 1469 1501 1277 0
1245 1469 1501 1277 1246 1470 1502 1278 0
38 45 19 18 1247 1471 703 671 0
1247 1471 703 671 1248 1472 704 672 0
1248 1472 704 672 1249 1473 705 673 0
1249 1473 705 673 1250 1474 706 674 0
1250 1474 706 674 1251 1475 707 675 0
1251 1475 707 675 1252 1476 708 676 0
1252 1476 708 676 1253 1477 709 677 0
1253 1477 709 677 1254 1478 710 678 0
1254 1478 710 678 1255 1479 711 679 0
1255 1479 711 679 1256 1480 712 680 0
1256 1480 712 680 1257 1481 713 681 0
1257 1481 713 681 1258 1482 714 682 0
1258 1482 714 682 1259 1483 715 683 0
1259 1483 715 683 1260 1484 716 684 0
1260 1484 716 684 1261 1485 717 685 0
1261 1485 717 685 1262 1486 718 686 0
1262 1486 718 686 1263 1487 719 687 0
1263 1487 719 687 1264 1488 720 688 0
1264 1488 720 688 1265 1489 721 689 0
1265 1489 721 689 1266 1490 722 690 0
1266 1490 722 690 1267 1491 723 691 0
1267 1491 723 691 1268 1492 724 692 0
1268 1492 724 692 1269 1493 725 693 0
1269 1493 725 693 1270 1494 726 694 0
1270 1494 726 694 1271 1495 727 695 0
1271 1495 727 695 1272 1496 728 696 0
1272 1496 728 696 1273 1497 729 697 0
1273 1497 729 697 1274 1498 730 698 0
1274 1498 730 698 1275 1499 731 699 0
1275 1499 731 699 1276 1500 732 700 0
1276 1500 732 700 1277 1501 733 701 0
1277 1501 733 701 1278 1502 734 702 0
23 24 46 39 799 479 1503 1279 0
799 479 1503 1279 800 480 1504 1280 0
800 480 1504 1280 801 481 1505 1281 0
801 481 1505 1281 802 482 1506 1282 0
802 482 1506 1282 803 483 1507 1283 0
803 483 1507 1283 804 484 1508 1284 0
804 484 1508 1284 805 485 1509 1285 0
805 485 1509 1285 806 486 1510 1286 0
806 486 1510 1286 807 487 1511 1287 0
807 487 1511 1287 808 488 1512 1288 0
808 488 1512 1288 809 489 1513 1289 0
809 489 1513 1289 810 490 1514 1290 0
810 490 1514 1290 811 491 1515 1291 0
811 491 1515 1291 812 492 1516 1292 0
812 492 1516 1292 813 493 1517 1293 0
813 493 1517 1293 814 494 1518 1294 0
814 494 1518 1294 815 495 1519 1295 0
815 495 1519 1295 816 496 1520 1296 0
816 496 1520 1296 817 497 1521 1297 0
817 497 1521 1297 818 498 1522 1298 0
818 498 1522 1298 819 499 1523 1299 0
819 499 1523 1299 820 500 1524 1300 0
820 500 1524 1300 821 501 1525 1301 0
821 501 1525 1301 822 502 1526 1302 0
822 502 1526 1302 823 503 1527 1303 0
823 503 1527 1303 824 504 1528 1304 0
824 504 1528 1304 825 505 1529 1305 0
825 505 1529 1305 826 506 1530 1306 0
826 506 1530 1306 827 507 1531 1307 0
827 507 1531 1307 828 508 1532 1308 0
828 508 1532 1308 829 509 1533 1309 0
829 509 1533 1309 830 510 1534 1310 0
39 46 47 40 1279 1503 1535 1311 0
1279 1503 1535 1311 1280 1504 1536 1312 0
1280 1504 1536 1312 1281 1505 1537 1313 0
1281 1505 1537 1313 1282 1506 1538 1314 0
1282 1506 1538 1314 1283 1507 1539 1315 0
1283 1507 1539 1315 1284 1508 1540 1316 0
1284 1508 1540 1316 1285 1509 1541 1317 0
1285 1509 1541 1317 1286 1510 1542 1318 0
1286 1510 1542 1318 1287 1511 1543 1319 0
1287 1511 1543 1319 1288 1512 1544 1320 0
1288 1512 1544 1320 1289 1513 1545 1321 0
1289 1513 1545 1321 1290 1514 1546 1322 0
1290 1514 1546 1322 1291 1515 1547 1323 0
1291 1515 1547 1323 1292 1516 1548 1324 0
1292 1516 1548 1324 1293 1517 1549 1325 0
1293 1517 1549 1325 1294 1518 1550 1326 0
1294 1518 1550 1326 1295 1519 1551 1327 0
1295 1519 1551 1327 1296 1520 1552 1328 0
1296 1520 1552 1328 1297 1521 1553 1329 0
1297 1521 1553 1329 1298 1522 1554 1330 0
1298 1522 1554 1330 1299 1523 1555 1331 0
1299 1523 1555 1331 1300 1524 1556 1332 0
1300 1524 1556 1332 1301 1525 1557 1333 0
1301 1525 1557 1333 1302 1526 1558 1334 0
1302 1526 1558 1334 1303 1527 1559 1335 0
1303 1527 1559 1335 1304 1528 1560 1336 0
1304 1528 1560 1336 1305 1529 1561 1337 0
1305 1529 1561 1337 1306 1530 1562 1338 0
1306 1530 1562 1338 1307 1531 1563 1339 0
1307 1531 1563 1339 1308 1532 1564 1340 0
1308 1532 1564 1340 1309 1533 1565 1341 0
1309 1533 1565 1341 1310 1534 1566 1342 0
40 47 48 41 1311 1535 1567 1343 0
1311 1535 1567 1343 1312 1536 1568 1344 0
1312 1536 1568 1344 1313 1537 1569 1345 0
1313 1537 1569 1345 1314 1538 1570 1346 0
1314 1538 1570 1346 1315 1539 1571 1347 0
1315 1539 1571 1347 1316 1540 1572 1348 0
1316 1540 1572 1348 1317 1541 1573 1349 0
1317 1541 1573 1349 1318 1542 1574 1350 0
1318 1542 1574 1350 1319 1543 1575 1351 0
1319 1543 1575 1351 1320 1544 1576 1352 0
1320 1544 1576 1352 1321 1545 1577 1353 0
1321 1545 1577 1353 1322 1546 1578 1354 0
1322 1546 1578 1354 1323 1547 1579 1355 0
1323 1547 1579 1355 1324 1548 1580 1356 0
1324 1548 1580 1356 1325 1549 1581 1357 0
1325 1549 1581 1357 1326 1550 1582 1358 0
1326 1550 1582 1358 1327 1551 1583 1359 0
1327 1551 1583 1359 1328 1552 1584 1360 0
1328 1552 1584 1360 1329 1553 1585 1361 0
1329 1553 1585 1361 1330 1554 1586 1362 0
1330 1554 1586 1362 1331 1555 1587 1363 0
1331 1555 1587 1363 1332 1556 1588 1364 0
1332 1556 1588 1364 1333 1557 1589 1365 0
1333 1557 1589 1365 1334 1558 1590 1366 0
1334 1558 1590 1366 1335 1559 1591 1367 0
1335 1559 1591 1367 1336 1560 1592 1368 0
1336 1560 1592 1368 1337 1561 1593 1369 0
1337 1561 1593 1369 1338 1562 1594 1370 0
1338 1562 1594 1370 1339 1563 1595 1371 0
1339 1563 1595 1371 1340 1564 1596 1372 0
1340 1564 1596 1372 1341 1565 1597 1373 0
1341 1565 1597 1373 1342 1566 1598 1374 0
41 48 49 42 1343 1567 1599 1375 0
1343 1567 1599 1375 1344 1568 1600 1376 0
1344 1568 1600 1376 1345 1569 1601 1377 0
1345 1569 1601 1377 1346 1570 1602 1378 0
1346 1570 1602 1378 1347 1571 1603 1379 0
1347 1571 1603 1379 1348 1572 1604 1380 0
1348 1572 1604 1380 1349 1573 1605 1381 0
1349 1573 1605 1381 1350 1574 1606 1382 0
1350 1574 1606 1382 1351 1575 1607 1383 0
1351 1575 1607 1383 1352 1576 1608 1384 0
1352 1576 1608 1384 1353 1577 1609 1385 0
1353 1577 1609 1385 1354 1578 1610 1386 0
1354 1578 1610 1386 1355 1579 1611 1387 0
1355 1579 1611 1387 1356 1580 1612 1388 0
1356 1580 1612 1388 1357 1581 1613 1389 0
1357 1581 1613 1389 1358 1582 1614 1390 0
1358 1582 1614 1390 1359 1583 1615 1391 0
1359 1583 1615 1391 1360 1584 1616 1392 0
1360 1584 1616 1392 1361 1585 1617 1393 0
1361 1585 1617 1393 1362 1586 1618 1394 0
1362 1586 1618 1394 1363 1587 1619 1395 0
1363 1587 1619 1395 1364 1588 1620 1396 0
1364 1588 1620 1396 1365 1589 1621 1397 0
1365 1589 1621 1397 1366 1590 1622 1398 0
1366 1590 1622 1398 1367 1591 1623 1399 0
1367 1591 1623 1399 1368 1592 1624 1400 0
1368 1592 1624 1400 1369 1593 1625 1401 0
1369 1593 1625 1401 1370 1594 1626 1402 0
1370 1594 1626 1402 1371 1595 1627 1403 0
1371 1595 1627 1403 1372 1596 1628 1404 0
1372 1596 1628 1404 1373 1597 1629 1405 0
1373 1597 1629 1405 1374 1598 1630 1406 0
42 49 50 43 1375 1599 1631 1407 0
1375 1599 1631 1407 1376 1600 1632 1408 0
1376 1600 1632 1408 1377 1601 1633 1409 0
1377 1601 1633 1409 1378 1602 1634 1410 0
1378 1602 1634 1410 1379 1603 1635 1411 0
1379 1603 1635 1411 1380 1604 1636 1412 0
1380 1604 1636 1412 1381 1605 1637 1413 0
1381 1605 1637 1413 1382 1606 1638 1414 0
1382 1606 1638 1414 1383 1607 1639 1415 0
1383 1607 1639 1415 1384 1608 1640 1416 0
1384 1608 1640 1416 1385 1609 1641 1417 0
1385 1609 1641 1417 1386 1610 1642 1418 0
1386 1610 1642 1418 1387 1611 1643 1419 0
1387 1611 1643 1419 1388 1612 1644 1420 0
1388 1612 1644 1420 1389 1613 1645 1421 0
1389 1613 1645 1421 1390 1614 1646 1422 0
1390 1614 1646 1422 1391 1615 1647 1423 0
1391 1615 1647 1423 1392 1616 1648 1424 0
1392 1616 1648 1424 1393 1617 1649 1425 0
1393 1617 1649 1425 1394 1618 1650 1426 0
1394 1618 1650 1426 1395 1619 1651 1427 0
1395 1619 1651 1427 1396 1620 1652 1428 0
1396 1620 1652 1428 1397 1621 1653 1429 0
1397 1621 1653 1429 1398 1622 1654 1430 0
1398 1622 1654 1430 1399 1623 1655 1431 0
1399 1623 1655 1431 1400 1624 1656 1432 0
1400 1624 1656 1432 1401 1625 1657 1433 0
1401 1625 1657 1433 1402 1626 1658 1434 0
1402 1626 1658 1434 1403 1627 1659 1435 0
1403 1627 1659 1435 1404 1628 1660 1436 0
1404 1628 1660 1436 1405 1629 1661 1437 0
1405 1629 1661 1437 1406 1630 1662 1438 0
43 50 51 44 1407 1631 1663 1439 0
1407 1631 1663 1439 1408 1632 1664 1440 0
1408 1632 1664 1440 1409 1633 1665 1441 0
1409 1633 1665 1441 1410 1634 1666 1442 0
1410 1634 1666 1442 1411 1635 1667 1443 0
1411 1635 1667 1443 1412 1636 1668 1444 0
1412 1636 1668 1444 1413 1637 1669 1445 0
1413 1637 1669 1445 1414 1638 1670 1446 0
1414 1638 1670 1446 1415 1639 1671 1447 0
1415 1639 1671 1447 1416 1640 1672 1448 0
1416 1640 1672 1448 1417 1641 1673 1449 0
1417 1641 1673 1449 1418 1642 1674 1450 0
1418 1642 1674 1450 1419 1643 1675 1451 0
1419 1643 1675 1451 1420 1644 1676 1452 0
1420 1644 1676 1452 1421 1645 1677 1453 0
1421 1645 1677 1453 1422 1646 1678 1454 0
1422 1646 1678 1454 1423 1647 1679 1455 0
1423 1647 1679 1455 1424 1648 1680 1456 0
1424 1648 1680 1456 1425 1649 1681 1457 0
1425 1649 1681 1457 1426 1650 1682 1458 0
1426 1650 1682 1458 1427 1651 1683 1459 0
1427 1651 1683 1459 1428 1652 1684 1460 0
1428 1652 1684 1460 1429 1653 1685 1461 0
1429 1653 1685 1461 1430 1654 1686 1462 0
1430 1654 1686 1462 1431 1655 1687 1463 0
1431 1655 1687 1463 1432 1656 1688 1464 0
1432 1656 1688 1464 1433 1657 1689 1465 0
1433 1657 1689 1465 1434 1658 1690 1466 0
1434 1658 1690 1466 1435 1659 1691 1467 0
1435 1659 1691 1467 1436 1660 1692 1468 0
1436 1660 1692 1468 1437 1661 1693 1469 0
1437 1661 1693 1469 1438 1662 1694 1470 0
44 51 52 45 1439 1663 1695 1471 0
1439 1663 1695 1471 1440 1664 1696 1472 0
1440 1664 1696 1472 1441 1665 1697 1473 0
1441 1665 1697 1473 1442 1666 1698 1474 0
1442 1666 1698 1474 1443 1667 1699 1475 0
1443 1667 1699 1475 1444 1668 1700 1476 0
1444 1668 1700 1476 1445 1669 1701 1477 0
1445 1669 1701 1477 1446 1670 1702 1478 0
1446 1670 1702 1478 1447 1671 1703 1479 0
1447 1671 1703 1479 1448 1672 1704 1480 0
1448 1672 1704 1480 1449 1673 1705 1481 0
1449 1673 1705 1481 1450 1674 1706 1482 0
1450 1674 1706 1482 1451 1675 1707 1483 0
1451 1675 1707 1483 1452 1676 1708 1484 0
1452 1676 1708 1484 1453 1677 1709 1485 0
1453 1677 1709 1485 1454 1678 1710 1486 0
1454 1678 1710 1486 1455 1679 1711 1487 0
1455 1679 1711 1487 1456 1680 1712 1488 0
1456 1680 1712 1488 1457 1681 1713 1489 0
1457 1681 1713 1489 1458 1682 1714 1490 0
1458 1682 1714 1490 1459 1683 1715 1491 0
1459 1683 1715 1491 1460 1684 1716 1492 0
1460 1684 1716 1492 1461 1685 1717 1493 0
1461 1685 1717 1493 1462 1686 1718 1494 0
1462 1686 1718 1494 1463 1687 1719 1495 0
1463 1687 1719 1495 1464 1688 1720 1496 0
1464 1688 1720 1496 1465 1689 1721 1497 0
1465 1689 1721 1497 1466 1690 1722 1498 0
1466 1690 1722 1498 1467 1691 1723 1499 0
1467 1691 1723 1499 1468 1692 1724 1500 0
1468 1692 1724 1500 1469 1693 1725 1501 0
1469 1693 1725 1501 1470 1694 1726 1502 0
45 52 20 19 1471 1695 607 703 0
1471 1695 607 703 1472 1696 608 704 0
1472 1696 608 704 1473 1697 609 705 0
1473 1697 609 705 1474 1698 610 706 0
1474 1698 610 706 1475 1699 611 707 0
1475 1699 611 707 1476 1700 612 708 0
1476 1700 612 708 1477 1701 613 709 0
1477 1701 613 709 1478 1702 614 710 0
1478 1702 614 710 1479 1703 615 711 0
1479 1703 615 711 1480 1704 616 712 0
1480 1704 616 712 1481 1705 617 713 0
1481 1705 617 713 1482 1706 618 714 0
1482 1706 618 714 1483 1707 619 715 0
1483 1707 619 715 1484 1708 620 716 0
1484 1708 620 716 1485 1709 621 717 0
1485 1709 621 717 1486 1710 622 718 0
1486 1710 622 718 1487 1711 623 719 0
1487 1711 623 719 1488 1712 624 720 0
1488 1712 624 720 1489 1713 625 721 0
1489 1713 625 721 1490 1714 626 722 0
1490 1714 626 722 1491 1715 627 723 0
1491 1715 627 723 1492 1716 628 724 0
1492 1716 628 724 1493 1717 629 725 0
1493 1717 629 725 1494 1718 630 726 0
1494 1718 630 726 1495 1719 631 727 0
1495 1719 631 727 1496 1720 632 728 0
1496 1720 632 728 1497 1721 633 729 0
1497 1721 633 729 1498 1722 634 730 0
1498 1722 634 730 1499 1723 635 731 0
1499 1723 635 731 1500 1724 636 732 0
1500 1724 636 732 1501 1725 637 733 0
1501 1725 637 733 1502 1726 638 734 0

Prisms
1088
24 13 46 479 447 1503 0
479 447 1503 480 448 1504 0
480 448 1504 481 449 1505 0
481 449 1505 482 450 1506 0
482 450 1506 483 451 1507 0
483 451 1507 484 452 1508 0
484 452 1508 485 453 1509 0
485 453 1509 486 454 1510 0
486 454 1510 487 455 1511 0
487 455 1511 488 456 1512 0
488 456 1512 489 457 1513 0
489 457 1513 490 458 1514 0
490 458 1514 491 459 1515 0
491 459 1515 492 460 1516 0
492 460 1516 493 461 1517 0
493 461 1517 494 462 1518 0
494 462 1518 495 463 1519 0
495 463 1519 496 464 1520 0
496 464 1520 497 465 1521 0
497 465 1521 498 466 1522 0
498 466 1522 499 467 1523 0
499 467 1523 500 468 1524 0
500 468 1524 501 469 1525 0
501 469 1525 502 470 1526 0
502 470 1526 503 471 1527 0
503 471 1527 504 472 1528 0
504 472 1528 505 473 1529 0
505 473 1529 506 474 1530 0
506 474 1530 507 475 1531 0
507 475 1531 508 476 1532 0
508 476 1532 509 477 1533 0
509 477 1533 510 478 1534 0
46 53 47 1503 1727 1535 0
1503 1727 1535 1504 1728 1536 0
1504 1728 1536 1505 1729 1537 0
1505 1729 1537 1506 1730 1538 0
1506 1730 1538 1507 1731 1539 0
1507 1731 1539 1508 1732 1540 0
1508 1732 1540 1509 1733 1541 0
1509 1733 1541 1510 1734 1542 0
1510 1734 1542 1511 1735 1543 0
1511 1735 1543 1512 1736 1544 0
1512 1736 1544 1513 1737 1545 0
1513 1737 1545 1514 1738 1546 0
1514 1738 1546 1515 1739 1547 0
1515 1739 1547 1516 1740 1548 0
1516 1740 1548 1517 1741 1549 0
1517 1741 1549 1518 1742 1550 0
1518 1742 1550 1519 1743 1551 0
1519 1743 1551 1520 1744 1552 0
1520 1744 1552 1521 1745 1553 0
1521 1745 1553 1522 1746 1554 0
1522 1746 1554 1523 1747 1555 0
1523 1747 1555 1524 1748 1556 0
1524 1748 1556 1525 1749 1557 0
1525 1749 1557 1526 1750 1558 0
1526 1750 1558 1527 1751 1559 0
1527 1751 1559 1528 1752 1560 0
1528 1752 1560 1529 1753 1561 0
1529 1753 1561 1530 1754 1562 0
1530 1754 1562 1531 1755 1563 0
1531 1755 1563 1532 1756 1564 0
1532 1756 1564 1533 1757 1565 0
1533 1757 1565 1534 1758 1566 0
13 53 46 447 1727 1503 0
447 1727 1503 448 1728 1504 0
448 1728 1504 449 1729 1505 0
449 1729 1505 450 1730 1506 0
450 1730 1506 451 1731 1507 0
451 1731 1507 452 1732 1508 0
452 1732 1508 453 1733 1509 0
453 1733 1509 454 1734 1510 0
454 1734 1510 455 1735 1511 0
455 1735 1511 456 1736 1512 0
456 1736 1512 457 1737 1513 0
457 1737 1513 458 1738 1514 0
458 1738 1514 459 1739 1515 0
459 1739 1515 460 1740 1516 0
460 1740 1516 461 1741 1517 0
461 1741 1517 462 1742 1518 0
462 1742 1518 463 1743 1519 0
463 1743 1519 464 1744 1520 0
464 1744 1520 465 1745 1521 0
465 1745 1521 466 1746 1522 0
466 1746 1522 467 1747 1523 0
467 1747 1523 468 1748 1524 0
468 1748 1524 469 1749 1525 0
469 1749 1525 470 1750 1526 0
470 1750 1526 471 1751 1527 0
471 1751 1527 472 1752 1528 0
472 1752 1528 473 1753 1529 0
473 1753 1529 474 1754 1530 0
474 1754 1530 475 1755 1531 0
475 1755 1531 476 1756 1532 0
476 1756 1532 477 1757 1533 0
477 1757 1533 478 1758 1534 0
47 53 48 1535 1727 1567 0
1535 1727 1567 1536 1728 1568 0
1536 1728 1568 1537 1729 1569 0
1537 1729 1569 1538 1730 1570 0
1538 1730 1570 1539 1731 1571 0
1539 1731 1571 1540 1732 1572 0
1540 1732 1572 1541 1733 1573 0
1541 1733 1573 1542 1734 1574 0
1542 1734 1574 1543 1735 1575 0
1543 1735 1575 1544 1736 1576 0
1544 1736 1576 1545 1737 1577 0
1545 1737 1577 1546 1738 1578 0
1546 1738 1578 1547 1739 1579 0
1547 1739 1579 1548 1740 1580 0
1548 1740 1580 1549 1741 1581 0
1549 1741 1581 1550 1742 1582 0
1550 1742 1582 1551 1743 1583 0
1551 1743 1583 1552 1744 1584 0
1552 1744 1584 1553 1745 1585 0
1553 1745 1585 1554 1746 1586 0
1554 1746 1586 1555 1747 1587 0
1555 1747 1587 1556 1748 1588 0
1556 1748 1588 1557 1749 1589 0
1557 1749 1589 1558 1750 1590 0
1558 1750 1590 1559 1751 1591 0
1559 1751 1591 1560 1752 1592 0
1560 1752 1592 1561 1753 1593 0
1561 1753 1593 1562 1754 1594 0
1562 1754 1594 1563 1755 1595 0
1563 1755 1595 1564 1756 1596 0
1564 1756 1596 1565 1757 1597 0
1565 1757 1597 1566 1758 1598 0
48 54 49 1567 1759 1599 0
1567 1759 1599 1568 1760 1600 0
1568 1760 1600 1569 1761 1601 0
1569 1761 1601 1570 1762 1602 0
1570 1762 1602 1571 1763 1603 0
1571 1763 1603 1572 1764 1604 0
1572 1764 1604 1573 1765 1605 0
1573 1765 1605 1574 1766 1606 0
1574 1766 1606 1575 1767 1607 0
1575 1767 1607 1576 1768 1608 0
1576 1768 1608 1577 1769 1609 0
1577 1769 1609 1578 1770 1610 0
1578 1770 1610 1579 1771 1611 0
1579 1771 1611 1580 1772 1612 0
1580 1772 1612 1581 1773 1613 0
1581 1773 1613 1582 1774 1614 0
1582 1774 1614 1583 1775 1615 0
1583 1775 1615 1584 1776 1616 0
1584 1776 1616 1585 1777 1617 0
1585 1777 1617 1586 1778 1618 0
1586 1778 1618 1587 1779 1619 0
1587 1779 1619 1588 1780 1620 0
1588 1780 1620 1589 1781 1621 0
1589 1781 1621 1590 1782 1622 0
1590 1782 1622 1591 1783 1623 0
1591 1783 1623 1592 1784 1624 0
1592 1784 1624 1593 1785 1625 0
1593 1785 1625 1594 1786 1626 0
1594 1786 1626 1595 1787 1627 0
1595 1787 1627 1596 1788 1628 0
1596 1788 1628 1597 1789 1629 0
1597 1789 1629 1598 1790 1630 0
50 55 51 1631 1791 1663 0
1631 1791 1663 1632 1792 1664 0
1632 1792 1664 1633 1793 1665 0
1633 1793 1665 1634 1794 1666 0
1634 1794 1666 1635 1795 1667 0
1635 1795 1667 1636 1796 1668 0
1636 1796 1668 1637 1797 1669 0
1637 1797 1669 1638 1798 1670 0
1638 1798 1670 1639 1799 1671 0
1639 1799 1671 1640 1800 1672 0
1640 1800 1672 1641 1801 1673 0
1641 1801 1673 1642 1802 1674 0
1642 1802 1674 1643 1803 1675 0
1643 1803 1675 1644 1804 1676 0
1644 1804 1676 1645 1805 1677 0
1645 1805 1677 1646 1806 1678 0
1646 1806 1678 1647 1807 1679 0
1647 1807 1679 1648 1808 1680 0
1648 1808 1680 1649 1809 1681 0
1649 1809 1681 1650 1810 1682 0
1650 1810 1682 1651 1811 1683 0
1651 1811 1683 1652 1812 1684 0
1652 1812 1684 1653 1813 1685 0
1653 1813 1685 1654 1814 1686 0
1654 1814 1686 1655 1815 1687 0
1655 1815 1687 1656 1816 1688 0
1656 1816 1688 1657 1817 1689 0
1657 1817 1689 1658 1818 1690 0
1658 1818 1690 1659 1819 1691 0
1659 1819 1691 1660 1820 1692 0
1660 1820 1692 1661 1821 1693 0
1661 1821 1693 1662 1822 1694 0
52 16 20 1695 575 607 0
1695 575 607 1696 576 608 0
1696 576 608 1697 577 609 0
1697 577 609 1698 578 610 0
1698 578 610 1699 579 611 0
1699 579 611 1700 580 612 0
1700 580 612 1701 581 613 0
1701 581 613 1702 582 614 0
1702 582 614 1703 583 615 0
1703 583 615 1704 584 616 0
1704 584 616 1705 585 617 0
1705 585 617 1706 586 618 0
1706 586 618 1707 587 619 0
1707 587 619 1708 588 620 0
1708 588 620 1709 589 621 0
1709 589 621 1710 590 622 0
1710 590 622 1711 591 623 0
1711 591 623 1712 592 624 0
1712 592 624 1713 593 625 0
1713 593 625 1714 594 626 0
1714 594 626 1715 595 627 0
1715 595 627 1716 596 628 0
1716 596 628 1717 597 629 0
1717 597 629 1718 598 630 0
1718 598 630 1719 599 631 0
1719 599 631 1720 600 632 0
1720 600 632 1721 601 633 0
1721 601 633 1722 602 634 0
1722 602 634 1723 603 635 0
1723 603 635 1724 604 636 0
1724 604 636 1725 605 637 0
1725 605 637 1726 606 638 0
16 56 15 575 1823 543 0
575 1823 543 576 1824 544 0
576 1824 544 577 1825 545 0
577 1825 545 578 1826 546 0
578 1826 546 579 1827 547 0
579 1827 547 580 1828 548 0
580 1828 548 581 1829 549 0
581 1829 549 582 1830 550 0
582 1830 550 583 1831 551 0
583 1831 551 584 1832 552 0
584 1832 552 585 1833 553 0
585 1833 553 586 1834 554 0
586 1834 554 587 1835 555 0
587 1835 555 588 1836 556 0
588 1836 556 589 1837 557 0
589 1837 557 590 1838 558 0
590 1838 558 591 1839 559 0
591 1839 559 592 1840 560 0
592 1840 560 593 1841 561 0
593 1841 561 594 1842 562 0
594 1842 562 595 1843 563 0
595 1843 563 596 1844 564 0
596 1844 564 597 1845 565 0
597 1845 565 598 1846 566 0
598 1846 566 599 1847 567 0
599 1847 567 600 1848 568 0
600 1848 568 601 1849 569 0
601 1849 569 602 1850 570 0
602 1850 570 603 1851 571 0
603 1851 571 604 1852 572 0
604 1852 572 605 1853 573 0
605 1853 573 606 1854 574 0
14 11 3 511 383 351 0
511 383 351 512 384 352 0
512 384 352 513 385 353 0
513 385 353 514 386 354 0
514 386 354 515 387 355 0
515 387 355 516 388 356 0
516 388 356 517 389 357 0
517 389 357 518 390 358 0
518 390 358 519 391 359 0
519 391 359 520 392 360 0
520 392 360 521 393 361 0
521 393 361 522 394 362 0
522 394 362 523 395 363 0
523 395 363 524 396 364 0
524 396 364 525 397 365 0
525 397 365 526 398 366 0
526 398 366 527 399 367 0
527 399 367 528 400 368 0
528 400 368 529 401 369 0
529 401 369 530 402 370 0
530 402 370 531 403 371 0
531 403 371 532 404 372 0
532 404 372 533 405 373 0
533 405 373 534 406 374 0
534 406 374 535 407 375 0
535 407 375 536 408 376 0
536 408 376 537 409 377 0
537 409 377 538 410 378 0
538 410 378 539 411 379 0
539 411 379 540 412 380 0
540 412 380 541 413 381 0
541 413 381 542 414 382 0
11 57 12 383 1855 415 0
383 1855 415 384 1856 416 0
384 1856 416 385 1857 417 0
385 1857 417 386 1858 418 0
386 1858 418 387 1859 419 0
387 1859 419 388 1860 420 0
388 1860 420 389 1861 421 0
389 1861 421 390 1862 422 0
390 1862 422 391 1863 423 0
391 1863 423 392 1864 424 0
392 1864 424 393 1865 425 0
393 1865 425 394 1866 426 0
394 1866 426 395 1867 427 0
395 1867 427 396 1868 428 0
396 1868 428 397 1869 429 0
397 1869 429 398 1870 430 0
398 1870 430 399 1871 431 0
399 1871 431 400 1872 432 0
400 1872 432 401 1873 433 0
401 1873 433 402 1874 434 0
402 1874 434 403 1875 435 0
403 1875 435 404 1876 436 0
404 1876 436 405 1877 437 0
405 1877 437 406 1878 438 0
406 1878 438 407 1879 439 0
407 1879 439 408 1880 440 0
408 1880 440 409 1881 441 0
409 1881 441 410 1882 442 0
410 1882 442 411 1883 443 0
411 1883 443 412 1884 444 0
412 1884 444 413 1885 445 0
413 1885 445 414 1886 446 0
12 58 13 415 1887 447 0
415 1887 447 416 1888 448 0
416 1888 448 417 1889 449 0
417 1889 449 418 1890 450 0
418 1890 450 419 1891 451 0
419 1891 451 420 1892 452 0
420 1892 452 421 1893 453 0
421 1893 453 422 1894 454 0
422 1894 454 423 1895 455 0
423 1895 455 424 1896 456 0
424 1896 456 425 1897 457 0
425 1897 457 426 1898 458 0
426 1898 458 427 1899 459 0
427 1899 459 428 1900 460 0
428 1900 460 429 1901 461 0
429 1901 461 430 1902 462 0
430 1902 462 431 1903 463 0
431 1903 463 432 1904 464 0
432 1904 464 433 1905 465 0
433 1905 465 434 1906 466 0
434 1906 466 435 1907 467 0
435 1907 467 436 1908 468 0
436 1908 468 437 1909 469 0
437 1909 469 438 1910 470 0
438 1910 470 439 1911 471 0
439 1911 471 440 1912 472 0
440 1912 472 441 1913 473 0
441 1913 473 442 1914 474 0
442 1914 474 443 1915 475 0
443 1915 475 444 1916 476 0
444 1916 476 445 1917 477 0
445 1917 477 446 1918 478 0
57 58 12 1855 1887 415 0
1855 1887 415 1856 1888 416 0
1856 1888 416 1857 1889 417 0
1857 1889 417 1858 1890 418 0
1858 1890 418 1859 1891 419 0
1859 1891 419 1860 1892 420 0
1860 1892 420 1861 1893 421 0
1861 1893 421 1862 1894 422 0
1862 1894 422 1863 1895 423 0
1863 1895 423 1864 1896 424 0
1864 1896 424 1865 1897 425 0
1865 1897 425 1866 1898 426 0
1866 1898 426 1867 1899 427 0
1867 1899 427 1868 1900 428 0
1868 1900 428 1869 1901 429 0
1869 1901 429 1870 1902 430 0
1870 1902 430 1871 1903 431 0
1871 1903 431 1872 1904 432 0
1872 1904 432 1873 1905 433 0
1873 1905 433 1874 1906 434 0
1874 1906 434 1875 1907 435 0
1875 1907 435 1876 1908 436 0
1876 1908 436 1877 1909 437 0
1877 1909 437 1878 1910 438 0
1878 1910 438 1879 1911 439 0
1879 1911 439 1880 1912 440 0
1880 1912 440 1881 1913 441 0
1881 1913 441 1882 1914 442 0
1882 1914 442 1883 1915 443 0
1883 1915 443 1884 1916 444 0
1884 1916 444 1885 1917 445 0
1885 1917 445 1886 1918 446 0
13 58 53 447 1887 1727 0
447 1887 1727 448 1888 1728 0
448 1888 1728 449 1889 1729 0
449 1889 1729 450 1890 1730 0
450 1890 1730 451 1891 1731 0
451 1891 1731 452 1892 1732 0
452 1892 1732 453 1893 1733 0
453 1893 1733 454 1894 1734 0
454 1894 1734 455 1895 1735 0
455 1895 1735 456 1896 1736 0
456 1896 1736 457 1897 1737 0
457 1897 1737 458 1898 1738 0
458 1898 1738 459 1899 1739 0
459 1899 1739 460 1900 1740 0
460 1900 1740 461 1901 1741 0
461 1901 1741 462 1902 1742 0
462 1902 1742 463 1903 1743 0
463 1903 1743 464 1904 1744 0
464 1904 1744 465 1905 1745 0
465 1905 1745 466 1906 1746 0
466 1906 1746 467 1907 1747 0
467 1907 1747 468 1908 1748 0
468 1908 1748 469 1909 1749 0
469 1909 1749 470 1910 1750 0
470 1910 1750 471 1911 1751 0
471 1911 1751 472 1912 1752 0
472 1912 1752 473 1913 1753 0
473 1913 1753 474 1914 1754 0
474 1914 1754 475 1915 1755 0
475 1915 1755 476 1916 1756 0
476 1916 1756 477 1917 1757 0
477 1917 1757 478 1918 1758 0
52 56 16 1695 1823 575 0
1695 1823 575 1696 1824 576 0
1696 1824 576 1697 1825 577 0
1697 1825 577 1698 1826 578 0
1698 1826 578 1699 1827 579 0
1699 1827 579 1700 1828 580 0
1700 1828 580 1701 1829 581 0
1701 1829 581 1702 1830 582 0
1702 1830 582 1703 1831 583 0
1703 1831 583 1704 1832 584 0
1704 1832 584 1705 1833 585 0
1705 1833 585 1706 1834 586 0
1706 1834 586 1707 1835 587 0
1707 1835 587 1708 1836 588 0
1708 1836 588 1709 1837 589 0
1709 1837 589 1710 1838 590 0
1710 1838 590 1711 1839 591 0
1711 1839 591 1712 1840 592 0
1712 1840 592 1713 1841 593 0
1713 1841 593 1714 1842 594 0
1714 1842 594 1715 1843 595 0
1715 1843 595 1716 1844 596 0
1716 1844 596 1717 1845 597 0
1717 1845 597 1718 1846 598 0
1718 1846 598 1719 1847 599 0
1719 1847 599 1720 1848 600 0
1720 1848 600 1721 1849 601 0
1721 1849 601 1722 1850 602 0
1722 1850 602 1723 1851 603 0
1723 1851 603 1724 1852 604 0
1724 1852 604 1725 1853 605 0
1725 1853 605 1726 1854 606 0
14 57 11 511 1855 383 0
511 1855 383 512 1856 384 0
512 1856 384 513 1857 385 0
513 1857 385 514 1858 386 0
514 1858 386 515 1859 387 0
515 1859 387 516 1860 388 0
516 1860 388 517 1861 389 0
517 1861 389 518 1862 390 0
518 1862 390 519 1863 391 0
519 1863 391 520 1864 392 0
520 1864 392 521 1865 393 0
521 1865 393 522 1866 394 0
522 1866 394 523 1867 395 0
523 1867 395 524 1868 396 0
524 1868 396 525 1869 397 0
525 1869 397 526 1870 398 0
526 1870 398 527 1871 399 0
527 1871 399 528 1872 400 0
528 1872 400 529 1873 401 0
529 1873 401 530 1874 402 0
530 1874 402 531 1875 403 0
531 1875 403 532 1876 404 0
532 1876 404 533 1877 405 0
533 1877 405 534 1878 406 0
534 1878 406 535 1879 407 0
535 1879 407 536 1880 408 0
536 1880 408 537 1881 409 0
537 1881 409 538 1882 410 0
538 1882 410 539 1883 411 0
539 1883 411 540 1884 412 0
540 1884 412 541 1885 413 0
541 1885 413 542 1886 414 0
53 54 48 1727 1759 1567 0
1727 1759 1567 1728 1760 1568 0
1728 1760 1568 1729 1761 1569 0
1729 1761 1569 1730 1762 1570 0
1730 1762 1570 1731 1763 1571 0
1731 1763 1571 1732 1764 1572 0
1732 1764 1572 1733 1765 1573 0
1733 1765 1573 1734 1766 1574 0
1734 1766 1574 1735 1767 1575 0
1735 1767 1575 1736 1768 1576 0
1736 1768 1576 1737 1769 1577 0
1737 1769 1577 1738 1770 1578 0
1738 1770 1578 1739 1771 1579 0
1739 1771 1579 1740 1772 1580 0
1740 1772 1580 1741 1773 1581 0
1741 1773 1581 1742 1774 1582 0
1742 1774 1582 1743 1775 1583 0
1743 1775 1583 1744 1776 1584 0
1744 1776 1584 1745 1777 1585 0
1745 1777 1585 1746 1778 1586 0
1746 1778 1586 1747 1779 1587 0
1747 1779 1587 1748 1780 1588 0
1748 1780 1588 1749 1781 1589 0
1749 1781 1589 1750 1782 1590 0
1750 1782 1590 1751 1783 1591 0
1751 1783 1591 1752 1784 1592 0
1752 1784 1592 1753 1785 1593 0
1753 1785 1593 1754 1786 1594 0
1754 1786 1594 1755 1787 1595 0
1755 1787 1595 1756 1788 1596 0
1756 1788 1596 1757 1789 1597 0
1757 1789 1597 1758 1790 1598 0
49 59 50 1599 1919 1631 0
1599 1919 1631 1600 1920 1632 0
1600 1920 1632 1601 1921 1633 0
1601 1921 1633 1602 1922 1634 0
1602 1922 1634 1603 1923 1635 0
1603 1923 1635 1604 1924 1636 0
1604 1924 1636 1605 1925 1637 0
1605 1925 1637 1606 1926 1638 0
1606 1926 1638 1607 1927 1639 0
1607 1927 1639 1608 1928 1640 0
1608 1928 1640 1609 1929 1641 0
1609 1929 1641 1610 1930 1642 0
1610 1930 1642 1611 1931 1643 0
1611 1931 1643 1612 1932 1644 0
1612 1932 1644 1613 1933 1645 0
1613 1933 1645 1614 1934 1646 0
1614 1934 1646 1615 1935 1647 0
1615 1935 1647 1616 1936 1648 0
1616 1936 1648 1617 1937 1649 0
1617 1937 1649 1618 1938 1650 0
1618 1938 1650 1619 1939 1651 0
1619 1939 1651 1620 1940 1652 0
1620 1940 1652 1621 1941 1653 0
1621 1941 1653 1622 1942 1654 0
1622 1942 1654 1623 1943 1655 0
1623 1943 1655 1624 1944 1656 0
1624 1944 1656 1625 1945 1657 0
1625 1945 1657 1626 1946 1658 0
1626 1946 1658 1627 1947 1659 0
1627 1947 1659 1628 1948 1660 0
1628 1948 1660 1629 1949 1661 0
1629 1949 1661 1630 1950 1662 0
56 52 55 1823 1695 1791 0
1823 1695 1791 1824 1696 1792 0
1824 1696 1792 1825 1697 1793 0
1825 1697 1793 1826 1698 1794 0
1826 1698 1794 1827 1699 1795 0
1827 1699 1795 1828 1700 1796 0
1828 1700 1796 1829 1701 1797 0
1829 1701 1797 1830 1702 1798 0
1830 1702 1798 1831 1703 1799 0
1831 1703 1799 1832 1704 1800 0
1832 1704 1800 1833 1705 1801 0
1833 1705 1801 1834 1706 1802 0
1834 1706 1802 1835 1707 1803 0
1835 1707 1803 1836 1708 1804 0
1836 1708 1804 1837 1709 1805 0
1837 1709 1805 1838 1710 1806 0
1838 1710 1806 1839 1711 1807 0
1839 1711 1807 1840 1712 1808 0
1840 1712 1808 1841 1713 1809 0
1841 1713 1809 1842 1714 1810 0
1842 1714 1810 1843 1715 1811 0
1843 1715 1811 1844 1716 1812 0
1844 1716 1812 1845 1717 1813 0
1845 1717 1813 1846 1718 1814 0
1846 1718 1814 1847 1719 1815 0
1847 1719 1815 1848 1720 1816 0
1848 1720 1816 1849 1721 1817 0
1849 1721 1817 1850 1722 1818 0
1850 1722 1818 1851 1723 1819 0
1851 1723 1819 1852 1724 1820 0
1852 1724 1820 1853 1725 1821 0
1853 1725 1821 1854 1726 1822 0
15 60 14 543 1951 511 0
543 1951 511 544 1952 512 0
544 1952 512 545 1953 513 0
545 1953 513 546 1954 514 0
546 1954 514 547 1955 515 0
547 1955 515 548 1956 516 0
548 1956 516 549 1957 517 0
549 1957 517 550 1958 518 0
550 1958 518 551 1959 519 0
551 1959 519 552 1960 520 0
552 1960 520 553 1961 521 0
553 1961 521 554 1962 522 0
554 1962 522 555 1963 523 0
555 1963 523 556 1964 524 0
556 1964 524 557 1965 525 0
557 1965 525 558 1966 526 0
558 1966 526 559 1967 527 0
559 1967 527 560 1968 528 0
560 1968 528 561 1969 529 0
561 1969 529 562 1970 530 0
562 1970 530 563 1971 531 0
563 1971 531 564 1972 532 0
564 1972 532 565 1973 533 0
565 1973 533 566 1974 534 0
566 1974 534 567 1975 535 0
567 1975 535 568 1976 536 0
568 1976 536 569 1977 537 0
569 1977 537 570 1978 538 0
570 1978 538 571 1979 539 0
571 1979 539 572 1980 540 0
572 1980 540 573 1981 541 0
573 1981 541 574 1982 542 0
56 60 15 1823 1951 543 0
1823 1951 543 1824 1952 544 0
1824 1952 544 1825 1953 545 0
1825 1953 545 1826 1954 546 0
1826 1954 546 1827 1955 547 0
1827 1955 547 1828 1956 548 0
1828 1956 548 1829 1957 549 0
1829 1957 549 1830 1958 550 0
1830 1958 550 1831 1959 551 0
1831 1959 551 1832 1960 552 0
1832 1960 552 1833 1961 553 0
1833 1961 553 1834 1962 554 0
1834 1962 554 1835 1963 555 0
1835 1963 555 1836 1964 556 0
1836 1964 556 1837 1965 557 0
1837 1965 557 1838 1966 558 0
1838 1966 558 1839 1967 559 0
1839 1967 559 1840 1968 560 0
1840 1968 560 1841 1969 561 0
1841 1969 561 1842 1970 562 0
1842 1970 562 1843 1971 563 0
1843 1971 563 1844 1972 564 0
1844 1972 564 1845 1973 565 0
1845 1973 565 1846 1974 566 0
1846 1974 566 1847 1975 567 0
1847 1975 567 1848 1976 568 0
1848 1976 568 1849 1977 569 0
1849 1977 569 1850 1978 570 0
1850 1978 570 1851 1979 571 0
1851 1979 571 1852 1980 572 0
1852 1980 572 1853 1981 573 0
1853 1981 573 1854 1982 574 0
14 60 57 511 1951 1855 0
511 1951 1855 512 1952 1856 0
512 1952 1856 513 1953 1857 0
513 1953 1857 514 1954 1858 0
514 1954 1858 515 1955 1859 0
515 1955 1859 516 1956 1860 0
516 1956 1860 517 1957 1861 0
517 1957 1861 518 1958 1862 0
518 1958 1862 519 1959 1863 0
519 1959 1863 520 1960 1864 0
520 1960 1864 521 1961 1865 0
521 1961 1865 522 1962 1866 0
522 1962 1866 523 1963 1867 0
523 1963 1867 524 1964 1868 0
524 1964 1868 525 1965 1869 0
525 1965 1869 526 1966 1870 0
526 1966 1870 527 1967 1871 0
527 1967 1871 528 1968 1872 0
528 1968 1872 529 1969 1873 0
529 1969 1873 530 1970 1874 0
530 1970 1874 531 1971 1875 0
531 1971 1875 532 1972 1876 0
532 1972 1876 533 1973 1877 0
533 1973 1877 534 1974 1878 0
534 1974 1878 535 1975 1879 0
535 1975 1879 536 1976 1880 0
536 1976 1880 537 1977 1881 0
537 1977 1881 538 1978 1882 0
538 1978 1882 539 1979 1883 0
539 1979 1883 540 1980 1884 0
540 1980 1884 541 1981 1885 0
541 1981 1885 542 1982 1886 0
54 59 49 1759 1919 1599 0
1759 1919 1599 1760 1920 1600 0
1760 1920 1600 1761 1921 1601 0
1761 1921 1601 1762 1922 1602 0
1762 1922 1602 1763 1923 1603 0
1763 1923 1603 1764 1924 1604 0
1764 1924 1604 1765 1925 1605 0
1765 1925 1605 1766 1926 1606 0
1766 1926 1606 1767 1927 1607 0
1767 1927 1607 1768 1928 1608 0
1768 1928 1608 1769 1929 1609 0
1769 1929 1609 1770 1930 1610 0
1770 1930 1610 1771 1931 1611 0
1771 1931 1611 1772 1932 1612 0
1772 1932 1612 1773 1933 1613 0
1773 1933 1613 1774 1934 1614 0
1774 1934 1614 1775 1935 1615 0
1775 1935 1615 1776 1936 1616 0
1776 1936 1616 1777 1937 1617 0
1777 1937 1617 1778 1938 1618 0
1778 1938 1618 1779 1939 1619 0
1779 1939 1619 1780 1940 1620 0
1780 1940 1620 1781 1941 1621 0
1781 1941 1621 1782 1942 1622 0
1782 1942 1622 1783 1943 1623 0
1783 1943 1623 1784 1944 1624 0
1784 1944 1624 1785 1945 1625 0
1785 1945 1625 1786 1946 1626 0
1786 1946 1626 1787 1947 1627 0
1787 1947 1627 1788 1948 1628 0
1788 1948 1628 1789 1949 1629 0
1789 1949 1629 1790 1950 1630 0
59 55 50 1919 1791 1631 0
1919 1791 1631 1920 1792 1632 0
1920 1792 1632 1921 1793 1633 0
1921 1793 1633 1922 1794 1634 0
1922 1794 1634 1923 1795 1635 0
1923 1795 1635 1924 1796 1636 0
1924 1796 1636 1925 1797 1637 0
1925 1797 1637 1926 1798 1638 0
1926 1798 1638 1927 1799 1639 0
1927 1799 1639 1928 1800 1640 0
1928 1800 1640 1929 1801 1641 0
1929 1801 1641 1930 1802 1642 0
1930 1802 1642 1931 1803 1643 0
1931 1803 1643 1932 1804 1644 0
1932 1804 1644 1933 1805 1645 0
1933 1805 1645 1934 1806 1646 0
1934 1806 1646 1935 1807 1647 0
1935 1807 1647 1936 1808 1648 0
1936 1808 1648 1937 1809 1649 0
1937 1809 1649 1938 1810 1650 0
1938 1810 1650 1939 1811 1651 0
1939 1811 1651 1940 1812 1652 0
1940 1812 1652 1941 1813 1653 0
1941 1813 1653 1942 1814 1654 0
1942 1814 1654 1943 1815 1655 0
1943 1815 1655 1944 1816 1656 0
1944 1816 1656 1945 1817 1657 0
1945 1817 1657 1946 1818 1658 0
1946 1818 1658 1947 1819 1659 0
1947 1819 1659 1948 1820 1660 0
1948 1820 1660 1949 1821 1661 0
1949 1821 1661 1950 1822 1662 0
53 58 54 1727 1887 1759 0
1727 1887 1759 1728 1888 1760 0
1728 1888 1760 1729 1889 1761 0
1729 1889 1761 1730 1890 1762 0
1730 1890 1762 1731 1891 1763 0
1731 1891 1763 1732 1892 1764 0
1732 1892 1764 1733 1893 1765 0
1733 1893 1765 1734 1894 1766 0
1734 1894 1766 1735 1895 1767 0
1735 1895 1767 1736 1896 1768 0
1736 1896 1768 1737 1897 1769 0
1737 1897 1769 1738 1898 1770 0
1738 1898 1770 1739 1899 1771 0
1739 1899 1771 1740 1900 1772 0
1740 1900 1772 1741 1901 1773 0
1741 1901 1773 1742 1902 1774 0
1742 1902 1774 1743 1903 1775 0
1743 1903 1775 1744 1904 1776 0
1744 1904 1776 1745 1905 1777 0
1745 1905 1777 1746 1906 1778 0
1746 1906 1778 1747 1907 1779 0
1747 1907 1779 1748 1908 1780 0
1748 1908 1780 1749 1909 1781 0
1749 1909 1781 1750 1910 1782 0
1750 1910 1782 1751 1911 1783 0
1751 1911 1783 1752 1912 1784 0
1752 1912 1784 1753 1913 1785 0
1753 1913 1785 1754 1914 1786 0
1754 1914 1786 1755 1915 1787 0
1755 1915 1787 1756 1916 1788 0
1756 1916 1788 1757 1917 1789 0
1757 1917 1789 1758 1918 1790 0
51 55 52 1663 1791 1695 0
1663 1791 1695 1664 1792 1696 0
1664 1792 1696 1665 1793 1697 0
1665 1793 1697 1666 1794 1698 0
1666 1794 1698 1667 1795 1699 0
1667 1795 1699 1668 1796 1700 0
1668 1796 1700 1669 1797 1701 0
1669 1797 1701 1670 1798 1702 0
1670 1798 1702 1671 1799 1703 0
1671 1799 1703 1672 1800 1704 0
1672 1800 1704 1673 1801 1705 0
1673 1801 1705 1674 1802 1706 0
1674 1802 1706 1675 1803 1707 0
1675 1803 1707 1676 1804 1708 0
1676 1804 1708 1677 1805 1709 0
1677 1805 1709 1678 1806 1710 0
1678 1806 1710 1679 1807 1711 0
1679 1807 1711 1680 1808 1712 0
1680 1808 1712 1681 1809 1713 0
1681 1809 1713 1682 1810 1714 0
1682 1810 1714 1683 1811 1715 0
1683 1811 1715 1684 1812 1716 0
1684 1812 1716 1685 1813 1717 0
1685 1813 1717 1686 1814 1718 0
1686 1814 1718 1687 1815 1719 0
1687 1815 1719 1688 1816 1720 0
1688 1816 1720 1689 1817 1721 0
1689 1817 1721 1690 1818 1722 0
1690 1818 1722 1691 1819 1723 0
1691 1819 1723 1692 1820 1724 0
1692 1820 1724 1693 1821 1725 0
1693 1821 1725 1694 1822 1726 0
59 61 55 1919 1983 1791 0
1919 1983 1791 1920 1984 1792 0
1920 1984 1792 1921 1985 1793 0
1921 1985 1793 1922 1986 1794 0
1922 1986 1794 1923 1987 1795 0
1923 1987 1795 1924 1988 1796 0
1924 1988 1796 1925 1989 1797 0
1925 1989 1797 1926 1990 1798 0
1926 1990 1798 1927 1991 1799 0
1927 1991 1799 1928 1992 1800 0
1928 1992 1800 1929 1993 1801 0
1929 1993 1801 1930 1994 1802 0
1930 1994 1802 1931 1995 1803 0
1931 1995 1803 1932 1996 1804 0
1932 1996 1804 1933 1997 1805 0
1933 1997 1805 1934 1998 1806 0
1934 1998 1806 1935 1999 1807 0
1935 1999 1807 1936 2000 1808 0
1936 2000 1808 1937 2001 1809 0
1937 2001 1809 1938 2002 1810 0
1938 2002 1810 1939 2003 1811 0
1939 2003 1811 1940 2004 1812 0
1940 2004 1812 1941 2005 1813 0
1941 2005 1813 1942 2006 1814 0
1942 2006 1814 1943 2007 1815 0
1943 2007 1815 1944 2008 1816 0
1944 2008 1816 1945 2009 1817 0
1945 2009 1817 1946 2010 1818 0
1946 2010 1818 1947 2011 1819 0
1947 2011 1819 1948 2012 1820 0
1948 2012 1820 1949 2013 1821 0
1949 2013 1821 1950 2014 1822 0
58 62 54 1887 2015 1759 0
1887 2015 1759 1888 2016 1760 0
1888 2016 1760 1889 2017 1761 0
1889 2017 1761 1890 2018 1762 0
1890 2018 1762 1891 2019 1763 0
1891 2019 1763 1892 2020 1764 0
1892 2020 1764 1893 2021 1765 0
1893 2021 1765 1894 2022 1766 0
1894 2022 1766 1895 2023 1767 0
1895 2023 1767 1896 2024 1768 0
1896 2024 1768 1897 2025 1769 0
1897 2025 1769 1898 2026 1770 0
1898 2026 1770 1899 2027 1771 0
1899 2027 1771 1900 2028 1772 0
1900 2028 1772 1901 2029 1773 0
1901 2029 1773 1902 2030 1774 0
1902 2030 1774 1903 2031 1775 0
1903 2031 1775 1904 2032 1776 0
1904 2032 1776 1905 2033 1777 0
1905 2033 1777 1906 2034 1778 0
1906 2034 1778 1907 2035 1779 0
1907 2035 1779 1908 2036 1780 0
1908 2036 1780 1909 2037 1781 0
1909 2037 1781 1910 2038 1782 0
1910 2038 1782 1911 2039 1783 0
1911 2039 1783 1912 2040 1784 0
1912 2040 1784 1913 2041 1785 0
1913 2041 1785 1914 2042 1786 0
1914 2042 1786 1915 2043 1787 0
1915 2043 1787 1916 2044 1788 0
1916 2044 1788 1917 2045 1789 0
1917 2045 1789 1918 2046 1790 0
57 62 58 1855 2015 1887 0
1855 2015 1887 1856 2016 1888 0
1856 2016 1888 1857 2017 1889 0
1857 2017 1889 1858 2018 1890 0
1858 2018 1890 1859 2019 1891 0
1859 2019 1891 1860 2020 1892 0
1860 2020 1892 1861 2021 1893 0
1861 2021 1893 1862 2022 1894 0
1862 2022 1894 1863 2023 1895 0
1863 2023 1895 1864 2024 1896 0
1864 2024 1896 1865 2025 1897 0
1865 2025 1897 1866 2026 1898 0
1866 2026 1898 1867 2027 1899 0
1867 2027 1899 1868 2028 1900 0
1868 2028 1900 1869 2029 1901 0
1869 2029 1901 1870 2030 1902 0
1870 2030 1902 1871 2031 1903 0
1871 2031 1903 1872 2032 1904 0
1872 2032 1904 1873 2033 1905 0
1873 2033 1905 1874 2034 1906 0
1874 2034 1906 1875 2035 1907 0
1875 2035 1907 1876 2036 1908 0
1876 2036 1908 1877 2037 1909 0
1877 2037 1909 1878 2038 1910 0
1878 2038 1910 1879 2039 1911 0
1879 2039 1911 1880 2040 1912 0
1880 2040 1912 1881 2041 1913 0
1881 2041 1913 1882 2042 1914 0
1882 2042 1914 1883 2043 1915 0
1883 2043 1915 1884 2044 1916 0
1884 2044 1916 1885 2045 1917 0
1885 2045 1917 1886 2046 1918 0
54 62 59 1759 2015 1919 0
1759 2015 1919 1760 2016 1920 0
1760 2016 1920 1761 2017 1921 0
1761 2017 1921 1762 2018 1922 0
1762 2018 1922 1763 2019 1923 0
1763 2019 1923 1764 2020 1924 0
1764 2020 1924 1765 2021 1925 0
1765 2021 1925 1766 2022 1926 0
1766 2022 1926 1767 2023 1927 0
1767 2023 1927 1768 2024 1928 0
1768 2024 1928 1769 2025 1929 0
1769 2025 1929 1770 2026 1930 0
1770 2026 1930 1771 2027 1931 0
1771 2027 1931 1772 2028 1932 0
1772 2028 1932 1773 2029 1933 0
1773 2029 1933 1774 2030 1934 0
1774 2030 1934 1775 2031 1935 0
1775 2031 1935 1776 2032 1936 0
1776 2032 1936 1777 2033 1937 0
1777 2033 1937 1778 2034 1938 0
1778 2034 1938 1779 2035 1939 0
1779 2035 1939 1780 2036 1940 0
1780 2036 1940 1781 2037 1941 0
1781 2037 1941 1782 2038 1942 0
1782 2038 1942 1783 2039 1943 0
1783 2039 1943 1784 2040 1944 0
1784 2040 1944 1785 2041 1945 0
1785 2041 1945 1786 2042 1946 0
1786 2042 1946 1787 2043 1947 0
1787 2043 1947 1788 2044 1948 0
1788 2044 1948 1789 2045 1949 0
1789 2045 1949 1790 2046 1950 0
59 62 61 1919 2015 1983 0
1919 2015 1983 1920 2016 1984 0
1920 2016 1984 1921 2017 1985 0
1921 2017 1985 1922 2018 1986 0
1922 2018 1986 1923 2019 1987 0
1923 2019 1987 1924 2020 1988 0
1924 2020 1988 1925 2021 1989 0
1925 2021 1989 1926 2022 1990 0
1926 2022 1990 1927 2023 1991 0
1927 2023 1991 1928 2024 1992 0
1928 2024 1992 1929 2025 1993 0
1929 2025 1993 1930 2026 1994 0
1930 2026 1994 1931 2027 1995 0
1931 2027 1995 1932 2028 1996 0
1932 2028 1996 1933 2029 1997 0
1933 2029 1997 1934 2030 1998 0
1934 2030 1998 1935 2031 1999 0
1935 2031 1999 1936 2032 2000 0
1936 2032 2000 1937 2033 2001 0
1937 2033 2001 1938 2034 2002 0
1938 2034 2002 1939 2035 2003 0
1939 2035 2003 1940 2036 2004 0
1940 2036 2004 1941 2037 2005 0
1941 2037 2005 1942 2038 2006 0
1942 2038 2006 1943 2039 2007 0
1943 2039 2007 1944 2040 2008 0
1944 2040 2008 1945 2041 2009 0
1945 2041 2009 1946 2042 2010 0
1946 2042 2010 1947 2043 2011 0
1947 2043 2011 1948 2044 2012 0
1948 2044 2012 1949 2045 2013 0
1949 2045 2013 1950 2046 2014 0
57 60 62 1855 1951 2015 0
1855 1951 2015 1856 1952 2016 0
1856 1952 2016 1857 1953 2017 0
1857 1953 2017 1858 1954 2018 0
1858 1954 2018 1859 1955 2019 0
1859 1955 2019 1860 1956 2020 0
1860 1956 2020 1861 1957 2021 0
1861 1957 2021 1862 1958 2022 0
1862 1958 2022 1863 1959 2023 0
1863 1959 2023 1864 1960 2024 0
1864 1960 2024 1865 1961 2025 0
1865 1961 2025 1866 1962 2026 0
1866 1962 2026 1867 1963 2027 0
1867 1963 2027 1868 1964 2028 0
1868 1964 2028 1869 1965 2029 0
1869 1965 2029 1870 1966 2030 0
1870 1966 2030 1871 1967 2031 0
1871 1967 2031 1872 1968 2032 0
1872 1968 2032 1873 1969 2033 0
1873 1969 2033 1874 1970 2034 0
1874 1970 2034 1875 1971 2035 0
1875 1971 2035 1876 1972 2036 0
1876 1972 2036 1877 1973 2037 0
1877 1973 2037 1878 1974 2038 0
1878 1974 2038 1879 1975 2039 0
1879 1975 2039 1880 1976 2040 0
1880 1976 2040 1881 1977 2041 0
1881 1977 2041 1882 1978 2042 0
1882 1978 2042 1883 1979 2043 0
1883 1979 2043 1884 1980 2044 0
1884 1980 2044 1885 1981 2045 0
1885 1981 2045 1886 1982 2046 0
55 61 56 1791 1983 1823 0
1791 1983 1823 1792 1984 1824 0
1792 1984 1824 1793 1985 1825 0
1793 1985 1825 1794 1986 1826 0
1794 1986 1826 1795 1987 1827 0
1795 1987 1827 1796 1988 1828 0
1796 1988 1828 1797 1989 1829 0
1797 1989 1829 1798 1990 1830 0
1798 1990 1830 1799 1991 1831 0
1799 1991 1831 1800 1992 1832 0
1800 1992 1832 1801 1993 1833 0
1801 1993 1833 1802 1994 1834 0
1802 1994 1834 1803 1995 1835 0
1803 1995 1835 1804 1996 1836 0
1804 1996 1836 1805 1997 1837 0
1805 1997 1837 1806 1998 1838 0
1806 1998 1838 1807 1999 1839 0
1807 1999 1839 1808 2000 1840 0
1808 2000 1840 1809 2001 1841 0
1809 2001 1841 1810 2002 1842 0
1810 2002 1842 1811 2003 1843 0
1811 2003 1843 1812 2004 1844 0
1812 2004 1844 1813 2005 1845 0
1813 2005 1845 1814 2006 1846 0
1814 2006 1846 1815 2007 1847 0
1815 2007 1847 1816 2008 1848 0
1816 2008 1848 1817 2009 1849 0
1817 2009 1849 1818 2010 1850 0
1818 2010 1850 1819 2011 1851 0
1819 2011 1851 1820 2012 1852 0
1820 2012 1852 1821 2013 1853 0
1821 2013 1853 1822 2014 1854 0
61 60 56 1983 1951 1823 0
1983 1951 1823 1984 1952 1824 0
1984 1952 1824 1985 1953 1825 0
1985 1953 1825 1986 1954 1826 0
1986 1954 1826 1987 1955 1827 0
1987 1955 1827 1988 1956 1828 0
1988 1956 1828 1989 1957 1829 0
1989 1957 1829 1990 1958 1830 0
1990 1958 1830 1991 1959 1831 0
1991 1959 1831 1992 1960 1832 0
1992 1960 1832 1993 1961 1833 0
1993 1961 1833 1994 1962 1834 0
1994 1962 1834 1995 1963 1835 0
1995 1963 1835 1996 1964 1836 0
1996 1964 1836 1997 1965 1837 0
1997 1965 1837 1998 1966 1838 0
1998 1966 1838 1999 1967 1839 0
1999 1967 1839 2000 1968 1840 0
2000 1968 1840 2001 1969 1841 0
2001 1969 1841 2002 1970 1842 0
2002 1970 1842 2003 1971 1843 0
2003 1971 1843 2004 1972 1844 0
2004 1972 1844 2005 1973 1845 0
2005 1973 1845 2006 1974 1846 0
2006 1974 1846 2007 1975 1847 0
2007 1975 1847 2008 1976 1848 0
2008 1976 1848 2009 1977 1849 0
2009 1977 1849 2010 1978 1850 0
2010 1978 1850 2011 1979 1851 0
2011 1979 1851 2012 1980 1852 0
2012 1980 1852 2013 1981 1853 0
2013 1981 1853 2014 1982 1854 0
62 60 61 2015 1951 1983 0
2015 1951 1983 2016 1952 1984 0
2016 1952 1984 2017 1953 1985 0
2017 1953 1985 2018 1954 1986 0
2018 1954 1986 2019 1955 1987 0
2019 1955 1987 2020 1956 1988 0
2020 1956 1988 2021 1957 1989 0
2021 1957 1989 2022 1958 1990 0
2022 1958 1990 2023 1959 1991 0
2023 1959 1991 2024 1960 1992 0
2024 1960 1992 2025 1961 1993 0
2025 1961 1993 2026 1962 1994 0
2026 1962 1994 2027 1963 1995 0
2027 1963 1995 2028 1964 1996 0
2028 1964 1996 2029 1965 1997 0
2029 1965 1997 2030 1966 1998 0
2030 1966 1998 2031 1967 1999 0
2031 1967 1999 2032 1968 2000 0
2032 1968 2000 2033 1969 2001 0
2033 1969 2001 2034 1970 2002 0
2034 1970 2002 2035 1971 2003 0
2035 1971 2003 2036 1972 2004 0
2036 1972 2004 2037 1973 2005 0
2037 1973 2005 2038 1974 2006 0
2038 1974 2006 2039 1975 2007 0
2039 1975 2007 2040 1976 2008 0
2040 1976 2008 2041 1977 2009 0
2041 1977 2009 2042 1978 2010 0
2042 1978 2010 2043 1979 2011 0
2043 1979 2011 2044 1980 2012 0
2044 1980 2012 2045 1981 2013 0
2045 1981 2013 2046 1982 2014 0

Quadrilaterals
832
2 10 25 21 0
10 9 26 25 0
9 8 27 26 0
8 7 28 27 0
7 6 29 28 0
6 5 30 29 0
5 4 31 30 0
4 1 17 31 0
21 25 32 22 0
25 26 33 32 0
26 27 34 33 0
27 28 35 34 0
28 29 36 35 0
29 30 37 36 0
30 31 38 37 0
31 17 18 38 0
22 32 39 23 0
32 33 40 39 0
33 34 41 40 0
34 35 42 41 0
35 36 43 42 0
36 37 44 43 0
37 38 45 44 0
38 18 19 45 0
23 39 46 24 0
39 40 47 46 0
40 41 48 47 0
41 42 49 48 0
42 43 50 49 0
43 44 51 50 0
44 45 52 51 0
45 19 20 52 0
4 1 63 95 2
95 63 64 96 2
96 64 65 97 2
97 65 66 98 2
98 66 67 99 2
99 67 68 100 2
100 68 69 101 2
101 69 70 102 2
102 70 71 103 2
103 71 72 104 2
104 72 73 105 2
105 73 74 106 2
106 74 75 107 2
107 75 76 108 2
108 76 77 109 2
109 77 78 110 2
110 78 79 111 2
111 79 80 112 2
112 80 81 113 2
113 81 82 114 2
114 82 83 115 2
115 83 84 116 2
116 84 85 117 2
117 85 86 118 2
118 86 87 119 2
119 87 88 120 2
120 88 89 121 2
121 89 90 122 2
122 90 91 123 2
123 91 92 124 2
124 92 93 125 2
125 93 94 126 2
5 4 95 127 2
127 95 96 128 2
128 96 97 129 2
129 97 98 130 2
130 98 99 131 2
131 99 100 132 2
132 100 101 133 2
133 101 102 134 2
134 102 103 135 2
135 103 104 136 2
136 104 105 137 2
137 105 106 138 2
138 106 107 139 2
139 107 108 140 2
140 108 109 141 2
141 109 110 142 2
142 110 111 143 2
143 111 112 144 2
144 112 113 145 2
145 113 114 146 2
146 114 115 147 2
147 115 116 148 2
148 116 117 149 2
149 117 118 150 2
150 118 119 151 2
151 119 120 152 2
152 120 121 153 2
153 121 122 154 2
154 122 123 155 2
155 123 124 156 2
156 124 125 157 2
157 125 126 158 2
6 5 127 159 2
159 127 128 160 2
160 128 129 161 2
161 129 130 162 2
162 130 131 163 2
163 131 132 164 2
164 132 133 165 2
165 133 134 166 2
166 134 135 167 2
167 135 136 168 2
168 136 137 169 2
169 137 138 170 2
170 138 139 171 2
171 139 140 172 2
172 140 141 173 2
173 141 142 174 2
174 142 143 175 2
175 143 144 176 2
176 144 145 177 2
177 145 146 178 2
178 146 147 179 2
179 147 148 180 2
180 148 149 181 2
181 149 150 182 2
182 150 151 183 2
183 151 152 184 2
184 152 153 185 2
185 153 154 186 2
186 154 155 187 2
187 155 156 188 2
188 156 157 189 2
189 157 158 190 2
7 6 159 191 2
191 159 160 192 2
192 160 161 193 2
193 161 162 194 2
194 162 163 195 2
195 163 164 196 2
196 164 165 197 2
197 165 166 198 2
198 166 167 199 2
199 167 168 200 2
200 168 169 201 2
201 169 170 202 2
202 170 171 203 2
203 171 172 204 2
204 172 173 205 2
205 173 174 206 2
206 174 175 207 2
207 175 176 208 2
208 176 177 209 2
209 177 178 210 2
210 178 179 211 2
211 179 180 212 2
212 180 181 213 2
213 181 182 214 2
214 182 183 215 2
215 183 184 216 2
216 184 185 217 2
217 185 186 218 2
218 186 187 219 2
219 187 188 220 2
220 188 189 221 2
221 189 190 222 2
8 7 191 223 2
223 191 192 224 2
224 192 193 225 2
225 193 194 226 2
226 194 195 227 2
227 195 196 228 2
228 196 197 229 2
229 197 198 230 2
230 198 199 231 2
231 199 200 232 2
232 200 201 233 2
233 201 202 234 2
234 202 203 235 2
235 203 204 236 2
236 204 205 237 2
237 205 206 238 2
238 206 207 239 2
239 207 208 240 2
240 208 209 241 2
241 209 210 242 2
242 210 211 243 2
243 211 212 244 2
244 212 213 245 2
245 213 214 246 2
246 214 215 247 2
247 215 216 248 2
248 216 217 249 2
249 217 218 250 2
250 218 219 251 2
251 219 220 252 2
252 220 221 253 2
253 221 222 254 2
9 8 223 255 2
255 223 224 256 2
256 224 225 257 2
257 225 226 258 2
258 226 227 259 2
259 227 228 260 2
260 228 229 261 2
261 229 230 262 2
262 230 231 263 2
263 231 232 264 2
264 232 233 265 2
265 233 234 266 2
266 234 235 267 2
267 235 236 268 2
268 236 237 269 2
269 237 238 270 2
270 238 239 271 2
271 239 240 272 2
272 240 241 273 2
273 241 242 274 2
274 242 243 275 2
275 243 244 276 2
276 244 245 277 2
277 245 246 278 2
278 246 247 279 2
279 247 248 280 2
280 248 249 281 2
281 249 250 282 2
282 250 251 283 2
283 251 252 284 2
284 252 253 285 2
285 253 254 286 2
10 9 255 287 2
287 255 256 288 2
288 256 257 289 2
289 257 258 290 2
290 258 259 291 2
291 259 260 292 2
292 260 261 293 2
293 261 262 294 2
294 262 263 295 2
295 263 264 296 2
296 264 265 297 2
297 265 266 298 2
298 266 267 299 2
299 267 268 300 2
300 268 269 301 2
301 269 270 302 2
302 270 271 303 2
303 271 272 304 2
304 272 273 305 2
305 273 274 306 2
306 274 275 307 2
307 275 276 308 2
308 276 277 309 2
309 277 278 310 2
310 278 279 311 2
311 279 280 312 2
312 280 281 313 2
313 281 282 314 2
314 282 283 315 2
315 283 284 316 2
316 284 285 317 2
317 285 286 318 2
2 10 287 319 2
319 287 288 320 2
320 288 289 321 2
321 289 290 322 2
322 290 291 323 2
323 291 292 324 2
324 292 293 325 2
325 293 294 326 2
326 294 295 327 2
327 295 296 328 2
328 296 297 329 2
329 297 298 330 2
330 298 299 331 2
331 299 300 332 2
332 300 301 333 2
333 301 302 334 2
334 302 303 335 2
335 303 304 336 2
336 304 305 337 2
337 305 306 338 2
338 306 307 339 2
339 307 308 340 2
340 308 309 341 2
341 309 310 342 2
342 310 311 343 2
343 311 312 344 2
344 312 313 345 2
345 313 314 346 2
346 314 315 347 2
347 315 316 348 2
348 316 317 349 2
349 317 318 350 2
11 383 351 3 4
383 384 352 351 4
384 385 353 352 4
385 386 354 353 4
386 387 355 354 4
387 388 356 355 4
388 389 357 356 4
389 390 358 357 4
390 391 359 358 4
391 392 360 359 4
392 393 361 360 4
393 394 362 361 4
394 395 363 362 4
395 396 364 363 4
396 397 365 364 4
397 398 366 365 4
398 399 367 366 4
399 400 368 367 4
400 401 369 368 4
401 402 370 369 4
402 403 371 370 4
403 404 372 371 4
404 405 373 372 4
405 406 374 373 4
406 407 375 374 4
407 408 376 375 4
408 409 377 376 4
409 410 378 377 4
410 411 379 378 4
411 412 380 379 4
412 413 381 380 4
413 414 382 381 4
11 12 415 383 4
383 415 416 384 4
384 416 417 385 4
385 417 418 386 4
386 418 419 387 4
387 419 420 388 4
388 420 421 389 4
389 421 422 390 4
390 422 423 391 4
391 423 424 392 4
392 424 425 393 4
393 425 426 394 4
394 426 427 395 4
395 427 428 396 4
396 428 429 397 4
397 429 430 398 4
398 430 431 399 4
399 431 432 400 4
400 432 433 401 4
401 433 434 402 4
402 434 435 403 4
403 435 436 404 4
404 436 437 405 4
405 437 438 406 4
406 438 439 407 4
407 439 440 408 4
408 440 441 409 4
409 441 442 410 4
410 442 443 411 4
411 443 444 412 4
412 444 445 413 4
413 445 446 414 4
12 13 447 415 4
415 447 448 416 4
416 448 449 417 4
417 449 450 418 4
418 450 451 419 4
419 451 452 420 4
420 452 453 421 4
421 453 454 422 4
422 454 455 423 4
423 455 456 424 4
424 456 457 425 4
425 457 458 426 4
426 458 459 427 4
427 459 460 428 4
428 460 461 429 4
429 461 462 430 4
430 462 463 431 4
431 463 464 432 4
432 464 465 433 4
433 465 466 434 4
434 466 467 435 4
435 467 468 436 4
436 468 469 437 4
437 469 470 438 4
438 470 471 439 4
439 471 472 440 4
440 472 473 441 4
441 473 474 442 4
442 474 475 443 4
443 475 476 444 4
444 476 477 445 4
445 477 478 446 4
24 479 447 13 4
479 480 448 447 4
480 481 449 448 4
481 482 450 449 4
482 483 451 450 4
483 484 452 451 4
484 485 453 452 4
485 486 454 453 4
486 487 455 454 4
487 488 456 455 4
488 489 457 456 4
489 490 458 457 4
490 491 459 458 4
491 492 460 459 4
492 493 461 460 4
493 494 462 461 4
494 495 463 462 4
495 496 464 463 4
496 497 465 464 4
497 498 466 465 4
498 499 467 466 4
499 500 468 467 4
500 501 469 468 4
501 502 470 469 4
502 503 471 470 4
503 504 472 471 4
504 505 473 472 4
505 506 474 473 4
506 507 475 474 4
507 508 476 475 4
508 509 477 476 4
509 510 478 477 4
14 3 351 511 3
511 351 352 512 3
512 352 353 513 3
513 353 354 514 3
514 354 355 515 3
515 355 356 516 3
516 356 357 517 3
517 357 358 518 3
518 358 359 519 3
519 359 360 520 3
520 360 361 521 3
521 361 362 522 3
522 362 363 523 3
523 363 364 524 3
524 364 365 525 3
525 365 366 526 3
526 366 367 527 3
527 367 368 528 3
528 368 369 529 3
529 369 370 530 3
530 370 371 531 3
531 371 372 532 3
532 372 373 533 3
533 373 374 534 3
534 374 375 535 3
535 375 376 536 3
536 376 377 537 3
537 377 378 538 3
538 378 379 539 3
539 379 380 540 3
540 380 381 541 3
541 381 382 542 3
15 14 511 543 3
543 511 512 544 3
544 512 513 545 3
545 513 514 546 3
546 514 515 547 3
547 515 516 548 3
548 516 517 549 3
549 517 518 550 3
550 518 519 551 3
551 519 520 552 3
552 520 521 553 3
553 521 522 554 3
554 522 523 555 3
555 523 524 556 3
556 524 525 557 3
557 525 526 558 3
558 526 527 559 3
559 527 528 560 3
560 528 529 561 3
561 529 530 562 3
562 530 531 563 3
563 531 532 564 3
564 532 533 565 3
565 533 534 566 3
566 534 535 567 3
567 535 536 568 3
568 536 537 569 3
569 537 538 570 3
570 538 539 571 3
571 539 540 572 3
572 540 541 573 3
573 541 542 574 3
16 15 543 575 3
575 543 544 576 3
576 544 545 577 3
577 545 546 578 3
578 546 547 579 3
579 547 548 580 3
580 548 549 581 3
581 549 550 582 3
582 550 551 583 3
583 551 552 584 3
584 552 553 585 3
585 553 554 586 3
586 554 555 587 3
587 555 556 588 3
588 556 557 589 3
589 557 558 590 3
590 558 559 591 3
591 559 560 592 3
592 560 561 593 3
593 561 562 594 3
594 562 563 595 3
595 563 564 596 3
596 564 565 597 3
597 565 566 598 3
598 566 567 599 3
599 567 568 600 3
600 568 569 601 3
601 569 570 602 3
602 570 571 603 3
603 571 572 604 3
604 572 573 605 3
605 573 574 606 3
16 575 607 20 3
575 576 608 607 3
576 577 609 608 3
577 578 610 609 3
578 579 611 610 3
579 580 612 611 3
580 581 613 612 3
581 582 614 613 3
582 583 615 614 3
583 584 616 615 3
584 585 617 616 3
585 586 618 617 3
586 587 619 618 3
587 588 620 619 3
588 589 621 620 3
589 590 622 621 3
590 591 623 622 3
591 592 624 623 3
592 593 625 624 3
593 594 626 625 3
594 595 627 626 3
595 596 628 627 3
596 597 629 628 3
597 598 630 629 3
598 599 631 630 3
599 600 632 631 3
600 601 633 632 3
601 602 634 633 3
602 603 635 634 3
603 604 636 635 3
604 605 637 636 3
605 606 638 637 3
1 17 639 63 3
63 639 640 64 3
64 640 641 65 3
65 641 642 66 3
66 642 643 67 3
67 643 644 68 3
68 644 645 69 3
69 645 646 70 3
70 646 647 71 3
71 647 648 72 3
72 648 649 73 3
73 649 650 74 3
74 650 651 75 3
75 651 652 76 3
76 652 653 77 3
77 653 654 78 3
78 654 655 79 3
79 655 656 80 3
80 656 657 81 3
81 657 658 82 3
82 658 659 83 3
83 659 660 84 3
84 660 661 85 3
85 661 662 86 3
86 662 663 87 3
87 663 664 88 3
88 664 665 89 3
89 665 666 90 3
90 666 667 91 3
91 667 668 92 3
92 668 669 93 3
93 669 670 94 3
17 18 671 639 3
639 671 672 640 3
640 672 673 641 3
641 673 674 642 3
642 674 675 643 3
643 675 676 644 3
644 676 677 645 3
645 677 678 646 3
646 678 679 647 3
647 679 680 648 3
648 680 681 649 3
649 681 682 650 3
650 682 683 651 3
651 683 684 652 3
652 684 685 653 3
653 685 686 654 3
654 686 687 655 3
655 687 688 656 3
656 688 689 657 3
657 689 690 658 3
658 690 691 659 3
659 691 692 660 3
660 692 693 661 3
661 693 694 662 3
662 694 695 663 3
663 695 696 664 3
664 696 697 665 3
665 697 698 666 3
666 698 699 667 3
667 699 700 668 3
668 700 701 669 3
669 701 702 670 3
18 19 703 671 3
671 703 704 672 3
672 704 705 673 3
673 705 706 674 3
674 706 707 675 3
675 707 708 676 3
676 708 709 677 3
677 709 710 678 3
678 710 711 679 3
679 711 712 680 3
680 712 713 681 3
681 713 714 682 3
682 714 715 683 3
683 715 716 684 3
684 716 717 685 3
685 717 718 686 3
686 718 719 687 3
687 719 720 688 3
688 720 721 689 3
689 721 722 690 3
690 722 723 691 3
691 723 724 692 3
692 724 725 693 3
693 725 726 694 3
694 726 727 695 3
695 727 728 696 3
696 728 729 697 3
697 729 730 698 3
698 730 731 699 3
699 731 732 700 3
700 732 733 701 3
701 733 734 702 3
19 20 607 703 3
703 607 608 704 3
704 608 609 705 3
705 609 610 706 3
706 610 611 707 3
707 611 612 708 3
708 612 613 709 3
709 613 614 710 3
710 614 615 711 3
711 615 616 712 3
712 616 617 713 3
713 617 618 714 3
714 618 619 715 3
715 619 620 716 3
716 620 621 717 3
717 621 622 718 3
718 622 623 719 3
719 623 624 720 3
720 624 625 721 3
721 625 626 722 3
722 626 627 723 3
723 627 628 724 3
724 628 629 725 3
725 629 630 726 3
726 630 631 727 3
727 631 632 728 3
728 632 633 729 3
729 633 634 730 3
730 634 635 731 3
731 635 636 732 3
732 636 637 733 3
733 637 638 734 3
2 319 735 21 4
319 320 736 735 4
320 321 737 736 4
321 322 738 737 4
322 323 739 738 4
323 324 740 739 4
324 325 741 740 4
325 326 742 741 4
326 327 743 742 4
327 328 744 743 4
328 329 745 744 4
329 330 746 745 4
330 331 747 746 4
331 332 748 747 4
332 333 749 748 4
333 334 750 749 4
334 335 751 750 4
335 336 752 751 4
336 337 753 752 4
337 338 754 753 4
338 339 755 754 4
339 340 756 755 4
340 341 757 756 4
341 342 758 757 4
342 343 759 758 4
343 344 760 759 4
344 345 761 760 4
345 346 762 761 4
346 347 763 762 4
347 348 764 763 4
348 349 765 764 4
349 350 766 765 4
21 735 767 22 4
735 736 768 767 4
736 737 769 768 4
737 738 770 769 4
738 739 771 770 4
739 740 772 771 4
740 741 773 772 4
741 742 774 773 4
742 743 775 774 4
743 744 776 775 4
744 745 777 776 4
745 746 778 777 4
746 747 779 778 4
747 748 780 779 4
748 749 781 780 4
749 750 782 781 4
750 751 783 782 4
751 752 784 783 4
752 753 785 784 4
753 754 786 785 4
754 755 787 786 4
755 756 788 787 4
756 757 789 788 4
757 758 790 789 4
758 759 791 790 4
759 760 792 791 4
760 761 793 792 4
761 762 794 793 4
762 763 795 794 4
763 764 796 795 4
764 765 797 796 4
765 766 798 797 4
22 767 799 23 4
767 768 800 799 4
768 769 801 800 4
769 770 802 801 4
770 771 803 802 4
771 772 804 803 4
772 773 805 804 4
773 774 806 805 4
774 775 807 806 4
775 776 808 807 4
776 777 809 808 4
777 778 810 809 4
778 779 811 810 4
779 780 812 811 4
780 781 813 812 4
781 782 814 813 4
782 783 815 814 4
783 784 816 815 4
784 785 817 816 4
785 786 818 817 4
786 787 819 818 4
787 788 820 819 4
788 789 821 820 4
789 790 822 821 4
790 791 823 822 4
791 792 824 823 4
792 793 825 824 4
793 794 826 825 4
794 795 827 826 4
795 796 828 827 4
796 797 829 828 4
797 798 830 829 4
23 799 479 24 4
799 800 480 479 4
800 801 481 480 4
801 802 482 481 4
802 803 483 482 4
803 804 484 483 4
804 805 485 484 4
805 806 486 485 4
806 807 487 486 4
807 808 488 487 4
808 809 489 488 4
809 810 490 489 4
810 811 491 490 4
811 812 492 491 4
812 813 493 492 4
813 814 494 493 4
814 815 495 494 4
815 816 496 495 4
816 817 497 496 4
817 818 498 497 4
818 819 499 498 4
819 820 500 499 4
820 821 501 500 4
821 822 502 501 4
822 823 503 502 4
823 824 504 503 4
824 825 505 504 4
825 826 506 505 4
826 827 507 506 4
827 828 508 507 4
828 829 509 508 4
829 830 510 509 4
350 318 862 766 1
318 286 894 862 1
286 254 926 894 1
254 222 958 926 1
222 190 990 958 1
190 158 1022 990 1
158 126 1054 1022 1
126 94 670 1054 1
766 862 1086 798 1
862 894 1118 1086 1
894 926 1150 1118 1
926 958 1182 1150 1
958 990 1214 1182 1
990 1022 1246 1214 1
1022 1054 1278 1246 1
1054 670 702 1278 1
798 1086 1310 830 1
1086 1118 1342 1310 1
1118 1150 1374 1342 1
1150 1182 1406 1374 1
1182 1214 1438 1406 1
1214 1246 1470 1438 1
1246 1278 1502 1470 1
1278 702 734 1502 1
830 1310 1534 510 1
1310 1342 1566 1534 1
1342 1374 1598 1566 1
1374 1406 1630 1598 1
1406 1438 1662 1630 1
1438 1470 1694 1662 1
1470 1502 1726 1694 1
1502 734 638 1726 1

Edges
2032
1 4 0
4 5 0
5 6 0
6 7 0
7 8 0
8 9 0
9 10 0
10 2 0
3 11 0
11 12 0
12 13 0
13 24 0
3 14 0
14 15 0
15 16 0
16 20 0
1 17 0
17 18 0
18 19 0
19 20 0
2 21 0
21 22 0
22 23 0
23 24 0
1 63 0
63 64 0
64 65 0
65 66 0
66 67 0
67 68 0
68 69 0
69 70 0
70 71 0
71 72 0
72 73 0
73 74 0
74 75 0
75 76 0
76 77 0
77 78 0
78 79 0
79 80 0
80 81 0
81 82 0
82 83 0
83 84 0
84 85 0
85 86 0
86 87 0
87 88 0
88 89 0
89 90 0
90 91 0
91 92 0
92 93 0
93 94 0
2 319 0
319 320 0
320 321 0
321 322 0
322 323 0
323 324 0
324 325 0
325 326 0
326 327 0
327 328 0
328 329 0
329 330 0
330 331 0
331 332 0
332 333 0
333 334 0
334 335 0
335 336 0
336 337 0
337 338 0
338 339 0
339 340 0
340 341 0
341 342 0
342 343 0
343 344 0
344 345 0
345 346 0
346 347 0
347 348 0
348 349 0
349 350 0
3 351 0
351 352 0
352 353 0
353 354 0
354 355 0
355 356 0
356 357 0
357 358 0
358 359 0
359 360 0
360 361 0
361 362 0
362 363 0
363 364 0
364 365 0
365 366 0
366 367 0
367 368 0
368 369 0
369 370 0
370 371 0
371 372 0
372 373 0
373 374 0
374 375 0
375 376 0
376 377 0
377 378 0
378 379 0
379 380 0
380 381 0
381 382 0
4 95 0
95 96 0
96 97 0
97 98 0
98 99 0
99 100 0
100 101 0
101 102 0
102 103 0
103 104 0
104 105 0
105 106 0
106 107 0
107 108 0
108 109 0
109 110 0
110 111 0
111 112 0
112 113 0
113 114 0
114 115 0
115 116 0
116 117 0
117 118 0
118 119 0
119 120 0
120 121 0
121 122 0
122 123 0
123 124 0
124 125 0
125 126 0
5 127 0
127 128 0
128 129 0
129 130 0
130 131 0
131 132 0
132 133 0
133 134 0
134 135 0
135 136 0
136 137 0
137 138 0
138 139 0
139 140 0
140 141 0
141 142 0
142 143 0
143 144 0
144 145 0
145 146 0
146 147 0
147 148 0
148 149 0
149 150 0
150 151 0
151 152 0
152 153 0
153 154 0
154 155 0
155 156 0
156 157 0
157 158 0
6 159 0
159 160 0
160 161 0
161 162 0
162 163 0
163 164 0
164 165 0
165 166 0
166 167 0
167 168 0
168 169 0
169 170 0
170 171 0
171 172 0
172 173 0
173 174 0
174 175 0
175 176 0
176 177 0
177 178 0
178 179 0
179 180 0
180 181 0
181 182 0
182 183 0
183 184 0
184 185 0
185 186 0
186 187 0
187 188 0
188 189 0
189 190 0
7 191 0
191 192 0
192 193 0
193 194 0
194 195 0
195 196 0
196 197 0
197 198 0
198 199 0
199 200 0
200 201 0
201 202 0
202 203 0
203 204 0
204 205 0
205 206 0
206 207 0
207 208 0
208 209 0
209 210 0
210 211 0
211 212 0
212 213 0
213 214 0
214 215 0
215 216 0
216 217 0
217 218 0
218 219 0
219 220 0
220 221 0
221 222 0
8 223 0
223 224 0
224 225 0
225 226 0
226 227 0
227 228 0
228 229 0
229 230 0
230 231 0
231 232 0
232 233 0
233 234 0
234 235 0
235 236 0
236 237 0
237 238 0
238 239 0
239 240 0
240 241 0
241 242 0
242 243 0
243 244 0
244 245 0
245 246 0
246 247 0
247 248 0
248 249 0
249 250 0
250 251 0
251 252 0
252 253 0
253 254 0
9 255 0
255 256 0
256 257 0
257 258 0
258 259 0
259 260 0
260 261 0
261 262 0
262 263 0
263 264 0
264 265 0
265 266 0
266 267 0
267 268 0
268 269 0
269 270 0
270 271 0
271 272 0
272 273 0
273 274 0
274 275 0
275 276 0
276 277 0
277 278 0
278 279 0
279 280 0
280 281 0
281 282 0
282 283 0
283 284 0
284 285 0
285 286 0
10 287 0
287 288 0
288 289 0
289 290 0
290 291 0
291 292 0
292 293 0
293 294 0
294 295 0
295 296 0
296 297 0
297 298 0
298 299 0
299 300 0
300 301 0
301 302 0
302 303 0
303 304 0
304 305 0
305 306 0
306 307 0
307 308 0
308 309 0
309 310 0
310 311 0
311 312 0
312 313 0
313 314 0
314 315 0
315 316 0
316 317 0
317 318 0
11 383 0
383 384 0
384 385 0
385 386 0
386 387 0
387 388 0
388 389 0
389 390 0
390 391 0
391 392 0
392 393 0
393 394 0
394 395 0
395 396 0
396 397 0
397 398 0
398 399 0
399 400 0
400 401 0
401 402 0
402 403 0
403 404 0
404 405 0
405 406 0
406 407 0
407 408 0
408 409 0
409 410 0
410 411 0
411 412 0
412 413 0
413 414 0
12 415 0
415 416 0
416 417 0
417 418 0
418 419 0
419 420 0
420 421 0
421 422 0
422 423 0
423 424 0
424 425 0
425 426 0
426 427 0
427 428 0
428 429 0
429 430 0
430 431 0
431 432 0
432 433 0
433 434 0
434 435 0
435 436 0
436 437 0
437 438 0
438 439 0
439 440 0
440 441 0
441 442 0
442 443 0
443 444 0
444 445 0
445 446 0
13 447 0
447 448 0
448 449 0
449 450 0
450 451 0
451 452 0
452 453 0
453 454 0
454 455 0
455 456 0
456 457 0
457 458 0
458 459 0
459 460 0
460 461 0
461 462 0
462 463 0
463 464 0
464 465 0
465 466 0
466 467 0
467 468 0
468 469 0
469 470 0
470 471 0
471 472 0
472 473 0
473 474 0
474 475 0
475 476 0
476 477 0
477 478 0
14 511 0
511 512 0
512 513 0
513 514 0
514 515 0
515 516 0
516 517 0
517 518 0
518 519 0
519 520 0
520 521 0
521 522 0
522 523 0
523 524 0
524 525 0
525 526 0
526 527 0
527 528 0
528 529 0
529 530 0
530 531 0
531 532 0
532 533 0
533 534 0
534 535 0
535 536 0
536 537 0
537 538 0
538 539 0
539 540 0
540 541 0
541 542 0
15 543 0
543 544 0
544 545 0
545 546 0
546 547 0
547 548 0
548 549 0
549 550 0
550 551 0
551 552 0
552 553 0
553 554 0
554 555 0
555 556 0
556 557 0
557 558 0
558 559 0
559 560 0
560 561 0
561 562 0
562 563 0
563 564 0
564 565 0
565 566 0
566 567 0
567 568 0
568 569 0
569 570 0
570 571 0
571 572 0
572 573 0
573 574 0
16 575 0
575 576 0
576 577 0
577 578 0
578 579 0
579 580 0
580 581 0
581 582 0
582 583 0
583 584 0
584 585 0
585 586 0
586 587 0
587 588 0
588 589 0
589 590 0
590 591 0
591 592 0
592 593 0
593 594 0
594 595 0
595 596 0
596 597 0
597 598 0
598 599 0
599 600 0
600 601 0
601 602 0
602 603 0
603 604 0
604 605 0
605 606 0
17 639 0
639 640 0
640 641 0
641 642 0
642 643 0
643 644 0
644 645 0
645 646 0
646 647 0
647 648 0
648 649 0
649 650 0
650 651 0
651 652 0
652 653 0
653 654 0
654 655 0
655 656 0
656 657 0
657 658 0
658 659 0
659 660 0
660 661 0
661 662 0
662 663 0
663 664 0
664 665 0
665 666 0
666 667 0
667 668 0
668 669 0
669 670 0
18 671 0
671 672 0
672 673 0
673 674 0
674 675 0
675 676 0
676 677 0
677 678 0
678 679 0
679 680 0
680 681 0
681 682 0
682 683 0
683 684 0
684 685 0
685 686 0
686 687 0
687 688 0
688 689 0
689 690 0
690 691 0
691 692 0
692 693 0
693 694 0
694 695 0
695 696 0
696 697 0
697 698 0
698 699 0
699 700 0
700 701 0
701 702 0
19 703 0
703 704 0
704 705 0
705 706 0
706 707 0
707 708 0
708 709 0
709 710 0
710 711 0
711 712 0
712 713 0
713 714 0
714 715 0
715 716 0
716 717 0
717 718 0
718 719 0
719 720 0
720 721 0
721 722 0
722 723 0
723 724 0
724 725 0
725 726 0
726 727 0
727 728 0
728 729 0
729 730 0
730 731 0
731 732 0
732 733 0
733 734 0
20 607 0
607 608 0
608 609 0
609 610 0
610 611 0
611 612 0
612 613 0
613 614 0
614 615 0
615 616 0
616 617 0
617 618 0
618 619 0
619 620 0
620 621 0
621 622 0
622 623 0
623 624 0
624 625 0
625 626 0
626 627 0
627 628 0
628 629 0
629 630 0
630 631 0
631 632 0
632 633 0
633 634 0
634 635 0
635 636 0
636 637 0
637 638 0
21 735 0
735 736 0
736 737 0
737 738 0
738 739 0
739 740 0
740 741 0
741 742 0
742 743 0
743 744 0
744 745 0
745 746 0
746 747 0
747 748 0
748 749 0
749 750 0
750 751 0
751 752 0
752 753 0
753 754 0
754 755 0
755 756 0
756 757 0
757 758 0
758 759 0
759 760 0
760 761 0
761 762 0
762 763 0
763 764 0
764 765 0
765 766 0
22 767 0
767 768 0
768 769 0
769 770 0
770 771 0
771 772 0
772 773 0
773 774 0
774 775 0
775 776 0
776 777 0
777 778 0
778 779 0
779 780 0
780 781 0
781 782 0
782 783 0
783 784 0
784 785 0
785 786 0
786 787 0
787 788 0
788 789 0
789 790 0
790 791 0
791 792 0
792 793 0
793 794 0
794 795 0
795 796 0
796 797 0
797 798 0
23 799 0
799 800 0
800 801 0
801 802 0
802 803 0
803 804 0
804 805 0
805 806 0
806 807 0
807 808 0
808 809 0
809 810 0
810 811 0
811 812 0
812 813 0
813 814 0
814 815 0
815 816 0
816 817 0
817 818 0
818 819 0
819 820 0
820 821 0
821 822 0
822 823 0
823 824 0
824 825 0
825 826 0
826 827 0
827 828 0
828 829 0
829 830 0
24 479 0
479 480 0
480 481 0
481 482 0
482 483 0
483 484 0
484 485 0
485 486 0
486 487 0
487 488 0
488 489 0
489 490 0
490 491 0
491 492 0
492 493 0
493 494 0
494 495 0
495 496 0
496 497 0
497 498 0
498 499 0
499 500 0
500 501 0
501 502 0
502 503 0
503 504 0
504 505 0
505 506 0
506 507 0
507 508 0
508 509 0
509 510 0
25 831 0
831 832 0
832 833 0
833 834 0
834 835 0
835 836 0
836 837 0
837 838 0
838 839 0
839 840 0
840 841 0
841 842 0
842 843 0
843 844 0
844 845 0
845 846 0
846 847 0
847 848 0
848 849 0
849 850 0
850 851 0
851 852 0
852 853 0
853 854 0
854 855 0
855 856 0
856 857 0
857 858 0
858 859 0
859 860 0
860 861 0
861 862 0
26 863 0
863 864 0
864 865 0
865 866 0
866 867 0
867 868 0
868 869 0
869 870 0
870 871 0
871 872 0
872 873 0
873 874 0
874 875 0
875 876 0
876 877 0
877 878 0
878 879 0
879 880 0
880 881 0
881 882 0
882 883 0
883 884 0
884 885 0
885 886 0
886 887 0
887 888 0
888 889 0
889 890 0
890 891 0
891 892 0
892 893 0
893 894 0
27 895 0
895 896 0
896 897 0
897 898 0
898 899 0
899 900 0
900 901 0
901 902 0
902 903 0
903 904 0
904 905 0
905 906 0
906 907 0
907 908 0
908 909 0
909 910 0
910 911 0
911 912 0
912 913 0
913 914 0
914 915 0
915 916 0
916 917 0
917 918 0
918 919 0
919 920 0
920 921 0
921 922 0
922 923 0
923 924 0
924 925 0
925 926 0
28 927 0
927 928 0
928 929 0
929 930 0
930 931 0
931 932 0
932 933 0
933 934 0
934 935 0
935 936 0
936 937 0
937 938 0
938 939 0
939 940 0
940 941 0
941 942 0
942 943 0
943 944 0
944 945 0
945 946 0
946 947 0
947 948 0
948 949 0
949 950 0
950 951 0
951 952 0
952 953 0
953 954 0
954 955 0
955 956 0
956 957 0
957 958 0
29 959 0
959 960 0
960 961 0
961 962 0
962 963 0
963 964 0
964 965 0
965 966 0
966 967 0
967 968 0
968 969 0
969 970 0
970 971 0
971 972 0
972 973 0
973 974 0
974 975 0
975 976 0
976 977 0
977 978 0
978 979 0
979 980 0
980 981 0
981 982 0
982 983 0
983 984 0
984 985 0
985 986 0
986 987 0
987 988 0
988 989 0
989 990 0
30 991 0
991 992 0
992 993 0
993 994 0
994 995 0
995 996 0
996 997 0
997 998 0
998 999 0
999 1000 0
1000 1001 0
1001 1002 0
1002 1003 0
1003 1004 0
1004 1005 0
1005 1006 0
1006 1007 0
1007 1008 0
1008 1009 0
1009 1010 0
1010 1011 0
1011 1012 0
1012 1013 0
1013 1014 0
1014 1015 0
1015 1016 0
1016 1017 0
1017 1018 0
1018 1019 0
1019 1020 0
1020 1021 0
1021 1022 0
31 1023 0
1023 1024 0
1024 1025 0
1025 1026 0
1026 1027 0
1027 1028 0
1028 1029 0
1029 1030 0
1030 1031 0
1031 1032 0
1032 1033 0
1033 1034 0
1034 1035 0
1035 1036 0
1036 1037 0
1037 1038 0
1038 1039 0
1039 1040 0
1040 1041 0
1041 1042 0
1042 1043 0
1043 1044 0
1044 1045 0
1045 1046 0
1046 1047 0
1047 1048 0
1048 1049 0
1049 1050 0
1050 1051 0
1051 1052 0
1052 1053 0
1053 1054 0
32 1055 0
1055 1056 0
1056 1057 0
1057 1058 0
1058 1059 0
1059 1060 0
1060 1061 0
1061 1062 0
1062 1063 0
1063 1064 0
1064 1065 0
1065 1066 0
1066 1067 0
1067 1068 0
1068 1069 0
1069 1070 0
1070 1071 0
1071 1072 0
1072 1073 0
1073 1074 0
1074 1075 0
1075 1076 0
1076 1077 0
1077 1078 0
1078 1079 0
1079 1080 0
1080 1081 0
1081 1082 0
1082 1083 0
1083 1084 0
1084 1085 0
1085 1086 0
33 1087 0
1087 1088 0
1088 1089 0
1089 1090 0
1090 1091 0
1091 1092 0
1092 1093 0
1093 1094 0
1094 1095 0
1095 1096 0
1096 1097 0
1097 1098 0
1098 1099 0
1099 1100 0
1100 1101 0
1101 1102 0
1102 1103 0
1103 1104 0
1104 1105 0
1105 1106 0
1106 1107 0
1107 1108 0
1108 1109 0
1109 1110 0
1110 1111 0
1111 1112 0
1112 1113 0
1113 1114 0
1114 1115 0
1115 1116 0
1116 1117 0
1117 1118 0
34 1119 0
1119 1120 0
1120 1121 0
1121 1122 0
1122 1123 0
1123 1124 0
1124 1125 0
1125 1126 0
1126 1127 0
1127 1128 0
1128 1129 0
1129 1130 0
1130 1131 0
1131 1132 0
1132 1133 0
1133 1134 0
1134 1135 0
1135 1136 0
1136 1137 0
1137 1138 0
1138 1139 0
1139 1140 0
1140 1141 0
1141 1142 0
1142 1143 0
1143 1144 0
1144 1145 0
1145 1146 0
1146 1147 0
1147 1148 0
1148 1149 0
1149 1150 0
35 1151 0
1151 1152 0
1152 1153 0
1153 1154 0
1154 1155 0
1155 1156 0
1156 1157 0
1157 1158 0
1158 1159 0
1159 1160 0
1160 1161 0
1161 1162 0
1162 1163 0
1163 1164 0
1164 1165 0
1165 1166 0
1166 1167 0
1167 1168 0
1168 1169 0
1169 1170 0
1170 1171 0
1171 1172 0
1172 1173 0
1173 1174 0
1174 1175 0
1175 1176 0
1176 1177 0
1177 1178 0
1178 1179 0
1179 1180 0
1180 1181 0
1181 1182 0
36 1183 0
1183 1184 0
1184 1185 0
1185 1186 0
1186 1187 0
1187 1188 0
1188 1189 0
1189 1190 0
1190 1191 0
1191 1192 0
1192 1193 0
1193 1194 0
1194 1195 0
1195 1196 0
1196 1197 0
1197 1198 0
1198 1199 0
1199 1200 0
1200 1201 0
1201 1202 0
1202 1203 0
1203 1204 0
1204 1205 0
1205 1206 0
1206 1207 0
1207 1208 0
1208 1209 0
1209 1210 0
1210 1211 0
1211 1212 0
1212 1213 0
1213 1214 0
37 1215 0
1215 1216 0
1216 1217 0
1217 1218 0
1218 1219 0
1219 1220 0
1220 1221 0
1221 1222 0
1222 1223 0
1223 1224 0
1224 1225 0
1225 1226 0
1226 1227 0
1227 1228 0
1228 1229 0
1229 1230 0
1230 1231 0
1231 1232 0
1232 1233 0
1233 1234 0
1234 1235 0
1235 1236 0
1236 1237 0
1237 1238 0
1238 1239 0
1239 1240 0
1240 1241 0
1241 1242 0
1242 1243 0
1243 1244 0
1244 1245 0
1245 1246 0
38 1247 0
1247 1248 0
1248 1249 0
1249 1250 0
1250 1251 0
1251 1252 0
1252 1253 0
1253 1254 0
1254 1255 0
1255 1256 0
1256 1257 0
1257 1258 0
1258 1259 0
1259 1260 0
1260 1261 0
1261 1262 0
1262 1263 0
1263 1264 0
1264 1265 0
1265 1266 0
1266 1267 0
1267 1268 0
1268 1269 0
1269 1270 0
1270 1271 0
1271 1272 0
1272 1273 0
1273 1274 0
1274 1275 0
1275 1276 0
1276 1277 0
1277 1278 0
39 1279 0
1279 1280 0
1280 1281 0
1281 1282 0
1282 1283 0
1283 1284 0
1284 1285 0
1285 1286 0
1286 1287 0
1287 1288 0
1288 1289 0
1289 1290 0
1290 1291 0
1291 1292 0
1292 1293 0
1293 1294 0
1294 1295 0
1295 1296 0
1296 1297 0
1297 1298 0
1298 1299 0
1299 1300 0
1300 1301 0
1301 1302 0
1302 1303 0
1303 1304 0
1304 1305 0
1305 1306 0
1306 1307 0
1307 1308 0
1308 1309 0
1309 1310 0
40 1311 0
1311 1312 0
1312 1313 0
1313 1314 0
1314 1315 0
1315 1316 0
1316 1317 0
1317 1318 0
1318 1319 0
1319 1320 0
1320 1321 0
1321 1322 0
1322 1323 0
1323 1324 0
1324 1325 0
1325 1326 0
1326 1327 0
1327 1328 0
1328 1329 0
1329 1330 0
1330 1331 0
1331 1332 0
1332 1333 0
1333 1334 0
1334 1335 0
1335 1336 0
1336 1337 0
1337 1338 0
1338 1339 0
1339 1340 0
1340 1341 0
1341 1342 0
41 1343 0
1343 1344 0
1344 1345 0
1345 1346 0
1346 1347 0
1347 1348 0
1348 1349 0
1349 1350 0
1350 1351 0
1351 1352 0
1352 1353 0
1353 1354 0
1354 1355 0
1355 1356 0
1356 1357 0
1357 1358 0
1358 1359 0
1359 1360 0
1360 1361 0
1361 1362 0
1362 1363 0
1363 1364 0
1364 1365 0
1365 1366 0
1366 1367 0
1367 1368 0
1368 1369 0
1369 1370 0
1370 1371 0
1371 1372 0
1372 1373 0
1373 1374 0
42 1375 0
1375 1376 0
1376 1377 0
1377 1378 0
1378 1379 0
1379 1380 0
1380 1381 0
1381 1382 0
1382 1383 0
1383 1384 0
1384 1385 0
1385 1386 0
1386 1387 0
1387 1388 0
1388 1389 0
1389 1390 0
1390 1391 0
1391 1392 0
1392 1393 0
1393 1394 0
1394 1395 0
1395 1396 0
1396 1397 0
1397 1398 0
1398 1399 0
1399 1400 0
1400 1401 0
1401 1402 0
1402 1403 0
1403 1404 0
1404 1405 0
1405 1406 0
43 1407 0
1407 1408 0
1408 1409 0
1409 1410 0
1410 1411 0
1411 1412 0
1412 1413 0
1413 1414 0
1414 1415 0
1415 1416 0
1416 1417 0
1417 1418 0
1418 1419 0
1419 1420 0
1420 1421 0
1421 1422 0
1422 1423 0
1423 1424 0
1424 1425 0
1425 1426 0
1426 1427 0
1427 1428 0
1428 1429 0
1429 1430 0
1430 1431 0
1431 1432 0
1432 1433 0
1433 1434 0
1434 1435 0
1435 1436 0
1436 1437 0
1437 1438 0
44 1439 0
1439 1440 0
1440 1441 0
1441 1442 0
1442 1443 0
1443 1444 0
1444 1445 0
1445 1446 0
1446 1447 0
1447 1448 0
1448 1449 0
1449 1450 0
1450 1451 0
1451 1452 0
1452 1453 0
1453 1454 0
1454 1455 0
1455 1456 0
1456 1457 0
1457 1458 0
1458 1459 0
1459 1460 0
1460 1461 0
1461 1462 0
1462 1463 0
1463 1464 0
1464 1465 0
1465 1466 0
1466 1467 0
1467 1468 0
1468 1469 0
1469 1470 0
45 1471 0
1471 1472 0
1472 1473 0
1473 1474 0
1474 1475 0
1475 1476 0
1476 1477 0
1477 1478 0
1478 1479 0
1479 1480 0
1480 1481 0
1481 1482 0
1482 1483 0
1483 1484 0
1484 1485 0
1485 1486 0
1486 1487 0
1487 1488 0
1488 1489 0
1489 1490 0
1490 1491 0
1491 1492 0
1492 1493 0
1493 1494 0
1494 1495 0
1495 1496 0
1496 1497 0
1497 1498 0
1498 1499 0
1499 1500 0
1500 1501 0
1501 1502 0
46 1503 0
1503 1504 0
1504 1505 0
1505 1506 0
1506 1507 0
1507 1508 0
1508 1509 0
1509 1510 0
1510 1511 0
1511 1512 0
1512 1513 0
1513 1514 0
1514 1515 0
1515 1516 0
1516 1517 0
1517 1518 0
1518 1519 0
1519 1520 0
1520 1521 0
1521 1522 0
1522 1523 0
1523 1524 0
1524 1525 0
1525 1526 0
1526 1527 0
1527 1528 0
1528 1529 0
1529 1530 0
1530 1531 0
1531 1532 0
1532 1533 0
1533 1534 0
47 1535 0
1535 1536 0
1536 1537 0
1537 1538 0
1538 1539 0
1539 1540 0
1540 1541 0
1541 1542 0
1542 1543 0
1543 1544 0
1544 1545 0
1545 1546 0
1546 1547 0
1547 1548 0
1548 1549 0
1549 1550 0
1550 1551 0
1551 1552 0
1552 1553 0
1553 1554 0
1554 1555 0
1555 1556 0
1556 1557 0
1557 1558 0
1558 1559 0
1559 1560 0
1560 1561 0
1561 1562 0
1562 1563 0
1563 1564 0
1564 1565 0
1565 1566 0
48 1567 0
1567 1568 0
1568 1569 0
1569 1570 0
1570 1571 0
1571 1572 0
1572 1573 0
1573 1574 0
1574 1575 0
1575 1576 0
1576 1577 0
1577 1578 0
1578 1579 0
1579 1580 0
1580 1581 0
1581 1582 0
1582 1583 0
1583 1584 0
1584 1585 0
1585 1586 0
1586 1587 0
1587 1588 0
1588 1589 0
1589 1590 0
1590 1591 0
1591 1592 0
1592 1593 0
1593 1594 0
1594 1595 0
1595 1596 0
1596 1597 0
1597 1598 0
49 1599 0
1599 1600 0
1600 1601 0
1601 1602 0
1602 1603 0
1603 1604 0
1604 1605 0
1605 1606 0
1606 1607 0
1607 1608 0
1608 1609 0
1609 1610 0
1610 1611 0
1611 1612 0
1612 1613 0
1613 1614 0
1614 1615 0
1615 1616 0
1616 1617 0
1617 1618 0
1618 1619 0
1619 1620 0
1620 1621 0
1621 1622 0
1622 1623 0
1623 1624 0
1624 1625 0
1625 1626 0
1626 1627 0
1627 1628 0
1628 1629 0
1629 1630 0
50 1631 0
1631 1632 0
1632 1633 0
1633 1634 0
1634 1635 0
1635 1636 0
1636 1637 0
1637 1638 0
1638 1639 0
1639 1640 0
1640 1641 0
1641 1642 0
1642 1643 0
1643 1644 0
1644 1645 0
1645 1646 0
1646 1647 0
1647 1648 0
1648 1649 0
1649 1650 0
1650 1651 0
1651 1652 0
1652 1653 0
1653 1654 0
1654 1655 0
1655 1656 0
1656 1657 0
1657 1658 0
1658 1659 0
1659 1660 0
1660 1661 0
1661 1662 0
51 1663 0
1663 1664 0
1664 1665 0
1665 1666 0
1666 1667 0
1667 1668 0
1668 1669 0
1669 1670 0
1670 1671 0
1671 1672 0
1672 1673 0
1673 1674 0
1674 1675 0
1675 1676 0
1676 1677 0
1677 1678 0
1678 1679 0
1679 1680 0
1680 1681 0
1681 1682 0
1682 1683 0
1683 1684 0
1684 1685 0
1685 1686 0
1686 1687 0
1687 1688 0
1688 1689 0
1689 1690 0
1690 1691 0
1691 1692 0
1692 1693 0
1693 1694 0
52 1695 0
1695 1696 0
1696 1697 0
1697 1698 0
1698 1699 0
1699 1700 0
1700 1701 0
1701 1702 0
1702 1703 0
1703 1704 0
1704 1705 0
1705 1706 0
1706 1707 0
1707 1708 0
1708 1709 0
1709 1710 0
1710 1711 0
1711 1712 0
1712 1713 0
1713 1714 0
1714 1715 0
1715 1716 0
1716 1717 0
1717 1718 0
1718 1719 0
1719 1720 0
1720 1721 0
1721 1722 0
1722 1723 0
1723 1724 0
1724 1725 0
1725 1726 0
53 1727 0
1727 1728 0
1728 1729 0
1729 1730 0
1730 1731 0
1731 1732 0
1732 1733 0
1733 1734 0
1734 1735 0
1735 1736 0
1736 1737 0
1737 1738 0
1738 1739 0
1739 1740 0
1740 1741 0
1741 1742 0
1742 1743 0
1743 1744 0
1744 1745 0
1745 1746 0
1746 1747 0
1747 1748 0
1748 1749 0
1749 1750 0
1750 1751 0
1751 1752 0
1752 1753 0
1753 1754 0
1754 1755 0
1755 1756 0
1756 1757 0
1757 1758 0
54 1759 0
1759 1760 0
1760 1761 0
1761 1762 0
1762 1763 0
1763 1764 0
1764 1765 0
1765 1766 0
1766 1767 0
1767 1768 0
1768 1769 0
1769 1770 0
1770 1771 0
1771 1772 0
1772 1773 0
1773 1774 0
1774 1775 0
1775 1776 0
1776 1777 0
1777 1778 0
1778 1779 0
1779 1780 0
1780 1781 0
1781 1782 0
1782 1783 0
1783 1784 0
1784 1785 0
1785 1786 0
1786 1787 0
1787 1788 0
1788 1789 0
1789 1790 0
55 1791 0
1791 1792 0
1792 1793 0
1793 1794 0
1794 1795 0
1795 1796 0
1796 1797 0
1797 1798 0
1798 1799 0
1799 1800 0
1800 1801 0
1801 1802 0
1802 1803 0
1803 1804 0
1804 1805 0
1805 1806 0
1806 1807 0
1807 1808 0
1808 1809 0
1809 1810 0
1810 1811 0
1811 1812 0
1812 1813 0
1813 1814 0
1814 1815 0
1815 1816 0
1816 1817 0
1817 1818 0
1818 1819 0
1819 1820 0
1820 1821 0
1821 1822 0
56 1823 0
1823 1824 0
1824 1825 0
1825 1826 0
1826 1827 0
1827 1828 0
1828 1829 0
1829 1830 0
1830 1831 0
1831 1832 0
1832 1833 0
1833 1834 0
1834 1835 0
1835 1836 0
1836 1837 0
1837 1838 0
1838 1839 0
1839 1840 0
1840 1841 0
1841 1842 0
1842 1843 0
1843 1844 0
1844 1845 0
1845 1846 0
1846 1847 0
1847 1848 0
1848 1849 0
1849 1850 0
1850 1851 0
1851 1852 0
1852 1853 0
1853 1854 0
57 1855 0
1855 1856 0
1856 1857 0
1857 1858 0
1858 1859 0
1859 1860 0
1860 1861 0
1861 1862 0
1862 1863 0
1863 1864 0
1864 1865 0
1865 1866 0
1866 1867 0
1867 1868 0
1868 1869 0
1869 1870 0
1870 1871 0
1871 1872 0
1872 1873 0
1873 1874 0
1874 1875 0
1875 1876 0
1876 1877 0
1877 1878 0
1878 1879 0
1879 1880 0
1880 1881 0
1881 1882 0
1882 1883 0
1883 1884 0
1884 1885 0
1885 1886 0
58 1887 0
1887 1888 0
1888 1889 0
1889 1890 0
1890 1891 0
1891 1892 0
1892 1893 0
1893 1894 0
1894 1895 0
1895 1896 0
1896 1897 0
1897 1898 0
1898 1899 0
1899 1900 0
1900 1901 0
1901 1902 0
1902 1903 0
1903 1904 0
1904 1905 0
1905 1906 0
1906 1907 0
1907 1908 0
1908 1909 0
1909 1910 0
1910 1911 0
1911 1912 0
1912 1913 0
1913 1914 0
1914 1915 0
1915 1916 0
1916 1917 0
1917 1918 0
59 1919 0
1919 1920 0
1920 1921 0
1921 1922 0
1922 1923 0
1923 1924 0
1924 1925 0
1925 1926 0
1926 1927 0
1927 1928 0
1928 1929 0
1929 1930 0
1930 1931 0
1931 1932 0
1932 1933 0
1933 1934 0
1934 1935 0
1935 1936 0
1936 1937 0
1937 1938 0
1938 1939 0
1939 1940 0
1940 1941 0
1941 1942 0
1942 1943 0
1943 1944 0
1944 1945 0
1945 1946 0
1946 1947 0
1947 1948 0
1948 1949 0
1949 1950 0
60 1951 0
1951 1952 0
1952 1953 0
1953 1954 0
1954 1955 0
1955 1956 0
1956 1957 0
1957 1958 0
1958 1959 0
1959 1960 0
1960 1961 0
1961 1962 0
1962 1963 0
1963 1964 0
1964 1965 0
1965 1966 0
1966 1967 0
1967 1968 0
1968 1969 0
1969 1970 0
1970 1971 0
1971 1972 0
1972 1973 0
1973 1974 0
1974 1975 0
1975 1976 0
1976 1977 0
1977 1978 0
1978 1979 0
1979 1980 0
1980 1981 0
1981 1982 0
61 1983 0
1983 1984 0
1984 1985 0
1985 1986 0
1986 1987 0
1987 1988 0
1988 1989 0
1989 1990 0
1990 1991 0
1991 1992 0
1992 1993 0
1993 1994 0
1994 1995 0
1995 1996 0
1996 1997 0
1997 1998 0
1998 1999 0
1999 2000 0
2000 2001 0
2001 2002 0
2002 2003 0
2003 2004 0
2004 2005 0
2005 2006 0
2006 2007 0
2007 2008 0
2008 2009 0
2009 2010 0
2010 2011 0
2011 2012 0
2012 2013 0
2013 2014 0
62 2015 0
2015 2016 0
2016 2017 0
2017 2018 0
2018 2019 0
2019 2020 0
2020 2021 0
2021 2022 0
2022 2023 0
2023 2024 0
2024 2025 0
2025 2026 0
2026 2027 0
2027 2028 0
2028 2029 0
2029 2030 0
2030 2031 0
2031 2032 0
2032 2033 0
2033 2034 0
2034 2035 0
2035 2036 0
2036 2037 0
2037 2038 0
2038 2039 0
2039 2040 0
2040 2041 0
2041 2042 0
2042 2043 0
2043 2044 0
2044 2045 0
2045 2046 0
94 126 0
126 158 0
158 190 0
190 222 0
222 254 0
254 286 0
286 318 0
318 350 0
382 414 0
414 446 0
446 478 0
478 510 0
382 542 0
542 574 0
574 606 0
606 638 0
94 670 0
670 702 0
702 734 0
734 638 0
350 766 0
766 798 0
798 830 0
830 510 0

Triangles
68
24 46 13 0
46 47 53 0
13 46 53 0
47 48 53 0
48 49 54 0
50 51 55 0
52 20 16 0
16 15 56 0
14 3 11 0
11 12 57 0
12 13 58 0
57 12 58 0
13 53 58 0
52 16 56 0
14 11 57 0
53 48 54 0
49 50 59 0
56 55 52 0
15 14 60 0
56 15 60 0
14 57 60 0
54 49 59 0
59 50 55 0
53 54 58 0
51 52 55 0
59 55 61 0
58 54 62 0
57 58 62 0
54 59 62 0
59 61 62 0
57 62 60 0
55 56 61 0
61 56 60 0
62 61 60 0
510 1534 478 1
1534 1566 1758 1
478 1534 1758 1
1566 1598 1758 1
1598 1630 1790 1
1662 1694 1822 1
1726 638 606 1
606 574 1854 1
542 382 414 1
414 446 1886 1
446 478 1918 1
1886 446 1918 1
478 1758 1918 1
1726 606 1854 1
542 414 1886 1
1758 1598 1790 1
1630 1662 1950 1
1854 1822 1726 1
574 542 1982 1
1854 574 1982 1
542 1886 1982 1
1790 1630 1950 1
1950 1662 1822 1
1758 1790 1918 1
1694 1726 1822 1
1950 1822 2014 1
1918 1790 2046 1
1886 1918 2046 1
1790 1950 2046 1
1950 2014 2046 1
1886 2046 1982 1
1822 1854 2014 1
2014 1854 1982 1
2046 2014 1982 1

End
