MeshVersionFormatted 2
Dimension 3

Vertices
5915
0.0000000000000000e+00 0.0000000000000000e+00 1.0000000000000000e+01 0
0.0000000000000000e+00 0.0000000000000000e+00 0.0000000000000000e+00 0
0.0000000000000000e+00 1.0000000000000000e+00 1.0000000000000000e+01 0
0.0000000000000000e+00 1.0000000000000000e+00 0.0000000000000000e+00 0
1.0000000000000000e+00 0.0000000000000000e+00 1.0000000000000000e+01 0
1.0000000000000000e+00 0.0000000000000000e+00 0.0000000000000000e+00 0
1.0000000000000000e+00 1.0000000000000000e+00 1.0000000000000000e+01 0
1.0000000000000000e+00 1.0000000000000000e+00 0.0000000000000000e+00 0
0.0000000000000000e+00 1.5188354662445344e-01 1.0000000000000000e+01 0
0.0000000000000000e+00 2.8578275310635204e-01 1.0000000000000000e+01 0
0.0000000000000000e+00 4.0382712259170039e-01 1.0000000000000000e+01 0
0.0000000000000000e+00 5.0789400643150273e-01 1.0000000000000000e+01 0
0.0000000000000000e+00 5.9963846115935926e-01 1.0000000000000000e+01 0
0.0000000000000000e+00 6.8051957014181585e-01 1.0000000000000000e+01 0
0.0000000000000000e+00 7.5182364851512973e-01 1.0000000000000000e+01 0
0.0000000000000000e+00 8.1468470045459429e-01 1.0000000000000000e+01 0
0.0000000000000000e+00 8.7010245412427667e-01 1.0000000000000000e+01 0
0.0000000000000000e+00 9.1895826113099266e-01 1.0000000000000000e+01 0
0.0000000000000000e+00 9.6202911334388663e-01 1.0000000000000000e+01 0
0.0000000000000000e+00 1.5188354662445344e-01 0.0000000000000000e+00 0
0.0000000000000000e+00 2.8578275310635204e-01 0.0000000000000000e+00 0
0.0000000000000000e+00 4.0382712259170039e-01 0.0000000000000000e+00 0
0.0000000000000000e+00 5.0789400643150273e-01 0.0000000000000000e+00 0
0.0000000000000000e+00 5.9963846115935926e-01 0.0000000000000000e+00 0
0.0000000000000000e+00 6.8051957014181585e-01 0.0000000000000000e+00 0
0.0000000000000000e+00 7.5182364851512973e-01 0.0000000000000000e+00 0
0.0000000000000000e+00 8.1468470045459429e-01 0.0000000000000000e+00 0
0.0000000000000000e+00 8.7010245412427667e-01 0.0000000000000000e+00 0
0.0000000000000000e+00 9.1895826113099266e-01 0.0000000000000000e+00 0
0.0000000000000000e+00 9.6202911334388663e-01 0.0000000000000000e+00 0
1.0000000000000000e+00 1.5188354662445344e-01 1.0000000000000000e+01 0
1.0000000000000000e+00 2.8578275310635204e-01 1.0000000000000000e+01 0
1.0000000000000000e+00 4.0382712259170039e-01 1.0000000000000000e+01 0
1.0000000000000000e+00 5.0789400643150273e-01 1.0000000000000000e+01 0
1.0000000000000000e+00 5.9963846115935926e-01 1.0000000000000000e+01 0
1.0000000000000000e+00 6.8051957014181585e-01 1.0000000000000000e+01 0
1.0000000000000000e+00 7.5182364851512973e-01 1.0000000000000000e+01 0
1.0000000000000000e+00 8.1468470045459429e-01 1.0000000000000000e+01 0
1.0000000000000000e+00 8.7010245412427667e-01 1.0000000000000000e+01 0
1.0000000000000000e+00 9.1895826113099266e-01 1.0000000000000000e+01 0
1.0000000000000000e+00 9.6202911334388663e-01 1.0000000000000000e+01 0
1.0000000000000000e+00 1.5188354662445344e-01 0.0000000000000000e+00 0
1.0000000000000000e+00 2.8578275310635204e-01 0.0000000000000000e+00 0
1.0000000000000000e+00 4.0382712259170039e-01 0.0000000000000000e+00 0
1.0000000000000000e+00 5.0789400643150273e-01 0.0000000000000000e+00 0
1.0000000000000000e+00 5.9963846115935926e-01 0.0000000000000000e+00 0
1.0000000000000000e+00 6.8051957014181585e-01 0.0000000000000000e+00 0
1.0000000000000000e+00 7.5182364851512973e-01 0.0000000000000000e+00 0
1.0000000000000000e+00 8.1468470045459429e-01 0.0000000000000000e+00 0
1.0000000000000000e+00 8.7010245412427667e-01 0.0000000000000000e+00 0
1.0000000000000000e+00 9.1895826113099266e-01 0.0000000000000000e+00 0
1.0000000000000000e+00 9.6202911334388663e-01 0.0000000000000000e+00 0
1.5188354662445344e-01 0.0000000000000000e+00 0.0000000000000000e+00 0
2.8578275310635204e-01 0.0000000000000000e+00 0.0000000000000000e+00 0
4.0382712259170039e-01 0.0000000000000000e+00 0.0000000000000000e+00 0
5.0789400643150273e-01 0.0000000000000000e+00 0.0000000000000000e+00 0
5.9963846115935926e-01 0.0000000000000000e+00 0.0000000000000000e+00 0
6.8051957014181585e-01 0.0000000000000000e+00 0.0000000000000000e+00 0
7.5182364851512973e-01 0.0000000000000000e+00 0.0000000000000000e+00 0
8.1468470045459429e-01 0.0000000000000000e+00 0.0000000000000000e+00 0
8.7010245412427667e-01 0.0000000000000000e+00 0.0000000000000000e+00 0
9.1895826113099266e-01 0.0000000000000000e+00 0.0000000000000000e+00 0
9.6202911334388663e-01 0.0000000000000000e+00 0.0000000000000000e+00 0
1.5188354662445344e-01 0.0000000000000000e+00 1.0000000000000000e+01 0
2.8578275310635204e-01 0.0000000000000000e+00 1.0000000000000000e+01 0
4.0382712259170039e-01 0.0000000000000000e+00 1.0000000000000000e+01 0
5.0789400643150273e-01 0.0000000000000000e+00 1.0000000000000000e+01 0
5.9963846115935926e-01 0.0000000000000000e+00 1.0000000000000000e+01 0
6.8051957014181585e-01 0.0000000000000000e+00 1.0000000000000000e+01 0
7.5182364851512973e-01 0.0000000000000000e+00 1.0000000000000000e+01 0
8.1468470045459429e-01 0.0000000000000000e+00 1.0000000000000000e+01 0
8.7010245412427667e-01 0.0000000000000000e+00 1.0000000000000000e+01 0
9.1895826113099266e-01 0.0000000000000000e+00 1.0000000000000000e+01 0
9.6202911334388663e-01 0.0000000000000000e+00 1.0000000000000000e+01 0
1.5188354662445344e-01 1.0000000000000000e+00 0.0000000000000000e+00 0
2.8578275310635204e-01 1.0000000000000000e+00 0.0000000000000000e+00 0
4.0382712259170039e-01 1.0000000000000000e+00 0.0000000000000000e+00 0
5.0789400643150273e-01 1.0000000000000000e+00 0.0000000000000000e+00 0
5.9963846115935926e-01 1.0000000000000000e+00 0.0000000000000000e+00 0
6.8051957014181585e-01 1.0000000000000000e+00 0.0000000000000000e+00 0
7.5182364851512973e-01 1.0000000000000000e+00 0.0000000000000000e+00 0
8.1468470045459429e-01 1.0000000000000000e+00 0.0000000000000000e+00 0
8.7010245412427667e-01 1.0000000000000000e+00 0.0000000000000000e+00 0
9.1895826113099266e-01 1.0000000000000000e+00 0.0000000000000000e+00 0
9.6202911334388663e-01 1.0000000000000000e+00 0.0000000000000000e+00 0
1.5188354662445344e-01 1.0000000000000000e+00 1.0000000000000000e+01 0
2.8578275310635204e-01 1.0000000000000000e+00 1.0000000000000000e+01 0
4.0382712259170039e-01 1.0000000000000000e+00 1.0000000000000000e+01 0
5.0789400643150273e-01 1.0000000000000000e+00 1.0000000000000000e+01 0
5.9963846115935926e-01 1.0000000000000000e+00 1.0000000000000000e+01 0
6.8051957014181585e-01 1.0000000000000000e+00 1.0000000000000000e+01 0
7.5182364851512973e-01 1.0000000000000000e+00 1.0000000000000000e+01 0
8.1468470045459429e-01 1.0000000000000000e+00 1.0000000000000000e+01 0
8.7010245412427667e-01 1.0000000000000000e+00 1.0000000000000000e+01 0
9.1895826113099266e-01 1.0000000000000000e+00 1.0000000000000000e+01 0
9.6202911334388663e-01 1.0000000000000000e+00 1.0000000000000000e+01 0
1.5188354662445341e-01 1.5188354662445347e-01 0.0000000000000000e+00 0
2.8578275310635204e-01 1.5188354662445344e-01 0.0000000000000000e+00 0
4.0382712259170039e-01 1.5188354662445344e-01 0.0000000000000000e+00 0
5.0789400643150273e-01 1.5188354662445344e-01 0.0000000000000000e+00 0
5.9963846115935926e-01 1.5188354662445344e-01 0.0000000000000000e+00 0
6.8051957014181585e-01 1.5188354662445344e-01 0.0000000000000000e+00 0
7.5182364851512973e-01 1.5188354662445344e-01 0.0000000000000000e+00 0
8.1468470045459440e-01 1.5188354662445344e-01 0.0000000000000000e+00 0
8.7010245412427645e-01 1.5188354662445344e-01 0.0000000000000000e+00 0
9.1895826113099255e-01 1.5188354662445341e-01 0.0000000000000000e+00 0
9.6202911334388674e-01 1.5188354662445344e-01 0.0000000000000000e+00 0
1.5188354662445344e-01 2.8578275310635204e-01 0.0000000000000000e+00 0
2.8578275310635204e-01 2.8578275310635204e-01 0.0000000000000000e+00 0
4.0382712259170039e-01 2.8578275310635204e-01 0.0000000000000000e+00 0
5.0789400643150273e-01 2.8578275310635204e-01 0.0000000000000000e+00 0
5.9963846115935926e-01 2.8578275310635204e-01 0.0000000000000000e+00 0
6.8051957014181585e-01 2.8578275310635204e-01 0.0000000000000000e+00 0
7.5182364851512973e-01 2.8578275310635204e-01 0.0000000000000000e+00 0
8.1468470045459429e-01 2.8578275310635204e-01 0.0000000000000000e+00 0
8.7010245412427667e-01 2.8578275310635204e-01 0.0000000000000000e+00 0
9.1895826113099244e-01 2.8578275310635204e-01 0.0000000000000000e+00 0
9.6202911334388674e-01 2.8578275310635204e-01 0.0000000000000000e+00 0
1.5188354662445344e-01 4.0382712259170028e-01 0.0000000000000000e+00 0
2.8578275310635204e-01 4.0382712259170039e-01 0.0000000000000000e+00 0
4.0382712259170039e-01 4.0382712259170039e-01 0.0000000000000000e+00 0
5.0789400643150273e-01 4.0382712259170039e-01 0.0000000000000000e+00 0
5.9963846115935926e-01 4.0382712259170039e-01 0.0000000000000000e+00 0
6.8051957014181585e-01 4.0382712259170039e-01 0.0000000000000000e+00 0
7.5182364851512973e-01 4.0382712259170039e-01 0.0000000000000000e+00 0
8.1468470045459429e-01 4.0382712259170039e-01 0.0000000000000000e+00 0
8.7010245412427678e-01 4.0382712259170039e-01 0.0000000000000000e+00 0
9.1895826113099266e-01 4.0382712259170039e-01 0.0000000000000000e+00 0
9.6202911334388674e-01 4.0382712259170039e-01 0.0000000000000000e+00 0
1.5188354662445344e-01 5.0789400643150273e-01 0.0000000000000000e+00 0
2.8578275310635204e-01 5.0789400643150273e-01 0.0000000000000000e+00 0
4.0382712259170039e-01 5.0789400643150273e-01 0.0000000000000000e+00 0
5.0789400643150273e-01 5.0789400643150273e-01 0.0000000000000000e+00 0
5.9963846115935926e-01 5.0789400643150273e-01 0.0000000000000000e+00 0
6.8051957014181585e-01 5.0789400643150273e-01 0.0000000000000000e+00 0
7.5182364851512973e-01 5.0789400643150273e-01 0.0000000000000000e+00 0
8.1468470045459429e-01 5.0789400643150273e-01 0.0000000000000000e+00 0
8.7010245412427667e-01 5.0789400643150273e-01 0.0000000000000000e+00 0
9.1895826113099266e-01 5.0789400643150273e-01 0.0000000000000000e+00 0
9.6202911334388663e-01 5.0789400643150273e-01 0.0000000000000000e+00 0
1.5188354662445344e-01 5.9963846115935926e-01 0.0000000000000000e+00 0
2.8578275310635204e-01 5.9963846115935926e-01 0.0000000000000000e+00 0
4.0382712259170039e-01 5.9963846115935926e-01 0.0000000000000000e+00 0
5.0789400643150273e-01 5.9963846115935926e-01 0.0000000000000000e+00 0
5.9963846115935926e-01 5.9963846115935926e-01 0.0000000000000000e+00 0
6.8051957014181585e-01 5.9963846115935926e-01 0.0000000000000000e+00 0
7.5182364851512973e-01 5.9963846115935926e-01 0.0000000000000000e+00 0
8.1468470045459429e-01 5.9963846115935926e-01 0.0000000000000000e+00 0
8.7010245412427678e-01 5.9963846115935926e-01 0.0000000000000000e+00 0
9.1895826113099277e-01 5.9963846115935926e-01 0.0000000000000000e+00 0
9.6202911334388685e-01 5.9963846115935926e-01 0.0000000000000000e+00 0
1.5188354662445344e-01 6.8051957014181585e-01 0.0000000000000000e+00 0
2.8578275310635204e-01 6.8051957014181585e-01 0.0000000000000000e+00 0
4.0382712259170050e-01 6.8051957014181585e-01 0.0000000000000000e+00 0
5.0789400643150273e-01 6.8051957014181585e-01 0.0000000000000000e+00 0
5.9963846115935926e-01 6.8051957014181585e-01 0.0000000000000000e+00 0
6.8051957014181585e-01 6.8051957014181585e-01 0.0000000000000000e+00 0
7.5182364851512973e-01 6.8051957014181585e-01 0.0000000000000000e+00 0
8.1468470045459429e-01 6.8051957014181585e-01 0.0000000000000000e+00 0
8.7010245412427656e-01 6.8051957014181585e-01 0.0000000000000000e+00 0
9.1895826113099266e-01 6.8051957014181585e-01 0.0000000000000000e+00 0
9.6202911334388641e-01 6.8051957014181585e-01 0.0000000000000000e+00 0
1.5188354662445350e-01 7.5182364851512973e-01 0.0000000000000000e+00 0
2.8578275310635204e-01 7.5182364851512951e-01 0.0000000000000000e+00 0
4.0382712259170028e-01 7.5182364851512973e-01 0.0000000000000000e+00 0
5.0789400643150273e-01 7.5182364851512973e-01 0.0000000000000000e+00 0
5.9963846115935926e-01 7.5182364851512973e-01 0.0000000000000000e+00 0
6.8051957014181585e-01 7.5182364851512973e-01 0.0000000000000000e+00 0
7.5182364851512973e-01 7.5182364851512973e-01 0.0000000000000000e+00 0
8.1468470045459407e-01 7.5182364851512973e-01 0.0000000000000000e+00 0
8.7010245412427667e-01 7.5182364851512973e-01 0.0000000000000000e+00 0
9.1895826113099266e-01 7.5182364851512973e-01 0.0000000000000000e+00 0
9.6202911334388663e-01 7.5182364851512973e-01 0.0000000000000000e+00 0
1.5188354662445344e-01 8.1468470045459440e-01 0.0000000000000000e+00 0
2.8578275310635193e-01 8.1468470045459429e-01 0.0000000000000000e+00 0
4.0382712259170050e-01 8.1468470045459429e-01 0.0000000000000000e+00 0
5.0789400643150273e-01 8.1468470045459429e-01 0.0000000000000000e+00 0
5.9963846115935926e-01 8.1468470045459429e-01 0.0000000000000000e+00 0
6.8051957014181563e-01 8.1468470045459429e-01 0.0000000000000000e+00 0
7.5182364851512951e-01 8.1468470045459429e-01 0.0000000000000000e+00 0
8.1468470045459429e-01 8.1468470045459429e-01 0.0000000000000000e+00 0
8.7010245412427667e-01 8.1468470045459429e-01 0.0000000000000000e+00 0
9.1895826113099266e-01 8.1468470045459429e-01 0.0000000000000000e+00 0
9.6202911334388685e-01 8.1468470045459429e-01 0.0000000000000000e+00 0
1.5188354662445344e-01 8.7010245412427667e-01 0.0000000000000000e+00 0
2.8578275310635204e-01 8.7010245412427689e-01 0.0000000000000000e+00 0
4.0382712259170039e-01 8.7010245412427656e-01 0.0000000000000000e+00 0
5.0789400643150273e-01 8.7010245412427689e-01 0.0000000000000000e+00 0
5.9963846115935904e-01 8.7010245412427656e-01 0.0000000000000000e+00 0
6.8051957014181585e-01 8.7010245412427656e-01 0.0000000000000000e+00 0
7.5182364851512973e-01 8.7010245412427645e-01 0.0000000000000000e+00 0
8.1468470045459429e-01 8.7010245412427689e-01 0.0000000000000000e+00 0
8.7010245412427667e-01 8.7010245412427667e-01 0.0000000000000000e+00 0
9.1895826113099266e-01 8.7010245412427667e-01 0.0000000000000000e+00 0
9.6202911334388674e-01 8.7010245412427656e-01 0.0000000000000000e+00 0
1.5188354662445341e-01 9.1895826113099277e-01 0.0000000000000000e+00 0
2.8578275310635204e-01 9.1895826113099266e-01 0.0000000000000000e+00 0
4.0382712259170039e-01 9.1895826113099288e-01 0.0000000000000000e+00 0
5.0789400643150273e-01 9.1895826113099288e-01 0.0000000000000000e+00 0
5.9963846115935926e-01 9.1895826113099255e-01 0.0000000000000000e+00 0
6.8051957014181585e-01 9.1895826113099244e-01 0.0000000000000000e+00 0
7.5182364851512973e-01 9.1895826113099288e-01 0.0000000000000000e+00 0
8.1468470045459429e-01 9.1895826113099288e-01 0.0000000000000000e+00 0
8.7010245412427667e-01 9.1895826113099288e-01 0.0000000000000000e+00 0
9.1895826113099266e-01 9.1895826113099266e-01 0.0000000000000000e+00 0
9.6202911334388663e-01 9.1895826113099266e-01 0.0000000000000000e+00 0
1.5188354662445344e-01 9.6202911334388652e-01 0.0000000000000000e+00 0
2.8578275310635215e-01 9.6202911334388652e-01 0.0000000000000000e+00 0
4.0382712259170039e-01 9.6202911334388652e-01 0.0000000000000000e+00 0
5.0789400643150273e-01 9.6202911334388663e-01 0.0000000000000000e+00 0
5.9963846115935926e-01 9.6202911334388663e-01 0.0000000000000000e+00 0
6.8051957014181585e-01 9.6202911334388663e-01 0.0000000000000000e+00 0
7.5182364851512973e-01 9.6202911334388663e-01 0.0000000000000000e+00 0
8.1468470045459429e-01 9.6202911334388663e-01 0.0000000000000000e+00 0
8.7010245412427678e-01 9.6202911334388652e-01 0.0000000000000000e+00 0
9.1895826113099266e-01 9.6202911334388641e-01 0.0000000000000000e+00 0
9.6202911334388663e-01 9.6202911334388663e-01 0.0000000000000000e+00 0
1.5188354662445344e-01 9.6202911334388652e-01 1.0000000000000000e+01 0
2.8578275310635204e-01 9.6202911334388674e-01 1.0000000000000000e+01 0
4.0382712259170039e-01 9.6202911334388652e-01 1.0000000000000000e+01 0
5.0789400643150273e-01 9.6202911334388663e-01 1.0000000000000000e+01 0
5.9963846115935926e-01 9.6202911334388663e-01 1.0000000000000000e+01 0
6.8051957014181585e-01 9.6202911334388663e-01 1.0000000000000000e+01 0
7.5182364851512973e-01 9.6202911334388663e-01 1.0000000000000000e+01 0
8.1468470045459429e-01 9.6202911334388663e-01 1.0000000000000000e+01 0
8.7010245412427656e-01 9.6202911334388674e-01 1.0000000000000000e+01 0
9.1895826113099266e-01 9.6202911334388663e-01 1.0000000000000000e+01 0
9.6202911334388663e-01 9.6202911334388663e-01 1.0000000000000000e+01 0
1.5188354662445341e-01 9.1895826113099255e-01 1.0000000000000000e+01 0
2.8578275310635204e-01 9.1895826113099266e-01 1.0000000000000000e+01 0
4.0382712259170039e-01 9.1895826113099266e-01 1.0000000000000000e+01 0
5.0789400643150273e-01 9.1895826113099266e-01 1.0000000000000000e+01 0
5.9963846115935926e-01 9.1895826113099255e-01 1.0000000000000000e+01 0
6.8051957014181585e-01 9.1895826113099266e-01 1.0000000000000000e+01 0
7.5182364851512973e-01 9.1895826113099266e-01 1.0000000000000000e+01 0
8.1468470045459429e-01 9.1895826113099266e-01 1.0000000000000000e+01 0
8.7010245412427667e-01 9.1895826113099266e-01 1.0000000000000000e+01 0
9.1895826113099266e-01 9.1895826113099266e-01 1.0000000000000000e+01 0
9.6202911334388641e-01 9.1895826113099266e-01 1.0000000000000000e+01 0
1.5188354662445344e-01 8.7010245412427667e-01 1.0000000000000000e+01 0
2.8578275310635204e-01 8.7010245412427667e-01 1.0000000000000000e+01 0
4.0382712259170039e-01 8.7010245412427656e-01 1.0000000000000000e+01 0
5.0789400643150273e-01 8.7010245412427667e-01 1.0000000000000000e+01 0
5.9963846115935926e-01 8.7010245412427656e-01 1.0000000000000000e+01 0
6.8051957014181585e-01 8.7010245412427678e-01 1.0000000000000000e+01 0
7.5182364851512973e-01 8.7010245412427667e-01 1.0000000000000000e+01 0
8.1468470045459429e-01 8.7010245412427667e-01 1.0000000000000000e+01 0
8.7010245412427667e-01 8.7010245412427667e-01 1.0000000000000000e+01 0
9.1895826113099288e-01 8.7010245412427667e-01 1.0000000000000000e+01 0
9.6202911334388652e-01 8.7010245412427678e-01 1.0000000000000000e+01 0
1.5188354662445344e-01 8.1468470045459440e-01 1.0000000000000000e+01 0
2.8578275310635204e-01 8.1468470045459429e-01 1.0000000000000000e+01 0
4.0382712259170039e-01 8.1468470045459429e-01 1.0000000000000000e+01 0
5.0789400643150273e-01 8.1468470045459429e-01 1.0000000000000000e+01 0
5.9963846115935926e-01 8.1468470045459429e-01 1.0000000000000000e+01 0
6.8051957014181585e-01 8.1468470045459429e-01 1.0000000000000000e+01 0
7.5182364851512973e-01 8.1468470045459429e-01 1.0000000000000000e+01 0
8.1468470045459429e-01 8.1468470045459429e-01 1.0000000000000000e+01 0
8.7010245412427689e-01 8.1468470045459429e-01 1.0000000000000000e+01 0
9.1895826113099288e-01 8.1468470045459429e-01 1.0000000000000000e+01 0
9.6202911334388663e-01 8.1468470045459429e-01 1.0000000000000000e+01 0
1.5188354662445344e-01 7.5182364851512973e-01 1.0000000000000000e+01 0
2.8578275310635204e-01 7.5182364851512973e-01 1.0000000000000000e+01 0
4.0382712259170039e-01 7.5182364851512973e-01 1.0000000000000000e+01 0
5.0789400643150273e-01 7.5182364851512973e-01 1.0000000000000000e+01 0
5.9963846115935926e-01 7.5182364851512973e-01 1.0000000000000000e+01 0
6.8051957014181585e-01 7.5182364851512973e-01 1.0000000000000000e+01 0
7.5182364851512973e-01 7.5182364851512973e-01 1.0000000000000000e+01 0
8.1468470045459429e-01 7.5182364851512973e-01 1.0000000000000000e+01 0
8.7010245412427645e-01 7.5182364851512973e-01 1.0000000000000000e+01 0
9.1895826113099288e-01 7.5182364851512973e-01 1.0000000000000000e+01 0
9.6202911334388663e-01 7.5182364851512973e-01 1.0000000000000000e+01 0
1.5188354662445344e-01 6.8051957014181585e-01 1.0000000000000000e+01 0
2.8578275310635204e-01 6.8051957014181585e-01 1.0000000000000000e+01 0
4.0382712259170039e-01 6.8051957014181585e-01 1.0000000000000000e+01 0
5.0789400643150273e-01 6.8051957014181585e-01 1.0000000000000000e+01 0
5.9963846115935926e-01 6.8051957014181585e-01 1.0000000000000000e+01 0
6.8051957014181585e-01 6.8051957014181585e-01 1.0000000000000000e+01 0
7.5182364851512973e-01 6.8051957014181585e-01 1.0000000000000000e+01 0
8.1468470045459429e-01 6.8051957014181585e-01 1.0000000000000000e+01 0
8.7010245412427656e-01 6.8051957014181585e-01 1.0000000000000000e+01 0
9.1895826113099244e-01 6.8051957014181585e-01 1.0000000000000000e+01 0
9.6202911334388663e-01 6.8051957014181585e-01 1.0000000000000000e+01 0
1.5188354662445344e-01 5.9963846115935926e-01 1.0000000000000000e+01 0
2.8578275310635204e-01 5.9963846115935926e-01 1.0000000000000000e+01 0
4.0382712259170039e-01 5.9963846115935926e-01 1.0000000000000000e+01 0
5.0789400643150273e-01 5.9963846115935926e-01 1.0000000000000000e+01 0
5.9963846115935926e-01 5.9963846115935926e-01 1.0000000000000000e+01 0
6.8051957014181585e-01 5.9963846115935926e-01 1.0000000000000000e+01 0
7.5182364851512973e-01 5.9963846115935926e-01 1.0000000000000000e+01 0
8.1468470045459429e-01 5.9963846115935926e-01 1.0000000000000000e+01 0
8.7010245412427656e-01 5.9963846115935926e-01 1.0000000000000000e+01 0
9.1895826113099255e-01 5.9963846115935926e-01 1.0000000000000000e+01 0
9.6202911334388663e-01 5.9963846115935926e-01 1.0000000000000000e+01 0
1.5188354662445344e-01 5.0789400643150273e-01 1.0000000000000000e+01 0
2.8578275310635204e-01 5.0789400643150273e-01 1.0000000000000000e+01 0
4.0382712259170039e-01 5.0789400643150273e-01 1.0000000000000000e+01 0
5.0789400643150273e-01 5.0789400643150273e-01 1.0000000000000000e+01 0
5.9963846115935926e-01 5.0789400643150273e-01 1.0000000000000000e+01 0
6.8051957014181585e-01 5.0789400643150273e-01 1.0000000000000000e+01 0
7.5182364851512973e-01 5.0789400643150273e-01 1.0000000000000000e+01 0
8.1468470045459429e-01 5.0789400643150273e-01 1.0000000000000000e+01 0
8.7010245412427689e-01 5.0789400643150273e-01 1.0000000000000000e+01 0
9.1895826113099288e-01 5.0789400643150273e-01 1.0000000000000000e+01 0
9.6202911334388663e-01 5.0789400643150273e-01 1.0000000000000000e+01 0
1.5188354662445344e-01 4.0382712259170039e-01 1.0000000000000000e+01 0
2.8578275310635204e-01 4.0382712259170039e-01 1.0000000000000000e+01 0
4.0382712259170039e-01 4.0382712259170039e-01 1.0000000000000000e+01 0
5.0789400643150273e-01 4.0382712259170039e-01 1.0000000000000000e+01 0
5.9963846115935926e-01 4.0382712259170039e-01 1.0000000000000000e+01 0
6.8051957014181585e-01 4.0382712259170039e-01 1.0000000000000000e+01 0
7.5182364851512973e-01 4.0382712259170039e-01 1.0000000000000000e+01 0
8.1468470045459429e-01 4.0382712259170039e-01 1.0000000000000000e+01 0
8.7010245412427656e-01 4.0382712259170039e-01 1.0000000000000000e+01 0
9.1895826113099288e-01 4.0382712259170039e-01 1.0000000000000000e+01 0
9.6202911334388652e-01 4.0382712259170039e-01 1.0000000000000000e+01 0
1.5188354662445344e-01 2.8578275310635204e-01 1.0000000000000000e+01 0
2.8578275310635204e-01 2.8578275310635204e-01 1.0000000000000000e+01 0
4.0382712259170039e-01 2.8578275310635204e-01 1.0000000000000000e+01 0
5.0789400643150273e-01 2.8578275310635204e-01 1.0000000000000000e+01 0
5.9963846115935926e-01 2.8578275310635204e-01 1.0000000000000000e+01 0
6.8051957014181585e-01 2.8578275310635204e-01 1.0000000000000000e+01 0
7.5182364851512951e-01 2.8578275310635204e-01 1.0000000000000000e+01 0
8.1468470045459429e-01 2.8578275310635204e-01 1.0000000000000000e+01 0
8.7010245412427689e-01 2.8578275310635204e-01 1.0000000000000000e+01 0
9.1895826113099266e-01 2.8578275310635204e-01 1.0000000000000000e+01 0
9.6202911334388652e-01 2.8578275310635204e-01 1.0000000000000000e+01 0
1.5188354662445344e-01 1.5188354662445341e-01 1.0000000000000000e+01 0
2.8578275310635215e-01 1.5188354662445347e-01 1.0000000000000000e+01 0
4.0382712259170028e-01 1.5188354662445347e-01 1.0000000000000000e+01 0
5.0789400643150273e-01 1.5188354662445347e-01 1.0000000000000000e+01 0
5.9963846115935926e-01 1.5188354662445347e-01 1.0000000000000000e+01 0
6.8051957014181585e-01 1.5188354662445347e-01 1.0000000000000000e+01 0
7.5182364851512995e-01 1.5188354662445347e-01 1.0000000000000000e+01 0
8.1468470045459429e-01 1.5188354662445347e-01 1.0000000000000000e+01 0
8.7010245412427667e-01 1.5188354662445347e-01 1.0000000000000000e+01 0
9.1895826113099277e-01 1.5188354662445347e-01 1.0000000000000000e+01 0
9.6202911334388652e-01 1.5188354662445347e-01 1.0000000000000000e+01 0
0.0000000000000000e+00 0.0000000000000000e+00 1.6937255859375000e-01 0
0.0000000000000000e+00 0.0000000000000000e+00 3.4247656352818012e-01 0
0.0000000000000000e+00 0.0000000000000000e+00 5.1960582333407501e-01 0
0.0000000000000000e+00 0.0000000000000000e+00 7.0100862938783270e-01 0
0.0000000000000000e+00 0.0000000000000000e+00 8.8745386042091978e-01 0
0.0000000000000000e+00 0.0000000000000000e+00 1.0796160119849196e+00 0
0.0000000000000000e+00 0.0000000000000000e+00 1.2780705996089123e+00 0
0.0000000000000000e+00 0.0000000000000000e+00 1.4843540250637186e+00 0
0.0000000000000000e+00 0.0000000000000000e+00 1.7003117217547603e+00 0
0.0000000000000000e+00 0.0000000000000000e+00 1.9275096094984732e+00 0
0.0000000000000000e+00 0.0000000000000000e+00 2.1684427028184956e+00 0
0.0000000000000000e+00 0.0000000000000000e+00 2.4279968783781607e+00 0
0.0000000000000000e+00 0.0000000000000000e+00 2.7112999736878649e+00 0
0.0000000000000000e+00 0.0000000000000000e+00 3.0293798393380831e+00 0
0.0000000000000000e+00 0.0000000000000000e+00 3.4033529302329697e+00 0
0.0000000000000000e+00 0.0000000000000000e+00 3.8869084191728014e+00 0
0.0000000000000000e+00 0.0000000000000000e+00 5.2230278619793324e+00 0
0.0000000000000000e+00 0.0000000000000000e+00 6.1574880488907215e+00 0
0.0000000000000000e+00 0.0000000000000000e+00 6.6288899667208998e+00 0
0.0000000000000000e+00 0.0000000000000000e+00 6.9971936141555666e+00 0
0.0000000000000000e+00 0.0000000000000000e+00 7.3120630825931112e+00 0
0.0000000000000000e+00 0.0000000000000000e+00 7.5932596082544510e+00 0
0.0000000000000000e+00 0.0000000000000000e+00 7.8509147991188115e+00 0
0.0000000000000000e+00 0.0000000000000000e+00 8.0909554435043436e+00 0
0.0000000000000000e+00 0.0000000000000000e+00 8.3170019791245569e+00 0
0.0000000000000000e+00 0.0000000000000000e+00 8.5318965018095803e+00 0
0.0000000000000000e+00 0.0000000000000000e+00 8.7379901325369964e+00 0
0.0000000000000000e+00 0.0000000000000000e+00 8.9361034979614864e+00 0
0.0000000000000000e+00 0.0000000000000000e+00 9.1275321410284747e+00 0
0.0000000000000000e+00 0.0000000000000000e+00 9.3136983785140970e+00 0
0.0000000000000000e+00 0.0000000000000000e+00 9.4943217056532099e+00 0
0.0000000000000000e+00 0.0000000000000000e+00 9.6706177516315339e+00 0
0.0000000000000000e+00 0.0000000000000000e+00 9.8433504346138232e+00 0
0.0000000000000000e+00 1.0000000000000000e+00 1.6937255859375000e-01 0
0.0000000000000000e+00 1.0000000000000000e+00 3.4247656352818012e-01 0
0.0000000000000000e+00 1.0000000000000000e+00 5.1960582333407501e-01 0
0.0000000000000000e+00 1.0000000000000000e+00 7.0100862938783270e-01 0
0.0000000000000000e+00 1.0000000000000000e+00 8.8745386042091978e-01 0
0.0000000000000000e+00 1.0000000000000000e+00 1.0796160119849196e+00 0
0.0000000000000000e+00 1.0000000000000000e+00 1.2780705996089123e+00 0
0.0000000000000000e+00 1.0000000000000000e+00 1.4843540250637186e+00 0
0.0000000000000000e+00 1.0000000000000000e+00 1.7003117217547603e+00 0
0.0000000000000000e+00 1.0000000000000000e+00 1.9275096094984732e+00 0
0.0000000000000000e+00 1.0000000000000000e+00 2.1684427028184956e+00 0
0.0000000000000000e+00 1.0000000000000000e+00 2.4279968783781607e+00 0
0.0000000000000000e+00 1.0000000000000000e+00 2.7112999736878649e+00 0
0.0000000000000000e+00 1.0000000000000000e+00 3.0293798393380831e+00 0
0.0000000000000000e+00 1.0000000000000000e+00 3.4033529302329697e+00 0
0.0000000000000000e+00 1.0000000000000000e+00 3.8869084191728014e+00 0
0.0000000000000000e+00 1.0000000000000000e+00 5.2230278619793324e+00 0
0.0000000000000000e+00 1.0000000000000000e+00 6.1574880488907215e+00 0
0.0000000000000000e+00 1.0000000000000000e+00 6.6288899667208998e+00 0
0.0000000000000000e+00 1.0000000000000000e+00 6.9971936141555666e+00 0
0.0000000000000000e+00 1.0000000000000000e+00 7.3120630825931112e+00 0
0.0000000000000000e+00 1.0000000000000000e+00 7.5932596082544510e+00 0
0.0000000000000000e+00 1.0000000000000000e+00 7.8509147991188115e+00 0
0.0000000000000000e+00 1.0000000000000000e+00 8.0909554435043436e+00 0
0.0000000000000000e+00 1.0000000000000000e+00 8.3170019791245569e+00 0
0.0000000000000000e+00 1.0000000000000000e+00 8.5318965018095803e+00 0
0.0000000000000000e+00 1.0000000000000000e+00 8.7379901325369964e+00 0
0.0000000000000000e+00 1.0000000000000000e+00 8.9361034979614864e+00 0
0.0000000000000000e+00 1.0000000000000000e+00 9.1275321410284747e+00 0
0.0000000000000000e+00 1.0000000000000000e+00 9.3136983785140970e+00 0
0.0000000000000000e+00 1.0000000000000000e+00 9.4943217056532099e+00 0
0.0000000000000000e+00 1.0000000000000000e+00 9.6706177516315339e+00 0
0.0000000000000000e+00 1.0000000000000000e+00 9.8433504346138232e+00 0
1.0000000000000000e+00 0.0000000000000000e+00 1.6937255859375000e-01 0
1.0000000000000000e+00 0.0000000000000000e+00 3.4247656352818012e-01 0
1.0000000000000000e+00 0.0000000000000000e+00 5.1960582333407501e-01 0
1.0000000000000000e+00 0.0000000000000000e+00 7.0100862938783270e-01 0
1.0000000000000000e+00 0.0000000000000000e+00 8.8745386042091978e-01 0
1.0000000000000000e+00 0.0000000000000000e+00 1.0796160119849196e+00 0
1.0000000000000000e+00 0.0000000000000000e+00 1.2780705996089123e+00 0
1.0000000000000000e+00 0.0000000000000000e+00 1.4843540250637186e+00 0
1.0000000000000000e+00 0.0000000000000000e+00 1.7003117217547603e+00 0
1.0000000000000000e+00 0.0000000000000000e+00 1.9275096094984732e+00 0
1.0000000000000000e+00 0.0000000000000000e+00 2.1684427028184956e+00 0
1.0000000000000000e+00 0.0000000000000000e+00 2.4279968783781607e+00 0
1.0000000000000000e+00 0.0000000000000000e+00 2.7112999736878649e+00 0
1.0000000000000000e+00 0.0000000000000000e+00 3.0293798393380831e+00 0
1.0000000000000000e+00 0.0000000000000000e+00 3.4033529302329697e+00 0
1.0000000000000000e+00 0.0000000000000000e+00 3.8869084191728014e+00 0
1.0000000000000000e+00 0.0000000000000000e+00 5.2230278619793324e+00 0
1.0000000000000000e+00 0.0000000000000000e+00 6.1574880488907215e+00 0
1.0000000000000000e+00 0.0000000000000000e+00 6.6288899667208998e+00 0
1.0000000000000000e+00 0.0000000000000000e+00 6.9971936141555666e+00 0
1.0000000000000000e+00 0.0000000000000000e+00 7.3120630825931112e+00 0
1.0000000000000000e+00 0.0000000000000000e+00 7.5932596082544510e+00 0
1.0000000000000000e+00 0.0000000000000000e+00 7.8509147991188115e+00 0
1.0000000000000000e+00 0.0000000000000000e+00 8.0909554435043436e+00 0
1.0000000000000000e+00 0.0000000000000000e+00 8.3170019791245569e+00 0
1.0000000000000000e+00 0.0000000000000000e+00 8.5318965018095803e+00 0
1.0000000000000000e+00 0.0000000000000000e+00 8.7379901325369964e+00 0
1.0000000000000000e+00 0.0000000000000000e+00 8.9361034979614864e+00 0
1.0000000000000000e+00 0.0000000000000000e+00 9.1275321410284747e+00 0
1.0000000000000000e+00 0.0000000000000000e+00 9.3136983785140970e+00 0
1.0000000000000000e+00 0.0000000000000000e+00 9.4943217056532099e+00 0
1.0000000000000000e+00 0.0000000000000000e+00 9.6706177516315339e+00 0
1.0000000000000000e+00 0.0000000000000000e+00 9.8433504346138232e+00 0
1.0000000000000000e+00 1.0000000000000000e+00 1.6937255859375000e-01 0
1.0000000000000000e+00 1.0000000000000000e+00 3.4247656352818012e-01 0
1.0000000000000000e+00 1.0000000000000000e+00 5.1960582333407501e-01 0
1.0000000000000000e+00 1.0000000000000000e+00 7.0100862938783270e-01 0
1.0000000000000000e+00 1.0000000000000000e+00 8.8745386042091978e-01 0
1.0000000000000000e+00 1.0000000000000000e+00 1.0796160119849196e+00 0
1.0000000000000000e+00 1.0000000000000000e+00 1.2780705996089123e+00 0
1.0000000000000000e+00 1.0000000000000000e+00 1.4843540250637186e+00 0
1.0000000000000000e+00 1.0000000000000000e+00 1.7003117217547603e+00 0
1.0000000000000000e+00 1.0000000000000000e+00 1.9275096094984732e+00 0
1.0000000000000000e+00 1.0000000000000000e+00 2.1684427028184956e+00 0
1.0000000000000000e+00 1.0000000000000000e+00 2.4279968783781607e+00 0
1.0000000000000000e+00 1.0000000000000000e+00 2.7112999736878649e+00 0
1.0000000000000000e+00 1.0000000000000000e+00 3.0293798393380831e+00 0
1.0000000000000000e+00 1.0000000000000000e+00 3.4033529302329697e+00 0
1.0000000000000000e+00 1.0000000000000000e+00 3.8869084191728014e+00 0
1.0000000000000000e+00 1.0000000000000000e+00 5.2230278619793324e+00 0
1.0000000000000000e+00 1.0000000000000000e+00 6.1574880488907215e+00 0
1.0000000000000000e+00 1.0000000000000000e+00 6.6288899667208998e+00 0
1.0000000000000000e+00 1.0000000000000000e+00 6.9971936141555666e+00 0
1.0000000000000000e+00 1.0000000000000000e+00 7.3120630825931112e+00 0
1.0000000000000000e+00 1.0000000000000000e+00 7.5932596082544510e+00 0
1.0000000000000000e+00 1.0000000000000000e+00 7.8509147991188115e+00 0
1.0000000000000000e+00 1.0000000000000000e+00 8.0909554435043436e+00 0
1.0000000000000000e+00 1.0000000000000000e+00 8.3170019791245569e+00 0
1.0000000000000000e+00 1.0000000000000000e+00 8.5318965018095803e+00 0
1.0000000000000000e+00 1.0000000000000000e+00 8.7379901325369964e+00 0
1.0000000000000000e+00 1.0000000000000000e+00 8.9361034979614864e+00 0
1.0000000000000000e+00 1.0000000000000000e+00 9.1275321410284747e+00 0
1.0000000000000000e+00 1.0000000000000000e+00 9.3136983785140970e+00 0
1.0000000000000000e+00 1.0000000000000000e+00 9.4943217056532099e+00 0
1.0000000000000000e+00 1.0000000000000000e+00 9.6706177516315339e+00 0
1.0000000000000000e+00 1.0000000000000000e+00 9.8433504346138232e+00 0
0.0000000000000000e+00 1.5188354662445344e-01 1.6937255859374994e-01 0
0.0000000000000000e+00 2.8578275310635204e-01 1.6937255859375000e-01 0
0.0000000000000000e+00 4.0382712259170039e-01 1.6937255859375000e-01 0
0.0000000000000000e+00 5.0789400643150273e-01 1.6937255859375000e-01 0
0.0000000000000000e+00 5.9963846115935926e-01 1.6937255859375000e-01 0
0.0000000000000000e+00 6.8051957014181585e-01 1.6937255859375000e-01 0
0.0000000000000000e+00 7.5182364851512973e-01 1.6937255859375000e-01 0
0.0000000000000000e+00 8.1468470045459429e-01 1.6937255859375000e-01 0
0.0000000000000000e+00 8.7010245412427667e-01 1.6937255859375000e-01 0
0.0000000000000000e+00 9.1895826113099266e-01 1.6937255859375000e-01 0
0.0000000000000000e+00 9.6202911334388663e-01 1.6937255859375000e-01 0
0.0000000000000000e+00 1.5188354662445344e-01 3.4247656352818012e-01 0
0.0000000000000000e+00 2.8578275310635204e-01 3.4247656352818012e-01 0
0.0000000000000000e+00 4.0382712259170039e-01 3.4247656352818012e-01 0
0.0000000000000000e+00 5.0789400643150273e-01 3.4247656352818012e-01 0
0.0000000000000000e+00 5.9963846115935926e-01 3.4247656352818012e-01 0
0.0000000000000000e+00 6.8051957014181585e-01 3.4247656352818012e-01 0
0.0000000000000000e+00 7.5182364851512973e-01 3.4247656352818012e-01 0
0.0000000000000000e+00 8.1468470045459429e-01 3.4247656352818012e-01 0
0.0000000000000000e+00 8.7010245412427667e-01 3.4247656352818012e-01 0
0.0000000000000000e+00 9.1895826113099266e-01 3.4247656352818012e-01 0
0.0000000000000000e+00 9.6202911334388663e-01 3.4247656352818012e-01 0
0.0000000000000000e+00 1.5188354662445344e-01 5.1960582333407512e-01 0
0.0000000000000000e+00 2.8578275310635204e-01 5.1960582333407501e-01 0
0.0000000000000000e+00 4.0382712259170039e-01 5.1960582333407501e-01 0
0.0000000000000000e+00 5.0789400643150273e-01 5.1960582333407501e-01 0
0.0000000000000000e+00 5.9963846115935926e-01 5.1960582333407501e-01 0
0.0000000000000000e+00 6.8051957014181585e-01 5.1960582333407501e-01 0
0.0000000000000000e+00 7.5182364851512973e-01 5.1960582333407501e-01 0
0.0000000000000000e+00 8.1468470045459429e-01 5.1960582333407501e-01 0
0.0000000000000000e+00 8.7010245412427667e-01 5.1960582333407501e-01 0
0.0000000000000000e+00 9.1895826113099266e-01 5.1960582333407501e-01 0
0.0000000000000000e+00 9.6202911334388641e-01 5.1960582333407501e-01 0
0.0000000000000000e+00 1.5188354662445344e-01 7.0100862938783270e-01 0
0.0000000000000000e+00 2.8578275310635204e-01 7.0100862938783293e-01 0
0.0000000000000000e+00 4.0382712259170039e-01 7.0100862938783270e-01 0
0.0000000000000000e+00 5.0789400643150273e-01 7.0100862938783259e-01 0
0.0000000000000000e+00 5.9963846115935926e-01 7.0100862938783259e-01 0
0.0000000000000000e+00 6.8051957014181585e-01 7.0100862938783259e-01 0
0.0000000000000000e+00 7.5182364851512973e-01 7.0100862938783270e-01 0
0.0000000000000000e+00 8.1468470045459429e-01 7.0100862938783259e-01 0
0.0000000000000000e+00 8.7010245412427667e-01 7.0100862938783270e-01 0
0.0000000000000000e+00 9.1895826113099266e-01 7.0100862938783270e-01 0
0.0000000000000000e+00 9.6202911334388663e-01 7.0100862938783270e-01 0
0.0000000000000000e+00 1.5188354662445344e-01 8.8745386042091978e-01 0
0.0000000000000000e+00 2.8578275310635204e-01 8.8745386042091967e-01 0
0.0000000000000000e+00 4.0382712259170039e-01 8.8745386042091989e-01 0
0.0000000000000000e+00 5.0789400643150273e-01 8.8745386042091978e-01 0
0.0000000000000000e+00 5.9963846115935915e-01 8.8745386042091945e-01 0
0.0000000000000000e+00 6.8051957014181585e-01 8.8745386042091978e-01 0
0.0000000000000000e+00 7.5182364851512973e-01 8.8745386042091956e-01 0
0.0000000000000000e+00 8.1468470045459429e-01 8.8745386042091989e-01 0
0.0000000000000000e+00 8.7010245412427678e-01 8.8745386042091978e-01 0
0.0000000000000000e+00 9.1895826113099277e-01 8.8745386042091967e-01 0
0.0000000000000000e+00 9.6202911334388663e-01 8.8745386042091978e-01 0
0.0000000000000000e+00 1.5188354662445344e-01 1.0796160119849196e+00 0
0.0000000000000000e+00 2.8578275310635204e-01 1.0796160119849196e+00 0
0.0000000000000000e+00 4.0382712259170039e-01 1.0796160119849196e+00 0
0.0000000000000000e+00 5.0789400643150273e-01 1.0796160119849196e+00 0
0.0000000000000000e+00 5.9963846115935926e-01 1.0796160119849196e+00 0
0.0000000000000000e+00 6.8051957014181585e-01 1.0796160119849194e+00 0
0.0000000000000000e+00 7.5182364851512973e-01 1.0796160119849196e+00 0
0.0000000000000000e+00 8.1468470045459429e-01 1.0796160119849196e+00 0
0.0000000000000000e+00 8.7010245412427667e-01 1.0796160119849196e+00 0
0.0000000000000000e+00 9.1895826113099288e-01 1.0796160119849196e+00 0
0.0000000000000000e+00 9.6202911334388663e-01 1.0796160119849199e+00 0
0.0000000000000000e+00 1.5188354662445344e-01 1.2780705996089121e+00 0
0.0000000000000000e+00 2.8578275310635204e-01 1.2780705996089123e+00 0
0.0000000000000000e+00 4.0382712259170039e-01 1.2780705996089123e+00 0
0.0000000000000000e+00 5.0789400643150273e-01 1.2780705996089123e+00 0
0.0000000000000000e+00 5.9963846115935926e-01 1.2780705996089123e+00 0
0.0000000000000000e+00 6.8051957014181597e-01 1.2780705996089123e+00 0
0.0000000000000000e+00 7.5182364851512973e-01 1.2780705996089123e+00 0
0.0000000000000000e+00 8.1468470045459440e-01 1.2780705996089123e+00 0
0.0000000000000000e+00 8.7010245412427667e-01 1.2780705996089123e+00 0
0.0000000000000000e+00 9.1895826113099266e-01 1.2780705996089123e+00 0
0.0000000000000000e+00 9.6202911334388641e-01 1.2780705996089123e+00 0
0.0000000000000000e+00 1.5188354662445344e-01 1.4843540250637182e+00 0
0.0000000000000000e+00 2.8578275310635204e-01 1.4843540250637191e+00 0
0.0000000000000000e+00 4.0382712259170039e-01 1.4843540250637184e+00 0
0.0000000000000000e+00 5.0789400643150273e-01 1.4843540250637182e+00 0
0.0000000000000000e+00 5.9963846115935926e-01 1.4843540250637191e+00 0
0.0000000000000000e+00 6.8051957014181585e-01 1.4843540250637186e+00 0
0.0000000000000000e+00 7.5182364851512984e-01 1.4843540250637188e+00 0
0.0000000000000000e+00 8.1468470045459440e-01 1.4843540250637188e+00 0
0.0000000000000000e+00 8.7010245412427667e-01 1.4843540250637186e+00 0
0.0000000000000000e+00 9.1895826113099255e-01 1.4843540250637184e+00 0
0.0000000000000000e+00 9.6202911334388663e-01 1.4843540250637188e+00 0
0.0000000000000000e+00 1.5188354662445344e-01 1.7003117217547610e+00 0
0.0000000000000000e+00 2.8578275310635204e-01 1.7003117217547599e+00 0
0.0000000000000000e+00 4.0382712259170039e-01 1.7003117217547603e+00 0
0.0000000000000000e+00 5.0789400643150273e-01 1.7003117217547603e+00 0
0.0000000000000000e+00 5.9963846115935926e-01 1.7003117217547603e+00 0
0.0000000000000000e+00 6.8051957014181585e-01 1.7003117217547603e+00 0
0.0000000000000000e+00 7.5182364851512973e-01 1.7003117217547608e+00 0
0.0000000000000000e+00 8.1468470045459429e-01 1.7003117217547605e+00 0
0.0000000000000000e+00 8.7010245412427667e-01 1.7003117217547601e+00 0
0.0000000000000000e+00 9.1895826113099266e-01 1.7003117217547601e+00 0
0.0000000000000000e+00 9.6202911334388641e-01 1.7003117217547603e+00 0
0.0000000000000000e+00 1.5188354662445344e-01 1.9275096094984734e+00 0
0.0000000000000000e+00 2.8578275310635204e-01 1.9275096094984732e+00 0
0.0000000000000000e+00 4.0382712259170045e-01 1.9275096094984732e+00 0
0.0000000000000000e+00 5.0789400643150273e-01 1.9275096094984732e+00 0
0.0000000000000000e+00 5.9963846115935926e-01 1.9275096094984732e+00 0
0.0000000000000000e+00 6.8051957014181585e-01 1.9275096094984732e+00 0
0.0000000000000000e+00 7.5182364851512973e-01 1.9275096094984732e+00 0
0.0000000000000000e+00 8.1468470045459429e-01 1.9275096094984732e+00 0
0.0000000000000000e+00 8.7010245412427678e-01 1.9275096094984734e+00 0
0.0000000000000000e+00 9.1895826113099288e-01 1.9275096094984732e+00 0
0.0000000000000000e+00 9.6202911334388652e-01 1.9275096094984729e+00 0
0.0000000000000000e+00 1.5188354662445344e-01 2.1684427028184956e+00 0
0.0000000000000000e+00 2.8578275310635204e-01 2.1684427028184960e+00 0
0.0000000000000000e+00 4.0382712259170039e-01 2.1684427028184956e+00 0
0.0000000000000000e+00 5.0789400643150273e-01 2.1684427028184956e+00 0
0.0000000000000000e+00 5.9963846115935926e-01 2.1684427028184956e+00 0
0.0000000000000000e+00 6.8051957014181585e-01 2.1684427028184956e+00 0
0.0000000000000000e+00 7.5182364851512973e-01 2.1684427028184956e+00 0
0.0000000000000000e+00 8.1468470045459429e-01 2.1684427028184956e+00 0
0.0000000000000000e+00 8.7010245412427656e-01 2.1684427028184956e+00 0
0.0000000000000000e+00 9.1895826113099255e-01 2.1684427028184956e+00 0
0.0000000000000000e+00 9.6202911334388674e-01 2.1684427028184960e+00 0
0.0000000000000000e+00 1.5188354662445344e-01 2.4279968783781607e+00 0
0.0000000000000000e+00 2.8578275310635204e-01 2.4279968783781603e+00 0
0.0000000000000000e+00 4.0382712259170039e-01 2.4279968783781607e+00 0
0.0000000000000000e+00 5.0789400643150273e-01 2.4279968783781607e+00 0
0.0000000000000000e+00 5.9963846115935926e-01 2.4279968783781607e+00 0
0.0000000000000000e+00 6.8051957014181574e-01 2.4279968783781607e+00 0
0.0000000000000000e+00 7.5182364851512973e-01 2.4279968783781607e+00 0
0.0000000000000000e+00 8.1468470045459429e-01 2.4279968783781607e+00 0
0.0000000000000000e+00 8.7010245412427656e-01 2.4279968783781607e+00 0
0.0000000000000000e+00 9.1895826113099277e-01 2.4279968783781607e+00 0
0.0000000000000000e+00 9.6202911334388652e-01 2.4279968783781607e+00 0
0.0000000000000000e+00 1.5188354662445344e-01 2.7112999736878649e+00 0
0.0000000000000000e+00 2.8578275310635204e-01 2.7112999736878649e+00 0
0.0000000000000000e+00 4.0382712259170039e-01 2.7112999736878649e+00 0
0.0000000000000000e+00 5.0789400643150273e-01 2.7112999736878645e+00 0
0.0000000000000000e+00 5.9963846115935926e-01 2.7112999736878649e+00 0
0.0000000000000000e+00 6.8051957014181585e-01 2.7112999736878645e+00 0
0.0000000000000000e+00 7.5182364851512973e-01 2.7112999736878645e+00 0
0.0000000000000000e+00 8.1468470045459429e-01 2.7112999736878645e+00 0
0.0000000000000000e+00 8.7010245412427656e-01 2.7112999736878645e+00 0
0.0000000000000000e+00 9.1895826113099266e-01 2.7112999736878645e+00 0
0.0000000000000000e+00 9.6202911334388674e-01 2.7112999736878649e+00 0
0.0000000000000000e+00 1.5188354662445344e-01 3.0293798393380826e+00 0
0.0000000000000000e+00 2.8578275310635204e-01 3.0293798393380831e+00 0
0.0000000000000000e+00 4.0382712259170039e-01 3.0293798393380831e+00 0
0.0000000000000000e+00 5.0789400643150273e-01 3.0293798393380831e+00 0
0.0000000000000000e+00 5.9963846115935926e-01 3.0293798393380831e+00 0
0.0000000000000000e+00 6.8051957014181585e-01 3.0293798393380826e+00 0
0.0000000000000000e+00 7.5182364851512973e-01 3.0293798393380826e+00 0
0.0000000000000000e+00 8.1468470045459429e-01 3.0293798393380831e+00 0
0.0000000000000000e+00 8.7010245412427656e-01 3.0293798393380826e+00 0
0.0000000000000000e+00 9.1895826113099255e-01 3.0293798393380826e+00 0
0.0000000000000000e+00 9.6202911334388641e-01 3.0293798393380831e+00 0
0.0000000000000000e+00 1.5188354662445344e-01 3.4033529302329697e+00 0
0.0000000000000000e+00 2.8578275310635204e-01 3.4033529302329697e+00 0
0.0000000000000000e+00 4.0382712259170039e-01 3.4033529302329697e+00 0
0.0000000000000000e+00 5.0789400643150273e-01 3.4033529302329697e+00 0
0.0000000000000000e+00 5.9963846115935926e-01 3.4033529302329697e+00 0
0.0000000000000000e+00 6.8051957014181585e-01 3.4033529302329697e+00 0
0.0000000000000000e+00 7.5182364851512951e-01 3.4033529302329697e+00 0
0.0000000000000000e+00 8.1468470045459429e-01 3.4033529302329697e+00 0
0.0000000000000000e+00 8.7010245412427678e-01 3.4033529302329701e+00 0
0.0000000000000000e+00 9.1895826113099277e-01 3.4033529302329701e+00 0
0.0000000000000000e+00 9.6202911334388641e-01 3.4033529302329697e+00 0
0.0000000000000000e+00 1.5188354662445341e-01 3.8869084191728014e+00 0
0.0000000000000000e+00 2.8578275310635204e-01 3.8869084191728009e+00 0
0.0000000000000000e+00 4.0382712259170039e-01 3.8869084191728014e+00 0
0.0000000000000000e+00 5.0789400643150273e-01 3.8869084191728014e+00 0
0.0000000000000000e+00 5.9963846115935926e-01 3.8869084191728014e+00 0
0.0000000000000000e+00 6.8051957014181585e-01 3.8869084191728014e+00 0
0.0000000000000000e+00 7.5182364851512973e-01 3.8869084191728014e+00 0
0.0000000000000000e+00 8.1468470045459429e-01 3.8869084191728009e+00 0
0.0000000000000000e+00 8.7010245412427667e-01 3.8869084191728014e+00 0
0.0000000000000000e+00 9.1895826113099277e-01 3.8869084191728014e+00 0
0.0000000000000000e+00 9.6202911334388641e-01 3.8869084191728014e+00 0
0.0000000000000000e+00 1.5188354662445344e-01 5.2230278619793307e+00 0
0.0000000000000000e+00 2.8578275310635204e-01 5.2230278619793324e+00 0
0.0000000000000000e+00 4.0382712259170039e-01 5.2230278619793324e+00 0
0.0000000000000000e+00 5.0789400643150273e-01 5.2230278619793324e+00 0
0.0000000000000000e+00 5.9963846115935926e-01 5.2230278619793324e+00 0
0.0000000000000000e+00 6.8051957014181585e-01 5.2230278619793324e+00 0
0.0000000000000000e+00 7.5182364851512973e-01 5.2230278619793324e+00 0
0.0000000000000000e+00 8.1468470045459429e-01 5.2230278619793316e+00 0
0.0000000000000000e+00 8.7010245412427667e-01 5.2230278619793324e+00 0
0.0000000000000000e+00 9.1895826113099244e-01 5.2230278619793333e+00 0
0.0000000000000000e+00 9.6202911334388674e-01 5.2230278619793324e+00 0
0.0000000000000000e+00 1.5188354662445344e-01 6.1574880488907207e+00 0
0.0000000000000000e+00 2.8578275310635204e-01 6.1574880488907233e+00 0
0.0000000000000000e+00 4.0382712259170039e-01 6.1574880488907215e+00 0
0.0000000000000000e+00 5.0789400643150273e-01 6.1574880488907215e+00 0
0.0000000000000000e+00 5.9963846115935926e-01 6.1574880488907215e+00 0
0.0000000000000000e+00 6.8051957014181585e-01 6.1574880488907215e+00 0
0.0000000000000000e+00 7.5182364851512973e-01 6.1574880488907215e+00 0
0.0000000000000000e+00 8.1468470045459429e-01 6.1574880488907215e+00 0
0.0000000000000000e+00 8.7010245412427656e-01 6.1574880488907224e+00 0
0.0000000000000000e+00 9.1895826113099255e-01 6.1574880488907215e+00 0
0.0000000000000000e+00 9.6202911334388663e-01 6.1574880488907215e+00 0
0.0000000000000000e+00 1.5188354662445350e-01 6.6288899667208971e+00 0
0.0000000000000000e+00 2.8578275310635204e-01 6.6288899667208998e+00 0
0.0000000000000000e+00 4.0382712259170039e-01 6.6288899667208998e+00 0
0.0000000000000000e+00 5.0789400643150273e-01 6.6288899667208998e+00 0
0.0000000000000000e+00 5.9963846115935926e-01 6.6288899667208998e+00 0
0.0000000000000000e+00 6.8051957014181585e-01 6.6288899667208989e+00 0
0.0000000000000000e+00 7.5182364851512973e-01 6.6288899667208989e+00 0
0.0000000000000000e+00 8.1468470045459407e-01 6.6288899667208998e+00 0
0.0000000000000000e+00 8.7010245412427678e-01 6.6288899667208998e+00 0
0.0000000000000000e+00 9.1895826113099266e-01 6.6288899667208998e+00 0
0.0000000000000000e+00 9.6202911334388663e-01 6.6288899667208998e+00 0
0.0000000000000000e+00 1.5188354662445344e-01 6.9971936141555666e+00 0
0.0000000000000000e+00 2.8578275310635204e-01 6.9971936141555666e+00 0
0.0000000000000000e+00 4.0382712259170028e-01 6.9971936141555666e+00 0
0.0000000000000000e+00 5.0789400643150273e-01 6.9971936141555666e+00 0
0.0000000000000000e+00 5.9963846115935926e-01 6.9971936141555666e+00 0
0.0000000000000000e+00 6.8051957014181585e-01 6.9971936141555666e+00 0
0.0000000000000000e+00 7.5182364851512973e-01 6.9971936141555666e+00 0
0.0000000000000000e+00 8.1468470045459429e-01 6.9971936141555666e+00 0
0.0000000000000000e+00 8.7010245412427678e-01 6.9971936141555666e+00 0
0.0000000000000000e+00 9.1895826113099255e-01 6.9971936141555666e+00 0
0.0000000000000000e+00 9.6202911334388674e-01 6.9971936141555657e+00 0
0.0000000000000000e+00 1.5188354662445344e-01 7.3120630825931112e+00 0
0.0000000000000000e+00 2.8578275310635204e-01 7.3120630825931112e+00 0
0.0000000000000000e+00 4.0382712259170039e-01 7.3120630825931112e+00 0
0.0000000000000000e+00 5.0789400643150273e-01 7.3120630825931112e+00 0
0.0000000000000000e+00 5.9963846115935926e-01 7.3120630825931112e+00 0
0.0000000000000000e+00 6.8051957014181585e-01 7.3120630825931112e+00 0
0.0000000000000000e+00 7.5182364851512973e-01 7.3120630825931112e+00 0
0.0000000000000000e+00 8.1468470045459429e-01 7.3120630825931112e+00 0
0.0000000000000000e+00 8.7010245412427678e-01 7.3120630825931121e+00 0
0.0000000000000000e+00 9.1895826113099277e-01 7.3120630825931112e+00 0
0.0000000000000000e+00 9.6202911334388685e-01 7.3120630825931121e+00 0
0.0000000000000000e+00 1.5188354662445344e-01 7.5932596082544510e+00 0
0.0000000000000000e+00 2.8578275310635204e-01 7.5932596082544510e+00 0
0.0000000000000000e+00 4.0382712259170039e-01 7.5932596082544510e+00 0
0.0000000000000000e+00 5.0789400643150273e-01 7.5932596082544510e+00 0
0.0000000000000000e+00 5.9963846115935926e-01 7.5932596082544510e+00 0
0.0000000000000000e+00 6.8051957014181585e-01 7.5932596082544510e+00 0
0.0000000000000000e+00 7.5182364851512973e-01 7.5932596082544510e+00 0
0.0000000000000000e+00 8.1468470045459429e-01 7.5932596082544510e+00 0
0.0000000000000000e+00 8.7010245412427645e-01 7.5932596082544510e+00 0
0.0000000000000000e+00 9.1895826113099277e-01 7.5932596082544510e+00 0
0.0000000000000000e+00 9.6202911334388685e-01 7.5932596082544510e+00 0
0.0000000000000000e+00 1.5188354662445344e-01 7.8509147991188115e+00 0
0.0000000000000000e+00 2.8578275310635204e-01 7.8509147991188115e+00 0
0.0000000000000000e+00 4.0382712259170039e-01 7.8509147991188124e+00 0
0.0000000000000000e+00 5.0789400643150273e-01 7.8509147991188115e+00 0
0.0000000000000000e+00 5.9963846115935926e-01 7.8509147991188115e+00 0
0.0000000000000000e+00 6.8051957014181563e-01 7.8509147991188133e+00 0
0.0000000000000000e+00 7.5182364851512973e-01 7.8509147991188115e+00 0
0.0000000000000000e+00 8.1468470045459429e-01 7.8509147991188115e+00 0
0.0000000000000000e+00 8.7010245412427689e-01 7.8509147991188124e+00 0
0.0000000000000000e+00 9.1895826113099266e-01 7.8509147991188124e+00 0
0.0000000000000000e+00 9.6202911334388663e-01 7.8509147991188124e+00 0
0.0000000000000000e+00 1.5188354662445344e-01 8.0909554435043436e+00 0
0.0000000000000000e+00 2.8578275310635193e-01 8.0909554435043436e+00 0
0.0000000000000000e+00 4.0382712259170039e-01 8.0909554435043436e+00 0
0.0000000000000000e+00 5.0789400643150273e-01 8.0909554435043436e+00 0
0.0000000000000000e+00 5.9963846115935926e-01 8.0909554435043436e+00 0
0.0000000000000000e+00 6.8051957014181608e-01 8.0909554435043418e+00 0
0.0000000000000000e+00 7.5182364851512973e-01 8.0909554435043436e+00 0
0.0000000000000000e+00 8.1468470045459429e-01 8.0909554435043436e+00 0
0.0000000000000000e+00 8.7010245412427678e-01 8.0909554435043436e+00 0
0.0000000000000000e+00 9.1895826113099277e-01 8.0909554435043436e+00 0
0.0000000000000000e+00 9.6202911334388685e-01 8.0909554435043418e+00 0
0.0000000000000000e+00 1.5188354662445344e-01 8.3170019791245569e+00 0
0.0000000000000000e+00 2.8578275310635215e-01 8.3170019791245569e+00 0
0.0000000000000000e+00 4.0382712259170039e-01 8.3170019791245569e+00 0
0.0000000000000000e+00 5.0789400643150273e-01 8.3170019791245569e+00 0
0.0000000000000000e+00 5.9963846115935904e-01 8.3170019791245586e+00 0
0.0000000000000000e+00 6.8051957014181585e-01 8.3170019791245569e+00 0
0.0000000000000000e+00 7.5182364851512973e-01 8.3170019791245569e+00 0
0.0000000000000000e+00 8.1468470045459451e-01 8.3170019791245569e+00 0
0.0000000000000000e+00 8.7010245412427667e-01 8.3170019791245569e+00 0
0.0000000000000000e+00 9.1895826113099266e-01 8.3170019791245569e+00 0
0.0000000000000000e+00 9.6202911334388685e-01 8.3170019791245569e+00 0
0.0000000000000000e+00 1.5188354662445350e-01 8.5318965018095803e+00 0
0.0000000000000000e+00 2.8578275310635204e-01 8.5318965018095803e+00 0
0.0000000000000000e+00 4.0382712259170039e-01 8.5318965018095803e+00 0
0.0000000000000000e+00 5.0789400643150273e-01 8.5318965018095803e+00 0
0.0000000000000000e+00 5.9963846115935926e-01 8.5318965018095803e+00 0
0.0000000000000000e+00 6.8051957014181585e-01 8.5318965018095803e+00 0
0.0000000000000000e+00 7.5182364851512951e-01 8.5318965018095803e+00 0
0.0000000000000000e+00 8.1468470045459429e-01 8.5318965018095803e+00 0
0.0000000000000000e+00 8.7010245412427667e-01 8.5318965018095803e+00 0
0.0000000000000000e+00 9.1895826113099266e-01 8.5318965018095803e+00 0
0.0000000000000000e+00 9.6202911334388663e-01 8.5318965018095803e+00 0
0.0000000000000000e+00 1.5188354662445350e-01 8.7379901325369964e+00 0
0.0000000000000000e+00 2.8578275310635204e-01 8.7379901325369964e+00 0
0.0000000000000000e+00 4.0382712259170039e-01 8.7379901325369964e+00 0
0.0000000000000000e+00 5.0789400643150273e-01 8.7379901325369964e+00 0
0.0000000000000000e+00 5.9963846115935926e-01 8.7379901325369964e+00 0
0.0000000000000000e+00 6.8051957014181585e-01 8.7379901325369964e+00 0
0.0000000000000000e+00 7.5182364851512973e-01 8.7379901325369964e+00 0
0.0000000000000000e+00 8.1468470045459429e-01 8.7379901325369964e+00 0
0.0000000000000000e+00 8.7010245412427667e-01 8.7379901325369964e+00 0
0.0000000000000000e+00 9.1895826113099266e-01 8.7379901325369964e+00 0
0.0000000000000000e+00 9.6202911334388641e-01 8.7379901325369946e+00 0
0.0000000000000000e+00 1.5188354662445344e-01 8.9361034979614864e+00 0
0.0000000000000000e+00 2.8578275310635193e-01 8.9361034979614864e+00 0
0.0000000000000000e+00 4.0382712259170039e-01 8.9361034979614864e+00 0
0.0000000000000000e+00 5.0789400643150273e-01 8.9361034979614864e+00 0
0.0000000000000000e+00 5.9963846115935948e-01 8.9361034979614864e+00 0
0.0000000000000000e+00 6.8051957014181585e-01 8.9361034979614864e+00 0
0.0000000000000000e+00 7.5182364851512973e-01 8.9361034979614864e+00 0
0.0000000000000000e+00 8.1468470045459451e-01 8.9361034979614864e+00 0
0.0000000000000000e+00 8.7010245412427689e-01 8.9361034979614864e+00 0
0.0000000000000000e+00 9.1895826113099255e-01 8.9361034979614864e+00 0
0.0000000000000000e+00 9.6202911334388663e-01 8.9361034979614864e+00 0
0.0000000000000000e+00 1.5188354662445339e-01 9.1275321410284747e+00 0
0.0000000000000000e+00 2.8578275310635215e-01 9.1275321410284747e+00 0
0.0000000000000000e+00 4.0382712259170028e-01 9.1275321410284747e+00 0
0.0000000000000000e+00 5.0789400643150273e-01 9.1275321410284747e+00 0
0.0000000000000000e+00 5.9963846115935926e-01 9.1275321410284747e+00 0
0.0000000000000000e+00 6.8051957014181585e-01 9.1275321410284747e+00 0
0.0000000000000000e+00 7.5182364851512973e-01 9.1275321410284747e+00 0
0.0000000000000000e+00 8.1468470045459429e-01 9.1275321410284747e+00 0
0.0000000000000000e+00 8.7010245412427667e-01 9.1275321410284747e+00 0
0.0000000000000000e+00 9.1895826113099244e-01 9.1275321410284747e+00 0
0.0000000000000000e+00 9.6202911334388663e-01 9.1275321410284747e+00 0
0.0000000000000000e+00 1.5188354662445344e-01 9.3136983785140970e+00 0
0.0000000000000000e+00 2.8578275310635204e-01 9.3136983785140970e+00 0
0.0000000000000000e+00 4.0382712259170039e-01 9.3136983785140970e+00 0
0.0000000000000000e+00 5.0789400643150273e-01 9.3136983785140970e+00 0
0.0000000000000000e+00 5.9963846115935926e-01 9.3136983785140970e+00 0
0.0000000000000000e+00 6.8051957014181585e-01 9.3136983785140970e+00 0
0.0000000000000000e+00 7.5182364851512973e-01 9.3136983785140970e+00 0
0.0000000000000000e+00 8.1468470045459429e-01 9.3136983785140970e+00 0
0.0000000000000000e+00 8.7010245412427667e-01 9.3136983785140970e+00 0
0.0000000000000000e+00 9.1895826113099244e-01 9.3136983785140970e+00 0
0.0000000000000000e+00 9.6202911334388652e-01 9.3136983785140970e+00 0
0.0000000000000000e+00 1.5188354662445344e-01 9.4943217056532063e+00 0
0.0000000000000000e+00 2.8578275310635204e-01 9.4943217056532099e+00 0
0.0000000000000000e+00 4.0382712259170050e-01 9.4943217056532099e+00 0
0.0000000000000000e+00 5.0789400643150273e-01 9.4943217056532099e+00 0
0.0000000000000000e+00 5.9963846115935926e-01 9.4943217056532099e+00 0
0.0000000000000000e+00 6.8051957014181585e-01 9.4943217056532099e+00 0
0.0000000000000000e+00 7.5182364851512973e-01 9.4943217056532099e+00 0
0.0000000000000000e+00 8.1468470045459429e-01 9.4943217056532099e+00 0
0.0000000000000000e+00 8.7010245412427667e-01 9.4943217056532099e+00 0
0.0000000000000000e+00 9.1895826113099244e-01 9.4943217056532099e+00 0
0.0000000000000000e+00 9.6202911334388663e-01 9.4943217056532099e+00 0
0.0000000000000000e+00 1.5188354662445344e-01 9.6706177516315339e+00 0
0.0000000000000000e+00 2.8578275310635204e-01 9.6706177516315339e+00 0
0.0000000000000000e+00 4.0382712259170039e-01 9.6706177516315339e+00 0
0.0000000000000000e+00 5.0789400643150273e-01 9.6706177516315339e+00 0
0.0000000000000000e+00 5.9963846115935926e-01 9.6706177516315339e+00 0
0.0000000000000000e+00 6.8051957014181585e-01 9.6706177516315339e+00 0
0.0000000000000000e+00 7.5182364851512973e-01 9.6706177516315339e+00 0
0.0000000000000000e+00 8.1468470045459429e-01 9.6706177516315339e+00 0
0.0000000000000000e+00 8.7010245412427667e-01 9.6706177516315357e+00 0
0.0000000000000000e+00 9.1895826113099266e-01 9.6706177516315339e+00 0
0.0000000000000000e+00 9.6202911334388685e-01 9.6706177516315321e+00 0
0.0000000000000000e+00 1.5188354662445344e-01 9.8433504346138196e+00 0
0.0000000000000000e+00 2.8578275310635204e-01 9.8433504346138196e+00 0
0.0000000000000000e+00 4.0382712259170039e-01 9.8433504346138232e+00 0
0.0000000000000000e+00 5.0789400643150273e-01 9.8433504346138232e+00 0
0.0000000000000000e+00 5.9963846115935926e-01 9.8433504346138214e+00 0
0.0000000000000000e+00 6.8051957014181585e-01 9.8433504346138232e+00 0
0.0000000000000000e+00 7.5182364851512995e-01 9.8433504346138232e+00 0
0.0000000000000000e+00 8.1468470045459429e-01 9.8433504346138232e+00 0
0.0000000000000000e+00 8.7010245412427667e-01 9.8433504346138232e+00 0
0.0000000000000000e+00 9.1895826113099266e-01 9.8433504346138232e+00 0
0.0000000000000000e+00 9.6202911334388663e-01 9.8433504346138232e+00 0
1.0000000000000000e+00 1.5188354662445344e-01 9.8433504346138232e+00 0
1.0000000000000000e+00 2.8578275310635204e-01 9.8433504346138232e+00 0
1.0000000000000000e+00 4.0382712259170039e-01 9.8433504346138232e+00 0
1.0000000000000000e+00 5.0789400643150273e-01 9.8433504346138232e+00 0
1.0000000000000000e+00 5.9963846115935915e-01 9.8433504346138214e+00 0
1.0000000000000000e+00 6.8051957014181585e-01 9.8433504346138232e+00 0
1.0000000000000000e+00 7.5182364851512973e-01 9.8433504346138232e+00 0
1.0000000000000000e+00 8.1468470045459429e-01 9.8433504346138232e+00 0
1.0000000000000000e+00 8.7010245412427667e-01 9.8433504346138232e+00 0
1.0000000000000000e+00 9.1895826113099266e-01 9.8433504346138232e+00 0
1.0000000000000000e+00 9.6202911334388663e-01 9.8433504346138232e+00 0
1.0000000000000000e+00 1.5188354662445344e-01 9.6706177516315339e+00 0
1.0000000000000000e+00 2.8578275310635204e-01 9.6706177516315339e+00 0
1.0000000000000000e+00 4.0382712259170039e-01 9.6706177516315339e+00 0
1.0000000000000000e+00 5.0789400643150273e-01 9.6706177516315339e+00 0
1.0000000000000000e+00 5.9963846115935926e-01 9.6706177516315339e+00 0
1.0000000000000000e+00 6.8051957014181585e-01 9.6706177516315339e+00 0
1.0000000000000000e+00 7.5182364851512973e-01 9.6706177516315339e+00 0
1.0000000000000000e+00 8.1468470045459429e-01 9.6706177516315339e+00 0
1.0000000000000000e+00 8.7010245412427667e-01 9.6706177516315357e+00 0
1.0000000000000000e+00 9.1895826113099266e-01 9.6706177516315339e+00 0
1.0000000000000000e+00 9.6202911334388663e-01 9.6706177516315321e+00 0
1.0000000000000000e+00 1.5188354662445344e-01 9.4943217056532099e+00 0
1.0000000000000000e+00 2.8578275310635204e-01 9.4943217056532099e+00 0
1.0000000000000000e+00 4.0382712259170039e-01 9.4943217056532099e+00 0
1.0000000000000000e+00 5.0789400643150273e-01 9.4943217056532099e+00 0
1.0000000000000000e+00 5.9963846115935915e-01 9.4943217056532099e+00 0
1.0000000000000000e+00 6.8051957014181585e-01 9.4943217056532099e+00 0
1.0000000000000000e+00 7.5182364851512973e-01 9.4943217056532099e+00 0
1.0000000000000000e+00 8.1468470045459429e-01 9.4943217056532099e+00 0
1.0000000000000000e+00 8.7010245412427667e-01 9.4943217056532099e+00 0
1.0000000000000000e+00 9.1895826113099266e-01 9.4943217056532099e+00 0
1.0000000000000000e+00 9.6202911334388685e-01 9.4943217056532099e+00 0
1.0000000000000000e+00 1.5188354662445344e-01 9.3136983785140970e+00 0
1.0000000000000000e+00 2.8578275310635204e-01 9.3136983785140970e+00 0
1.0000000000000000e+00 4.0382712259170039e-01 9.3136983785140970e+00 0
1.0000000000000000e+00 5.0789400643150273e-01 9.3136983785140970e+00 0
1.0000000000000000e+00 5.9963846115935926e-01 9.3136983785140970e+00 0
1.0000000000000000e+00 6.8051957014181585e-01 9.3136983785140970e+00 0
1.0000000000000000e+00 7.5182364851512973e-01 9.3136983785140970e+00 0
1.0000000000000000e+00 8.1468470045459429e-01 9.3136983785140970e+00 0
1.0000000000000000e+00 8.7010245412427667e-01 9.3136983785140970e+00 0
1.0000000000000000e+00 9.1895826113099266e-01 9.3136983785140970e+00 0
1.0000000000000000e+00 9.6202911334388674e-01 9.3136983785140970e+00 0
1.0000000000000000e+00 1.5188354662445344e-01 9.1275321410284747e+00 0
1.0000000000000000e+00 2.8578275310635204e-01 9.1275321410284747e+00 0
1.0000000000000000e+00 4.0382712259170039e-01 9.1275321410284747e+00 0
1.0000000000000000e+00 5.0789400643150273e-01 9.1275321410284747e+00 0
1.0000000000000000e+00 5.9963846115935926e-01 9.1275321410284747e+00 0
1.0000000000000000e+00 6.8051957014181585e-01 9.1275321410284747e+00 0
1.0000000000000000e+00 7.5182364851512973e-01 9.1275321410284747e+00 0
1.0000000000000000e+00 8.1468470045459429e-01 9.1275321410284747e+00 0
1.0000000000000000e+00 8.7010245412427678e-01 9.1275321410284747e+00 0
1.0000000000000000e+00 9.1895826113099266e-01 9.1275321410284747e+00 0
1.0000000000000000e+00 9.6202911334388685e-01 9.1275321410284747e+00 0
1.0000000000000000e+00 1.5188354662445344e-01 8.9361034979614864e+00 0
1.0000000000000000e+00 2.8578275310635204e-01 8.9361034979614864e+00 0
1.0000000000000000e+00 4.0382712259170039e-01 8.9361034979614864e+00 0
1.0000000000000000e+00 5.0789400643150273e-01 8.9361034979614864e+00 0
1.0000000000000000e+00 5.9963846115935926e-01 8.9361034979614864e+00 0
1.0000000000000000e+00 6.8051957014181585e-01 8.9361034979614864e+00 0
1.0000000000000000e+00 7.5182364851512973e-01 8.9361034979614864e+00 0
1.0000000000000000e+00 8.1468470045459429e-01 8.9361034979614864e+00 0
1.0000000000000000e+00 8.7010245412427667e-01 8.9361034979614864e+00 0
1.0000000000000000e+00 9.1895826113099288e-01 8.9361034979614864e+00 0
1.0000000000000000e+00 9.6202911334388641e-01 8.9361034979614864e+00 0
1.0000000000000000e+00 1.5188354662445341e-01 8.7379901325369964e+00 0
1.0000000000000000e+00 2.8578275310635204e-01 8.7379901325369964e+00 0
1.0000000000000000e+00 4.0382712259170039e-01 8.7379901325369964e+00 0
1.0000000000000000e+00 5.0789400643150273e-01 8.7379901325369964e+00 0
1.0000000000000000e+00 5.9963846115935915e-01 8.7379901325369964e+00 0
1.0000000000000000e+00 6.8051957014181585e-01 8.7379901325369964e+00 0
1.0000000000000000e+00 7.5182364851512973e-01 8.7379901325369964e+00 0
1.0000000000000000e+00 8.1468470045459429e-01 8.7379901325369964e+00 0
1.0000000000000000e+00 8.7010245412427667e-01 8.7379901325369964e+00 0
1.0000000000000000e+00 9.1895826113099277e-01 8.7379901325369964e+00 0
1.0000000000000000e+00 9.6202911334388663e-01 8.7379901325369946e+00 0
1.0000000000000000e+00 1.5188354662445344e-01 8.5318965018095803e+00 0
1.0000000000000000e+00 2.8578275310635204e-01 8.5318965018095803e+00 0
1.0000000000000000e+00 4.0382712259170034e-01 8.5318965018095803e+00 0
1.0000000000000000e+00 5.0789400643150273e-01 8.5318965018095803e+00 0
1.0000000000000000e+00 5.9963846115935926e-01 8.5318965018095803e+00 0
1.0000000000000000e+00 6.8051957014181585e-01 8.5318965018095803e+00 0
1.0000000000000000e+00 7.5182364851512973e-01 8.5318965018095803e+00 0
1.0000000000000000e+00 8.1468470045459429e-01 8.5318965018095803e+00 0
1.0000000000000000e+00 8.7010245412427678e-01 8.5318965018095803e+00 0
1.0000000000000000e+00 9.1895826113099266e-01 8.5318965018095803e+00 0
1.0000000000000000e+00 9.6202911334388685e-01 8.5318965018095803e+00 0
1.0000000000000000e+00 1.5188354662445341e-01 8.3170019791245569e+00 0
1.0000000000000000e+00 2.8578275310635204e-01 8.3170019791245569e+00 0
1.0000000000000000e+00 4.0382712259170045e-01 8.3170019791245569e+00 0
1.0000000000000000e+00 5.0789400643150273e-01 8.3170019791245569e+00 0
1.0000000000000000e+00 5.9963846115935926e-01 8.3170019791245586e+00 0
1.0000000000000000e+00 6.8051957014181585e-01 8.3170019791245569e+00 0
1.0000000000000000e+00 7.5182364851512973e-01 8.3170019791245569e+00 0
1.0000000000000000e+00 8.1468470045459429e-01 8.3170019791245569e+00 0
1.0000000000000000e+00 8.7010245412427645e-01 8.3170019791245569e+00 0
1.0000000000000000e+00 9.1895826113099244e-01 8.3170019791245569e+00 0
1.0000000000000000e+00 9.6202911334388674e-01 8.3170019791245569e+00 0
1.0000000000000000e+00 1.5188354662445347e-01 8.0909554435043436e+00 0
1.0000000000000000e+00 2.8578275310635204e-01 8.0909554435043436e+00 0
1.0000000000000000e+00 4.0382712259170039e-01 8.0909554435043436e+00 0
1.0000000000000000e+00 5.0789400643150273e-01 8.0909554435043436e+00 0
1.0000000000000000e+00 5.9963846115935926e-01 8.0909554435043436e+00 0
1.0000000000000000e+00 6.8051957014181585e-01 8.0909554435043418e+00 0
1.0000000000000000e+00 7.5182364851512973e-01 8.0909554435043436e+00 0
1.0000000000000000e+00 8.1468470045459429e-01 8.0909554435043436e+00 0
1.0000000000000000e+00 8.7010245412427667e-01 8.0909554435043436e+00 0
1.0000000000000000e+00 9.1895826113099244e-01 8.0909554435043436e+00 0
1.0000000000000000e+00 9.6202911334388652e-01 8.0909554435043418e+00 0
1.0000000000000000e+00 1.5188354662445341e-01 7.8509147991188115e+00 0
1.0000000000000000e+00 2.8578275310635204e-01 7.8509147991188115e+00 0
1.0000000000000000e+00 4.0382712259170039e-01 7.8509147991188124e+00 0
1.0000000000000000e+00 5.0789400643150273e-01 7.8509147991188115e+00 0
1.0000000000000000e+00 5.9963846115935926e-01 7.8509147991188115e+00 0
1.0000000000000000e+00 6.8051957014181597e-01 7.8509147991188133e+00 0
1.0000000000000000e+00 7.5182364851512984e-01 7.8509147991188115e+00 0
1.0000000000000000e+00 8.1468470045459429e-01 7.8509147991188115e+00 0
1.0000000000000000e+00 8.7010245412427678e-01 7.8509147991188124e+00 0
1.0000000000000000e+00 9.1895826113099255e-01 7.8509147991188124e+00 0
1.0000000000000000e+00 9.6202911334388652e-01 7.8509147991188124e+00 0
1.0000000000000000e+00 1.5188354662445344e-01 7.5932596082544510e+00 0
1.0000000000000000e+00 2.8578275310635204e-01 7.5932596082544510e+00 0
1.0000000000000000e+00 4.0382712259170039e-01 7.5932596082544510e+00 0
1.0000000000000000e+00 5.0789400643150273e-01 7.5932596082544510e+00 0
1.0000000000000000e+00 5.9963846115935926e-01 7.5932596082544510e+00 0
1.0000000000000000e+00 6.8051957014181585e-01 7.5932596082544510e+00 0
1.0000000000000000e+00 7.5182364851512973e-01 7.5932596082544510e+00 0
1.0000000000000000e+00 8.1468470045459429e-01 7.5932596082544510e+00 0
1.0000000000000000e+00 8.7010245412427667e-01 7.5932596082544510e+00 0
1.0000000000000000e+00 9.1895826113099244e-01 7.5932596082544510e+00 0
1.0000000000000000e+00 9.6202911334388652e-01 7.5932596082544510e+00 0
1.0000000000000000e+00 1.5188354662445344e-01 7.3120630825931112e+00 0
1.0000000000000000e+00 2.8578275310635204e-01 7.3120630825931112e+00 0
1.0000000000000000e+00 4.0382712259170039e-01 7.3120630825931112e+00 0
1.0000000000000000e+00 5.0789400643150273e-01 7.3120630825931112e+00 0
1.0000000000000000e+00 5.9963846115935926e-01 7.3120630825931112e+00 0
1.0000000000000000e+00 6.8051957014181585e-01 7.3120630825931112e+00 0
1.0000000000000000e+00 7.5182364851512973e-01 7.3120630825931112e+00 0
1.0000000000000000e+00 8.1468470045459429e-01 7.3120630825931112e+00 0
1.0000000000000000e+00 8.7010245412427656e-01 7.3120630825931121e+00 0
1.0000000000000000e+00 9.1895826113099255e-01 7.3120630825931112e+00 0
1.0000000000000000e+00 9.6202911334388663e-01 7.3120630825931121e+00 0
1.0000000000000000e+00 1.5188354662445344e-01 6.9971936141555666e+00 0
1.0000000000000000e+00 2.8578275310635204e-01 6.9971936141555666e+00 0
1.0000000000000000e+00 4.0382712259170039e-01 6.9971936141555666e+00 0
1.0000000000000000e+00 5.0789400643150273e-01 6.9971936141555666e+00 0
1.0000000000000000e+00 5.9963846115935926e-01 6.9971936141555666e+00 0
1.0000000000000000e+00 6.8051957014181585e-01 6.9971936141555666e+00 0
1.0000000000000000e+00 7.5182364851512973e-01 6.9971936141555666e+00 0
1.0000000000000000e+00 8.1468470045459429e-01 6.9971936141555666e+00 0
1.0000000000000000e+00 8.7010245412427656e-01 6.9971936141555666e+00 0
1.0000000000000000e+00 9.1895826113099277e-01 6.9971936141555666e+00 0
1.0000000000000000e+00 9.6202911334388652e-01 6.9971936141555657e+00 0
1.0000000000000000e+00 1.5188354662445344e-01 6.6288899667208989e+00 0
1.0000000000000000e+00 2.8578275310635204e-01 6.6288899667208998e+00 0
1.0000000000000000e+00 4.0382712259170039e-01 6.6288899667208998e+00 0
1.0000000000000000e+00 5.0789400643150273e-01 6.6288899667208998e+00 0
1.0000000000000000e+00 5.9963846115935926e-01 6.6288899667208998e+00 0
1.0000000000000000e+00 6.8051957014181585e-01 6.6288899667208989e+00 0
1.0000000000000000e+00 7.5182364851512973e-01 6.6288899667208989e+00 0
1.0000000000000000e+00 8.1468470045459429e-01 6.6288899667208998e+00 0
1.0000000000000000e+00 8.7010245412427656e-01 6.6288899667208998e+00 0
1.0000000000000000e+00 9.1895826113099288e-01 6.6288899667208998e+00 0
1.0000000000000000e+00 9.6202911334388641e-01 6.6288899667208998e+00 0
1.0000000000000000e+00 1.5188354662445344e-01 6.1574880488907224e+00 0
1.0000000000000000e+00 2.8578275310635204e-01 6.1574880488907215e+00 0
1.0000000000000000e+00 4.0382712259170039e-01 6.1574880488907215e+00 0
1.0000000000000000e+00 5.0789400643150273e-01 6.1574880488907215e+00 0
1.0000000000000000e+00 5.9963846115935926e-01 6.1574880488907215e+00 0
1.0000000000000000e+00 6.8051957014181585e-01 6.1574880488907215e+00 0
1.0000000000000000e+00 7.5182364851512973e-01 6.1574880488907215e+00 0
1.0000000000000000e+00 8.1468470045459429e-01 6.1574880488907215e+00 0
1.0000000000000000e+00 8.7010245412427678e-01 6.1574880488907224e+00 0
1.0000000000000000e+00 9.1895826113099277e-01 6.1574880488907215e+00 0
1.0000000000000000e+00 9.6202911334388641e-01 6.1574880488907215e+00 0
1.0000000000000000e+00 1.5188354662445344e-01 5.2230278619793324e+00 0
1.0000000000000000e+00 2.8578275310635204e-01 5.2230278619793324e+00 0
1.0000000000000000e+00 4.0382712259170039e-01 5.2230278619793324e+00 0
1.0000000000000000e+00 5.0789400643150273e-01 5.2230278619793324e+00 0
1.0000000000000000e+00 5.9963846115935926e-01 5.2230278619793324e+00 0
1.0000000000000000e+00 6.8051957014181585e-01 5.2230278619793324e+00 0
1.0000000000000000e+00 7.5182364851512973e-01 5.2230278619793324e+00 0
1.0000000000000000e+00 8.1468470045459429e-01 5.2230278619793316e+00 0
1.0000000000000000e+00 8.7010245412427667e-01 5.2230278619793324e+00 0
1.0000000000000000e+00 9.1895826113099266e-01 5.2230278619793333e+00 0
1.0000000000000000e+00 9.6202911334388652e-01 5.2230278619793324e+00 0
1.0000000000000000e+00 1.5188354662445344e-01 3.8869084191728023e+00 0
1.0000000000000000e+00 2.8578275310635204e-01 3.8869084191728014e+00 0
1.0000000000000000e+00 4.0382712259170039e-01 3.8869084191728023e+00 0
1.0000000000000000e+00 5.0789400643150273e-01 3.8869084191728018e+00 0
1.0000000000000000e+00 5.9963846115935926e-01 3.8869084191728018e+00 0
1.0000000000000000e+00 6.8051957014181585e-01 3.8869084191728018e+00 0
1.0000000000000000e+00 7.5182364851512973e-01 3.8869084191728018e+00 0
1.0000000000000000e+00 8.1468470045459429e-01 3.8869084191728014e+00 0
1.0000000000000000e+00 8.7010245412427656e-01 3.8869084191728023e+00 0
1.0000000000000000e+00 9.1895826113099255e-01 3.8869084191728018e+00 0
1.0000000000000000e+00 9.6202911334388674e-01 3.8869084191728018e+00 0
1.0000000000000000e+00 1.5188354662445344e-01 3.4033529302329693e+00 0
1.0000000000000000e+00 2.8578275310635204e-01 3.4033529302329697e+00 0
1.0000000000000000e+00 4.0382712259170039e-01 3.4033529302329693e+00 0
1.0000000000000000e+00 5.0789400643150273e-01 3.4033529302329693e+00 0
1.0000000000000000e+00 5.9963846115935926e-01 3.4033529302329693e+00 0
1.0000000000000000e+00 6.8051957014181585e-01 3.4033529302329693e+00 0
1.0000000000000000e+00 7.5182364851512973e-01 3.4033529302329688e+00 0
1.0000000000000000e+00 8.1468470045459429e-01 3.4033529302329693e+00 0
1.0000000000000000e+00 8.7010245412427645e-01 3.4033529302329697e+00 0
1.0000000000000000e+00 9.1895826113099288e-01 3.4033529302329688e+00 0
1.0000000000000000e+00 9.6202911334388652e-01 3.4033529302329693e+00 0
1.0000000000000000e+00 1.5188354662445344e-01 3.0293798393380826e+00 0
1.0000000000000000e+00 2.8578275310635204e-01 3.0293798393380831e+00 0
1.0000000000000000e+00 4.0382712259170039e-01 3.0293798393380831e+00 0
1.0000000000000000e+00 5.0789400643150273e-01 3.0293798393380831e+00 0
1.0000000000000000e+00 5.9963846115935926e-01 3.0293798393380831e+00 0
1.0000000000000000e+00 6.8051957014181585e-01 3.0293798393380826e+00 0
1.0000000000000000e+00 7.5182364851512973e-01 3.0293798393380826e+00 0
1.0000000000000000e+00 8.1468470045459429e-01 3.0293798393380831e+00 0
1.0000000000000000e+00 8.7010245412427656e-01 3.0293798393380826e+00 0
1.0000000000000000e+00 9.1895826113099277e-01 3.0293798393380826e+00 0
1.0000000000000000e+00 9.6202911334388663e-01 3.0293798393380831e+00 0
1.0000000000000000e+00 1.5188354662445344e-01 2.7112999736878649e+00 0
1.0000000000000000e+00 2.8578275310635204e-01 2.7112999736878649e+00 0
1.0000000000000000e+00 4.0382712259170039e-01 2.7112999736878649e+00 0
1.0000000000000000e+00 5.0789400643150273e-01 2.7112999736878645e+00 0
1.0000000000000000e+00 5.9963846115935926e-01 2.7112999736878649e+00 0
1.0000000000000000e+00 6.8051957014181585e-01 2.7112999736878645e+00 0
1.0000000000000000e+00 7.5182364851512995e-01 2.7112999736878645e+00 0
1.0000000000000000e+00 8.1468470045459429e-01 2.7112999736878645e+00 0
1.0000000000000000e+00 8.7010245412427678e-01 2.7112999736878645e+00 0
1.0000000000000000e+00 9.1895826113099266e-01 2.7112999736878645e+00 0
1.0000000000000000e+00 9.6202911334388652e-01 2.7112999736878649e+00 0
1.0000000000000000e+00 1.5188354662445344e-01 2.4279968783781607e+00 0
1.0000000000000000e+00 2.8578275310635204e-01 2.4279968783781611e+00 0
1.0000000000000000e+00 4.0382712259170039e-01 2.4279968783781611e+00 0
1.0000000000000000e+00 5.0789400643150273e-01 2.4279968783781611e+00 0
1.0000000000000000e+00 5.9963846115935926e-01 2.4279968783781611e+00 0
1.0000000000000000e+00 6.8051957014181585e-01 2.4279968783781611e+00 0
1.0000000000000000e+00 7.5182364851512973e-01 2.4279968783781611e+00 0
1.0000000000000000e+00 8.1468470045459429e-01 2.4279968783781616e+00 0
1.0000000000000000e+00 8.7010245412427678e-01 2.4279968783781611e+00 0
1.0000000000000000e+00 9.1895826113099266e-01 2.4279968783781611e+00 0
1.0000000000000000e+00 9.6202911334388674e-01 2.4279968783781611e+00 0
1.0000000000000000e+00 1.5188354662445344e-01 2.1684427028184956e+00 0
1.0000000000000000e+00 2.8578275310635204e-01 2.1684427028184952e+00 0
1.0000000000000000e+00 4.0382712259170039e-01 2.1684427028184952e+00 0
1.0000000000000000e+00 5.0789400643150273e-01 2.1684427028184952e+00 0
1.0000000000000000e+00 5.9963846115935948e-01 2.1684427028184952e+00 0
1.0000000000000000e+00 6.8051957014181585e-01 2.1684427028184956e+00 0
1.0000000000000000e+00 7.5182364851512973e-01 2.1684427028184952e+00 0
1.0000000000000000e+00 8.1468470045459429e-01 2.1684427028184952e+00 0
1.0000000000000000e+00 8.7010245412427667e-01 2.1684427028184952e+00 0
1.0000000000000000e+00 9.1895826113099266e-01 2.1684427028184952e+00 0
1.0000000000000000e+00 9.6202911334388685e-01 2.1684427028184952e+00 0
1.0000000000000000e+00 1.5188354662445344e-01 1.9275096094984729e+00 0
1.0000000000000000e+00 2.8578275310635215e-01 1.9275096094984729e+00 0
1.0000000000000000e+00 4.0382712259170039e-01 1.9275096094984729e+00 0
1.0000000000000000e+00 5.0789400643150273e-01 1.9275096094984729e+00 0
1.0000000000000000e+00 5.9963846115935926e-01 1.9275096094984729e+00 0
1.0000000000000000e+00 6.8051957014181585e-01 1.9275096094984727e+00 0
1.0000000000000000e+00 7.5182364851512973e-01 1.9275096094984729e+00 0
1.0000000000000000e+00 8.1468470045459429e-01 1.9275096094984729e+00 0
1.0000000000000000e+00 8.7010245412427667e-01 1.9275096094984729e+00 0
1.0000000000000000e+00 9.1895826113099266e-01 1.9275096094984732e+00 0
1.0000000000000000e+00 9.6202911334388674e-01 1.9275096094984729e+00 0
1.0000000000000000e+00 1.5188354662445344e-01 1.7003117217547605e+00 0
1.0000000000000000e+00 2.8578275310635204e-01 1.7003117217547603e+00 0
1.0000000000000000e+00 4.0382712259170039e-01 1.7003117217547603e+00 0
1.0000000000000000e+00 5.0789400643150273e-01 1.7003117217547603e+00 0
1.0000000000000000e+00 5.9963846115935926e-01 1.7003117217547603e+00 0
1.0000000000000000e+00 6.8051957014181585e-01 1.7003117217547603e+00 0
1.0000000000000000e+00 7.5182364851512973e-01 1.7003117217547603e+00 0
1.0000000000000000e+00 8.1468470045459429e-01 1.7003117217547610e+00 0
1.0000000000000000e+00 8.7010245412427689e-01 1.7003117217547596e+00 0
1.0000000000000000e+00 9.1895826113099266e-01 1.7003117217547601e+00 0
1.0000000000000000e+00 9.6202911334388663e-01 1.7003117217547603e+00 0
1.0000000000000000e+00 1.5188354662445344e-01 1.4843540250637188e+00 0
1.0000000000000000e+00 2.8578275310635204e-01 1.4843540250637186e+00 0
1.0000000000000000e+00 4.0382712259170050e-01 1.4843540250637186e+00 0
1.0000000000000000e+00 5.0789400643150273e-01 1.4843540250637186e+00 0
1.0000000000000000e+00 5.9963846115935926e-01 1.4843540250637188e+00 0
1.0000000000000000e+00 6.8051957014181585e-01 1.4843540250637184e+00 0
1.0000000000000000e+00 7.5182364851512973e-01 1.4843540250637188e+00 0
1.0000000000000000e+00 8.1468470045459429e-01 1.4843540250637182e+00 0
1.0000000000000000e+00 8.7010245412427667e-01 1.4843540250637186e+00 0
1.0000000000000000e+00 9.1895826113099244e-01 1.4843540250637186e+00 0
1.0000000000000000e+00 9.6202911334388652e-01 1.4843540250637186e+00 0
1.0000000000000000e+00 1.5188354662445350e-01 1.2780705996089119e+00 0
1.0000000000000000e+00 2.8578275310635204e-01 1.2780705996089123e+00 0
1.0000000000000000e+00 4.0382712259170039e-01 1.2780705996089123e+00 0
1.0000000000000000e+00 5.0789400643150273e-01 1.2780705996089123e+00 0
1.0000000000000000e+00 5.9963846115935926e-01 1.2780705996089123e+00 0
1.0000000000000000e+00 6.8051957014181608e-01 1.2780705996089123e+00 0
1.0000000000000000e+00 7.5182364851512973e-01 1.2780705996089123e+00 0
1.0000000000000000e+00 8.1468470045459451e-01 1.2780705996089121e+00 0
1.0000000000000000e+00 8.7010245412427689e-01 1.2780705996089123e+00 0
1.0000000000000000e+00 9.1895826113099266e-01 1.2780705996089123e+00 0
1.0000000000000000e+00 9.6202911334388685e-01 1.2780705996089123e+00 0
1.0000000000000000e+00 1.5188354662445344e-01 1.0796160119849196e+00 0
1.0000000000000000e+00 2.8578275310635193e-01 1.0796160119849196e+00 0
1.0000000000000000e+00 4.0382712259170039e-01 1.0796160119849196e+00 0
1.0000000000000000e+00 5.0789400643150273e-01 1.0796160119849196e+00 0
1.0000000000000000e+00 5.9963846115935926e-01 1.0796160119849196e+00 0
1.0000000000000000e+00 6.8051957014181585e-01 1.0796160119849194e+00 0
1.0000000000000000e+00 7.5182364851512951e-01 1.0796160119849196e+00 0
1.0000000000000000e+00 8.1468470045459451e-01 1.0796160119849196e+00 0
1.0000000000000000e+00 8.7010245412427667e-01 1.0796160119849196e+00 0
1.0000000000000000e+00 9.1895826113099266e-01 1.0796160119849196e+00 0
1.0000000000000000e+00 9.6202911334388663e-01 1.0796160119849199e+00 0
1.0000000000000000e+00 1.5188354662445344e-01 8.8745386042091967e-01 0
1.0000000000000000e+00 2.8578275310635204e-01 8.8745386042091989e-01 0
1.0000000000000000e+00 4.0382712259170039e-01 8.8745386042091967e-01 0
1.0000000000000000e+00 5.0789400643150273e-01 8.8745386042091967e-01 0
1.0000000000000000e+00 5.9963846115935948e-01 8.8745386042091967e-01 0
1.0000000000000000e+00 6.8051957014181608e-01 8.8745386042091967e-01 0
1.0000000000000000e+00 7.5182364851512973e-01 8.8745386042091967e-01 0
1.0000000000000000e+00 8.1468470045459429e-01 8.8745386042091967e-01 0
1.0000000000000000e+00 8.7010245412427667e-01 8.8745386042091967e-01 0
1.0000000000000000e+00 9.1895826113099266e-01 8.8745386042091967e-01 0
1.0000000000000000e+00 9.6202911334388641e-01 8.8745386042091967e-01 0
1.0000000000000000e+00 1.5188354662445344e-01 7.0100862938783259e-01 0
1.0000000000000000e+00 2.8578275310635204e-01 7.0100862938783259e-01 0
1.0000000000000000e+00 4.0382712259170039e-01 7.0100862938783259e-01 0
1.0000000000000000e+00 5.0789400643150273e-01 7.0100862938783259e-01 0
1.0000000000000000e+00 5.9963846115935926e-01 7.0100862938783259e-01 0
1.0000000000000000e+00 6.8051957014181563e-01 7.0100862938783259e-01 0
1.0000000000000000e+00 7.5182364851512973e-01 7.0100862938783259e-01 0
1.0000000000000000e+00 8.1468470045459429e-01 7.0100862938783259e-01 0
1.0000000000000000e+00 8.7010245412427689e-01 7.0100862938783259e-01 0
1.0000000000000000e+00 9.1895826113099266e-01 7.0100862938783259e-01 0
1.0000000000000000e+00 9.6202911334388663e-01 7.0100862938783270e-01 0
1.0000000000000000e+00 1.5188354662445344e-01 5.1960582333407512e-01 0
1.0000000000000000e+00 2.8578275310635204e-01 5.1960582333407501e-01 0
1.0000000000000000e+00 4.0382712259170039e-01 5.1960582333407501e-01 0
1.0000000000000000e+00 5.0789400643150273e-01 5.1960582333407501e-01 0
1.0000000000000000e+00 5.9963846115935926e-01 5.1960582333407501e-01 0
1.0000000000000000e+00 6.8051957014181608e-01 5.1960582333407501e-01 0
1.0000000000000000e+00 7.5182364851512951e-01 5.1960582333407501e-01 0
1.0000000000000000e+00 8.1468470045459407e-01 5.1960582333407501e-01 0
1.0000000000000000e+00 8.7010245412427689e-01 5.1960582333407501e-01 0
1.0000000000000000e+00 9.1895826113099266e-01 5.1960582333407501e-01 0
1.0000000000000000e+00 9.6202911334388663e-01 5.1960582333407501e-01 0
1.0000000000000000e+00 1.5188354662445344e-01 3.4247656352818012e-01 0
1.0000000000000000e+00 2.8578275310635215e-01 3.4247656352818012e-01 0
1.0000000000000000e+00 4.0382712259170028e-01 3.4247656352818012e-01 0
1.0000000000000000e+00 5.0789400643150273e-01 3.4247656352818012e-01 0
1.0000000000000000e+00 5.9963846115935904e-01 3.4247656352818012e-01 0
1.0000000000000000e+00 6.8051957014181585e-01 3.4247656352818012e-01 0
1.0000000000000000e+00 7.5182364851512973e-01 3.4247656352818012e-01 0
1.0000000000000000e+00 8.1468470045459429e-01 3.4247656352818012e-01 0
1.0000000000000000e+00 8.7010245412427667e-01 3.4247656352818012e-01 0
1.0000000000000000e+00 9.1895826113099266e-01 3.4247656352818012e-01 0
1.0000000000000000e+00 9.6202911334388641e-01 3.4247656352818012e-01 0
1.0000000000000000e+00 1.5188354662445344e-01 1.6937255859375000e-01 0
1.0000000000000000e+00 2.8578275310635204e-01 1.6937255859375000e-01 0
1.0000000000000000e+00 4.0382712259170039e-01 1.6937255859375000e-01 0
1.0000000000000000e+00 5.0789400643150273e-01 1.6937255859375000e-01 0
1.0000000000000000e+00 5.9963846115935926e-01 1.6937255859375000e-01 0
1.0000000000000000e+00 6.8051957014181585e-01 1.6937255859375000e-01 0
1.0000000000000000e+00 7.5182364851512973e-01 1.6937255859375000e-01 0
1.0000000000000000e+00 8.1468470045459429e-01 1.6937255859375000e-01 0
1.0000000000000000e+00 8.7010245412427667e-01 1.6937255859375000e-01 0
1.0000000000000000e+00 9.1895826113099244e-01 1.6937255859375000e-01 0
1.0000000000000000e+00 9.6202911334388663e-01 1.6937255859375000e-01 0
1.5188354662445344e-01 0.0000000000000000e+00 1.6937255859375000e-01 0
1.5188354662445344e-01 0.0000000000000000e+00 3.4247656352818012e-01 0
1.5188354662445344e-01 0.0000000000000000e+00 5.1960582333407512e-01 0
1.5188354662445344e-01 0.0000000000000000e+00 7.0100862938783270e-01 0
1.5188354662445344e-01 0.0000000000000000e+00 8.8745386042091956e-01 0
1.5188354662445344e-01 0.0000000000000000e+00 1.0796160119849196e+00 0
1.5188354662445344e-01 0.0000000000000000e+00 1.2780705996089126e+00 0
1.5188354662445344e-01 0.0000000000000000e+00 1.4843540250637186e+00 0
1.5188354662445344e-01 0.0000000000000000e+00 1.7003117217547605e+00 0
1.5188354662445344e-01 0.0000000000000000e+00 1.9275096094984734e+00 0
1.5188354662445344e-01 0.0000000000000000e+00 2.1684427028184956e+00 0
1.5188354662445344e-01 0.0000000000000000e+00 2.4279968783781607e+00 0
1.5188354662445344e-01 0.0000000000000000e+00 2.7112999736878649e+00 0
1.5188354662445344e-01 0.0000000000000000e+00 3.0293798393380826e+00 0
1.5188354662445344e-01 0.0000000000000000e+00 3.4033529302329697e+00 0
1.5188354662445341e-01 0.0000000000000000e+00 3.8869084191728014e+00 0
1.5188354662445344e-01 0.0000000000000000e+00 5.2230278619793324e+00 0
1.5188354662445344e-01 0.0000000000000000e+00 6.1574880488907224e+00 0
1.5188354662445344e-01 0.0000000000000000e+00 6.6288899667208989e+00 0
1.5188354662445344e-01 0.0000000000000000e+00 6.9971936141555666e+00 0
1.5188354662445344e-01 0.0000000000000000e+00 7.3120630825931112e+00 0
1.5188354662445344e-01 0.0000000000000000e+00 7.5932596082544510e+00 0
1.5188354662445344e-01 0.0000000000000000e+00 7.8509147991188115e+00 0
1.5188354662445344e-01 0.0000000000000000e+00 8.0909554435043436e+00 0
1.5188354662445344e-01 0.0000000000000000e+00 8.3170019791245569e+00 0
1.5188354662445344e-01 0.0000000000000000e+00 8.5318965018095803e+00 0
1.5188354662445344e-01 0.0000000000000000e+00 8.7379901325369964e+00 0
1.5188354662445344e-01 0.0000000000000000e+00 8.9361034979614864e+00 0
1.5188354662445344e-01 0.0000000000000000e+00 9.1275321410284747e+00 0
1.5188354662445344e-01 0.0000000000000000e+00 9.3136983785140970e+00 0
1.5188354662445344e-01 0.0000000000000000e+00 9.4943217056532099e+00 0
1.5188354662445344e-01 0.0000000000000000e+00 9.6706177516315339e+00 0
1.5188354662445344e-01 0.0000000000000000e+00 9.8433504346138232e+00 0
2.8578275310635204e-01 0.0000000000000000e+00 1.6937255859375000e-01 0
2.8578275310635215e-01 0.0000000000000000e+00 3.4247656352818012e-01 0
2.8578275310635204e-01 0.0000000000000000e+00 5.1960582333407501e-01 0
2.8578275310635204e-01 0.0000000000000000e+00 7.0100862938783270e-01 0
2.8578275310635215e-01 0.0000000000000000e+00 8.8745386042091967e-01 0
2.8578275310635193e-01 0.0000000000000000e+00 1.0796160119849196e+00 0
2.8578275310635204e-01 0.0000000000000000e+00 1.2780705996089123e+00 0
2.8578275310635204e-01 0.0000000000000000e+00 1.4843540250637186e+00 0
2.8578275310635204e-01 0.0000000000000000e+00 1.7003117217547603e+00 0
2.8578275310635215e-01 0.0000000000000000e+00 1.9275096094984732e+00 0
2.8578275310635204e-01 0.0000000000000000e+00 2.1684427028184960e+00 0
2.8578275310635204e-01 0.0000000000000000e+00 2.4279968783781603e+00 0
2.8578275310635204e-01 0.0000000000000000e+00 2.7112999736878649e+00 0
2.8578275310635204e-01 0.0000000000000000e+00 3.0293798393380831e+00 0
2.8578275310635204e-01 0.0000000000000000e+00 3.4033529302329697e+00 0
2.8578275310635204e-01 0.0000000000000000e+00 3.8869084191728009e+00 0
2.8578275310635204e-01 0.0000000000000000e+00 5.2230278619793324e+00 0
2.8578275310635204e-01 0.0000000000000000e+00 6.1574880488907215e+00 0
2.8578275310635204e-01 0.0000000000000000e+00 6.6288899667208998e+00 0
2.8578275310635204e-01 0.0000000000000000e+00 6.9971936141555666e+00 0
2.8578275310635204e-01 0.0000000000000000e+00 7.3120630825931112e+00 0
2.8578275310635204e-01 0.0000000000000000e+00 7.5932596082544510e+00 0
2.8578275310635204e-01 0.0000000000000000e+00 7.8509147991188115e+00 0
2.8578275310635204e-01 0.0000000000000000e+00 8.0909554435043436e+00 0
2.8578275310635204e-01 0.0000000000000000e+00 8.3170019791245569e+00 0
2.8578275310635204e-01 0.0000000000000000e+00 8.5318965018095803e+00 0
2.8578275310635204e-01 0.0000000000000000e+00 8.7379901325369964e+00 0
2.8578275310635204e-01 0.0000000000000000e+00 8.9361034979614864e+00 0
2.8578275310635204e-01 0.0000000000000000e+00 9.1275321410284747e+00 0
2.8578275310635204e-01 0.0000000000000000e+00 9.3136983785140970e+00 0
2.8578275310635204e-01 0.0000000000000000e+00 9.4943217056532099e+00 0
2.8578275310635204e-01 0.0000000000000000e+00 9.6706177516315339e+00 0
2.8578275310635204e-01 0.0000000000000000e+00 9.8433504346138232e+00 0
4.0382712259170039e-01 0.0000000000000000e+00 1.6937255859375000e-01 0
4.0382712259170028e-01 0.0000000000000000e+00 3.4247656352818012e-01 0
4.0382712259170039e-01 0.0000000000000000e+00 5.1960582333407501e-01 0
4.0382712259170039e-01 0.0000000000000000e+00 7.0100862938783270e-01 0
4.0382712259170050e-01 0.0000000000000000e+00 8.8745386042091967e-01 0
4.0382712259170039e-01 0.0000000000000000e+00 1.0796160119849196e+00 0
4.0382712259170039e-01 0.0000000000000000e+00 1.2780705996089123e+00 0
4.0382712259170039e-01 0.0000000000000000e+00 1.4843540250637188e+00 0
4.0382712259170039e-01 0.0000000000000000e+00 1.7003117217547608e+00 0
4.0382712259170045e-01 0.0000000000000000e+00 1.9275096094984732e+00 0
4.0382712259170039e-01 0.0000000000000000e+00 2.1684427028184956e+00 0
4.0382712259170039e-01 0.0000000000000000e+00 2.4279968783781607e+00 0
4.0382712259170039e-01 0.0000000000000000e+00 2.7112999736878649e+00 0
4.0382712259170039e-01 0.0000000000000000e+00 3.0293798393380831e+00 0
4.0382712259170039e-01 0.0000000000000000e+00 3.4033529302329697e+00 0
4.0382712259170039e-01 0.0000000000000000e+00 3.8869084191728014e+00 0
4.0382712259170039e-01 0.0000000000000000e+00 5.2230278619793324e+00 0
4.0382712259170039e-01 0.0000000000000000e+00 6.1574880488907215e+00 0
4.0382712259170039e-01 0.0000000000000000e+00 6.6288899667208998e+00 0
4.0382712259170039e-01 0.0000000000000000e+00 6.9971936141555666e+00 0
4.0382712259170039e-01 0.0000000000000000e+00 7.3120630825931112e+00 0
4.0382712259170039e-01 0.0000000000000000e+00 7.5932596082544510e+00 0
4.0382712259170039e-01 0.0000000000000000e+00 7.8509147991188124e+00 0
4.0382712259170039e-01 0.0000000000000000e+00 8.0909554435043436e+00 0
4.0382712259170039e-01 0.0000000000000000e+00 8.3170019791245569e+00 0
4.0382712259170039e-01 0.0000000000000000e+00 8.5318965018095803e+00 0
4.0382712259170039e-01 0.0000000000000000e+00 8.7379901325369964e+00 0
4.0382712259170039e-01 0.0000000000000000e+00 8.9361034979614864e+00 0
4.0382712259170039e-01 0.0000000000000000e+00 9.1275321410284747e+00 0
4.0382712259170039e-01 0.0000000000000000e+00 9.3136983785140970e+00 0
4.0382712259170039e-01 0.0000000000000000e+00 9.4943217056532099e+00 0
4.0382712259170039e-01 0.0000000000000000e+00 9.6706177516315339e+00 0
4.0382712259170039e-01 0.0000000000000000e+00 9.8433504346138232e+00 0
5.0789400643150273e-01 0.0000000000000000e+00 1.6937255859375000e-01 0
5.0789400643150273e-01 0.0000000000000000e+00 3.4247656352818012e-01 0
5.0789400643150273e-01 0.0000000000000000e+00 5.1960582333407501e-01 0
5.0789400643150273e-01 0.0000000000000000e+00 7.0100862938783259e-01 0
5.0789400643150273e-01 0.0000000000000000e+00 8.8745386042091956e-01 0
5.0789400643150273e-01 0.0000000000000000e+00 1.0796160119849196e+00 0
5.0789400643150273e-01 0.0000000000000000e+00 1.2780705996089123e+00 0
5.0789400643150273e-01 0.0000000000000000e+00 1.4843540250637186e+00 0
5.0789400643150273e-01 0.0000000000000000e+00 1.7003117217547603e+00 0
5.0789400643150273e-01 0.0000000000000000e+00 1.9275096094984732e+00 0
5.0789400643150273e-01 0.0000000000000000e+00 2.1684427028184956e+00 0
5.0789400643150273e-01 0.0000000000000000e+00 2.4279968783781607e+00 0
5.0789400643150273e-01 0.0000000000000000e+00 2.7112999736878645e+00 0
5.0789400643150273e-01 0.0000000000000000e+00 3.0293798393380831e+00 0
5.0789400643150273e-01 0.0000000000000000e+00 3.4033529302329697e+00 0
5.0789400643150273e-01 0.0000000000000000e+00 3.8869084191728014e+00 0
5.0789400643150273e-01 0.0000000000000000e+00 5.2230278619793324e+00 0
5.0789400643150273e-01 0.0000000000000000e+00 6.1574880488907215e+00 0
5.0789400643150273e-01 0.0000000000000000e+00 6.6288899667208998e+00 0
5.0789400643150273e-01 0.0000000000000000e+00 6.9971936141555666e+00 0
5.0789400643150273e-01 0.0000000000000000e+00 7.3120630825931112e+00 0
5.0789400643150273e-01 0.0000000000000000e+00 7.5932596082544510e+00 0
5.0789400643150273e-01 0.0000000000000000e+00 7.8509147991188115e+00 0
5.0789400643150273e-01 0.0000000000000000e+00 8.0909554435043436e+00 0
5.0789400643150273e-01 0.0000000000000000e+00 8.3170019791245569e+00 0
5.0789400643150273e-01 0.0000000000000000e+00 8.5318965018095803e+00 0
5.0789400643150273e-01 0.0000000000000000e+00 8.7379901325369964e+00 0
5.0789400643150273e-01 0.0000000000000000e+00 8.9361034979614864e+00 0
5.0789400643150273e-01 0.0000000000000000e+00 9.1275321410284747e+00 0
5.0789400643150273e-01 0.0000000000000000e+00 9.3136983785140970e+00 0
5.0789400643150273e-01 0.0000000000000000e+00 9.4943217056532099e+00 0
5.0789400643150273e-01 0.0000000000000000e+00 9.6706177516315339e+00 0
5.0789400643150273e-01 0.0000000000000000e+00 9.8433504346138232e+00 0
5.9963846115935926e-01 0.0000000000000000e+00 1.6937255859375000e-01 0
5.9963846115935904e-01 0.0000000000000000e+00 3.4247656352818012e-01 0
5.9963846115935926e-01 0.0000000000000000e+00 5.1960582333407501e-01 0
5.9963846115935926e-01 0.0000000000000000e+00 7.0100862938783259e-01 0
5.9963846115935937e-01 0.0000000000000000e+00 8.8745386042091967e-01 0
5.9963846115935926e-01 0.0000000000000000e+00 1.0796160119849196e+00 0
5.9963846115935926e-01 0.0000000000000000e+00 1.2780705996089123e+00 0
5.9963846115935926e-01 0.0000000000000000e+00 1.4843540250637186e+00 0
5.9963846115935926e-01 0.0000000000000000e+00 1.7003117217547599e+00 0
5.9963846115935926e-01 0.0000000000000000e+00 1.9275096094984732e+00 0
5.9963846115935926e-01 0.0000000000000000e+00 2.1684427028184956e+00 0
5.9963846115935926e-01 0.0000000000000000e+00 2.4279968783781607e+00 0
5.9963846115935926e-01 0.0000000000000000e+00 2.7112999736878649e+00 0
5.9963846115935926e-01 0.0000000000000000e+00 3.0293798393380831e+00 0
5.9963846115935926e-01 0.0000000000000000e+00 3.4033529302329697e+00 0
5.9963846115935926e-01 0.0000000000000000e+00 3.8869084191728014e+00 0
5.9963846115935926e-01 0.0000000000000000e+00 5.2230278619793324e+00 0
5.9963846115935926e-01 0.0000000000000000e+00 6.1574880488907215e+00 0
5.9963846115935926e-01 0.0000000000000000e+00 6.6288899667208998e+00 0
5.9963846115935926e-01 0.0000000000000000e+00 6.9971936141555666e+00 0
5.9963846115935926e-01 0.0000000000000000e+00 7.3120630825931112e+00 0
5.9963846115935926e-01 0.0000000000000000e+00 7.5932596082544528e+00 0
5.9963846115935926e-01 0.0000000000000000e+00 7.8509147991188115e+00 0
5.9963846115935926e-01 0.0000000000000000e+00 8.0909554435043436e+00 0
5.9963846115935926e-01 0.0000000000000000e+00 8.3170019791245586e+00 0
5.9963846115935926e-01 0.0000000000000000e+00 8.5318965018095803e+00 0
5.9963846115935926e-01 0.0000000000000000e+00 8.7379901325369964e+00 0
5.9963846115935926e-01 0.0000000000000000e+00 8.9361034979614864e+00 0
5.9963846115935926e-01 0.0000000000000000e+00 9.1275321410284747e+00 0
5.9963846115935926e-01 0.0000000000000000e+00 9.3136983785140970e+00 0
5.9963846115935926e-01 0.0000000000000000e+00 9.4943217056532099e+00 0
5.9963846115935926e-01 0.0000000000000000e+00 9.6706177516315339e+00 0
5.9963846115935926e-01 0.0000000000000000e+00 9.8433504346138214e+00 0
6.8051957014181585e-01 0.0000000000000000e+00 1.6937255859375000e-01 0
6.8051957014181585e-01 0.0000000000000000e+00 3.4247656352818012e-01 0
6.8051957014181608e-01 0.0000000000000000e+00 5.1960582333407501e-01 0
6.8051957014181563e-01 0.0000000000000000e+00 7.0100862938783259e-01 0
6.8051957014181608e-01 0.0000000000000000e+00 8.8745386042092000e-01 0
6.8051957014181585e-01 0.0000000000000000e+00 1.0796160119849194e+00 0
6.8051957014181597e-01 0.0000000000000000e+00 1.2780705996089123e+00 0
6.8051957014181585e-01 0.0000000000000000e+00 1.4843540250637182e+00 0
6.8051957014181585e-01 0.0000000000000000e+00 1.7003117217547599e+00 0
6.8051957014181585e-01 0.0000000000000000e+00 1.9275096094984732e+00 0
6.8051957014181585e-01 0.0000000000000000e+00 2.1684427028184956e+00 0
6.8051957014181574e-01 0.0000000000000000e+00 2.4279968783781607e+00 0
6.8051957014181585e-01 0.0000000000000000e+00 2.7112999736878645e+00 0
6.8051957014181585e-01 0.0000000000000000e+00 3.0293798393380817e+00 0
6.8051957014181585e-01 0.0000000000000000e+00 3.4033529302329697e+00 0
6.8051957014181585e-01 0.0000000000000000e+00 3.8869084191728014e+00 0
6.8051957014181585e-01 0.0000000000000000e+00 5.2230278619793324e+00 0
6.8051957014181585e-01 0.0000000000000000e+00 6.1574880488907215e+00 0
6.8051957014181585e-01 0.0000000000000000e+00 6.6288899667208989e+00 0
6.8051957014181585e-01 0.0000000000000000e+00 6.9971936141555666e+00 0
6.8051957014181585e-01 0.0000000000000000e+00 7.3120630825931112e+00 0
6.8051957014181585e-01 0.0000000000000000e+00 7.5932596082544510e+00 0
6.8051957014181585e-01 0.0000000000000000e+00 7.8509147991188133e+00 0
6.8051957014181585e-01 0.0000000000000000e+00 8.0909554435043418e+00 0
6.8051957014181585e-01 0.0000000000000000e+00 8.3170019791245569e+00 0
6.8051957014181585e-01 0.0000000000000000e+00 8.5318965018095803e+00 0
6.8051957014181585e-01 0.0000000000000000e+00 8.7379901325369964e+00 0
6.8051957014181585e-01 0.0000000000000000e+00 8.9361034979614864e+00 0
6.8051957014181585e-01 0.0000000000000000e+00 9.1275321410284747e+00 0
6.8051957014181585e-01 0.0000000000000000e+00 9.3136983785140970e+00 0
6.8051957014181585e-01 0.0000000000000000e+00 9.4943217056532099e+00 0
6.8051957014181585e-01 0.0000000000000000e+00 9.6706177516315339e+00 0
6.8051957014181585e-01 0.0000000000000000e+00 9.8433504346138196e+00 0
7.5182364851512973e-01 0.0000000000000000e+00 1.6937255859375000e-01 0
7.5182364851512973e-01 0.0000000000000000e+00 3.4247656352818001e-01 0
7.5182364851512951e-01 0.0000000000000000e+00 5.1960582333407501e-01 0
7.5182364851512973e-01 0.0000000000000000e+00 7.0100862938783248e-01 0
7.5182364851512973e-01 0.0000000000000000e+00 8.8745386042091978e-01 0
7.5182364851512951e-01 0.0000000000000000e+00 1.0796160119849196e+00 0
7.5182364851512973e-01 0.0000000000000000e+00 1.2780705996089123e+00 0
7.5182364851512962e-01 0.0000000000000000e+00 1.4843540250637188e+00 0
7.5182364851512973e-01 0.0000000000000000e+00 1.7003117217547603e+00 0
7.5182364851512973e-01 0.0000000000000000e+00 1.9275096094984727e+00 0
7.5182364851512973e-01 0.0000000000000000e+00 2.1684427028184956e+00 0
7.5182364851512973e-01 0.0000000000000000e+00 2.4279968783781607e+00 0
7.5182364851512995e-01 0.0000000000000000e+00 2.7112999736878645e+00 0
7.5182364851512973e-01 0.0000000000000000e+00 3.0293798393380826e+00 0
7.5182364851512973e-01 0.0000000000000000e+00 3.4033529302329697e+00 0
7.5182364851512973e-01 0.0000000000000000e+00 3.8869084191728014e+00 0
7.5182364851512973e-01 0.0000000000000000e+00 5.2230278619793324e+00 0
7.5182364851512973e-01 0.0000000000000000e+00 6.1574880488907215e+00 0
7.5182364851512973e-01 0.0000000000000000e+00 6.6288899667208989e+00 0
7.5182364851512973e-01 0.0000000000000000e+00 6.9971936141555666e+00 0
7.5182364851512973e-01 0.0000000000000000e+00 7.3120630825931112e+00 0
7.5182364851512973e-01 0.0000000000000000e+00 7.5932596082544510e+00 0
7.5182364851512973e-01 0.0000000000000000e+00 7.8509147991188115e+00 0
7.5182364851512973e-01 0.0000000000000000e+00 8.0909554435043436e+00 0
7.5182364851512973e-01 0.0000000000000000e+00 8.3170019791245569e+00 0
7.5182364851512973e-01 0.0000000000000000e+00 8.5318965018095803e+00 0
7.5182364851512973e-01 0.0000000000000000e+00 8.7379901325369964e+00 0
7.5182364851512973e-01 0.0000000000000000e+00 8.9361034979614864e+00 0
7.5182364851512973e-01 0.0000000000000000e+00 9.1275321410284747e+00 0
7.5182364851512973e-01 0.0000000000000000e+00 9.3136983785140970e+00 0
7.5182364851512973e-01 0.0000000000000000e+00 9.4943217056532099e+00 0
7.5182364851512973e-01 0.0000000000000000e+00 9.6706177516315339e+00 0
7.5182364851512973e-01 0.0000000000000000e+00 9.8433504346138232e+00 0
8.1468470045459429e-01 0.0000000000000000e+00 1.6937255859375000e-01 0
8.1468470045459429e-01 0.0000000000000000e+00 3.4247656352818012e-01 0
8.1468470045459407e-01 0.0000000000000000e+00 5.1960582333407501e-01 0
8.1468470045459429e-01 0.0000000000000000e+00 7.0100862938783259e-01 0
8.1468470045459451e-01 0.0000000000000000e+00 8.8745386042091989e-01 0
8.1468470045459451e-01 0.0000000000000000e+00 1.0796160119849196e+00 0
8.1468470045459440e-01 0.0000000000000000e+00 1.2780705996089123e+00 0
8.1468470045459418e-01 0.0000000000000000e+00 1.4843540250637188e+00 0
8.1468470045459429e-01 0.0000000000000000e+00 1.7003117217547610e+00 0
8.1468470045459429e-01 0.0000000000000000e+00 1.9275096094984736e+00 0
8.1468470045459429e-01 0.0000000000000000e+00 2.1684427028184956e+00 0
8.1468470045459429e-01 0.0000000000000000e+00 2.4279968783781607e+00 0
8.1468470045459429e-01 0.0000000000000000e+00 2.7112999736878645e+00 0
8.1468470045459429e-01 0.0000000000000000e+00 3.0293798393380831e+00 0
8.1468470045459429e-01 0.0000000000000000e+00 3.4033529302329688e+00 0
8.1468470045459429e-01 0.0000000000000000e+00 3.8869084191728009e+00 0
8.1468470045459429e-01 0.0000000000000000e+00 5.2230278619793316e+00 0
8.1468470045459429e-01 0.0000000000000000e+00 6.1574880488907215e+00 0
8.1468470045459429e-01 0.0000000000000000e+00 6.6288899667208998e+00 0
8.1468470045459429e-01 0.0000000000000000e+00 6.9971936141555666e+00 0
8.1468470045459429e-01 0.0000000000000000e+00 7.3120630825931112e+00 0
8.1468470045459429e-01 0.0000000000000000e+00 7.5932596082544510e+00 0
8.1468470045459429e-01 0.0000000000000000e+00 7.8509147991188133e+00 0
8.1468470045459429e-01 0.0000000000000000e+00 8.0909554435043436e+00 0
8.1468470045459429e-01 0.0000000000000000e+00 8.3170019791245569e+00 0
8.1468470045459429e-01 0.0000000000000000e+00 8.5318965018095803e+00 0
8.1468470045459429e-01 0.0000000000000000e+00 8.7379901325369964e+00 0
8.1468470045459429e-01 0.0000000000000000e+00 8.9361034979614864e+00 0
8.1468470045459429e-01 0.0000000000000000e+00 9.1275321410284747e+00 0
8.1468470045459429e-01 0.0000000000000000e+00 9.3136983785141005e+00 0
8.1468470045459429e-01 0.0000000000000000e+00 9.4943217056532099e+00 0
8.1468470045459429e-01 0.0000000000000000e+00 9.6706177516315375e+00 0
8.1468470045459429e-01 0.0000000000000000e+00 9.8433504346138232e+00 0
8.7010245412427667e-01 0.0000000000000000e+00 1.6937255859375000e-01 0
8.7010245412427667e-01 0.0000000000000000e+00 3.4247656352818012e-01 0
8.7010245412427689e-01 0.0000000000000000e+00 5.1960582333407501e-01 0
8.7010245412427689e-01 0.0000000000000000e+00 7.0100862938783248e-01 0
8.7010245412427656e-01 0.0000000000000000e+00 8.8745386042091956e-01 0
8.7010245412427667e-01 0.0000000000000000e+00 1.0796160119849196e+00 0
8.7010245412427667e-01 0.0000000000000000e+00 1.2780705996089123e+00 0
8.7010245412427645e-01 0.0000000000000000e+00 1.4843540250637191e+00 0
8.7010245412427689e-01 0.0000000000000000e+00 1.7003117217547601e+00 0
8.7010245412427678e-01 0.0000000000000000e+00 1.9275096094984738e+00 0
8.7010245412427678e-01 0.0000000000000000e+00 2.1684427028184956e+00 0
8.7010245412427678e-01 0.0000000000000000e+00 2.4279968783781607e+00 0
8.7010245412427678e-01 0.0000000000000000e+00 2.7112999736878645e+00 0
8.7010245412427656e-01 0.0000000000000000e+00 3.0293798393380826e+00 0
8.7010245412427656e-01 0.0000000000000000e+00 3.4033529302329701e+00 0
8.7010245412427645e-01 0.0000000000000000e+00 3.8869084191728014e+00 0
8.7010245412427667e-01 0.0000000000000000e+00 5.2230278619793324e+00 0
8.7010245412427678e-01 0.0000000000000000e+00 6.1574880488907242e+00 0
8.7010245412427656e-01 0.0000000000000000e+00 6.6288899667209016e+00 0
8.7010245412427656e-01 0.0000000000000000e+00 6.9971936141555666e+00 0
8.7010245412427656e-01 0.0000000000000000e+00 7.3120630825931121e+00 0
8.7010245412427667e-01 0.0000000000000000e+00 7.5932596082544510e+00 0
8.7010245412427667e-01 0.0000000000000000e+00 7.8509147991188124e+00 0
8.7010245412427678e-01 0.0000000000000000e+00 8.0909554435043436e+00 0
8.7010245412427689e-01 0.0000000000000000e+00 8.3170019791245569e+00 0
8.7010245412427667e-01 0.0000000000000000e+00 8.5318965018095803e+00 0
8.7010245412427667e-01 0.0000000000000000e+00 8.7379901325369964e+00 0
8.7010245412427667e-01 0.0000000000000000e+00 8.9361034979614864e+00 0
8.7010245412427667e-01 0.0000000000000000e+00 9.1275321410284747e+00 0
8.7010245412427667e-01 0.0000000000000000e+00 9.3136983785140970e+00 0
8.7010245412427667e-01 0.0000000000000000e+00 9.4943217056532063e+00 0
8.7010245412427667e-01 0.0000000000000000e+00 9.6706177516315357e+00 0
8.7010245412427667e-01 0.0000000000000000e+00 9.8433504346138196e+00 0
9.1895826113099244e-01 0.0000000000000000e+00 1.6937255859375000e-01 0
9.1895826113099266e-01 0.0000000000000000e+00 3.4247656352818012e-01 0
9.1895826113099266e-01 0.0000000000000000e+00 5.1960582333407501e-01 0
9.1895826113099266e-01 0.0000000000000000e+00 7.0100862938783270e-01 0
9.1895826113099255e-01 0.0000000000000000e+00 8.8745386042091989e-01 0
9.1895826113099266e-01 0.0000000000000000e+00 1.0796160119849196e+00 0
9.1895826113099288e-01 0.0000000000000000e+00 1.2780705996089123e+00 0
9.1895826113099277e-01 0.0000000000000000e+00 1.4843540250637184e+00 0
9.1895826113099266e-01 0.0000000000000000e+00 1.7003117217547601e+00 0
9.1895826113099266e-01 0.0000000000000000e+00 1.9275096094984732e+00 0
9.1895826113099277e-01 0.0000000000000000e+00 2.1684427028184956e+00 0
9.1895826113099255e-01 0.0000000000000000e+00 2.4279968783781607e+00 0
9.1895826113099266e-01 0.0000000000000000e+00 2.7112999736878645e+00 0
9.1895826113099277e-01 0.0000000000000000e+00 3.0293798393380817e+00 0
9.1895826113099277e-01 0.0000000000000000e+00 3.4033529302329710e+00 0
9.1895826113099277e-01 0.0000000000000000e+00 3.8869084191728014e+00 0
9.1895826113099266e-01 0.0000000000000000e+00 5.2230278619793351e+00 0
9.1895826113099277e-01 0.0000000000000000e+00 6.1574880488907215e+00 0
9.1895826113099288e-01 0.0000000000000000e+00 6.6288899667209016e+00 0
9.1895826113099277e-01 0.0000000000000000e+00 6.9971936141555666e+00 0
9.1895826113099255e-01 0.0000000000000000e+00 7.3120630825931112e+00 0
9.1895826113099255e-01 0.0000000000000000e+00 7.5932596082544528e+00 0
9.1895826113099244e-01 0.0000000000000000e+00 7.8509147991188142e+00 0
9.1895826113099255e-01 0.0000000000000000e+00 8.0909554435043436e+00 0
9.1895826113099288e-01 0.0000000000000000e+00 8.3170019791245569e+00 0
9.1895826113099266e-01 0.0000000000000000e+00 8.5318965018095803e+00 0
9.1895826113099288e-01 0.0000000000000000e+00 8.7379901325369964e+00 0
9.1895826113099277e-01 0.0000000000000000e+00 8.9361034979614864e+00 0
9.1895826113099266e-01 0.0000000000000000e+00 9.1275321410284747e+00 0
9.1895826113099266e-01 0.0000000000000000e+00 9.3136983785140970e+00 0
9.1895826113099266e-01 0.0000000000000000e+00 9.4943217056532099e+00 0
9.1895826113099266e-01 0.0000000000000000e+00 9.6706177516315375e+00 0
9.1895826113099266e-01 0.0000000000000000e+00 9.8433504346138232e+00 0
9.6202911334388663e-01 0.0000000000000000e+00 1.6937255859374994e-01 0
9.6202911334388641e-01 0.0000000000000000e+00 3.4247656352818012e-01 0
9.6202911334388663e-01 0.0000000000000000e+00 5.1960582333407523e-01 0
9.6202911334388663e-01 0.0000000000000000e+00 7.0100862938783293e-01 0
9.6202911334388663e-01 0.0000000000000000e+00 8.8745386042091978e-01 0
9.6202911334388663e-01 0.0000000000000000e+00 1.0796160119849199e+00 0
9.6202911334388663e-01 0.0000000000000000e+00 1.2780705996089119e+00 0
9.6202911334388685e-01 0.0000000000000000e+00 1.4843540250637193e+00 0
9.6202911334388663e-01 0.0000000000000000e+00 1.7003117217547603e+00 0
9.6202911334388674e-01 0.0000000000000000e+00 1.9275096094984725e+00 0
9.6202911334388674e-01 0.0000000000000000e+00 2.1684427028184969e+00 0
9.6202911334388674e-01 0.0000000000000000e+00 2.4279968783781607e+00 0
9.6202911334388652e-01 0.0000000000000000e+00 2.7112999736878649e+00 0
9.6202911334388663e-01 0.0000000000000000e+00 3.0293798393380831e+00 0
9.6202911334388663e-01 0.0000000000000000e+00 3.4033529302329697e+00 0
9.6202911334388663e-01 0.0000000000000000e+00 3.8869084191728014e+00 0
9.6202911334388652e-01 0.0000000000000000e+00 5.2230278619793324e+00 0
9.6202911334388641e-01 0.0000000000000000e+00 6.1574880488907215e+00 0
9.6202911334388641e-01 0.0000000000000000e+00 6.6288899667208998e+00 0
9.6202911334388652e-01 0.0000000000000000e+00 6.9971936141555675e+00 0
9.6202911334388663e-01 0.0000000000000000e+00 7.3120630825931139e+00 0
9.6202911334388663e-01 0.0000000000000000e+00 7.5932596082544510e+00 0
9.6202911334388641e-01 0.0000000000000000e+00 7.8509147991188124e+00 0
9.6202911334388663e-01 0.0000000000000000e+00 8.0909554435043418e+00 0
9.6202911334388663e-01 0.0000000000000000e+00 8.3170019791245569e+00 0
9.6202911334388641e-01 0.0000000000000000e+00 8.5318965018095803e+00 0
9.6202911334388663e-01 0.0000000000000000e+00 8.7379901325369946e+00 0
9.6202911334388685e-01 0.0000000000000000e+00 8.9361034979614864e+00 0
9.6202911334388685e-01 0.0000000000000000e+00 9.1275321410284782e+00 0
9.6202911334388674e-01 0.0000000000000000e+00 9.3136983785140970e+00 0
9.6202911334388641e-01 0.0000000000000000e+00 9.4943217056532099e+00 0
9.6202911334388663e-01 0.0000000000000000e+00 9.6706177516315321e+00 0
9.6202911334388663e-01 0.0000000000000000e+00 9.8433504346138232e+00 0
9.6202911334388663e-01 1.0000000000000000e+00 1.6937255859375000e-01 0
9.6202911334388663e-01 1.0000000000000000e+00 3.4247656352818012e-01 0
9.6202911334388663e-01 1.0000000000000000e+00 5.1960582333407501e-01 0
9.6202911334388663e-01 1.0000000000000000e+00 7.0100862938783270e-01 0
9.6202911334388663e-01 1.0000000000000000e+00 8.8745386042091978e-01 0
9.6202911334388663e-01 1.0000000000000000e+00 1.0796160119849199e+00 0
9.6202911334388663e-01 1.0000000000000000e+00 1.2780705996089123e+00 0
9.6202911334388663e-01 1.0000000000000000e+00 1.4843540250637188e+00 0
9.6202911334388663e-01 1.0000000000000000e+00 1.7003117217547603e+00 0
9.6202911334388652e-01 1.0000000000000000e+00 1.9275096094984729e+00 0
9.6202911334388652e-01 1.0000000000000000e+00 2.1684427028184960e+00 0
9.6202911334388674e-01 1.0000000000000000e+00 2.4279968783781607e+00 0
9.6202911334388652e-01 1.0000000000000000e+00 2.7112999736878649e+00 0
9.6202911334388663e-01 1.0000000000000000e+00 3.0293798393380831e+00 0
9.6202911334388663e-01 1.0000000000000000e+00 3.4033529302329697e+00 0
9.6202911334388663e-01 1.0000000000000000e+00 3.8869084191728014e+00 0
9.6202911334388652e-01 1.0000000000000000e+00 5.2230278619793324e+00 0
9.6202911334388663e-01 1.0000000000000000e+00 6.1574880488907215e+00 0
9.6202911334388663e-01 1.0000000000000000e+00 6.6288899667208998e+00 0
9.6202911334388674e-01 1.0000000000000000e+00 6.9971936141555657e+00 0
9.6202911334388663e-01 1.0000000000000000e+00 7.3120630825931121e+00 0
9.6202911334388663e-01 1.0000000000000000e+00 7.5932596082544510e+00 0
9.6202911334388663e-01 1.0000000000000000e+00 7.8509147991188124e+00 0
9.6202911334388663e-01 1.0000000000000000e+00 8.0909554435043418e+00 0
9.6202911334388663e-01 1.0000000000000000e+00 8.3170019791245569e+00 0
9.6202911334388663e-01 1.0000000000000000e+00 8.5318965018095803e+00 0
9.6202911334388663e-01 1.0000000000000000e+00 8.7379901325369946e+00 0
9.6202911334388663e-01 1.0000000000000000e+00 8.9361034979614864e+00 0
9.6202911334388663e-01 1.0000000000000000e+00 9.1275321410284747e+00 0
9.6202911334388674e-01 1.0000000000000000e+00 9.3136983785140970e+00 0
9.6202911334388663e-01 1.0000000000000000e+00 9.4943217056532099e+00 0
9.6202911334388663e-01 1.0000000000000000e+00 9.6706177516315321e+00 0
9.6202911334388663e-01 1.0000000000000000e+00 9.8433504346138232e+00 0
9.1895826113099266e-01 1.0000000000000000e+00 1.6937255859375000e-01 0
9.1895826113099266e-01 1.0000000000000000e+00 3.4247656352818012e-01 0
9.1895826113099266e-01 1.0000000000000000e+00 5.1960582333407501e-01 0
9.1895826113099266e-01 1.0000000000000000e+00 7.0100862938783270e-01 0
9.1895826113099277e-01 1.0000000000000000e+00 8.8745386042091967e-01 0
9.1895826113099266e-01 1.0000000000000000e+00 1.0796160119849196e+00 0
9.1895826113099266e-01 1.0000000000000000e+00 1.2780705996089123e+00 0
9.1895826113099255e-01 1.0000000000000000e+00 1.4843540250637184e+00 0
9.1895826113099266e-01 1.0000000000000000e+00 1.7003117217547601e+00 0
9.1895826113099266e-01 1.0000000000000000e+00 1.9275096094984732e+00 0
9.1895826113099255e-01 1.0000000000000000e+00 2.1684427028184956e+00 0
9.1895826113099277e-01 1.0000000000000000e+00 2.4279968783781607e+00 0
9.1895826113099266e-01 1.0000000000000000e+00 2.7112999736878645e+00 0
9.1895826113099255e-01 1.0000000000000000e+00 3.0293798393380826e+00 0
9.1895826113099255e-01 1.0000000000000000e+00 3.4033529302329701e+00 0
9.1895826113099277e-01 1.0000000000000000e+00 3.8869084191728014e+00 0
9.1895826113099266e-01 1.0000000000000000e+00 5.2230278619793333e+00 0
9.1895826113099277e-01 1.0000000000000000e+00 6.1574880488907215e+00 0
9.1895826113099266e-01 1.0000000000000000e+00 6.6288899667208998e+00 0
9.1895826113099255e-01 1.0000000000000000e+00 6.9971936141555666e+00 0
9.1895826113099277e-01 1.0000000000000000e+00 7.3120630825931112e+00 0
9.1895826113099255e-01 1.0000000000000000e+00 7.5932596082544510e+00 0
9.1895826113099266e-01 1.0000000000000000e+00 7.8509147991188124e+00 0
9.1895826113099255e-01 1.0000000000000000e+00 8.0909554435043436e+00 0
9.1895826113099266e-01 1.0000000000000000e+00 8.3170019791245569e+00 0
9.1895826113099266e-01 1.0000000000000000e+00 8.5318965018095803e+00 0
9.1895826113099266e-01 1.0000000000000000e+00 8.7379901325369964e+00 0
9.1895826113099277e-01 1.0000000000000000e+00 8.9361034979614864e+00 0
9.1895826113099266e-01 1.0000000000000000e+00 9.1275321410284747e+00 0
9.1895826113099266e-01 1.0000000000000000e+00 9.3136983785140970e+00 0
9.1895826113099266e-01 1.0000000000000000e+00 9.4943217056532099e+00 0
9.1895826113099266e-01 1.0000000000000000e+00 9.6706177516315339e+00 0
9.1895826113099266e-01 1.0000000000000000e+00 9.8433504346138232e+00 0
8.7010245412427667e-01 1.0000000000000000e+00 1.6937255859375000e-01 0
8.7010245412427667e-01 1.0000000000000000e+00 3.4247656352818012e-01 0
8.7010245412427667e-01 1.0000000000000000e+00 5.1960582333407501e-01 0
8.7010245412427667e-01 1.0000000000000000e+00 7.0100862938783270e-01 0
8.7010245412427678e-01 1.0000000000000000e+00 8.8745386042091978e-01 0
8.7010245412427667e-01 1.0000000000000000e+00 1.0796160119849196e+00 0
8.7010245412427667e-01 1.0000000000000000e+00 1.2780705996089123e+00 0
8.7010245412427667e-01 1.0000000000000000e+00 1.4843540250637186e+00 0
8.7010245412427667e-01 1.0000000000000000e+00 1.7003117217547601e+00 0
8.7010245412427656e-01 1.0000000000000000e+00 1.9275096094984734e+00 0
8.7010245412427656e-01 1.0000000000000000e+00 2.1684427028184956e+00 0
8.7010245412427678e-01 1.0000000000000000e+00 2.4279968783781607e+00 0
8.7010245412427678e-01 1.0000000000000000e+00 2.7112999736878645e+00 0
8.7010245412427678e-01 1.0000000000000000e+00 3.0293798393380826e+00 0
8.7010245412427656e-01 1.0000000000000000e+00 3.4033529302329701e+00 0
8.7010245412427667e-01 1.0000000000000000e+00 3.8869084191728014e+00 0
8.7010245412427667e-01 1.0000000000000000e+00 5.2230278619793324e+00 0
8.7010245412427656e-01 1.0000000000000000e+00 6.1574880488907224e+00 0
8.7010245412427656e-01 1.0000000000000000e+00 6.6288899667208998e+00 0
8.7010245412427656e-01 1.0000000000000000e+00 6.9971936141555666e+00 0
8.7010245412427656e-01 1.0000000000000000e+00 7.3120630825931121e+00 0
8.7010245412427667e-01 1.0000000000000000e+00 7.5932596082544510e+00 0
8.7010245412427667e-01 1.0000000000000000e+00 7.8509147991188124e+00 0
8.7010245412427656e-01 1.0000000000000000e+00 8.0909554435043436e+00 0
8.7010245412427667e-01 1.0000000000000000e+00 8.3170019791245569e+00 0
8.7010245412427667e-01 1.0000000000000000e+00 8.5318965018095803e+00 0
8.7010245412427667e-01 1.0000000000000000e+00 8.7379901325369964e+00 0
8.7010245412427667e-01 1.0000000000000000e+00 8.9361034979614864e+00 0
8.7010245412427667e-01 1.0000000000000000e+00 9.1275321410284747e+00 0
8.7010245412427667e-01 1.0000000000000000e+00 9.3136983785140970e+00 0
8.7010245412427667e-01 1.0000000000000000e+00 9.4943217056532099e+00 0
8.7010245412427667e-01 1.0000000000000000e+00 9.6706177516315357e+00 0
8.7010245412427667e-01 1.0000000000000000e+00 9.8433504346138232e+00 0
8.1468470045459429e-01 1.0000000000000000e+00 1.6937255859375000e-01 0
8.1468470045459429e-01 1.0000000000000000e+00 3.4247656352818012e-01 0
8.1468470045459429e-01 1.0000000000000000e+00 5.1960582333407501e-01 0
8.1468470045459429e-01 1.0000000000000000e+00 7.0100862938783259e-01 0
8.1468470045459429e-01 1.0000000000000000e+00 8.8745386042091989e-01 0
8.1468470045459429e-01 1.0000000000000000e+00 1.0796160119849196e+00 0
8.1468470045459440e-01 1.0000000000000000e+00 1.2780705996089123e+00 0
8.1468470045459440e-01 1.0000000000000000e+00 1.4843540250637188e+00 0
8.1468470045459429e-01 1.0000000000000000e+00 1.7003117217547605e+00 0
8.1468470045459429e-01 1.0000000000000000e+00 1.9275096094984732e+00 0
8.1468470045459429e-01 1.0000000000000000e+00 2.1684427028184956e+00 0
8.1468470045459429e-01 1.0000000000000000e+00 2.4279968783781607e+00 0
8.1468470045459429e-01 1.0000000000000000e+00 2.7112999736878645e+00 0
8.1468470045459429e-01 1.0000000000000000e+00 3.0293798393380831e+00 0
8.1468470045459429e-01 1.0000000000000000e+00 3.4033529302329697e+00 0
8.1468470045459429e-01 1.0000000000000000e+00 3.8869084191728009e+00 0
8.1468470045459429e-01 1.0000000000000000e+00 5.2230278619793316e+00 0
8.1468470045459429e-01 1.0000000000000000e+00 6.1574880488907215e+00 0
8.1468470045459429e-01 1.0000000000000000e+00 6.6288899667208998e+00 0
8.1468470045459429e-01 1.0000000000000000e+00 6.9971936141555666e+00 0
8.1468470045459429e-01 1.0000000000000000e+00 7.3120630825931112e+00 0
8.1468470045459429e-01 1.0000000000000000e+00 7.5932596082544510e+00 0
8.1468470045459429e-01 1.0000000000000000e+00 7.8509147991188115e+00 0
8.1468470045459429e-01 1.0000000000000000e+00 8.0909554435043436e+00 0
8.1468470045459429e-01 1.0000000000000000e+00 8.3170019791245569e+00 0
8.1468470045459429e-01 1.0000000000000000e+00 8.5318965018095803e+00 0
8.1468470045459429e-01 1.0000000000000000e+00 8.7379901325369964e+00 0
8.1468470045459429e-01 1.0000000000000000e+00 8.9361034979614864e+00 0
8.1468470045459429e-01 1.0000000000000000e+00 9.1275321410284747e+00 0
8.1468470045459429e-01 1.0000000000000000e+00 9.3136983785140970e+00 0
8.1468470045459429e-01 1.0000000000000000e+00 9.4943217056532099e+00 0
8.1468470045459429e-01 1.0000000000000000e+00 9.6706177516315339e+00 0
8.1468470045459429e-01 1.0000000000000000e+00 9.8433504346138232e+00 0
7.5182364851512973e-01 1.0000000000000000e+00 1.6937255859375000e-01 0
7.5182364851512973e-01 1.0000000000000000e+00 3.4247656352818012e-01 0
7.5182364851512973e-01 1.0000000000000000e+00 5.1960582333407501e-01 0
7.5182364851512973e-01 1.0000000000000000e+00 7.0100862938783270e-01 0
7.5182364851512973e-01 1.0000000000000000e+00 8.8745386042091956e-01 0
7.5182364851512973e-01 1.0000000000000000e+00 1.0796160119849196e+00 0
7.5182364851512973e-01 1.0000000000000000e+00 1.2780705996089123e+00 0
7.5182364851512984e-01 1.0000000000000000e+00 1.4843540250637188e+00 0
7.5182364851512973e-01 1.0000000000000000e+00 1.7003117217547608e+00 0
7.5182364851512973e-01 1.0000000000000000e+00 1.9275096094984732e+00 0
7.5182364851512973e-01 1.0000000000000000e+00 2.1684427028184956e+00 0
7.5182364851512973e-01 1.0000000000000000e+00 2.4279968783781607e+00 0
7.5182364851512973e-01 1.0000000000000000e+00 2.7112999736878645e+00 0
7.5182364851512973e-01 1.0000000000000000e+00 3.0293798393380826e+00 0
7.5182364851512973e-01 1.0000000000000000e+00 3.4033529302329697e+00 0
7.5182364851512973e-01 1.0000000000000000e+00 3.8869084191728014e+00 0
7.5182364851512973e-01 1.0000000000000000e+00 5.2230278619793324e+00 0
7.5182364851512973e-01 1.0000000000000000e+00 6.1574880488907215e+00 0
7.5182364851512973e-01 1.0000000000000000e+00 6.6288899667208989e+00 0
7.5182364851512973e-01 1.0000000000000000e+00 6.9971936141555666e+00 0
7.5182364851512973e-01 1.0000000000000000e+00 7.3120630825931112e+00 0
7.5182364851512973e-01 1.0000000000000000e+00 7.5932596082544510e+00 0
7.5182364851512973e-01 1.0000000000000000e+00 7.8509147991188115e+00 0
7.5182364851512973e-01 1.0000000000000000e+00 8.0909554435043436e+00 0
7.5182364851512973e-01 1.0000000000000000e+00 8.3170019791245569e+00 0
7.5182364851512973e-01 1.0000000000000000e+00 8.5318965018095803e+00 0
7.5182364851512973e-01 1.0000000000000000e+00 8.7379901325369964e+00 0
7.5182364851512973e-01 1.0000000000000000e+00 8.9361034979614864e+00 0
7.5182364851512973e-01 1.0000000000000000e+00 9.1275321410284747e+00 0
7.5182364851512973e-01 1.0000000000000000e+00 9.3136983785140970e+00 0
7.5182364851512973e-01 1.0000000000000000e+00 9.4943217056532099e+00 0
7.5182364851512973e-01 1.0000000000000000e+00 9.6706177516315339e+00 0
7.5182364851512973e-01 1.0000000000000000e+00 9.8433504346138232e+00 0
6.8051957014181585e-01 1.0000000000000000e+00 1.6937255859375000e-01 0
6.8051957014181585e-01 1.0000000000000000e+00 3.4247656352818012e-01 0
6.8051957014181585e-01 1.0000000000000000e+00 5.1960582333407501e-01 0
6.8051957014181585e-01 1.0000000000000000e+00 7.0100862938783259e-01 0
6.8051957014181585e-01 1.0000000000000000e+00 8.8745386042091978e-01 0
6.8051957014181585e-01 1.0000000000000000e+00 1.0796160119849194e+00 0
6.8051957014181597e-01 1.0000000000000000e+00 1.2780705996089123e+00 0
6.8051957014181585e-01 1.0000000000000000e+00 1.4843540250637186e+00 0
6.8051957014181585e-01 1.0000000000000000e+00 1.7003117217547603e+00 0
6.8051957014181585e-01 1.0000000000000000e+00 1.9275096094984732e+00 0
6.8051957014181585e-01 1.0000000000000000e+00 2.1684427028184956e+00 0
6.8051957014181574e-01 1.0000000000000000e+00 2.4279968783781607e+00 0
6.8051957014181585e-01 1.0000000000000000e+00 2.7112999736878645e+00 0
6.8051957014181585e-01 1.0000000000000000e+00 3.0293798393380826e+00 0
6.8051957014181585e-01 1.0000000000000000e+00 3.4033529302329697e+00 0
6.8051957014181585e-01 1.0000000000000000e+00 3.8869084191728014e+00 0
6.8051957014181585e-01 1.0000000000000000e+00 5.2230278619793324e+00 0
6.8051957014181585e-01 1.0000000000000000e+00 6.1574880488907215e+00 0
6.8051957014181585e-01 1.0000000000000000e+00 6.6288899667208989e+00 0
6.8051957014181585e-01 1.0000000000000000e+00 6.9971936141555666e+00 0
6.8051957014181585e-01 1.0000000000000000e+00 7.3120630825931112e+00 0
6.8051957014181585e-01 1.0000000000000000e+00 7.5932596082544510e+00 0
6.8051957014181585e-01 1.0000000000000000e+00 7.8509147991188133e+00 0
6.8051957014181585e-01 1.0000000000000000e+00 8.0909554435043418e+00 0
6.8051957014181585e-01 1.0000000000000000e+00 8.3170019791245569e+00 0
6.8051957014181585e-01 1.0000000000000000e+00 8.5318965018095803e+00 0
6.8051957014181585e-01 1.0000000000000000e+00 8.7379901325369964e+00 0
6.8051957014181585e-01 1.0000000000000000e+00 8.9361034979614864e+00 0
6.8051957014181585e-01 1.0000000000000000e+00 9.1275321410284747e+00 0
6.8051957014181585e-01 1.0000000000000000e+00 9.3136983785140970e+00 0
6.8051957014181585e-01 1.0000000000000000e+00 9.4943217056532099e+00 0
6.8051957014181585e-01 1.0000000000000000e+00 9.6706177516315339e+00 0
6.8051957014181585e-01 1.0000000000000000e+00 9.8433504346138232e+00 0
5.9963846115935926e-01 1.0000000000000000e+00 1.6937255859375000e-01 0
5.9963846115935926e-01 1.0000000000000000e+00 3.4247656352818012e-01 0
5.9963846115935926e-01 1.0000000000000000e+00 5.1960582333407501e-01 0
5.9963846115935926e-01 1.0000000000000000e+00 7.0100862938783259e-01 0
5.9963846115935915e-01 1.0000000000000000e+00 8.8745386042091945e-01 0
5.9963846115935926e-01 1.0000000000000000e+00 1.0796160119849196e+00 0
5.9963846115935926e-01 1.0000000000000000e+00 1.2780705996089123e+00 0
5.9963846115935926e-01 1.0000000000000000e+00 1.4843540250637191e+00 0
5.9963846115935926e-01 1.0000000000000000e+00 1.7003117217547603e+00 0
5.9963846115935926e-01 1.0000000000000000e+00 1.9275096094984732e+00 0
5.9963846115935926e-01 1.0000000000000000e+00 2.1684427028184956e+00 0
5.9963846115935926e-01 1.0000000000000000e+00 2.4279968783781607e+00 0
5.9963846115935926e-01 1.0000000000000000e+00 2.7112999736878649e+00 0
5.9963846115935926e-01 1.0000000000000000e+00 3.0293798393380831e+00 0
5.9963846115935926e-01 1.0000000000000000e+00 3.4033529302329697e+00 0
5.9963846115935926e-01 1.0000000000000000e+00 3.8869084191728014e+00 0
5.9963846115935926e-01 1.0000000000000000e+00 5.2230278619793324e+00 0
5.9963846115935926e-01 1.0000000000000000e+00 6.1574880488907215e+00 0
5.9963846115935926e-01 1.0000000000000000e+00 6.6288899667208998e+00 0
5.9963846115935926e-01 1.0000000000000000e+00 6.9971936141555666e+00 0
5.9963846115935926e-01 1.0000000000000000e+00 7.3120630825931112e+00 0
5.9963846115935926e-01 1.0000000000000000e+00 7.5932596082544510e+00 0
5.9963846115935926e-01 1.0000000000000000e+00 7.8509147991188115e+00 0
5.9963846115935926e-01 1.0000000000000000e+00 8.0909554435043436e+00 0
5.9963846115935926e-01 1.0000000000000000e+00 8.3170019791245586e+00 0
5.9963846115935926e-01 1.0000000000000000e+00 8.5318965018095803e+00 0
5.9963846115935926e-01 1.0000000000000000e+00 8.7379901325369964e+00 0
5.9963846115935926e-01 1.0000000000000000e+00 8.9361034979614864e+00 0
5.9963846115935926e-01 1.0000000000000000e+00 9.1275321410284747e+00 0
5.9963846115935926e-01 1.0000000000000000e+00 9.3136983785140970e+00 0
5.9963846115935926e-01 1.0000000000000000e+00 9.4943217056532099e+00 0
5.9963846115935926e-01 1.0000000000000000e+00 9.6706177516315339e+00 0
5.9963846115935926e-01 1.0000000000000000e+00 9.8433504346138214e+00 0
5.0789400643150273e-01 1.0000000000000000e+00 1.6937255859375000e-01 0
5.0789400643150273e-01 1.0000000000000000e+00 3.4247656352818012e-01 0
5.0789400643150273e-01 1.0000000000000000e+00 5.1960582333407501e-01 0
5.0789400643150273e-01 1.0000000000000000e+00 7.0100862938783259e-01 0
5.0789400643150273e-01 1.0000000000000000e+00 8.8745386042091978e-01 0
5.0789400643150273e-01 1.0000000000000000e+00 1.0796160119849196e+00 0
5.0789400643150273e-01 1.0000000000000000e+00 1.2780705996089123e+00 0
5.0789400643150273e-01 1.0000000000000000e+00 1.4843540250637182e+00 0
5.0789400643150273e-01 1.0000000000000000e+00 1.7003117217547603e+00 0
5.0789400643150273e-01 1.0000000000000000e+00 1.9275096094984732e+00 0
5.0789400643150273e-01 1.0000000000000000e+00 2.1684427028184956e+00 0
5.0789400643150273e-01 1.0000000000000000e+00 2.4279968783781607e+00 0
5.0789400643150273e-01 1.0000000000000000e+00 2.7112999736878645e+00 0
5.0789400643150273e-01 1.0000000000000000e+00 3.0293798393380831e+00 0
5.0789400643150273e-01 1.0000000000000000e+00 3.4033529302329697e+00 0
5.0789400643150273e-01 1.0000000000000000e+00 3.8869084191728014e+00 0
5.0789400643150273e-01 1.0000000000000000e+00 5.2230278619793324e+00 0
5.0789400643150273e-01 1.0000000000000000e+00 6.1574880488907215e+00 0
5.0789400643150273e-01 1.0000000000000000e+00 6.6288899667208998e+00 0
5.0789400643150273e-01 1.0000000000000000e+00 6.9971936141555666e+00 0
5.0789400643150273e-01 1.0000000000000000e+00 7.3120630825931112e+00 0
5.0789400643150273e-01 1.0000000000000000e+00 7.5932596082544510e+00 0
5.0789400643150273e-01 1.0000000000000000e+00 7.8509147991188115e+00 0
5.0789400643150273e-01 1.0000000000000000e+00 8.0909554435043436e+00 0
5.0789400643150273e-01 1.0000000000000000e+00 8.3170019791245569e+00 0
5.0789400643150273e-01 1.0000000000000000e+00 8.5318965018095803e+00 0
5.0789400643150273e-01 1.0000000000000000e+00 8.7379901325369964e+00 0
5.0789400643150273e-01 1.0000000000000000e+00 8.9361034979614864e+00 0
5.0789400643150273e-01 1.0000000000000000e+00 9.1275321410284747e+00 0
5.0789400643150273e-01 1.0000000000000000e+00 9.3136983785140970e+00 0
5.0789400643150273e-01 1.0000000000000000e+00 9.4943217056532099e+00 0
5.0789400643150273e-01 1.0000000000000000e+00 9.6706177516315339e+00 0
5.0789400643150273e-01 1.0000000000000000e+00 9.8433504346138232e+00 0
4.0382712259170039e-01 1.0000000000000000e+00 1.6937255859375000e-01 0
4.0382712259170039e-01 1.0000000000000000e+00 3.4247656352818012e-01 0
4.0382712259170039e-01 1.0000000000000000e+00 5.1960582333407501e-01 0
4.0382712259170039e-01 1.0000000000000000e+00 7.0100862938783270e-01 0
4.0382712259170039e-01 1.0000000000000000e+00 8.8745386042091989e-01 0
4.0382712259170039e-01 1.0000000000000000e+00 1.0796160119849196e+00 0
4.0382712259170039e-01 1.0000000000000000e+00 1.2780705996089123e+00 0
4.0382712259170039e-01 1.0000000000000000e+00 1.4843540250637184e+00 0
4.0382712259170039e-01 1.0000000000000000e+00 1.7003117217547603e+00 0
4.0382712259170045e-01 1.0000000000000000e+00 1.9275096094984732e+00 0
4.0382712259170039e-01 1.0000000000000000e+00 2.1684427028184956e+00 0
4.0382712259170039e-01 1.0000000000000000e+00 2.4279968783781607e+00 0
4.0382712259170039e-01 1.0000000000000000e+00 2.7112999736878649e+00 0
4.0382712259170039e-01 1.0000000000000000e+00 3.0293798393380831e+00 0
4.0382712259170039e-01 1.0000000000000000e+00 3.4033529302329697e+00 0
4.0382712259170039e-01 1.0000000000000000e+00 3.8869084191728014e+00 0
4.0382712259170039e-01 1.0000000000000000e+00 5.2230278619793324e+00 0
4.0382712259170039e-01 1.0000000000000000e+00 6.1574880488907215e+00 0
4.0382712259170039e-01 1.0000000000000000e+00 6.6288899667208998e+00 0
4.0382712259170039e-01 1.0000000000000000e+00 6.9971936141555666e+00 0
4.0382712259170039e-01 1.0000000000000000e+00 7.3120630825931112e+00 0
4.0382712259170039e-01 1.0000000000000000e+00 7.5932596082544510e+00 0
4.0382712259170039e-01 1.0000000000000000e+00 7.8509147991188124e+00 0
4.0382712259170039e-01 1.0000000000000000e+00 8.0909554435043436e+00 0
4.0382712259170039e-01 1.0000000000000000e+00 8.3170019791245569e+00 0
4.0382712259170039e-01 1.0000000000000000e+00 8.5318965018095803e+00 0
4.0382712259170039e-01 1.0000000000000000e+00 8.7379901325369964e+00 0
4.0382712259170039e-01 1.0000000000000000e+00 8.9361034979614864e+00 0
4.0382712259170039e-01 1.0000000000000000e+00 9.1275321410284747e+00 0
4.0382712259170039e-01 1.0000000000000000e+00 9.3136983785140970e+00 0
4.0382712259170039e-01 1.0000000000000000e+00 9.4943217056532099e+00 0
4.0382712259170039e-01 1.0000000000000000e+00 9.6706177516315339e+00 0
4.0382712259170039e-01 1.0000000000000000e+00 9.8433504346138232e+00 0
2.8578275310635204e-01 1.0000000000000000e+00 1.6937255859375000e-01 0
2.8578275310635204e-01 1.0000000000000000e+00 3.4247656352818012e-01 0
2.8578275310635204e-01 1.0000000000000000e+00 5.1960582333407501e-01 0
2.8578275310635204e-01 1.0000000000000000e+00 7.0100862938783293e-01 0
2.8578275310635204e-01 1.0000000000000000e+00 8.8745386042091967e-01 0
2.8578275310635204e-01 1.0000000000000000e+00 1.0796160119849196e+00 0
2.8578275310635204e-01 1.0000000000000000e+00 1.2780705996089123e+00 0
2.8578275310635204e-01 1.0000000000000000e+00 1.4843540250637191e+00 0
2.8578275310635204e-01 1.0000000000000000e+00 1.7003117217547599e+00 0
2.8578275310635204e-01 1.0000000000000000e+00 1.9275096094984732e+00 0
2.8578275310635204e-01 1.0000000000000000e+00 2.1684427028184960e+00 0
2.8578275310635204e-01 1.0000000000000000e+00 2.4279968783781603e+00 0
2.8578275310635204e-01 1.0000000000000000e+00 2.7112999736878649e+00 0
2.8578275310635204e-01 1.0000000000000000e+00 3.0293798393380831e+00 0
2.8578275310635204e-01 1.0000000000000000e+00 3.4033529302329697e+00 0
2.8578275310635204e-01 1.0000000000000000e+00 3.8869084191728009e+00 0
2.8578275310635204e-01 1.0000000000000000e+00 5.2230278619793324e+00 0
2.8578275310635204e-01 1.0000000000000000e+00 6.1574880488907233e+00 0
2.8578275310635204e-01 1.0000000000000000e+00 6.6288899667208998e+00 0
2.8578275310635204e-01 1.0000000000000000e+00 6.9971936141555666e+00 0
2.8578275310635204e-01 1.0000000000000000e+00 7.3120630825931112e+00 0
2.8578275310635204e-01 1.0000000000000000e+00 7.5932596082544510e+00 0
2.8578275310635204e-01 1.0000000000000000e+00 7.8509147991188115e+00 0
2.8578275310635204e-01 1.0000000000000000e+00 8.0909554435043436e+00 0
2.8578275310635204e-01 1.0000000000000000e+00 8.3170019791245569e+00 0
2.8578275310635204e-01 1.0000000000000000e+00 8.5318965018095803e+00 0
2.8578275310635204e-01 1.0000000000000000e+00 8.7379901325369964e+00 0
2.8578275310635204e-01 1.0000000000000000e+00 8.9361034979614864e+00 0
2.8578275310635204e-01 1.0000000000000000e+00 9.1275321410284747e+00 0
2.8578275310635204e-01 1.0000000000000000e+00 9.3136983785140970e+00 0
2.8578275310635204e-01 1.0000000000000000e+00 9.4943217056532099e+00 0
2.8578275310635204e-01 1.0000000000000000e+00 9.6706177516315339e+00 0
2.8578275310635204e-01 1.0000000000000000e+00 9.8433504346138196e+00 0
1.5188354662445347e-01 1.0000000000000000e+00 1.6937255859374994e-01 0
1.5188354662445347e-01 1.0000000000000000e+00 3.4247656352818012e-01 0
1.5188354662445347e-01 1.0000000000000000e+00 5.1960582333407501e-01 0
1.5188354662445347e-01 1.0000000000000000e+00 7.0100862938783270e-01 0
1.5188354662445347e-01 1.0000000000000000e+00 8.8745386042091978e-01 0
1.5188354662445347e-01 1.0000000000000000e+00 1.0796160119849196e+00 0
1.5188354662445347e-01 1.0000000000000000e+00 1.2780705996089119e+00 0
1.5188354662445350e-01 1.0000000000000000e+00 1.4843540250637182e+00 0
1.5188354662445347e-01 1.0000000000000000e+00 1.7003117217547610e+00 0
1.5188354662445347e-01 1.0000000000000000e+00 1.9275096094984732e+00 0
1.5188354662445347e-01 1.0000000000000000e+00 2.1684427028184956e+00 0
1.5188354662445347e-01 1.0000000000000000e+00 2.4279968783781603e+00 0
1.5188354662445347e-01 1.0000000000000000e+00 2.7112999736878645e+00 0
1.5188354662445347e-01 1.0000000000000000e+00 3.0293798393380826e+00 0
1.5188354662445347e-01 1.0000000000000000e+00 3.4033529302329697e+00 0
1.5188354662445347e-01 1.0000000000000000e+00 3.8869084191728014e+00 0
1.5188354662445347e-01 1.0000000000000000e+00 5.2230278619793298e+00 0
1.5188354662445347e-01 1.0000000000000000e+00 6.1574880488907224e+00 0
1.5188354662445347e-01 1.0000000000000000e+00 6.6288899667208989e+00 0
1.5188354662445347e-01 1.0000000000000000e+00 6.9971936141555684e+00 0
1.5188354662445347e-01 1.0000000000000000e+00 7.3120630825931112e+00 0
1.5188354662445347e-01 1.0000000000000000e+00 7.5932596082544501e+00 0
1.5188354662445347e-01 1.0000000000000000e+00 7.8509147991188115e+00 0
1.5188354662445347e-01 1.0000000000000000e+00 8.0909554435043436e+00 0
1.5188354662445347e-01 1.0000000000000000e+00 8.3170019791245569e+00 0
1.5188354662445347e-01 1.0000000000000000e+00 8.5318965018095803e+00 0
1.5188354662445347e-01 1.0000000000000000e+00 8.7379901325369964e+00 0
1.5188354662445347e-01 1.0000000000000000e+00 8.9361034979614864e+00 0
1.5188354662445347e-01 1.0000000000000000e+00 9.1275321410284747e+00 0
1.5188354662445347e-01 1.0000000000000000e+00 9.3136983785140970e+00 0
1.5188354662445347e-01 1.0000000000000000e+00 9.4943217056532063e+00 0
1.5188354662445347e-01 1.0000000000000000e+00 9.6706177516315339e+00 0
1.5188354662445347e-01 1.0000000000000000e+00 9.8433504346138232e+00 0
1.5188354662445341e-01 1.5188354662445336e-01 9.8433504346138250e+00 0
2.8578275310635215e-01 1.5188354662445341e-01 9.8433504346138179e+00 0
4.0382712259170050e-01 1.5188354662445341e-01 9.8433504346138179e+00 0
5.0789400643150273e-01 1.5188354662445347e-01 9.8433504346138179e+00 0
5.9963846115935882e-01 1.5188354662445341e-01 9.8433504346138179e+00 0
6.8051957014181585e-01 1.5188354662445347e-01 9.8433504346138179e+00 0
7.5182364851512951e-01 1.5188354662445352e-01 9.8433504346138179e+00 0
8.1468470045459407e-01 1.5188354662445347e-01 9.8433504346138179e+00 0
8.7010245412427656e-01 1.5188354662445347e-01 9.8433504346138179e+00 0
9.1895826113099233e-01 1.5188354662445347e-01 9.8433504346138250e+00 0
9.6202911334388652e-01 1.5188354662445347e-01 9.8433504346138250e+00 0
1.5188354662445341e-01 2.8578275310635215e-01 9.8433504346138250e+00 0
2.8578275310635204e-01 2.8578275310635204e-01 9.8433504346138250e+00 0
4.0382712259170050e-01 2.8578275310635215e-01 9.8433504346138179e+00 0
5.0789400643150273e-01 2.8578275310635204e-01 9.8433504346138214e+00 0
5.9963846115935882e-01 2.8578275310635204e-01 9.8433504346138214e+00 0
6.8051957014181630e-01 2.8578275310635204e-01 9.8433504346138214e+00 0
7.5182364851512951e-01 2.8578275310635204e-01 9.8433504346138214e+00 0
8.1468470045459407e-01 2.8578275310635193e-01 9.8433504346138214e+00 0
8.7010245412427656e-01 2.8578275310635204e-01 9.8433504346138250e+00 0
9.1895826113099277e-01 2.8578275310635182e-01 9.8433504346138179e+00 0
9.6202911334388652e-01 2.8578275310635182e-01 9.8433504346138250e+00 0
1.5188354662445347e-01 4.0382712259170050e-01 9.8433504346138214e+00 0
2.8578275310635182e-01 4.0382712259170050e-01 9.8433504346138179e+00 0
4.0382712259170050e-01 4.0382712259170050e-01 9.8433504346138214e+00 0
5.0789400643150273e-01 4.0382712259170028e-01 9.8433504346138214e+00 0
5.9963846115935926e-01 4.0382712259170050e-01 9.8433504346138179e+00 0
6.8051957014181585e-01 4.0382712259170050e-01 9.8433504346138179e+00 0
7.5182364851512951e-01 4.0382712259170050e-01 9.8433504346138214e+00 0
8.1468470045459407e-01 4.0382712259170050e-01 9.8433504346138250e+00 0
8.7010245412427656e-01 4.0382712259170050e-01 9.8433504346138179e+00 0
9.1895826113099277e-01 4.0382712259170050e-01 9.8433504346138250e+00 0
9.6202911334388652e-01 4.0382712259170050e-01 9.8433504346138250e+00 0
1.5188354662445347e-01 5.0789400643150273e-01 9.8433504346138214e+00 0
2.8578275310635182e-01 5.0789400643150251e-01 9.8433504346138250e+00 0
4.0382712259170050e-01 5.0789400643150273e-01 9.8433504346138250e+00 0
5.0789400643150273e-01 5.0789400643150273e-01 9.8433504346138214e+00 0
5.9963846115935926e-01 5.0789400643150273e-01 9.8433504346138214e+00 0
6.8051957014181585e-01 5.0789400643150273e-01 9.8433504346138250e+00 0
7.5182364851512951e-01 5.0789400643150273e-01 9.8433504346138214e+00 0
8.1468470045459407e-01 5.0789400643150273e-01 9.8433504346138250e+00 0
8.7010245412427700e-01 5.0789400643150273e-01 9.8433504346138250e+00 0
9.1895826113099277e-01 5.0789400643150273e-01 9.8433504346138250e+00 0
9.6202911334388652e-01 5.0789400643150273e-01 9.8433504346138214e+00 0
1.5188354662445347e-01 5.9963846115935926e-01 9.8433504346138250e+00 0
2.8578275310635204e-01 5.9963846115935904e-01 9.8433504346138250e+00 0
4.0382712259170050e-01 5.9963846115935904e-01 9.8433504346138179e+00 0
5.0789400643150273e-01 5.9963846115935926e-01 9.8433504346138214e+00 0
5.9963846115935882e-01 5.9963846115935948e-01 9.8433504346138179e+00 0
6.8051957014181585e-01 5.9963846115935882e-01 9.8433504346138250e+00 0
7.5182364851512951e-01 5.9963846115935904e-01 9.8433504346138179e+00 0
8.1468470045459407e-01 5.9963846115935904e-01 9.8433504346138179e+00 0
8.7010245412427656e-01 5.9963846115935904e-01 9.8433504346138179e+00 0
9.1895826113099233e-01 5.9963846115935882e-01 9.8433504346138179e+00 0
9.6202911334388652e-01 5.9963846115935926e-01 9.8433504346138179e+00 0
1.5188354662445347e-01 6.8051957014181585e-01 9.8433504346138214e+00 0
2.8578275310635204e-01 6.8051957014181585e-01 9.8433504346138250e+00 0
4.0382712259170050e-01 6.8051957014181585e-01 9.8433504346138214e+00 0
5.0789400643150273e-01 6.8051957014181585e-01 9.8433504346138214e+00 0
5.9963846115935926e-01 6.8051957014181585e-01 9.8433504346138214e+00 0
6.8051957014181585e-01 6.8051957014181585e-01 9.8433504346138250e+00 0
7.5182364851512951e-01 6.8051957014181585e-01 9.8433504346138214e+00 0
8.1468470045459407e-01 6.8051957014181585e-01 9.8433504346138250e+00 0
8.7010245412427656e-01 6.8051957014181585e-01 9.8433504346138179e+00 0
9.1895826113099233e-01 6.8051957014181585e-01 9.8433504346138250e+00 0
9.6202911334388652e-01 6.8051957014181585e-01 9.8433504346138250e+00 0
1.5188354662445347e-01 7.5182364851512951e-01 9.8433504346138214e+00 0
2.8578275310635204e-01 7.5182364851512995e-01 9.8433504346138250e+00 0
4.0382712259170050e-01 7.5182364851512951e-01 9.8433504346138214e+00 0
5.0789400643150273e-01 7.5182364851512951e-01 9.8433504346138214e+00 0
5.9963846115935926e-01 7.5182364851512906e-01 9.8433504346138214e+00 0
6.8051957014181585e-01 7.5182364851512951e-01 9.8433504346138250e+00 0
7.5182364851512951e-01 7.5182364851512995e-01 9.8433504346138214e+00 0
8.1468470045459407e-01 7.5182364851512995e-01 9.8433504346138250e+00 0
8.7010245412427656e-01 7.5182364851512951e-01 9.8433504346138214e+00 0
9.1895826113099321e-01 7.5182364851512951e-01 9.8433504346138250e+00 0
9.6202911334388652e-01 7.5182364851512951e-01 9.8433504346138214e+00 0
1.5188354662445347e-01 8.1468470045459407e-01 9.8433504346138214e+00 0
2.8578275310635204e-01 8.1468470045459407e-01 9.8433504346138250e+00 0
4.0382712259170050e-01 8.1468470045459407e-01 9.8433504346138214e+00 0
5.0789400643150273e-01 8.1468470045459451e-01 9.8433504346138214e+00 0
5.9963846115935926e-01 8.1468470045459407e-01 9.8433504346138214e+00 0
6.8051957014181585e-01 8.1468470045459407e-01 9.8433504346138250e+00 0
7.5182364851512951e-01 8.1468470045459407e-01 9.8433504346138214e+00 0
8.1468470045459407e-01 8.1468470045459407e-01 9.8433504346138250e+00 0
8.7010245412427700e-01 8.1468470045459407e-01 9.8433504346138250e+00 0
9.1895826113099277e-01 8.1468470045459407e-01 9.8433504346138250e+00 0
9.6202911334388652e-01 8.1468470045459407e-01 9.8433504346138214e+00 0
1.5188354662445347e-01 8.7010245412427700e-01 9.8433504346138214e+00 0
2.8578275310635204e-01 8.7010245412427656e-01 9.8433504346138250e+00 0
4.0382712259170050e-01 8.7010245412427656e-01 9.8433504346138250e+00 0
5.0789400643150273e-01 8.7010245412427700e-01 9.8433504346138214e+00 0
5.9963846115935926e-01 8.7010245412427700e-01 9.8433504346138214e+00 0
6.8051957014181585e-01 8.7010245412427700e-01 9.8433504346138250e+00 0
7.5182364851512951e-01 8.7010245412427700e-01 9.8433504346138214e+00 0
8.1468470045459407e-01 8.7010245412427656e-01 9.8433504346138250e+00 0
8.7010245412427700e-01 8.7010245412427700e-01 9.8433504346138250e+00 0
9.1895826113099277e-01 8.7010245412427700e-01 9.8433504346138250e+00 0
9.6202911334388608e-01 8.7010245412427700e-01 9.8433504346138250e+00 0
1.5188354662445347e-01 9.1895826113099233e-01 9.8433504346138214e+00 0
2.8578275310635204e-01 9.1895826113099277e-01 9.8433504346138250e+00 0
4.0382712259170050e-01 9.1895826113099233e-01 9.8433504346138214e+00 0
5.0789400643150273e-01 9.1895826113099277e-01 9.8433504346138214e+00 0
5.9963846115935926e-01 9.1895826113099233e-01 9.8433504346138214e+00 0
6.8051957014181585e-01 9.1895826113099277e-01 9.8433504346138214e+00 0
7.5182364851512951e-01 9.1895826113099233e-01 9.8433504346138214e+00 0
8.1468470045459407e-01 9.1895826113099277e-01 9.8433504346138250e+00 0
8.7010245412427700e-01 9.1895826113099233e-01 9.8433504346138250e+00 0
9.1895826113099233e-01 9.1895826113099233e-01 9.8433504346138250e+00 0
9.6202911334388652e-01 9.1895826113099233e-01 9.8433504346138250e+00 0
1.5188354662445347e-01 9.6202911334388652e-01 9.8433504346138214e+00 0
2.8578275310635204e-01 9.6202911334388741e-01 9.8433504346138250e+00 0
4.0382712259170050e-01 9.6202911334388652e-01 9.8433504346138214e+00 0
5.0789400643150273e-01 9.6202911334388652e-01 9.8433504346138214e+00 0
5.9963846115935926e-01 9.6202911334388652e-01 9.8433504346138214e+00 0
6.8051957014181585e-01 9.6202911334388652e-01 9.8433504346138214e+00 0
7.5182364851512951e-01 9.6202911334388652e-01 9.8433504346138214e+00 0
8.1468470045459407e-01 9.6202911334388697e-01 9.8433504346138250e+00 0
8.7010245412427700e-01 9.6202911334388652e-01 9.8433504346138250e+00 0
9.1895826113099233e-01 9.6202911334388652e-01 9.8433504346138250e+00 0
9.6202911334388652e-01 9.6202911334388652e-01 9.8433504346138250e+00 0
1.5188354662445336e-01 1.5188354662445336e-01 9.6706177516315286e+00 0
2.8578275310635215e-01 1.5188354662445347e-01 9.6706177516315321e+00 0
4.0382712259170028e-01 1.5188354662445347e-01 9.6706177516315321e+00 0
5.0789400643150273e-01 1.5188354662445352e-01 9.6706177516315321e+00 0
5.9963846115935926e-01 1.5188354662445347e-01 9.6706177516315321e+00 0
6.8051957014181585e-01 1.5188354662445347e-01 9.6706177516315286e+00 0
7.5182364851512995e-01 1.5188354662445347e-01 9.6706177516315286e+00 0
8.1468470045459407e-01 1.5188354662445352e-01 9.6706177516315392e+00 0
8.7010245412427656e-01 1.5188354662445358e-01 9.6706177516315392e+00 0
9.1895826113099277e-01 1.5188354662445347e-01 9.6706177516315392e+00 0
9.6202911334388652e-01 1.5188354662445347e-01 9.6706177516315321e+00 0
1.5188354662445336e-01 2.8578275310635215e-01 9.6706177516315286e+00 0
2.8578275310635226e-01 2.8578275310635226e-01 9.6706177516315357e+00 0
4.0382712259170050e-01 2.8578275310635215e-01 9.6706177516315321e+00 0
5.0789400643150273e-01 2.8578275310635226e-01 9.6706177516315321e+00 0
5.9963846115935926e-01 2.8578275310635226e-01 9.6706177516315321e+00 0
6.8051957014181585e-01 2.8578275310635226e-01 9.6706177516315321e+00 0
7.5182364851512951e-01 2.8578275310635226e-01 9.6706177516315357e+00 0
8.1468470045459407e-01 2.8578275310635193e-01 9.6706177516315392e+00 0
8.7010245412427656e-01 2.8578275310635193e-01 9.6706177516315392e+00 0
9.1895826113099233e-01 2.8578275310635204e-01 9.6706177516315392e+00 0
9.6202911334388652e-01 2.8578275310635215e-01 9.6706177516315321e+00 0
1.5188354662445336e-01 4.0382712259170028e-01 9.6706177516315286e+00 0
2.8578275310635226e-01 4.0382712259170050e-01 9.6706177516315357e+00 0
4.0382712259170050e-01 4.0382712259170050e-01 9.6706177516315321e+00 0
5.0789400643150273e-01 4.0382712259170050e-01 9.6706177516315321e+00 0
5.9963846115935926e-01 4.0382712259170028e-01 9.6706177516315321e+00 0
6.8051957014181585e-01 4.0382712259170028e-01 9.6706177516315321e+00 0
7.5182364851512995e-01 4.0382712259170050e-01 9.6706177516315321e+00 0
8.1468470045459407e-01 4.0382712259170050e-01 9.6706177516315357e+00 0
8.7010245412427656e-01 4.0382712259170050e-01 9.6706177516315321e+00 0
9.1895826113099277e-01 4.0382712259170050e-01 9.6706177516315392e+00 0
9.6202911334388652e-01 4.0382712259170028e-01 9.6706177516315250e+00 0
1.5188354662445336e-01 5.0789400643150295e-01 9.6706177516315286e+00 0
2.8578275310635226e-01 5.0789400643150295e-01 9.6706177516315357e+00 0
4.0382712259170050e-01 5.0789400643150295e-01 9.6706177516315321e+00 0
5.0789400643150273e-01 5.0789400643150273e-01 9.6706177516315321e+00 0
5.9963846115935926e-01 5.0789400643150273e-01 9.6706177516315321e+00 0
6.8051957014181585e-01 5.0789400643150273e-01 9.6706177516315321e+00 0
7.5182364851512995e-01 5.0789400643150273e-01 9.6706177516315321e+00 0
8.1468470045459407e-01 5.0789400643150273e-01 9.6706177516315357e+00 0
8.7010245412427656e-01 5.0789400643150273e-01 9.6706177516315392e+00 0
9.1895826113099277e-01 5.0789400643150273e-01 9.6706177516315357e+00 0
9.6202911334388608e-01 5.0789400643150273e-01 9.6706177516315321e+00 0
1.5188354662445358e-01 5.9963846115935926e-01 9.6706177516315286e+00 0
2.8578275310635226e-01 5.9963846115935926e-01 9.6706177516315357e+00 0
4.0382712259170050e-01 5.9963846115935948e-01 9.6706177516315321e+00 0
5.0789400643150273e-01 5.9963846115935926e-01 9.6706177516315321e+00 0
5.9963846115935926e-01 5.9963846115935926e-01 9.6706177516315321e+00 0
6.8051957014181585e-01 5.9963846115935926e-01 9.6706177516315321e+00 0
7.5182364851512995e-01 5.9963846115935926e-01 9.6706177516315321e+00 0
8.1468470045459407e-01 5.9963846115935926e-01 9.6706177516315357e+00 0
8.7010245412427656e-01 5.9963846115935926e-01 9.6706177516315357e+00 0
9.1895826113099233e-01 5.9963846115935926e-01 9.6706177516315357e+00 0
9.6202911334388652e-01 5.9963846115935926e-01 9.6706177516315250e+00 0
1.5188354662445358e-01 6.8051957014181585e-01 9.6706177516315286e+00 0
2.8578275310635226e-01 6.8051957014181585e-01 9.6706177516315357e+00 0
4.0382712259170050e-01 6.8051957014181585e-01 9.6706177516315321e+00 0
5.0789400643150273e-01 6.8051957014181585e-01 9.6706177516315321e+00 0
5.9963846115935926e-01 6.8051957014181585e-01 9.6706177516315321e+00 0
6.8051957014181585e-01 6.8051957014181585e-01 9.6706177516315321e+00 0
7.5182364851512995e-01 6.8051957014181585e-01 9.6706177516315321e+00 0
8.1468470045459407e-01 6.8051957014181585e-01 9.6706177516315357e+00 0
8.7010245412427656e-01 6.8051957014181585e-01 9.6706177516315321e+00 0
9.1895826113099233e-01 6.8051957014181585e-01 9.6706177516315357e+00 0
9.6202911334388652e-01 6.8051957014181585e-01 9.6706177516315321e+00 0
1.5188354662445336e-01 7.5182364851512995e-01 9.6706177516315286e+00 0
2.8578275310635226e-01 7.5182364851512995e-01 9.6706177516315357e+00 0
4.0382712259170050e-01 7.5182364851512995e-01 9.6706177516315321e+00 0
5.0789400643150273e-01 7.5182364851512995e-01 9.6706177516315321e+00 0
5.9963846115935926e-01 7.5182364851512995e-01 9.6706177516315321e+00 0
6.8051957014181585e-01 7.5182364851512995e-01 9.6706177516315321e+00 0
7.5182364851512995e-01 7.5182364851512995e-01 9.6706177516315321e+00 0
8.1468470045459407e-01 7.5182364851512951e-01 9.6706177516315357e+00 0
8.7010245412427656e-01 7.5182364851512951e-01 9.6706177516315321e+00 0
9.1895826113099277e-01 7.5182364851512951e-01 9.6706177516315392e+00 0
9.6202911334388652e-01 7.5182364851512995e-01 9.6706177516315321e+00 0
1.5188354662445358e-01 8.1468470045459451e-01 9.6706177516315286e+00 0
2.8578275310635226e-01 8.1468470045459451e-01 9.6706177516315357e+00 0
4.0382712259170050e-01 8.1468470045459451e-01 9.6706177516315321e+00 0
5.0789400643150273e-01 8.1468470045459451e-01 9.6706177516315321e+00 0
5.9963846115935926e-01 8.1468470045459451e-01 9.6706177516315321e+00 0
6.8051957014181585e-01 8.1468470045459451e-01 9.6706177516315321e+00 0
7.5182364851512995e-01 8.1468470045459451e-01 9.6706177516315321e+00 0
8.1468470045459407e-01 8.1468470045459407e-01 9.6706177516315321e+00 0
8.7010245412427656e-01 8.1468470045459407e-01 9.6706177516315321e+00 0
9.1895826113099277e-01 8.1468470045459407e-01 9.6706177516315321e+00 0
9.6202911334388608e-01 8.1468470045459451e-01 9.6706177516315321e+00 0
1.5188354662445358e-01 8.7010245412427656e-01 9.6706177516315357e+00 0
2.8578275310635204e-01 8.7010245412427656e-01 9.6706177516315392e+00 0
4.0382712259170050e-01 8.7010245412427611e-01 9.6706177516315357e+00 0
5.0789400643150273e-01 8.7010245412427656e-01 9.6706177516315357e+00 0
5.9963846115935926e-01 8.7010245412427656e-01 9.6706177516315357e+00 0
6.8051957014181585e-01 8.7010245412427656e-01 9.6706177516315357e+00 0
7.5182364851512995e-01 8.7010245412427656e-01 9.6706177516315357e+00 0
8.1468470045459407e-01 8.7010245412427656e-01 9.6706177516315357e+00 0
8.7010245412427656e-01 8.7010245412427656e-01 9.6706177516315321e+00 0
9.1895826113099277e-01 8.7010245412427700e-01 9.6706177516315392e+00 0
9.6202911334388697e-01 8.7010245412427656e-01 9.6706177516315321e+00 0
1.5188354662445336e-01 9.1895826113099233e-01 9.6706177516315286e+00 0
2.8578275310635226e-01 9.1895826113099233e-01 9.6706177516315357e+00 0
4.0382712259170050e-01 9.1895826113099233e-01 9.6706177516315321e+00 0
5.0789400643150273e-01 9.1895826113099233e-01 9.6706177516315321e+00 0
5.9963846115935926e-01 9.1895826113099233e-01 9.6706177516315321e+00 0
6.8051957014181585e-01 9.1895826113099233e-01 9.6706177516315321e+00 0
7.5182364851512995e-01 9.1895826113099233e-01 9.6706177516315321e+00 0
8.1468470045459451e-01 9.1895826113099233e-01 9.6706177516315321e+00 0
8.7010245412427656e-01 9.1895826113099233e-01 9.6706177516315321e+00 0
9.1895826113099233e-01 9.1895826113099233e-01 9.6706177516315321e+00 0
9.6202911334388652e-01 9.1895826113099277e-01 9.6706177516315321e+00 0
1.5188354662445347e-01 9.6202911334388652e-01 9.6706177516315321e+00 0
2.8578275310635204e-01 9.6202911334388697e-01 9.6706177516315321e+00 0
4.0382712259170028e-01 9.6202911334388697e-01 9.6706177516315321e+00 0
5.0789400643150273e-01 9.6202911334388697e-01 9.6706177516315321e+00 0
5.9963846115935926e-01 9.6202911334388697e-01 9.6706177516315321e+00 0
6.8051957014181585e-01 9.6202911334388652e-01 9.6706177516315321e+00 0
7.5182364851512995e-01 9.6202911334388652e-01 9.6706177516315321e+00 0
8.1468470045459451e-01 9.6202911334388697e-01 9.6706177516315321e+00 0
8.7010245412427611e-01 9.6202911334388697e-01 9.6706177516315321e+00 0
9.1895826113099277e-01 9.6202911334388697e-01 9.6706177516315321e+00 0
9.6202911334388652e-01 9.6202911334388652e-01 9.6706177516315321e+00 0
1.5188354662445347e-01 1.5188354662445336e-01 9.4943217056532028e+00 0
2.8578275310635215e-01 1.5188354662445352e-01 9.4943217056532099e+00 0
4.0382712259170028e-01 1.5188354662445347e-01 9.4943217056532063e+00 0
5.0789400643150273e-01 1.5188354662445347e-01 9.4943217056532063e+00 0
5.9963846115935926e-01 1.5188354662445358e-01 9.4943217056532063e+00 0
6.8051957014181630e-01 1.5188354662445347e-01 9.4943217056532134e+00 0
7.5182364851512995e-01 1.5188354662445352e-01 9.4943217056532134e+00 0
8.1468470045459407e-01 1.5188354662445347e-01 9.4943217056532134e+00 0
8.7010245412427656e-01 1.5188354662445347e-01 9.4943217056532099e+00 0
9.1895826113099233e-01 1.5188354662445347e-01 9.4943217056532134e+00 0
9.6202911334388652e-01 1.5188354662445358e-01 9.4943217056532134e+00 0
1.5188354662445347e-01 2.8578275310635193e-01 9.4943217056532170e+00 0
2.8578275310635204e-01 2.8578275310635204e-01 9.4943217056532099e+00 0
4.0382712259170028e-01 2.8578275310635204e-01 9.4943217056532099e+00 0
5.0789400643150273e-01 2.8578275310635204e-01 9.4943217056532099e+00 0
5.9963846115935926e-01 2.8578275310635204e-01 9.4943217056532063e+00 0
6.8051957014181585e-01 2.8578275310635204e-01 9.4943217056532099e+00 0
7.5182364851512995e-01 2.8578275310635204e-01 9.4943217056532134e+00 0
8.1468470045459407e-01 2.8578275310635193e-01 9.4943217056532099e+00 0
8.7010245412427656e-01 2.8578275310635215e-01 9.4943217056532063e+00 0
9.1895826113099233e-01 2.8578275310635204e-01 9.4943217056532099e+00 0
9.6202911334388652e-01 2.8578275310635204e-01 9.4943217056532063e+00 0
1.5188354662445347e-01 4.0382712259170028e-01 9.4943217056532170e+00 0
2.8578275310635204e-01 4.0382712259170028e-01 9.4943217056532099e+00 0
4.0382712259170028e-01 4.0382712259170006e-01 9.4943217056532099e+00 0
5.0789400643150273e-01 4.0382712259170028e-01 9.4943217056532099e+00 0
5.9963846115935926e-01 4.0382712259170050e-01 9.4943217056532063e+00 0
6.8051957014181585e-01 4.0382712259170050e-01 9.4943217056532099e+00 0
7.5182364851512995e-01 4.0382712259170050e-01 9.4943217056532099e+00 0
8.1468470045459407e-01 4.0382712259170028e-01 9.4943217056532099e+00 0
8.7010245412427611e-01 4.0382712259170028e-01 9.4943217056532028e+00 0
9.1895826113099321e-01 4.0382712259170028e-01 9.4943217056532099e+00 0
9.6202911334388652e-01 4.0382712259170028e-01 9.4943217056532099e+00 0
1.5188354662445347e-01 5.0789400643150273e-01 9.4943217056532099e+00 0
2.8578275310635204e-01 5.0789400643150295e-01 9.4943217056532099e+00 0
4.0382712259170028e-01 5.0789400643150295e-01 9.4943217056532099e+00 0
5.0789400643150273e-01 5.0789400643150273e-01 9.4943217056532099e+00 0
5.9963846115935948e-01 5.0789400643150273e-01 9.4943217056532063e+00 0
6.8051957014181541e-01 5.0789400643150273e-01 9.4943217056532099e+00 0
7.5182364851512995e-01 5.0789400643150273e-01 9.4943217056532099e+00 0
8.1468470045459407e-01 5.0789400643150273e-01 9.4943217056532099e+00 0
8.7010245412427656e-01 5.0789400643150273e-01 9.4943217056532063e+00 0
9.1895826113099277e-01 5.0789400643150273e-01 9.4943217056532063e+00 0
9.6202911334388697e-01 5.0789400643150273e-01 9.4943217056532134e+00 0
1.5188354662445358e-01 5.9963846115935926e-01 9.4943217056532028e+00 0
2.8578275310635204e-01 5.9963846115935926e-01 9.4943217056532099e+00 0
4.0382712259170028e-01 5.9963846115935904e-01 9.4943217056532099e+00 0
5.0789400643150273e-01 5.9963846115935926e-01 9.4943217056532099e+00 0
5.9963846115935926e-01 5.9963846115935904e-01 9.4943217056532063e+00 0
6.8051957014181585e-01 5.9963846115935926e-01 9.4943217056532099e+00 0
7.5182364851512995e-01 5.9963846115935926e-01 9.4943217056532099e+00 0
8.1468470045459407e-01 5.9963846115935904e-01 9.4943217056532099e+00 0
8.7010245412427656e-01 5.9963846115935926e-01 9.4943217056532063e+00 0
9.1895826113099233e-01 5.9963846115935904e-01 9.4943217056532099e+00 0
9.6202911334388652e-01 5.9963846115935926e-01 9.4943217056532063e+00 0
1.5188354662445347e-01 6.8051957014181630e-01 9.4943217056532028e+00 0
2.8578275310635204e-01 6.8051957014181585e-01 9.4943217056532099e+00 0
4.0382712259170028e-01 6.8051957014181541e-01 9.4943217056532099e+00 0
5.0789400643150273e-01 6.8051957014181585e-01 9.4943217056532099e+00 0
5.9963846115935948e-01 6.8051957014181585e-01 9.4943217056532063e+00 0
6.8051957014181585e-01 6.8051957014181541e-01 9.4943217056532099e+00 0
7.5182364851512995e-01 6.8051957014181585e-01 9.4943217056532099e+00 0
8.1468470045459407e-01 6.8051957014181585e-01 9.4943217056532099e+00 0
8.7010245412427656e-01 6.8051957014181585e-01 9.4943217056532063e+00 0
9.1895826113099233e-01 6.8051957014181585e-01 9.4943217056532099e+00 0
9.6202911334388652e-01 6.8051957014181585e-01 9.4943217056532134e+00 0
1.5188354662445352e-01 7.5182364851512995e-01 9.4943217056532028e+00 0
2.8578275310635204e-01 7.5182364851512995e-01 9.4943217056532099e+00 0
4.0382712259170028e-01 7.5182364851512995e-01 9.4943217056532099e+00 0
5.0789400643150273e-01 7.5182364851512995e-01 9.4943217056532099e+00 0
5.9963846115935948e-01 7.5182364851512995e-01 9.4943217056532063e+00 0
6.8051957014181585e-01 7.5182364851512995e-01 9.4943217056532099e+00 0
7.5182364851512995e-01 7.5182364851512995e-01 9.4943217056532099e+00 0
8.1468470045459407e-01 7.5182364851512995e-01 9.4943217056532099e+00 0
8.7010245412427611e-01 7.5182364851512995e-01 9.4943217056532063e+00 0
9.1895826113099277e-01 7.5182364851512995e-01 9.4943217056532099e+00 0
9.6202911334388697e-01 7.5182364851512995e-01 9.4943217056532134e+00 0
1.5188354662445347e-01 8.1468470045459407e-01 9.4943217056532028e+00 0
2.8578275310635204e-01 8.1468470045459407e-01 9.4943217056532099e+00 0
4.0382712259170028e-01 8.1468470045459407e-01 9.4943217056532099e+00 0
5.0789400643150273e-01 8.1468470045459407e-01 9.4943217056532099e+00 0
5.9963846115935926e-01 8.1468470045459407e-01 9.4943217056532063e+00 0
6.8051957014181585e-01 8.1468470045459407e-01 9.4943217056532099e+00 0
7.5182364851512995e-01 8.1468470045459407e-01 9.4943217056532099e+00 0
8.1468470045459407e-01 8.1468470045459407e-01 9.4943217056532099e+00 0
8.7010245412427656e-01 8.1468470045459407e-01 9.4943217056532134e+00 0
9.1895826113099277e-01 8.1468470045459407e-01 9.4943217056532063e+00 0
9.6202911334388697e-01 8.1468470045459407e-01 9.4943217056532134e+00 0
1.5188354662445347e-01 8.7010245412427656e-01 9.4943217056532028e+00 0
2.8578275310635204e-01 8.7010245412427656e-01 9.4943217056532099e+00 0
4.0382712259170028e-01 8.7010245412427656e-01 9.4943217056532099e+00 0
5.0789400643150273e-01 8.7010245412427656e-01 9.4943217056532099e+00 0
5.9963846115935926e-01 8.7010245412427656e-01 9.4943217056532099e+00 0
6.8051957014181585e-01 8.7010245412427700e-01 9.4943217056532099e+00 0
7.5182364851512995e-01 8.7010245412427656e-01 9.4943217056532099e+00 0
8.1468470045459407e-01 8.7010245412427656e-01 9.4943217056532099e+00 0
8.7010245412427656e-01 8.7010245412427656e-01 9.4943217056532134e+00 0
9.1895826113099277e-01 8.7010245412427656e-01 9.4943217056532099e+00 0
9.6202911334388652e-01 8.7010245412427700e-01 9.4943217056532134e+00 0
1.5188354662445347e-01 9.1895826113099321e-01 9.4943217056532028e+00 0
2.8578275310635204e-01 9.1895826113099233e-01 9.4943217056532099e+00 0
4.0382712259170028e-01 9.1895826113099233e-01 9.4943217056532099e+00 0
5.0789400643150273e-01 9.1895826113099233e-01 9.4943217056532099e+00 0
5.9963846115935926e-01 9.1895826113099233e-01 9.4943217056532063e+00 0
6.8051957014181585e-01 9.1895826113099233e-01 9.4943217056532099e+00 0
7.5182364851512995e-01 9.1895826113099233e-01 9.4943217056532099e+00 0
8.1468470045459407e-01 9.1895826113099233e-01 9.4943217056532099e+00 0
8.7010245412427656e-01 9.1895826113099233e-01 9.4943217056532134e+00 0
9.1895826113099233e-01 9.1895826113099233e-01 9.4943217056532099e+00 0
9.6202911334388608e-01 9.1895826113099233e-01 9.4943217056532134e+00 0
1.5188354662445347e-01 9.6202911334388652e-01 9.4943217056532028e+00 0
2.8578275310635204e-01 9.6202911334388652e-01 9.4943217056532099e+00 0
4.0382712259170028e-01 9.6202911334388608e-01 9.4943217056532099e+00 0
5.0789400643150273e-01 9.6202911334388697e-01 9.4943217056532099e+00 0
5.9963846115935926e-01 9.6202911334388741e-01 9.4943217056532063e+00 0
6.8051957014181585e-01 9.6202911334388697e-01 9.4943217056532099e+00 0
7.5182364851512995e-01 9.6202911334388697e-01 9.4943217056532099e+00 0
8.1468470045459407e-01 9.6202911334388741e-01 9.4943217056532099e+00 0
8.7010245412427656e-01 9.6202911334388741e-01 9.4943217056532063e+00 0
9.1895826113099233e-01 9.6202911334388697e-01 9.4943217056532099e+00 0
9.6202911334388697e-01 9.6202911334388652e-01 9.4943217056532134e+00 0
1.5188354662445336e-01 1.5188354662445341e-01 9.3136983785140970e+00 0
2.8578275310635215e-01 1.5188354662445352e-01 9.3136983785140970e+00 0
4.0382712259170050e-01 1.5188354662445347e-01 9.3136983785140970e+00 0
5.0789400643150273e-01 1.5188354662445347e-01 9.3136983785140970e+00 0
5.9963846115935926e-01 1.5188354662445347e-01 9.3136983785140970e+00 0
6.8051957014181585e-01 1.5188354662445347e-01 9.3136983785140970e+00 0
7.5182364851512995e-01 1.5188354662445352e-01 9.3136983785140970e+00 0
8.1468470045459451e-01 1.5188354662445347e-01 9.3136983785140970e+00 0
8.7010245412427656e-01 1.5188354662445347e-01 9.3136983785140970e+00 0
9.1895826113099233e-01 1.5188354662445347e-01 9.3136983785140970e+00 0
9.6202911334388697e-01 1.5188354662445347e-01 9.3136983785140970e+00 0
1.5188354662445347e-01 2.8578275310635193e-01 9.3136983785140970e+00 0
2.8578275310635204e-01 2.8578275310635204e-01 9.3136983785140970e+00 0
4.0382712259170050e-01 2.8578275310635204e-01 9.3136983785140970e+00 0
5.0789400643150273e-01 2.8578275310635204e-01 9.3136983785140970e+00 0
5.9963846115935926e-01 2.8578275310635204e-01 9.3136983785140970e+00 0
6.8051957014181585e-01 2.8578275310635204e-01 9.3136983785140970e+00 0
7.5182364851512951e-01 2.8578275310635204e-01 9.3136983785140970e+00 0
8.1468470045459451e-01 2.8578275310635193e-01 9.3136983785141005e+00 0
8.7010245412427656e-01 2.8578275310635204e-01 9.3136983785140970e+00 0
9.1895826113099277e-01 2.8578275310635204e-01 9.3136983785140970e+00 0
9.6202911334388697e-01 2.8578275310635215e-01 9.3136983785140970e+00 0
1.5188354662445347e-01 4.0382712259170050e-01 9.3136983785140970e+00 0
2.8578275310635204e-01 4.0382712259170028e-01 9.3136983785140970e+00 0
4.0382712259170050e-01 4.0382712259170028e-01 9.3136983785140970e+00 0
5.0789400643150273e-01 4.0382712259170028e-01 9.3136983785140970e+00 0
5.9963846115935926e-01 4.0382712259170050e-01 9.3136983785140970e+00 0
6.8051957014181585e-01 4.0382712259170028e-01 9.3136983785140970e+00 0
7.5182364851512951e-01 4.0382712259170028e-01 9.3136983785140970e+00 0
8.1468470045459451e-01 4.0382712259170050e-01 9.3136983785141005e+00 0
8.7010245412427656e-01 4.0382712259170028e-01 9.3136983785140970e+00 0
9.1895826113099321e-01 4.0382712259170050e-01 9.3136983785140970e+00 0
9.6202911334388697e-01 4.0382712259170028e-01 9.3136983785140970e+00 0
1.5188354662445347e-01 5.0789400643150273e-01 9.3136983785140970e+00 0
2.8578275310635204e-01 5.0789400643150251e-01 9.3136983785140970e+00 0
4.0382712259170050e-01 5.0789400643150273e-01 9.3136983785140970e+00 0
5.0789400643150273e-01 5.0789400643150273e-01 9.3136983785140970e+00 0
5.9963846115935926e-01 5.0789400643150273e-01 9.3136983785140970e+00 0
6.8051957014181585e-01 5.0789400643150273e-01 9.3136983785140970e+00 0
7.5182364851512951e-01 5.0789400643150273e-01 9.3136983785140970e+00 0
8.1468470045459451e-01 5.0789400643150273e-01 9.3136983785141005e+00 0
8.7010245412427656e-01 5.0789400643150273e-01 9.3136983785140970e+00 0
9.1895826113099277e-01 5.0789400643150273e-01 9.3136983785140970e+00 0
9.6202911334388697e-01 5.0789400643150273e-01 9.3136983785140970e+00 0
1.5188354662445358e-01 5.9963846115935926e-01 9.3136983785140970e+00 0
2.8578275310635204e-01 5.9963846115935926e-01 9.3136983785140970e+00 0
4.0382712259170050e-01 5.9963846115935926e-01 9.3136983785140970e+00 0
5.0789400643150273e-01 5.9963846115935926e-01 9.3136983785140970e+00 0
5.9963846115935926e-01 5.9963846115935926e-01 9.3136983785140970e+00 0
6.8051957014181585e-01 5.9963846115935926e-01 9.3136983785140970e+00 0
7.5182364851512951e-01 5.9963846115935926e-01 9.3136983785140970e+00 0
8.1468470045459451e-01 5.9963846115935926e-01 9.3136983785140970e+00 0
8.7010245412427656e-01 5.9963846115935926e-01 9.3136983785140970e+00 0
9.1895826113099233e-01 5.9963846115935926e-01 9.3136983785140970e+00 0
9.6202911334388697e-01 5.9963846115935926e-01 9.3136983785140970e+00 0
1.5188354662445347e-01 6.8051957014181585e-01 9.3136983785140970e+00 0
2.8578275310635204e-01 6.8051957014181585e-01 9.3136983785140970e+00 0
4.0382712259170050e-01 6.8051957014181585e-01 9.3136983785140970e+00 0
5.0789400643150273e-01 6.8051957014181585e-01 9.3136983785140970e+00 0
5.9963846115935926e-01 6.8051957014181585e-01 9.3136983785140970e+00 0
6.8051957014181585e-01 6.8051957014181585e-01 9.3136983785140970e+00 0
7.5182364851512951e-01 6.8051957014181585e-01 9.3136983785140970e+00 0
8.1468470045459451e-01 6.8051957014181585e-01 9.3136983785140970e+00 0
8.7010245412427656e-01 6.8051957014181585e-01 9.3136983785140970e+00 0
9.1895826113099233e-01 6.8051957014181585e-01 9.3136983785140970e+00 0
9.6202911334388697e-01 6.8051957014181585e-01 9.3136983785140970e+00 0
1.5188354662445352e-01 7.5182364851512995e-01 9.3136983785140970e+00 0
2.8578275310635204e-01 7.5182364851512951e-01 9.3136983785140970e+00 0
4.0382712259170050e-01 7.5182364851512995e-01 9.3136983785140970e+00 0
5.0789400643150273e-01 7.5182364851512951e-01 9.3136983785140970e+00 0
5.9963846115935926e-01 7.5182364851512995e-01 9.3136983785140970e+00 0
6.8051957014181585e-01 7.5182364851512995e-01 9.3136983785140970e+00 0
7.5182364851512951e-01 7.5182364851512995e-01 9.3136983785140970e+00 0
8.1468470045459451e-01 7.5182364851512995e-01 9.3136983785141005e+00 0
8.7010245412427656e-01 7.5182364851512951e-01 9.3136983785140970e+00 0
9.1895826113099277e-01 7.5182364851512995e-01 9.3136983785140970e+00 0
9.6202911334388697e-01 7.5182364851512951e-01 9.3136983785140970e+00 0
1.5188354662445347e-01 8.1468470045459451e-01 9.3136983785140970e+00 0
2.8578275310635204e-01 8.1468470045459451e-01 9.3136983785140970e+00 0
4.0382712259170050e-01 8.1468470045459451e-01 9.3136983785140970e+00 0
5.0789400643150273e-01 8.1468470045459451e-01 9.3136983785140970e+00 0
5.9963846115935926e-01 8.1468470045459451e-01 9.3136983785140970e+00 0
6.8051957014181585e-01 8.1468470045459451e-01 9.3136983785140970e+00 0
7.5182364851512951e-01 8.1468470045459451e-01 9.3136983785140970e+00 0
8.1468470045459451e-01 8.1468470045459451e-01 9.3136983785140970e+00 0
8.7010245412427656e-01 8.1468470045459451e-01 9.3136983785140970e+00 0
9.1895826113099277e-01 8.1468470045459451e-01 9.3136983785140970e+00 0
9.6202911334388697e-01 8.1468470045459451e-01 9.3136983785140970e+00 0
1.5188354662445347e-01 8.7010245412427656e-01 9.3136983785140970e+00 0
2.8578275310635204e-01 8.7010245412427700e-01 9.3136983785140970e+00 0
4.0382712259170050e-01 8.7010245412427656e-01 9.3136983785140970e+00 0
5.0789400643150273e-01 8.7010245412427656e-01 9.3136983785140970e+00 0
5.9963846115935926e-01 8.7010245412427700e-01 9.3136983785140970e+00 0
6.8051957014181585e-01 8.7010245412427656e-01 9.3136983785140970e+00 0
7.5182364851512951e-01 8.7010245412427656e-01 9.3136983785140970e+00 0
8.1468470045459451e-01 8.7010245412427656e-01 9.3136983785140970e+00 0
8.7010245412427656e-01 8.7010245412427656e-01 9.3136983785140970e+00 0
9.1895826113099277e-01 8.7010245412427656e-01 9.3136983785140970e+00 0
9.6202911334388697e-01 8.7010245412427656e-01 9.3136983785140970e+00 0
1.5188354662445347e-01 9.1895826113099233e-01 9.3136983785140970e+00 0
2.8578275310635204e-01 9.1895826113099277e-01 9.3136983785140970e+00 0
4.0382712259170050e-01 9.1895826113099277e-01 9.3136983785140970e+00 0
5.0789400643150273e-01 9.1895826113099233e-01 9.3136983785140970e+00 0
5.9963846115935926e-01 9.1895826113099233e-01 9.3136983785140970e+00 0
6.8051957014181585e-01 9.1895826113099233e-01 9.3136983785140970e+00 0
7.5182364851512951e-01 9.1895826113099233e-01 9.3136983785140970e+00 0
8.1468470045459451e-01 9.1895826113099233e-01 9.3136983785140970e+00 0
8.7010245412427656e-01 9.1895826113099277e-01 9.3136983785140970e+00 0
9.1895826113099233e-01 9.1895826113099277e-01 9.3136983785140970e+00 0
9.6202911334388741e-01 9.1895826113099277e-01 9.3136983785140970e+00 0
1.5188354662445347e-01 9.6202911334388697e-01 9.3136983785140970e+00 0
2.8578275310635204e-01 9.6202911334388652e-01 9.3136983785140970e+00 0
4.0382712259170050e-01 9.6202911334388697e-01 9.3136983785140970e+00 0
5.0789400643150273e-01 9.6202911334388697e-01 9.3136983785140970e+00 0
5.9963846115935926e-01 9.6202911334388697e-01 9.3136983785140970e+00 0
6.8051957014181585e-01 9.6202911334388697e-01 9.3136983785140970e+00 0
7.5182364851512951e-01 9.6202911334388697e-01 9.3136983785140970e+00 0
8.1468470045459451e-01 9.6202911334388741e-01 9.3136983785140970e+00 0
8.7010245412427656e-01 9.6202911334388697e-01 9.3136983785140970e+00 0
9.1895826113099277e-01 9.6202911334388697e-01 9.3136983785140970e+00 0
9.6202911334388697e-01 9.6202911334388697e-01 9.3136983785140970e+00 0
1.5188354662445341e-01 1.5188354662445341e-01 9.1275321410284818e+00 0
2.8578275310635193e-01 1.5188354662445347e-01 9.1275321410284782e+00 0
4.0382712259170050e-01 1.5188354662445336e-01 9.1275321410284747e+00 0
5.0789400643150273e-01 1.5188354662445336e-01 9.1275321410284747e+00 0
5.9963846115935926e-01 1.5188354662445341e-01 9.1275321410284747e+00 0
6.8051957014181585e-01 1.5188354662445347e-01 9.1275321410284747e+00 0
7.5182364851512995e-01 1.5188354662445341e-01 9.1275321410284747e+00 0
8.1468470045459451e-01 1.5188354662445347e-01 9.1275321410284747e+00 0
8.7010245412427656e-01 1.5188354662445347e-01 9.1275321410284747e+00 0
9.1895826113099277e-01 1.5188354662445347e-01 9.1275321410284747e+00 0
9.6202911334388697e-01 1.5188354662445347e-01 9.1275321410284782e+00 0
1.5188354662445341e-01 2.8578275310635204e-01 9.1275321410284747e+00 0
2.8578275310635204e-01 2.8578275310635193e-01 9.1275321410284747e+00 0
4.0382712259170050e-01 2.8578275310635193e-01 9.1275321410284747e+00 0
5.0789400643150273e-01 2.8578275310635193e-01 9.1275321410284747e+00 0
5.9963846115935926e-01 2.8578275310635204e-01 9.1275321410284747e+00 0
6.8051957014181585e-01 2.8578275310635204e-01 9.1275321410284747e+00 0
7.5182364851512951e-01 2.8578275310635204e-01 9.1275321410284747e+00 0
8.1468470045459451e-01 2.8578275310635215e-01 9.1275321410284747e+00 0
8.7010245412427656e-01 2.8578275310635193e-01 9.1275321410284747e+00 0
9.1895826113099277e-01 2.8578275310635193e-01 9.1275321410284747e+00 0
9.6202911334388652e-01 2.8578275310635193e-01 9.1275321410284782e+00 0
1.5188354662445347e-01 4.0382712259170028e-01 9.1275321410284747e+00 0
2.8578275310635204e-01 4.0382712259170050e-01 9.1275321410284747e+00 0
4.0382712259170050e-01 4.0382712259170050e-01 9.1275321410284747e+00 0
5.0789400643150273e-01 4.0382712259170050e-01 9.1275321410284747e+00 0
5.9963846115935926e-01 4.0382712259170050e-01 9.1275321410284747e+00 0
6.8051957014181585e-01 4.0382712259170028e-01 9.1275321410284747e+00 0
7.5182364851512951e-01 4.0382712259170050e-01 9.1275321410284747e+00 0
8.1468470045459451e-01 4.0382712259170028e-01 9.1275321410284747e+00 0
8.7010245412427656e-01 4.0382712259170050e-01 9.1275321410284747e+00 0
9.1895826113099277e-01 4.0382712259170028e-01 9.1275321410284747e+00 0
9.6202911334388697e-01 4.0382712259170028e-01 9.1275321410284782e+00 0
1.5188354662445336e-01 5.0789400643150273e-01 9.1275321410284747e+00 0
2.8578275310635204e-01 5.0789400643150295e-01 9.1275321410284747e+00 0
4.0382712259170050e-01 5.0789400643150295e-01 9.1275321410284747e+00 0
5.0789400643150273e-01 5.0789400643150273e-01 9.1275321410284747e+00 0
5.9963846115935926e-01 5.0789400643150273e-01 9.1275321410284747e+00 0
6.8051957014181585e-01 5.0789400643150273e-01 9.1275321410284747e+00 0
7.5182364851512951e-01 5.0789400643150273e-01 9.1275321410284747e+00 0
8.1468470045459451e-01 5.0789400643150273e-01 9.1275321410284747e+00 0
8.7010245412427656e-01 5.0789400643150273e-01 9.1275321410284747e+00 0
9.1895826113099277e-01 5.0789400643150273e-01 9.1275321410284747e+00 0
9.6202911334388652e-01 5.0789400643150273e-01 9.1275321410284782e+00 0
1.5188354662445347e-01 5.9963846115935926e-01 9.1275321410284747e+00 0
2.8578275310635204e-01 5.9963846115935926e-01 9.1275321410284747e+00 0
4.0382712259170050e-01 5.9963846115935948e-01 9.1275321410284747e+00 0
5.0789400643150273e-01 5.9963846115935926e-01 9.1275321410284747e+00 0
5.9963846115935926e-01 5.9963846115935926e-01 9.1275321410284747e+00 0
6.8051957014181585e-01 5.9963846115935926e-01 9.1275321410284747e+00 0
7.5182364851512951e-01 5.9963846115935926e-01 9.1275321410284747e+00 0
8.1468470045459451e-01 5.9963846115935926e-01 9.1275321410284747e+00 0
8.7010245412427656e-01 5.9963846115935926e-01 9.1275321410284747e+00 0
9.1895826113099233e-01 5.9963846115935926e-01 9.1275321410284747e+00 0
9.6202911334388652e-01 5.9963846115935926e-01 9.1275321410284747e+00 0
1.5188354662445347e-01 6.8051957014181585e-01 9.1275321410284747e+00 0
2.8578275310635204e-01 6.8051957014181585e-01 9.1275321410284747e+00 0
4.0382712259170050e-01 6.8051957014181585e-01 9.1275321410284747e+00 0
5.0789400643150273e-01 6.8051957014181585e-01 9.1275321410284747e+00 0
5.9963846115935926e-01 6.8051957014181585e-01 9.1275321410284747e+00 0
6.8051957014181585e-01 6.8051957014181585e-01 9.1275321410284747e+00 0
7.5182364851512951e-01 6.8051957014181585e-01 9.1275321410284747e+00 0
8.1468470045459451e-01 6.8051957014181585e-01 9.1275321410284747e+00 0
8.7010245412427656e-01 6.8051957014181585e-01 9.1275321410284747e+00 0
9.1895826113099233e-01 6.8051957014181585e-01 9.1275321410284747e+00 0
9.6202911334388652e-01 6.8051957014181585e-01 9.1275321410284747e+00 0
1.5188354662445341e-01 7.5182364851512995e-01 9.1275321410284747e+00 0
2.8578275310635204e-01 7.5182364851512951e-01 9.1275321410284747e+00 0
4.0382712259170050e-01 7.5182364851512995e-01 9.1275321410284747e+00 0
5.0789400643150273e-01 7.5182364851512951e-01 9.1275321410284747e+00 0
5.9963846115935926e-01 7.5182364851512995e-01 9.1275321410284747e+00 0
6.8051957014181585e-01 7.5182364851512951e-01 9.1275321410284747e+00 0
7.5182364851512951e-01 7.5182364851512951e-01 9.1275321410284747e+00 0
8.1468470045459451e-01 7.5182364851512995e-01 9.1275321410284747e+00 0
8.7010245412427656e-01 7.5182364851512951e-01 9.1275321410284747e+00 0
9.1895826113099277e-01 7.5182364851512951e-01 9.1275321410284747e+00 0
9.6202911334388652e-01 7.5182364851512951e-01 9.1275321410284711e+00 0
1.5188354662445347e-01 8.1468470045459451e-01 9.1275321410284747e+00 0
2.8578275310635204e-01 8.1468470045459451e-01 9.1275321410284747e+00 0
4.0382712259170050e-01 8.1468470045459451e-01 9.1275321410284747e+00 0
5.0789400643150273e-01 8.1468470045459451e-01 9.1275321410284747e+00 0
5.9963846115935926e-01 8.1468470045459451e-01 9.1275321410284747e+00 0
6.8051957014181585e-01 8.1468470045459451e-01 9.1275321410284747e+00 0
7.5182364851512951e-01 8.1468470045459451e-01 9.1275321410284747e+00 0
8.1468470045459451e-01 8.1468470045459451e-01 9.1275321410284747e+00 0
8.7010245412427656e-01 8.1468470045459451e-01 9.1275321410284747e+00 0
9.1895826113099277e-01 8.1468470045459451e-01 9.1275321410284747e+00 0
9.6202911334388652e-01 8.1468470045459407e-01 9.1275321410284747e+00 0
1.5188354662445347e-01 8.7010245412427656e-01 9.1275321410284747e+00 0
2.8578275310635204e-01 8.7010245412427611e-01 9.1275321410284747e+00 0
4.0382712259170050e-01 8.7010245412427611e-01 9.1275321410284747e+00 0
5.0789400643150273e-01 8.7010245412427656e-01 9.1275321410284747e+00 0
5.9963846115935926e-01 8.7010245412427656e-01 9.1275321410284747e+00 0
6.8051957014181585e-01 8.7010245412427656e-01 9.1275321410284747e+00 0
7.5182364851512951e-01 8.7010245412427656e-01 9.1275321410284747e+00 0
8.1468470045459451e-01 8.7010245412427656e-01 9.1275321410284747e+00 0
8.7010245412427656e-01 8.7010245412427656e-01 9.1275321410284747e+00 0
9.1895826113099277e-01 8.7010245412427656e-01 9.1275321410284747e+00 0
9.6202911334388608e-01 8.7010245412427656e-01 9.1275321410284747e+00 0
1.5188354662445336e-01 9.1895826113099233e-01 9.1275321410284747e+00 0
2.8578275310635204e-01 9.1895826113099233e-01 9.1275321410284747e+00 0
4.0382712259170050e-01 9.1895826113099233e-01 9.1275321410284747e+00 0
5.0789400643150273e-01 9.1895826113099233e-01 9.1275321410284747e+00 0
5.9963846115935926e-01 9.1895826113099233e-01 9.1275321410284747e+00 0
6.8051957014181585e-01 9.1895826113099233e-01 9.1275321410284747e+00 0
7.5182364851512951e-01 9.1895826113099233e-01 9.1275321410284747e+00 0
8.1468470045459451e-01 9.1895826113099233e-01 9.1275321410284747e+00 0
8.7010245412427656e-01 9.1895826113099233e-01 9.1275321410284747e+00 0
9.1895826113099233e-01 9.1895826113099233e-01 9.1275321410284747e+00 0
9.6202911334388608e-01 9.1895826113099233e-01 9.1275321410284747e+00 0
1.5188354662445347e-01 9.6202911334388652e-01 9.1275321410284747e+00 0
2.8578275310635204e-01 9.6202911334388741e-01 9.1275321410284747e+00 0
4.0382712259170050e-01 9.6202911334388652e-01 9.1275321410284747e+00 0
5.0789400643150273e-01 9.6202911334388697e-01 9.1275321410284747e+00 0
5.9963846115935926e-01 9.6202911334388741e-01 9.1275321410284747e+00 0
6.8051957014181585e-01 9.6202911334388697e-01 9.1275321410284747e+00 0
7.5182364851512951e-01 9.6202911334388697e-01 9.1275321410284747e+00 0
8.1468470045459451e-01 9.6202911334388741e-01 9.1275321410284747e+00 0
8.7010245412427656e-01 9.6202911334388741e-01 9.1275321410284747e+00 0
9.1895826113099233e-01 9.6202911334388697e-01 9.1275321410284747e+00 0
9.6202911334388652e-01 9.6202911334388697e-01 9.1275321410284747e+00 0
1.5188354662445336e-01 1.5188354662445336e-01 8.9361034979614899e+00 0
2.8578275310635215e-01 1.5188354662445358e-01 8.9361034979614899e+00 0
4.0382712259170028e-01 1.5188354662445358e-01 8.9361034979614899e+00 0
5.0789400643150273e-01 1.5188354662445352e-01 8.9361034979614828e+00 0
5.9963846115935926e-01 1.5188354662445358e-01 8.9361034979614899e+00 0
6.8051957014181585e-01 1.5188354662445358e-01 8.9361034979614828e+00 0
7.5182364851512995e-01 1.5188354662445358e-01 8.9361034979614899e+00 0
8.1468470045459407e-01 1.5188354662445352e-01 8.9361034979614899e+00 0
8.7010245412427656e-01 1.5188354662445358e-01 8.9361034979614899e+00 0
9.1895826113099321e-01 1.5188354662445352e-01 8.9361034979614899e+00 0
9.6202911334388741e-01 1.5188354662445352e-01 8.9361034979614828e+00 0
1.5188354662445336e-01 2.8578275310635215e-01 8.9361034979614864e+00 0
2.8578275310635204e-01 2.8578275310635215e-01 8.9361034979614864e+00 0
4.0382712259170050e-01 2.8578275310635215e-01 8.9361034979614864e+00 0
5.0789400643150273e-01 2.8578275310635204e-01 8.9361034979614899e+00 0
5.9963846115935926e-01 2.8578275310635215e-01 8.9361034979614864e+00 0
6.8051957014181585e-01 2.8578275310635204e-01 8.9361034979614864e+00 0
7.5182364851512995e-01 2.8578275310635204e-01 8.9361034979614864e+00 0
8.1468470045459407e-01 2.8578275310635215e-01 8.9361034979614864e+00 0
8.7010245412427700e-01 2.8578275310635193e-01 8.9361034979614828e+00 0
9.1895826113099277e-01 2.8578275310635204e-01 8.9361034979614864e+00 0
9.6202911334388697e-01 2.8578275310635215e-01 8.9361034979614899e+00 0
1.5188354662445336e-01 4.0382712259170050e-01 8.9361034979614864e+00 0
2.8578275310635204e-01 4.0382712259170050e-01 8.9361034979614864e+00 0
4.0382712259170050e-01 4.0382712259170050e-01 8.9361034979614864e+00 0
5.0789400643150273e-01 4.0382712259170028e-01 8.9361034979614899e+00 0
5.9963846115935926e-01 4.0382712259170050e-01 8.9361034979614864e+00 0
6.8051957014181585e-01 4.0382712259170050e-01 8.9361034979614899e+00 0
7.5182364851512995e-01 4.0382712259170050e-01 8.9361034979614864e+00 0
8.1468470045459407e-01 4.0382712259170050e-01 8.9361034979614864e+00 0
8.7010245412427656e-01 4.0382712259170050e-01 8.9361034979614864e+00 0
9.1895826113099277e-01 4.0382712259170050e-01 8.9361034979614864e+00 0
9.6202911334388741e-01 4.0382712259170050e-01 8.9361034979614899e+00 0
1.5188354662445336e-01 5.0789400643150251e-01 8.9361034979614864e+00 0
2.8578275310635204e-01 5.0789400643150251e-01 8.9361034979614864e+00 0
4.0382712259170050e-01 5.0789400643150273e-01 8.9361034979614864e+00 0
5.0789400643150273e-01 5.0789400643150273e-01 8.9361034979614899e+00 0
5.9963846115935926e-01 5.0789400643150273e-01 8.9361034979614864e+00 0
6.8051957014181630e-01 5.0789400643150273e-01 8.9361034979614899e+00 0
7.5182364851512995e-01 5.0789400643150273e-01 8.9361034979614864e+00 0
8.1468470045459407e-01 5.0789400643150273e-01 8.9361034979614864e+00 0
8.7010245412427700e-01 5.0789400643150273e-01 8.9361034979614828e+00 0
9.1895826113099277e-01 5.0789400643150273e-01 8.9361034979614864e+00 0
9.6202911334388652e-01 5.0789400643150273e-01 8.9361034979614899e+00 0
1.5188354662445336e-01 5.9963846115935904e-01 8.9361034979614864e+00 0
2.8578275310635204e-01 5.9963846115935904e-01 8.9361034979614864e+00 0
4.0382712259170050e-01 5.9963846115935904e-01 8.9361034979614864e+00 0
5.0789400643150273e-01 5.9963846115935904e-01 8.9361034979614899e+00 0
5.9963846115935926e-01 5.9963846115935926e-01 8.9361034979614864e+00 0
6.8051957014181585e-01 5.9963846115935926e-01 8.9361034979614899e+00 0
7.5182364851512995e-01 5.9963846115935926e-01 8.9361034979614864e+00 0
8.1468470045459407e-01 5.9963846115935926e-01 8.9361034979614864e+00 0
8.7010245412427656e-01 5.9963846115935926e-01 8.9361034979614864e+00 0
9.1895826113099277e-01 5.9963846115935926e-01 8.9361034979614899e+00 0
9.6202911334388652e-01 5.9963846115935926e-01 8.9361034979614899e+00 0
1.5188354662445358e-01 6.8051957014181585e-01 8.9361034979614864e+00 0
2.8578275310635204e-01 6.8051957014181585e-01 8.9361034979614864e+00 0
4.0382712259170050e-01 6.8051957014181585e-01 8.9361034979614864e+00 0
5.0789400643150273e-01 6.8051957014181630e-01 8.9361034979614899e+00 0
5.9963846115935926e-01 6.8051957014181630e-01 8.9361034979614864e+00 0
6.8051957014181585e-01 6.8051957014181630e-01 8.9361034979614899e+00 0
7.5182364851512995e-01 6.8051957014181630e-01 8.9361034979614864e+00 0
8.1468470045459407e-01 6.8051957014181630e-01 8.9361034979614864e+00 0
8.7010245412427611e-01 6.8051957014181585e-01 8.9361034979614864e+00 0
9.1895826113099233e-01 6.8051957014181585e-01 8.9361034979614899e+00 0
9.6202911334388608e-01 6.8051957014181585e-01 8.9361034979614828e+00 0
1.5188354662445336e-01 7.5182364851512995e-01 8.9361034979614864e+00 0
2.8578275310635204e-01 7.5182364851512951e-01 8.9361034979614864e+00 0
4.0382712259170050e-01 7.5182364851512995e-01 8.9361034979614864e+00 0
5.0789400643150273e-01 7.5182364851512995e-01 8.9361034979614899e+00 0
5.9963846115935926e-01 7.5182364851512995e-01 8.9361034979614864e+00 0
6.8051957014181585e-01 7.5182364851512951e-01 8.9361034979614899e+00 0
7.5182364851512995e-01 7.5182364851512995e-01 8.9361034979614864e+00 0
8.1468470045459407e-01 7.5182364851512995e-01 8.9361034979614864e+00 0
8.7010245412427656e-01 7.5182364851512995e-01 8.9361034979614864e+00 0
9.1895826113099277e-01 7.5182364851512995e-01 8.9361034979614864e+00 0
9.6202911334388697e-01 7.5182364851512995e-01 8.9361034979614899e+00 0
1.5188354662445347e-01 8.1468470045459407e-01 8.9361034979614864e+00 0
2.8578275310635204e-01 8.1468470045459451e-01 8.9361034979614864e+00 0
4.0382712259170050e-01 8.1468470045459451e-01 8.9361034979614864e+00 0
5.0789400643150273e-01 8.1468470045459451e-01 8.9361034979614899e+00 0
5.9963846115935926e-01 8.1468470045459407e-01 8.9361034979614864e+00 0
6.8051957014181585e-01 8.1468470045459407e-01 8.9361034979614899e+00 0
7.5182364851512995e-01 8.1468470045459451e-01 8.9361034979614864e+00 0
8.1468470045459407e-01 8.1468470045459451e-01 8.9361034979614864e+00 0
8.7010245412427656e-01 8.1468470045459407e-01 8.9361034979614864e+00 0
9.1895826113099277e-01 8.1468470045459407e-01 8.9361034979614864e+00 0
9.6202911334388652e-01 8.1468470045459407e-01 8.9361034979614899e+00 0
1.5188354662445358e-01 8.7010245412427700e-01 8.9361034979614864e+00 0
2.8578275310635204e-01 8.7010245412427745e-01 8.9361034979614864e+00 0
4.0382712259170050e-01 8.7010245412427700e-01 8.9361034979614864e+00 0
5.0789400643150273e-01 8.7010245412427700e-01 8.9361034979614899e+00 0
5.9963846115935926e-01 8.7010245412427656e-01 8.9361034979614864e+00 0
6.8051957014181541e-01 8.7010245412427700e-01 8.9361034979614899e+00 0
7.5182364851512995e-01 8.7010245412427656e-01 8.9361034979614864e+00 0
8.1468470045459407e-01 8.7010245412427656e-01 8.9361034979614864e+00 0
8.7010245412427700e-01 8.7010245412427656e-01 8.9361034979614864e+00 0
9.1895826113099277e-01 8.7010245412427656e-01 8.9361034979614864e+00 0
9.6202911334388652e-01 8.7010245412427700e-01 8.9361034979614899e+00 0
1.5188354662445336e-01 9.1895826113099277e-01 8.9361034979614864e+00 0
2.8578275310635204e-01 9.1895826113099277e-01 8.9361034979614864e+00 0
4.0382712259170050e-01 9.1895826113099321e-01 8.9361034979614864e+00 0
5.0789400643150273e-01 9.1895826113099277e-01 8.9361034979614899e+00 0
5.9963846115935926e-01 9.1895826113099277e-01 8.9361034979614864e+00 0
6.8051957014181585e-01 9.1895826113099277e-01 8.9361034979614899e+00 0
7.5182364851512995e-01 9.1895826113099277e-01 8.9361034979614864e+00 0
8.1468470045459407e-01 9.1895826113099277e-01 8.9361034979614864e+00 0
8.7010245412427700e-01 9.1895826113099321e-01 8.9361034979614864e+00 0
9.1895826113099321e-01 9.1895826113099321e-01 8.9361034979614864e+00 0
9.6202911334388608e-01 9.1895826113099277e-01 8.9361034979614864e+00 0
1.5188354662445358e-01 9.6202911334388608e-01 8.9361034979614864e+00 0
2.8578275310635204e-01 9.6202911334388652e-01 8.9361034979614864e+00 0
4.0382712259170050e-01 9.6202911334388608e-01 8.9361034979614864e+00 0
5.0789400643150273e-01 9.6202911334388652e-01 8.9361034979614899e+00 0
5.9963846115935926e-01 9.6202911334388608e-01 8.9361034979614864e+00 0
6.8051957014181585e-01 9.6202911334388563e-01 8.9361034979614899e+00 0
7.5182364851512995e-01 9.6202911334388608e-01 8.9361034979614864e+00 0
8.1468470045459407e-01 9.6202911334388608e-01 8.9361034979614864e+00 0
8.7010245412427656e-01 9.6202911334388697e-01 8.9361034979614864e+00 0
9.1895826113099321e-01 9.6202911334388652e-01 8.9361034979614864e+00 0
9.6202911334388652e-01 9.6202911334388608e-01 8.9361034979614899e+00 0
1.5188354662445347e-01 1.5188354662445352e-01 8.7379901325369964e+00 0
2.8578275310635215e-01 1.5188354662445352e-01 8.7379901325370000e+00 0
4.0382712259170028e-01 1.5188354662445347e-01 8.7379901325369964e+00 0
5.0789400643150273e-01 1.5188354662445347e-01 8.7379901325370000e+00 0
5.9963846115935926e-01 1.5188354662445347e-01 8.7379901325369964e+00 0
6.8051957014181585e-01 1.5188354662445336e-01 8.7379901325369964e+00 0
7.5182364851512995e-01 1.5188354662445347e-01 8.7379901325370000e+00 0
8.1468470045459451e-01 1.5188354662445347e-01 8.7379901325369964e+00 0
8.7010245412427700e-01 1.5188354662445347e-01 8.7379901325369929e+00 0
9.1895826113099277e-01 1.5188354662445347e-01 8.7379901325370000e+00 0
9.6202911334388652e-01 1.5188354662445347e-01 8.7379901325369964e+00 0
1.5188354662445347e-01 2.8578275310635193e-01 8.7379901325369964e+00 0
2.8578275310635204e-01 2.8578275310635204e-01 8.7379901325369964e+00 0
4.0382712259170028e-01 2.8578275310635193e-01 8.7379901325369964e+00 0
5.0789400643150273e-01 2.8578275310635204e-01 8.7379901325370000e+00 0
5.9963846115935926e-01 2.8578275310635204e-01 8.7379901325369964e+00 0
6.8051957014181585e-01 2.8578275310635204e-01 8.7379901325370000e+00 0
7.5182364851512995e-01 2.8578275310635204e-01 8.7379901325369964e+00 0
8.1468470045459451e-01 2.8578275310635193e-01 8.7379901325369964e+00 0
8.7010245412427700e-01 2.8578275310635193e-01 8.7379901325369964e+00 0
9.1895826113099277e-01 2.8578275310635193e-01 8.7379901325369964e+00 0
9.6202911334388697e-01 2.8578275310635193e-01 8.7379901325369964e+00 0
1.5188354662445347e-01 4.0382712259170050e-01 8.7379901325369964e+00 0
2.8578275310635204e-01 4.0382712259170028e-01 8.7379901325369964e+00 0
4.0382712259170028e-01 4.0382712259170028e-01 8.7379901325369964e+00 0
5.0789400643150273e-01 4.0382712259170028e-01 8.7379901325370000e+00 0
5.9963846115935948e-01 4.0382712259170050e-01 8.7379901325369964e+00 0
6.8051957014181585e-01 4.0382712259170028e-01 8.7379901325370000e+00 0
7.5182364851512995e-01 4.0382712259170028e-01 8.7379901325370000e+00 0
8.1468470045459451e-01 4.0382712259170050e-01 8.7379901325369964e+00 0
8.7010245412427700e-01 4.0382712259170028e-01 8.7379901325369964e+00 0
9.1895826113099277e-01 4.0382712259170028e-01 8.7379901325369929e+00 0
9.6202911334388608e-01 4.0382712259170028e-01 8.7379901325370000e+00 0
1.5188354662445347e-01 5.0789400643150273e-01 8.7379901325369964e+00 0
2.8578275310635204e-01 5.0789400643150251e-01 8.7379901325369964e+00 0
4.0382712259170028e-01 5.0789400643150251e-01 8.7379901325369964e+00 0
5.0789400643150273e-01 5.0789400643150273e-01 8.7379901325370000e+00 0
5.9963846115935948e-01 5.0789400643150273e-01 8.7379901325369964e+00 0
6.8051957014181541e-01 5.0789400643150273e-01 8.7379901325370000e+00 0
7.5182364851512995e-01 5.0789400643150273e-01 8.7379901325370000e+00 0
8.1468470045459451e-01 5.0789400643150273e-01 8.7379901325369964e+00 0
8.7010245412427700e-01 5.0789400643150273e-01 8.7379901325369964e+00 0
9.1895826113099277e-01 5.0789400643150273e-01 8.7379901325369929e+00 0
9.6202911334388608e-01 5.0789400643150273e-01 8.7379901325369964e+00 0
1.5188354662445358e-01 5.9963846115935926e-01 8.7379901325369964e+00 0
2.8578275310635204e-01 5.9963846115935926e-01 8.7379901325369964e+00 0
4.0382712259170028e-01 5.9963846115935904e-01 8.7379901325369964e+00 0
5.0789400643150273e-01 5.9963846115935926e-01 8.7379901325370000e+00 0
5.9963846115935926e-01 5.9963846115935904e-01 8.7379901325369964e+00 0
6.8051957014181585e-01 5.9963846115935926e-01 8.7379901325370000e+00 0
7.5182364851512995e-01 5.9963846115935926e-01 8.7379901325370000e+00 0
8.1468470045459451e-01 5.9963846115935904e-01 8.7379901325369964e+00 0
8.7010245412427700e-01 5.9963846115935926e-01 8.7379901325369929e+00 0
9.1895826113099321e-01 5.9963846115935926e-01 8.7379901325369964e+00 0
9.6202911334388608e-01 5.9963846115935926e-01 8.7379901325369964e+00 0
1.5188354662445347e-01 6.8051957014181585e-01 8.7379901325369964e+00 0
2.8578275310635204e-01 6.8051957014181585e-01 8.7379901325369964e+00 0
4.0382712259170028e-01 6.8051957014181541e-01 8.7379901325369964e+00 0
5.0789400643150273e-01 6.8051957014181585e-01 8.7379901325370000e+00 0
5.9963846115935948e-01 6.8051957014181585e-01 8.7379901325369964e+00 0
6.8051957014181585e-01 6.8051957014181541e-01 8.7379901325370000e+00 0
7.5182364851512995e-01 6.8051957014181585e-01 8.7379901325370000e+00 0
8.1468470045459451e-01 6.8051957014181585e-01 8.7379901325369964e+00 0
8.7010245412427656e-01 6.8051957014181585e-01 8.7379901325369929e+00 0
9.1895826113099277e-01 6.8051957014181541e-01 8.7379901325369964e+00 0
9.6202911334388608e-01 6.8051957014181541e-01 8.7379901325369964e+00 0
1.5188354662445347e-01 7.5182364851512951e-01 8.7379901325369964e+00 0
2.8578275310635204e-01 7.5182364851512995e-01 8.7379901325369964e+00 0
4.0382712259170028e-01 7.5182364851512951e-01 8.7379901325369964e+00 0
5.0789400643150273e-01 7.5182364851512995e-01 8.7379901325370000e+00 0
5.9963846115935926e-01 7.5182364851512951e-01 8.7379901325369964e+00 0
6.8051957014181585e-01 7.5182364851512995e-01 8.7379901325370000e+00 0
7.5182364851512995e-01 7.5182364851512995e-01 8.7379901325370000e+00 0
8.1468470045459451e-01 7.5182364851512951e-01 8.7379901325369964e+00 0
8.7010245412427700e-01 7.5182364851512995e-01 8.7379901325369964e+00 0
9.1895826113099277e-01 7.5182364851512995e-01 8.7379901325369929e+00 0
9.6202911334388652e-01 7.5182364851512995e-01 8.7379901325369964e+00 0
1.5188354662445347e-01 8.1468470045459451e-01 8.7379901325369964e+00 0
2.8578275310635204e-01 8.1468470045459451e-01 8.7379901325369964e+00 0
4.0382712259170028e-01 8.1468470045459451e-01 8.7379901325369964e+00 0
5.0789400643150273e-01 8.1468470045459407e-01 8.7379901325370000e+00 0
5.9963846115935926e-01 8.1468470045459451e-01 8.7379901325369964e+00 0
6.8051957014181585e-01 8.1468470045459451e-01 8.7379901325369964e+00 0
7.5182364851512995e-01 8.1468470045459451e-01 8.7379901325369964e+00 0
8.1468470045459451e-01 8.1468470045459451e-01 8.7379901325369964e+00 0
8.7010245412427700e-01 8.1468470045459451e-01 8.7379901325369964e+00 0
9.1895826113099321e-01 8.1468470045459451e-01 8.7379901325369929e+00 0
9.6202911334388652e-01 8.1468470045459451e-01 8.7379901325369964e+00 0
1.5188354662445347e-01 8.7010245412427700e-01 8.7379901325369964e+00 0
2.8578275310635204e-01 8.7010245412427700e-01 8.7379901325369964e+00 0
4.0382712259170028e-01 8.7010245412427656e-01 8.7379901325369964e+00 0
5.0789400643150273e-01 8.7010245412427700e-01 8.7379901325370000e+00 0
5.9963846115935926e-01 8.7010245412427700e-01 8.7379901325369964e+00 0
6.8051957014181585e-01 8.7010245412427700e-01 8.7379901325370000e+00 0
7.5182364851512995e-01 8.7010245412427700e-01 8.7379901325370000e+00 0
8.1468470045459451e-01 8.7010245412427700e-01 8.7379901325369964e+00 0
8.7010245412427700e-01 8.7010245412427700e-01 8.7379901325369964e+00 0
9.1895826113099277e-01 8.7010245412427700e-01 8.7379901325369929e+00 0
9.6202911334388652e-01 8.7010245412427656e-01 8.7379901325370000e+00 0
1.5188354662445347e-01 9.1895826113099233e-01 8.7379901325369964e+00 0
2.8578275310635204e-01 9.1895826113099233e-01 8.7379901325369964e+00 0
4.0382712259170028e-01 9.1895826113099277e-01 8.7379901325369964e+00 0
5.0789400643150273e-01 9.1895826113099277e-01 8.7379901325370000e+00 0
5.9963846115935926e-01 9.1895826113099233e-01 8.7379901325369964e+00 0
6.8051957014181585e-01 9.1895826113099277e-01 8.7379901325370000e+00 0
7.5182364851512995e-01 9.1895826113099277e-01 8.7379901325370000e+00 0
8.1468470045459451e-01 9.1895826113099277e-01 8.7379901325369964e+00 0
8.7010245412427700e-01 9.1895826113099277e-01 8.7379901325369964e+00 0
9.1895826113099277e-01 9.1895826113099277e-01 8.7379901325369964e+00 0
9.6202911334388608e-01 9.1895826113099321e-01 8.7379901325369929e+00 0
1.5188354662445347e-01 9.6202911334388608e-01 8.7379901325369964e+00 0
2.8578275310635204e-01 9.6202911334388608e-01 8.7379901325369964e+00 0
4.0382712259170028e-01 9.6202911334388608e-01 8.7379901325369964e+00 0
5.0789400643150273e-01 9.6202911334388697e-01 8.7379901325370000e+00 0
5.9963846115935926e-01 9.6202911334388608e-01 8.7379901325369964e+00 0
6.8051957014181585e-01 9.6202911334388608e-01 8.7379901325370000e+00 0
7.5182364851512995e-01 9.6202911334388608e-01 8.7379901325370000e+00 0
8.1468470045459451e-01 9.6202911334388652e-01 8.7379901325369964e+00 0
8.7010245412427700e-01 9.6202911334388652e-01 8.7379901325369964e+00 0
9.1895826113099277e-01 9.6202911334388608e-01 8.7379901325369964e+00 0
9.6202911334388652e-01 9.6202911334388697e-01 8.7379901325369929e+00 0
1.5188354662445347e-01 1.5188354662445347e-01 8.5318965018095838e+00 0
2.8578275310635193e-01 1.5188354662445352e-01 8.5318965018095803e+00 0
4.0382712259170028e-01 1.5188354662445352e-01 8.5318965018095803e+00 0
5.0789400643150273e-01 1.5188354662445347e-01 8.5318965018095767e+00 0
5.9963846115935882e-01 1.5188354662445358e-01 8.5318965018095803e+00 0
6.8051957014181541e-01 1.5188354662445352e-01 8.5318965018095803e+00 0
7.5182364851512995e-01 1.5188354662445352e-01 8.5318965018095803e+00 0
8.1468470045459407e-01 1.5188354662445352e-01 8.5318965018095803e+00 0
8.7010245412427656e-01 1.5188354662445352e-01 8.5318965018095838e+00 0
9.1895826113099233e-01 1.5188354662445347e-01 8.5318965018095838e+00 0
9.6202911334388652e-01 1.5188354662445352e-01 8.5318965018095767e+00 0
1.5188354662445347e-01 2.8578275310635193e-01 8.5318965018095803e+00 0
2.8578275310635204e-01 2.8578275310635204e-01 8.5318965018095803e+00 0
4.0382712259170028e-01 2.8578275310635182e-01 8.5318965018095803e+00 0
5.0789400643150273e-01 2.8578275310635204e-01 8.5318965018095767e+00 0
5.9963846115935926e-01 2.8578275310635193e-01 8.5318965018095803e+00 0
6.8051957014181585e-01 2.8578275310635204e-01 8.5318965018095803e+00 0
7.5182364851512995e-01 2.8578275310635193e-01 8.5318965018095803e+00 0
8.1468470045459407e-01 2.8578275310635193e-01 8.5318965018095803e+00 0
8.7010245412427656e-01 2.8578275310635182e-01 8.5318965018095767e+00 0
9.1895826113099277e-01 2.8578275310635204e-01 8.5318965018095803e+00 0
9.6202911334388652e-01 2.8578275310635182e-01 8.5318965018095838e+00 0
1.5188354662445347e-01 4.0382712259170050e-01 8.5318965018095803e+00 0
2.8578275310635204e-01 4.0382712259170028e-01 8.5318965018095803e+00 0
4.0382712259170050e-01 4.0382712259170073e-01 8.5318965018095803e+00 0
5.0789400643150273e-01 4.0382712259170028e-01 8.5318965018095767e+00 0
5.9963846115935926e-01 4.0382712259170028e-01 8.5318965018095803e+00 0
6.8051957014181585e-01 4.0382712259170028e-01 8.5318965018095803e+00 0
7.5182364851512995e-01 4.0382712259170028e-01 8.5318965018095803e+00 0
8.1468470045459407e-01 4.0382712259170028e-01 8.5318965018095803e+00 0
8.7010245412427611e-01 4.0382712259170028e-01 8.5318965018095767e+00 0
9.1895826113099277e-01 4.0382712259170028e-01 8.5318965018095803e+00 0
9.6202911334388652e-01 4.0382712259170028e-01 8.5318965018095838e+00 0
1.5188354662445347e-01 5.0789400643150251e-01 8.5318965018095803e+00 0
2.8578275310635204e-01 5.0789400643150251e-01 8.5318965018095803e+00 0
4.0382712259170050e-01 5.0789400643150251e-01 8.5318965018095838e+00 0
5.0789400643150273e-01 5.0789400643150273e-01 8.5318965018095767e+00 0
5.9963846115935882e-01 5.0789400643150273e-01 8.5318965018095803e+00 0
6.8051957014181541e-01 5.0789400643150273e-01 8.5318965018095803e+00 0
7.5182364851512995e-01 5.0789400643150273e-01 8.5318965018095803e+00 0
8.1468470045459451e-01 5.0789400643150273e-01 8.5318965018095803e+00 0
8.7010245412427656e-01 5.0789400643150273e-01 8.5318965018095767e+00 0
9.1895826113099277e-01 5.0789400643150273e-01 8.5318965018095838e+00 0
9.6202911334388652e-01 5.0789400643150273e-01 8.5318965018095838e+00 0
1.5188354662445347e-01 5.9963846115935904e-01 8.5318965018095803e+00 0
2.8578275310635204e-01 5.9963846115935904e-01 8.5318965018095803e+00 0
4.0382712259170028e-01 5.9963846115935882e-01 8.5318965018095803e+00 0
5.0789400643150273e-01 5.9963846115935904e-01 8.5318965018095767e+00 0
5.9963846115935882e-01 5.9963846115935904e-01 8.5318965018095803e+00 0
6.8051957014181541e-01 5.9963846115935904e-01 8.5318965018095803e+00 0
7.5182364851512995e-01 5.9963846115935904e-01 8.5318965018095803e+00 0
8.1468470045459407e-01 5.9963846115935904e-01 8.5318965018095803e+00 0
8.7010245412427611e-01 5.9963846115935882e-01 8.5318965018095803e+00 0
9.1895826113099277e-01 5.9963846115935904e-01 8.5318965018095803e+00 0
9.6202911334388608e-01 5.9963846115935926e-01 8.5318965018095838e+00 0
1.5188354662445358e-01 6.8051957014181541e-01 8.5318965018095803e+00 0
2.8578275310635204e-01 6.8051957014181541e-01 8.5318965018095803e+00 0
4.0382712259170050e-01 6.8051957014181585e-01 8.5318965018095803e+00 0
5.0789400643150273e-01 6.8051957014181541e-01 8.5318965018095767e+00 0
5.9963846115935882e-01 6.8051957014181585e-01 8.5318965018095803e+00 0
6.8051957014181541e-01 6.8051957014181541e-01 8.5318965018095803e+00 0
7.5182364851512995e-01 6.8051957014181541e-01 8.5318965018095803e+00 0
8.1468470045459451e-01 6.8051957014181585e-01 8.5318965018095803e+00 0
8.7010245412427700e-01 6.8051957014181541e-01 8.5318965018095767e+00 0
9.1895826113099277e-01 6.8051957014181541e-01 8.5318965018095803e+00 0
9.6202911334388608e-01 6.8051957014181541e-01 8.5318965018095838e+00 0
1.5188354662445347e-01 7.5182364851512995e-01 8.5318965018095803e+00 0
2.8578275310635204e-01 7.5182364851512995e-01 8.5318965018095803e+00 0
4.0382712259170028e-01 7.5182364851512995e-01 8.5318965018095803e+00 0
5.0789400643150273e-01 7.5182364851512951e-01 8.5318965018095767e+00 0
5.9963846115935882e-01 7.5182364851512995e-01 8.5318965018095803e+00 0
6.8051957014181541e-01 7.5182364851512995e-01 8.5318965018095803e+00 0
7.5182364851512995e-01 7.5182364851512995e-01 8.5318965018095803e+00 0
8.1468470045459451e-01 7.5182364851512995e-01 8.5318965018095803e+00 0
8.7010245412427656e-01 7.5182364851512995e-01 8.5318965018095803e+00 0
9.1895826113099277e-01 7.5182364851512995e-01 8.5318965018095803e+00 0
9.6202911334388608e-01 7.5182364851512951e-01 8.5318965018095838e+00 0
1.5188354662445347e-01 8.1468470045459407e-01 8.5318965018095803e+00 0
2.8578275310635204e-01 8.1468470045459451e-01 8.5318965018095803e+00 0
4.0382712259170028e-01 8.1468470045459451e-01 8.5318965018095803e+00 0
5.0789400643150273e-01 8.1468470045459451e-01 8.5318965018095767e+00 0
5.9963846115935882e-01 8.1468470045459407e-01 8.5318965018095803e+00 0
6.8051957014181585e-01 8.1468470045459451e-01 8.5318965018095803e+00 0
7.5182364851512995e-01 8.1468470045459451e-01 8.5318965018095803e+00 0
8.1468470045459407e-01 8.1468470045459407e-01 8.5318965018095803e+00 0
8.7010245412427656e-01 8.1468470045459451e-01 8.5318965018095767e+00 0
9.1895826113099277e-01 8.1468470045459451e-01 8.5318965018095838e+00 0
9.6202911334388652e-01 8.1468470045459407e-01 8.5318965018095838e+00 0
1.5188354662445358e-01 8.7010245412427656e-01 8.5318965018095803e+00 0
2.8578275310635204e-01 8.7010245412427656e-01 8.5318965018095803e+00 0
4.0382712259170050e-01 8.7010245412427611e-01 8.5318965018095803e+00 0
5.0789400643150273e-01 8.7010245412427656e-01 8.5318965018095767e+00 0
5.9963846115935882e-01 8.7010245412427611e-01 8.5318965018095803e+00 0
6.8051957014181541e-01 8.7010245412427656e-01 8.5318965018095803e+00 0
7.5182364851512995e-01 8.7010245412427656e-01 8.5318965018095803e+00 0
8.1468470045459451e-01 8.7010245412427656e-01 8.5318965018095803e+00 0
8.7010245412427656e-01 8.7010245412427656e-01 8.5318965018095767e+00 0
9.1895826113099277e-01 8.7010245412427656e-01 8.5318965018095803e+00 0
9.6202911334388563e-01 8.7010245412427656e-01 8.5318965018095838e+00 0
1.5188354662445347e-01 9.1895826113099277e-01 8.5318965018095803e+00 0
2.8578275310635204e-01 9.1895826113099277e-01 8.5318965018095803e+00 0
4.0382712259170050e-01 9.1895826113099277e-01 8.5318965018095803e+00 0
5.0789400643150273e-01 9.1895826113099277e-01 8.5318965018095767e+00 0
5.9963846115935882e-01 9.1895826113099277e-01 8.5318965018095803e+00 0
6.8051957014181541e-01 9.1895826113099233e-01 8.5318965018095803e+00 0
7.5182364851512995e-01 9.1895826113099277e-01 8.5318965018095803e+00 0
8.1468470045459451e-01 9.1895826113099277e-01 8.5318965018095803e+00 0
8.7010245412427656e-01 9.1895826113099277e-01 8.5318965018095767e+00 0
9.1895826113099277e-01 9.1895826113099277e-01 8.5318965018095803e+00 0
9.6202911334388608e-01 9.1895826113099277e-01 8.5318965018095838e+00 0
1.5188354662445358e-01 9.6202911334388652e-01 8.5318965018095803e+00 0
2.8578275310635204e-01 9.6202911334388652e-01 8.5318965018095803e+00 0
4.0382712259170050e-01 9.6202911334388608e-01 8.5318965018095803e+00 0
5.0789400643150273e-01 9.6202911334388652e-01 8.5318965018095767e+00 0
5.9963846115935882e-01 9.6202911334388741e-01 8.5318965018095803e+00 0
6.8051957014181541e-01 9.6202911334388697e-01 8.5318965018095803e+00 0
7.5182364851512995e-01 9.6202911334388697e-01 8.5318965018095803e+00 0
8.1468470045459451e-01 9.6202911334388697e-01 8.5318965018095803e+00 0
8.7010245412427611e-01 9.6202911334388652e-01 8.5318965018095767e+00 0
9.1895826113099277e-01 9.6202911334388697e-01 8.5318965018095803e+00 0
9.6202911334388652e-01 9.6202911334388652e-01 8.5318965018095803e+00 0
1.5188354662445341e-01 1.5188354662445341e-01 8.3170019791245515e+00 0
2.8578275310635193e-01 1.5188354662445352e-01 8.3170019791245586e+00 0
4.0382712259170050e-01 1.5188354662445352e-01 8.3170019791245586e+00 0
5.0789400643150273e-01 1.5188354662445347e-01 8.3170019791245551e+00 0
5.9963846115935970e-01 1.5188354662445347e-01 8.3170019791245551e+00 0
6.8051957014181585e-01 1.5188354662445352e-01 8.3170019791245586e+00 0
7.5182364851512995e-01 1.5188354662445352e-01 8.3170019791245586e+00 0
8.1468470045459407e-01 1.5188354662445352e-01 8.3170019791245551e+00 0
8.7010245412427700e-01 1.5188354662445347e-01 8.3170019791245551e+00 0
9.1895826113099366e-01 1.5188354662445347e-01 8.3170019791245551e+00 0
9.6202911334388652e-01 1.5188354662445352e-01 8.3170019791245551e+00 0
1.5188354662445341e-01 2.8578275310635204e-01 8.3170019791245586e+00 0
2.8578275310635204e-01 2.8578275310635204e-01 8.3170019791245551e+00 0
4.0382712259170050e-01 2.8578275310635215e-01 8.3170019791245551e+00 0
5.0789400643150273e-01 2.8578275310635204e-01 8.3170019791245551e+00 0
5.9963846115935926e-01 2.8578275310635193e-01 8.3170019791245551e+00 0
6.8051957014181585e-01 2.8578275310635204e-01 8.3170019791245586e+00 0
7.5182364851512951e-01 2.8578275310635204e-01 8.3170019791245551e+00 0
8.1468470045459407e-01 2.8578275310635215e-01 8.3170019791245551e+00 0
8.7010245412427700e-01 2.8578275310635193e-01 8.3170019791245551e+00 0
9.1895826113099233e-01 2.8578275310635204e-01 8.3170019791245586e+00 0
9.6202911334388697e-01 2.8578275310635193e-01 8.3170019791245551e+00 0
1.5188354662445352e-01 4.0382712259170028e-01 8.3170019791245586e+00 0
2.8578275310635204e-01 4.0382712259170050e-01 8.3170019791245551e+00 0
4.0382712259170050e-01 4.0382712259170050e-01 8.3170019791245551e+00 0
5.0789400643150273e-01 4.0382712259170050e-01 8.3170019791245551e+00 0
5.9963846115935926e-01 4.0382712259170050e-01 8.3170019791245622e+00 0
6.8051957014181585e-01 4.0382712259170050e-01 8.3170019791245586e+00 0
7.5182364851512995e-01 4.0382712259170050e-01 8.3170019791245586e+00 0
8.1468470045459407e-01 4.0382712259170028e-01 8.3170019791245551e+00 0
8.7010245412427700e-01 4.0382712259170050e-01 8.3170019791245551e+00 0
9.1895826113099321e-01 4.0382712259170050e-01 8.3170019791245586e+00 0
9.6202911334388652e-01 4.0382712259170050e-01 8.3170019791245551e+00 0
1.5188354662445352e-01 5.0789400643150273e-01 8.3170019791245586e+00 0
2.8578275310635204e-01 5.0789400643150251e-01 8.3170019791245551e+00 0
4.0382712259170050e-01 5.0789400643150251e-01 8.3170019791245551e+00 0
5.0789400643150273e-01 5.0789400643150273e-01 8.3170019791245551e+00 0
5.9963846115935970e-01 5.0789400643150273e-01 8.3170019791245622e+00 0
6.8051957014181585e-01 5.0789400643150273e-01 8.3170019791245586e+00 0
7.5182364851512995e-01 5.0789400643150273e-01 8.3170019791245586e+00 0
8.1468470045459451e-01 5.0789400643150273e-01 8.3170019791245586e+00 0
8.7010245412427700e-01 5.0789400643150273e-01 8.3170019791245551e+00 0
9.1895826113099321e-01 5.0789400643150273e-01 8.3170019791245586e+00 0
9.6202911334388608e-01 5.0789400643150273e-01 8.3170019791245551e+00 0
1.5188354662445352e-01 5.9963846115935904e-01 8.3170019791245586e+00 0
2.8578275310635204e-01 5.9963846115935904e-01 8.3170019791245551e+00 0
4.0382712259170050e-01 5.9963846115935948e-01 8.3170019791245551e+00 0
5.0789400643150273e-01 5.9963846115935926e-01 8.3170019791245551e+00 0
5.9963846115935926e-01 5.9963846115935904e-01 8.3170019791245622e+00 0
6.8051957014181585e-01 5.9963846115935926e-01 8.3170019791245551e+00 0
7.5182364851512995e-01 5.9963846115935926e-01 8.3170019791245586e+00 0
8.1468470045459407e-01 5.9963846115935904e-01 8.3170019791245551e+00 0
8.7010245412427656e-01 5.9963846115935904e-01 8.3170019791245551e+00 0
9.1895826113099233e-01 5.9963846115935904e-01 8.3170019791245586e+00 0
9.6202911334388652e-01 5.9963846115935882e-01 8.3170019791245586e+00 0
1.5188354662445352e-01 6.8051957014181585e-01 8.3170019791245586e+00 0
2.8578275310635204e-01 6.8051957014181585e-01 8.3170019791245551e+00 0
4.0382712259170050e-01 6.8051957014181585e-01 8.3170019791245551e+00 0
5.0789400643150273e-01 6.8051957014181585e-01 8.3170019791245551e+00 0
5.9963846115935970e-01 6.8051957014181585e-01 8.3170019791245622e+00 0
6.8051957014181585e-01 6.8051957014181585e-01 8.3170019791245586e+00 0
7.5182364851512995e-01 6.8051957014181585e-01 8.3170019791245586e+00 0
8.1468470045459407e-01 6.8051957014181585e-01 8.3170019791245551e+00 0
8.7010245412427656e-01 6.8051957014181585e-01 8.3170019791245551e+00 0
9.1895826113099233e-01 6.8051957014181585e-01 8.3170019791245551e+00 0
9.6202911334388697e-01 6.8051957014181585e-01 8.3170019791245586e+00 0
1.5188354662445352e-01 7.5182364851512951e-01 8.3170019791245586e+00 0
2.8578275310635204e-01 7.5182364851512995e-01 8.3170019791245551e+00 0
4.0382712259170050e-01 7.5182364851512951e-01 8.3170019791245551e+00 0
5.0789400643150273e-01 7.5182364851512995e-01 8.3170019791245551e+00 0
5.9963846115935970e-01 7.5182364851512995e-01 8.3170019791245622e+00 0
6.8051957014181585e-01 7.5182364851512951e-01 8.3170019791245586e+00 0
7.5182364851512995e-01 7.5182364851512995e-01 8.3170019791245586e+00 0
8.1468470045459407e-01 7.5182364851512951e-01 8.3170019791245551e+00 0
8.7010245412427611e-01 7.5182364851512995e-01 8.3170019791245551e+00 0
9.1895826113099277e-01 7.5182364851512995e-01 8.3170019791245551e+00 0
9.6202911334388697e-01 7.5182364851512995e-01 8.3170019791245551e+00 0
1.5188354662445352e-01 8.1468470045459451e-01 8.3170019791245586e+00 0
2.8578275310635204e-01 8.1468470045459451e-01 8.3170019791245551e+00 0
4.0382712259170050e-01 8.1468470045459451e-01 8.3170019791245551e+00 0
5.0789400643150273e-01 8.1468470045459407e-01 8.3170019791245551e+00 0
5.9963846115935926e-01 8.1468470045459496e-01 8.3170019791245551e+00 0
6.8051957014181585e-01 8.1468470045459451e-01 8.3170019791245586e+00 0
7.5182364851512995e-01 8.1468470045459451e-01 8.3170019791245586e+00 0
8.1468470045459407e-01 8.1468470045459451e-01 8.3170019791245551e+00 0
8.7010245412427700e-01 8.1468470045459407e-01 8.3170019791245551e+00 0
9.1895826113099321e-01 8.1468470045459407e-01 8.3170019791245551e+00 0
9.6202911334388652e-01 8.1468470045459407e-01 8.3170019791245551e+00 0
1.5188354662445352e-01 8.7010245412427611e-01 8.3170019791245586e+00 0
2.8578275310635204e-01 8.7010245412427700e-01 8.3170019791245551e+00 0
4.0382712259170050e-01 8.7010245412427611e-01 8.3170019791245551e+00 0
5.0789400643150273e-01 8.7010245412427656e-01 8.3170019791245551e+00 0
5.9963846115935926e-01 8.7010245412427611e-01 8.3170019791245551e+00 0
6.8051957014181585e-01 8.7010245412427656e-01 8.3170019791245586e+00 0
7.5182364851512995e-01 8.7010245412427567e-01 8.3170019791245586e+00 0
8.1468470045459407e-01 8.7010245412427611e-01 8.3170019791245551e+00 0
8.7010245412427700e-01 8.7010245412427567e-01 8.3170019791245551e+00 0
9.1895826113099277e-01 8.7010245412427567e-01 8.3170019791245551e+00 0
9.6202911334388652e-01 8.7010245412427611e-01 8.3170019791245551e+00 0
1.5188354662445347e-01 9.1895826113099233e-01 8.3170019791245586e+00 0
2.8578275310635204e-01 9.1895826113099233e-01 8.3170019791245551e+00 0
4.0382712259170050e-01 9.1895826113099233e-01 8.3170019791245551e+00 0
5.0789400643150273e-01 9.1895826113099188e-01 8.3170019791245551e+00 0
5.9963846115935970e-01 9.1895826113099233e-01 8.3170019791245622e+00 0
6.8051957014181585e-01 9.1895826113099188e-01 8.3170019791245586e+00 0
7.5182364851512995e-01 9.1895826113099233e-01 8.3170019791245586e+00 0
8.1468470045459407e-01 9.1895826113099188e-01 8.3170019791245551e+00 0
8.7010245412427656e-01 9.1895826113099233e-01 8.3170019791245551e+00 0
9.1895826113099277e-01 9.1895826113099233e-01 8.3170019791245551e+00 0
9.6202911334388652e-01 9.1895826113099233e-01 8.3170019791245551e+00 0
1.5188354662445352e-01 9.6202911334388697e-01 8.3170019791245586e+00 0
2.8578275310635204e-01 9.6202911334388785e-01 8.3170019791245551e+00 0
4.0382712259170050e-01 9.6202911334388741e-01 8.3170019791245551e+00 0
5.0789400643150273e-01 9.6202911334388697e-01 8.3170019791245551e+00 0
5.9963846115935926e-01 9.6202911334388652e-01 8.3170019791245622e+00 0
6.8051957014181585e-01 9.6202911334388697e-01 8.3170019791245586e+00 0
7.5182364851512995e-01 9.6202911334388697e-01 8.3170019791245586e+00 0
8.1468470045459407e-01 9.6202911334388697e-01 8.3170019791245551e+00 0
8.7010245412427656e-01 9.6202911334388697e-01 8.3170019791245551e+00 0
9.1895826113099277e-01 9.6202911334388697e-01 8.3170019791245551e+00 0
9.6202911334388697e-01 9.6202911334388697e-01 8.3170019791245586e+00 0
1.5188354662445347e-01 1.5188354662445341e-01 8.0909554435043383e+00 0
2.8578275310635215e-01 1.5188354662445352e-01 8.0909554435043418e+00 0
4.0382712259170028e-01 1.5188354662445352e-01 8.0909554435043418e+00 0
5.0789400643150273e-01 1.5188354662445352e-01 8.0909554435043418e+00 0
5.9963846115935926e-01 1.5188354662445347e-01 8.0909554435043418e+00 0
6.8051957014181541e-01 1.5188354662445358e-01 8.0909554435043383e+00 0
7.5182364851512995e-01 1.5188354662445358e-01 8.0909554435043418e+00 0
8.1468470045459407e-01 1.5188354662445352e-01 8.0909554435043383e+00 0
8.7010245412427656e-01 1.5188354662445352e-01 8.0909554435043418e+00 0
9.1895826113099233e-01 1.5188354662445358e-01 8.0909554435043418e+00 0
9.6202911334388652e-01 1.5188354662445358e-01 8.0909554435043383e+00 0
1.5188354662445347e-01 2.8578275310635215e-01 8.0909554435043383e+00 0
2.8578275310635204e-01 2.8578275310635215e-01 8.0909554435043418e+00 0
4.0382712259170028e-01 2.8578275310635193e-01 8.0909554435043418e+00 0
5.0789400643150273e-01 2.8578275310635204e-01 8.0909554435043418e+00 0
5.9963846115935926e-01 2.8578275310635215e-01 8.0909554435043418e+00 0
6.8051957014181585e-01 2.8578275310635204e-01 8.0909554435043347e+00 0
7.5182364851512995e-01 2.8578275310635215e-01 8.0909554435043454e+00 0
8.1468470045459407e-01 2.8578275310635215e-01 8.0909554435043454e+00 0
8.7010245412427700e-01 2.8578275310635193e-01 8.0909554435043418e+00 0
9.1895826113099233e-01 2.8578275310635215e-01 8.0909554435043418e+00 0
9.6202911334388652e-01 2.8578275310635215e-01 8.0909554435043418e+00 0
1.5188354662445347e-01 4.0382712259170050e-01 8.0909554435043454e+00 0
2.8578275310635204e-01 4.0382712259170028e-01 8.0909554435043418e+00 0
4.0382712259170028e-01 4.0382712259170028e-01 8.0909554435043418e+00 0
5.0789400643150273e-01 4.0382712259170028e-01 8.0909554435043418e+00 0
5.9963846115935926e-01 4.0382712259170028e-01 8.0909554435043418e+00 0
6.8051957014181541e-01 4.0382712259170050e-01 8.0909554435043383e+00 0
7.5182364851512995e-01 4.0382712259170028e-01 8.0909554435043454e+00 0
8.1468470045459407e-01 4.0382712259170028e-01 8.0909554435043454e+00 0
8.7010245412427700e-01 4.0382712259170028e-01 8.0909554435043418e+00 0
9.1895826113099233e-01 4.0382712259170028e-01 8.0909554435043418e+00 0
9.6202911334388652e-01 4.0382712259170050e-01 8.0909554435043383e+00 0
1.5188354662445347e-01 5.0789400643150295e-01 8.0909554435043383e+00 0
2.8578275310635204e-01 5.0789400643150251e-01 8.0909554435043418e+00 0
4.0382712259170028e-01 5.0789400643150295e-01 8.0909554435043418e+00 0
5.0789400643150273e-01 5.0789400643150273e-01 8.0909554435043418e+00 0
5.9963846115935926e-01 5.0789400643150273e-01 8.0909554435043418e+00 0
6.8051957014181585e-01 5.0789400643150273e-01 8.0909554435043454e+00 0
7.5182364851512995e-01 5.0789400643150273e-01 8.0909554435043454e+00 0
8.1468470045459407e-01 5.0789400643150273e-01 8.0909554435043454e+00 0
8.7010245412427700e-01 5.0789400643150273e-01 8.0909554435043418e+00 0
9.1895826113099188e-01 5.0789400643150273e-01 8.0909554435043418e+00 0
9.6202911334388652e-01 5.0789400643150273e-01 8.0909554435043418e+00 0
1.5188354662445358e-01 5.9963846115935926e-01 8.0909554435043383e+00 0
2.8578275310635204e-01 5.9963846115935926e-01 8.0909554435043418e+00 0
4.0382712259170028e-01 5.9963846115935948e-01 8.0909554435043418e+00 0
5.0789400643150273e-01 5.9963846115935926e-01 8.0909554435043418e+00 0
5.9963846115935926e-01 5.9963846115935926e-01 8.0909554435043418e+00 0
6.8051957014181541e-01 5.9963846115935926e-01 8.0909554435043383e+00 0
7.5182364851512995e-01 5.9963846115935926e-01 8.0909554435043454e+00 0
8.1468470045459407e-01 5.9963846115935926e-01 8.0909554435043454e+00 0
8.7010245412427700e-01 5.9963846115935926e-01 8.0909554435043418e+00 0
9.1895826113099233e-01 5.9963846115935926e-01 8.0909554435043418e+00 0
9.6202911334388652e-01 5.9963846115935926e-01 8.0909554435043383e+00 0
1.5188354662445358e-01 6.8051957014181585e-01 8.0909554435043383e+00 0
2.8578275310635204e-01 6.8051957014181585e-01 8.0909554435043418e+00 0
4.0382712259170050e-01 6.8051957014181541e-01 8.0909554435043418e+00 0
5.0789400643150273e-01 6.8051957014181585e-01 8.0909554435043418e+00 0
5.9963846115935926e-01 6.8051957014181585e-01 8.0909554435043418e+00 0
6.8051957014181585e-01 6.8051957014181585e-01 8.0909554435043418e+00 0
7.5182364851512995e-01 6.8051957014181585e-01 8.0909554435043454e+00 0
8.1468470045459407e-01 6.8051957014181585e-01 8.0909554435043454e+00 0
8.7010245412427611e-01 6.8051957014181541e-01 8.0909554435043418e+00 0
9.1895826113099277e-01 6.8051957014181585e-01 8.0909554435043418e+00 0
9.6202911334388697e-01 6.8051957014181585e-01 8.0909554435043418e+00 0
1.5188354662445347e-01 7.5182364851512995e-01 8.0909554435043454e+00 0
2.8578275310635204e-01 7.5182364851512995e-01 8.0909554435043418e+00 0
4.0382712259170028e-01 7.5182364851512995e-01 8.0909554435043418e+00 0
5.0789400643150273e-01 7.5182364851512995e-01 8.0909554435043418e+00 0
5.9963846115935926e-01 7.5182364851512995e-01 8.0909554435043418e+00 0
6.8051957014181541e-01 7.5182364851512995e-01 8.0909554435043383e+00 0
7.5182364851512995e-01 7.5182364851512995e-01 8.0909554435043454e+00 0
8.1468470045459407e-01 7.5182364851512995e-01 8.0909554435043454e+00 0
8.7010245412427700e-01 7.5182364851512951e-01 8.0909554435043418e+00 0
9.1895826113099233e-01 7.5182364851512951e-01 8.0909554435043418e+00 0
9.6202911334388652e-01 7.5182364851512995e-01 8.0909554435043418e+00 0
1.5188354662445347e-01 8.1468470045459407e-01 8.0909554435043383e+00 0
2.8578275310635215e-01 8.1468470045459407e-01 8.0909554435043454e+00 0
4.0382712259170028e-01 8.1468470045459407e-01 8.0909554435043418e+00 0
5.0789400643150273e-01 8.1468470045459407e-01 8.0909554435043418e+00 0
5.9963846115935926e-01 8.1468470045459407e-01 8.0909554435043418e+00 0
6.8051957014181585e-01 8.1468470045459407e-01 8.0909554435043454e+00 0
7.5182364851512995e-01 8.1468470045459407e-01 8.0909554435043454e+00 0
8.1468470045459407e-01 8.1468470045459407e-01 8.0909554435043454e+00 0
8.7010245412427700e-01 8.1468470045459407e-01 8.0909554435043418e+00 0
9.1895826113099188e-01 8.1468470045459407e-01 8.0909554435043418e+00 0
9.6202911334388652e-01 8.1468470045459407e-01 8.0909554435043454e+00 0
1.5188354662445336e-01 8.7010245412427700e-01 8.0909554435043383e+00 0
2.8578275310635204e-01 8.7010245412427745e-01 8.0909554435043418e+00 0
4.0382712259170028e-01 8.7010245412427700e-01 8.0909554435043418e+00 0
5.0789400643150273e-01 8.7010245412427700e-01 8.0909554435043418e+00 0
5.9963846115935926e-01 8.7010245412427700e-01 8.0909554435043418e+00 0
6.8051957014181541e-01 8.7010245412427700e-01 8.0909554435043383e+00 0
7.5182364851512995e-01 8.7010245412427700e-01 8.0909554435043454e+00 0
8.1468470045459407e-01 8.7010245412427656e-01 8.0909554435043454e+00 0
8.7010245412427656e-01 8.7010245412427700e-01 8.0909554435043418e+00 0
9.1895826113099233e-01 8.7010245412427656e-01 8.0909554435043418e+00 0
9.6202911334388652e-01 8.7010245412427656e-01 8.0909554435043383e+00 0
1.5188354662445336e-01 9.1895826113099233e-01 8.0909554435043383e+00 0
2.8578275310635204e-01 9.1895826113099321e-01 8.0909554435043418e+00 0
4.0382712259170028e-01 9.1895826113099277e-01 8.0909554435043418e+00 0
5.0789400643150273e-01 9.1895826113099188e-01 8.0909554435043418e+00 0
5.9963846115935926e-01 9.1895826113099233e-01 8.0909554435043418e+00 0
6.8051957014181541e-01 9.1895826113099277e-01 8.0909554435043454e+00 0
7.5182364851512951e-01 9.1895826113099188e-01 8.0909554435043454e+00 0
8.1468470045459407e-01 9.1895826113099188e-01 8.0909554435043454e+00 0
8.7010245412427700e-01 9.1895826113099233e-01 8.0909554435043418e+00 0
9.1895826113099233e-01 9.1895826113099233e-01 8.0909554435043418e+00 0
9.6202911334388652e-01 9.1895826113099277e-01 8.0909554435043418e+00 0
1.5188354662445358e-01 9.6202911334388652e-01 8.0909554435043383e+00 0
2.8578275310635204e-01 9.6202911334388697e-01 8.0909554435043418e+00 0
4.0382712259170050e-01 9.6202911334388697e-01 8.0909554435043418e+00 0
5.0789400643150273e-01 9.6202911334388608e-01 8.0909554435043418e+00 0
5.9963846115935926e-01 9.6202911334388652e-01 8.0909554435043418e+00 0
6.8051957014181585e-01 9.6202911334388608e-01 8.0909554435043418e+00 0
7.5182364851512995e-01 9.6202911334388652e-01 8.0909554435043454e+00 0
8.1468470045459407e-01 9.6202911334388652e-01 8.0909554435043454e+00 0
8.7010245412427611e-01 9.6202911334388697e-01 8.0909554435043418e+00 0
9.1895826113099277e-01 9.6202911334388652e-01 8.0909554435043418e+00 0
9.6202911334388652e-01 9.6202911334388652e-01 8.0909554435043418e+00 0
1.5188354662445341e-01 1.5188354662445341e-01 7.8509147991188115e+00 0
2.8578275310635215e-01 1.5188354662445341e-01 7.8509147991188115e+00 0
4.0382712259170028e-01 1.5188354662445358e-01 7.8509147991188115e+00 0
5.0789400643150273e-01 1.5188354662445347e-01 7.8509147991188115e+00 0
5.9963846115935926e-01 1.5188354662445347e-01 7.8509147991188151e+00 0
6.8051957014181585e-01 1.5188354662445347e-01 7.8509147991188080e+00 0
7.5182364851512995e-01 1.5188354662445352e-01 7.8509147991188115e+00 0
8.1468470045459451e-01 1.5188354662445341e-01 7.8509147991188151e+00 0
8.7010245412427656e-01 1.5188354662445352e-01 7.8509147991188151e+00 0
9.1895826113099277e-01 1.5188354662445336e-01 7.8509147991188151e+00 0
9.6202911334388652e-01 1.5188354662445352e-01 7.8509147991188115e+00 0
1.5188354662445336e-01 2.8578275310635215e-01 7.8509147991188115e+00 0
2.8578275310635204e-01 2.8578275310635204e-01 7.8509147991188115e+00 0
4.0382712259170050e-01 2.8578275310635204e-01 7.8509147991188151e+00 0
5.0789400643150273e-01 2.8578275310635204e-01 7.8509147991188115e+00 0
5.9963846115935926e-01 2.8578275310635204e-01 7.8509147991188115e+00 0
6.8051957014181585e-01 2.8578275310635204e-01 7.8509147991188151e+00 0
7.5182364851512951e-01 2.8578275310635215e-01 7.8509147991188115e+00 0
8.1468470045459451e-01 2.8578275310635193e-01 7.8509147991188151e+00 0
8.7010245412427700e-01 2.8578275310635193e-01 7.8509147991188115e+00 0
9.1895826113099233e-01 2.8578275310635193e-01 7.8509147991188151e+00 0
9.6202911334388608e-01 2.8578275310635193e-01 7.8509147991188115e+00 0
1.5188354662445336e-01 4.0382712259170028e-01 7.8509147991188115e+00 0
2.8578275310635204e-01 4.0382712259170028e-01 7.8509147991188115e+00 0
4.0382712259170028e-01 4.0382712259170028e-01 7.8509147991188115e+00 0
5.0789400643150273e-01 4.0382712259170028e-01 7.8509147991188115e+00 0
5.9963846115935926e-01 4.0382712259170028e-01 7.8509147991188115e+00 0
6.8051957014181585e-01 4.0382712259170028e-01 7.8509147991188151e+00 0
7.5182364851512995e-01 4.0382712259170006e-01 7.8509147991188115e+00 0
8.1468470045459451e-01 4.0382712259170050e-01 7.8509147991188151e+00 0
8.7010245412427656e-01 4.0382712259170028e-01 7.8509147991188115e+00 0
9.1895826113099277e-01 4.0382712259170028e-01 7.8509147991188115e+00 0
9.6202911334388652e-01 4.0382712259170028e-01 7.8509147991188115e+00 0
1.5188354662445336e-01 5.0789400643150273e-01 7.8509147991188115e+00 0
2.8578275310635204e-01 5.0789400643150295e-01 7.8509147991188115e+00 0
4.0382712259170050e-01 5.0789400643150273e-01 7.8509147991188151e+00 0
5.0789400643150273e-01 5.0789400643150273e-01 7.8509147991188115e+00 0
5.9963846115935926e-01 5.0789400643150273e-01 7.8509147991188115e+00 0
6.8051957014181541e-01 5.0789400643150273e-01 7.8509147991188080e+00 0
7.5182364851512995e-01 5.0789400643150273e-01 7.8509147991188115e+00 0
8.1468470045459451e-01 5.0789400643150273e-01 7.8509147991188151e+00 0
8.7010245412427700e-01 5.0789400643150273e-01 7.8509147991188080e+00 0
9.1895826113099277e-01 5.0789400643150273e-01 7.8509147991188115e+00 0
9.6202911334388697e-01 5.0789400643150273e-01 7.8509147991188115e+00 0
1.5188354662445336e-01 5.9963846115935926e-01 7.8509147991188115e+00 0
2.8578275310635204e-01 5.9963846115935926e-01 7.8509147991188115e+00 0
4.0382712259170050e-01 5.9963846115935926e-01 7.8509147991188115e+00 0
5.0789400643150273e-01 5.9963846115935926e-01 7.8509147991188115e+00 0
5.9963846115935926e-01 5.9963846115935926e-01 7.8509147991188115e+00 0
6.8051957014181585e-01 5.9963846115935926e-01 7.8509147991188044e+00 0
7.5182364851512995e-01 5.9963846115935926e-01 7.8509147991188115e+00 0
8.1468470045459451e-01 5.9963846115935926e-01 7.8509147991188115e+00 0
8.7010245412427656e-01 5.9963846115935926e-01 7.8509147991188115e+00 0
9.1895826113099277e-01 5.9963846115935926e-01 7.8509147991188115e+00 0
9.6202911334388697e-01 5.9963846115935926e-01 7.8509147991188115e+00 0
1.5188354662445347e-01 6.8051957014181541e-01 7.8509147991188115e+00 0
2.8578275310635204e-01 6.8051957014181585e-01 7.8509147991188151e+00 0
4.0382712259170050e-01 6.8051957014181541e-01 7.8509147991188186e+00 0
5.0789400643150273e-01 6.8051957014181585e-01 7.8509147991188115e+00 0
5.9963846115935926e-01 6.8051957014181585e-01 7.8509147991188115e+00 0
6.8051957014181585e-01 6.8051957014181585e-01 7.8509147991188151e+00 0
7.5182364851512995e-01 6.8051957014181585e-01 7.8509147991188115e+00 0
8.1468470045459451e-01 6.8051957014181585e-01 7.8509147991188151e+00 0
8.7010245412427656e-01 6.8051957014181585e-01 7.8509147991188151e+00 0
9.1895826113099277e-01 6.8051957014181585e-01 7.8509147991188151e+00 0
9.6202911334388608e-01 6.8051957014181585e-01 7.8509147991188151e+00 0
1.5188354662445352e-01 7.5182364851512995e-01 7.8509147991188115e+00 0
2.8578275310635204e-01 7.5182364851512995e-01 7.8509147991188115e+00 0
4.0382712259170050e-01 7.5182364851512995e-01 7.8509147991188151e+00 0
5.0789400643150273e-01 7.5182364851513039e-01 7.8509147991188115e+00 0
5.9963846115935926e-01 7.5182364851513039e-01 7.8509147991188115e+00 0
6.8051957014181541e-01 7.5182364851512995e-01 7.8509147991188080e+00 0
7.5182364851512995e-01 7.5182364851513039e-01 7.8509147991188115e+00 0
8.1468470045459451e-01 7.5182364851513039e-01 7.8509147991188115e+00 0
8.7010245412427611e-01 7.5182364851512995e-01 7.8509147991188115e+00 0
9.1895826113099233e-01 7.5182364851512995e-01 7.8509147991188186e+00 0
9.6202911334388608e-01 7.5182364851512995e-01 7.8509147991188115e+00 0
1.5188354662445347e-01 8.1468470045459451e-01 7.8509147991188115e+00 0
2.8578275310635204e-01 8.1468470045459451e-01 7.8509147991188115e+00 0
4.0382712259170028e-01 8.1468470045459451e-01 7.8509147991188151e+00 0
5.0789400643150273e-01 8.1468470045459451e-01 7.8509147991188115e+00 0
5.9963846115935926e-01 8.1468470045459451e-01 7.8509147991188115e+00 0
6.8051957014181585e-01 8.1468470045459451e-01 7.8509147991188080e+00 0
7.5182364851512995e-01 8.1468470045459451e-01 7.8509147991188115e+00 0
8.1468470045459451e-01 8.1468470045459451e-01 7.8509147991188115e+00 0
8.7010245412427700e-01 8.1468470045459451e-01 7.8509147991188115e+00 0
9.1895826113099277e-01 8.1468470045459451e-01 7.8509147991188151e+00 0
9.6202911334388652e-01 8.1468470045459451e-01 7.8509147991188115e+00 0
1.5188354662445347e-01 8.7010245412427700e-01 7.8509147991188115e+00 0
2.8578275310635204e-01 8.7010245412427745e-01 7.8509147991188115e+00 0
4.0382712259170050e-01 8.7010245412427611e-01 7.8509147991188151e+00 0
5.0789400643150273e-01 8.7010245412427700e-01 7.8509147991188115e+00 0
5.9963846115935926e-01 8.7010245412427745e-01 7.8509147991188115e+00 0
6.8051957014181585e-01 8.7010245412427700e-01 7.8509147991188151e+00 0
7.5182364851512995e-01 8.7010245412427700e-01 7.8509147991188115e+00 0
8.1468470045459451e-01 8.7010245412427700e-01 7.8509147991188115e+00 0
8.7010245412427656e-01 8.7010245412427656e-01 7.8509147991188115e+00 0
9.1895826113099277e-01 8.7010245412427656e-01 7.8509147991188186e+00 0
9.6202911334388652e-01 8.7010245412427700e-01 7.8509147991188115e+00 0
1.5188354662445341e-01 9.1895826113099233e-01 7.8509147991188115e+00 0
2.8578275310635204e-01 9.1895826113099277e-01 7.8509147991188115e+00 0
4.0382712259170050e-01 9.1895826113099277e-01 7.8509147991188151e+00 0
5.0789400643150273e-01 9.1895826113099233e-01 7.8509147991188115e+00 0
5.9963846115935926e-01 9.1895826113099233e-01 7.8509147991188115e+00 0
6.8051957014181585e-01 9.1895826113099233e-01 7.8509147991188151e+00 0
7.5182364851512995e-01 9.1895826113099277e-01 7.8509147991188115e+00 0
8.1468470045459451e-01 9.1895826113099233e-01 7.8509147991188115e+00 0
8.7010245412427656e-01 9.1895826113099233e-01 7.8509147991188151e+00 0
9.1895826113099277e-01 9.1895826113099277e-01 7.8509147991188115e+00 0
9.6202911334388652e-01 9.1895826113099277e-01 7.8509147991188151e+00 0
1.5188354662445347e-01 9.6202911334388608e-01 7.8509147991188115e+00 0
2.8578275310635204e-01 9.6202911334388697e-01 7.8509147991188115e+00 0
4.0382712259170050e-01 9.6202911334388652e-01 7.8509147991188151e+00 0
5.0789400643150273e-01 9.6202911334388652e-01 7.8509147991188115e+00 0
5.9963846115935926e-01 9.6202911334388652e-01 7.8509147991188115e+00 0
6.8051957014181585e-01 9.6202911334388697e-01 7.8509147991188151e+00 0
7.5182364851512995e-01 9.6202911334388697e-01 7.8509147991188115e+00 0
8.1468470045459451e-01 9.6202911334388652e-01 7.8509147991188115e+00 0
8.7010245412427656e-01 9.6202911334388652e-01 7.8509147991188151e+00 0
9.1895826113099277e-01 9.6202911334388652e-01 7.8509147991188115e+00 0
9.6202911334388697e-01 9.6202911334388652e-01 7.8509147991188151e+00 0
1.5188354662445341e-01 1.5188354662445341e-01 7.5932596082544528e+00 0
2.8578275310635193e-01 1.5188354662445358e-01 7.5932596082544492e+00 0
4.0382712259170050e-01 1.5188354662445352e-01 7.5932596082544528e+00 0
5.0789400643150273e-01 1.5188354662445352e-01 7.5932596082544563e+00 0
5.9963846115935926e-01 1.5188354662445341e-01 7.5932596082544492e+00 0
6.8051957014181585e-01 1.5188354662445358e-01 7.5932596082544492e+00 0
7.5182364851512995e-01 1.5188354662445358e-01 7.5932596082544492e+00 0
8.1468470045459407e-01 1.5188354662445352e-01 7.5932596082544492e+00 0
8.7010245412427656e-01 1.5188354662445358e-01 7.5932596082544492e+00 0
9.1895826113099277e-01 1.5188354662445341e-01 7.5932596082544563e+00 0
9.6202911334388652e-01 1.5188354662445358e-01 7.5932596082544528e+00 0
1.5188354662445336e-01 2.8578275310635193e-01 7.5932596082544492e+00 0
2.8578275310635204e-01 2.8578275310635204e-01 7.5932596082544528e+00 0
4.0382712259170050e-01 2.8578275310635193e-01 7.5932596082544492e+00 0
5.0789400643150273e-01 2.8578275310635204e-01 7.5932596082544492e+00 0
5.9963846115935970e-01 2.8578275310635204e-01 7.5932596082544528e+00 0
6.8051957014181585e-01 2.8578275310635204e-01 7.5932596082544492e+00 0
7.5182364851512995e-01 2.8578275310635193e-01 7.5932596082544492e+00 0
8.1468470045459407e-01 2.8578275310635193e-01 7.5932596082544528e+00 0
8.7010245412427656e-01 2.8578275310635193e-01 7.5932596082544492e+00 0
9.1895826113099277e-01 2.8578275310635193e-01 7.5932596082544528e+00 0
9.6202911334388652e-01 2.8578275310635193e-01 7.5932596082544528e+00 0
1.5188354662445341e-01 4.0382712259170028e-01 7.5932596082544492e+00 0
2.8578275310635204e-01 4.0382712259170050e-01 7.5932596082544528e+00 0
4.0382712259170050e-01 4.0382712259170050e-01 7.5932596082544492e+00 0
5.0789400643150273e-01 4.0382712259170050e-01 7.5932596082544528e+00 0
5.9963846115935926e-01 4.0382712259170028e-01 7.5932596082544528e+00 0
6.8051957014181585e-01 4.0382712259170028e-01 7.5932596082544492e+00 0
7.5182364851512951e-01 4.0382712259170050e-01 7.5932596082544492e+00 0
8.1468470045459407e-01 4.0382712259170050e-01 7.5932596082544528e+00 0
8.7010245412427656e-01 4.0382712259170050e-01 7.5932596082544492e+00 0
9.1895826113099233e-01 4.0382712259170006e-01 7.5932596082544528e+00 0
9.6202911334388652e-01 4.0382712259170050e-01 7.5932596082544492e+00 0
1.5188354662445347e-01 5.0789400643150251e-01 7.5932596082544528e+00 0
2.8578275310635204e-01 5.0789400643150295e-01 7.5932596082544528e+00 0
4.0382712259170050e-01 5.0789400643150251e-01 7.5932596082544492e+00 0
5.0789400643150273e-01 5.0789400643150273e-01 7.5932596082544492e+00 0
5.9963846115935926e-01 5.0789400643150273e-01 7.5932596082544528e+00 0
6.8051957014181585e-01 5.0789400643150273e-01 7.5932596082544492e+00 0
7.5182364851512995e-01 5.0789400643150273e-01 7.5932596082544492e+00 0
8.1468470045459407e-01 5.0789400643150273e-01 7.5932596082544492e+00 0
8.7010245412427656e-01 5.0789400643150273e-01 7.5932596082544492e+00 0
9.1895826113099233e-01 5.0789400643150273e-01 7.5932596082544528e+00 0
9.6202911334388697e-01 5.0789400643150273e-01 7.5932596082544492e+00 0
1.5188354662445341e-01 5.9963846115935926e-01 7.5932596082544492e+00 0
2.8578275310635204e-01 5.9963846115935926e-01 7.5932596082544528e+00 0
4.0382712259170050e-01 5.9963846115935948e-01 7.5932596082544492e+00 0
5.0789400643150273e-01 5.9963846115935926e-01 7.5932596082544492e+00 0
5.9963846115935970e-01 5.9963846115935970e-01 7.5932596082544528e+00 0
6.8051957014181585e-01 5.9963846115935926e-01 7.5932596082544492e+00 0
7.5182364851512995e-01 5.9963846115935926e-01 7.5932596082544492e+00 0
8.1468470045459407e-01 5.9963846115935926e-01 7.5932596082544492e+00 0
8.7010245412427656e-01 5.9963846115935926e-01 7.5932596082544492e+00 0
9.1895826113099277e-01 5.9963846115935970e-01 7.5932596082544492e+00 0
9.6202911334388652e-01 5.9963846115935926e-01 7.5932596082544492e+00 0
1.5188354662445358e-01 6.8051957014181585e-01 7.5932596082544492e+00 0
2.8578275310635204e-01 6.8051957014181585e-01 7.5932596082544528e+00 0
4.0382712259170050e-01 6.8051957014181585e-01 7.5932596082544492e+00 0
5.0789400643150273e-01 6.8051957014181585e-01 7.5932596082544492e+00 0
5.9963846115935970e-01 6.8051957014181585e-01 7.5932596082544528e+00 0
6.8051957014181585e-01 6.8051957014181585e-01 7.5932596082544492e+00 0
7.5182364851512995e-01 6.8051957014181585e-01 7.5932596082544492e+00 0
8.1468470045459407e-01 6.8051957014181585e-01 7.5932596082544528e+00 0
8.7010245412427656e-01 6.8051957014181585e-01 7.5932596082544492e+00 0
9.1895826113099277e-01 6.8051957014181585e-01 7.5932596082544528e+00 0
9.6202911334388697e-01 6.8051957014181585e-01 7.5932596082544492e+00 0
1.5188354662445352e-01 7.5182364851512995e-01 7.5932596082544492e+00 0
2.8578275310635204e-01 7.5182364851512995e-01 7.5932596082544528e+00 0
4.0382712259170050e-01 7.5182364851512995e-01 7.5932596082544492e+00 0
5.0789400643150273e-01 7.5182364851512995e-01 7.5932596082544492e+00 0
5.9963846115935926e-01 7.5182364851512995e-01 7.5932596082544528e+00 0
6.8051957014181585e-01 7.5182364851512995e-01 7.5932596082544492e+00 0
7.5182364851512995e-01 7.5182364851512995e-01 7.5932596082544492e+00 0
8.1468470045459407e-01 7.5182364851512995e-01 7.5932596082544492e+00 0
8.7010245412427656e-01 7.5182364851512995e-01 7.5932596082544492e+00 0
9.1895826113099233e-01 7.5182364851512995e-01 7.5932596082544563e+00 0
9.6202911334388697e-01 7.5182364851512995e-01 7.5932596082544492e+00 0
1.5188354662445358e-01 8.1468470045459407e-01 7.5932596082544492e+00 0
2.8578275310635193e-01 8.1468470045459407e-01 7.5932596082544528e+00 0
4.0382712259170050e-01 8.1468470045459407e-01 7.5932596082544492e+00 0
5.0789400643150273e-01 8.1468470045459407e-01 7.5932596082544528e+00 0
5.9963846115935926e-01 8.1468470045459407e-01 7.5932596082544528e+00 0
6.8051957014181585e-01 8.1468470045459407e-01 7.5932596082544492e+00 0
7.5182364851512951e-01 8.1468470045459407e-01 7.5932596082544492e+00 0
8.1468470045459407e-01 8.1468470045459407e-01 7.5932596082544528e+00 0
8.7010245412427700e-01 8.1468470045459407e-01 7.5932596082544492e+00 0
9.1895826113099233e-01 8.1468470045459407e-01 7.5932596082544492e+00 0
9.6202911334388652e-01 8.1468470045459407e-01 7.5932596082544492e+00 0
1.5188354662445358e-01 8.7010245412427611e-01 7.5932596082544492e+00 0
2.8578275310635204e-01 8.7010245412427656e-01 7.5932596082544528e+00 0
4.0382712259170050e-01 8.7010245412427700e-01 7.5932596082544492e+00 0
5.0789400643150273e-01 8.7010245412427656e-01 7.5932596082544492e+00 0
5.9963846115935926e-01 8.7010245412427656e-01 7.5932596082544528e+00 0
6.8051957014181585e-01 8.7010245412427700e-01 7.5932596082544492e+00 0
7.5182364851512995e-01 8.7010245412427656e-01 7.5932596082544492e+00 0
8.1468470045459407e-01 8.7010245412427656e-01 7.5932596082544492e+00 0
8.7010245412427700e-01 8.7010245412427611e-01 7.5932596082544492e+00 0
9.1895826113099277e-01 8.7010245412427656e-01 7.5932596082544492e+00 0
9.6202911334388608e-01 8.7010245412427656e-01 7.5932596082544492e+00 0
1.5188354662445336e-01 9.1895826113099233e-01 7.5932596082544492e+00 0
2.8578275310635204e-01 9.1895826113099233e-01 7.5932596082544528e+00 0
4.0382712259170050e-01 9.1895826113099277e-01 7.5932596082544492e+00 0
5.0789400643150273e-01 9.1895826113099233e-01 7.5932596082544492e+00 0
5.9963846115935926e-01 9.1895826113099233e-01 7.5932596082544528e+00 0
6.8051957014181585e-01 9.1895826113099277e-01 7.5932596082544492e+00 0
7.5182364851512995e-01 9.1895826113099233e-01 7.5932596082544492e+00 0
8.1468470045459407e-01 9.1895826113099233e-01 7.5932596082544492e+00 0
8.7010245412427700e-01 9.1895826113099233e-01 7.5932596082544492e+00 0
9.1895826113099277e-01 9.1895826113099188e-01 7.5932596082544528e+00 0
9.6202911334388652e-01 9.1895826113099233e-01 7.5932596082544492e+00 0
1.5188354662445358e-01 9.6202911334388652e-01 7.5932596082544492e+00 0
2.8578275310635204e-01 9.6202911334388608e-01 7.5932596082544528e+00 0
4.0382712259170050e-01 9.6202911334388697e-01 7.5932596082544492e+00 0
5.0789400643150273e-01 9.6202911334388608e-01 7.5932596082544492e+00 0
5.9963846115935926e-01 9.6202911334388741e-01 7.5932596082544528e+00 0
6.8051957014181585e-01 9.6202911334388697e-01 7.5932596082544492e+00 0
7.5182364851512995e-01 9.6202911334388697e-01 7.5932596082544492e+00 0
8.1468470045459407e-01 9.6202911334388652e-01 7.5932596082544492e+00 0
8.7010245412427656e-01 9.6202911334388652e-01 7.5932596082544492e+00 0
9.1895826113099233e-01 9.6202911334388652e-01 7.5932596082544492e+00 0
9.6202911334388697e-01 9.6202911334388652e-01 7.5932596082544492e+00 0
1.5188354662445336e-01 1.5188354662445330e-01 7.3120630825931094e+00 0
2.8578275310635215e-01 1.5188354662445347e-01 7.3120630825931130e+00 0
4.0382712259170050e-01 1.5188354662445347e-01 7.3120630825931094e+00 0
5.0789400643150273e-01 1.5188354662445347e-01 7.3120630825931130e+00 0
5.9963846115935926e-01 1.5188354662445358e-01 7.3120630825931094e+00 0
6.8051957014181585e-01 1.5188354662445358e-01 7.3120630825931130e+00 0
7.5182364851512995e-01 1.5188354662445347e-01 7.3120630825931130e+00 0
8.1468470045459451e-01 1.5188354662445347e-01 7.3120630825931130e+00 0
8.7010245412427656e-01 1.5188354662445347e-01 7.3120630825931130e+00 0
9.1895826113099277e-01 1.5188354662445352e-01 7.3120630825931130e+00 0
9.6202911334388608e-01 1.5188354662445347e-01 7.3120630825931165e+00 0
1.5188354662445347e-01 2.8578275310635215e-01 7.3120630825931094e+00 0
2.8578275310635204e-01 2.8578275310635204e-01 7.3120630825931130e+00 0
4.0382712259170050e-01 2.8578275310635215e-01 7.3120630825931094e+00 0
5.0789400643150273e-01 2.8578275310635204e-01 7.3120630825931130e+00 0
5.9963846115935926e-01 2.8578275310635204e-01 7.3120630825931130e+00 0
6.8051957014181585e-01 2.8578275310635204e-01 7.3120630825931130e+00 0
7.5182364851512995e-01 2.8578275310635215e-01 7.3120630825931130e+00 0
8.1468470045459451e-01 2.8578275310635215e-01 7.3120630825931130e+00 0
8.7010245412427700e-01 2.8578275310635215e-01 7.3120630825931094e+00 0
9.1895826113099277e-01 2.8578275310635204e-01 7.3120630825931094e+00 0
9.6202911334388697e-01 2.8578275310635193e-01 7.3120630825931094e+00 0
1.5188354662445347e-01 4.0382712259170028e-01 7.3120630825931094e+00 0
2.8578275310635204e-01 4.0382712259170050e-01 7.3120630825931130e+00 0
4.0382712259170050e-01 4.0382712259170050e-01 7.3120630825931094e+00 0
5.0789400643150273e-01 4.0382712259170028e-01 7.3120630825931130e+00 0
5.9963846115935926e-01 4.0382712259170028e-01 7.3120630825931130e+00 0
6.8051957014181585e-01 4.0382712259170028e-01 7.3120630825931130e+00 0
7.5182364851512995e-01 4.0382712259170050e-01 7.3120630825931130e+00 0
8.1468470045459451e-01 4.0382712259170028e-01 7.3120630825931130e+00 0
8.7010245412427700e-01 4.0382712259170050e-01 7.3120630825931130e+00 0
9.1895826113099277e-01 4.0382712259170050e-01 7.3120630825931094e+00 0
9.6202911334388608e-01 4.0382712259170050e-01 7.3120630825931165e+00 0
1.5188354662445347e-01 5.0789400643150273e-01 7.3120630825931094e+00 0
2.8578275310635204e-01 5.0789400643150251e-01 7.3120630825931130e+00 0
4.0382712259170050e-01 5.0789400643150273e-01 7.3120630825931094e+00 0
5.0789400643150273e-01 5.0789400643150273e-01 7.3120630825931130e+00 0
5.9963846115935926e-01 5.0789400643150273e-01 7.3120630825931130e+00 0
6.8051957014181585e-01 5.0789400643150273e-01 7.3120630825931130e+00 0
7.5182364851512995e-01 5.0789400643150273e-01 7.3120630825931130e+00 0
8.1468470045459451e-01 5.0789400643150273e-01 7.3120630825931094e+00 0
8.7010245412427700e-01 5.0789400643150273e-01 7.3120630825931130e+00 0
9.1895826113099277e-01 5.0789400643150273e-01 7.3120630825931130e+00 0
9.6202911334388697e-01 5.0789400643150273e-01 7.3120630825931130e+00 0
1.5188354662445358e-01 5.9963846115935926e-01 7.3120630825931094e+00 0
2.8578275310635204e-01 5.9963846115935926e-01 7.3120630825931130e+00 0
4.0382712259170050e-01 5.9963846115935948e-01 7.3120630825931094e+00 0
5.0789400643150273e-01 5.9963846115935926e-01 7.3120630825931130e+00 0
5.9963846115935926e-01 5.9963846115935926e-01 7.3120630825931130e+00 0
6.8051957014181585e-01 5.9963846115935970e-01 7.3120630825931130e+00 0
7.5182364851512995e-01 5.9963846115935926e-01 7.3120630825931130e+00 0
8.1468470045459451e-01 5.9963846115935926e-01 7.3120630825931130e+00 0
8.7010245412427700e-01 5.9963846115935970e-01 7.3120630825931130e+00 0
9.1895826113099277e-01 5.9963846115935970e-01 7.3120630825931130e+00 0
9.6202911334388652e-01 5.9963846115935926e-01 7.3120630825931165e+00 0
1.5188354662445347e-01 6.8051957014181585e-01 7.3120630825931094e+00 0
2.8578275310635204e-01 6.8051957014181585e-01 7.3120630825931130e+00 0
4.0382712259170050e-01 6.8051957014181585e-01 7.3120630825931094e+00 0
5.0789400643150273e-01 6.8051957014181585e-01 7.3120630825931130e+00 0
5.9963846115935970e-01 6.8051957014181585e-01 7.3120630825931130e+00 0
6.8051957014181585e-01 6.8051957014181585e-01 7.3120630825931130e+00 0
7.5182364851512995e-01 6.8051957014181585e-01 7.3120630825931130e+00 0
8.1468470045459451e-01 6.8051957014181585e-01 7.3120630825931130e+00 0
8.7010245412427656e-01 6.8051957014181585e-01 7.3120630825931130e+00 0
9.1895826113099277e-01 6.8051957014181585e-01 7.3120630825931130e+00 0
9.6202911334388608e-01 6.8051957014181585e-01 7.3120630825931130e+00 0
1.5188354662445352e-01 7.5182364851512995e-01 7.3120630825931094e+00 0
2.8578275310635204e-01 7.5182364851512995e-01 7.3120630825931130e+00 0
4.0382712259170050e-01 7.5182364851512995e-01 7.3120630825931094e+00 0
5.0789400643150273e-01 7.5182364851512995e-01 7.3120630825931130e+00 0
5.9963846115935926e-01 7.5182364851512995e-01 7.3120630825931130e+00 0
6.8051957014181585e-01 7.5182364851512995e-01 7.3120630825931130e+00 0
7.5182364851512995e-01 7.5182364851512995e-01 7.3120630825931130e+00 0
8.1468470045459451e-01 7.5182364851512995e-01 7.3120630825931130e+00 0
8.7010245412427700e-01 7.5182364851512951e-01 7.3120630825931130e+00 0
9.1895826113099277e-01 7.5182364851512995e-01 7.3120630825931130e+00 0
9.6202911334388697e-01 7.5182364851512951e-01 7.3120630825931130e+00 0
1.5188354662445347e-01 8.1468470045459451e-01 7.3120630825931094e+00 0
2.8578275310635204e-01 8.1468470045459451e-01 7.3120630825931130e+00 0
4.0382712259170050e-01 8.1468470045459451e-01 7.3120630825931094e+00 0
5.0789400643150273e-01 8.1468470045459451e-01 7.3120630825931130e+00 0
5.9963846115935926e-01 8.1468470045459451e-01 7.3120630825931130e+00 0
6.8051957014181585e-01 8.1468470045459451e-01 7.3120630825931130e+00 0
7.5182364851512995e-01 8.1468470045459451e-01 7.3120630825931130e+00 0
8.1468470045459451e-01 8.1468470045459451e-01 7.3120630825931130e+00 0
8.7010245412427700e-01 8.1468470045459451e-01 7.3120630825931130e+00 0
9.1895826113099277e-01 8.1468470045459451e-01 7.3120630825931094e+00 0
9.6202911334388652e-01 8.1468470045459451e-01 7.3120630825931094e+00 0
1.5188354662445347e-01 8.7010245412427700e-01 7.3120630825931130e+00 0
2.8578275310635204e-01 8.7010245412427745e-01 7.3120630825931130e+00 0
4.0382712259170050e-01 8.7010245412427700e-01 7.3120630825931130e+00 0
5.0789400643150273e-01 8.7010245412427700e-01 7.3120630825931130e+00 0
5.9963846115935970e-01 8.7010245412427700e-01 7.3120630825931130e+00 0
6.8051957014181585e-01 8.7010245412427700e-01 7.3120630825931130e+00 0
7.5182364851512951e-01 8.7010245412427700e-01 7.3120630825931130e+00 0
8.1468470045459451e-01 8.7010245412427700e-01 7.3120630825931130e+00 0
8.7010245412427656e-01 8.7010245412427656e-01 7.3120630825931165e+00 0
9.1895826113099321e-01 8.7010245412427656e-01 7.3120630825931130e+00 0
9.6202911334388608e-01 8.7010245412427656e-01 7.3120630825931165e+00 0
1.5188354662445336e-01 9.1895826113099233e-01 7.3120630825931094e+00 0
2.8578275310635204e-01 9.1895826113099233e-01 7.3120630825931130e+00 0
4.0382712259170050e-01 9.1895826113099277e-01 7.3120630825931094e+00 0
5.0789400643150273e-01 9.1895826113099277e-01 7.3120630825931130e+00 0
5.9963846115935970e-01 9.1895826113099277e-01 7.3120630825931130e+00 0
6.8051957014181585e-01 9.1895826113099277e-01 7.3120630825931130e+00 0
7.5182364851512995e-01 9.1895826113099233e-01 7.3120630825931130e+00 0
8.1468470045459451e-01 9.1895826113099233e-01 7.3120630825931130e+00 0
8.7010245412427656e-01 9.1895826113099277e-01 7.3120630825931130e+00 0
9.1895826113099321e-01 9.1895826113099277e-01 7.3120630825931130e+00 0
9.6202911334388608e-01 9.1895826113099277e-01 7.3120630825931165e+00 0
1.5188354662445347e-01 9.6202911334388697e-01 7.3120630825931130e+00 0
2.8578275310635204e-01 9.6202911334388697e-01 7.3120630825931130e+00 0
4.0382712259170050e-01 9.6202911334388697e-01 7.3120630825931130e+00 0
5.0789400643150273e-01 9.6202911334388652e-01 7.3120630825931130e+00 0
5.9963846115935926e-01 9.6202911334388741e-01 7.3120630825931130e+00 0
6.8051957014181585e-01 9.6202911334388697e-01 7.3120630825931130e+00 0
7.5182364851512951e-01 9.6202911334388697e-01 7.3120630825931130e+00 0
8.1468470045459451e-01 9.6202911334388652e-01 7.3120630825931130e+00 0
8.7010245412427611e-01 9.6202911334388697e-01 7.3120630825931165e+00 0
9.1895826113099277e-01 9.6202911334388652e-01 7.3120630825931130e+00 0
9.6202911334388652e-01 9.6202911334388652e-01 7.3120630825931165e+00 0
1.5188354662445336e-01 1.5188354662445336e-01 6.9971936141555666e+00 0
2.8578275310635226e-01 1.5188354662445341e-01 6.9971936141555666e+00 0
4.0382712259170050e-01 1.5188354662445352e-01 6.9971936141555702e+00 0
5.0789400643150273e-01 1.5188354662445352e-01 6.9971936141555702e+00 0
5.9963846115935882e-01 1.5188354662445347e-01 6.9971936141555702e+00 0
6.8051957014181585e-01 1.5188354662445347e-01 6.9971936141555666e+00 0
7.5182364851512951e-01 1.5188354662445358e-01 6.9971936141555702e+00 0
8.1468470045459407e-01 1.5188354662445352e-01 6.9971936141555702e+00 0
8.7010245412427611e-01 1.5188354662445358e-01 6.9971936141555702e+00 0
9.1895826113099233e-01 1.5188354662445341e-01 6.9971936141555702e+00 0
9.6202911334388652e-01 1.5188354662445358e-01 6.9971936141555702e+00 0
1.5188354662445347e-01 2.8578275310635215e-01 6.9971936141555666e+00 0
2.8578275310635226e-01 2.8578275310635226e-01 6.9971936141555666e+00 0
4.0382712259170050e-01 2.8578275310635215e-01 6.9971936141555666e+00 0
5.0789400643150273e-01 2.8578275310635226e-01 6.9971936141555666e+00 0
5.9963846115935926e-01 2.8578275310635226e-01 6.9971936141555666e+00 0
6.8051957014181585e-01 2.8578275310635226e-01 6.9971936141555666e+00 0
7.5182364851512951e-01 2.8578275310635215e-01 6.9971936141555666e+00 0
8.1468470045459451e-01 2.8578275310635215e-01 6.9971936141555666e+00 0
8.7010245412427656e-01 2.8578275310635226e-01 6.9971936141555666e+00 0
9.1895826113099277e-01 2.8578275310635226e-01 6.9971936141555666e+00 0
9.6202911334388652e-01 2.8578275310635204e-01 6.9971936141555666e+00 0
1.5188354662445358e-01 4.0382712259170006e-01 6.9971936141555666e+00 0
2.8578275310635204e-01 4.0382712259170050e-01 6.9971936141555666e+00 0
4.0382712259170050e-01 4.0382712259170050e-01 6.9971936141555702e+00 0
5.0789400643150273e-01 4.0382712259170050e-01 6.9971936141555666e+00 0
5.9963846115935882e-01 4.0382712259170050e-01 6.9971936141555666e+00 0
6.8051957014181585e-01 4.0382712259170028e-01 6.9971936141555666e+00 0
7.5182364851512951e-01 4.0382712259170050e-01 6.9971936141555666e+00 0
8.1468470045459407e-01 4.0382712259170050e-01 6.9971936141555666e+00 0
8.7010245412427656e-01 4.0382712259170050e-01 6.9971936141555666e+00 0
9.1895826113099233e-01 4.0382712259170028e-01 6.9971936141555666e+00 0
9.6202911334388652e-01 4.0382712259170050e-01 6.9971936141555666e+00 0
1.5188354662445347e-01 5.0789400643150295e-01 6.9971936141555631e+00 0
2.8578275310635226e-01 5.0789400643150295e-01 6.9971936141555666e+00 0
4.0382712259170050e-01 5.0789400643150251e-01 6.9971936141555702e+00 0
5.0789400643150273e-01 5.0789400643150273e-01 6.9971936141555666e+00 0
5.9963846115935882e-01 5.0789400643150273e-01 6.9971936141555666e+00 0
6.8051957014181585e-01 5.0789400643150273e-01 6.9971936141555666e+00 0
7.5182364851512951e-01 5.0789400643150273e-01 6.9971936141555666e+00 0
8.1468470045459407e-01 5.0789400643150273e-01 6.9971936141555666e+00 0
8.7010245412427700e-01 5.0789400643150273e-01 6.9971936141555666e+00 0
9.1895826113099277e-01 5.0789400643150273e-01 6.9971936141555666e+00 0
9.6202911334388697e-01 5.0789400643150273e-01 6.9971936141555666e+00 0
1.5188354662445358e-01 5.9963846115935926e-01 6.9971936141555666e+00 0
2.8578275310635226e-01 5.9963846115935926e-01 6.9971936141555666e+00 0
4.0382712259170050e-01 5.9963846115935904e-01 6.9971936141555666e+00 0
5.0789400643150273e-01 5.9963846115935926e-01 6.9971936141555666e+00 0
5.9963846115935926e-01 5.9963846115935926e-01 6.9971936141555666e+00 0
6.8051957014181585e-01 5.9963846115935926e-01 6.9971936141555666e+00 0
7.5182364851512951e-01 5.9963846115935926e-01 6.9971936141555666e+00 0
8.1468470045459451e-01 5.9963846115935926e-01 6.9971936141555666e+00 0
8.7010245412427656e-01 5.9963846115935926e-01 6.9971936141555666e+00 0
9.1895826113099277e-01 5.9963846115935926e-01 6.9971936141555666e+00 0
9.6202911334388652e-01 5.9963846115935926e-01 6.9971936141555666e+00 0
1.5188354662445358e-01 6.8051957014181585e-01 6.9971936141555702e+00 0
2.8578275310635226e-01 6.8051957014181585e-01 6.9971936141555666e+00 0
4.0382712259170050e-01 6.8051957014181585e-01 6.9971936141555666e+00 0
5.0789400643150273e-01 6.8051957014181585e-01 6.9971936141555666e+00 0
5.9963846115935926e-01 6.8051957014181585e-01 6.9971936141555666e+00 0
6.8051957014181585e-01 6.8051957014181585e-01 6.9971936141555702e+00 0
7.5182364851512951e-01 6.8051957014181585e-01 6.9971936141555666e+00 0
8.1468470045459451e-01 6.8051957014181585e-01 6.9971936141555666e+00 0
8.7010245412427611e-01 6.8051957014181585e-01 6.9971936141555702e+00 0
9.1895826113099277e-01 6.8051957014181585e-01 6.9971936141555702e+00 0
9.6202911334388652e-01 6.8051957014181585e-01 6.9971936141555666e+00 0
1.5188354662445352e-01 7.5182364851512906e-01 6.9971936141555702e+00 0
2.8578275310635226e-01 7.5182364851512995e-01 6.9971936141555666e+00 0
4.0382712259170050e-01 7.5182364851512951e-01 6.9971936141555666e+00 0
5.0789400643150273e-01 7.5182364851512951e-01 6.9971936141555666e+00 0
5.9963846115935882e-01 7.5182364851512951e-01 6.9971936141555666e+00 0
6.8051957014181585e-01 7.5182364851512906e-01 6.9971936141555702e+00 0
7.5182364851512951e-01 7.5182364851512951e-01 6.9971936141555666e+00 0
8.1468470045459362e-01 7.5182364851512951e-01 6.9971936141555702e+00 0
8.7010245412427656e-01 7.5182364851512951e-01 6.9971936141555666e+00 0
9.1895826113099277e-01 7.5182364851512951e-01 6.9971936141555666e+00 0
9.6202911334388697e-01 7.5182364851512951e-01 6.9971936141555666e+00 0
1.5188354662445358e-01 8.1468470045459451e-01 6.9971936141555666e+00 0
2.8578275310635226e-01 8.1468470045459451e-01 6.9971936141555666e+00 0
4.0382712259170050e-01 8.1468470045459407e-01 6.9971936141555702e+00 0
5.0789400643150273e-01 8.1468470045459407e-01 6.9971936141555666e+00 0
5.9963846115935926e-01 8.1468470045459407e-01 6.9971936141555666e+00 0
6.8051957014181585e-01 8.1468470045459451e-01 6.9971936141555666e+00 0
7.5182364851512951e-01 8.1468470045459407e-01 6.9971936141555666e+00 0
8.1468470045459407e-01 8.1468470045459407e-01 6.9971936141555666e+00 0
8.7010245412427700e-01 8.1468470045459407e-01 6.9971936141555666e+00 0
9.1895826113099277e-01 8.1468470045459451e-01 6.9971936141555666e+00 0
9.6202911334388697e-01 8.1468470045459407e-01 6.9971936141555666e+00 0
1.5188354662445358e-01 8.7010245412427656e-01 6.9971936141555666e+00 0
2.8578275310635226e-01 8.7010245412427700e-01 6.9971936141555666e+00 0
4.0382712259170050e-01 8.7010245412427656e-01 6.9971936141555666e+00 0
5.0789400643150273e-01 8.7010245412427700e-01 6.9971936141555666e+00 0
5.9963846115935926e-01 8.7010245412427656e-01 6.9971936141555666e+00 0
6.8051957014181585e-01 8.7010245412427700e-01 6.9971936141555666e+00 0
7.5182364851512951e-01 8.7010245412427656e-01 6.9971936141555666e+00 0
8.1468470045459451e-01 8.7010245412427700e-01 6.9971936141555666e+00 0
8.7010245412427656e-01 8.7010245412427656e-01 6.9971936141555666e+00 0
9.1895826113099277e-01 8.7010245412427656e-01 6.9971936141555666e+00 0
9.6202911334388608e-01 8.7010245412427700e-01 6.9971936141555666e+00 0
1.5188354662445347e-01 9.1895826113099277e-01 6.9971936141555666e+00 0
2.8578275310635226e-01 9.1895826113099321e-01 6.9971936141555666e+00 0
4.0382712259170050e-01 9.1895826113099277e-01 6.9971936141555666e+00 0
5.0789400643150273e-01 9.1895826113099277e-01 6.9971936141555666e+00 0
5.9963846115935926e-01 9.1895826113099277e-01 6.9971936141555666e+00 0
6.8051957014181585e-01 9.1895826113099277e-01 6.9971936141555702e+00 0
7.5182364851512951e-01 9.1895826113099321e-01 6.9971936141555666e+00 0
8.1468470045459451e-01 9.1895826113099321e-01 6.9971936141555666e+00 0
8.7010245412427656e-01 9.1895826113099321e-01 6.9971936141555666e+00 0
9.1895826113099277e-01 9.1895826113099277e-01 6.9971936141555702e+00 0
9.6202911334388608e-01 9.1895826113099277e-01 6.9971936141555666e+00 0
1.5188354662445358e-01 9.6202911334388652e-01 6.9971936141555666e+00 0
2.8578275310635226e-01 9.6202911334388608e-01 6.9971936141555666e+00 0
4.0382712259170050e-01 9.6202911334388652e-01 6.9971936141555631e+00 0
5.0789400643150273e-01 9.6202911334388608e-01 6.9971936141555666e+00 0
5.9963846115935926e-01 9.6202911334388608e-01 6.9971936141555666e+00 0
6.8051957014181585e-01 9.6202911334388652e-01 6.9971936141555666e+00 0
7.5182364851512951e-01 9.6202911334388652e-01 6.9971936141555666e+00 0
8.1468470045459407e-01 9.6202911334388652e-01 6.9971936141555666e+00 0
8.7010245412427611e-01 9.6202911334388652e-01 6.9971936141555666e+00 0
9.1895826113099277e-01 9.6202911334388608e-01 6.9971936141555666e+00 0
9.6202911334388652e-01 9.6202911334388652e-01 6.9971936141555631e+00 0
1.5188354662445347e-01 1.5188354662445352e-01 6.6288899667208980e+00 0
2.8578275310635193e-01 1.5188354662445352e-01 6.6288899667208980e+00 0
4.0382712259170028e-01 1.5188354662445347e-01 6.6288899667208945e+00 0
5.0789400643150273e-01 1.5188354662445347e-01 6.6288899667208945e+00 0
5.9963846115935926e-01 1.5188354662445352e-01 6.6288899667208980e+00 0
6.8051957014181585e-01 1.5188354662445352e-01 6.6288899667208909e+00 0
7.5182364851512951e-01 1.5188354662445347e-01 6.6288899667208945e+00 0
8.1468470045459451e-01 1.5188354662445347e-01 6.6288899667208980e+00 0
8.7010245412427656e-01 1.5188354662445347e-01 6.6288899667209016e+00 0
9.1895826113099321e-01 1.5188354662445347e-01 6.6288899667209016e+00 0
9.6202911334388652e-01 1.5188354662445358e-01 6.6288899667208980e+00 0
1.5188354662445347e-01 2.8578275310635193e-01 6.6288899667208980e+00 0
2.8578275310635204e-01 2.8578275310635204e-01 6.6288899667208980e+00 0
4.0382712259170028e-01 2.8578275310635193e-01 6.6288899667208980e+00 0
5.0789400643150273e-01 2.8578275310635204e-01 6.6288899667208980e+00 0
5.9963846115935926e-01 2.8578275310635204e-01 6.6288899667208980e+00 0
6.8051957014181630e-01 2.8578275310635204e-01 6.6288899667208980e+00 0
7.5182364851512951e-01 2.8578275310635193e-01 6.6288899667209016e+00 0
8.1468470045459451e-01 2.8578275310635193e-01 6.6288899667209016e+00 0
8.7010245412427656e-01 2.8578275310635204e-01 6.6288899667209016e+00 0
9.1895826113099233e-01 2.8578275310635193e-01 6.6288899667209016e+00 0
9.6202911334388652e-01 2.8578275310635204e-01 6.6288899667208980e+00 0
1.5188354662445347e-01 4.0382712259170028e-01 6.6288899667209016e+00 0
2.8578275310635204e-01 4.0382712259170028e-01 6.6288899667208980e+00 0
4.0382712259170028e-01 4.0382712259170028e-01 6.6288899667208980e+00 0
5.0789400643150273e-01 4.0382712259170028e-01 6.6288899667208980e+00 0
5.9963846115935926e-01 4.0382712259170028e-01 6.6288899667209016e+00 0
6.8051957014181585e-01 4.0382712259170028e-01 6.6288899667209016e+00 0
7.5182364851512951e-01 4.0382712259170028e-01 6.6288899667208980e+00 0
8.1468470045459451e-01 4.0382712259170028e-01 6.6288899667209016e+00 0
8.7010245412427656e-01 4.0382712259170050e-01 6.6288899667209016e+00 0
9.1895826113099277e-01 4.0382712259170028e-01 6.6288899667209016e+00 0
9.6202911334388652e-01 4.0382712259170028e-01 6.6288899667209016e+00 0
1.5188354662445347e-01 5.0789400643150273e-01 6.6288899667208980e+00 0
2.8578275310635204e-01 5.0789400643150295e-01 6.6288899667208980e+00 0
4.0382712259170028e-01 5.0789400643150295e-01 6.6288899667208980e+00 0
5.0789400643150273e-01 5.0789400643150273e-01 6.6288899667208980e+00 0
5.9963846115935926e-01 5.0789400643150273e-01 6.6288899667208980e+00 0
6.8051957014181585e-01 5.0789400643150273e-01 6.6288899667208980e+00 0
7.5182364851512951e-01 5.0789400643150273e-01 6.6288899667208980e+00 0
8.1468470045459451e-01 5.0789400643150273e-01 6.6288899667208980e+00 0
8.7010245412427656e-01 5.0789400643150273e-01 6.6288899667208980e+00 0
9.1895826113099277e-01 5.0789400643150273e-01 6.6288899667208980e+00 0
9.6202911334388652e-01 5.0789400643150273e-01 6.6288899667209016e+00 0
1.5188354662445358e-01 5.9963846115935926e-01 6.6288899667208980e+00 0
2.8578275310635204e-01 5.9963846115935926e-01 6.6288899667208980e+00 0
4.0382712259170028e-01 5.9963846115935948e-01 6.6288899667208980e+00 0
5.0789400643150273e-01 5.9963846115935926e-01 6.6288899667209016e+00 0
5.9963846115935926e-01 5.9963846115935926e-01 6.6288899667208980e+00 0
6.8051957014181630e-01 5.9963846115935926e-01 6.6288899667208980e+00 0
7.5182364851512951e-01 5.9963846115935926e-01 6.6288899667209016e+00 0
8.1468470045459451e-01 5.9963846115935926e-01 6.6288899667208980e+00 0
8.7010245412427656e-01 5.9963846115935926e-01 6.6288899667209016e+00 0
9.1895826113099277e-01 5.9963846115935926e-01 6.6288899667209016e+00 0
9.6202911334388652e-01 5.9963846115935926e-01 6.6288899667209016e+00 0
1.5188354662445347e-01 6.8051957014181585e-01 6.6288899667208980e+00 0
2.8578275310635204e-01 6.8051957014181630e-01 6.6288899667208980e+00 0
4.0382712259170028e-01 6.8051957014181630e-01 6.6288899667208980e+00 0
5.0789400643150273e-01 6.8051957014181630e-01 6.6288899667208980e+00 0
5.9963846115935926e-01 6.8051957014181585e-01 6.6288899667208980e+00 0
6.8051957014181585e-01 6.8051957014181585e-01 6.6288899667208945e+00 0
7.5182364851512951e-01 6.8051957014181585e-01 6.6288899667208945e+00 0
8.1468470045459451e-01 6.8051957014181585e-01 6.6288899667208980e+00 0
8.7010245412427611e-01 6.8051957014181585e-01 6.6288899667208980e+00 0
9.1895826113099233e-01 6.8051957014181585e-01 6.6288899667208980e+00 0
9.6202911334388652e-01 6.8051957014181630e-01 6.6288899667208980e+00 0
1.5188354662445352e-01 7.5182364851512951e-01 6.6288899667208980e+00 0
2.8578275310635204e-01 7.5182364851512951e-01 6.6288899667208980e+00 0
4.0382712259170028e-01 7.5182364851512951e-01 6.6288899667208980e+00 0
5.0789400643150273e-01 7.5182364851512951e-01 6.6288899667208980e+00 0
5.9963846115935926e-01 7.5182364851512951e-01 6.6288899667208980e+00 0
6.8051957014181585e-01 7.5182364851512951e-01 6.6288899667208945e+00 0
7.5182364851512951e-01 7.5182364851512951e-01 6.6288899667208945e+00 0
8.1468470045459451e-01 7.5182364851512951e-01 6.6288899667208980e+00 0
8.7010245412427656e-01 7.5182364851512995e-01 6.6288899667208980e+00 0
9.1895826113099277e-01 7.5182364851512951e-01 6.6288899667209016e+00 0
9.6202911334388652e-01 7.5182364851512995e-01 6.6288899667209016e+00 0
1.5188354662445347e-01 8.1468470045459451e-01 6.6288899667208980e+00 0
2.8578275310635204e-01 8.1468470045459451e-01 6.6288899667208980e+00 0
4.0382712259170028e-01 8.1468470045459451e-01 6.6288899667208980e+00 0
5.0789400643150273e-01 8.1468470045459407e-01 6.6288899667208980e+00 0
5.9963846115935926e-01 8.1468470045459407e-01 6.6288899667208980e+00 0
6.8051957014181585e-01 8.1468470045459451e-01 6.6288899667208980e+00 0
7.5182364851512951e-01 8.1468470045459451e-01 6.6288899667208980e+00 0
8.1468470045459451e-01 8.1468470045459451e-01 6.6288899667209016e+00 0
8.7010245412427700e-01 8.1468470045459451e-01 6.6288899667208980e+00 0
9.1895826113099277e-01 8.1468470045459451e-01 6.6288899667209016e+00 0
9.6202911334388652e-01 8.1468470045459451e-01 6.6288899667209016e+00 0
1.5188354662445347e-01 8.7010245412427656e-01 6.6288899667208980e+00 0
2.8578275310635204e-01 8.7010245412427656e-01 6.6288899667208980e+00 0
4.0382712259170028e-01 8.7010245412427656e-01 6.6288899667208980e+00 0
5.0789400643150273e-01 8.7010245412427700e-01 6.6288899667208980e+00 0
5.9963846115935926e-01 8.7010245412427656e-01 6.6288899667208980e+00 0
6.8051957014181630e-01 8.7010245412427700e-01 6.6288899667208980e+00 0
7.5182364851512951e-01 8.7010245412427656e-01 6.6288899667208980e+00 0
8.1468470045459451e-01 8.7010245412427700e-01 6.6288899667208980e+00 0
8.7010245412427656e-01 8.7010245412427656e-01 6.6288899667209016e+00 0
9.1895826113099277e-01 8.7010245412427656e-01 6.6288899667209016e+00 0
9.6202911334388697e-01 8.7010245412427700e-01 6.6288899667209016e+00 0
1.5188354662445347e-01 9.1895826113099277e-01 6.6288899667208980e+00 0
2.8578275310635204e-01 9.1895826113099321e-01 6.6288899667208980e+00 0
4.0382712259170028e-01 9.1895826113099321e-01 6.6288899667208980e+00 0
5.0789400643150273e-01 9.1895826113099277e-01 6.6288899667208980e+00 0
5.9963846115935926e-01 9.1895826113099277e-01 6.6288899667208980e+00 0
6.8051957014181630e-01 9.1895826113099233e-01 6.6288899667208980e+00 0
7.5182364851512995e-01 9.1895826113099277e-01 6.6288899667209016e+00 0
8.1468470045459451e-01 9.1895826113099277e-01 6.6288899667208980e+00 0
8.7010245412427656e-01 9.1895826113099321e-01 6.6288899667209016e+00 0
9.1895826113099277e-01 9.1895826113099277e-01 6.6288899667209016e+00 0
9.6202911334388652e-01 9.1895826113099277e-01 6.6288899667209016e+00 0
1.5188354662445347e-01 9.6202911334388652e-01 6.6288899667208980e+00 0
2.8578275310635204e-01 9.6202911334388652e-01 6.6288899667208980e+00 0
4.0382712259170028e-01 9.6202911334388652e-01 6.6288899667208980e+00 0
5.0789400643150273e-01 9.6202911334388652e-01 6.6288899667208980e+00 0
5.9963846115935926e-01 9.6202911334388652e-01 6.6288899667208980e+00 0
6.8051957014181630e-01 9.6202911334388652e-01 6.6288899667208980e+00 0
7.5182364851512995e-01 9.6202911334388608e-01 6.6288899667209016e+00 0
8.1468470045459451e-01 9.6202911334388652e-01 6.6288899667208980e+00 0
8.7010245412427611e-01 9.6202911334388652e-01 6.6288899667208980e+00 0
9.1895826113099277e-01 9.6202911334388652e-01 6.6288899667209016e+00 0
9.6202911334388697e-01 9.6202911334388652e-01 6.6288899667209016e+00 0
1.5188354662445347e-01 1.5188354662445347e-01 6.1574880488907198e+00 0
2.8578275310635204e-01 1.5188354662445341e-01 6.1574880488907198e+00 0
4.0382712259170028e-01 1.5188354662445352e-01 6.1574880488907233e+00 0
5.0789400643150273e-01 1.5188354662445347e-01 6.1574880488907233e+00 0
5.9963846115935926e-01 1.5188354662445347e-01 6.1574880488907198e+00 0
6.8051957014181585e-01 1.5188354662445358e-01 6.1574880488907198e+00 0
7.5182364851512951e-01 1.5188354662445358e-01 6.1574880488907198e+00 0
8.1468470045459451e-01 1.5188354662445352e-01 6.1574880488907198e+00 0
8.7010245412427656e-01 1.5188354662445352e-01 6.1574880488907233e+00 0
9.1895826113099321e-01 1.5188354662445341e-01 6.1574880488907198e+00 0
9.6202911334388652e-01 1.5188354662445358e-01 6.1574880488907198e+00 0
1.5188354662445347e-01 2.8578275310635215e-01 6.1574880488907269e+00 0
2.8578275310635204e-01 2.8578275310635204e-01 6.1574880488907233e+00 0
4.0382712259170050e-01 2.8578275310635193e-01 6.1574880488907269e+00 0
5.0789400643150273e-01 2.8578275310635204e-01 6.1574880488907198e+00 0
5.9963846115935926e-01 2.8578275310635204e-01 6.1574880488907198e+00 0
6.8051957014181585e-01 2.8578275310635204e-01 6.1574880488907233e+00 0
7.5182364851512951e-01 2.8578275310635193e-01 6.1574880488907198e+00 0
8.1468470045459451e-01 2.8578275310635193e-01 6.1574880488907198e+00 0
8.7010245412427656e-01 2.8578275310635193e-01 6.1574880488907233e+00 0
9.1895826113099277e-01 2.8578275310635204e-01 6.1574880488907233e+00 0
9.6202911334388652e-01 2.8578275310635204e-01 6.1574880488907198e+00 0
1.5188354662445347e-01 4.0382712259170050e-01 6.1574880488907198e+00 0
2.8578275310635204e-01 4.0382712259170050e-01 6.1574880488907233e+00 0
4.0382712259170050e-01 4.0382712259170050e-01 6.1574880488907233e+00 0
5.0789400643150273e-01 4.0382712259170050e-01 6.1574880488907198e+00 0
5.9963846115935926e-01 4.0382712259170050e-01 6.1574880488907233e+00 0
6.8051957014181585e-01 4.0382712259170050e-01 6.1574880488907233e+00 0
7.5182364851512951e-01 4.0382712259170050e-01 6.1574880488907198e+00 0
8.1468470045459451e-01 4.0382712259170050e-01 6.1574880488907198e+00 0
8.7010245412427700e-01 4.0382712259170050e-01 6.1574880488907233e+00 0
9.1895826113099277e-01 4.0382712259170028e-01 6.1574880488907233e+00 0
9.6202911334388652e-01 4.0382712259170050e-01 6.1574880488907233e+00 0
1.5188354662445347e-01 5.0789400643150295e-01 6.1574880488907198e+00 0
2.8578275310635204e-01 5.0789400643150251e-01 6.1574880488907233e+00 0
4.0382712259170050e-01 5.0789400643150295e-01 6.1574880488907233e+00 0
5.0789400643150273e-01 5.0789400643150273e-01 6.1574880488907198e+00 0
5.9963846115935926e-01 5.0789400643150273e-01 6.1574880488907233e+00 0
6.8051957014181585e-01 5.0789400643150273e-01 6.1574880488907233e+00 0
7.5182364851512951e-01 5.0789400643150273e-01 6.1574880488907233e+00 0
8.1468470045459451e-01 5.0789400643150273e-01 6.1574880488907233e+00 0
8.7010245412427656e-01 5.0789400643150273e-01 6.1574880488907233e+00 0
9.1895826113099277e-01 5.0789400643150273e-01 6.1574880488907198e+00 0
9.6202911334388652e-01 5.0789400643150273e-01 6.1574880488907198e+00 0
1.5188354662445358e-01 5.9963846115935926e-01 6.1574880488907198e+00 0
2.8578275310635204e-01 5.9963846115935926e-01 6.1574880488907269e+00 0
4.0382712259170050e-01 5.9963846115935948e-01 6.1574880488907198e+00 0
5.0789400643150273e-01 5.9963846115935926e-01 6.1574880488907198e+00 0
5.9963846115935926e-01 5.9963846115935926e-01 6.1574880488907233e+00 0
6.8051957014181585e-01 5.9963846115935926e-01 6.1574880488907233e+00 0
7.5182364851512951e-01 5.9963846115935926e-01 6.1574880488907233e+00 0
8.1468470045459451e-01 5.9963846115935926e-01 6.1574880488907233e+00 0
8.7010245412427656e-01 5.9963846115935926e-01 6.1574880488907233e+00 0
9.1895826113099321e-01 5.9963846115935926e-01 6.1574880488907233e+00 0
9.6202911334388652e-01 5.9963846115935926e-01 6.1574880488907198e+00 0
1.5188354662445358e-01 6.8051957014181585e-01 6.1574880488907198e+00 0
2.8578275310635204e-01 6.8051957014181585e-01 6.1574880488907269e+00 0
4.0382712259170050e-01 6.8051957014181585e-01 6.1574880488907198e+00 0
5.0789400643150273e-01 6.8051957014181585e-01 6.1574880488907233e+00 0
5.9963846115935926e-01 6.8051957014181585e-01 6.1574880488907233e+00 0
6.8051957014181585e-01 6.8051957014181585e-01 6.1574880488907233e+00 0
7.5182364851512951e-01 6.8051957014181585e-01 6.1574880488907233e+00 0
8.1468470045459451e-01 6.8051957014181585e-01 6.1574880488907198e+00 0
8.7010245412427611e-01 6.8051957014181585e-01 6.1574880488907233e+00 0
9.1895826113099233e-01 6.8051957014181585e-01 6.1574880488907233e+00 0
9.6202911334388608e-01 6.8051957014181585e-01 6.1574880488907198e+00 0
1.5188354662445352e-01 7.5182364851512951e-01 6.1574880488907269e+00 0
2.8578275310635204e-01 7.5182364851512995e-01 6.1574880488907269e+00 0
4.0382712259170050e-01 7.5182364851512951e-01 6.1574880488907198e+00 0
5.0789400643150273e-01 7.5182364851512951e-01 6.1574880488907198e+00 0
5.9963846115935926e-01 7.5182364851512951e-01 6.1574880488907233e+00 0
6.8051957014181585e-01 7.5182364851512951e-01 6.1574880488907233e+00 0
7.5182364851512951e-01 7.5182364851512951e-01 6.1574880488907233e+00 0
8.1468470045459451e-01 7.5182364851512951e-01 6.1574880488907198e+00 0
8.7010245412427656e-01 7.5182364851512951e-01 6.1574880488907233e+00 0
9.1895826113099277e-01 7.5182364851512951e-01 6.1574880488907233e+00 0
9.6202911334388608e-01 7.5182364851512951e-01 6.1574880488907198e+00 0
1.5188354662445358e-01 8.1468470045459451e-01 6.1574880488907198e+00 0
2.8578275310635204e-01 8.1468470045459407e-01 6.1574880488907269e+00 0
4.0382712259170050e-01 8.1468470045459451e-01 6.1574880488907233e+00 0
5.0789400643150273e-01 8.1468470045459451e-01 6.1574880488907198e+00 0
5.9963846115935926e-01 8.1468470045459451e-01 6.1574880488907233e+00 0
6.8051957014181585e-01 8.1468470045459451e-01 6.1574880488907233e+00 0
7.5182364851512951e-01 8.1468470045459451e-01 6.1574880488907233e+00 0
8.1468470045459451e-01 8.1468470045459451e-01 6.1574880488907198e+00 0
8.7010245412427656e-01 8.1468470045459451e-01 6.1574880488907233e+00 0
9.1895826113099277e-01 8.1468470045459451e-01 6.1574880488907198e+00 0
9.6202911334388652e-01 8.1468470045459451e-01 6.1574880488907233e+00 0
1.5188354662445358e-01 8.7010245412427700e-01 6.1574880488907198e+00 0
2.8578275310635204e-01 8.7010245412427700e-01 6.1574880488907269e+00 0
4.0382712259170050e-01 8.7010245412427656e-01 6.1574880488907233e+00 0
5.0789400643150273e-01 8.7010245412427611e-01 6.1574880488907233e+00 0
5.9963846115935926e-01 8.7010245412427656e-01 6.1574880488907233e+00 0
6.8051957014181585e-01 8.7010245412427656e-01 6.1574880488907233e+00 0
7.5182364851512951e-01 8.7010245412427700e-01 6.1574880488907233e+00 0
8.1468470045459451e-01 8.7010245412427656e-01 6.1574880488907198e+00 0
8.7010245412427656e-01 8.7010245412427700e-01 6.1574880488907233e+00 0
9.1895826113099277e-01 8.7010245412427656e-01 6.1574880488907233e+00 0
9.6202911334388652e-01 8.7010245412427656e-01 6.1574880488907233e+00 0
1.5188354662445347e-01 9.1895826113099277e-01 6.1574880488907198e+00 0
2.8578275310635204e-01 9.1895826113099277e-01 6.1574880488907269e+00 0
4.0382712259170050e-01 9.1895826113099277e-01 6.1574880488907233e+00 0
5.0789400643150273e-01 9.1895826113099277e-01 6.1574880488907233e+00 0
5.9963846115935926e-01 9.1895826113099233e-01 6.1574880488907233e+00 0
6.8051957014181585e-01 9.1895826113099188e-01 6.1574880488907233e+00 0
7.5182364851512951e-01 9.1895826113099277e-01 6.1574880488907233e+00 0
8.1468470045459451e-01 9.1895826113099277e-01 6.1574880488907198e+00 0
8.7010245412427656e-01 9.1895826113099277e-01 6.1574880488907233e+00 0
9.1895826113099277e-01 9.1895826113099277e-01 6.1574880488907233e+00 0
9.6202911334388652e-01 9.1895826113099277e-01 6.1574880488907198e+00 0
1.5188354662445358e-01 9.6202911334388652e-01 6.1574880488907198e+00 0
2.8578275310635204e-01 9.6202911334388697e-01 6.1574880488907269e+00 0
4.0382712259170050e-01 9.6202911334388652e-01 6.1574880488907233e+00 0
5.0789400643150273e-01 9.6202911334388608e-01 6.1574880488907233e+00 0
5.9963846115935926e-01 9.6202911334388652e-01 6.1574880488907233e+00 0
6.8051957014181585e-01 9.6202911334388697e-01 6.1574880488907233e+00 0
7.5182364851512951e-01 9.6202911334388652e-01 6.1574880488907233e+00 0
8.1468470045459451e-01 9.6202911334388652e-01 6.1574880488907198e+00 0
8.7010245412427656e-01 9.6202911334388652e-01 6.1574880488907233e+00 0
9.1895826113099277e-01 9.6202911334388652e-01 6.1574880488907233e+00 0
9.6202911334388652e-01 9.6202911334388608e-01 6.1574880488907233e+00 0
1.5188354662445341e-01 1.5188354662445347e-01 5.2230278619793271e+00 0
2.8578275310635204e-01 1.5188354662445347e-01 5.2230278619793307e+00 0
4.0382712259170050e-01 1.5188354662445358e-01 5.2230278619793324e+00 0
5.0789400643150273e-01 1.5188354662445347e-01 5.2230278619793307e+00 0
5.9963846115935926e-01 1.5188354662445352e-01 5.2230278619793324e+00 0
6.8051957014181585e-01 1.5188354662445347e-01 5.2230278619793307e+00 0
7.5182364851512951e-01 1.5188354662445347e-01 5.2230278619793307e+00 0
8.1468470045459407e-01 1.5188354662445352e-01 5.2230278619793289e+00 0
8.7010245412427656e-01 1.5188354662445358e-01 5.2230278619793342e+00 0
9.1895826113099233e-01 1.5188354662445347e-01 5.2230278619793342e+00 0
9.6202911334388652e-01 1.5188354662445347e-01 5.2230278619793324e+00 0
1.5188354662445347e-01 2.8578275310635193e-01 5.2230278619793307e+00 0
2.8578275310635204e-01 2.8578275310635204e-01 5.2230278619793324e+00 0
4.0382712259170050e-01 2.8578275310635193e-01 5.2230278619793324e+00 0
5.0789400643150273e-01 2.8578275310635204e-01 5.2230278619793324e+00 0
5.9963846115935970e-01 2.8578275310635204e-01 5.2230278619793324e+00 0
6.8051957014181585e-01 2.8578275310635204e-01 5.2230278619793324e+00 0
7.5182364851512951e-01 2.8578275310635193e-01 5.2230278619793324e+00 0
8.1468470045459407e-01 2.8578275310635193e-01 5.2230278619793289e+00 0
8.7010245412427656e-01 2.8578275310635204e-01 5.2230278619793324e+00 0
9.1895826113099277e-01 2.8578275310635204e-01 5.2230278619793342e+00 0
9.6202911334388652e-01 2.8578275310635204e-01 5.2230278619793324e+00 0
1.5188354662445347e-01 4.0382712259170028e-01 5.2230278619793307e+00 0
2.8578275310635204e-01 4.0382712259170050e-01 5.2230278619793324e+00 0
4.0382712259170050e-01 4.0382712259170050e-01 5.2230278619793324e+00 0
5.0789400643150273e-01 4.0382712259170050e-01 5.2230278619793324e+00 0
5.9963846115935970e-01 4.0382712259170050e-01 5.2230278619793324e+00 0
6.8051957014181585e-01 4.0382712259170028e-01 5.2230278619793324e+00 0
7.5182364851512951e-01 4.0382712259170050e-01 5.2230278619793324e+00 0
8.1468470045459407e-01 4.0382712259170050e-01 5.2230278619793289e+00 0
8.7010245412427656e-01 4.0382712259170050e-01 5.2230278619793342e+00 0
9.1895826113099277e-01 4.0382712259170028e-01 5.2230278619793324e+00 0
9.6202911334388652e-01 4.0382712259170050e-01 5.2230278619793324e+00 0
1.5188354662445347e-01 5.0789400643150273e-01 5.2230278619793342e+00 0
2.8578275310635204e-01 5.0789400643150251e-01 5.2230278619793324e+00 0
4.0382712259170050e-01 5.0789400643150251e-01 5.2230278619793324e+00 0
5.0789400643150273e-01 5.0789400643150273e-01 5.2230278619793324e+00 0
5.9963846115935926e-01 5.0789400643150273e-01 5.2230278619793324e+00 0
6.8051957014181585e-01 5.0789400643150273e-01 5.2230278619793324e+00 0
7.5182364851512951e-01 5.0789400643150273e-01 5.2230278619793324e+00 0
8.1468470045459407e-01 5.0789400643150273e-01 5.2230278619793289e+00 0
8.7010245412427656e-01 5.0789400643150273e-01 5.2230278619793324e+00 0
9.1895826113099277e-01 5.0789400643150273e-01 5.2230278619793360e+00 0
9.6202911334388652e-01 5.0789400643150273e-01 5.2230278619793324e+00 0
1.5188354662445358e-01 5.9963846115935926e-01 5.2230278619793307e+00 0
2.8578275310635204e-01 5.9963846115935970e-01 5.2230278619793324e+00 0
4.0382712259170050e-01 5.9963846115935948e-01 5.2230278619793324e+00 0
5.0789400643150273e-01 5.9963846115935970e-01 5.2230278619793324e+00 0
5.9963846115935970e-01 5.9963846115935970e-01 5.2230278619793324e+00 0
6.8051957014181585e-01 5.9963846115935926e-01 5.2230278619793342e+00 0
7.5182364851512951e-01 5.9963846115935926e-01 5.2230278619793324e+00 0
8.1468470045459451e-01 5.9963846115935970e-01 5.2230278619793324e+00 0
8.7010245412427656e-01 5.9963846115935926e-01 5.2230278619793324e+00 0
9.1895826113099277e-01 5.9963846115935926e-01 5.2230278619793360e+00 0
9.6202911334388608e-01 5.9963846115935926e-01 5.2230278619793307e+00 0
1.5188354662445347e-01 6.8051957014181585e-01 5.2230278619793342e+00 0
2.8578275310635204e-01 6.8051957014181585e-01 5.2230278619793342e+00 0
4.0382712259170050e-01 6.8051957014181585e-01 5.2230278619793324e+00 0
5.0789400643150273e-01 6.8051957014181585e-01 5.2230278619793324e+00 0
5.9963846115935926e-01 6.8051957014181585e-01 5.2230278619793324e+00 0
6.8051957014181585e-01 6.8051957014181585e-01 5.2230278619793342e+00 0
7.5182364851512951e-01 6.8051957014181585e-01 5.2230278619793324e+00 0
8.1468470045459451e-01 6.8051957014181585e-01 5.2230278619793324e+00 0
8.7010245412427700e-01 6.8051957014181585e-01 5.2230278619793324e+00 0
9.1895826113099233e-01 6.8051957014181585e-01 5.2230278619793360e+00 0
9.6202911334388652e-01 6.8051957014181585e-01 5.2230278619793324e+00 0
1.5188354662445347e-01 7.5182364851512951e-01 5.2230278619793342e+00 0
2.8578275310635204e-01 7.5182364851512951e-01 5.2230278619793324e+00 0
4.0382712259170028e-01 7.5182364851512951e-01 5.2230278619793324e+00 0
5.0789400643150273e-01 7.5182364851512951e-01 5.2230278619793324e+00 0
5.9963846115935926e-01 7.5182364851512951e-01 5.2230278619793324e+00 0
6.8051957014181585e-01 7.5182364851512951e-01 5.2230278619793324e+00 0
7.5182364851512951e-01 7.5182364851512951e-01 5.2230278619793324e+00 0
8.1468470045459407e-01 7.5182364851512951e-01 5.2230278619793324e+00 0
8.7010245412427656e-01 7.5182364851512951e-01 5.2230278619793324e+00 0
9.1895826113099277e-01 7.5182364851512951e-01 5.2230278619793360e+00 0
9.6202911334388652e-01 7.5182364851512951e-01 5.2230278619793324e+00 0
1.5188354662445347e-01 8.1468470045459407e-01 5.2230278619793289e+00 0
2.8578275310635204e-01 8.1468470045459407e-01 5.2230278619793324e+00 0
4.0382712259170050e-01 8.1468470045459407e-01 5.2230278619793324e+00 0
5.0789400643150273e-01 8.1468470045459407e-01 5.2230278619793324e+00 0
5.9963846115935926e-01 8.1468470045459407e-01 5.2230278619793324e+00 0
6.8051957014181585e-01 8.1468470045459451e-01 5.2230278619793324e+00 0
7.5182364851512951e-01 8.1468470045459407e-01 5.2230278619793324e+00 0
8.1468470045459451e-01 8.1468470045459451e-01 5.2230278619793289e+00 0
8.7010245412427656e-01 8.1468470045459407e-01 5.2230278619793324e+00 0
9.1895826113099277e-01 8.1468470045459451e-01 5.2230278619793324e+00 0
9.6202911334388608e-01 8.1468470045459451e-01 5.2230278619793324e+00 0
1.5188354662445347e-01 8.7010245412427656e-01 5.2230278619793271e+00 0
2.8578275310635204e-01 8.7010245412427700e-01 5.2230278619793324e+00 0
4.0382712259170050e-01 8.7010245412427611e-01 5.2230278619793324e+00 0
5.0789400643150273e-01 8.7010245412427656e-01 5.2230278619793324e+00 0
5.9963846115935926e-01 8.7010245412427656e-01 5.2230278619793324e+00 0
6.8051957014181585e-01 8.7010245412427700e-01 5.2230278619793324e+00 0
7.5182364851512951e-01 8.7010245412427611e-01 5.2230278619793324e+00 0
8.1468470045459451e-01 8.7010245412427656e-01 5.2230278619793324e+00 0
8.7010245412427656e-01 8.7010245412427656e-01 5.2230278619793324e+00 0
9.1895826113099277e-01 8.7010245412427700e-01 5.2230278619793324e+00 0
9.6202911334388608e-01 8.7010245412427656e-01 5.2230278619793324e+00 0
1.5188354662445347e-01 9.1895826113099233e-01 5.2230278619793307e+00 0
2.8578275310635204e-01 9.1895826113099277e-01 5.2230278619793324e+00 0
4.0382712259170028e-01 9.1895826113099321e-01 5.2230278619793324e+00 0
5.0789400643150273e-01 9.1895826113099277e-01 5.2230278619793324e+00 0
5.9963846115935926e-01 9.1895826113099233e-01 5.2230278619793324e+00 0
6.8051957014181585e-01 9.1895826113099277e-01 5.2230278619793324e+00 0
7.5182364851512951e-01 9.1895826113099277e-01 5.2230278619793324e+00 0
8.1468470045459451e-01 9.1895826113099277e-01 5.2230278619793324e+00 0
8.7010245412427700e-01 9.1895826113099321e-01 5.2230278619793324e+00 0
9.1895826113099277e-01 9.1895826113099277e-01 5.2230278619793360e+00 0
9.6202911334388652e-01 9.1895826113099277e-01 5.2230278619793342e+00 0
1.5188354662445347e-01 9.6202911334388652e-01 5.2230278619793271e+00 0
2.8578275310635204e-01 9.6202911334388741e-01 5.2230278619793324e+00 0
4.0382712259170050e-01 9.6202911334388652e-01 5.2230278619793324e+00 0
5.0789400643150273e-01 9.6202911334388652e-01 5.2230278619793324e+00 0
5.9963846115935926e-01 9.6202911334388652e-01 5.2230278619793324e+00 0
6.8051957014181585e-01 9.6202911334388652e-01 5.2230278619793324e+00 0
7.5182364851512951e-01 9.6202911334388652e-01 5.2230278619793324e+00 0
8.1468470045459451e-01 9.6202911334388652e-01 5.2230278619793324e+00 0
8.7010245412427700e-01 9.6202911334388652e-01 5.2230278619793324e+00 0
9.1895826113099277e-01 9.6202911334388652e-01 5.2230278619793360e+00 0
9.6202911334388652e-01 9.6202911334388652e-01 5.2230278619793307e+00 0
1.5188354662445341e-01 1.5188354662445341e-01 3.8869084191728014e+00 0
2.8578275310635204e-01 1.5188354662445341e-01 3.8869084191727996e+00 0
4.0382712259170028e-01 1.5188354662445341e-01 3.8869084191728032e+00 0
5.0789400643150273e-01 1.5188354662445352e-01 3.8869084191728014e+00 0
5.9963846115935926e-01 1.5188354662445347e-01 3.8869084191728032e+00 0
6.8051957014181585e-01 1.5188354662445347e-01 3.8869084191728014e+00 0
7.5182364851512951e-01 1.5188354662445347e-01 3.8869084191728014e+00 0
8.1468470045459451e-01 1.5188354662445352e-01 3.8869084191728032e+00 0
8.7010245412427656e-01 1.5188354662445352e-01 3.8869084191728032e+00 0
9.1895826113099321e-01 1.5188354662445341e-01 3.8869084191728014e+00 0
9.6202911334388652e-01 1.5188354662445358e-01 3.8869084191728014e+00 0
1.5188354662445347e-01 2.8578275310635215e-01 3.8869084191727996e+00 0
2.8578275310635204e-01 2.8578275310635204e-01 3.8869084191728014e+00 0
4.0382712259170028e-01 2.8578275310635193e-01 3.8869084191727996e+00 0
5.0789400643150273e-01 2.8578275310635204e-01 3.8869084191728014e+00 0
5.9963846115935926e-01 2.8578275310635204e-01 3.8869084191727996e+00 0
6.8051957014181585e-01 2.8578275310635204e-01 3.8869084191728014e+00 0
7.5182364851512951e-01 2.8578275310635193e-01 3.8869084191728014e+00 0
8.1468470045459451e-01 2.8578275310635193e-01 3.8869084191727996e+00 0
8.7010245412427656e-01 2.8578275310635204e-01 3.8869084191728014e+00 0
9.1895826113099277e-01 2.8578275310635204e-01 3.8869084191728014e+00 0
9.6202911334388697e-01 2.8578275310635193e-01 3.8869084191728014e+00 0
1.5188354662445347e-01 4.0382712259170050e-01 3.8869084191727996e+00 0
2.8578275310635204e-01 4.0382712259170028e-01 3.8869084191727996e+00 0
4.0382712259170028e-01 4.0382712259170028e-01 3.8869084191728014e+00 0
5.0789400643150273e-01 4.0382712259170028e-01 3.8869084191728014e+00 0
5.9963846115935926e-01 4.0382712259170050e-01 3.8869084191728014e+00 0
6.8051957014181585e-01 4.0382712259170050e-01 3.8869084191728014e+00 0
7.5182364851512951e-01 4.0382712259170028e-01 3.8869084191728014e+00 0
8.1468470045459451e-01 4.0382712259170050e-01 3.8869084191728032e+00 0
8.7010245412427656e-01 4.0382712259170028e-01 3.8869084191728014e+00 0
9.1895826113099277e-01 4.0382712259170050e-01 3.8869084191728032e+00 0
9.6202911334388652e-01 4.0382712259170028e-01 3.8869084191728014e+00 0
1.5188354662445347e-01 5.0789400643150295e-01 3.8869084191727996e+00 0
2.8578275310635204e-01 5.0789400643150251e-01 3.8869084191728014e+00 0
4.0382712259170028e-01 5.0789400643150273e-01 3.8869084191727996e+00 0
5.0789400643150273e-01 5.0789400643150273e-01 3.8869084191728014e+00 0
5.9963846115935926e-01 5.0789400643150273e-01 3.8869084191728014e+00 0
6.8051957014181585e-01 5.0789400643150273e-01 3.8869084191728014e+00 0
7.5182364851512951e-01 5.0789400643150273e-01 3.8869084191728014e+00 0
8.1468470045459451e-01 5.0789400643150273e-01 3.8869084191728014e+00 0
8.7010245412427700e-01 5.0789400643150273e-01 3.8869084191728014e+00 0
9.1895826113099277e-01 5.0789400643150273e-01 3.8869084191728014e+00 0
9.6202911334388563e-01 5.0789400643150273e-01 3.8869084191728014e+00 0
1.5188354662445352e-01 5.9963846115935926e-01 3.8869084191727996e+00 0
2.8578275310635204e-01 5.9963846115935926e-01 3.8869084191728032e+00 0
4.0382712259170028e-01 5.9963846115935948e-01 3.8869084191728014e+00 0
5.0789400643150273e-01 5.9963846115935926e-01 3.8869084191728014e+00 0
5.9963846115935926e-01 5.9963846115935926e-01 3.8869084191728014e+00 0
6.8051957014181585e-01 5.9963846115935926e-01 3.8869084191728014e+00 0
7.5182364851512951e-01 5.9963846115935926e-01 3.8869084191728014e+00 0
8.1468470045459451e-01 5.9963846115935926e-01 3.8869084191728032e+00 0
8.7010245412427656e-01 5.9963846115935926e-01 3.8869084191728014e+00 0
9.1895826113099321e-01 5.9963846115935926e-01 3.8869084191728032e+00 0
9.6202911334388652e-01 5.9963846115935926e-01 3.8869084191728032e+00 0
1.5188354662445347e-01 6.8051957014181585e-01 3.8869084191727996e+00 0
2.8578275310635204e-01 6.8051957014181585e-01 3.8869084191728014e+00 0
4.0382712259170028e-01 6.8051957014181585e-01 3.8869084191728014e+00 0
5.0789400643150273e-01 6.8051957014181585e-01 3.8869084191728014e+00 0
5.9963846115935926e-01 6.8051957014181585e-01 3.8869084191728014e+00 0
6.8051957014181585e-01 6.8051957014181585e-01 3.8869084191728014e+00 0
7.5182364851512951e-01 6.8051957014181585e-01 3.8869084191728014e+00 0
8.1468470045459451e-01 6.8051957014181585e-01 3.8869084191728032e+00 0
8.7010245412427611e-01 6.8051957014181585e-01 3.8869084191728032e+00 0
9.1895826113099188e-01 6.8051957014181585e-01 3.8869084191728014e+00 0
9.6202911334388608e-01 6.8051957014181585e-01 3.8869084191728014e+00 0
1.5188354662445352e-01 7.5182364851512951e-01 3.8869084191728014e+00 0
2.8578275310635204e-01 7.5182364851512951e-01 3.8869084191728014e+00 0
4.0382712259170006e-01 7.5182364851512951e-01 3.8869084191728014e+00 0
5.0789400643150273e-01 7.5182364851512951e-01 3.8869084191728014e+00 0
5.9963846115935926e-01 7.5182364851512951e-01 3.8869084191728014e+00 0
6.8051957014181585e-01 7.5182364851512951e-01 3.8869084191728014e+00 0
7.5182364851512951e-01 7.5182364851512951e-01 3.8869084191728014e+00 0
8.1468470045459451e-01 7.5182364851512951e-01 3.8869084191728014e+00 0
8.7010245412427656e-01 7.5182364851512951e-01 3.8869084191728014e+00 0
9.1895826113099277e-01 7.5182364851512951e-01 3.8869084191728014e+00 0
9.6202911334388697e-01 7.5182364851512951e-01 3.8869084191728014e+00 0
1.5188354662445358e-01 8.1468470045459451e-01 3.8869084191728014e+00 0
2.8578275310635204e-01 8.1468470045459451e-01 3.8869084191728014e+00 0
4.0382712259170028e-01 8.1468470045459451e-01 3.8869084191727996e+00 0
5.0789400643150273e-01 8.1468470045459451e-01 3.8869084191728014e+00 0
5.9963846115935926e-01 8.1468470045459451e-01 3.8869084191728014e+00 0
6.8051957014181541e-01 8.1468470045459451e-01 3.8869084191728014e+00 0
7.5182364851512951e-01 8.1468470045459451e-01 3.8869084191728014e+00 0
8.1468470045459451e-01 8.1468470045459451e-01 3.8869084191727996e+00 0
8.7010245412427700e-01 8.1468470045459451e-01 3.8869084191728014e+00 0
9.1895826113099277e-01 8.1468470045459451e-01 3.8869084191728014e+00 0
9.6202911334388652e-01 8.1468470045459451e-01 3.8869084191728014e+00 0
1.5188354662445358e-01 8.7010245412427656e-01 3.8869084191727996e+00 0
2.8578275310635204e-01 8.7010245412427700e-01 3.8869084191728032e+00 0
4.0382712259170028e-01 8.7010245412427656e-01 3.8869084191728014e+00 0
5.0789400643150273e-01 8.7010245412427745e-01 3.8869084191728014e+00 0
5.9963846115935926e-01 8.7010245412427656e-01 3.8869084191728014e+00 0
6.8051957014181585e-01 8.7010245412427656e-01 3.8869084191728014e+00 0
7.5182364851512951e-01 8.7010245412427656e-01 3.8869084191728014e+00 0
8.1468470045459451e-01 8.7010245412427700e-01 3.8869084191728032e+00 0
8.7010245412427656e-01 8.7010245412427656e-01 3.8869084191728032e+00 0
9.1895826113099277e-01 8.7010245412427656e-01 3.8869084191728032e+00 0
9.6202911334388697e-01 8.7010245412427656e-01 3.8869084191728014e+00 0
1.5188354662445347e-01 9.1895826113099277e-01 3.8869084191727996e+00 0
2.8578275310635204e-01 9.1895826113099233e-01 3.8869084191728014e+00 0
4.0382712259170028e-01 9.1895826113099277e-01 3.8869084191728014e+00 0
5.0789400643150273e-01 9.1895826113099277e-01 3.8869084191728014e+00 0
5.9963846115935926e-01 9.1895826113099233e-01 3.8869084191728014e+00 0
6.8051957014181585e-01 9.1895826113099144e-01 3.8869084191728014e+00 0
7.5182364851512951e-01 9.1895826113099233e-01 3.8869084191728014e+00 0
8.1468470045459451e-01 9.1895826113099233e-01 3.8869084191728032e+00 0
8.7010245412427656e-01 9.1895826113099233e-01 3.8869084191728014e+00 0
9.1895826113099277e-01 9.1895826113099233e-01 3.8869084191728014e+00 0
9.6202911334388652e-01 9.1895826113099233e-01 3.8869084191728014e+00 0
1.5188354662445358e-01 9.6202911334388652e-01 3.8869084191727996e+00 0
2.8578275310635204e-01 9.6202911334388652e-01 3.8869084191728014e+00 0
4.0382712259170028e-01 9.6202911334388652e-01 3.8869084191728014e+00 0
5.0789400643150273e-01 9.6202911334388652e-01 3.8869084191728014e+00 0
5.9963846115935926e-01 9.6202911334388697e-01 3.8869084191728014e+00 0
6.8051957014181585e-01 9.6202911334388697e-01 3.8869084191728014e+00 0
7.5182364851512951e-01 9.6202911334388652e-01 3.8869084191728014e+00 0
8.1468470045459451e-01 9.6202911334388697e-01 3.8869084191728032e+00 0
8.7010245412427700e-01 9.6202911334388652e-01 3.8869084191728014e+00 0
9.1895826113099277e-01 9.6202911334388563e-01 3.8869084191728014e+00 0
9.6202911334388697e-01 9.6202911334388652e-01 3.8869084191728014e+00 0
1.5188354662445341e-01 1.5188354662445336e-01 3.4033529302329697e+00 0
2.8578275310635204e-01 1.5188354662445352e-01 3.4033529302329715e+00 0
4.0382712259170050e-01 1.5188354662445352e-01 3.4033529302329679e+00 0
5.0789400643150273e-01 1.5188354662445352e-01 3.4033529302329697e+00 0
5.9963846115935926e-01 1.5188354662445347e-01 3.4033529302329679e+00 0
6.8051957014181585e-01 1.5188354662445347e-01 3.4033529302329697e+00 0
7.5182364851512995e-01 1.5188354662445358e-01 3.4033529302329697e+00 0
8.1468470045459407e-01 1.5188354662445352e-01 3.4033529302329679e+00 0
8.7010245412427611e-01 1.5188354662445347e-01 3.4033529302329697e+00 0
9.1895826113099277e-01 1.5188354662445336e-01 3.4033529302329715e+00 0
9.6202911334388652e-01 1.5188354662445347e-01 3.4033529302329697e+00 0
1.5188354662445347e-01 2.8578275310635193e-01 3.4033529302329697e+00 0
2.8578275310635204e-01 2.8578275310635204e-01 3.4033529302329715e+00 0
4.0382712259170050e-01 2.8578275310635215e-01 3.4033529302329715e+00 0
5.0789400643150273e-01 2.8578275310635204e-01 3.4033529302329715e+00 0
5.9963846115935926e-01 2.8578275310635204e-01 3.4033529302329715e+00 0
6.8051957014181585e-01 2.8578275310635204e-01 3.4033529302329697e+00 0
7.5182364851512995e-01 2.8578275310635193e-01 3.4033529302329697e+00 0
8.1468470045459451e-01 2.8578275310635215e-01 3.4033529302329679e+00 0
8.7010245412427656e-01 2.8578275310635204e-01 3.4033529302329715e+00 0
9.1895826113099277e-01 2.8578275310635204e-01 3.4033529302329697e+00 0
9.6202911334388697e-01 2.8578275310635193e-01 3.4033529302329715e+00 0
1.5188354662445347e-01 4.0382712259170028e-01 3.4033529302329679e+00 0
2.8578275310635204e-01 4.0382712259170050e-01 3.4033529302329679e+00 0
4.0382712259170050e-01 4.0382712259170050e-01 3.4033529302329679e+00 0
5.0789400643150273e-01 4.0382712259170028e-01 3.4033529302329715e+00 0
5.9963846115935926e-01 4.0382712259170050e-01 3.4033529302329715e+00 0
6.8051957014181585e-01 4.0382712259170028e-01 3.4033529302329697e+00 0
7.5182364851512995e-01 4.0382712259170050e-01 3.4033529302329697e+00 0
8.1468470045459451e-01 4.0382712259170050e-01 3.4033529302329679e+00 0
8.7010245412427656e-01 4.0382712259170050e-01 3.4033529302329715e+00 0
9.1895826113099277e-01 4.0382712259170050e-01 3.4033529302329715e+00 0
9.6202911334388652e-01 4.0382712259170050e-01 3.4033529302329679e+00 0
1.5188354662445347e-01 5.0789400643150273e-01 3.4033529302329679e+00 0
2.8578275310635204e-01 5.0789400643150295e-01 3.4033529302329679e+00 0
4.0382712259170028e-01 5.0789400643150273e-01 3.4033529302329679e+00 0
5.0789400643150273e-01 5.0789400643150273e-01 3.4033529302329697e+00 0
5.9963846115935926e-01 5.0789400643150273e-01 3.4033529302329679e+00 0
6.8051957014181585e-01 5.0789400643150273e-01 3.4033529302329697e+00 0
7.5182364851512995e-01 5.0789400643150273e-01 3.4033529302329697e+00 0
8.1468470045459451e-01 5.0789400643150273e-01 3.4033529302329697e+00 0
8.7010245412427656e-01 5.0789400643150273e-01 3.4033529302329679e+00 0
9.1895826113099233e-01 5.0789400643150273e-01 3.4033529302329715e+00 0
9.6202911334388608e-01 5.0789400643150273e-01 3.4033529302329679e+00 0
1.5188354662445347e-01 5.9963846115935926e-01 3.4033529302329679e+00 0
2.8578275310635204e-01 5.9963846115935926e-01 3.4033529302329679e+00 0
4.0382712259170050e-01 5.9963846115935904e-01 3.4033529302329679e+00 0
5.0789400643150273e-01 5.9963846115935926e-01 3.4033529302329697e+00 0
5.9963846115935926e-01 5.9963846115935926e-01 3.4033529302329679e+00 0
6.8051957014181585e-01 5.9963846115935926e-01 3.4033529302329697e+00 0
7.5182364851512995e-01 5.9963846115935926e-01 3.4033529302329697e+00 0
8.1468470045459451e-01 5.9963846115935926e-01 3.4033529302329697e+00 0
8.7010245412427656e-01 5.9963846115935926e-01 3.4033529302329697e+00 0
9.1895826113099321e-01 5.9963846115935926e-01 3.4033529302329697e+00 0
9.6202911334388608e-01 5.9963846115935926e-01 3.4033529302329679e+00 0
1.5188354662445347e-01 6.8051957014181585e-01 3.4033529302329697e+00 0
2.8578275310635204e-01 6.8051957014181585e-01 3.4033529302329697e+00 0
4.0382712259170050e-01 6.8051957014181585e-01 3.4033529302329679e+00 0
5.0789400643150273e-01 6.8051957014181585e-01 3.4033529302329697e+00 0
5.9963846115935926e-01 6.8051957014181585e-01 3.4033529302329679e+00 0
6.8051957014181585e-01 6.8051957014181585e-01 3.4033529302329697e+00 0
7.5182364851512995e-01 6.8051957014181585e-01 3.4033529302329697e+00 0
8.1468470045459451e-01 6.8051957014181585e-01 3.4033529302329661e+00 0
8.7010245412427611e-01 6.8051957014181585e-01 3.4033529302329697e+00 0
9.1895826113099233e-01 6.8051957014181585e-01 3.4033529302329697e+00 0
9.6202911334388608e-01 6.8051957014181585e-01 3.4033529302329697e+00 0
1.5188354662445347e-01 7.5182364851512951e-01 3.4033529302329697e+00 0
2.8578275310635204e-01 7.5182364851512951e-01 3.4033529302329679e+00 0
4.0382712259170028e-01 7.5182364851512995e-01 3.4033529302329697e+00 0
5.0789400643150273e-01 7.5182364851512951e-01 3.4033529302329697e+00 0
5.9963846115935926e-01 7.5182364851512995e-01 3.4033529302329679e+00 0
6.8051957014181585e-01 7.5182364851512995e-01 3.4033529302329679e+00 0
7.5182364851512995e-01 7.5182364851512995e-01 3.4033529302329697e+00 0
8.1468470045459362e-01 7.5182364851512995e-01 3.4033529302329679e+00 0
8.7010245412427656e-01 7.5182364851512995e-01 3.4033529302329679e+00 0
9.1895826113099277e-01 7.5182364851512995e-01 3.4033529302329679e+00 0
9.6202911334388652e-01 7.5182364851512995e-01 3.4033529302329679e+00 0
1.5188354662445347e-01 8.1468470045459451e-01 3.4033529302329715e+00 0
2.8578275310635182e-01 8.1468470045459451e-01 3.4033529302329697e+00 0
4.0382712259170050e-01 8.1468470045459451e-01 3.4033529302329679e+00 0
5.0789400643150273e-01 8.1468470045459451e-01 3.4033529302329679e+00 0
5.9963846115935926e-01 8.1468470045459451e-01 3.4033529302329697e+00 0
6.8051957014181585e-01 8.1468470045459451e-01 3.4033529302329697e+00 0
7.5182364851512995e-01 8.1468470045459451e-01 3.4033529302329697e+00 0
8.1468470045459451e-01 8.1468470045459451e-01 3.4033529302329697e+00 0
8.7010245412427656e-01 8.1468470045459407e-01 3.4033529302329697e+00 0
9.1895826113099277e-01 8.1468470045459451e-01 3.4033529302329697e+00 0
9.6202911334388652e-01 8.1468470045459451e-01 3.4033529302329679e+00 0
1.5188354662445347e-01 8.7010245412427656e-01 3.4033529302329697e+00 0
2.8578275310635204e-01 8.7010245412427745e-01 3.4033529302329715e+00 0
4.0382712259170050e-01 8.7010245412427611e-01 3.4033529302329679e+00 0
5.0789400643150273e-01 8.7010245412427611e-01 3.4033529302329697e+00 0
5.9963846115935882e-01 8.7010245412427656e-01 3.4033529302329697e+00 0
6.8051957014181585e-01 8.7010245412427567e-01 3.4033529302329697e+00 0
7.5182364851512995e-01 8.7010245412427656e-01 3.4033529302329697e+00 0
8.1468470045459451e-01 8.7010245412427656e-01 3.4033529302329697e+00 0
8.7010245412427656e-01 8.7010245412427611e-01 3.4033529302329715e+00 0
9.1895826113099277e-01 8.7010245412427611e-01 3.4033529302329697e+00 0
9.6202911334388652e-01 8.7010245412427611e-01 3.4033529302329697e+00 0
1.5188354662445347e-01 9.1895826113099321e-01 3.4033529302329697e+00 0
2.8578275310635204e-01 9.1895826113099366e-01 3.4033529302329679e+00 0
4.0382712259170050e-01 9.1895826113099277e-01 3.4033529302329679e+00 0
5.0789400643150273e-01 9.1895826113099277e-01 3.4033529302329697e+00 0
5.9963846115935926e-01 9.1895826113099233e-01 3.4033529302329679e+00 0
6.8051957014181585e-01 9.1895826113099277e-01 3.4033529302329697e+00 0
7.5182364851512995e-01 9.1895826113099277e-01 3.4033529302329697e+00 0
8.1468470045459451e-01 9.1895826113099277e-01 3.4033529302329697e+00 0
8.7010245412427656e-01 9.1895826113099321e-01 3.4033529302329697e+00 0
9.1895826113099277e-01 9.1895826113099321e-01 3.4033529302329697e+00 0
9.6202911334388652e-01 9.1895826113099277e-01 3.4033529302329697e+00 0
1.5188354662445347e-01 9.6202911334388652e-01 3.4033529302329697e+00 0
2.8578275310635204e-01 9.6202911334388608e-01 3.4033529302329697e+00 0
4.0382712259170050e-01 9.6202911334388652e-01 3.4033529302329679e+00 0
5.0789400643150273e-01 9.6202911334388608e-01 3.4033529302329697e+00 0
5.9963846115935926e-01 9.6202911334388608e-01 3.4033529302329679e+00 0
6.8051957014181585e-01 9.6202911334388652e-01 3.4033529302329697e+00 0
7.5182364851512995e-01 9.6202911334388652e-01 3.4033529302329697e+00 0
8.1468470045459451e-01 9.6202911334388652e-01 3.4033529302329679e+00 0
8.7010245412427700e-01 9.6202911334388652e-01 3.4033529302329697e+00 0
9.1895826113099233e-01 9.6202911334388608e-01 3.4033529302329697e+00 0
9.6202911334388652e-01 9.6202911334388608e-01 3.4033529302329697e+00 0
1.5188354662445336e-01 1.5188354662445347e-01 3.0293798393380822e+00 0
2.8578275310635204e-01 1.5188354662445341e-01 3.0293798393380822e+00 0
4.0382712259170028e-01 1.5188354662445336e-01 3.0293798393380822e+00 0
5.0789400643150273e-01 1.5188354662445341e-01 3.0293798393380822e+00 0
5.9963846115935926e-01 1.5188354662445341e-01 3.0293798393380822e+00 0
6.8051957014181585e-01 1.5188354662445336e-01 3.0293798393380804e+00 0
7.5182364851512995e-01 1.5188354662445336e-01 3.0293798393380822e+00 0
8.1468470045459451e-01 1.5188354662445341e-01 3.0293798393380822e+00 0
8.7010245412427611e-01 1.5188354662445336e-01 3.0293798393380822e+00 0
9.1895826113099233e-01 1.5188354662445336e-01 3.0293798393380840e+00 0
9.6202911334388741e-01 1.5188354662445341e-01 3.0293798393380840e+00 0
1.5188354662445336e-01 2.8578275310635193e-01 3.0293798393380822e+00 0
2.8578275310635204e-01 2.8578275310635204e-01 3.0293798393380822e+00 0
4.0382712259170028e-01 2.8578275310635215e-01 3.0293798393380822e+00 0
5.0789400643150273e-01 2.8578275310635204e-01 3.0293798393380822e+00 0
5.9963846115935926e-01 2.8578275310635204e-01 3.0293798393380822e+00 0
6.8051957014181585e-01 2.8578275310635204e-01 3.0293798393380804e+00 0
7.5182364851512951e-01 2.8578275310635215e-01 3.0293798393380840e+00 0
8.1468470045459451e-01 2.8578275310635215e-01 3.0293798393380840e+00 0
8.7010245412427700e-01 2.8578275310635215e-01 3.0293798393380840e+00 0
9.1895826113099277e-01 2.8578275310635215e-01 3.0293798393380822e+00 0
9.6202911334388697e-01 2.8578275310635215e-01 3.0293798393380822e+00 0
1.5188354662445336e-01 4.0382712259170028e-01 3.0293798393380822e+00 0
2.8578275310635204e-01 4.0382712259170028e-01 3.0293798393380822e+00 0
4.0382712259170028e-01 4.0382712259170028e-01 3.0293798393380840e+00 0
5.0789400643150273e-01 4.0382712259170028e-01 3.0293798393380840e+00 0
5.9963846115935926e-01 4.0382712259170028e-01 3.0293798393380840e+00 0
6.8051957014181585e-01 4.0382712259170028e-01 3.0293798393380804e+00 0
7.5182364851512995e-01 4.0382712259170028e-01 3.0293798393380822e+00 0
8.1468470045459451e-01 4.0382712259170028e-01 3.0293798393380822e+00 0
8.7010245412427656e-01 4.0382712259170050e-01 3.0293798393380840e+00 0
9.1895826113099233e-01 4.0382712259170028e-01 3.0293798393380840e+00 0
9.6202911334388741e-01 4.0382712259170028e-01 3.0293798393380840e+00 0
1.5188354662445336e-01 5.0789400643150251e-01 3.0293798393380822e+00 0
2.8578275310635204e-01 5.0789400643150295e-01 3.0293798393380822e+00 0
4.0382712259170028e-01 5.0789400643150273e-01 3.0293798393380840e+00 0
5.0789400643150273e-01 5.0789400643150273e-01 3.0293798393380840e+00 0
5.9963846115935926e-01 5.0789400643150273e-01 3.0293798393380840e+00 0
6.8051957014181585e-01 5.0789400643150273e-01 3.0293798393380840e+00 0
7.5182364851512995e-01 5.0789400643150273e-01 3.0293798393380840e+00 0
8.1468470045459451e-01 5.0789400643150273e-01 3.0293798393380840e+00 0
8.7010245412427656e-01 5.0789400643150273e-01 3.0293798393380822e+00 0
9.1895826113099233e-01 5.0789400643150273e-01 3.0293798393380840e+00 0
9.6202911334388652e-01 5.0789400643150273e-01 3.0293798393380840e+00 0
1.5188354662445347e-01 5.9963846115935926e-01 3.0293798393380840e+00 0
2.8578275310635204e-01 5.9963846115935926e-01 3.0293798393380840e+00 0
4.0382712259170028e-01 5.9963846115935904e-01 3.0293798393380822e+00 0
5.0789400643150273e-01 5.9963846115935926e-01 3.0293798393380822e+00 0
5.9963846115935926e-01 5.9963846115935926e-01 3.0293798393380822e+00 0
6.8051957014181585e-01 5.9963846115935926e-01 3.0293798393380804e+00 0
7.5182364851512995e-01 5.9963846115935926e-01 3.0293798393380822e+00 0
8.1468470045459451e-01 5.9963846115935926e-01 3.0293798393380822e+00 0
8.7010245412427700e-01 5.9963846115935926e-01 3.0293798393380822e+00 0
9.1895826113099321e-01 5.9963846115935926e-01 3.0293798393380822e+00 0
9.6202911334388652e-01 5.9963846115935926e-01 3.0293798393380822e+00 0
1.5188354662445358e-01 6.8051957014181585e-01 3.0293798393380822e+00 0
2.8578275310635204e-01 6.8051957014181585e-01 3.0293798393380822e+00 0
4.0382712259170028e-01 6.8051957014181585e-01 3.0293798393380822e+00 0
5.0789400643150273e-01 6.8051957014181585e-01 3.0293798393380840e+00 0
5.9963846115935926e-01 6.8051957014181585e-01 3.0293798393380840e+00 0
6.8051957014181585e-01 6.8051957014181585e-01 3.0293798393380840e+00 0
7.5182364851512995e-01 6.8051957014181585e-01 3.0293798393380804e+00 0
8.1468470045459451e-01 6.8051957014181585e-01 3.0293798393380822e+00 0
8.7010245412427611e-01 6.8051957014181585e-01 3.0293798393380804e+00 0
9.1895826113099233e-01 6.8051957014181585e-01 3.0293798393380822e+00 0
9.6202911334388652e-01 6.8051957014181585e-01 3.0293798393380840e+00 0
1.5188354662445352e-01 7.5182364851512995e-01 3.0293798393380822e+00 0
2.8578275310635204e-01 7.5182364851512995e-01 3.0293798393380822e+00 0
4.0382712259170028e-01 7.5182364851512995e-01 3.0293798393380822e+00 0
5.0789400643150273e-01 7.5182364851512995e-01 3.0293798393380840e+00 0
5.9963846115935926e-01 7.5182364851512995e-01 3.0293798393380822e+00 0
6.8051957014181585e-01 7.5182364851512995e-01 3.0293798393380840e+00 0
7.5182364851512995e-01 7.5182364851512995e-01 3.0293798393380822e+00 0
8.1468470045459451e-01 7.5182364851512995e-01 3.0293798393380840e+00 0
8.7010245412427656e-01 7.5182364851512995e-01 3.0293798393380840e+00 0
9.1895826113099233e-01 7.5182364851512995e-01 3.0293798393380840e+00 0
9.6202911334388652e-01 7.5182364851512995e-01 3.0293798393380840e+00 0
1.5188354662445347e-01 8.1468470045459451e-01 3.0293798393380822e+00 0
2.8578275310635193e-01 8.1468470045459407e-01 3.0293798393380840e+00 0
4.0382712259170028e-01 8.1468470045459451e-01 3.0293798393380822e+00 0
5.0789400643150273e-01 8.1468470045459407e-01 3.0293798393380840e+00 0
5.9963846115935926e-01 8.1468470045459451e-01 3.0293798393380822e+00 0
6.8051957014181541e-01 8.1468470045459407e-01 3.0293798393380822e+00 0
7.5182364851512951e-01 8.1468470045459451e-01 3.0293798393380840e+00 0
8.1468470045459451e-01 8.1468470045459451e-01 3.0293798393380822e+00 0
8.7010245412427656e-01 8.1468470045459451e-01 3.0293798393380804e+00 0
9.1895826113099233e-01 8.1468470045459451e-01 3.0293798393380804e+00 0
9.6202911334388652e-01 8.1468470045459451e-01 3.0293798393380822e+00 0
1.5188354662445347e-01 8.7010245412427611e-01 3.0293798393380822e+00 0
2.8578275310635204e-01 8.7010245412427656e-01 3.0293798393380840e+00 0
4.0382712259170028e-01 8.7010245412427656e-01 3.0293798393380840e+00 0
5.0789400643150273e-01 8.7010245412427611e-01 3.0293798393380822e+00 0
5.9963846115935926e-01 8.7010245412427700e-01 3.0293798393380822e+00 0
6.8051957014181585e-01 8.7010245412427656e-01 3.0293798393380804e+00 0
7.5182364851512995e-01 8.7010245412427611e-01 3.0293798393380804e+00 0
8.1468470045459451e-01 8.7010245412427656e-01 3.0293798393380822e+00 0
8.7010245412427656e-01 8.7010245412427656e-01 3.0293798393380804e+00 0
9.1895826113099233e-01 8.7010245412427656e-01 3.0293798393380804e+00 0
9.6202911334388652e-01 8.7010245412427656e-01 3.0293798393380822e+00 0
1.5188354662445336e-01 9.1895826113099233e-01 3.0293798393380822e+00 0
2.8578275310635204e-01 9.1895826113099277e-01 3.0293798393380822e+00 0
4.0382712259170028e-01 9.1895826113099277e-01 3.0293798393380840e+00 0
5.0789400643150273e-01 9.1895826113099277e-01 3.0293798393380840e+00 0
5.9963846115935926e-01 9.1895826113099233e-01 3.0293798393380840e+00 0
6.8051957014181585e-01 9.1895826113099277e-01 3.0293798393380840e+00 0
7.5182364851512995e-01 9.1895826113099321e-01 3.0293798393380804e+00 0
8.1468470045459451e-01 9.1895826113099321e-01 3.0293798393380822e+00 0
8.7010245412427656e-01 9.1895826113099277e-01 3.0293798393380840e+00 0
9.1895826113099233e-01 9.1895826113099277e-01 3.0293798393380822e+00 0
9.6202911334388652e-01 9.1895826113099277e-01 3.0293798393380822e+00 0
1.5188354662445347e-01 9.6202911334388652e-01 3.0293798393380822e+00 0
2.8578275310635204e-01 9.6202911334388608e-01 3.0293798393380840e+00 0
4.0382712259170050e-01 9.6202911334388652e-01 3.0293798393380822e+00 0
5.0789400643150273e-01 9.6202911334388652e-01 3.0293798393380840e+00 0
5.9963846115935926e-01 9.6202911334388652e-01 3.0293798393380840e+00 0
6.8051957014181585e-01 9.6202911334388652e-01 3.0293798393380822e+00 0
7.5182364851512995e-01 9.6202911334388697e-01 3.0293798393380804e+00 0
8.1468470045459451e-01 9.6202911334388652e-01 3.0293798393380822e+00 0
8.7010245412427700e-01 9.6202911334388652e-01 3.0293798393380822e+00 0
9.1895826113099233e-01 9.6202911334388652e-01 3.0293798393380840e+00 0
9.6202911334388652e-01 9.6202911334388652e-01 3.0293798393380840e+00 0
1.5188354662445341e-01 1.5188354662445347e-01 2.7112999736878667e+00 0
2.8578275310635204e-01 1.5188354662445341e-01 2.7112999736878667e+00 0
4.0382712259170028e-01 1.5188354662445341e-01 2.7112999736878631e+00 0
5.0789400643150273e-01 1.5188354662445341e-01 2.7112999736878649e+00 0
5.9963846115935926e-01 1.5188354662445336e-01 2.7112999736878631e+00 0
6.8051957014181585e-01 1.5188354662445347e-01 2.7112999736878649e+00 0
7.5182364851513039e-01 1.5188354662445336e-01 2.7112999736878649e+00 0
8.1468470045459451e-01 1.5188354662445341e-01 2.7112999736878631e+00 0
8.7010245412427656e-01 1.5188354662445358e-01 2.7112999736878631e+00 0
9.1895826113099277e-01 1.5188354662445347e-01 2.7112999736878649e+00 0
9.6202911334388652e-01 1.5188354662445336e-01 2.7112999736878649e+00 0
1.5188354662445347e-01 2.8578275310635215e-01 2.7112999736878649e+00 0
2.8578275310635204e-01 2.8578275310635204e-01 2.7112999736878649e+00 0
4.0382712259170028e-01 2.8578275310635193e-01 2.7112999736878631e+00 0
5.0789400643150273e-01 2.8578275310635204e-01 2.7112999736878631e+00 0
5.9963846115935926e-01 2.8578275310635204e-01 2.7112999736878667e+00 0
6.8051957014181585e-01 2.8578275310635204e-01 2.7112999736878631e+00 0
7.5182364851512995e-01 2.8578275310635193e-01 2.7112999736878631e+00 0
8.1468470045459451e-01 2.8578275310635193e-01 2.7112999736878631e+00 0
8.7010245412427656e-01 2.8578275310635193e-01 2.7112999736878649e+00 0
9.1895826113099233e-01 2.8578275310635204e-01 2.7112999736878631e+00 0
9.6202911334388652e-01 2.8578275310635204e-01 2.7112999736878667e+00 0
1.5188354662445347e-01 4.0382712259170028e-01 2.7112999736878649e+00 0
2.8578275310635204e-01 4.0382712259170050e-01 2.7112999736878649e+00 0
4.0382712259170050e-01 4.0382712259170050e-01 2.7112999736878649e+00 0
5.0789400643150273e-01 4.0382712259170050e-01 2.7112999736878649e+00 0
5.9963846115935926e-01 4.0382712259170028e-01 2.7112999736878667e+00 0
6.8051957014181585e-01 4.0382712259170028e-01 2.7112999736878649e+00 0
7.5182364851512951e-01 4.0382712259170028e-01 2.7112999736878631e+00 0
8.1468470045459451e-01 4.0382712259170028e-01 2.7112999736878631e+00 0
8.7010245412427745e-01 4.0382712259170028e-01 2.7112999736878631e+00 0
9.1895826113099277e-01 4.0382712259170028e-01 2.7112999736878649e+00 0
9.6202911334388652e-01 4.0382712259170028e-01 2.7112999736878667e+00 0
1.5188354662445336e-01 5.0789400643150273e-01 2.7112999736878631e+00 0
2.8578275310635204e-01 5.0789400643150295e-01 2.7112999736878649e+00 0
4.0382712259170050e-01 5.0789400643150295e-01 2.7112999736878649e+00 0
5.0789400643150273e-01 5.0789400643150273e-01 2.7112999736878649e+00 0
5.9963846115935926e-01 5.0789400643150273e-01 2.7112999736878649e+00 0
6.8051957014181585e-01 5.0789400643150273e-01 2.7112999736878649e+00 0
7.5182364851512951e-01 5.0789400643150273e-01 2.7112999736878631e+00 0
8.1468470045459451e-01 5.0789400643150273e-01 2.7112999736878631e+00 0
8.7010245412427700e-01 5.0789400643150273e-01 2.7112999736878631e+00 0
9.1895826113099277e-01 5.0789400643150273e-01 2.7112999736878649e+00 0
9.6202911334388652e-01 5.0789400643150273e-01 2.7112999736878631e+00 0
1.5188354662445358e-01 5.9963846115935926e-01 2.7112999736878631e+00 0
2.8578275310635204e-01 5.9963846115935926e-01 2.7112999736878649e+00 0
4.0382712259170028e-01 5.9963846115935948e-01 2.7112999736878631e+00 0
5.0789400643150273e-01 5.9963846115935926e-01 2.7112999736878649e+00 0
5.9963846115935926e-01 5.9963846115935926e-01 2.7112999736878649e+00 0
6.8051957014181585e-01 5.9963846115935926e-01 2.7112999736878649e+00 0
7.5182364851512951e-01 5.9963846115935926e-01 2.7112999736878667e+00 0
8.1468470045459451e-01 5.9963846115935926e-01 2.7112999736878667e+00 0
8.7010245412427745e-01 5.9963846115935926e-01 2.7112999736878667e+00 0
9.1895826113099321e-01 5.9963846115935926e-01 2.7112999736878649e+00 0
9.6202911334388608e-01 5.9963846115935926e-01 2.7112999736878649e+00 0
1.5188354662445347e-01 6.8051957014181585e-01 2.7112999736878649e+00 0
2.8578275310635204e-01 6.8051957014181585e-01 2.7112999736878649e+00 0
4.0382712259170050e-01 6.8051957014181585e-01 2.7112999736878649e+00 0
5.0789400643150273e-01 6.8051957014181585e-01 2.7112999736878631e+00 0
5.9963846115935926e-01 6.8051957014181585e-01 2.7112999736878649e+00 0
6.8051957014181585e-01 6.8051957014181585e-01 2.7112999736878631e+00 0
7.5182364851512951e-01 6.8051957014181585e-01 2.7112999736878649e+00 0
8.1468470045459451e-01 6.8051957014181585e-01 2.7112999736878649e+00 0
8.7010245412427700e-01 6.8051957014181585e-01 2.7112999736878631e+00 0
9.1895826113099277e-01 6.8051957014181585e-01 2.7112999736878631e+00 0
9.6202911334388608e-01 6.8051957014181585e-01 2.7112999736878649e+00 0
1.5188354662445352e-01 7.5182364851512995e-01 2.7112999736878614e+00 0
2.8578275310635204e-01 7.5182364851512951e-01 2.7112999736878667e+00 0
4.0382712259170028e-01 7.5182364851512995e-01 2.7112999736878649e+00 0
5.0789400643150273e-01 7.5182364851512951e-01 2.7112999736878631e+00 0
5.9963846115935926e-01 7.5182364851512995e-01 2.7112999736878649e+00 0
6.8051957014181585e-01 7.5182364851512995e-01 2.7112999736878614e+00 0
7.5182364851512951e-01 7.5182364851512995e-01 2.7112999736878614e+00 0
8.1468470045459362e-01 7.5182364851512951e-01 2.7112999736878614e+00 0
8.7010245412427745e-01 7.5182364851512995e-01 2.7112999736878614e+00 0
9.1895826113099277e-01 7.5182364851512995e-01 2.7112999736878649e+00 0
9.6202911334388652e-01 7.5182364851512951e-01 2.7112999736878649e+00 0
1.5188354662445347e-01 8.1468470045459451e-01 2.7112999736878631e+00 0
2.8578275310635193e-01 8.1468470045459407e-01 2.7112999736878649e+00 0
4.0382712259170028e-01 8.1468470045459451e-01 2.7112999736878631e+00 0
5.0789400643150273e-01 8.1468470045459407e-01 2.7112999736878649e+00 0
5.9963846115935926e-01 8.1468470045459407e-01 2.7112999736878631e+00 0
6.8051957014181585e-01 8.1468470045459451e-01 2.7112999736878649e+00 0
7.5182364851512951e-01 8.1468470045459451e-01 2.7112999736878667e+00 0
8.1468470045459451e-01 8.1468470045459451e-01 2.7112999736878667e+00 0
8.7010245412427700e-01 8.1468470045459451e-01 2.7112999736878667e+00 0
9.1895826113099277e-01 8.1468470045459451e-01 2.7112999736878649e+00 0
9.6202911334388608e-01 8.1468470045459451e-01 2.7112999736878667e+00 0
1.5188354662445347e-01 8.7010245412427745e-01 2.7112999736878631e+00 0
2.8578275310635204e-01 8.7010245412427656e-01 2.7112999736878649e+00 0
4.0382712259170050e-01 8.7010245412427656e-01 2.7112999736878649e+00 0
5.0789400643150273e-01 8.7010245412427700e-01 2.7112999736878631e+00 0
5.9963846115935926e-01 8.7010245412427656e-01 2.7112999736878631e+00 0
6.8051957014181585e-01 8.7010245412427656e-01 2.7112999736878631e+00 0
7.5182364851512951e-01 8.7010245412427745e-01 2.7112999736878631e+00 0
8.1468470045459451e-01 8.7010245412427700e-01 2.7112999736878631e+00 0
8.7010245412427700e-01 8.7010245412427745e-01 2.7112999736878631e+00 0
9.1895826113099188e-01 8.7010245412427700e-01 2.7112999736878631e+00 0
9.6202911334388652e-01 8.7010245412427700e-01 2.7112999736878631e+00 0
1.5188354662445336e-01 9.1895826113099277e-01 2.7112999736878631e+00 0
2.8578275310635204e-01 9.1895826113099277e-01 2.7112999736878649e+00 0
4.0382712259170050e-01 9.1895826113099321e-01 2.7112999736878649e+00 0
5.0789400643150273e-01 9.1895826113099277e-01 2.7112999736878649e+00 0
5.9963846115935926e-01 9.1895826113099277e-01 2.7112999736878649e+00 0
6.8051957014181585e-01 9.1895826113099277e-01 2.7112999736878649e+00 0
7.5182364851512951e-01 9.1895826113099233e-01 2.7112999736878631e+00 0
8.1468470045459451e-01 9.1895826113099277e-01 2.7112999736878631e+00 0
8.7010245412427700e-01 9.1895826113099321e-01 2.7112999736878649e+00 0
9.1895826113099277e-01 9.1895826113099277e-01 2.7112999736878649e+00 0
9.6202911334388652e-01 9.1895826113099321e-01 2.7112999736878649e+00 0
1.5188354662445347e-01 9.6202911334388652e-01 2.7112999736878631e+00 0
2.8578275310635204e-01 9.6202911334388563e-01 2.7112999736878649e+00 0
4.0382712259170050e-01 9.6202911334388652e-01 2.7112999736878649e+00 0
5.0789400643150273e-01 9.6202911334388608e-01 2.7112999736878649e+00 0
5.9963846115935926e-01 9.6202911334388652e-01 2.7112999736878649e+00 0
6.8051957014181585e-01 9.6202911334388697e-01 2.7112999736878649e+00 0
7.5182364851512951e-01 9.6202911334388697e-01 2.7112999736878631e+00 0
8.1468470045459451e-01 9.6202911334388652e-01 2.7112999736878631e+00 0
8.7010245412427656e-01 9.6202911334388652e-01 2.7112999736878631e+00 0
9.1895826113099277e-01 9.6202911334388652e-01 2.7112999736878649e+00 0
9.6202911334388652e-01 9.6202911334388652e-01 2.7112999736878649e+00 0
1.5188354662445341e-01 1.5188354662445347e-01 2.4279968783781616e+00 0
2.8578275310635193e-01 1.5188354662445341e-01 2.4279968783781598e+00 0
4.0382712259170050e-01 1.5188354662445347e-01 2.4279968783781598e+00 0
5.0789400643150273e-01 1.5188354662445347e-01 2.4279968783781607e+00 0
5.9963846115935926e-01 1.5188354662445341e-01 2.4279968783781598e+00 0
6.8051957014181585e-01 1.5188354662445347e-01 2.4279968783781607e+00 0
7.5182364851512951e-01 1.5188354662445347e-01 2.4279968783781598e+00 0
8.1468470045459407e-01 1.5188354662445347e-01 2.4279968783781598e+00 0
8.7010245412427745e-01 1.5188354662445352e-01 2.4279968783781616e+00 0
9.1895826113099233e-01 1.5188354662445347e-01 2.4279968783781598e+00 0
9.6202911334388741e-01 1.5188354662445347e-01 2.4279968783781598e+00 0
1.5188354662445347e-01 2.8578275310635215e-01 2.4279968783781616e+00 0
2.8578275310635204e-01 2.8578275310635204e-01 2.4279968783781589e+00 0
4.0382712259170050e-01 2.8578275310635215e-01 2.4279968783781607e+00 0
5.0789400643150273e-01 2.8578275310635204e-01 2.4279968783781616e+00 0
5.9963846115935926e-01 2.8578275310635204e-01 2.4279968783781616e+00 0
6.8051957014181585e-01 2.8578275310635204e-01 2.4279968783781607e+00 0
7.5182364851512951e-01 2.8578275310635215e-01 2.4279968783781607e+00 0
8.1468470045459407e-01 2.8578275310635215e-01 2.4279968783781607e+00 0
8.7010245412427700e-01 2.8578275310635193e-01 2.4279968783781616e+00 0
9.1895826113099233e-01 2.8578275310635193e-01 2.4279968783781616e+00 0
9.6202911334388697e-01 2.8578275310635215e-01 2.4279968783781616e+00 0
1.5188354662445336e-01 4.0382712259170028e-01 2.4279968783781607e+00 0
2.8578275310635204e-01 4.0382712259170050e-01 2.4279968783781589e+00 0
4.0382712259170050e-01 4.0382712259170050e-01 2.4279968783781607e+00 0
5.0789400643150273e-01 4.0382712259170050e-01 2.4279968783781598e+00 0
5.9963846115935926e-01 4.0382712259170050e-01 2.4279968783781598e+00 0
6.8051957014181585e-01 4.0382712259170028e-01 2.4279968783781607e+00 0
7.5182364851512951e-01 4.0382712259170050e-01 2.4279968783781607e+00 0
8.1468470045459407e-01 4.0382712259170050e-01 2.4279968783781607e+00 0
8.7010245412427700e-01 4.0382712259170050e-01 2.4279968783781598e+00 0
9.1895826113099233e-01 4.0382712259170050e-01 2.4279968783781616e+00 0
9.6202911334388741e-01 4.0382712259170050e-01 2.4279968783781616e+00 0
1.5188354662445347e-01 5.0789400643150273e-01 2.4279968783781607e+00 0
2.8578275310635204e-01 5.0789400643150251e-01 2.4279968783781589e+00 0
4.0382712259170050e-01 5.0789400643150295e-01 2.4279968783781607e+00 0
5.0789400643150273e-01 5.0789400643150273e-01 2.4279968783781616e+00 0
5.9963846115935926e-01 5.0789400643150273e-01 2.4279968783781607e+00 0
6.8051957014181585e-01 5.0789400643150273e-01 2.4279968783781607e+00 0
7.5182364851512951e-01 5.0789400643150273e-01 2.4279968783781607e+00 0
8.1468470045459407e-01 5.0789400643150273e-01 2.4279968783781607e+00 0
8.7010245412427700e-01 5.0789400643150273e-01 2.4279968783781598e+00 0
9.1895826113099277e-01 5.0789400643150273e-01 2.4279968783781607e+00 0
9.6202911334388652e-01 5.0789400643150273e-01 2.4279968783781616e+00 0
1.5188354662445358e-01 5.9963846115935926e-01 2.4279968783781616e+00 0
2.8578275310635204e-01 5.9963846115935926e-01 2.4279968783781589e+00 0
4.0382712259170050e-01 5.9963846115935904e-01 2.4279968783781607e+00 0
5.0789400643150273e-01 5.9963846115935926e-01 2.4279968783781625e+00 0
5.9963846115935926e-01 5.9963846115935926e-01 2.4279968783781616e+00 0
6.8051957014181585e-01 5.9963846115935926e-01 2.4279968783781607e+00 0
7.5182364851512951e-01 5.9963846115935926e-01 2.4279968783781625e+00 0
8.1468470045459407e-01 5.9963846115935926e-01 2.4279968783781607e+00 0
8.7010245412427700e-01 5.9963846115935926e-01 2.4279968783781616e+00 0
9.1895826113099321e-01 5.9963846115935926e-01 2.4279968783781607e+00 0
9.6202911334388652e-01 5.9963846115935926e-01 2.4279968783781607e+00 0
1.5188354662445347e-01 6.8051957014181585e-01 2.4279968783781607e+00 0
2.8578275310635204e-01 6.8051957014181585e-01 2.4279968783781616e+00 0
4.0382712259170073e-01 6.8051957014181585e-01 2.4279968783781616e+00 0
5.0789400643150273e-01 6.8051957014181585e-01 2.4279968783781625e+00 0
5.9963846115935926e-01 6.8051957014181585e-01 2.4279968783781616e+00 0
6.8051957014181585e-01 6.8051957014181585e-01 2.4279968783781607e+00 0
7.5182364851512951e-01 6.8051957014181585e-01 2.4279968783781607e+00 0
8.1468470045459407e-01 6.8051957014181585e-01 2.4279968783781607e+00 0
8.7010245412427656e-01 6.8051957014181585e-01 2.4279968783781616e+00 0
9.1895826113099277e-01 6.8051957014181585e-01 2.4279968783781607e+00 0
9.6202911334388652e-01 6.8051957014181585e-01 2.4279968783781607e+00 0
1.5188354662445352e-01 7.5182364851512951e-01 2.4279968783781598e+00 0
2.8578275310635204e-01 7.5182364851512906e-01 2.4279968783781589e+00 0
4.0382712259170050e-01 7.5182364851512951e-01 2.4279968783781598e+00 0
5.0789400643150273e-01 7.5182364851512951e-01 2.4279968783781625e+00 0
5.9963846115935926e-01 7.5182364851512951e-01 2.4279968783781598e+00 0
6.8051957014181585e-01 7.5182364851512995e-01 2.4279968783781607e+00 0
7.5182364851512951e-01 7.5182364851512951e-01 2.4279968783781625e+00 0
8.1468470045459362e-01 7.5182364851512951e-01 2.4279968783781607e+00 0
8.7010245412427700e-01 7.5182364851512951e-01 2.4279968783781598e+00 0
9.1895826113099277e-01 7.5182364851512951e-01 2.4279968783781616e+00 0
9.6202911334388652e-01 7.5182364851512995e-01 2.4279968783781607e+00 0
1.5188354662445347e-01 8.1468470045459407e-01 2.4279968783781589e+00 0
2.8578275310635193e-01 8.1468470045459407e-01 2.4279968783781598e+00 0
4.0382712259170073e-01 8.1468470045459407e-01 2.4279968783781616e+00 0
5.0789400643150273e-01 8.1468470045459407e-01 2.4279968783781616e+00 0
5.9963846115935926e-01 8.1468470045459407e-01 2.4279968783781616e+00 0
6.8051957014181541e-01 8.1468470045459407e-01 2.4279968783781607e+00 0
7.5182364851512951e-01 8.1468470045459407e-01 2.4279968783781616e+00 0
8.1468470045459407e-01 8.1468470045459407e-01 2.4279968783781607e+00 0
8.7010245412427700e-01 8.1468470045459407e-01 2.4279968783781616e+00 0
9.1895826113099233e-01 8.1468470045459407e-01 2.4279968783781616e+00 0
9.6202911334388652e-01 8.1468470045459407e-01 2.4279968783781625e+00 0
1.5188354662445347e-01 8.7010245412427656e-01 2.4279968783781589e+00 0
2.8578275310635204e-01 8.7010245412427656e-01 2.4279968783781589e+00 0
4.0382712259170050e-01 8.7010245412427656e-01 2.4279968783781607e+00 0
5.0789400643150273e-01 8.7010245412427656e-01 2.4279968783781616e+00 0
5.9963846115935882e-01 8.7010245412427656e-01 2.4279968783781616e+00 0
6.8051957014181585e-01 8.7010245412427700e-01 2.4279968783781616e+00 0
7.5182364851512951e-01 8.7010245412427656e-01 2.4279968783781607e+00 0
8.1468470045459407e-01 8.7010245412427700e-01 2.4279968783781607e+00 0
8.7010245412427700e-01 8.7010245412427700e-01 2.4279968783781616e+00 0
9.1895826113099277e-01 8.7010245412427656e-01 2.4279968783781607e+00 0
9.6202911334388741e-01 8.7010245412427700e-01 2.4279968783781616e+00 0
1.5188354662445336e-01 9.1895826113099277e-01 2.4279968783781598e+00 0
2.8578275310635204e-01 9.1895826113099366e-01 2.4279968783781616e+00 0
4.0382712259170050e-01 9.1895826113099277e-01 2.4279968783781607e+00 0
5.0789400643150273e-01 9.1895826113099277e-01 2.4279968783781625e+00 0
5.9963846115935926e-01 9.1895826113099233e-01 2.4279968783781616e+00 0
6.8051957014181585e-01 9.1895826113099277e-01 2.4279968783781607e+00 0
7.5182364851512951e-01 9.1895826113099277e-01 2.4279968783781625e+00 0
8.1468470045459407e-01 9.1895826113099277e-01 2.4279968783781607e+00 0
8.7010245412427656e-01 9.1895826113099277e-01 2.4279968783781616e+00 0
9.1895826113099277e-01 9.1895826113099277e-01 2.4279968783781607e+00 0
9.6202911334388608e-01 9.1895826113099277e-01 2.4279968783781607e+00 0
1.5188354662445347e-01 9.6202911334388652e-01 2.4279968783781589e+00 0
2.8578275310635204e-01 9.6202911334388652e-01 2.4279968783781589e+00 0
4.0382712259170050e-01 9.6202911334388652e-01 2.4279968783781616e+00 0
5.0789400643150273e-01 9.6202911334388652e-01 2.4279968783781598e+00 0
5.9963846115935926e-01 9.6202911334388652e-01 2.4279968783781616e+00 0
6.8051957014181585e-01 9.6202911334388697e-01 2.4279968783781607e+00 0
7.5182364851512951e-01 9.6202911334388697e-01 2.4279968783781625e+00 0
8.1468470045459407e-01 9.6202911334388652e-01 2.4279968783781607e+00 0
8.7010245412427656e-01 9.6202911334388652e-01 2.4279968783781607e+00 0
9.1895826113099277e-01 9.6202911334388608e-01 2.4279968783781607e+00 0
9.6202911334388652e-01 9.6202911334388652e-01 2.4279968783781607e+00 0
1.5188354662445341e-01 1.5188354662445347e-01 2.1684427028184947e+00 0
2.8578275310635204e-01 1.5188354662445341e-01 2.1684427028184983e+00 0
4.0382712259170050e-01 1.5188354662445352e-01 2.1684427028184965e+00 0
5.0789400643150273e-01 1.5188354662445341e-01 2.1684427028184947e+00 0
5.9963846115935926e-01 1.5188354662445358e-01 2.1684427028184965e+00 0
6.8051957014181585e-01 1.5188354662445347e-01 2.1684427028184947e+00 0
7.5182364851512951e-01 1.5188354662445347e-01 2.1684427028184947e+00 0
8.1468470045459407e-01 1.5188354662445341e-01 2.1684427028184947e+00 0
8.7010245412427656e-01 1.5188354662445358e-01 2.1684427028184965e+00 0
9.1895826113099277e-01 1.5188354662445347e-01 2.1684427028184947e+00 0
9.6202911334388785e-01 1.5188354662445341e-01 2.1684427028184992e+00 0
1.5188354662445347e-01 2.8578275310635193e-01 2.1684427028184956e+00 0
2.8578275310635204e-01 2.8578275310635204e-01 2.1684427028184965e+00 0
4.0382712259170050e-01 2.8578275310635215e-01 2.1684427028184956e+00 0
5.0789400643150273e-01 2.8578275310635204e-01 2.1684427028184974e+00 0
5.9963846115935926e-01 2.8578275310635204e-01 2.1684427028184956e+00 0
6.8051957014181585e-01 2.8578275310635204e-01 2.1684427028184956e+00 0
7.5182364851512995e-01 2.8578275310635215e-01 2.1684427028184956e+00 0
8.1468470045459451e-01 2.8578275310635215e-01 2.1684427028184956e+00 0
8.7010245412427700e-01 2.8578275310635215e-01 2.1684427028184956e+00 0
9.1895826113099233e-01 2.8578275310635215e-01 2.1684427028184956e+00 0
9.6202911334388652e-01 2.8578275310635215e-01 2.1684427028184956e+00 0
1.5188354662445347e-01 4.0382712259170028e-01 2.1684427028184938e+00 0
2.8578275310635204e-01 4.0382712259170050e-01 2.1684427028184974e+00 0
4.0382712259170050e-01 4.0382712259170050e-01 2.1684427028184938e+00 0
5.0789400643150273e-01 4.0382712259170050e-01 2.1684427028184938e+00 0
5.9963846115935926e-01 4.0382712259170028e-01 2.1684427028184956e+00 0
6.8051957014181585e-01 4.0382712259170028e-01 2.1684427028184947e+00 0
7.5182364851512951e-01 4.0382712259170050e-01 2.1684427028184956e+00 0
8.1468470045459451e-01 4.0382712259170028e-01 2.1684427028184938e+00 0
8.7010245412427700e-01 4.0382712259170050e-01 2.1684427028184956e+00 0
9.1895826113099233e-01 4.0382712259170028e-01 2.1684427028184956e+00 0
9.6202911334388785e-01 4.0382712259170050e-01 2.1684427028184956e+00 0
1.5188354662445336e-01 5.0789400643150273e-01 2.1684427028184938e+00 0
2.8578275310635204e-01 5.0789400643150251e-01 2.1684427028184965e+00 0
4.0382712259170050e-01 5.0789400643150295e-01 2.1684427028184956e+00 0
5.0789400643150273e-01 5.0789400643150273e-01 2.1684427028184938e+00 0
5.9963846115935926e-01 5.0789400643150273e-01 2.1684427028184956e+00 0
6.8051957014181585e-01 5.0789400643150273e-01 2.1684427028184947e+00 0
7.5182364851512951e-01 5.0789400643150273e-01 2.1684427028184956e+00 0
8.1468470045459451e-01 5.0789400643150273e-01 2.1684427028184938e+00 0
8.7010245412427700e-01 5.0789400643150273e-01 2.1684427028184956e+00 0
9.1895826113099233e-01 5.0789400643150273e-01 2.1684427028184956e+00 0
9.6202911334388652e-01 5.0789400643150273e-01 2.1684427028184965e+00 0
1.5188354662445358e-01 5.9963846115935926e-01 2.1684427028184938e+00 0
2.8578275310635204e-01 5.9963846115935926e-01 2.1684427028184974e+00 0
4.0382712259170050e-01 5.9963846115935904e-01 2.1684427028184956e+00 0
5.0789400643150273e-01 5.9963846115935904e-01 2.1684427028184938e+00 0
5.9963846115935926e-01 5.9963846115935926e-01 2.1684427028184956e+00 0
6.8051957014181585e-01 5.9963846115935904e-01 2.1684427028184938e+00 0
7.5182364851512951e-01 5.9963846115935904e-01 2.1684427028184956e+00 0
8.1468470045459451e-01 5.9963846115935904e-01 2.1684427028184938e+00 0
8.7010245412427700e-01 5.9963846115935926e-01 2.1684427028184938e+00 0
9.1895826113099277e-01 5.9963846115935904e-01 2.1684427028184956e+00 0
9.6202911334388652e-01 5.9963846115935926e-01 2.1684427028184956e+00 0
1.5188354662445347e-01 6.8051957014181585e-01 2.1684427028184947e+00 0
2.8578275310635204e-01 6.8051957014181585e-01 2.1684427028184965e+00 0
4.0382712259170073e-01 6.8051957014181585e-01 2.1684427028184947e+00 0
5.0789400643150273e-01 6.8051957014181585e-01 2.1684427028184956e+00 0
5.9963846115935926e-01 6.8051957014181585e-01 2.1684427028184956e+00 0
6.8051957014181585e-01 6.8051957014181585e-01 2.1684427028184956e+00 0
7.5182364851512951e-01 6.8051957014181585e-01 2.1684427028184956e+00 0
8.1468470045459451e-01 6.8051957014181585e-01 2.1684427028184938e+00 0
8.7010245412427611e-01 6.8051957014181585e-01 2.1684427028184956e+00 0
9.1895826113099233e-01 6.8051957014181585e-01 2.1684427028184947e+00 0
9.6202911334388652e-01 6.8051957014181585e-01 2.1684427028184956e+00 0
1.5188354662445352e-01 7.5182364851512995e-01 2.1684427028184938e+00 0
2.8578275310635204e-01 7.5182364851512951e-01 2.1684427028184965e+00 0
4.0382712259170050e-01 7.5182364851512995e-01 2.1684427028184947e+00 0
5.0789400643150273e-01 7.5182364851512951e-01 2.1684427028184956e+00 0
5.9963846115935926e-01 7.5182364851512995e-01 2.1684427028184956e+00 0
6.8051957014181585e-01 7.5182364851512995e-01 2.1684427028184956e+00 0
7.5182364851512951e-01 7.5182364851512995e-01 2.1684427028184956e+00 0
8.1468470045459362e-01 7.5182364851512951e-01 2.1684427028184956e+00 0
8.7010245412427656e-01 7.5182364851512951e-01 2.1684427028184956e+00 0
9.1895826113099233e-01 7.5182364851512995e-01 2.1684427028184947e+00 0
9.6202911334388608e-01 7.5182364851512951e-01 2.1684427028184965e+00 0
1.5188354662445347e-01 8.1468470045459451e-01 2.1684427028184938e+00 0
2.8578275310635193e-01 8.1468470045459407e-01 2.1684427028184965e+00 0
4.0382712259170073e-01 8.1468470045459451e-01 2.1684427028184938e+00 0
5.0789400643150273e-01 8.1468470045459407e-01 2.1684427028184938e+00 0
5.9963846115935926e-01 8.1468470045459451e-01 2.1684427028184956e+00 0
6.8051957014181585e-01 8.1468470045459451e-01 2.1684427028184938e+00 0
7.5182364851512995e-01 8.1468470045459451e-01 2.1684427028184956e+00 0
8.1468470045459451e-01 8.1468470045459451e-01 2.1684427028184956e+00 0
8.7010245412427656e-01 8.1468470045459451e-01 2.1684427028184956e+00 0
9.1895826113099233e-01 8.1468470045459451e-01 2.1684427028184956e+00 0
9.6202911334388652e-01 8.1468470045459451e-01 2.1684427028184974e+00 0
1.5188354662445347e-01 8.7010245412427611e-01 2.1684427028184938e+00 0
2.8578275310635204e-01 8.7010245412427700e-01 2.1684427028184965e+00 0
4.0382712259170050e-01 8.7010245412427656e-01 2.1684427028184938e+00 0
5.0789400643150273e-01 8.7010245412427656e-01 2.1684427028184956e+00 0
5.9963846115935882e-01 8.7010245412427656e-01 2.1684427028184956e+00 0
6.8051957014181585e-01 8.7010245412427656e-01 2.1684427028184947e+00 0
7.5182364851512951e-01 8.7010245412427656e-01 2.1684427028184956e+00 0
8.1468470045459407e-01 8.7010245412427700e-01 2.1684427028184956e+00 0
8.7010245412427611e-01 8.7010245412427700e-01 2.1684427028184956e+00 0
9.1895826113099233e-01 8.7010245412427700e-01 2.1684427028184947e+00 0
9.6202911334388652e-01 8.7010245412427700e-01 2.1684427028184956e+00 0
1.5188354662445347e-01 9.1895826113099277e-01 2.1684427028184956e+00 0
2.8578275310635204e-01 9.1895826113099277e-01 2.1684427028184965e+00 0
4.0382712259170050e-01 9.1895826113099277e-01 2.1684427028184947e+00 0
5.0789400643150273e-01 9.1895826113099277e-01 2.1684427028184956e+00 0
5.9963846115935926e-01 9.1895826113099277e-01 2.1684427028184956e+00 0
6.8051957014181585e-01 9.1895826113099277e-01 2.1684427028184956e+00 0
7.5182364851512951e-01 9.1895826113099277e-01 2.1684427028184956e+00 0
8.1468470045459407e-01 9.1895826113099277e-01 2.1684427028184956e+00 0
8.7010245412427656e-01 9.1895826113099321e-01 2.1684427028184956e+00 0
9.1895826113099277e-01 9.1895826113099277e-01 2.1684427028184956e+00 0
9.6202911334388652e-01 9.1895826113099277e-01 2.1684427028184956e+00 0
1.5188354662445347e-01 9.6202911334388697e-01 2.1684427028184947e+00 0
2.8578275310635204e-01 9.6202911334388652e-01 2.1684427028184965e+00 0
4.0382712259170050e-01 9.6202911334388697e-01 2.1684427028184947e+00 0
5.0789400643150273e-01 9.6202911334388697e-01 2.1684427028184956e+00 0
5.9963846115935926e-01 9.6202911334388697e-01 2.1684427028184956e+00 0
6.8051957014181585e-01 9.6202911334388697e-01 2.1684427028184956e+00 0
7.5182364851512951e-01 9.6202911334388697e-01 2.1684427028184956e+00 0
8.1468470045459407e-01 9.6202911334388697e-01 2.1684427028184956e+00 0
8.7010245412427700e-01 9.6202911334388652e-01 2.1684427028184956e+00 0
9.1895826113099233e-01 9.6202911334388741e-01 2.1684427028184947e+00 0
9.6202911334388652e-01 9.6202911334388741e-01 2.1684427028184956e+00 0
1.5188354662445347e-01 1.5188354662445347e-01 1.9275096094984727e+00 0
2.8578275310635237e-01 1.5188354662445347e-01 1.9275096094984727e+00 0
4.0382712259170050e-01 1.5188354662445341e-01 1.9275096094984736e+00 0
5.0789400643150273e-01 1.5188354662445341e-01 1.9275096094984727e+00 0
5.9963846115935926e-01 1.5188354662445341e-01 1.9275096094984718e+00 0
6.8051957014181585e-01 1.5188354662445347e-01 1.9275096094984727e+00 0
7.5182364851512995e-01 1.5188354662445347e-01 1.9275096094984736e+00 0
8.1468470045459407e-01 1.5188354662445341e-01 1.9275096094984736e+00 0
8.7010245412427611e-01 1.5188354662445347e-01 1.9275096094984745e+00 0
9.1895826113099233e-01 1.5188354662445347e-01 1.9275096094984727e+00 0
9.6202911334388741e-01 1.5188354662445341e-01 1.9275096094984718e+00 0
1.5188354662445347e-01 2.8578275310635215e-01 1.9275096094984727e+00 0
2.8578275310635193e-01 2.8578275310635215e-01 1.9275096094984736e+00 0
4.0382712259170050e-01 2.8578275310635215e-01 1.9275096094984736e+00 0
5.0789400643150273e-01 2.8578275310635204e-01 1.9275096094984736e+00 0
5.9963846115935926e-01 2.8578275310635204e-01 1.9275096094984727e+00 0
6.8051957014181585e-01 2.8578275310635204e-01 1.9275096094984736e+00 0
7.5182364851512995e-01 2.8578275310635215e-01 1.9275096094984736e+00 0
8.1468470045459451e-01 2.8578275310635215e-01 1.9275096094984736e+00 0
8.7010245412427700e-01 2.8578275310635193e-01 1.9275096094984736e+00 0
9.1895826113099277e-01 2.8578275310635193e-01 1.9275096094984736e+00 0
9.6202911334388652e-01 2.8578275310635215e-01 1.9275096094984736e+00 0
1.5188354662445347e-01 4.0382712259170028e-01 1.9275096094984727e+00 0
2.8578275310635193e-01 4.0382712259170050e-01 1.9275096094984736e+00 0
4.0382712259170050e-01 4.0382712259170050e-01 1.9275096094984736e+00 0
5.0789400643150273e-01 4.0382712259170050e-01 1.9275096094984736e+00 0
5.9963846115935926e-01 4.0382712259170028e-01 1.9275096094984736e+00 0
6.8051957014181585e-01 4.0382712259170028e-01 1.9275096094984727e+00 0
7.5182364851512995e-01 4.0382712259170050e-01 1.9275096094984736e+00 0
8.1468470045459407e-01 4.0382712259170028e-01 1.9275096094984745e+00 0
8.7010245412427700e-01 4.0382712259170028e-01 1.9275096094984736e+00 0
9.1895826113099277e-01 4.0382712259170028e-01 1.9275096094984736e+00 0
9.6202911334388741e-01 4.0382712259170050e-01 1.9275096094984736e+00 0
1.5188354662445347e-01 5.0789400643150273e-01 1.9275096094984727e+00 0
2.8578275310635193e-01 5.0789400643150273e-01 1.9275096094984736e+00 0
4.0382712259170050e-01 5.0789400643150251e-01 1.9275096094984736e+00 0
5.0789400643150273e-01 5.0789400643150273e-01 1.9275096094984736e+00 0
5.9963846115935926e-01 5.0789400643150273e-01 1.9275096094984727e+00 0
6.8051957014181585e-01 5.0789400643150273e-01 1.9275096094984736e+00 0
7.5182364851512995e-01 5.0789400643150273e-01 1.9275096094984736e+00 0
8.1468470045459451e-01 5.0789400643150273e-01 1.9275096094984736e+00 0
8.7010245412427700e-01 5.0789400643150273e-01 1.9275096094984736e+00 0
9.1895826113099277e-01 5.0789400643150273e-01 1.9275096094984736e+00 0
9.6202911334388652e-01 5.0789400643150273e-01 1.9275096094984718e+00 0
1.5188354662445358e-01 5.9963846115935926e-01 1.9275096094984727e+00 0
2.8578275310635204e-01 5.9963846115935926e-01 1.9275096094984736e+00 0
4.0382712259170050e-01 5.9963846115935904e-01 1.9275096094984736e+00 0
5.0789400643150273e-01 5.9963846115935926e-01 1.9275096094984736e+00 0
5.9963846115935926e-01 5.9963846115935926e-01 1.9275096094984727e+00 0
6.8051957014181585e-01 5.9963846115935926e-01 1.9275096094984727e+00 0
7.5182364851512995e-01 5.9963846115935926e-01 1.9275096094984736e+00 0
8.1468470045459407e-01 5.9963846115935926e-01 1.9275096094984736e+00 0
8.7010245412427700e-01 5.9963846115935926e-01 1.9275096094984736e+00 0
9.1895826113099277e-01 5.9963846115935926e-01 1.9275096094984736e+00 0
9.6202911334388652e-01 5.9963846115935926e-01 1.9275096094984736e+00 0
1.5188354662445347e-01 6.8051957014181630e-01 1.9275096094984727e+00 0
2.8578275310635204e-01 6.8051957014181585e-01 1.9275096094984736e+00 0
4.0382712259170050e-01 6.8051957014181585e-01 1.9275096094984727e+00 0
5.0789400643150273e-01 6.8051957014181585e-01 1.9275096094984727e+00 0
5.9963846115935926e-01 6.8051957014181585e-01 1.9275096094984727e+00 0
6.8051957014181585e-01 6.8051957014181585e-01 1.9275096094984727e+00 0
7.5182364851512995e-01 6.8051957014181585e-01 1.9275096094984736e+00 0
8.1468470045459451e-01 6.8051957014181585e-01 1.9275096094984736e+00 0
8.7010245412427611e-01 6.8051957014181585e-01 1.9275096094984745e+00 0
9.1895826113099233e-01 6.8051957014181585e-01 1.9275096094984727e+00 0
9.6202911334388652e-01 6.8051957014181585e-01 1.9275096094984727e+00 0
1.5188354662445352e-01 7.5182364851512995e-01 1.9275096094984727e+00 0
2.8578275310635204e-01 7.5182364851512995e-01 1.9275096094984736e+00 0
4.0382712259170028e-01 7.5182364851512995e-01 1.9275096094984736e+00 0
5.0789400643150273e-01 7.5182364851512995e-01 1.9275096094984736e+00 0
5.9963846115935926e-01 7.5182364851512995e-01 1.9275096094984727e+00 0
6.8051957014181585e-01 7.5182364851512995e-01 1.9275096094984727e+00 0
7.5182364851512995e-01 7.5182364851512995e-01 1.9275096094984736e+00 0
8.1468470045459362e-01 7.5182364851512995e-01 1.9275096094984736e+00 0
8.7010245412427656e-01 7.5182364851512995e-01 1.9275096094984736e+00 0
9.1895826113099277e-01 7.5182364851512995e-01 1.9275096094984727e+00 0
9.6202911334388608e-01 7.5182364851512995e-01 1.9275096094984736e+00 0
1.5188354662445347e-01 8.1468470045459407e-01 1.9275096094984736e+00 0
2.8578275310635193e-01 8.1468470045459407e-01 1.9275096094984736e+00 0
4.0382712259170095e-01 8.1468470045459451e-01 1.9275096094984736e+00 0
5.0789400643150273e-01 8.1468470045459407e-01 1.9275096094984736e+00 0
5.9963846115935926e-01 8.1468470045459407e-01 1.9275096094984727e+00 0
6.8051957014181541e-01 8.1468470045459407e-01 1.9275096094984736e+00 0
7.5182364851512951e-01 8.1468470045459407e-01 1.9275096094984727e+00 0
8.1468470045459407e-01 8.1468470045459407e-01 1.9275096094984736e+00 0
8.7010245412427656e-01 8.1468470045459407e-01 1.9275096094984736e+00 0
9.1895826113099277e-01 8.1468470045459451e-01 1.9275096094984736e+00 0
9.6202911334388652e-01 8.1468470045459451e-01 1.9275096094984718e+00 0
1.5188354662445347e-01 8.7010245412427700e-01 1.9275096094984736e+00 0
2.8578275310635204e-01 8.7010245412427700e-01 1.9275096094984736e+00 0
4.0382712259170050e-01 8.7010245412427656e-01 1.9275096094984736e+00 0
5.0789400643150273e-01 8.7010245412427656e-01 1.9275096094984736e+00 0
5.9963846115935926e-01 8.7010245412427656e-01 1.9275096094984736e+00 0
6.8051957014181585e-01 8.7010245412427700e-01 1.9275096094984736e+00 0
7.5182364851512995e-01 8.7010245412427656e-01 1.9275096094984736e+00 0
8.1468470045459451e-01 8.7010245412427700e-01 1.9275096094984736e+00 0
8.7010245412427700e-01 8.7010245412427700e-01 1.9275096094984745e+00 0
9.1895826113099277e-01 8.7010245412427656e-01 1.9275096094984736e+00 0
9.6202911334388652e-01 8.7010245412427700e-01 1.9275096094984736e+00 0
1.5188354662445347e-01 9.1895826113099277e-01 1.9275096094984727e+00 0
2.8578275310635204e-01 9.1895826113099277e-01 1.9275096094984736e+00 0
4.0382712259170028e-01 9.1895826113099277e-01 1.9275096094984727e+00 0
5.0789400643150273e-01 9.1895826113099277e-01 1.9275096094984736e+00 0
5.9963846115935926e-01 9.1895826113099277e-01 1.9275096094984727e+00 0
6.8051957014181585e-01 9.1895826113099277e-01 1.9275096094984727e+00 0
7.5182364851512995e-01 9.1895826113099277e-01 1.9275096094984736e+00 0
8.1468470045459451e-01 9.1895826113099277e-01 1.9275096094984736e+00 0
8.7010245412427611e-01 9.1895826113099277e-01 1.9275096094984727e+00 0
9.1895826113099233e-01 9.1895826113099277e-01 1.9275096094984736e+00 0
9.6202911334388652e-01 9.1895826113099233e-01 1.9275096094984727e+00 0
1.5188354662445347e-01 9.6202911334388652e-01 1.9275096094984727e+00 0
2.8578275310635204e-01 9.6202911334388652e-01 1.9275096094984736e+00 0
4.0382712259170028e-01 9.6202911334388652e-01 1.9275096094984727e+00 0
5.0789400643150273e-01 9.6202911334388652e-01 1.9275096094984736e+00 0
5.9963846115935926e-01 9.6202911334388697e-01 1.9275096094984736e+00 0
6.8051957014181585e-01 9.6202911334388652e-01 1.9275096094984727e+00 0
7.5182364851512995e-01 9.6202911334388652e-01 1.9275096094984736e+00 0
8.1468470045459451e-01 9.6202911334388697e-01 1.9275096094984736e+00 0
8.7010245412427700e-01 9.6202911334388652e-01 1.9275096094984727e+00 0
9.1895826113099233e-01 9.6202911334388652e-01 1.9275096094984727e+00 0
9.6202911334388652e-01 9.6202911334388652e-01 1.9275096094984727e+00 0
1.5188354662445347e-01 1.5188354662445352e-01 1.7003117217547601e+00 0
2.8578275310635204e-01 1.5188354662445341e-01 1.7003117217547610e+00 0
4.0382712259170028e-01 1.5188354662445352e-01 1.7003117217547619e+00 0
5.0789400643150273e-01 1.5188354662445352e-01 1.7003117217547619e+00 0
5.9963846115935926e-01 1.5188354662445341e-01 1.7003117217547601e+00 0
6.8051957014181585e-01 1.5188354662445358e-01 1.7003117217547610e+00 0
7.5182364851512951e-01 1.5188354662445358e-01 1.7003117217547610e+00 0
8.1468470045459407e-01 1.5188354662445352e-01 1.7003117217547601e+00 0
8.7010245412427656e-01 1.5188354662445347e-01 1.7003117217547601e+00 0
9.1895826113099277e-01 1.5188354662445347e-01 1.7003117217547601e+00 0
9.6202911334388697e-01 1.5188354662445347e-01 1.7003117217547592e+00 0
1.5188354662445347e-01 2.8578275310635193e-01 1.7003117217547610e+00 0
2.8578275310635204e-01 2.8578275310635204e-01 1.7003117217547601e+00 0
4.0382712259170050e-01 2.8578275310635215e-01 1.7003117217547592e+00 0
5.0789400643150273e-01 2.8578275310635204e-01 1.7003117217547601e+00 0
5.9963846115935926e-01 2.8578275310635204e-01 1.7003117217547601e+00 0
6.8051957014181585e-01 2.8578275310635204e-01 1.7003117217547601e+00 0
7.5182364851512951e-01 2.8578275310635215e-01 1.7003117217547610e+00 0
8.1468470045459451e-01 2.8578275310635215e-01 1.7003117217547610e+00 0
8.7010245412427700e-01 2.8578275310635193e-01 1.7003117217547601e+00 0
9.1895826113099233e-01 2.8578275310635215e-01 1.7003117217547601e+00 0
9.6202911334388697e-01 2.8578275310635193e-01 1.7003117217547601e+00 0
1.5188354662445347e-01 4.0382712259170006e-01 1.7003117217547592e+00 0
2.8578275310635204e-01 4.0382712259170050e-01 1.7003117217547610e+00 0
4.0382712259170028e-01 4.0382712259170028e-01 1.7003117217547601e+00 0
5.0789400643150273e-01 4.0382712259170028e-01 1.7003117217547601e+00 0
5.9963846115935926e-01 4.0382712259170028e-01 1.7003117217547601e+00 0
6.8051957014181585e-01 4.0382712259170028e-01 1.7003117217547601e+00 0
7.5182364851512951e-01 4.0382712259170028e-01 1.7003117217547601e+00 0
8.1468470045459451e-01 4.0382712259170028e-01 1.7003117217547610e+00 0
8.7010245412427700e-01 4.0382712259170028e-01 1.7003117217547601e+00 0
9.1895826113099277e-01 4.0382712259170028e-01 1.7003117217547601e+00 0
9.6202911334388697e-01 4.0382712259170028e-01 1.7003117217547610e+00 0
1.5188354662445347e-01 5.0789400643150273e-01 1.7003117217547601e+00 0
2.8578275310635204e-01 5.0789400643150295e-01 1.7003117217547601e+00 0
4.0382712259170050e-01 5.0789400643150273e-01 1.7003117217547610e+00 0
5.0789400643150273e-01 5.0789400643150273e-01 1.7003117217547610e+00 0
5.9963846115935926e-01 5.0789400643150273e-01 1.7003117217547601e+00 0
6.8051957014181585e-01 5.0789400643150273e-01 1.7003117217547610e+00 0
7.5182364851512951e-01 5.0789400643150273e-01 1.7003117217547610e+00 0
8.1468470045459451e-01 5.0789400643150273e-01 1.7003117217547610e+00 0
8.7010245412427700e-01 5.0789400643150273e-01 1.7003117217547592e+00 0
9.1895826113099277e-01 5.0789400643150273e-01 1.7003117217547601e+00 0
9.6202911334388652e-01 5.0789400643150273e-01 1.7003117217547601e+00 0
1.5188354662445358e-01 5.9963846115935926e-01 1.7003117217547610e+00 0
2.8578275310635204e-01 5.9963846115935926e-01 1.7003117217547601e+00 0
4.0382712259170050e-01 5.9963846115935948e-01 1.7003117217547610e+00 0
5.0789400643150273e-01 5.9963846115935926e-01 1.7003117217547601e+00 0
5.9963846115935926e-01 5.9963846115935926e-01 1.7003117217547601e+00 0
6.8051957014181585e-01 5.9963846115935926e-01 1.7003117217547592e+00 0
7.5182364851512951e-01 5.9963846115935926e-01 1.7003117217547601e+00 0
8.1468470045459451e-01 5.9963846115935926e-01 1.7003117217547610e+00 0
8.7010245412427700e-01 5.9963846115935926e-01 1.7003117217547601e+00 0
9.1895826113099233e-01 5.9963846115935926e-01 1.7003117217547601e+00 0
9.6202911334388652e-01 5.9963846115935926e-01 1.7003117217547601e+00 0
1.5188354662445347e-01 6.8051957014181585e-01 1.7003117217547610e+00 0
2.8578275310635204e-01 6.8051957014181585e-01 1.7003117217547601e+00 0
4.0382712259170073e-01 6.8051957014181585e-01 1.7003117217547619e+00 0
5.0789400643150273e-01 6.8051957014181585e-01 1.7003117217547601e+00 0
5.9963846115935926e-01 6.8051957014181585e-01 1.7003117217547601e+00 0
6.8051957014181585e-01 6.8051957014181585e-01 1.7003117217547601e+00 0
7.5182364851512951e-01 6.8051957014181585e-01 1.7003117217547601e+00 0
8.1468470045459451e-01 6.8051957014181585e-01 1.7003117217547601e+00 0
8.7010245412427700e-01 6.8051957014181585e-01 1.7003117217547601e+00 0
9.1895826113099277e-01 6.8051957014181585e-01 1.7003117217547592e+00 0
9.6202911334388652e-01 6.8051957014181585e-01 1.7003117217547601e+00 0
1.5188354662445352e-01 7.5182364851512995e-01 1.7003117217547601e+00 0
2.8578275310635204e-01 7.5182364851512951e-01 1.7003117217547601e+00 0
4.0382712259170006e-01 7.5182364851512951e-01 1.7003117217547601e+00 0
5.0789400643150273e-01 7.5182364851512951e-01 1.7003117217547610e+00 0
5.9963846115935926e-01 7.5182364851512951e-01 1.7003117217547601e+00 0
6.8051957014181585e-01 7.5182364851512951e-01 1.7003117217547592e+00 0
7.5182364851512951e-01 7.5182364851512951e-01 1.7003117217547601e+00 0
8.1468470045459362e-01 7.5182364851512951e-01 1.7003117217547610e+00 0
8.7010245412427700e-01 7.5182364851512951e-01 1.7003117217547601e+00 0
9.1895826113099277e-01 7.5182364851512951e-01 1.7003117217547592e+00 0
9.6202911334388697e-01 7.5182364851512995e-01 1.7003117217547601e+00 0
1.5188354662445347e-01 8.1468470045459451e-01 1.7003117217547610e+00 0
2.8578275310635193e-01 8.1468470045459407e-01 1.7003117217547601e+00 0
4.0382712259170073e-01 8.1468470045459451e-01 1.7003117217547610e+00 0
5.0789400643150273e-01 8.1468470045459407e-01 1.7003117217547610e+00 0
5.9963846115935926e-01 8.1468470045459407e-01 1.7003117217547610e+00 0
6.8051957014181541e-01 8.1468470045459407e-01 1.7003117217547601e+00 0
7.5182364851512951e-01 8.1468470045459407e-01 1.7003117217547610e+00 0
8.1468470045459451e-01 8.1468470045459451e-01 1.7003117217547610e+00 0
8.7010245412427700e-01 8.1468470045459451e-01 1.7003117217547601e+00 0
9.1895826113099277e-01 8.1468470045459451e-01 1.7003117217547610e+00 0
9.6202911334388652e-01 8.1468470045459407e-01 1.7003117217547610e+00 0
1.5188354662445347e-01 8.7010245412427700e-01 1.7003117217547601e+00 0
2.8578275310635204e-01 8.7010245412427700e-01 1.7003117217547601e+00 0
4.0382712259170028e-01 8.7010245412427611e-01 1.7003117217547601e+00 0
5.0789400643150273e-01 8.7010245412427700e-01 1.7003117217547592e+00 0
5.9963846115935837e-01 8.7010245412427656e-01 1.7003117217547592e+00 0
6.8051957014181585e-01 8.7010245412427611e-01 1.7003117217547592e+00 0
7.5182364851512951e-01 8.7010245412427700e-01 1.7003117217547592e+00 0
8.1468470045459451e-01 8.7010245412427745e-01 1.7003117217547592e+00 0
8.7010245412427700e-01 8.7010245412427745e-01 1.7003117217547601e+00 0
9.1895826113099277e-01 8.7010245412427745e-01 1.7003117217547592e+00 0
9.6202911334388697e-01 8.7010245412427700e-01 1.7003117217547592e+00 0
1.5188354662445347e-01 9.1895826113099277e-01 1.7003117217547601e+00 0
2.8578275310635204e-01 9.1895826113099233e-01 1.7003117217547601e+00 0
4.0382712259170028e-01 9.1895826113099277e-01 1.7003117217547601e+00 0
5.0789400643150273e-01 9.1895826113099277e-01 1.7003117217547601e+00 0
5.9963846115935926e-01 9.1895826113099277e-01 1.7003117217547592e+00 0
6.8051957014181585e-01 9.1895826113099277e-01 1.7003117217547592e+00 0
7.5182364851512951e-01 9.1895826113099277e-01 1.7003117217547601e+00 0
8.1468470045459451e-01 9.1895826113099277e-01 1.7003117217547610e+00 0
8.7010245412427700e-01 9.1895826113099277e-01 1.7003117217547601e+00 0
9.1895826113099277e-01 9.1895826113099277e-01 1.7003117217547592e+00 0
9.6202911334388652e-01 9.1895826113099321e-01 1.7003117217547610e+00 0
1.5188354662445347e-01 9.6202911334388652e-01 1.7003117217547601e+00 0
2.8578275310635215e-01 9.6202911334388608e-01 1.7003117217547601e+00 0
4.0382712259170028e-01 9.6202911334388652e-01 1.7003117217547601e+00 0
5.0789400643150273e-01 9.6202911334388608e-01 1.7003117217547601e+00 0
5.9963846115935926e-01 9.6202911334388652e-01 1.7003117217547601e+00 0
6.8051957014181585e-01 9.6202911334388652e-01 1.7003117217547601e+00 0
7.5182364851512951e-01 9.6202911334388652e-01 1.7003117217547601e+00 0
8.1468470045459451e-01 9.6202911334388652e-01 1.7003117217547601e+00 0
8.7010245412427700e-01 9.6202911334388652e-01 1.7003117217547592e+00 0
9.1895826113099277e-01 9.6202911334388652e-01 1.7003117217547601e+00 0
9.6202911334388652e-01 9.6202911334388652e-01 1.7003117217547610e+00 0
1.5188354662445336e-01 1.5188354662445347e-01 1.4843540250637188e+00 0
2.8578275310635204e-01 1.5188354662445341e-01 1.4843540250637188e+00 0
4.0382712259170050e-01 1.5188354662445352e-01 1.4843540250637188e+00 0
5.0789400643150273e-01 1.5188354662445341e-01 1.4843540250637179e+00 0
5.9963846115935926e-01 1.5188354662445347e-01 1.4843540250637197e+00 0
6.8051957014181585e-01 1.5188354662445358e-01 1.4843540250637188e+00 0
7.5182364851512995e-01 1.5188354662445358e-01 1.4843540250637197e+00 0
8.1468470045459451e-01 1.5188354662445352e-01 1.4843540250637197e+00 0
8.7010245412427567e-01 1.5188354662445347e-01 1.4843540250637197e+00 0
9.1895826113099233e-01 1.5188354662445347e-01 1.4843540250637188e+00 0
9.6202911334388785e-01 1.5188354662445352e-01 1.4843540250637197e+00 0
1.5188354662445347e-01 2.8578275310635193e-01 1.4843540250637188e+00 0
2.8578275310635204e-01 2.8578275310635204e-01 1.4843540250637188e+00 0
4.0382712259170050e-01 2.8578275310635193e-01 1.4843540250637188e+00 0
5.0789400643150273e-01 2.8578275310635204e-01 1.4843540250637179e+00 0
5.9963846115935926e-01 2.8578275310635204e-01 1.4843540250637188e+00 0
6.8051957014181585e-01 2.8578275310635204e-01 1.4843540250637179e+00 0
7.5182364851512995e-01 2.8578275310635193e-01 1.4843540250637188e+00 0
8.1468470045459451e-01 2.8578275310635204e-01 1.4843540250637188e+00 0
8.7010245412427656e-01 2.8578275310635204e-01 1.4843540250637188e+00 0
9.1895826113099233e-01 2.8578275310635193e-01 1.4843540250637179e+00 0
9.6202911334388741e-01 2.8578275310635193e-01 1.4843540250637197e+00 0
1.5188354662445347e-01 4.0382712259170028e-01 1.4843540250637179e+00 0
2.8578275310635204e-01 4.0382712259170028e-01 1.4843540250637188e+00 0
4.0382712259170028e-01 4.0382712259170028e-01 1.4843540250637188e+00 0
5.0789400643150273e-01 4.0382712259170028e-01 1.4843540250637179e+00 0
5.9963846115935926e-01 4.0382712259170028e-01 1.4843540250637188e+00 0
6.8051957014181585e-01 4.0382712259170028e-01 1.4843540250637179e+00 0
7.5182364851512951e-01 4.0382712259170050e-01 1.4843540250637197e+00 0
8.1468470045459407e-01 4.0382712259170028e-01 1.4843540250637188e+00 0
8.7010245412427656e-01 4.0382712259170028e-01 1.4843540250637197e+00 0
9.1895826113099321e-01 4.0382712259170028e-01 1.4843540250637179e+00 0
9.6202911334388741e-01 4.0382712259170028e-01 1.4843540250637197e+00 0
1.5188354662445347e-01 5.0789400643150251e-01 1.4843540250637179e+00 0
2.8578275310635204e-01 5.0789400643150251e-01 1.4843540250637188e+00 0
4.0382712259170028e-01 5.0789400643150251e-01 1.4843540250637188e+00 0
5.0789400643150273e-01 5.0789400643150273e-01 1.4843540250637179e+00 0
5.9963846115935926e-01 5.0789400643150273e-01 1.4843540250637188e+00 0
6.8051957014181585e-01 5.0789400643150273e-01 1.4843540250637179e+00 0
7.5182364851512951e-01 5.0789400643150273e-01 1.4843540250637197e+00 0
8.1468470045459407e-01 5.0789400643150273e-01 1.4843540250637197e+00 0
8.7010245412427656e-01 5.0789400643150273e-01 1.4843540250637197e+00 0
9.1895826113099233e-01 5.0789400643150273e-01 1.4843540250637179e+00 0
9.6202911334388697e-01 5.0789400643150273e-01 1.4843540250637197e+00 0
1.5188354662445358e-01 5.9963846115935926e-01 1.4843540250637179e+00 0
2.8578275310635204e-01 5.9963846115935926e-01 1.4843540250637197e+00 0
4.0382712259170028e-01 5.9963846115935948e-01 1.4843540250637188e+00 0
5.0789400643150273e-01 5.9963846115935926e-01 1.4843540250637179e+00 0
5.9963846115935926e-01 5.9963846115935926e-01 1.4843540250637188e+00 0
6.8051957014181585e-01 5.9963846115935926e-01 1.4843540250637188e+00 0
7.5182364851512951e-01 5.9963846115935926e-01 1.4843540250637188e+00 0
8.1468470045459451e-01 5.9963846115935926e-01 1.4843540250637197e+00 0
8.7010245412427656e-01 5.9963846115935926e-01 1.4843540250637188e+00 0
9.1895826113099321e-01 5.9963846115935926e-01 1.4843540250637188e+00 0
9.6202911334388697e-01 5.9963846115935926e-01 1.4843540250637197e+00 0
1.5188354662445358e-01 6.8051957014181585e-01 1.4843540250637179e+00 0
2.8578275310635204e-01 6.8051957014181585e-01 1.4843540250637188e+00 0
4.0382712259170028e-01 6.8051957014181585e-01 1.4843540250637188e+00 0
5.0789400643150273e-01 6.8051957014181585e-01 1.4843540250637188e+00 0
5.9963846115935926e-01 6.8051957014181585e-01 1.4843540250637188e+00 0
6.8051957014181585e-01 6.8051957014181585e-01 1.4843540250637179e+00 0
7.5182364851512995e-01 6.8051957014181585e-01 1.4843540250637179e+00 0
8.1468470045459451e-01 6.8051957014181585e-01 1.4843540250637188e+00 0
8.7010245412427611e-01 6.8051957014181585e-01 1.4843540250637179e+00 0
9.1895826113099233e-01 6.8051957014181585e-01 1.4843540250637179e+00 0
9.6202911334388652e-01 6.8051957014181585e-01 1.4843540250637188e+00 0
1.5188354662445352e-01 7.5182364851513039e-01 1.4843540250637179e+00 0
2.8578275310635204e-01 7.5182364851512906e-01 1.4843540250637206e+00 0
4.0382712259170050e-01 7.5182364851512951e-01 1.4843540250637188e+00 0
5.0789400643150273e-01 7.5182364851512951e-01 1.4843540250637179e+00 0
5.9963846115935926e-01 7.5182364851512995e-01 1.4843540250637188e+00 0
6.8051957014181585e-01 7.5182364851513039e-01 1.4843540250637188e+00 0
7.5182364851512951e-01 7.5182364851512951e-01 1.4843540250637188e+00 0
8.1468470045459407e-01 7.5182364851512951e-01 1.4843540250637188e+00 0
8.7010245412427656e-01 7.5182364851512951e-01 1.4843540250637188e+00 0
9.1895826113099188e-01 7.5182364851512995e-01 1.4843540250637179e+00 0
9.6202911334388697e-01 7.5182364851512995e-01 1.4843540250637197e+00 0
1.5188354662445358e-01 8.1468470045459496e-01 1.4843540250637188e+00 0
2.8578275310635193e-01 8.1468470045459407e-01 1.4843540250637197e+00 0
4.0382712259170073e-01 8.1468470045459407e-01 1.4843540250637188e+00 0
5.0789400643150273e-01 8.1468470045459407e-01 1.4843540250637179e+00 0
5.9963846115935926e-01 8.1468470045459451e-01 1.4843540250637188e+00 0
6.8051957014181585e-01 8.1468470045459451e-01 1.4843540250637179e+00 0
7.5182364851512906e-01 8.1468470045459407e-01 1.4843540250637188e+00 0
8.1468470045459407e-01 8.1468470045459407e-01 1.4843540250637188e+00 0
8.7010245412427700e-01 8.1468470045459407e-01 1.4843540250637188e+00 0
9.1895826113099188e-01 8.1468470045459451e-01 1.4843540250637188e+00 0
9.6202911334388697e-01 8.1468470045459451e-01 1.4843540250637188e+00 0
1.5188354662445347e-01 8.7010245412427656e-01 1.4843540250637171e+00 0
2.8578275310635204e-01 8.7010245412427700e-01 1.4843540250637197e+00 0
4.0382712259170028e-01 8.7010245412427611e-01 1.4843540250637188e+00 0
5.0789400643150273e-01 8.7010245412427700e-01 1.4843540250637179e+00 0
5.9963846115935882e-01 8.7010245412427656e-01 1.4843540250637197e+00 0
6.8051957014181585e-01 8.7010245412427611e-01 1.4843540250637197e+00 0
7.5182364851512951e-01 8.7010245412427656e-01 1.4843540250637197e+00 0
8.1468470045459407e-01 8.7010245412427656e-01 1.4843540250637197e+00 0
8.7010245412427700e-01 8.7010245412427700e-01 1.4843540250637197e+00 0
9.1895826113099233e-01 8.7010245412427700e-01 1.4843540250637188e+00 0
9.6202911334388652e-01 8.7010245412427611e-01 1.4843540250637197e+00 0
1.5188354662445358e-01 9.1895826113099233e-01 1.4843540250637171e+00 0
2.8578275310635204e-01 9.1895826113099188e-01 1.4843540250637197e+00 0
4.0382712259170028e-01 9.1895826113099321e-01 1.4843540250637188e+00 0
5.0789400643150273e-01 9.1895826113099188e-01 1.4843540250637188e+00 0
5.9963846115935926e-01 9.1895826113099233e-01 1.4843540250637188e+00 0
6.8051957014181585e-01 9.1895826113099233e-01 1.4843540250637179e+00 0
7.5182364851512951e-01 9.1895826113099188e-01 1.4843540250637197e+00 0
8.1468470045459407e-01 9.1895826113099188e-01 1.4843540250637197e+00 0
8.7010245412427700e-01 9.1895826113099233e-01 1.4843540250637188e+00 0
9.1895826113099233e-01 9.1895826113099233e-01 1.4843540250637179e+00 0
9.6202911334388652e-01 9.1895826113099188e-01 1.4843540250637188e+00 0
1.5188354662445347e-01 9.6202911334388608e-01 1.4843540250637179e+00 0
2.8578275310635215e-01 9.6202911334388697e-01 1.4843540250637197e+00 0
4.0382712259170028e-01 9.6202911334388652e-01 1.4843540250637188e+00 0
5.0789400643150273e-01 9.6202911334388608e-01 1.4843540250637179e+00 0
5.9963846115935926e-01 9.6202911334388652e-01 1.4843540250637188e+00 0
6.8051957014181585e-01 9.6202911334388741e-01 1.4843540250637197e+00 0
7.5182364851512951e-01 9.6202911334388741e-01 1.4843540250637197e+00 0
8.1468470045459407e-01 9.6202911334388652e-01 1.4843540250637197e+00 0
8.7010245412427700e-01 9.6202911334388608e-01 1.4843540250637188e+00 0
9.1895826113099233e-01 9.6202911334388652e-01 1.4843540250637179e+00 0
9.6202911334388697e-01 9.6202911334388652e-01 1.4843540250637197e+00 0
1.5188354662445341e-01 1.5188354662445347e-01 1.2780705996089128e+00 0
2.8578275310635193e-01 1.5188354662445352e-01 1.2780705996089119e+00 0
4.0382712259170028e-01 1.5188354662445341e-01 1.2780705996089119e+00 0
5.0789400643150273e-01 1.5188354662445347e-01 1.2780705996089115e+00 0
5.9963846115935926e-01 1.5188354662445352e-01 1.2780705996089123e+00 0
6.8051957014181585e-01 1.5188354662445347e-01 1.2780705996089123e+00 0
7.5182364851512951e-01 1.5188354662445347e-01 1.2780705996089119e+00 0
8.1468470045459451e-01 1.5188354662445347e-01 1.2780705996089123e+00 0
8.7010245412427611e-01 1.5188354662445352e-01 1.2780705996089119e+00 0
9.1895826113099321e-01 1.5188354662445347e-01 1.2780705996089119e+00 0
9.6202911334388697e-01 1.5188354662445347e-01 1.2780705996089119e+00 0
1.5188354662445347e-01 2.8578275310635193e-01 1.2780705996089115e+00 0
2.8578275310635204e-01 2.8578275310635204e-01 1.2780705996089128e+00 0
4.0382712259170028e-01 2.8578275310635193e-01 1.2780705996089123e+00 0
5.0789400643150273e-01 2.8578275310635204e-01 1.2780705996089128e+00 0
5.9963846115935926e-01 2.8578275310635204e-01 1.2780705996089128e+00 0
6.8051957014181585e-01 2.8578275310635204e-01 1.2780705996089123e+00 0
7.5182364851512995e-01 2.8578275310635193e-01 1.2780705996089128e+00 0
8.1468470045459451e-01 2.8578275310635193e-01 1.2780705996089123e+00 0
8.7010245412427656e-01 2.8578275310635204e-01 1.2780705996089123e+00 0
9.1895826113099233e-01 2.8578275310635193e-01 1.2780705996089123e+00 0
9.6202911334388697e-01 2.8578275310635193e-01 1.2780705996089115e+00 0
1.5188354662445347e-01 4.0382712259170050e-01 1.2780705996089123e+00 0
2.8578275310635204e-01 4.0382712259170028e-01 1.2780705996089123e+00 0
4.0382712259170028e-01 4.0382712259170028e-01 1.2780705996089123e+00 0
5.0789400643150273e-01 4.0382712259170006e-01 1.2780705996089123e+00 0
5.9963846115935926e-01 4.0382712259170028e-01 1.2780705996089123e+00 0
6.8051957014181585e-01 4.0382712259170050e-01 1.2780705996089128e+00 0
7.5182364851512951e-01 4.0382712259170028e-01 1.2780705996089123e+00 0
8.1468470045459451e-01 4.0382712259170028e-01 1.2780705996089123e+00 0
8.7010245412427700e-01 4.0382712259170028e-01 1.2780705996089123e+00 0
9.1895826113099277e-01 4.0382712259170028e-01 1.2780705996089123e+00 0
9.6202911334388697e-01 4.0382712259170028e-01 1.2780705996089123e+00 0
1.5188354662445336e-01 5.0789400643150273e-01 1.2780705996089123e+00 0
2.8578275310635204e-01 5.0789400643150295e-01 1.2780705996089123e+00 0
4.0382712259170028e-01 5.0789400643150273e-01 1.2780705996089123e+00 0
5.0789400643150273e-01 5.0789400643150273e-01 1.2780705996089123e+00 0
5.9963846115935926e-01 5.0789400643150273e-01 1.2780705996089123e+00 0
6.8051957014181585e-01 5.0789400643150273e-01 1.2780705996089123e+00 0
7.5182364851512951e-01 5.0789400643150273e-01 1.2780705996089123e+00 0
8.1468470045459451e-01 5.0789400643150273e-01 1.2780705996089123e+00 0
8.7010245412427700e-01 5.0789400643150273e-01 1.2780705996089123e+00 0
9.1895826113099277e-01 5.0789400643150273e-01 1.2780705996089123e+00 0
9.6202911334388608e-01 5.0789400643150273e-01 1.2780705996089123e+00 0
1.5188354662445358e-01 5.9963846115935926e-01 1.2780705996089115e+00 0
2.8578275310635204e-01 5.9963846115935926e-01 1.2780705996089123e+00 0
4.0382712259170028e-01 5.9963846115935948e-01 1.2780705996089123e+00 0
5.0789400643150273e-01 5.9963846115935926e-01 1.2780705996089123e+00 0
5.9963846115935926e-01 5.9963846115935926e-01 1.2780705996089123e+00 0
6.8051957014181585e-01 5.9963846115935926e-01 1.2780705996089123e+00 0
7.5182364851512951e-01 5.9963846115935926e-01 1.2780705996089123e+00 0
8.1468470045459451e-01 5.9963846115935926e-01 1.2780705996089123e+00 0
8.7010245412427700e-01 5.9963846115935926e-01 1.2780705996089123e+00 0
9.1895826113099321e-01 5.9963846115935926e-01 1.2780705996089123e+00 0
9.6202911334388652e-01 5.9963846115935926e-01 1.2780705996089123e+00 0
1.5188354662445347e-01 6.8051957014181585e-01 1.2780705996089123e+00 0
2.8578275310635204e-01 6.8051957014181585e-01 1.2780705996089123e+00 0
4.0382712259170028e-01 6.8051957014181541e-01 1.2780705996089123e+00 0
5.0789400643150273e-01 6.8051957014181585e-01 1.2780705996089123e+00 0
5.9963846115935926e-01 6.8051957014181585e-01 1.2780705996089123e+00 0
6.8051957014181585e-01 6.8051957014181585e-01 1.2780705996089123e+00 0
7.5182364851512951e-01 6.8051957014181585e-01 1.2780705996089123e+00 0
8.1468470045459451e-01 6.8051957014181585e-01 1.2780705996089123e+00 0
8.7010245412427611e-01 6.8051957014181585e-01 1.2780705996089123e+00 0
9.1895826113099233e-01 6.8051957014181585e-01 1.2780705996089123e+00 0
9.6202911334388652e-01 6.8051957014181585e-01 1.2780705996089123e+00 0
1.5188354662445352e-01 7.5182364851512995e-01 1.2780705996089123e+00 0
2.8578275310635204e-01 7.5182364851512951e-01 1.2780705996089123e+00 0
4.0382712259170028e-01 7.5182364851512995e-01 1.2780705996089123e+00 0
5.0789400643150273e-01 7.5182364851512951e-01 1.2780705996089123e+00 0
5.9963846115935926e-01 7.5182364851512995e-01 1.2780705996089123e+00 0
6.8051957014181585e-01 7.5182364851512995e-01 1.2780705996089123e+00 0
7.5182364851512951e-01 7.5182364851512995e-01 1.2780705996089123e+00 0
8.1468470045459451e-01 7.5182364851512995e-01 1.2780705996089123e+00 0
8.7010245412427656e-01 7.5182364851512951e-01 1.2780705996089123e+00 0
9.1895826113099277e-01 7.5182364851512995e-01 1.2780705996089123e+00 0
9.6202911334388652e-01 7.5182364851512951e-01 1.2780705996089123e+00 0
1.5188354662445347e-01 8.1468470045459451e-01 1.2780705996089123e+00 0
2.8578275310635193e-01 8.1468470045459407e-01 1.2780705996089123e+00 0
4.0382712259170073e-01 8.1468470045459451e-01 1.2780705996089123e+00 0
5.0789400643150273e-01 8.1468470045459451e-01 1.2780705996089123e+00 0
5.9963846115935926e-01 8.1468470045459407e-01 1.2780705996089123e+00 0
6.8051957014181585e-01 8.1468470045459451e-01 1.2780705996089123e+00 0
7.5182364851512951e-01 8.1468470045459451e-01 1.2780705996089123e+00 0
8.1468470045459451e-01 8.1468470045459451e-01 1.2780705996089123e+00 0
8.7010245412427700e-01 8.1468470045459451e-01 1.2780705996089123e+00 0
9.1895826113099277e-01 8.1468470045459451e-01 1.2780705996089123e+00 0
9.6202911334388652e-01 8.1468470045459451e-01 1.2780705996089123e+00 0
1.5188354662445347e-01 8.7010245412427656e-01 1.2780705996089123e+00 0
2.8578275310635204e-01 8.7010245412427656e-01 1.2780705996089123e+00 0
4.0382712259170028e-01 8.7010245412427656e-01 1.2780705996089123e+00 0
5.0789400643150273e-01 8.7010245412427656e-01 1.2780705996089123e+00 0
5.9963846115935837e-01 8.7010245412427656e-01 1.2780705996089123e+00 0
6.8051957014181585e-01 8.7010245412427656e-01 1.2780705996089123e+00 0
7.5182364851512951e-01 8.7010245412427656e-01 1.2780705996089123e+00 0
8.1468470045459451e-01 8.7010245412427700e-01 1.2780705996089123e+00 0
8.7010245412427656e-01 8.7010245412427700e-01 1.2780705996089123e+00 0
9.1895826113099277e-01 8.7010245412427700e-01 1.2780705996089123e+00 0
9.6202911334388697e-01 8.7010245412427656e-01 1.2780705996089123e+00 0
1.5188354662445336e-01 9.1895826113099233e-01 1.2780705996089115e+00 0
2.8578275310635204e-01 9.1895826113099188e-01 1.2780705996089123e+00 0
4.0382712259170028e-01 9.1895826113099277e-01 1.2780705996089123e+00 0
5.0789400643150273e-01 9.1895826113099277e-01 1.2780705996089123e+00 0
5.9963846115935926e-01 9.1895826113099277e-01 1.2780705996089123e+00 0
6.8051957014181585e-01 9.1895826113099233e-01 1.2780705996089123e+00 0
7.5182364851512951e-01 9.1895826113099277e-01 1.2780705996089123e+00 0
8.1468470045459451e-01 9.1895826113099277e-01 1.2780705996089123e+00 0
8.7010245412427700e-01 9.1895826113099277e-01 1.2780705996089123e+00 0
9.1895826113099277e-01 9.1895826113099277e-01 1.2780705996089123e+00 0
9.6202911334388652e-01 9.1895826113099277e-01 1.2780705996089123e+00 0
1.5188354662445347e-01 9.6202911334388697e-01 1.2780705996089123e+00 0
2.8578275310635193e-01 9.6202911334388608e-01 1.2780705996089123e+00 0
4.0382712259170028e-01 9.6202911334388652e-01 1.2780705996089123e+00 0
5.0789400643150273e-01 9.6202911334388608e-01 1.2780705996089123e+00 0
5.9963846115935926e-01 9.6202911334388697e-01 1.2780705996089123e+00 0
6.8051957014181585e-01 9.6202911334388652e-01 1.2780705996089123e+00 0
7.5182364851512951e-01 9.6202911334388652e-01 1.2780705996089123e+00 0
8.1468470045459451e-01 9.6202911334388652e-01 1.2780705996089123e+00 0
8.7010245412427656e-01 9.6202911334388697e-01 1.2780705996089123e+00 0
9.1895826113099277e-01 9.6202911334388608e-01 1.2780705996089123e+00 0
9.6202911334388652e-01 9.6202911334388697e-01 1.2780705996089123e+00 0
1.5188354662445341e-01 1.5188354662445352e-01 1.0796160119849194e+00 0
2.8578275310635215e-01 1.5188354662445352e-01 1.0796160119849194e+00 0
4.0382712259170028e-01 1.5188354662445358e-01 1.0796160119849194e+00 0
5.0789400643150273e-01 1.5188354662445347e-01 1.0796160119849194e+00 0
5.9963846115935926e-01 1.5188354662445352e-01 1.0796160119849194e+00 0
6.8051957014181585e-01 1.5188354662445352e-01 1.0796160119849203e+00 0
7.5182364851512995e-01 1.5188354662445347e-01 1.0796160119849194e+00 0
8.1468470045459451e-01 1.5188354662445352e-01 1.0796160119849194e+00 0
8.7010245412427656e-01 1.5188354662445358e-01 1.0796160119849194e+00 0
9.1895826113099277e-01 1.5188354662445352e-01 1.0796160119849194e+00 0
9.6202911334388741e-01 1.5188354662445352e-01 1.0796160119849203e+00 0
1.5188354662445336e-01 2.8578275310635193e-01 1.0796160119849190e+00 0
2.8578275310635193e-01 2.8578275310635204e-01 1.0796160119849199e+00 0
4.0382712259170050e-01 2.8578275310635193e-01 1.0796160119849199e+00 0
5.0789400643150273e-01 2.8578275310635204e-01 1.0796160119849194e+00 0
5.9963846115935926e-01 2.8578275310635182e-01 1.0796160119849199e+00 0
6.8051957014181585e-01 2.8578275310635182e-01 1.0796160119849194e+00 0
7.5182364851512995e-01 2.8578275310635182e-01 1.0796160119849194e+00 0
8.1468470045459407e-01 2.8578275310635182e-01 1.0796160119849194e+00 0
8.7010245412427700e-01 2.8578275310635193e-01 1.0796160119849194e+00 0
9.1895826113099277e-01 2.8578275310635193e-01 1.0796160119849194e+00 0
9.6202911334388652e-01 2.8578275310635193e-01 1.0796160119849194e+00 0
1.5188354662445347e-01 4.0382712259170028e-01 1.0796160119849190e+00 0
2.8578275310635193e-01 4.0382712259170028e-01 1.0796160119849199e+00 0
4.0382712259170050e-01 4.0382712259170050e-01 1.0796160119849199e+00 0
5.0789400643150273e-01 4.0382712259170050e-01 1.0796160119849194e+00 0
5.9963846115935926e-01 4.0382712259170028e-01 1.0796160119849194e+00 0
6.8051957014181585e-01 4.0382712259170028e-01 1.0796160119849194e+00 0
7.5182364851512995e-01 4.0382712259170028e-01 1.0796160119849194e+00 0
8.1468470045459407e-01 4.0382712259170050e-01 1.0796160119849194e+00 0
8.7010245412427700e-01 4.0382712259170050e-01 1.0796160119849194e+00 0
9.1895826113099277e-01 4.0382712259170028e-01 1.0796160119849203e+00 0
9.6202911334388697e-01 4.0382712259170050e-01 1.0796160119849194e+00 0
1.5188354662445347e-01 5.0789400643150273e-01 1.0796160119849194e+00 0
2.8578275310635204e-01 5.0789400643150295e-01 1.0796160119849194e+00 0
4.0382712259170050e-01 5.0789400643150295e-01 1.0796160119849194e+00 0
5.0789400643150273e-01 5.0789400643150273e-01 1.0796160119849194e+00 0
5.9963846115935926e-01 5.0789400643150273e-01 1.0796160119849199e+00 0
6.8051957014181585e-01 5.0789400643150273e-01 1.0796160119849194e+00 0
7.5182364851512995e-01 5.0789400643150273e-01 1.0796160119849194e+00 0
8.1468470045459407e-01 5.0789400643150273e-01 1.0796160119849194e+00 0
8.7010245412427656e-01 5.0789400643150273e-01 1.0796160119849194e+00 0
9.1895826113099277e-01 5.0789400643150273e-01 1.0796160119849199e+00 0
9.6202911334388652e-01 5.0789400643150273e-01 1.0796160119849203e+00 0
1.5188354662445347e-01 5.9963846115935926e-01 1.0796160119849199e+00 0
2.8578275310635215e-01 5.9963846115935926e-01 1.0796160119849199e+00 0
4.0382712259170028e-01 5.9963846115935904e-01 1.0796160119849199e+00 0
5.0789400643150273e-01 5.9963846115935926e-01 1.0796160119849194e+00 0
5.9963846115935926e-01 5.9963846115935926e-01 1.0796160119849199e+00 0
6.8051957014181585e-01 5.9963846115935926e-01 1.0796160119849194e+00 0
7.5182364851512995e-01 5.9963846115935926e-01 1.0796160119849194e+00 0
8.1468470045459451e-01 5.9963846115935926e-01 1.0796160119849199e+00 0
8.7010245412427656e-01 5.9963846115935926e-01 1.0796160119849199e+00 0
9.1895826113099321e-01 5.9963846115935926e-01 1.0796160119849194e+00 0
9.6202911334388697e-01 5.9963846115935926e-01 1.0796160119849199e+00 0
1.5188354662445347e-01 6.8051957014181585e-01 1.0796160119849199e+00 0
2.8578275310635204e-01 6.8051957014181585e-01 1.0796160119849194e+00 0
4.0382712259170073e-01 6.8051957014181585e-01 1.0796160119849185e+00 0
5.0789400643150273e-01 6.8051957014181585e-01 1.0796160119849190e+00 0
5.9963846115935926e-01 6.8051957014181585e-01 1.0796160119849199e+00 0
6.8051957014181585e-01 6.8051957014181585e-01 1.0796160119849185e+00 0
7.5182364851512995e-01 6.8051957014181585e-01 1.0796160119849190e+00 0
8.1468470045459407e-01 6.8051957014181585e-01 1.0796160119849194e+00 0
8.7010245412427700e-01 6.8051957014181585e-01 1.0796160119849199e+00 0
9.1895826113099277e-01 6.8051957014181585e-01 1.0796160119849194e+00 0
9.6202911334388652e-01 6.8051957014181585e-01 1.0796160119849199e+00 0
1.5188354662445352e-01 7.5182364851512995e-01 1.0796160119849194e+00 0
2.8578275310635204e-01 7.5182364851512906e-01 1.0796160119849194e+00 0
4.0382712259170006e-01 7.5182364851512995e-01 1.0796160119849190e+00 0
5.0789400643150273e-01 7.5182364851512951e-01 1.0796160119849194e+00 0
5.9963846115935926e-01 7.5182364851512995e-01 1.0796160119849199e+00 0
6.8051957014181585e-01 7.5182364851512995e-01 1.0796160119849194e+00 0
7.5182364851512995e-01 7.5182364851512995e-01 1.0796160119849194e+00 0
8.1468470045459407e-01 7.5182364851512995e-01 1.0796160119849194e+00 0
8.7010245412427611e-01 7.5182364851512995e-01 1.0796160119849194e+00 0
9.1895826113099321e-01 7.5182364851512951e-01 1.0796160119849203e+00 0
9.6202911334388652e-01 7.5182364851512995e-01 1.0796160119849203e+00 0
1.5188354662445347e-01 8.1468470045459407e-01 1.0796160119849194e+00 0
2.8578275310635171e-01 8.1468470045459407e-01 1.0796160119849190e+00 0
4.0382712259170073e-01 8.1468470045459407e-01 1.0796160119849194e+00 0
5.0789400643150273e-01 8.1468470045459407e-01 1.0796160119849194e+00 0
5.9963846115935926e-01 8.1468470045459451e-01 1.0796160119849199e+00 0
6.8051957014181585e-01 8.1468470045459451e-01 1.0796160119849190e+00 0
7.5182364851512951e-01 8.1468470045459451e-01 1.0796160119849199e+00 0
8.1468470045459407e-01 8.1468470045459407e-01 1.0796160119849194e+00 0
8.7010245412427656e-01 8.1468470045459407e-01 1.0796160119849194e+00 0
9.1895826113099277e-01 8.1468470045459451e-01 1.0796160119849194e+00 0
9.6202911334388652e-01 8.1468470045459407e-01 1.0796160119849203e+00 0
1.5188354662445347e-01 8.7010245412427700e-01 1.0796160119849199e+00 0
2.8578275310635204e-01 8.7010245412427700e-01 1.0796160119849194e+00 0
4.0382712259170050e-01 8.7010245412427656e-01 1.0796160119849199e+00 0
5.0789400643150273e-01 8.7010245412427700e-01 1.0796160119849194e+00 0
5.9963846115935882e-01 8.7010245412427656e-01 1.0796160119849199e+00 0
6.8051957014181585e-01 8.7010245412427656e-01 1.0796160119849194e+00 0
7.5182364851512995e-01 8.7010245412427656e-01 1.0796160119849199e+00 0
8.1468470045459407e-01 8.7010245412427700e-01 1.0796160119849194e+00 0
8.7010245412427700e-01 8.7010245412427700e-01 1.0796160119849194e+00 0
9.1895826113099277e-01 8.7010245412427700e-01 1.0796160119849199e+00 0
9.6202911334388652e-01 8.7010245412427700e-01 1.0796160119849194e+00 0
1.5188354662445347e-01 9.1895826113099277e-01 1.0796160119849199e+00 0
2.8578275310635204e-01 9.1895826113099277e-01 1.0796160119849203e+00 0
4.0382712259170028e-01 9.1895826113099321e-01 1.0796160119849199e+00 0
5.0789400643150273e-01 9.1895826113099277e-01 1.0796160119849194e+00 0
5.9963846115935926e-01 9.1895826113099277e-01 1.0796160119849199e+00 0
6.8051957014181585e-01 9.1895826113099321e-01 1.0796160119849194e+00 0
7.5182364851512995e-01 9.1895826113099277e-01 1.0796160119849190e+00 0
8.1468470045459451e-01 9.1895826113099277e-01 1.0796160119849199e+00 0
8.7010245412427700e-01 9.1895826113099277e-01 1.0796160119849203e+00 0
9.1895826113099277e-01 9.1895826113099277e-01 1.0796160119849203e+00 0
9.6202911334388697e-01 9.1895826113099277e-01 1.0796160119849203e+00 0
1.5188354662445347e-01 9.6202911334388652e-01 1.0796160119849199e+00 0
2.8578275310635193e-01 9.6202911334388652e-01 1.0796160119849194e+00 0
4.0382712259170050e-01 9.6202911334388652e-01 1.0796160119849199e+00 0
5.0789400643150273e-01 9.6202911334388652e-01 1.0796160119849194e+00 0
5.9963846115935926e-01 9.6202911334388697e-01 1.0796160119849199e+00 0
6.8051957014181585e-01 9.6202911334388652e-01 1.0796160119849194e+00 0
7.5182364851512995e-01 9.6202911334388697e-01 1.0796160119849203e+00 0
8.1468470045459407e-01 9.6202911334388652e-01 1.0796160119849194e+00 0
8.7010245412427700e-01 9.6202911334388652e-01 1.0796160119849194e+00 0
9.1895826113099277e-01 9.6202911334388652e-01 1.0796160119849199e+00 0
9.6202911334388652e-01 9.6202911334388652e-01 1.0796160119849203e+00 0
1.5188354662445336e-01 1.5188354662445341e-01 8.8745386042091923e-01 0
2.8578275310635204e-01 1.5188354662445341e-01 8.8745386042091967e-01 0
4.0382712259170050e-01 1.5188354662445341e-01 8.8745386042091967e-01 0
5.0789400643150273e-01 1.5188354662445341e-01 8.8745386042091967e-01 0
5.9963846115935926e-01 1.5188354662445347e-01 8.8745386042091967e-01 0
6.8051957014181585e-01 1.5188354662445347e-01 8.8745386042092056e-01 0
7.5182364851512951e-01 1.5188354662445347e-01 8.8745386042091967e-01 0
8.1468470045459496e-01 1.5188354662445347e-01 8.8745386042092012e-01 0
8.7010245412427567e-01 1.5188354662445347e-01 8.8745386042091967e-01 0
9.1895826113099233e-01 1.5188354662445336e-01 8.8745386042091967e-01 0
9.6202911334388697e-01 1.5188354662445341e-01 8.8745386042091967e-01 0
1.5188354662445336e-01 2.8578275310635215e-01 8.8745386042091923e-01 0
2.8578275310635193e-01 2.8578275310635193e-01 8.8745386042091967e-01 0
4.0382712259170028e-01 2.8578275310635204e-01 8.8745386042092012e-01 0
5.0789400643150273e-01 2.8578275310635204e-01 8.8745386042091967e-01 0
5.9963846115935926e-01 2.8578275310635204e-01 8.8745386042091967e-01 0
6.8051957014181585e-01 2.8578275310635204e-01 8.8745386042092012e-01 0
7.5182364851512995e-01 2.8578275310635193e-01 8.8745386042091967e-01 0
8.1468470045459407e-01 2.8578275310635204e-01 8.8745386042091967e-01 0
8.7010245412427700e-01 2.8578275310635204e-01 8.8745386042091923e-01 0
9.1895826113099233e-01 2.8578275310635193e-01 8.8745386042091923e-01 0
9.6202911334388652e-01 2.8578275310635193e-01 8.8745386042092012e-01 0
1.5188354662445347e-01 4.0382712259170006e-01 8.8745386042091923e-01 0
2.8578275310635193e-01 4.0382712259170028e-01 8.8745386042091967e-01 0
4.0382712259170028e-01 4.0382712259170028e-01 8.8745386042091967e-01 0
5.0789400643150273e-01 4.0382712259170028e-01 8.8745386042091967e-01 0
5.9963846115935926e-01 4.0382712259170028e-01 8.8745386042091967e-01 0
6.8051957014181585e-01 4.0382712259170028e-01 8.8745386042092012e-01 0
7.5182364851512951e-01 4.0382712259170028e-01 8.8745386042091967e-01 0
8.1468470045459407e-01 4.0382712259170028e-01 8.8745386042091923e-01 0
8.7010245412427700e-01 4.0382712259170028e-01 8.8745386042091923e-01 0
9.1895826113099233e-01 4.0382712259170028e-01 8.8745386042091923e-01 0
9.6202911334388697e-01 4.0382712259170028e-01 8.8745386042092012e-01 0
1.5188354662445347e-01 5.0789400643150273e-01 8.8745386042091967e-01 0
2.8578275310635193e-01 5.0789400643150273e-01 8.8745386042091967e-01 0
4.0382712259170028e-01 5.0789400643150273e-01 8.8745386042091967e-01 0
5.0789400643150273e-01 5.0789400643150273e-01 8.8745386042091967e-01 0
5.9963846115935926e-01 5.0789400643150273e-01 8.8745386042091967e-01 0
6.8051957014181541e-01 5.0789400643150273e-01 8.8745386042092012e-01 0
7.5182364851512951e-01 5.0789400643150273e-01 8.8745386042091967e-01 0
8.1468470045459407e-01 5.0789400643150273e-01 8.8745386042091967e-01 0
8.7010245412427700e-01 5.0789400643150273e-01 8.8745386042091967e-01 0
9.1895826113099233e-01 5.0789400643150273e-01 8.8745386042091967e-01 0
9.6202911334388652e-01 5.0789400643150273e-01 8.8745386042091967e-01 0
1.5188354662445358e-01 5.9963846115935926e-01 8.8745386042091967e-01 0
2.8578275310635204e-01 5.9963846115935926e-01 8.8745386042091923e-01 0
4.0382712259170028e-01 5.9963846115935904e-01 8.8745386042091923e-01 0
5.0789400643150273e-01 5.9963846115935926e-01 8.8745386042091967e-01 0
5.9963846115935926e-01 5.9963846115935926e-01 8.8745386042091967e-01 0
6.8051957014181585e-01 5.9963846115935926e-01 8.8745386042091967e-01 0
7.5182364851512951e-01 5.9963846115935926e-01 8.8745386042091967e-01 0
8.1468470045459407e-01 5.9963846115935970e-01 8.8745386042091967e-01 0
8.7010245412427700e-01 5.9963846115935926e-01 8.8745386042091967e-01 0
9.1895826113099277e-01 5.9963846115935948e-01 8.8745386042091967e-01 0
9.6202911334388652e-01 5.9963846115935926e-01 8.8745386042091967e-01 0
1.5188354662445347e-01 6.8051957014181585e-01 8.8745386042091923e-01 0
2.8578275310635204e-01 6.8051957014181585e-01 8.8745386042091923e-01 0
4.0382712259170050e-01 6.8051957014181585e-01 8.8745386042092056e-01 0
5.0789400643150273e-01 6.8051957014181585e-01 8.8745386042091967e-01 0
5.9963846115935926e-01 6.8051957014181585e-01 8.8745386042091967e-01 0
6.8051957014181585e-01 6.8051957014181585e-01 8.8745386042091923e-01 0
7.5182364851512951e-01 6.8051957014181585e-01 8.8745386042091967e-01 0
8.1468470045459407e-01 6.8051957014181585e-01 8.8745386042091923e-01 0
8.7010245412427700e-01 6.8051957014181585e-01 8.8745386042091923e-01 0
9.1895826113099277e-01 6.8051957014181585e-01 8.8745386042091923e-01 0
9.6202911334388652e-01 6.8051957014181585e-01 8.8745386042091967e-01 0
1.5188354662445352e-01 7.5182364851512995e-01 8.8745386042091967e-01 0
2.8578275310635204e-01 7.5182364851512951e-01 8.8745386042091923e-01 0
4.0382712259170028e-01 7.5182364851512995e-01 8.8745386042091967e-01 0
5.0789400643150273e-01 7.5182364851512951e-01 8.8745386042091967e-01 0
5.9963846115935926e-01 7.5182364851512995e-01 8.8745386042091967e-01 0
6.8051957014181585e-01 7.5182364851512995e-01 8.8745386042092012e-01 0
7.5182364851512951e-01 7.5182364851512995e-01 8.8745386042091967e-01 0
8.1468470045459407e-01 7.5182364851512995e-01 8.8745386042091967e-01 0
8.7010245412427700e-01 7.5182364851512951e-01 8.8745386042091967e-01 0
9.1895826113099277e-01 7.5182364851512995e-01 8.8745386042091967e-01 0
9.6202911334388652e-01 7.5182364851512951e-01 8.8745386042091967e-01 0
1.5188354662445347e-01 8.1468470045459407e-01 8.8745386042092012e-01 0
2.8578275310635193e-01 8.1468470045459407e-01 8.8745386042091967e-01 0
4.0382712259170050e-01 8.1468470045459407e-01 8.8745386042091967e-01 0
5.0789400643150273e-01 8.1468470045459407e-01 8.8745386042091967e-01 0
5.9963846115935926e-01 8.1468470045459407e-01 8.8745386042091967e-01 0
6.8051957014181585e-01 8.1468470045459407e-01 8.8745386042092012e-01 0
7.5182364851512906e-01 8.1468470045459407e-01 8.8745386042091967e-01 0
8.1468470045459407e-01 8.1468470045459407e-01 8.8745386042092012e-01 0
8.7010245412427700e-01 8.1468470045459407e-01 8.8745386042091967e-01 0
9.1895826113099277e-01 8.1468470045459407e-01 8.8745386042091967e-01 0
9.6202911334388652e-01 8.1468470045459407e-01 8.8745386042091967e-01 0
1.5188354662445347e-01 8.7010245412427700e-01 8.8745386042091967e-01 0
2.8578275310635204e-01 8.7010245412427700e-01 8.8745386042091967e-01 0
4.0382712259170028e-01 8.7010245412427656e-01 8.8745386042091967e-01 0
5.0789400643150273e-01 8.7010245412427656e-01 8.8745386042091967e-01 0
5.9963846115935926e-01 8.7010245412427611e-01 8.8745386042091923e-01 0
6.8051957014181585e-01 8.7010245412427611e-01 8.8745386042092012e-01 0
7.5182364851512951e-01 8.7010245412427656e-01 8.8745386042091967e-01 0
8.1468470045459407e-01 8.7010245412427700e-01 8.8745386042091967e-01 0
8.7010245412427700e-01 8.7010245412427700e-01 8.8745386042091967e-01 0
9.1895826113099233e-01 8.7010245412427656e-01 8.8745386042091967e-01 0
9.6202911334388652e-01 8.7010245412427611e-01 8.8745386042091967e-01 0
1.5188354662445347e-01 9.1895826113099277e-01 8.8745386042091967e-01 0
2.8578275310635204e-01 9.1895826113099366e-01 8.8745386042091967e-01 0
4.0382712259170028e-01 9.1895826113099277e-01 8.8745386042091967e-01 0
5.0789400643150273e-01 9.1895826113099277e-01 8.8745386042091967e-01 0
5.9963846115935926e-01 9.1895826113099277e-01 8.8745386042091967e-01 0
6.8051957014181585e-01 9.1895826113099277e-01 8.8745386042092012e-01 0
7.5182364851512951e-01 9.1895826113099277e-01 8.8745386042091967e-01 0
8.1468470045459407e-01 9.1895826113099277e-01 8.8745386042091967e-01 0
8.7010245412427700e-01 9.1895826113099277e-01 8.8745386042091967e-01 0
9.1895826113099277e-01 9.1895826113099277e-01 8.8745386042091967e-01 0
9.6202911334388652e-01 9.1895826113099277e-01 8.8745386042091967e-01 0
1.5188354662445347e-01 9.6202911334388652e-01 8.8745386042091967e-01 0
2.8578275310635193e-01 9.6202911334388652e-01 8.8745386042091967e-01 0
4.0382712259170028e-01 9.6202911334388652e-01 8.8745386042091967e-01 0
5.0789400643150273e-01 9.6202911334388608e-01 8.8745386042091967e-01 0
5.9963846115935926e-01 9.6202911334388652e-01 8.8745386042091967e-01 0
6.8051957014181585e-01 9.6202911334388652e-01 8.8745386042092012e-01 0
7.5182364851512951e-01 9.6202911334388652e-01 8.8745386042091967e-01 0
8.1468470045459407e-01 9.6202911334388652e-01 8.8745386042091967e-01 0
8.7010245412427700e-01 9.6202911334388652e-01 8.8745386042091967e-01 0
9.1895826113099277e-01 9.6202911334388652e-01 8.8745386042091967e-01 0
9.6202911334388652e-01 9.6202911334388652e-01 8.8745386042091967e-01 0
1.5188354662445336e-01 1.5188354662445352e-01 7.0100862938783282e-01 0
2.8578275310635204e-01 1.5188354662445352e-01 7.0100862938783237e-01 0
4.0382712259170050e-01 1.5188354662445341e-01 7.0100862938783282e-01 0
5.0789400643150273e-01 1.5188354662445352e-01 7.0100862938783237e-01 0
5.9963846115935926e-01 1.5188354662445341e-01 7.0100862938783282e-01 0
6.8051957014181541e-01 1.5188354662445347e-01 7.0100862938783237e-01 0
7.5182364851512995e-01 1.5188354662445347e-01 7.0100862938783237e-01 0
8.1468470045459451e-01 1.5188354662445352e-01 7.0100862938783237e-01 0
8.7010245412427656e-01 1.5188354662445347e-01 7.0100862938783282e-01 0
9.1895826113099277e-01 1.5188354662445336e-01 7.0100862938783282e-01 0
9.6202911334388741e-01 1.5188354662445341e-01 7.0100862938783326e-01 0
1.5188354662445347e-01 2.8578275310635215e-01 7.0100862938783282e-01 0
2.8578275310635204e-01 2.8578275310635204e-01 7.0100862938783282e-01 0
4.0382712259170050e-01 2.8578275310635193e-01 7.0100862938783326e-01 0
5.0789400643150273e-01 2.8578275310635204e-01 7.0100862938783282e-01 0
5.9963846115935926e-01 2.8578275310635204e-01 7.0100862938783237e-01 0
6.8051957014181585e-01 2.8578275310635204e-01 7.0100862938783237e-01 0
7.5182364851512995e-01 2.8578275310635193e-01 7.0100862938783237e-01 0
8.1468470045459451e-01 2.8578275310635215e-01 7.0100862938783282e-01 0
8.7010245412427700e-01 2.8578275310635193e-01 7.0100862938783237e-01 0
9.1895826113099233e-01 2.8578275310635204e-01 7.0100862938783237e-01 0
9.6202911334388697e-01 2.8578275310635215e-01 7.0100862938783237e-01 0
1.5188354662445347e-01 4.0382712259170028e-01 7.0100862938783282e-01 0
2.8578275310635204e-01 4.0382712259170050e-01 7.0100862938783237e-01 0
4.0382712259170050e-01 4.0382712259170050e-01 7.0100862938783282e-01 0
5.0789400643150273e-01 4.0382712259170050e-01 7.0100862938783237e-01 0
5.9963846115935926e-01 4.0382712259170028e-01 7.0100862938783237e-01 0
6.8051957014181541e-01 4.0382712259170050e-01 7.0100862938783237e-01 0
7.5182364851512995e-01 4.0382712259170050e-01 7.0100862938783237e-01 0
8.1468470045459451e-01 4.0382712259170050e-01 7.0100862938783237e-01 0
8.7010245412427700e-01 4.0382712259170050e-01 7.0100862938783237e-01 0
9.1895826113099233e-01 4.0382712259170050e-01 7.0100862938783237e-01 0
9.6202911334388741e-01 4.0382712259170050e-01 7.0100862938783237e-01 0
1.5188354662445347e-01 5.0789400643150273e-01 7.0100862938783237e-01 0
2.8578275310635204e-01 5.0789400643150295e-01 7.0100862938783326e-01 0
4.0382712259170050e-01 5.0789400643150295e-01 7.0100862938783237e-01 0
5.0789400643150273e-01 5.0789400643150273e-01 7.0100862938783282e-01 0
5.9963846115935926e-01 5.0789400643150273e-01 7.0100862938783282e-01 0
6.8051957014181585e-01 5.0789400643150273e-01 7.0100862938783282e-01 0
7.5182364851512951e-01 5.0789400643150273e-01 7.0100862938783282e-01 0
8.1468470045459451e-01 5.0789400643150273e-01 7.0100862938783282e-01 0
8.7010245412427700e-01 5.0789400643150273e-01 7.0100862938783282e-01 0
9.1895826113099277e-01 5.0789400643150273e-01 7.0100862938783237e-01 0
9.6202911334388652e-01 5.0789400643150273e-01 7.0100862938783282e-01 0
1.5188354662445358e-01 5.9963846115935926e-01 7.0100862938783237e-01 0
2.8578275310635204e-01 5.9963846115935926e-01 7.0100862938783237e-01 0
4.0382712259170050e-01 5.9963846115935904e-01 7.0100862938783237e-01 0
5.0789400643150273e-01 5.9963846115935926e-01 7.0100862938783237e-01 0
5.9963846115935926e-01 5.9963846115935926e-01 7.0100862938783237e-01 0
6.8051957014181585e-01 5.9963846115935926e-01 7.0100862938783237e-01 0
7.5182364851512995e-01 5.9963846115935926e-01 7.0100862938783282e-01 0
8.1468470045459451e-01 5.9963846115935926e-01 7.0100862938783237e-01 0
8.7010245412427700e-01 5.9963846115935926e-01 7.0100862938783237e-01 0
9.1895826113099277e-01 5.9963846115935926e-01 7.0100862938783282e-01 0
9.6202911334388697e-01 5.9963846115935926e-01 7.0100862938783282e-01 0
1.5188354662445347e-01 6.8051957014181585e-01 7.0100862938783237e-01 0
2.8578275310635204e-01 6.8051957014181585e-01 7.0100862938783282e-01 0
4.0382712259170095e-01 6.8051957014181585e-01 7.0100862938783237e-01 0
5.0789400643150273e-01 6.8051957014181585e-01 7.0100862938783237e-01 0
5.9963846115935926e-01 6.8051957014181585e-01 7.0100862938783237e-01 0
6.8051957014181585e-01 6.8051957014181585e-01 7.0100862938783237e-01 0
7.5182364851512995e-01 6.8051957014181585e-01 7.0100862938783237e-01 0
8.1468470045459451e-01 6.8051957014181630e-01 7.0100862938783282e-01 0
8.7010245412427700e-01 6.8051957014181585e-01 7.0100862938783282e-01 0
9.1895826113099233e-01 6.8051957014181585e-01 7.0100862938783282e-01 0
9.6202911334388652e-01 6.8051957014181541e-01 7.0100862938783237e-01 0
1.5188354662445352e-01 7.5182364851512995e-01 7.0100862938783282e-01 0
2.8578275310635204e-01 7.5182364851512995e-01 7.0100862938783326e-01 0
4.0382712259170006e-01 7.5182364851512995e-01 7.0100862938783237e-01 0
5.0789400643150273e-01 7.5182364851512995e-01 7.0100862938783237e-01 0
5.9963846115935926e-01 7.5182364851512995e-01 7.0100862938783237e-01 0
6.8051957014181585e-01 7.5182364851512995e-01 7.0100862938783237e-01 0
7.5182364851512995e-01 7.5182364851512995e-01 7.0100862938783282e-01 0
8.1468470045459362e-01 7.5182364851512995e-01 7.0100862938783237e-01 0
8.7010245412427700e-01 7.5182364851512995e-01 7.0100862938783237e-01 0
9.1895826113099277e-01 7.5182364851512995e-01 7.0100862938783282e-01 0
9.6202911334388697e-01 7.5182364851512995e-01 7.0100862938783282e-01 0
1.5188354662445347e-01 8.1468470045459451e-01 7.0100862938783282e-01 0
2.8578275310635193e-01 8.1468470045459451e-01 7.0100862938783282e-01 0
4.0382712259170095e-01 8.1468470045459451e-01 7.0100862938783237e-01 0
5.0789400643150273e-01 8.1468470045459451e-01 7.0100862938783237e-01 0
5.9963846115935926e-01 8.1468470045459451e-01 7.0100862938783237e-01 0
6.8051957014181541e-01 8.1468470045459451e-01 7.0100862938783237e-01 0
7.5182364851512951e-01 8.1468470045459451e-01 7.0100862938783237e-01 0
8.1468470045459451e-01 8.1468470045459451e-01 7.0100862938783237e-01 0
8.7010245412427700e-01 8.1468470045459451e-01 7.0100862938783237e-01 0
9.1895826113099277e-01 8.1468470045459451e-01 7.0100862938783237e-01 0
9.6202911334388697e-01 8.1468470045459451e-01 7.0100862938783282e-01 0
1.5188354662445347e-01 8.7010245412427656e-01 7.0100862938783282e-01 0
2.8578275310635204e-01 8.7010245412427700e-01 7.0100862938783326e-01 0
4.0382712259170050e-01 8.7010245412427611e-01 7.0100862938783237e-01 0
5.0789400643150273e-01 8.7010245412427700e-01 7.0100862938783237e-01 0
5.9963846115935882e-01 8.7010245412427700e-01 7.0100862938783237e-01 0
6.8051957014181585e-01 8.7010245412427611e-01 7.0100862938783237e-01 0
7.5182364851512995e-01 8.7010245412427700e-01 7.0100862938783282e-01 0
8.1468470045459451e-01 8.7010245412427745e-01 7.0100862938783237e-01 0
8.7010245412427700e-01 8.7010245412427745e-01 7.0100862938783237e-01 0
9.1895826113099233e-01 8.7010245412427745e-01 7.0100862938783282e-01 0
9.6202911334388652e-01 8.7010245412427656e-01 7.0100862938783237e-01 0
1.5188354662445336e-01 9.1895826113099277e-01 7.0100862938783282e-01 0
2.8578275310635204e-01 9.1895826113099277e-01 7.0100862938783282e-01 0
4.0382712259170050e-01 9.1895826113099277e-01 7.0100862938783282e-01 0
5.0789400643150273e-01 9.1895826113099277e-01 7.0100862938783237e-01 0
5.9963846115935926e-01 9.1895826113099277e-01 7.0100862938783237e-01 0
6.8051957014181585e-01 9.1895826113099277e-01 7.0100862938783282e-01 0
7.5182364851512951e-01 9.1895826113099277e-01 7.0100862938783237e-01 0
8.1468470045459451e-01 9.1895826113099277e-01 7.0100862938783237e-01 0
8.7010245412427700e-01 9.1895826113099277e-01 7.0100862938783237e-01 0
9.1895826113099277e-01 9.1895826113099277e-01 7.0100862938783237e-01 0
9.6202911334388608e-01 9.1895826113099277e-01 7.0100862938783237e-01 0
1.5188354662445347e-01 9.6202911334388608e-01 7.0100862938783282e-01 0
2.8578275310635193e-01 9.6202911334388697e-01 7.0100862938783370e-01 0
4.0382712259170050e-01 9.6202911334388608e-01 7.0100862938783237e-01 0
5.0789400643150273e-01 9.6202911334388697e-01 7.0100862938783237e-01 0
5.9963846115935926e-01 9.6202911334388652e-01 7.0100862938783237e-01 0
6.8051957014181585e-01 9.6202911334388697e-01 7.0100862938783237e-01 0
7.5182364851512995e-01 9.6202911334388697e-01 7.0100862938783282e-01 0
8.1468470045459451e-01 9.6202911334388697e-01 7.0100862938783237e-01 0
8.7010245412427700e-01 9.6202911334388652e-01 7.0100862938783237e-01 0
9.1895826113099233e-01 9.6202911334388652e-01 7.0100862938783282e-01 0
9.6202911334388652e-01 9.6202911334388697e-01 7.0100862938783237e-01 0
1.5188354662445336e-01 1.5188354662445352e-01 5.1960582333407501e-01 0
2.8578275310635204e-01 1.5188354662445341e-01 5.1960582333407501e-01 0
4.0382712259170050e-01 1.5188354662445341e-01 5.1960582333407523e-01 0
5.0789400643150273e-01 1.5188354662445341e-01 5.1960582333407546e-01 0
5.9963846115935926e-01 1.5188354662445341e-01 5.1960582333407546e-01 0
6.8051957014181585e-01 1.5188354662445347e-01 5.1960582333407523e-01 0
7.5182364851512995e-01 1.5188354662445341e-01 5.1960582333407523e-01 0
8.1468470045459407e-01 1.5188354662445341e-01 5.1960582333407523e-01 0
8.7010245412427656e-01 1.5188354662445347e-01 5.1960582333407501e-01 0
9.1895826113099277e-01 1.5188354662445336e-01 5.1960582333407546e-01 0
9.6202911334388697e-01 1.5188354662445347e-01 5.1960582333407568e-01 0
1.5188354662445336e-01 2.8578275310635215e-01 5.1960582333407501e-01 0
2.8578275310635204e-01 2.8578275310635204e-01 5.1960582333407501e-01 0
4.0382712259170028e-01 2.8578275310635215e-01 5.1960582333407501e-01 0
5.0789400643150273e-01 2.8578275310635204e-01 5.1960582333407501e-01 0
5.9963846115935926e-01 2.8578275310635204e-01 5.1960582333407546e-01 0
6.8051957014181630e-01 2.8578275310635204e-01 5.1960582333407501e-01 0
7.5182364851512951e-01 2.8578275310635204e-01 5.1960582333407501e-01 0
8.1468470045459451e-01 2.8578275310635215e-01 5.1960582333407501e-01 0
8.7010245412427700e-01 2.8578275310635215e-01 5.1960582333407457e-01 0
9.1895826113099233e-01 2.8578275310635215e-01 5.1960582333407501e-01 0
9.6202911334388697e-01 2.8578275310635215e-01 5.1960582333407546e-01 0
1.5188354662445347e-01 4.0382712259170006e-01 5.1960582333407501e-01 0
2.8578275310635204e-01 4.0382712259170028e-01 5.1960582333407501e-01 0
4.0382712259170028e-01 4.0382712259170028e-01 5.1960582333407501e-01 0
5.0789400643150273e-01 4.0382712259170028e-01 5.1960582333407501e-01 0
5.9963846115935926e-01 4.0382712259170028e-01 5.1960582333407501e-01 0
6.8051957014181585e-01 4.0382712259170028e-01 5.1960582333407501e-01 0
7.5182364851512995e-01 4.0382712259170028e-01 5.1960582333407501e-01 0
8.1468470045459451e-01 4.0382712259170028e-01 5.1960582333407501e-01 0
8.7010245412427700e-01 4.0382712259170028e-01 5.1960582333407501e-01 0
9.1895826113099277e-01 4.0382712259170028e-01 5.1960582333407501e-01 0
9.6202911334388697e-01 4.0382712259170028e-01 5.1960582333407546e-01 0
1.5188354662445347e-01 5.0789400643150273e-01 5.1960582333407501e-01 0
2.8578275310635204e-01 5.0789400643150251e-01 5.1960582333407501e-01 0
4.0382712259170028e-01 5.0789400643150251e-01 5.1960582333407501e-01 0
5.0789400643150273e-01 5.0789400643150273e-01 5.1960582333407501e-01 0
5.9963846115935926e-01 5.0789400643150273e-01 5.1960582333407501e-01 0
6.8051957014181541e-01 5.0789400643150273e-01 5.1960582333407501e-01 0
7.5182364851512995e-01 5.0789400643150273e-01 5.1960582333407501e-01 0
8.1468470045459451e-01 5.0789400643150273e-01 5.1960582333407501e-01 0
8.7010245412427700e-01 5.0789400643150273e-01 5.1960582333407501e-01 0
9.1895826113099277e-01 5.0789400643150273e-01 5.1960582333407501e-01 0
9.6202911334388652e-01 5.0789400643150273e-01 5.1960582333407501e-01 0
1.5188354662445358e-01 5.9963846115935926e-01 5.1960582333407501e-01 0
2.8578275310635204e-01 5.9963846115935926e-01 5.1960582333407501e-01 0
4.0382712259170028e-01 5.9963846115935904e-01 5.1960582333407501e-01 0
5.0789400643150273e-01 5.9963846115935926e-01 5.1960582333407501e-01 0
5.9963846115935926e-01 5.9963846115935926e-01 5.1960582333407501e-01 0
6.8051957014181585e-01 5.9963846115935926e-01 5.1960582333407501e-01 0
7.5182364851512995e-01 5.9963846115935926e-01 5.1960582333407501e-01 0
8.1468470045459451e-01 5.9963846115935926e-01 5.1960582333407501e-01 0
8.7010245412427700e-01 5.9963846115935926e-01 5.1960582333407501e-01 0
9.1895826113099233e-01 5.9963846115935926e-01 5.1960582333407501e-01 0
9.6202911334388652e-01 5.9963846115935926e-01 5.1960582333407501e-01 0
1.5188354662445347e-01 6.8051957014181585e-01 5.1960582333407501e-01 0
2.8578275310635204e-01 6.8051957014181585e-01 5.1960582333407501e-01 0
4.0382712259170050e-01 6.8051957014181585e-01 5.1960582333407501e-01 0
5.0789400643150273e-01 6.8051957014181585e-01 5.1960582333407501e-01 0
5.9963846115935926e-01 6.8051957014181585e-01 5.1960582333407501e-01 0
6.8051957014181585e-01 6.8051957014181585e-01 5.1960582333407501e-01 0
7.5182364851512995e-01 6.8051957014181585e-01 5.1960582333407501e-01 0
8.1468470045459451e-01 6.8051957014181585e-01 5.1960582333407501e-01 0
8.7010245412427611e-01 6.8051957014181585e-01 5.1960582333407501e-01 0
9.1895826113099277e-01 6.8051957014181585e-01 5.1960582333407501e-01 0
9.6202911334388652e-01 6.8051957014181585e-01 5.1960582333407501e-01 0
1.5188354662445352e-01 7.5182364851512995e-01 5.1960582333407501e-01 0
2.8578275310635204e-01 7.5182364851512906e-01 5.1960582333407501e-01 0
4.0382712259170028e-01 7.5182364851512995e-01 5.1960582333407501e-01 0
5.0789400643150273e-01 7.5182364851512951e-01 5.1960582333407501e-01 0
5.9963846115935926e-01 7.5182364851512995e-01 5.1960582333407501e-01 0
6.8051957014181585e-01 7.5182364851512995e-01 5.1960582333407501e-01 0
7.5182364851512995e-01 7.5182364851512995e-01 5.1960582333407501e-01 0
8.1468470045459362e-01 7.5182364851512995e-01 5.1960582333407501e-01 0
8.7010245412427700e-01 7.5182364851512995e-01 5.1960582333407501e-01 0
9.1895826113099277e-01 7.5182364851512995e-01 5.1960582333407501e-01 0
9.6202911334388652e-01 7.5182364851512995e-01 5.1960582333407501e-01 0
1.5188354662445347e-01 8.1468470045459451e-01 5.1960582333407501e-01 0
2.8578275310635193e-01 8.1468470045459451e-01 5.1960582333407501e-01 0
4.0382712259170050e-01 8.1468470045459451e-01 5.1960582333407501e-01 0
5.0789400643150273e-01 8.1468470045459451e-01 5.1960582333407501e-01 0
5.9963846115935926e-01 8.1468470045459407e-01 5.1960582333407501e-01 0
6.8051957014181585e-01 8.1468470045459451e-01 5.1960582333407501e-01 0
7.5182364851512951e-01 8.1468470045459451e-01 5.1960582333407501e-01 0
8.1468470045459451e-01 8.1468470045459451e-01 5.1960582333407501e-01 0
8.7010245412427700e-01 8.1468470045459451e-01 5.1960582333407501e-01 0
9.1895826113099277e-01 8.1468470045459407e-01 5.1960582333407501e-01 0
9.6202911334388697e-01 8.1468470045459451e-01 5.1960582333407501e-01 0
1.5188354662445347e-01 8.7010245412427700e-01 5.1960582333407501e-01 0
2.8578275310635204e-01 8.7010245412427700e-01 5.1960582333407501e-01 0
4.0382712259170028e-01 8.7010245412427611e-01 5.1960582333407501e-01 0
5.0789400643150273e-01 8.7010245412427656e-01 5.1960582333407501e-01 0
5.9963846115935837e-01 8.7010245412427700e-01 5.1960582333407501e-01 0
6.8051957014181585e-01 8.7010245412427611e-01 5.1960582333407501e-01 0
7.5182364851512995e-01 8.7010245412427700e-01 5.1960582333407501e-01 0
8.1468470045459451e-01 8.7010245412427700e-01 5.1960582333407501e-01 0
8.7010245412427700e-01 8.7010245412427700e-01 5.1960582333407501e-01 0
9.1895826113099277e-01 8.7010245412427700e-01 5.1960582333407501e-01 0
9.6202911334388697e-01 8.7010245412427700e-01 5.1960582333407501e-01 0
1.5188354662445347e-01 9.1895826113099233e-01 5.1960582333407501e-01 0
2.8578275310635204e-01 9.1895826113099277e-01 5.1960582333407501e-01 0
4.0382712259170028e-01 9.1895826113099277e-01 5.1960582333407501e-01 0
5.0789400643150273e-01 9.1895826113099277e-01 5.1960582333407501e-01 0
5.9963846115935926e-01 9.1895826113099233e-01 5.1960582333407501e-01 0
6.8051957014181585e-01 9.1895826113099277e-01 5.1960582333407501e-01 0
7.5182364851512995e-01 9.1895826113099277e-01 5.1960582333407501e-01 0
8.1468470045459451e-01 9.1895826113099277e-01 5.1960582333407501e-01 0
8.7010245412427700e-01 9.1895826113099277e-01 5.1960582333407501e-01 0
9.1895826113099277e-01 9.1895826113099277e-01 5.1960582333407501e-01 0
9.6202911334388652e-01 9.1895826113099233e-01 5.1960582333407501e-01 0
1.5188354662445347e-01 9.6202911334388697e-01 5.1960582333407501e-01 0
2.8578275310635215e-01 9.6202911334388608e-01 5.1960582333407501e-01 0
4.0382712259170028e-01 9.6202911334388697e-01 5.1960582333407501e-01 0
5.0789400643150273e-01 9.6202911334388608e-01 5.1960582333407501e-01 0
5.9963846115935926e-01 9.6202911334388652e-01 5.1960582333407501e-01 0
6.8051957014181585e-01 9.6202911334388652e-01 5.1960582333407501e-01 0
7.5182364851512995e-01 9.6202911334388652e-01 5.1960582333407501e-01 0
8.1468470045459451e-01 9.6202911334388652e-01 5.1960582333407501e-01 0
8.7010245412427700e-01 9.6202911334388652e-01 5.1960582333407501e-01 0
9.1895826113099233e-01 9.6202911334388652e-01 5.1960582333407501e-01 0
9.6202911334388652e-01 9.6202911334388652e-01 5.1960582333407501e-01 0
1.5188354662445336e-01 1.5188354662445341e-01 3.4247656352818012e-01 0
2.8578275310635204e-01 1.5188354662445341e-01 3.4247656352818012e-01 0
4.0382712259170028e-01 1.5188354662445347e-01 3.4247656352818012e-01 0
5.0789400643150273e-01 1.5188354662445341e-01 3.4247656352818012e-01 0
5.9963846115935837e-01 1.5188354662445336e-01 3.4247656352818012e-01 0
6.8051957014181585e-01 1.5188354662445347e-01 3.4247656352818012e-01 0
7.5182364851512951e-01 1.5188354662445347e-01 3.4247656352817990e-01 0
8.1468470045459451e-01 1.5188354662445341e-01 3.4247656352818012e-01 0
8.7010245412427611e-01 1.5188354662445347e-01 3.4247656352818012e-01 0
9.1895826113099233e-01 1.5188354662445336e-01 3.4247656352818012e-01 0
9.6202911334388652e-01 1.5188354662445347e-01 3.4247656352818012e-01 0
1.5188354662445336e-01 2.8578275310635215e-01 3.4247656352818012e-01 0
2.8578275310635215e-01 2.8578275310635215e-01 3.4247656352818012e-01 0
4.0382712259170050e-01 2.8578275310635215e-01 3.4247656352818012e-01 0
5.0789400643150273e-01 2.8578275310635226e-01 3.4247656352818012e-01 0
5.9963846115935882e-01 2.8578275310635215e-01 3.4247656352818012e-01 0
6.8051957014181585e-01 2.8578275310635204e-01 3.4247656352818012e-01 0
7.5182364851512995e-01 2.8578275310635215e-01 3.4247656352817990e-01 0
8.1468470045459451e-01 2.8578275310635237e-01 3.4247656352818012e-01 0
8.7010245412427700e-01 2.8578275310635215e-01 3.4247656352818012e-01 0
9.1895826113099233e-01 2.8578275310635215e-01 3.4247656352818012e-01 0
9.6202911334388652e-01 2.8578275310635237e-01 3.4247656352818012e-01 0
1.5188354662445358e-01 4.0382712259170028e-01 3.4247656352818012e-01 0
2.8578275310635215e-01 4.0382712259170050e-01 3.4247656352818012e-01 0
4.0382712259170050e-01 4.0382712259170050e-01 3.4247656352818012e-01 0
5.0789400643150273e-01 4.0382712259170050e-01 3.4247656352818012e-01 0
5.9963846115935970e-01 4.0382712259170050e-01 3.4247656352818012e-01 0
6.8051957014181585e-01 4.0382712259170028e-01 3.4247656352818012e-01 0
7.5182364851512951e-01 4.0382712259170050e-01 3.4247656352817990e-01 0
8.1468470045459451e-01 4.0382712259170050e-01 3.4247656352818012e-01 0
8.7010245412427656e-01 4.0382712259170050e-01 3.4247656352818012e-01 0
9.1895826113099277e-01 4.0382712259170050e-01 3.4247656352818012e-01 0
9.6202911334388652e-01 4.0382712259170050e-01 3.4247656352818012e-01 0
1.5188354662445347e-01 5.0789400643150273e-01 3.4247656352818012e-01 0
2.8578275310635215e-01 5.0789400643150273e-01 3.4247656352818012e-01 0
4.0382712259170050e-01 5.0789400643150295e-01 3.4247656352818012e-01 0
5.0789400643150273e-01 5.0789400643150273e-01 3.4247656352818012e-01 0
5.9963846115935926e-01 5.0789400643150273e-01 3.4247656352818012e-01 0
6.8051957014181585e-01 5.0789400643150273e-01 3.4247656352818012e-01 0
7.5182364851512951e-01 5.0789400643150273e-01 3.4247656352818012e-01 0
8.1468470045459451e-01 5.0789400643150273e-01 3.4247656352818012e-01 0
8.7010245412427656e-01 5.0789400643150273e-01 3.4247656352818012e-01 0
9.1895826113099277e-01 5.0789400643150273e-01 3.4247656352818012e-01 0
9.6202911334388652e-01 5.0789400643150273e-01 3.4247656352818012e-01 0
1.5188354662445358e-01 5.9963846115935926e-01 3.4247656352818012e-01 0
2.8578275310635204e-01 5.9963846115935926e-01 3.4247656352818012e-01 0
4.0382712259170050e-01 5.9963846115935926e-01 3.4247656352818012e-01 0
5.0789400643150273e-01 5.9963846115935882e-01 3.4247656352818012e-01 0
5.9963846115935837e-01 5.9963846115935926e-01 3.4247656352818012e-01 0
6.8051957014181585e-01 5.9963846115935882e-01 3.4247656352818012e-01 0
7.5182364851512951e-01 5.9963846115935882e-01 3.4247656352818012e-01 0
8.1468470045459451e-01 5.9963846115935926e-01 3.4247656352818012e-01 0
8.7010245412427700e-01 5.9963846115935926e-01 3.4247656352818012e-01 0
9.1895826113099233e-01 5.9963846115935882e-01 3.4247656352818012e-01 0
9.6202911334388697e-01 5.9963846115935904e-01 3.4247656352818012e-01 0
1.5188354662445347e-01 6.8051957014181585e-01 3.4247656352818012e-01 0
2.8578275310635226e-01 6.8051957014181585e-01 3.4247656352818012e-01 0
4.0382712259170050e-01 6.8051957014181585e-01 3.4247656352818012e-01 0
5.0789400643150273e-01 6.8051957014181585e-01 3.4247656352818012e-01 0
5.9963846115935926e-01 6.8051957014181585e-01 3.4247656352818012e-01 0
6.8051957014181585e-01 6.8051957014181585e-01 3.4247656352818012e-01 0
7.5182364851512951e-01 6.8051957014181585e-01 3.4247656352818012e-01 0
8.1468470045459451e-01 6.8051957014181585e-01 3.4247656352818012e-01 0
8.7010245412427656e-01 6.8051957014181585e-01 3.4247656352818012e-01 0
9.1895826113099277e-01 6.8051957014181585e-01 3.4247656352818012e-01 0
9.6202911334388652e-01 6.8051957014181585e-01 3.4247656352818012e-01 0
1.5188354662445352e-01 7.5182364851512995e-01 3.4247656352818012e-01 0
2.8578275310635204e-01 7.5182364851512951e-01 3.4247656352818012e-01 0
4.0382712259170006e-01 7.5182364851512995e-01 3.4247656352818012e-01 0
5.0789400643150273e-01 7.5182364851512951e-01 3.4247656352818012e-01 0
5.9963846115935926e-01 7.5182364851512995e-01 3.4247656352818012e-01 0
6.8051957014181585e-01 7.5182364851512995e-01 3.4247656352818012e-01 0
7.5182364851512951e-01 7.5182364851512995e-01 3.4247656352818012e-01 0
8.1468470045459362e-01 7.5182364851512951e-01 3.4247656352818012e-01 0
8.7010245412427656e-01 7.5182364851512951e-01 3.4247656352818012e-01 0
9.1895826113099277e-01 7.5182364851512951e-01 3.4247656352818012e-01 0
9.6202911334388652e-01 7.5182364851512951e-01 3.4247656352818012e-01 0
1.5188354662445347e-01 8.1468470045459451e-01 3.4247656352818012e-01 0
2.8578275310635215e-01 8.1468470045459451e-01 3.4247656352818012e-01 0
4.0382712259170050e-01 8.1468470045459451e-01 3.4247656352818012e-01 0
5.0789400643150273e-01 8.1468470045459451e-01 3.4247656352818012e-01 0
5.9963846115935926e-01 8.1468470045459451e-01 3.4247656352818012e-01 0
6.8051957014181541e-01 8.1468470045459451e-01 3.4247656352818012e-01 0
7.5182364851512906e-01 8.1468470045459451e-01 3.4247656352818012e-01 0
8.1468470045459451e-01 8.1468470045459451e-01 3.4247656352818012e-01 0
8.7010245412427700e-01 8.1468470045459451e-01 3.4247656352818012e-01 0
9.1895826113099277e-01 8.1468470045459451e-01 3.4247656352818012e-01 0
9.6202911334388652e-01 8.1468470045459451e-01 3.4247656352818012e-01 0
1.5188354662445347e-01 8.7010245412427656e-01 3.4247656352818012e-01 0
2.8578275310635204e-01 8.7010245412427700e-01 3.4247656352818012e-01 0
4.0382712259170050e-01 8.7010245412427656e-01 3.4247656352818012e-01 0
5.0789400643150273e-01 8.7010245412427656e-01 3.4247656352818012e-01 0
5.9963846115935837e-01 8.7010245412427656e-01 3.4247656352818012e-01 0
6.8051957014181585e-01 8.7010245412427656e-01 3.4247656352818012e-01 0
7.5182364851512951e-01 8.7010245412427656e-01 3.4247656352818012e-01 0
8.1468470045459451e-01 8.7010245412427700e-01 3.4247656352818012e-01 0
8.7010245412427656e-01 8.7010245412427656e-01 3.4247656352818012e-01 0
9.1895826113099277e-01 8.7010245412427656e-01 3.4247656352818012e-01 0
9.6202911334388652e-01 8.7010245412427656e-01 3.4247656352818012e-01 0
1.5188354662445336e-01 9.1895826113099321e-01 3.4247656352818012e-01 0
2.8578275310635204e-01 9.1895826113099277e-01 3.4247656352818012e-01 0
4.0382712259170050e-01 9.1895826113099277e-01 3.4247656352818012e-01 0
5.0789400643150273e-01 9.1895826113099277e-01 3.4247656352818012e-01 0
5.9963846115935926e-01 9.1895826113099233e-01 3.4247656352818012e-01 0
6.8051957014181585e-01 9.1895826113099277e-01 3.4247656352818012e-01 0
7.5182364851512951e-01 9.1895826113099277e-01 3.4247656352818012e-01 0
8.1468470045459451e-01 9.1895826113099277e-01 3.4247656352818012e-01 0
8.7010245412427656e-01 9.1895826113099277e-01 3.4247656352818012e-01 0
9.1895826113099277e-01 9.1895826113099277e-01 3.4247656352818012e-01 0
9.6202911334388652e-01 9.1895826113099233e-01 3.4247656352818012e-01 0
1.5188354662445347e-01 9.6202911334388652e-01 3.4247656352818012e-01 0
2.8578275310635215e-01 9.6202911334388652e-01 3.4247656352818012e-01 0
4.0382712259170050e-01 9.6202911334388652e-01 3.4247656352818012e-01 0
5.0789400643150273e-01 9.6202911334388608e-01 3.4247656352818012e-01 0
5.9963846115935926e-01 9.6202911334388652e-01 3.4247656352818012e-01 0
6.8051957014181585e-01 9.6202911334388652e-01 3.4247656352818012e-01 0
7.5182364851512951e-01 9.6202911334388608e-01 3.4247656352818012e-01 0
8.1468470045459451e-01 9.6202911334388652e-01 3.4247656352818012e-01 0
8.7010245412427656e-01 9.6202911334388652e-01 3.4247656352818012e-01 0
9.1895826113099233e-01 9.6202911334388652e-01 3.4247656352818012e-01 0
9.6202911334388652e-01 9.6202911334388652e-01 3.4247656352818012e-01 0
1.5188354662445336e-01 1.5188354662445352e-01 1.6937255859375000e-01 0
2.8578275310635204e-01 1.5188354662445341e-01 1.6937255859374989e-01 0
4.0382712259170050e-01 1.5188354662445341e-01 1.6937255859374989e-01 0
5.0789400643150273e-01 1.5188354662445341e-01 1.6937255859374989e-01 0
5.9963846115935926e-01 1.5188354662445341e-01 1.6937255859374989e-01 0
6.8051957014181585e-01 1.5188354662445347e-01 1.6937255859374989e-01 0
7.5182364851512951e-01 1.5188354662445347e-01 1.6937255859374989e-01 0
8.1468470045459407e-01 1.5188354662445341e-01 1.6937255859375000e-01 0
8.7010245412427611e-01 1.5188354662445347e-01 1.6937255859375000e-01 0
9.1895826113099233e-01 1.5188354662445336e-01 1.6937255859374989e-01 0
9.6202911334388741e-01 1.5188354662445341e-01 1.6937255859375000e-01 0
1.5188354662445347e-01 2.8578275310635215e-01 1.6937255859375000e-01 0
2.8578275310635204e-01 2.8578275310635204e-01 1.6937255859375000e-01 0
4.0382712259170050e-01 2.8578275310635215e-01 1.6937255859375000e-01 0
5.0789400643150273e-01 2.8578275310635204e-01 1.6937255859375000e-01 0
5.9963846115935926e-01 2.8578275310635204e-01 1.6937255859375000e-01 0
6.8051957014181585e-01 2.8578275310635204e-01 1.6937255859375000e-01 0
7.5182364851512995e-01 2.8578275310635215e-01 1.6937255859375000e-01 0
8.1468470045459451e-01 2.8578275310635215e-01 1.6937255859375000e-01 0
8.7010245412427700e-01 2.8578275310635204e-01 1.6937255859375000e-01 0
9.1895826113099233e-01 2.8578275310635215e-01 1.6937255859375000e-01 0
9.6202911334388652e-01 2.8578275310635215e-01 1.6937255859375000e-01 0
1.5188354662445347e-01 4.0382712259170050e-01 1.6937255859375000e-01 0
2.8578275310635204e-01 4.0382712259170050e-01 1.6937255859375000e-01 0
4.0382712259170050e-01 4.0382712259170050e-01 1.6937255859375000e-01 0
5.0789400643150273e-01 4.0382712259170050e-01 1.6937255859375000e-01 0
5.9963846115935926e-01 4.0382712259170050e-01 1.6937255859375000e-01 0
6.8051957014181585e-01 4.0382712259170050e-01 1.6937255859375000e-01 0
7.5182364851512951e-01 4.0382712259170050e-01 1.6937255859375000e-01 0
8.1468470045459451e-01 4.0382712259170050e-01 1.6937255859375000e-01 0
8.7010245412427700e-01 4.0382712259170050e-01 1.6937255859375000e-01 0
9.1895826113099233e-01 4.0382712259170050e-01 1.6937255859375000e-01 0
9.6202911334388697e-01 4.0382712259170050e-01 1.6937255859375000e-01 0
1.5188354662445347e-01 5.0789400643150273e-01 1.6937255859375000e-01 0
2.8578275310635204e-01 5.0789400643150251e-01 1.6937255859375000e-01 0
4.0382712259170050e-01 5.0789400643150295e-01 1.6937255859375000e-01 0
5.0789400643150273e-01 5.0789400643150273e-01 1.6937255859375000e-01 0
5.9963846115935926e-01 5.0789400643150273e-01 1.6937255859375000e-01 0
6.8051957014181585e-01 5.0789400643150273e-01 1.6937255859375000e-01 0
7.5182364851512951e-01 5.0789400643150273e-01 1.6937255859375000e-01 0
8.1468470045459451e-01 5.0789400643150273e-01 1.6937255859375000e-01 0
8.7010245412427656e-01 5.0789400643150273e-01 1.6937255859375000e-01 0
9.1895826113099233e-01 5.0789400643150273e-01 1.6937255859375000e-01 0
9.6202911334388608e-01 5.0789400643150273e-01 1.6937255859375000e-01 0
1.5188354662445358e-01 5.9963846115935926e-01 1.6937255859375000e-01 0
2.8578275310635204e-01 5.9963846115935926e-01 1.6937255859375000e-01 0
4.0382712259170050e-01 5.9963846115935904e-01 1.6937255859375000e-01 0
5.0789400643150273e-01 5.9963846115935926e-01 1.6937255859375000e-01 0
5.9963846115935926e-01 5.9963846115935926e-01 1.6937255859375000e-01 0
6.8051957014181585e-01 5.9963846115935926e-01 1.6937255859375000e-01 0
7.5182364851512951e-01 5.9963846115935926e-01 1.6937255859375000e-01 0
8.1468470045459451e-01 5.9963846115935926e-01 1.6937255859375000e-01 0
8.7010245412427700e-01 5.9963846115935926e-01 1.6937255859375000e-01 0
9.1895826113099277e-01 5.9963846115935926e-01 1.6937255859375000e-01 0
9.6202911334388652e-01 5.9963846115935926e-01 1.6937255859375000e-01 0
1.5188354662445347e-01 6.8051957014181585e-01 1.6937255859375000e-01 0
2.8578275310635204e-01 6.8051957014181585e-01 1.6937255859375000e-01 0
4.0382712259170073e-01 6.8051957014181585e-01 1.6937255859375000e-01 0
5.0789400643150273e-01 6.8051957014181585e-01 1.6937255859375000e-01 0
5.9963846115935926e-01 6.8051957014181585e-01 1.6937255859375000e-01 0
6.8051957014181585e-01 6.8051957014181585e-01 1.6937255859375000e-01 0
7.5182364851512951e-01 6.8051957014181585e-01 1.6937255859375000e-01 0
8.1468470045459451e-01 6.8051957014181585e-01 1.6937255859375000e-01 0
8.7010245412427656e-01 6.8051957014181585e-01 1.6937255859375000e-01 0
9.1895826113099233e-01 6.8051957014181585e-01 1.6937255859375000e-01 0
9.6202911334388652e-01 6.8051957014181585e-01 1.6937255859375000e-01 0
1.5188354662445352e-01 7.5182364851512995e-01 1.6937255859375000e-01 0
2.8578275310635204e-01 7.5182364851512951e-01 1.6937255859375000e-01 0
4.0382712259170006e-01 7.5182364851512995e-01 1.6937255859375000e-01 0
5.0789400643150273e-01 7.5182364851512951e-01 1.6937255859375000e-01 0
5.9963846115935926e-01 7.5182364851512995e-01 1.6937255859375000e-01 0
6.8051957014181585e-01 7.5182364851512995e-01 1.6937255859375000e-01 0
7.5182364851512951e-01 7.5182364851512995e-01 1.6937255859375000e-01 0
8.1468470045459362e-01 7.5182364851512951e-01 1.6937255859375000e-01 0
8.7010245412427656e-01 7.5182364851512995e-01 1.6937255859375000e-01 0
9.1895826113099233e-01 7.5182364851512951e-01 1.6937255859375000e-01 0
9.6202911334388652e-01 7.5182364851512951e-01 1.6937255859375000e-01 0
1.5188354662445347e-01 8.1468470045459451e-01 1.6937255859375000e-01 0
2.8578275310635193e-01 8.1468470045459451e-01 1.6937255859375000e-01 0
4.0382712259170073e-01 8.1468470045459451e-01 1.6937255859375000e-01 0
5.0789400643150273e-01 8.1468470045459451e-01 1.6937255859375000e-01 0
5.9963846115935926e-01 8.1468470045459451e-01 1.6937255859375000e-01 0
6.8051957014181541e-01 8.1468470045459451e-01 1.6937255859375000e-01 0
7.5182364851512906e-01 8.1468470045459451e-01 1.6937255859375000e-01 0
8.1468470045459451e-01 8.1468470045459451e-01 1.6937255859375000e-01 0
8.7010245412427700e-01 8.1468470045459451e-01 1.6937255859375000e-01 0
9.1895826113099233e-01 8.1468470045459451e-01 1.6937255859375000e-01 0
9.6202911334388652e-01 8.1468470045459451e-01 1.6937255859375000e-01 0
1.5188354662445347e-01 8.7010245412427656e-01 1.6937255859375000e-01 0
2.8578275310635204e-01 8.7010245412427700e-01 1.6937255859375000e-01 0
4.0382712259170050e-01 8.7010245412427656e-01 1.6937255859375000e-01 0
5.0789400643150273e-01 8.7010245412427656e-01 1.6937255859375000e-01 0
5.9963846115935882e-01 8.7010245412427656e-01 1.6937255859375000e-01 0
6.8051957014181585e-01 8.7010245412427656e-01 1.6937255859375000e-01 0
7.5182364851512951e-01 8.7010245412427656e-01 1.6937255859375000e-01 0
8.1468470045459451e-01 8.7010245412427700e-01 1.6937255859375000e-01 0
8.7010245412427656e-01 8.7010245412427656e-01 1.6937255859375000e-01 0
9.1895826113099233e-01 8.7010245412427656e-01 1.6937255859375000e-01 0
9.6202911334388652e-01 8.7010245412427656e-01 1.6937255859375000e-01 0
1.5188354662445336e-01 9.1895826113099321e-01 1.6937255859375000e-01 0
2.8578275310635204e-01 9.1895826113099233e-01 1.6937255859375000e-01 0
4.0382712259170050e-01 9.1895826113099277e-01 1.6937255859375000e-01 0
5.0789400643150273e-01 9.1895826113099233e-01 1.6937255859375000e-01 0
5.9963846115935926e-01 9.1895826113099233e-01 1.6937255859375000e-01 0
6.8051957014181585e-01 9.1895826113099233e-01 1.6937255859375000e-01 0
7.5182364851512951e-01 9.1895826113099233e-01 1.6937255859375000e-01 0
8.1468470045459451e-01 9.1895826113099233e-01 1.6937255859375000e-01 0
8.7010245412427656e-01 9.1895826113099233e-01 1.6937255859375000e-01 0
9.1895826113099233e-01 9.1895826113099188e-01 1.6937255859375000e-01 0
9.6202911334388652e-01 9.1895826113099188e-01 1.6937255859375000e-01 0
1.5188354662445347e-01 9.6202911334388652e-01 1.6937255859375000e-01 0
2.8578275310635215e-01 9.6202911334388652e-01 1.6937255859375000e-01 0
4.0382712259170050e-01 9.6202911334388652e-01 1.6937255859375000e-01 0
5.0789400643150273e-01 9.6202911334388652e-01 1.6937255859375000e-01 0
5.9963846115935926e-01 9.6202911334388652e-01 1.6937255859375000e-01 0
6.8051957014181585e-01 9.6202911334388652e-01 1.6937255859375000e-01 0
7.5182364851512951e-01 9.6202911334388652e-01 1.6937255859375000e-01 0
8.1468470045459451e-01 9.6202911334388652e-01 1.6937255859375000e-01 0
8.7010245412427700e-01 9.6202911334388652e-01 1.6937255859375000e-01 0
9.1895826113099233e-01 9.6202911334388652e-01 1.6937255859375000e-01 0
9.6202911334388652e-01 9.6202911334388652e-01 1.6937255859375000e-01 0

Hexahedra
4896
1 9 823 371 64 328 1923 1229 0
64 328 1923 1229 65 329 1924 1262 0
65 329 1924 1262 66 330 1925 1295 0
66 330 1925 1295 67 331 1926 1328 0
67 331 1926 1328 68 332 1927 1361 0
68 332 1927 1361 69 333 1928 1394 0
69 333 1928 1394 70 334 1929 1427 0
70 334 1929 1427 71 335 1930 1460 0
71 335 1930 1460 72 336 1931 1493 0
72 336 1931 1493 73 337 1932 1526 0
73 337 1932 1526 74 338 1933 1559 0
74 338 1933 1559 5 31 834 437 0
9 10 824 823 328 317 1934 1923 0
328 317 1934 1923 329 318 1935 1924 0
329 318 1935 1924 330 319 1936 1925 0
330 319 1936 1925 331 320 1937 1926 0
331 320 1937 1926 332 321 1938 1927 0
332 321 1938 1927 333 322 1939 1928 0
333 322 1939 1928 334 323 1940 1929 0
334 323 1940 1929 335 324 1941 1930 0
335 324 1941 1930 336 325 1942 1931 0
336 325 1942 1931 337 326 1943 1932 0
337 326 1943 1932 338 327 1944 1933 0
338 327 1944 1933 31 32 835 834 0
10 11 825 824 317 306 1945 1934 0
317 306 1945 1934 318 307 1946 1935 0
318 307 1946 1935 319 308 1947 1936 0
319 308 1947 1936 320 309 1948 1937 0
320 309 1948 1937 321 310 1949 1938 0
321 310 1949 1938 322 311 1950 1939 0
322 311 1950 1939 323 312 1951 1940 0
323 312 1951 1940 324 313 1952 1941 0
324 313 1952 1941 325 314 1953 1942 0
325 314 1953 1942 326 315 1954 1943 0
326 315 1954 1943 327 316 1955 1944 0
327 316 1955 1944 32 33 836 835 0
11 12 826 825 306 295 1956 1945 0
306 295 1956 1945 307 296 1957 1946 0
307 296 1957 1946 308 297 1958 1947 0
308 297 1958 1947 309 298 1959 1948 0
309 298 1959 1948 310 299 1960 1949 0
310 299 1960 1949 311 300 1961 1950 0
311 300 1961 1950 312 301 1962 1951 0
312 301 1962 1951 313 302 1963 1952 0
313 302 1963 1952 314 303 1964 1953 0
314 303 1964 1953 315 304 1965 1954 0
315 304 1965 1954 316 305 1966 1955 0
316 305 1966 1955 33 34 837 836 0
12 13 827 826 295 284 1967 1956 0
295 284 1967 1956 296 285 1968 1957 0
296 285 1968 1957 297 286 1969 1958 0
297 286 1969 1958 298 287 1970 1959 0
298 287 1970 1959 299 288 1971 1960 0
299 288 1971 1960 300 289 1972 1961 0
300 289 1972 1961 301 290 1973 1962 0
301 290 1973 1962 302 291 1974 1963 0
302 291 1974 1963 303 292 1975 1964 0
303 292 1975 1964 304 293 1976 1965 0
304 293 1976 1965 305 294 1977 1966 0
305 294 1977 1966 34 35 838 837 0
13 14 828 827 284 273 1978 1967 0
284 273 1978 1967 285 274 1979 1968 0
285 274 1979 1968 286 275 1980 1969 0
286 275 1980 1969 287 276 1981 1970 0
287 276 1981 1970 288 277 1982 1971 0
288 277 1982 1971 289 278 1983 1972 0
289 278 1983 1972 290 279 1984 1973 0
290 279 1984 1973 291 280 1985 1974 0
291 280 1985 1974 292 281 1986 1975 0
292 281 1986 1975 293 282 1987 1976 0
293 282 1987 1976 294 283 1988 1977 0
294 283 1988 1977 35 36 839 838 0
14 15 829 828 273 262 1989 1978 0
273 262 1989 1978 274 263 1990 1979 0
274 263 1990 1979 275 264 1991 1980 0
275 264 1991 1980 276 265 1992 1981 0
276 265 1992 1981 277 266 1993 1982 0
277 266 1993 1982 278 267 1994 1983 0
278 267 1994 1983 279 268 1995 1984 0
279 268 1995 1984 280 269 1996 1985 0
280 269 1996 1985 281 270 1997 1986 0
281 270 1997 1986 282 271 1998 1987 0
282 271 1998 1987 283 272 1999 1988 0
283 272 1999 1988 36 37 840 839 0
15 16 830 829 262 251 2000 1989 0
262 251 2000 1989 263 252 2001 1990 0
263 252 2001 1990 264 253 2002 1991 0
264 253 2002 1991 265 254 2003 1992 0
265 254 2003 1992 266 255 2004 1993 0
266 255 2004 1993 267 256 2005 1994 0
267 256 2005 1994 268 257 2006 1995 0
268 257 2006 1995 269 258 2007 1996 0
269 258 2007 1996 270 259 2008 1997 0
270 259 2008 1997 271 260 2009 1998 0
271 260 2009 1998 272 261 2010 1999 0
272 261 2010 1999 37 38 841 840 0
16 17 831 830 251 240 2011 2000 0
251 240 2011 2000 252 241 2012 2001 0
252 241 2012 2001 253 242 2013 2002 0
253 242 2013 2002 254 243 2014 2003 0
254 243 2014 2003 255 244 2015 2004 0
255 244 2015 2004 256 245 2016 2005 0
256 245 2016 2005 257 246 2017 2006 0
257 246 2017 2006 258 247 2018 2007 0
258 247 2018 2007 259 248 2019 2008 0
259 248 2019 2008 260 249 2020 2009 0
260 249 2020 2009 261 250 2021 2010 0
261 250 2021 2010 38 39 842 841 0
17 18 832 831 240 229 2022 2011 0
240 229 2022 2011 241 230 2023 2012 0
241 230 2023 2012 242 231 2024 2013 0
242 231 2024 2013 243 232 2025 2014 0
243 232 2025 2014 244 233 2026 2015 0
244 233 2026 2015 245 234 2027 2016 0
245 234 2027 2016 246 235 2028 2017 0
246 235 2028 2017 247 236 2029 2018 0
247 236 2029 2018 248 237 2030 2019 0
248 237 2030 2019 249 238 2031 2020 0
249 238 2031 2020 250 239 2032 2021 0
250 239 2032 2021 39 40 843 842 0
18 19 833 832 229 218 2033 2022 0
229 218 2033 2022 230 219 2034 2023 0
230 219 2034 2023 231 220 2035 2024 0
231 220 2035 2024 232 221 2036 2025 0
232 221 2036 2025 233 222 2037 2026 0
233 222 2037 2026 234 223 2038 2027 0
234 223 2038 2027 235 224 2039 2028 0
235 224 2039 2028 236 225 2040 2029 0
236 225 2040 2029 237 226 2041 2030 0
237 226 2041 2030 238 227 2042 2031 0
238 227 2042 2031 239 228 2043 2032 0
239 228 2043 2032 40 41 844 843 0
19 3 404 833 218 86 1922 2033 0
218 86 1922 2033 219 87 1889 2034 0
219 87 1889 2034 220 88 1856 2035 0
220 88 1856 2035 221 89 1823 2036 0
221 89 1823 2036 222 90 1790 2037 0
222 90 1790 2037 223 91 1757 2038 0
223 91 1757 2038 224 92 1724 2039 0
224 92 1724 2039 225 93 1691 2040 0
225 93 1691 2040 226 94 1658 2041 0
226 94 1658 2041 227 95 1625 2042 0
227 95 1625 2042 228 96 1592 2043 0
228 96 1592 2043 41 7 470 844 0
371 823 812 370 1229 1923 2044 1228 0
1229 1923 2044 1228 1262 1924 2045 1261 0
1262 1924 2045 1261 1295 1925 2046 1294 0
1295 1925 2046 1294 1328 1926 2047 1327 0
1328 1926 2047 1327 1361 1927 2048 1360 0
1361 1927 2048 1360 1394 1928 2049 1393 0
1394 1928 2049 1393 1427 1929 2050 1426 0
1427 1929 2050 1426 1460 1930 2051 1459 0
1460 1930 2051 1459 1493 1931 2052 1492 0
1493 1931 2052 1492 1526 1932 2053 1525 0
1526 1932 2053 1525 1559 1933 2054 1558 0
1559 1933 2054 1558 437 834 845 436 0
823 824 813 812 1923 1934 2055 2044 0
1923 1934 2055 2044 1924 1935 2056 2045 0
1924 1935 2056 2045 1925 1936 2057 2046 0
1925 1936 2057 2046 1926 1937 2058 2047 0
1926 1937 2058 2047 1927 1938 2059 2048 0
1927 1938 2059 2048 1928 1939 2060 2049 0
1928 1939 2060 2049 1929 1940 2061 2050 0
1929 1940 2061 2050 1930 1941 2062 2051 0
1930 1941 2062 2051 1931 1942 2063 2052 0
1931 1942 2063 2052 1932 1943 2064 2053 0
1932 1943 2064 2053 1933 1944 2065 2054 0
1933 1944 2065 2054 834 835 846 845 0
824 825 814 813 1934 1945 2066 2055 0
1934 1945 2066 2055 1935 1946 2067 2056 0
1935 1946 2067 2056 1936 1947 2068 2057 0
1936 1947 2068 2057 1937 1948 2069 2058 0
1937 1948 2069 2058 1938 1949 2070 2059 0
1938 1949 2070 2059 1939 1950 2071 2060 0
1939 1950 2071 2060 1940 1951 2072 2061 0
1940 1951 2072 2061 1941 1952 2073 2062 0
1941 1952 2073 2062 1942 1953 2074 2063 0
1942 1953 2074 2063 1943 1954 2075 2064 0
1943 1954 2075 2064 1944 1955 2076 2065 0
1944 1955 2076 2065 835 836 847 846 0
825 826 815 814 1945 1956 2077 2066 0
1945 1956 2077 2066 1946 1957 2078 2067 0
1946 1957 2078 2067 1947 1958 2079 2068 0
1947 1958 2079 2068 1948 1959 2080 2069 0
1948 1959 2080 2069 1949 1960 2081 2070 0
1949 1960 2081 2070 1950 1961 2082 2071 0
1950 1961 2082 2071 1951 1962 2083 2072 0
1951 1962 2083 2072 1952 1963 2084 2073 0
1952 1963 2084 2073 1953 1964 2085 2074 0
1953 1964 2085 2074 1954 1965 2086 2075 0
1954 1965 2086 2075 1955 1966 2087 2076 0
1955 1966 2087 2076 836 837 848 847 0
826 827 816 815 1956 1967 2088 2077 0
1956 1967 2088 2077 1957 1968 2089 2078 0
1957 1968 2089 2078 1958 1969 2090 2079 0
1958 1969 2090 2079 1959 1970 2091 2080 0
1959 1970 2091 2080 1960 1971 2092 2081 0
1960 1971 2092 2081 1961 1972 2093 2082 0
1961 1972 2093 2082 1962 1973 2094 2083 0
1962 1973 2094 2083 1963 1974 2095 2084 0
1963 1974 2095 2084 1964 1975 2096 2085 0
1964 1975 2096 2085 1965 1976 2097 2086 0
1965 1976 2097 2086 1966 1977 2098 2087 0
1966 1977 2098 2087 837 838 849 848 0
827 828 817 816 1967 1978 2099 2088 0
1967 1978 2099 2088 1968 1979 2100 2089 0
1968 1979 2100 2089 1969 1980 2101 2090 0
1969 1980 2101 2090 1970 1981 2102 2091 0
1970 1981 2102 2091 1971 1982 2103 2092 0
1971 1982 2103 2092 1972 1983 2104 2093 0
1972 1983 2104 2093 1973 1984 2105 2094 0
1973 1984 2105 2094 1974 1985 2106 2095 0
1974 1985 2106 2095 1975 1986 2107 2096 0
1975 1986 2107 2096 1976 1987 2108 2097 0
1976 1987 2108 2097 1977 1988 2109 2098 0
1977 1988 2109 2098 838 839 850 849 0
828 829 818 817 1978 1989 2110 2099 0
1978 1989 2110 2099 1979 1990 2111 2100 0
1979 1990 2111 2100 1980 1991 2112 2101 0
1980 1991 2112 2101 1981 1992 2113 2102 0
1981 1992 2113 2102 1982 1993 2114 2103 0
1982 1993 2114 2103 1983 1994 2115 2104 0
1983 1994 2115 2104 1984 1995 2116 2105 0
1984 1995 2116 2105 1985 1996 2117 2106 0
1985 1996 2117 2106 1986 1997 2118 2107 0
1986 1997 2118 2107 1987 1998 2119 2108 0
1987 1998 2119 2108 1988 1999 2120 2109 0
1988 1999 2120 2109 839 840 851 850 0
829 830 819 818 1989 2000 2121 2110 0
1989 2000 2121 2110 1990 2001 2122 2111 0
1990 2001 2122 2111 1991 2002 2123 2112 0
1991 2002 2123 2112 1992 2003 2124 2113 0
1992 2003 2124 2113 1993 2004 2125 2114 0
1993 2004 2125 2114 1994 2005 2126 2115 0
1994 2005 2126 2115 1995 2006 2127 2116 0
1995 2006 2127 2116 1996 2007 2128 2117 0
1996 2007 2128 2117 1997 2008 2129 2118 0
1997 2008 2129 2118 1998 2009 2130 2119 0
1998 2009 2130 2119 1999 2010 2131 2120 0
1999 2010 2131 2120 840 841 852 851 0
830 831 820 819 2000 2011 2132 2121 0
2000 2011 2132 2121 2001 2012 2133 2122 0
2001 2012 2133 2122 2002 2013 2134 2123 0
2002 2013 2134 2123 2003 2014 2135 2124 0
2003 2014 2135 2124 2004 2015 2136 2125 0
2004 2015 2136 2125 2005 2016 2137 2126 0
2005 2016 2137 2126 2006 2017 2138 2127 0
2006 2017 2138 2127 2007 2018 2139 2128 0
2007 2018 2139 2128 2008 2019 2140 2129 0
2008 2019 2140 2129 2009 2020 2141 2130 0
2009 2020 2141 2130 2010 2021 2142 2131 0
2010 2021 2142 2131 841 842 853 852 0
831 832 821 820 2011 2022 2143 2132 0
2011 2022 2143 2132 2012 2023 2144 2133 0
2012 2023 2144 2133 2013 2024 2145 2134 0
2013 2024 2145 2134 2014 2025 2146 2135 0
2014 2025 2146 2135 2015 2026 2147 2136 0
2015 2026 2147 2136 2016 2027 2148 2137 0
2016 2027 2148 2137 2017 2028 2149 2138 0
2017 2028 2149 2138 2018 2029 2150 2139 0
2018 2029 2150 2139 2019 2030 2151 2140 0
2019 2030 2151 2140 2020 2031 2152 2141 0
2020 2031 2152 2141 2021 2032 2153 2142 0
2021 2032 2153 2142 842 843 854 853 0
832 833 822 821 2022 2033 2154 2143 0
2022 2033 2154 2143 2023 2034 2155 2144 0
2023 2034 2155 2144 2024 2035 2156 2145 0
2024 2035 2156 2145 2025 2036 2157 2146 0
2025 2036 2157 2146 2026 2037 2158 2147 0
2026 2037 2158 2147 2027 2038 2159 2148 0
2027 2038 2159 2148 2028 2039 2160 2149 0
2028 2039 2160 2149 2029 2040 2161 2150 0
2029 2040 2161 2150 2030 2041 2162 2151 0
2030 2041 2162 2151 2031 2042 2163 2152 0
2031 2042 2163 2152 2032 2043 2164 2153 0
2032 2043 2164 2153 843 844 855 854 0
833 404 403 822 2033 1922 1921 2154 0
2033 1922 1921 2154 2034 1889 1888 2155 0
2034 1889 1888 2155 2035 1856 1855 2156 0
2035 1856 1855 2156 2036 1823 1822 2157 0
2036 1823 1822 2157 2037 1790 1789 2158 0
2037 1790 1789 2158 2038 1757 1756 2159 0
2038 1757 1756 2159 2039 1724 1723 2160 0
2039 1724 1723 2160 2040 1691 1690 2161 0
2040 1691 1690 2161 2041 1658 1657 2162 0
2041 1658 1657 2162 2042 1625 1624 2163 0
2042 1625 1624 2163 2043 1592 1591 2164 0
2043 1592 1591 2164 844 470 469 855 0
370 812 801 369 1228 2044 2165 1227 0
1228 2044 2165 1227 1261 2045 2166 1260 0
1261 2045 2166 1260 1294 2046 2167 1293 0
1294 2046 2167 1293 1327 2047 2168 1326 0
1327 2047 2168 1326 1360 2048 2169 1359 0
1360 2048 2169 1359 1393 2049 2170 1392 0
1393 2049 2170 1392 1426 2050 2171 1425 0
1426 2050 2171 1425 1459 2051 2172 1458 0
1459 2051 2172 1458 1492 2052 2173 1491 0
1492 2052 2173 1491 1525 2053 2174 1524 0
1525 2053 2174 1524 1558 2054 2175 1557 0
1558 2054 2175 1557 436 845 856 435 0
812 813 802 801 2044 2055 2176 2165 0
2044 2055 2176 2165 2045 2056 2177 2166 0
2045 2056 2177 2166 2046 2057 2178 2167 0
2046 2057 2178 2167 2047 2058 2179 2168 0
2047 2058 2179 2168 2048 2059 2180 2169 0
2048 2059 2180 2169 2049 2060 2181 2170 0
2049 2060 2181 2170 2050 2061 2182 2171 0
2050 2061 2182 2171 2051 2062 2183 2172 0
2051 2062 2183 2172 2052 2063 2184 2173 0
2052 2063 2184 2173 2053 2064 2185 2174 0
2053 2064 2185 2174 2054 2065 2186 2175 0
2054 2065 2186 2175 845 846 857 856 0
813 814 803 802 2055 2066 2187 2176 0
2055 2066 2187 2176 2056 2067 2188 2177 0
2056 2067 2188 2177 2057 2068 2189 2178 0
2057 2068 2189 2178 2058 2069 2190 2179 0
2058 2069 2190 2179 2059 2070 2191 2180 0
2059 2070 2191 2180 2060 2071 2192 2181 0
2060 2071 2192 2181 2061 2072 2193 2182 0
2061 2072 2193 2182 2062 2073 2194 2183 0
2062 2073 2194 2183 2063 2074 2195 2184 0
2063 2074 2195 2184 2064 2075 2196 2185 0
2064 2075 2196 2185 2065 2076 2197 2186 0
2065 2076 2197 2186 846 847 858 857 0
814 815 804 803 2066 2077 2198 2187 0
2066 2077 2198 2187 2067 2078 2199 2188 0
2067 2078 2199 2188 2068 2079 2200 2189 0
2068 2079 2200 2189 2069 2080 2201 2190 0
2069 2080 2201 2190 2070 2081 2202 2191 0
2070 2081 2202 2191 2071 2082 2203 2192 0
2071 2082 2203 2192 2072 2083 2204 2193 0
2072 2083 2204 2193 2073 2084 2205 2194 0
2073 2084 2205 2194 2074 2085 2206 2195 0
2074 2085 2206 2195 2075 2086 2207 2196 0
2075 2086 2207 2196 2076 2087 2208 2197 0
2076 2087 2208 2197 847 848 859 858 0
815 816 805 804 2077 2088 2209 2198 0
2077 2088 2209 2198 2078 2089 2210 2199 0
2078 2089 2210 2199 2079 2090 2211 2200 0
2079 2090 2211 2200 2080 2091 2212 2201 0
2080 2091 2212 2201 2081 2092 2213 2202 0
2081 2092 2213 2202 2082 2093 2214 2203 0
2082 2093 2214 2203 2083 2094 2215 2204 0
2083 2094 2215 2204 2084 2095 2216 2205 0
2084 2095 2216 2205 2085 2096 2217 2206 0
2085 2096 2217 2206 2086 2097 2218 2207 0
2086 2097 2218 2207 2087 2098 2219 2208 0
2087 2098 2219 2208 848 849 860 859 0
816 817 806 805 2088 2099 2220 2209 0
2088 2099 2220 2209 2089 2100 2221 2210 0
2089 2100 2221 2210 2090 2101 2222 2211 0
2090 2101 2222 2211 2091 2102 2223 2212 0
2091 2102 2223 2212 2092 2103 2224 2213 0
2092 2103 2224 2213 2093 2104 2225 2214 0
2093 2104 2225 2214 2094 2105 2226 2215 0
2094 2105 2226 2215 2095 2106 2227 2216 0
2095 2106 2227 2216 2096 2107 2228 2217 0
2096 2107 2228 2217 2097 2108 2229 2218 0
2097 2108 2229 2218 2098 2109 2230 2219 0
2098 2109 2230 2219 849 850 861 860 0
817 818 807 806 2099 2110 2231 2220 0
2099 2110 2231 2220 2100 2111 2232 2221 0
2100 2111 2232 2221 2101 2112 2233 2222 0
2101 2112 2233 2222 2102 2113 2234 2223 0
2102 2113 2234 2223 2103 2114 2235 2224 0
2103 2114 2235 2224 2104 2115 2236 2225 0
2104 2115 2236 2225 2105 2116 2237 2226 0
2105 2116 2237 2226 2106 2117 2238 2227 0
2106 2117 2238 2227 2107 2118 2239 2228 0
2107 2118 2239 2228 2108 2119 2240 2229 0
2108 2119 2240 2229 2109 2120 2241 2230 0
2109 2120 2241 2230 850 851 862 861 0
818 819 808 807 2110 2121 2242 2231 0
2110 2121 2242 2231 2111 2122 2243 2232 0
2111 2122 2243 2232 2112 2123 2244 2233 0
2112 2123 2244 2233 2113 2124 2245 2234 0
2113 2124 2245 2234 2114 2125 2246 2235 0
2114 2125 2246 2235 2115 2126 2247 2236 0
2115 2126 2247 2236 2116 2127 2248 2237 0
2116 2127 2248 2237 2117 2128 2249 2238 0
2117 2128 2249 2238 2118 2129 2250 2239 0
2118 2129 2250 2239 2119 2130 2251 2240 0
2119 2130 2251 2240 2120 2131 2252 2241 0
2120 2131 2252 2241 851 852 863 862 0
819 820 809 808 2121 2132 2253 2242 0
2121 2132 2253 2242 2122 2133 2254 2243 0
2122 2133 2254 2243 2123 2134 2255 2244 0
2123 2134 2255 2244 2124 2135 2256 2245 0
2124 2135 2256 2245 2125 2136 2257 2246 0
2125 2136 2257 2246 2126 2137 2258 2247 0
2126 2137 2258 2247 2127 2138 2259 2248 0
2127 2138 2259 2248 2128 2139 2260 2249 0
2128 2139 2260 2249 2129 2140 2261 2250 0
2129 2140 2261 2250 2130 2141 2262 2251 0
2130 2141 2262 2251 2131 2142 2263 2252 0
2131 2142 2263 2252 852 853 864 863 0
820 821 810 809 2132 2143 2264 2253 0
2132 2143 2264 2253 2133 2144 2265 2254 0
2133 2144 2265 2254 2134 2145 2266 2255 0
2134 2145 2266 2255 2135 2146 2267 2256 0
2135 2146 2267 2256 2136 2147 2268 2257 0
2136 2147 2268 2257 2137 2148 2269 2258 0
2137 2148 2269 2258 2138 2149 2270 2259 0
2138 2149 2270 2259 2139 2150 2271 2260 0
2139 2150 2271 2260 2140 2151 2272 2261 0
2140 2151 2272 2261 2141 2152 2273 2262 0
2141 2152 2273 2262 2142 2153 2274 2263 0
2142 2153 2274 2263 853 854 865 864 0
821 822 811 810 2143 2154 2275 2264 0
2143 2154 2275 2264 2144 2155 2276 2265 0
2144 2155 2276 2265 2145 2156 2277 2266 0
2145 2156 2277 2266 2146 2157 2278 2267 0
2146 2157 2278 2267 2147 2158 2279 2268 0
2147 2158 2279 2268 2148 2159 2280 2269 0
2148 2159 2280 2269 2149 2160 2281 2270 0
2149 2160 2281 2270 2150 2161 2282 2271 0
2150 2161 2282 2271 2151 2162 2283 2272 0
2151 2162 2283 2272 2152 2163 2284 2273 0
2152 2163 2284 2273 2153 2164 2285 2274 0
2153 2164 2285 2274 854 855 866 865 0
822 403 402 811 2154 1921 1920 2275 0
2154 1921 1920 2275 2155 1888 1887 2276 0
2155 1888 1887 2276 2156 1855 1854 2277 0
2156 1855 1854 2277 2157 1822 1821 2278 0
2157 1822 1821 2278 2158 1789 1788 2279 0
2158 1789 1788 2279 2159 1756 1755 2280 0
2159 1756 1755 2280 2160 1723 1722 2281 0
2160 1723 1722 2281 2161 1690 1689 2282 0
2161 1690 1689 2282 2162 1657 1656 2283 0
2162 1657 1656 2283 2163 1624 1623 2284 0
2163 1624 1623 2284 2164 1591 1590 2285 0
2164 1591 1590 2285 855 469 468 866 0
369 801 790 368 1227 2165 2286 1226 0
1227 2165 2286 1226 1260 2166 2287 1259 0
1260 2166 2287 1259 1293 2167 2288 1292 0
1293 2167 2288 1292 1326 2168 2289 1325 0
1326 2168 2289 1325 1359 2169 2290 1358 0
1359 2169 2290 1358 1392 2170 2291 1391 0
1392 2170 2291 1391 1425 2171 2292 1424 0
1425 2171 2292 1424 1458 2172 2293 1457 0
1458 2172 2293 1457 1491 2173 2294 1490 0
1491 2173 2294 1490 1524 2174 2295 1523 0
1524 2174 2295 1523 1557 2175 2296 1556 0
1557 2175 2296 1556 435 856 867 434 0
801 802 791 790 2165 2176 2297 2286 0
2165 2176 2297 2286 2166 2177 2298 2287 0
2166 2177 2298 2287 2167 2178 2299 2288 0
2167 2178 2299 2288 2168 2179 2300 2289 0
2168 2179 2300 2289 2169 2180 2301 2290 0
2169 2180 2301 2290 2170 2181 2302 2291 0
2170 2181 2302 2291 2171 2182 2303 2292 0
2171 2182 2303 2292 2172 2183 2304 2293 0
2172 2183 2304 2293 2173 2184 2305 2294 0
2173 2184 2305 2294 2174 2185 2306 2295 0
2174 2185 2306 2295 2175 2186 2307 2296 0
2175 2186 2307 2296 856 857 868 867 0
802 803 792 791 2176 2187 2308 2297 0
2176 2187 2308 2297 2177 2188 2309 2298 0
2177 2188 2309 2298 2178 2189 2310 2299 0
2178 2189 2310 2299 2179 2190 2311 2300 0
2179 2190 2311 2300 2180 2191 2312 2301 0
2180 2191 2312 2301 2181 2192 2313 2302 0
2181 2192 2313 2302 2182 2193 2314 2303 0
2182 2193 2314 2303 2183 2194 2315 2304 0
2183 2194 2315 2304 2184 2195 2316 2305 0
2184 2195 2316 2305 2185 2196 2317 2306 0
2185 2196 2317 2306 2186 2197 2318 2307 0
2186 2197 2318 2307 857 858 869 868 0
803 804 793 792 2187 2198 2319 2308 0
2187 2198 2319 2308 2188 2199 2320 2309 0
2188 2199 2320 2309 2189 2200 2321 2310 0
2189 2200 2321 2310 2190 2201 2322 2311 0
2190 2201 2322 2311 2191 2202 2323 2312 0
2191 2202 2323 2312 2192 2203 2324 2313 0
2192 2203 2324 2313 2193 2204 2325 2314 0
2193 2204 2325 2314 2194 2205 2326 2315 0
2194 2205 2326 2315 2195 2206 2327 2316 0
2195 2206 2327 2316 2196 2207 2328 2317 0
2196 2207 2328 2317 2197 2208 2329 2318 0
2197 2208 2329 2318 858 859 870 869 0
804 805 794 793 2198 2209 2330 2319 0
2198 2209 2330 2319 2199 2210 2331 2320 0
2199 2210 2331 2320 2200 2211 2332 2321 0
2200 2211 2332 2321 2201 2212 2333 2322 0
2201 2212 2333 2322 2202 2213 2334 2323 0
2202 2213 2334 2323 2203 2214 2335 2324 0
2203 2214 2335 2324 2204 2215 2336 2325 0
2204 2215 2336 2325 2205 2216 2337 2326 0
2205 2216 2337 2326 2206 2217 2338 2327 0
2206 2217 2338 2327 2207 2218 2339 2328 0
2207 2218 2339 2328 2208 2219 2340 2329 0
2208 2219 2340 2329 859 860 871 870 0
805 806 795 794 2209 2220 2341 2330 0
2209 2220 2341 2330 2210 2221 2342 2331 0
2210 2221 2342 2331 2211 2222 2343 2332 0
2211 2222 2343 2332 2212 2223 2344 2333 0
2212 2223 2344 2333 2213 2224 2345 2334 0
2213 2224 2345 2334 2214 2225 2346 2335 0
2214 2225 2346 2335 2215 2226 2347 2336 0
2215 2226 2347 2336 2216 2227 2348 2337 0
2216 2227 2348 2337 2217 2228 2349 2338 0
2217 2228 2349 2338 2218 2229 2350 2339 0
2218 2229 2350 2339 2219 2230 2351 2340 0
2219 2230 2351 2340 860 861 872 871 0
806 807 796 795 2220 2231 2352 2341 0
2220 2231 2352 2341 2221 2232 2353 2342 0
2221 2232 2353 2342 2222 2233 2354 2343 0
2222 2233 2354 2343 2223 2234 2355 2344 0
2223 2234 2355 2344 2224 2235 2356 2345 0
2224 2235 2356 2345 2225 2236 2357 2346 0
2225 2236 2357 2346 2226 2237 2358 2347 0
2226 2237 2358 2347 2227 2238 2359 2348 0
2227 2238 2359 2348 2228 2239 2360 2349 0
2228 2239 2360 2349 2229 2240 2361 2350 0
2229 2240 2361 2350 2230 2241 2362 2351 0
2230 2241 2362 2351 861 862 873 872 0
807 808 797 796 2231 2242 2363 2352 0
2231 2242 2363 2352 2232 2243 2364 2353 0
2232 2243 2364 2353 2233 2244 2365 2354 0
2233 2244 2365 2354 2234 2245 2366 2355 0
2234 2245 2366 2355 2235 2246 2367 2356 0
2235 2246 2367 2356 2236 2247 2368 2357 0
2236 2247 2368 2357 2237 2248 2369 2358 0
2237 2248 2369 2358 2238 2249 2370 2359 0
2238 2249 2370 2359 2239 2250 2371 2360 0
2239 2250 2371 2360 2240 2251 2372 2361 0
2240 2251 2372 2361 2241 2252 2373 2362 0
2241 2252 2373 2362 862 863 874 873 0
808 809 798 797 2242 2253 2374 2363 0
2242 2253 2374 2363 2243 2254 2375 2364 0
2243 2254 2375 2364 2244 2255 2376 2365 0
2244 2255 2376 2365 2245 2256 2377 2366 0
2245 2256 2377 2366 2246 2257 2378 2367 0
2246 2257 2378 2367 2247 2258 2379 2368 0
2247 2258 2379 2368 2248 2259 2380 2369 0
2248 2259 2380 2369 2249 2260 2381 2370 0
2249 2260 2381 2370 2250 2261 2382 2371 0
2250 2261 2382 2371 2251 2262 2383 2372 0
2251 2262 2383 2372 2252 2263 2384 2373 0
2252 2263 2384 2373 863 864 875 874 0
809 810 799 798 2253 2264 2385 2374 0
2253 2264 2385 2374 2254 2265 2386 2375 0
2254 2265 2386 2375 2255 2266 2387 2376 0
2255 2266 2387 2376 2256 2267 2388 2377 0
2256 2267 2388 2377 2257 2268 2389 2378 0
2257 2268 2389 2378 2258 2269 2390 2379 0
2258 2269 2390 2379 2259 2270 2391 2380 0
2259 2270 2391 2380 2260 2271 2392 2381 0
2260 2271 2392 2381 2261 2272 2393 2382 0
2261 2272 2393 2382 2262 2273 2394 2383 0
2262 2273 2394 2383 2263 2274 2395 2384 0
2263 2274 2395 2384 864 865 876 875 0
810 811 800 799 2264 2275 2396 2385 0
2264 2275 2396 2385 2265 2276 2397 2386 0
2265 2276 2397 2386 2266 2277 2398 2387 0
2266 2277 2398 2387 2267 2278 2399 2388 0
2267 2278 2399 2388 2268 2279 2400 2389 0
2268 2279 2400 2389 2269 2280 2401 2390 0
2269 2280 2401 2390 2270 2281 2402 2391 0
2270 2281 2402 2391 2271 2282 2403 2392 0
2271 2282 2403 2392 2272 2283 2404 2393 0
2272 2283 2404 2393 2273 2284 2405 2394 0
2273 2284 2405 2394 2274 2285 2406 2395 0
2274 2285 2406 2395 865 866 877 876 0
811 402 401 800 2275 1920 1919 2396 0
2275 1920 1919 2396 2276 1887 1886 2397 0
2276 1887 1886 2397 2277 1854 1853 2398 0
2277 1854 1853 2398 2278 1821 1820 2399 0
2278 1821 1820 2399 2279 1788 1787 2400 0
2279 1788 1787 2400 2280 1755 1754 2401 0
2280 1755 1754 2401 2281 1722 1721 2402 0
2281 1722 1721 2402 2282 1689 1688 2403 0
2282 1689 1688 2403 2283 1656 1655 2404 0
2283 1656 1655 2404 2284 1623 1622 2405 0
2284 1623 1622 2405 2285 1590 1589 2406 0
2285 1590 1589 2406 866 468 467 877 0
368 790 779 367 1226 2286 2407 1225 0
1226 2286 2407 1225 1259 2287 2408 1258 0
1259 2287 2408 1258 1292 2288 2409 1291 0
1292 2288 2409 1291 1325 2289 2410 1324 0
1325 2289 2410 1324 1358 2290 2411 1357 0
1358 2290 2411 1357 1391 2291 2412 1390 0
1391 2291 2412 1390 1424 2292 2413 1423 0
1424 2292 2413 1423 1457 2293 2414 1456 0
1457 2293 2414 1456 1490 2294 2415 1489 0
1490 2294 2415 1489 1523 2295 2416 1522 0
1523 2295 2416 1522 1556 2296 2417 1555 0
1556 2296 2417 1555 434 867 878 433 0
790 791 780 779 2286 2297 2418 2407 0
2286 2297 2418 2407 2287 2298 2419 2408 0
2287 2298 2419 2408 2288 2299 2420 2409 0
2288 2299 2420 2409 2289 2300 2421 2410 0
2289 2300 2421 2410 2290 2301 2422 2411 0
2290 2301 2422 2411 2291 2302 2423 2412 0
2291 2302 2423 2412 2292 2303 2424 2413 0
2292 2303 2424 2413 2293 2304 2425 2414 0
2293 2304 2425 2414 2294 2305 2426 2415 0
2294 2305 2426 2415 2295 2306 2427 2416 0
2295 2306 2427 2416 2296 2307 2428 2417 0
2296 2307 2428 2417 867 868 879 878 0
791 792 781 780 2297 2308 2429 2418 0
2297 2308 2429 2418 2298 2309 2430 2419 0
2298 2309 2430 2419 2299 2310 2431 2420 0
2299 2310 2431 2420 2300 2311 2432 2421 0
2300 2311 2432 2421 2301 2312 2433 2422 0
2301 2312 2433 2422 2302 2313 2434 2423 0
2302 2313 2434 2423 2303 2314 2435 2424 0
2303 2314 2435 2424 2304 2315 2436 2425 0
2304 2315 2436 2425 2305 2316 2437 2426 0
2305 2316 2437 2426 2306 2317 2438 2427 0
2306 2317 2438 2427 2307 2318 2439 2428 0
2307 2318 2439 2428 868 869 880 879 0
792 793 782 781 2308 2319 2440 2429 0
2308 2319 2440 2429 2309 2320 2441 2430 0
2309 2320 2441 2430 2310 2321 2442 2431 0
2310 2321 2442 2431 2311 2322 2443 2432 0
2311 2322 2443 2432 2312 2323 2444 2433 0
2312 2323 2444 2433 2313 2324 2445 2434 0
2313 2324 2445 2434 2314 2325 2446 2435 0
2314 2325 2446 2435 2315 2326 2447 2436 0
2315 2326 2447 2436 2316 2327 2448 2437 0
2316 2327 2448 2437 2317 2328 2449 2438 0
2317 2328 2449 2438 2318 2329 2450 2439 0
2318 2329 2450 2439 869 870 881 880 0
793 794 783 782 2319 2330 2451 2440 0
2319 2330 2451 2440 2320 2331 2452 2441 0
2320 2331 2452 2441 2321 2332 2453 2442 0
2321 2332 2453 2442 2322 2333 2454 2443 0
2322 2333 2454 2443 2323 2334 2455 2444 0
2323 2334 2455 2444 2324 2335 2456 2445 0
2324 2335 2456 2445 2325 2336 2457 2446 0
2325 2336 2457 2446 2326 2337 2458 2447 0
2326 2337 2458 2447 2327 2338 2459 2448 0
2327 2338 2459 2448 2328 2339 2460 2449 0
2328 2339 2460 2449 2329 2340 2461 2450 0
2329 2340 2461 2450 870 871 882 881 0
794 795 784 783 2330 2341 2462 2451 0
2330 2341 2462 2451 2331 2342 2463 2452 0
2331 2342 2463 2452 2332 2343 2464 2453 0
2332 2343 2464 2453 2333 2344 2465 2454 0
2333 2344 2465 2454 2334 2345 2466 2455 0
2334 2345 2466 2455 2335 2346 2467 2456 0
2335 2346 2467 2456 2336 2347 2468 2457 0
2336 2347 2468 2457 2337 2348 2469 2458 0
2337 2348 2469 2458 2338 2349 2470 2459 0
2338 2349 2470 2459 2339 2350 2471 2460 0
2339 2350 2471 2460 2340 2351 2472 2461 0
2340 2351 2472 2461 871 872 883 882 0
795 796 785 784 2341 2352 2473 2462 0
2341 2352 2473 2462 2342 2353 2474 2463 0
2342 2353 2474 2463 2343 2354 2475 2464 0
2343 2354 2475 2464 2344 2355 2476 2465 0
2344 2355 2476 2465 2345 2356 2477 2466 0
2345 2356 2477 2466 2346 2357 2478 2467 0
2346 2357 2478 2467 2347 2358 2479 2468 0
2347 2358 2479 2468 2348 2359 2480 2469 0
2348 2359 2480 2469 2349 2360 2481 2470 0
2349 2360 2481 2470 2350 2361 2482 2471 0
2350 2361 2482 2471 2351 2362 2483 2472 0
2351 2362 2483 2472 872 873 884 883 0
796 797 786 785 2352 2363 2484 2473 0
2352 2363 2484 2473 2353 2364 2485 2474 0
2353 2364 2485 2474 2354 2365 2486 2475 0
2354 2365 2486 2475 2355 2366 2487 2476 0
2355 2366 2487 2476 2356 2367 2488 2477 0
2356 2367 2488 2477 2357 2368 2489 2478 0
2357 2368 2489 2478 2358 2369 2490 2479 0
2358 2369 2490 2479 2359 2370 2491 2480 0
2359 2370 2491 2480 2360 2371 2492 2481 0
2360 2371 2492 2481 2361 2372 2493 2482 0
2361 2372 2493 2482 2362 2373 2494 2483 0
2362 2373 2494 2483 873 874 885 884 0
797 798 787 786 2363 2374 2495 2484 0
2363 2374 2495 2484 2364 2375 2496 2485 0
2364 2375 2496 2485 2365 2376 2497 2486 0
2365 2376 2497 2486 2366 2377 2498 2487 0
2366 2377 2498 2487 2367 2378 2499 2488 0
2367 2378 2499 2488 2368 2379 2500 2489 0
2368 2379 2500 2489 2369 2380 2501 2490 0
2369 2380 2501 2490 2370 2381 2502 2491 0
2370 2381 2502 2491 2371 2382 2503 2492 0
2371 2382 2503 2492 2372 2383 2504 2493 0
2372 2383 2504 2493 2373 2384 2505 2494 0
2373 2384 2505 2494 874 875 886 885 0
798 799 788 787 2374 2385 2506 2495 0
2374 2385 2506 2495 2375 2386 2507 2496 0
2375 2386 2507 2496 2376 2387 2508 2497 0
2376 2387 2508 2497 2377 2388 2509 2498 0
2377 2388 2509 2498 2378 2389 2510 2499 0
2378 2389 2510 2499 2379 2390 2511 2500 0
2379 2390 2511 2500 2380 2391 2512 2501 0
2380 2391 2512 2501 2381 2392 2513 2502 0
2381 2392 2513 2502 2382 2393 2514 2503 0
2382 2393 2514 2503 2383 2394 2515 2504 0
2383 2394 2515 2504 2384 2395 2516 2505 0
2384 2395 2516 2505 875 876 887 886 0
799 800 789 788 2385 2396 2517 2506 0
2385 2396 2517 2506 2386 2397 2518 2507 0
2386 2397 2518 2507 2387 2398 2519 2508 0
2387 2398 2519 2508 2388 2399 2520 2509 0
2388 2399 2520 2509 2389 2400 2521 2510 0
2389 2400 2521 2510 2390 2401 2522 2511 0
2390 2401 2522 2511 2391 2402 2523 2512 0
2391 2402 2523 2512 2392 2403 2524 2513 0
2392 2403 2524 2513 2393 2404 2525 2514 0
2393 2404 2525 2514 2394 2405 2526 2515 0
2394 2405 2526 2515 2395 2406 2527 2516 0
2395 2406 2527 2516 876 877 888 887 0
800 401 400 789 2396 1919 1918 2517 0
2396 1919 1918 2517 2397 1886 1885 2518 0
2397 1886 1885 2518 2398 1853 1852 2519 0
2398 1853 1852 2519 2399 1820 1819 2520 0
2399 1820 1819 2520 2400 1787 1786 2521 0
2400 1787 1786 2521 2401 1754 1753 2522 0
2401 1754 1753 2522 2402 1721 1720 2523 0
2402 1721 1720 2523 2403 1688 1687 2524 0
2403 1688 1687 2524 2404 1655 1654 2525 0
2404 1655 1654 2525 2405 1622 1621 2526 0
2405 1622 1621 2526 2406 1589 1588 2527 0
2406 1589 1588 2527 877 467 466 888 0
367 779 768 366 1225 2407 2528 1224 0
1225 2407 2528 1224 1258 2408 2529 1257 0
1258 2408 2529 1257 1291 2409 2530 1290 0
1291 2409 2530 1290 1324 2410 2531 1323 0
1324 2410 2531 1323 1357 2411 2532 1356 0
1357 2411 2532 1356 1390 2412 2533 1389 0
1390 2412 2533 1389 1423 2413 2534 1422 0
1423 2413 2534 1422 1456 2414 2535 1455 0
1456 2414 2535 1455 1489 2415 2536 1488 0
1489 2415 2536 1488 1522 2416 2537 1521 0
1522 2416 2537 1521 1555 2417 2538 1554 0
1555 2417 2538 1554 433 878 889 432 0
779 780 769 768 2407 2418 2539 2528 0
2407 2418 2539 2528 2408 2419 2540 2529 0
2408 2419 2540 2529 2409 2420 2541 2530 0
2409 2420 2541 2530 2410 2421 2542 2531 0
2410 2421 2542 2531 2411 2422 2543 2532 0
2411 2422 2543 2532 2412 2423 2544 2533 0
2412 2423 2544 2533 2413 2424 2545 2534 0
2413 2424 2545 2534 2414 2425 2546 2535 0
2414 2425 2546 2535 2415 2426 2547 2536 0
2415 2426 2547 2536 2416 2427 2548 2537 0
2416 2427 2548 2537 2417 2428 2549 2538 0
2417 2428 2549 2538 878 879 890 889 0
780 781 770 769 2418 2429 2550 2539 0
2418 2429 2550 2539 2419 2430 2551 2540 0
2419 2430 2551 2540 2420 2431 2552 2541 0
2420 2431 2552 2541 2421 2432 2553 2542 0
2421 2432 2553 2542 2422 2433 2554 2543 0
2422 2433 2554 2543 2423 2434 2555 2544 0
2423 2434 2555 2544 2424 2435 2556 2545 0
2424 2435 2556 2545 2425 2436 2557 2546 0
2425 2436 2557 2546 2426 2437 2558 2547 0
2426 2437 2558 2547 2427 2438 2559 2548 0
2427 2438 2559 2548 2428 2439 2560 2549 0
2428 2439 2560 2549 879 880 891 890 0
781 782 771 770 2429 2440 2561 2550 0
2429 2440 2561 2550 2430 2441 2562 2551 0
2430 2441 2562 2551 2431 2442 2563 2552 0
2431 2442 2563 2552 2432 2443 2564 2553 0
2432 2443 2564 2553 2433 2444 2565 2554 0
2433 2444 2565 2554 2434 2445 2566 2555 0
2434 2445 2566 2555 2435 2446 2567 2556 0
2435 2446 2567 2556 2436 2447 2568 2557 0
2436 2447 2568 2557 2437 2448 2569 2558 0
2437 2448 2569 2558 2438 2449 2570 2559 0
2438 2449 2570 2559 2439 2450 2571 2560 0
2439 2450 2571 2560 880 881 892 891 0
782 783 772 771 2440 2451 2572 2561 0
2440 2451 2572 2561 2441 2452 2573 2562 0
2441 2452 2573 2562 2442 2453 2574 2563 0
2442 2453 2574 2563 2443 2454 2575 2564 0
2443 2454 2575 2564 2444 2455 2576 2565 0
2444 2455 2576 2565 2445 2456 2577 2566 0
2445 2456 2577 2566 2446 2457 2578 2567 0
2446 2457 2578 2567 2447 2458 2579 2568 0
2447 2458 2579 2568 2448 2459 2580 2569 0
2448 2459 2580 2569 2449 2460 2581 2570 0
2449 2460 2581 2570 2450 2461 2582 2571 0
2450 2461 2582 2571 881 882 893 892 0
783 784 773 772 2451 2462 2583 2572 0
2451 2462 2583 2572 2452 2463 2584 2573 0
2452 2463 2584 2573 2453 2464 2585 2574 0
2453 2464 2585 2574 2454 2465 2586 2575 0
2454 2465 2586 2575 2455 2466 2587 2576 0
2455 2466 2587 2576 2456 2467 2588 2577 0
2456 2467 2588 2577 2457 2468 2589 2578 0
2457 2468 2589 2578 2458 2469 2590 2579 0
2458 2469 2590 2579 2459 2470 2591 2580 0
2459 2470 2591 2580 2460 2471 2592 2581 0
2460 2471 2592 2581 2461 2472 2593 2582 0
2461 2472 2593 2582 882 883 894 893 0
784 785 774 773 2462 2473 2594 2583 0
2462 2473 2594 2583 2463 2474 2595 2584 0
2463 2474 2595 2584 2464 2475 2596 2585 0
2464 2475 2596 2585 2465 2476 2597 2586 0
2465 2476 2597 2586 2466 2477 2598 2587 0
2466 2477 2598 2587 2467 2478 2599 2588 0
2467 2478 2599 2588 2468 2479 2600 2589 0
2468 2479 2600 2589 2469 2480 2601 2590 0
2469 2480 2601 2590 2470 2481 2602 2591 0
2470 2481 2602 2591 2471 2482 2603 2592 0
2471 2482 2603 2592 2472 2483 2604 2593 0
2472 2483 2604 2593 883 884 895 894 0
785 786 775 774 2473 2484 2605 2594 0
2473 2484 2605 2594 2474 2485 2606 2595 0
2474 2485 2606 2595 2475 2486 2607 2596 0
2475 2486 2607 2596 2476 2487 2608 2597 0
2476 2487 2608 2597 2477 2488 2609 2598 0
2477 2488 2609 2598 2478 2489 2610 2599 0
2478 2489 2610 2599 2479 2490 2611 2600 0
2479 2490 2611 2600 2480 2491 2612 2601 0
2480 2491 2612 2601 2481 2492 2613 2602 0
2481 2492 2613 2602 2482 2493 2614 2603 0
2482 2493 2614 2603 2483 2494 2615 2604 0
2483 2494 2615 2604 884 885 896 895 0
786 787 776 775 2484 2495 2616 2605 0
2484 2495 2616 2605 2485 2496 2617 2606 0
2485 2496 2617 2606 2486 2497 2618 2607 0
2486 2497 2618 2607 2487 2498 2619 2608 0
2487 2498 2619 2608 2488 2499 2620 2609 0
2488 2499 2620 2609 2489 2500 2621 2610 0
2489 2500 2621 2610 2490 2501 2622 2611 0
2490 2501 2622 2611 2491 2502 2623 2612 0
2491 2502 2623 2612 2492 2503 2624 2613 0
2492 2503 2624 2613 2493 2504 2625 2614 0
2493 2504 2625 2614 2494 2505 2626 2615 0
2494 2505 2626 2615 885 886 897 896 0
787 788 777 776 2495 2506 2627 2616 0
2495 2506 2627 2616 2496 2507 2628 2617 0
2496 2507 2628 2617 2497 2508 2629 2618 0
2497 2508 2629 2618 2498 2509 2630 2619 0
2498 2509 2630 2619 2499 2510 2631 2620 0
2499 2510 2631 2620 2500 2511 2632 2621 0
2500 2511 2632 2621 2501 2512 2633 2622 0
2501 2512 2633 2622 2502 2513 2634 2623 0
2502 2513 2634 2623 2503 2514 2635 2624 0
2503 2514 2635 2624 2504 2515 2636 2625 0
2504 2515 2636 2625 2505 2516 2637 2626 0
2505 2516 2637 2626 886 887 898 897 0
788 789 778 777 2506 2517 2638 2627 0
2506 2517 2638 2627 2507 2518 2639 2628 0
2507 2518 2639 2628 2508 2519 2640 2629 0
2508 2519 2640 2629 2509 2520 2641 2630 0
2509 2520 2641 2630 2510 2521 2642 2631 0
2510 2521 2642 2631 2511 2522 2643 2632 0
2511 2522 2643 2632 2512 2523 2644 2633 0
2512 2523 2644 2633 2513 2524 2645 2634 0
2513 2524 2645 2634 2514 2525 2646 2635 0
2514 2525 2646 2635 2515 2526 2647 2636 0
2515 2526 2647 2636 2516 2527 2648 2637 0
2516 2527 2648 2637 887 888 899 898 0
789 400 399 778 2517 1918 1917 2638 0
2517 1918 1917 2638 2518 1885 1884 2639 0
2518 1885 1884 2639 2519 1852 1851 2640 0
2519 1852 1851 2640 2520 1819 1818 2641 0
2520 1819 1818 2641 2521 1786 1785 2642 0
2521 1786 1785 2642 2522 1753 1752 2643 0
2522 1753 1752 2643 2523 1720 1719 2644 0
2523 1720 1719 2644 2524 1687 1686 2645 0
2524 1687 1686 2645 2525 1654 1653 2646 0
2525 1654 1653 2646 2526 1621 1620 2647 0
2526 1621 1620 2647 2527 1588 1587 2648 0
2527 1588 1587 2648 888 466 465 899 0
366 768 757 365 1224 2528 2649 1223 0
1224 2528 2649 1223 1257 2529 2650 1256 0
1257 2529 2650 1256 1290 2530 2651 1289 0
1290 2530 2651 1289 1323 2531 2652 1322 0
1323 2531 2652 1322 1356 2532 2653 1355 0
1356 2532 2653 1355 1389 2533 2654 1388 0
1389 2533 2654 1388 1422 2534 2655 1421 0
1422 2534 2655 1421 1455 2535 2656 1454 0
1455 2535 2656 1454 1488 2536 2657 1487 0
1488 2536 2657 1487 1521 2537 2658 1520 0
1521 2537 2658 1520 1554 2538 2659 1553 0
1554 2538 2659 1553 432 889 900 431 0
768 769 758 757 2528 2539 2660 2649 0
2528 2539 2660 2649 2529 2540 2661 2650 0
2529 2540 2661 2650 2530 2541 2662 2651 0
2530 2541 2662 2651 2531 2542 2663 2652 0
2531 2542 2663 2652 2532 2543 2664 2653 0
2532 2543 2664 2653 2533 2544 2665 2654 0
2533 2544 2665 2654 2534 2545 2666 2655 0
2534 2545 2666 2655 2535 2546 2667 2656 0
2535 2546 2667 2656 2536 2547 2668 2657 0
2536 2547 2668 2657 2537 2548 2669 2658 0
2537 2548 2669 2658 2538 2549 2670 2659 0
2538 2549 2670 2659 889 890 901 900 0
769 770 759 758 2539 2550 2671 2660 0
2539 2550 2671 2660 2540 2551 2672 2661 0
2540 2551 2672 2661 2541 2552 2673 2662 0
2541 2552 2673 2662 2542 2553 2674 2663 0
2542 2553 2674 2663 2543 2554 2675 2664 0
2543 2554 2675 2664 2544 2555 2676 2665 0
2544 2555 2676 2665 2545 2556 2677 2666 0
2545 2556 2677 2666 2546 2557 2678 2667 0
2546 2557 2678 2667 2547 2558 2679 2668 0
2547 2558 2679 2668 2548 2559 2680 2669 0
2548 2559 2680 2669 2549 2560 2681 2670 0
2549 2560 2681 2670 890 891 902 901 0
770 771 760 759 2550 2561 2682 2671 0
2550 2561 2682 2671 2551 2562 2683 2672 0
2551 2562 2683 2672 2552 2563 2684 2673 0
2552 2563 2684 2673 2553 2564 2685 2674 0
2553 2564 2685 2674 2554 2565 2686 2675 0
2554 2565 2686 2675 2555 2566 2687 2676 0
2555 2566 2687 2676 2556 2567 2688 2677 0
2556 2567 2688 2677 2557 2568 2689 2678 0
2557 2568 2689 2678 2558 2569 2690 2679 0
2558 2569 2690 2679 2559 2570 2691 2680 0
2559 2570 2691 2680 2560 2571 2692 2681 0
2560 2571 2692 2681 891 892 903 902 0
771 772 761 760 2561 2572 2693 2682 0
2561 2572 2693 2682 2562 2573 2694 2683 0
2562 2573 2694 2683 2563 2574 2695 2684 0
2563 2574 2695 2684 2564 2575 2696 2685 0
2564 2575 2696 2685 2565 2576 2697 2686 0
2565 2576 2697 2686 2566 2577 2698 2687 0
2566 2577 2698 2687 2567 2578 2699 2688 0
2567 2578 2699 2688 2568 2579 2700 2689 0
2568 2579 2700 2689 2569 2580 2701 2690 0
2569 2580 2701 2690 2570 2581 2702 2691 0
2570 2581 2702 2691 2571 2582 2703 2692 0
2571 2582 2703 2692 892 893 904 903 0
772 773 762 761 2572 2583 2704 2693 0
2572 2583 2704 2693 2573 2584 2705 2694 0
2573 2584 2705 2694 2574 2585 2706 2695 0
2574 2585 2706 2695 2575 2586 2707 2696 0
2575 2586 2707 2696 2576 2587 2708 2697 0
2576 2587 2708 2697 2577 2588 2709 2698 0
2577 2588 2709 2698 2578 2589 2710 2699 0
2578 2589 2710 2699 2579 2590 2711 2700 0
2579 2590 2711 2700 2580 2591 2712 2701 0
2580 2591 2712 2701 2581 2592 2713 2702 0
2581 2592 2713 2702 2582 2593 2714 2703 0
2582 2593 2714 2703 893 894 905 904 0
773 774 763 762 2583 2594 2715 2704 0
2583 2594 2715 2704 2584 2595 2716 2705 0
2584 2595 2716 2705 2585 2596 2717 2706 0
2585 2596 2717 2706 2586 2597 2718 2707 0
2586 2597 2718 2707 2587 2598 2719 2708 0
2587 2598 2719 2708 2588 2599 2720 2709 0
2588 2599 2720 2709 2589 2600 2721 2710 0
2589 2600 2721 2710 2590 2601 2722 2711 0
2590 2601 2722 2711 2591 2602 2723 2712 0
2591 2602 2723 2712 2592 2603 2724 2713 0
2592 2603 2724 2713 2593 2604 2725 2714 0
2593 2604 2725 2714 894 895 906 905 0
774 775 764 763 2594 2605 2726 2715 0
2594 2605 2726 2715 2595 2606 2727 2716 0
2595 2606 2727 2716 2596 2607 2728 2717 0
2596 2607 2728 2717 2597 2608 2729 2718 0
2597 2608 2729 2718 2598 2609 2730 2719 0
2598 2609 2730 2719 2599 2610 2731 2720 0
2599 2610 2731 2720 2600 2611 2732 2721 0
2600 2611 2732 2721 2601 2612 2733 2722 0
2601 2612 2733 2722 2602 2613 2734 2723 0
2602 2613 2734 2723 2603 2614 2735 2724 0
2603 2614 2735 2724 2604 2615 2736 2725 0
2604 2615 2736 2725 895 896 907 906 0
775 776 765 764 2605 2616 2737 2726 0
2605 2616 2737 2726 2606 2617 2738 2727 0
2606 2617 2738 2727 2607 2618 2739 2728 0
2607 2618 2739 2728 2608 2619 2740 2729 0
2608 2619 2740 2729 2609 2620 2741 2730 0
2609 2620 2741 2730 2610 2621 2742 2731 0
2610 2621 2742 2731 2611 2622 2743 2732 0
2611 2622 2743 2732 2612 2623 2744 2733 0
2612 2623 2744 2733 2613 2624 2745 2734 0
2613 2624 2745 2734 2614 2625 2746 2735 0
2614 2625 2746 2735 2615 2626 2747 2736 0
2615 2626 2747 2736 896 897 908 907 0
776 777 766 765 2616 2627 2748 2737 0
2616 2627 2748 2737 2617 2628 2749 2738 0
2617 2628 2749 2738 2618 2629 2750 2739 0
2618 2629 2750 2739 2619 2630 2751 2740 0
2619 2630 2751 2740 2620 2631 2752 2741 0
2620 2631 2752 2741 2621 2632 2753 2742 0
2621 2632 2753 2742 2622 2633 2754 2743 0
2622 2633 2754 2743 2623 2634 2755 2744 0
2623 2634 2755 2744 2624 2635 2756 2745 0
2624 2635 2756 2745 2625 2636 2757 2746 0
2625 2636 2757 2746 2626 2637 2758 2747 0
2626 2637 2758 2747 897 898 909 908 0
777 778 767 766 2627 2638 2759 2748 0
2627 2638 2759 2748 2628 2639 2760 2749 0
2628 2639 2760 2749 2629 2640 2761 2750 0
2629 2640 2761 2750 2630 2641 2762 2751 0
2630 2641 2762 2751 2631 2642 2763 2752 0
2631 2642 2763 2752 2632 2643 2764 2753 0
2632 2643 2764 2753 2633 2644 2765 2754 0
2633 2644 2765 2754 2634 2645 2766 2755 0
2634 2645 2766 2755 2635 2646 2767 2756 0
2635 2646 2767 2756 2636 2647 2768 2757 0
2636 2647 2768 2757 2637 2648 2769 2758 0
2637 2648 2769 2758 898 899 910 909 0
778 399 398 767 2638 1917 1916 2759 0
2638 1917 1916 2759 2639 1884 1883 2760 0
2639 1884 1883 2760 2640 1851 1850 2761 0
2640 1851 1850 2761 2641 1818 1817 2762 0
2641 1818 1817 2762 2642 1785 1784 2763 0
2642 1785 1784 2763 2643 1752 1751 2764 0
2643 1752 1751 2764 2644 1719 1718 2765 0
2644 1719 1718 2765 2645 1686 1685 2766 0
2645 1686 1685 2766 2646 1653 1652 2767 0
2646 1653 1652 2767 2647 1620 1619 2768 0
2647 1620 1619 2768 2648 1587 1586 2769 0
2648 1587 1586 2769 899 465 464 910 0
365 757 746 364 1223 2649 2770 1222 0
1223 2649 2770 1222 1256 2650 2771 1255 0
1256 2650 2771 1255 1289 2651 2772 1288 0
1289 2651 2772 1288 1322 2652 2773 1321 0
1322 2652 2773 1321 1355 2653 2774 1354 0
1355 2653 2774 1354 1388 2654 2775 1387 0
1388 2654 2775 1387 1421 2655 2776 1420 0
1421 2655 2776 1420 1454 2656 2777 1453 0
1454 2656 2777 1453 1487 2657 2778 1486 0
1487 2657 2778 1486 1520 2658 2779 1519 0
1520 2658 2779 1519 1553 2659 2780 1552 0
1553 2659 2780 1552 431 900 911 430 0
757 758 747 746 2649 2660 2781 2770 0
2649 2660 2781 2770 2650 2661 2782 2771 0
2650 2661 2782 2771 2651 2662 2783 2772 0
2651 2662 2783 2772 2652 2663 2784 2773 0
2652 2663 2784 2773 2653 2664 2785 2774 0
2653 2664 2785 2774 2654 2665 2786 2775 0
2654 2665 2786 2775 2655 2666 2787 2776 0
2655 2666 2787 2776 2656 2667 2788 2777 0
2656 2667 2788 2777 2657 2668 2789 2778 0
2657 2668 2789 2778 2658 2669 2790 2779 0
2658 2669 2790 2779 2659 2670 2791 2780 0
2659 2670 2791 2780 900 901 912 911 0
758 759 748 747 2660 2671 2792 2781 0
2660 2671 2792 2781 2661 2672 2793 2782 0
2661 2672 2793 2782 2662 2673 2794 2783 0
2662 2673 2794 2783 2663 2674 2795 2784 0
2663 2674 2795 2784 2664 2675 2796 2785 0
2664 2675 2796 2785 2665 2676 2797 2786 0
2665 2676 2797 2786 2666 2677 2798 2787 0
2666 2677 2798 2787 2667 2678 2799 2788 0
2667 2678 2799 2788 2668 2679 2800 2789 0
2668 2679 2800 2789 2669 2680 2801 2790 0
2669 2680 2801 2790 2670 2681 2802 2791 0
2670 2681 2802 2791 901 902 913 912 0
759 760 749 748 2671 2682 2803 2792 0
2671 2682 2803 2792 2672 2683 2804 2793 0
2672 2683 2804 2793 2673 2684 2805 2794 0
2673 2684 2805 2794 2674 2685 2806 2795 0
2674 2685 2806 2795 2675 2686 2807 2796 0
2675 2686 2807 2796 2676 2687 2808 2797 0
2676 2687 2808 2797 2677 2688 2809 2798 0
2677 2688 2809 2798 2678 2689 2810 2799 0
2678 2689 2810 2799 2679 2690 2811 2800 0
2679 2690 2811 2800 2680 2691 2812 2801 0
2680 2691 2812 2801 2681 2692 2813 2802 0
2681 2692 2813 2802 902 903 914 913 0
760 761 750 749 2682 2693 2814 2803 0
2682 2693 2814 2803 2683 2694 2815 2804 0
2683 2694 2815 2804 2684 2695 2816 2805 0
2684 2695 2816 2805 2685 2696 2817 2806 0
2685 2696 2817 2806 2686 2697 2818 2807 0
2686 2697 2818 2807 2687 2698 2819 2808 0
2687 2698 2819 2808 2688 2699 2820 2809 0
2688 2699 2820 2809 2689 2700 2821 2810 0
2689 2700 2821 2810 2690 2701 2822 2811 0
2690 2701 2822 2811 2691 2702 2823 2812 0
2691 2702 2823 2812 2692 2703 2824 2813 0
2692 2703 2824 2813 903 904 915 914 0
761 762 751 750 2693 2704 2825 2814 0
2693 2704 2825 2814 2694 2705 2826 2815 0
2694 2705 2826 2815 2695 2706 2827 2816 0
2695 2706 2827 2816 2696 2707 2828 2817 0
2696 2707 2828 2817 2697 2708 2829 2818 0
2697 2708 2829 2818 2698 2709 2830 2819 0
2698 2709 2830 2819 2699 2710 2831 2820 0
2699 2710 2831 2820 2700 2711 2832 2821 0
2700 2711 2832 2821 2701 2712 2833 2822 0
2701 2712 2833 2822 2702 2713 2834 2823 0
2702 2713 2834 2823 2703 2714 2835 2824 0
2703 2714 2835 2824 904 905 916 915 0
762 763 752 751 2704 2715 2836 2825 0
2704 2715 2836 2825 2705 2716 2837 2826 0
2705 2716 2837 2826 2706 2717 2838 2827 0
2706 2717 2838 2827 2707 2718 2839 2828 0
2707 2718 2839 2828 2708 2719 2840 2829 0
2708 2719 2840 2829 2709 2720 2841 2830 0
2709 2720 2841 2830 2710 2721 2842 2831 0
2710 2721 2842 2831 2711 2722 2843 2832 0
2711 2722 2843 2832 2712 2723 2844 2833 0
2712 2723 2844 2833 2713 2724 2845 2834 0
2713 2724 2845 2834 2714 2725 2846 2835 0
2714 2725 2846 2835 905 906 917 916 0
763 764 753 752 2715 2726 2847 2836 0
2715 2726 2847 2836 2716 2727 2848 2837 0
2716 2727 2848 2837 2717 2728 2849 2838 0
2717 2728 2849 2838 2718 2729 2850 2839 0
2718 2729 2850 2839 2719 2730 2851 2840 0
2719 2730 2851 2840 2720 2731 2852 2841 0
2720 2731 2852 2841 2721 2732 2853 2842 0
2721 2732 2853 2842 2722 2733 2854 2843 0
2722 2733 2854 2843 2723 2734 2855 2844 0
2723 2734 2855 2844 2724 2735 2856 2845 0
2724 2735 2856 2845 2725 2736 2857 2846 0
2725 2736 2857 2846 906 907 918 917 0
764 765 754 753 2726 2737 2858 2847 0
2726 2737 2858 2847 2727 2738 2859 2848 0
2727 2738 2859 2848 2728 2739 2860 2849 0
2728 2739 2860 2849 2729 2740 2861 2850 0
2729 2740 2861 2850 2730 2741 2862 2851 0
2730 2741 2862 2851 2731 2742 2863 2852 0
2731 2742 2863 2852 2732 2743 2864 2853 0
2732 2743 2864 2853 2733 2744 2865 2854 0
2733 2744 2865 2854 2734 2745 2866 2855 0
2734 2745 2866 2855 2735 2746 2867 2856 0
2735 2746 2867 2856 2736 2747 2868 2857 0
2736 2747 2868 2857 907 908 919 918 0
765 766 755 754 2737 2748 2869 2858 0
2737 2748 2869 2858 2738 2749 2870 2859 0
2738 2749 2870 2859 2739 2750 2871 2860 0
2739 2750 2871 2860 2740 2751 2872 2861 0
2740 2751 2872 2861 2741 2752 2873 2862 0
2741 2752 2873 2862 2742 2753 2874 2863 0
2742 2753 2874 2863 2743 2754 2875 2864 0
2743 2754 2875 2864 2744 2755 2876 2865 0
2744 2755 2876 2865 2745 2756 2877 2866 0
2745 2756 2877 2866 2746 2757 2878 2867 0
2746 2757 2878 2867 2747 2758 2879 2868 0
2747 2758 2879 2868 908 909 920 919 0
766 767 756 755 2748 2759 2880 2869 0
2748 2759 2880 2869 2749 2760 2881 2870 0
2749 2760 2881 2870 2750 2761 2882 2871 0
2750 2761 2882 2871 2751 2762 2883 2872 0
2751 2762 2883 2872 2752 2763 2884 2873 0
2752 2763 2884 2873 2753 2764 2885 2874 0
2753 2764 2885 2874 2754 2765 2886 2875 0
2754 2765 2886 2875 2755 2766 2887 2876 0
2755 2766 2887 2876 2756 2767 2888 2877 0
2756 2767 2888 2877 2757 2768 2889 2878 0
2757 2768 2889 2878 2758 2769 2890 2879 0
2758 2769 2890 2879 909 910 921 920 0
767 398 397 756 2759 1916 1915 2880 0
2759 1916 1915 2880 2760 1883 1882 2881 0
2760 1883 1882 2881 2761 1850 1849 2882 0
2761 1850 1849 2882 2762 1817 1816 2883 0
2762 1817 1816 2883 2763 1784 1783 2884 0
2763 1784 1783 2884 2764 1751 1750 2885 0
2764 1751 1750 2885 2765 1718 1717 2886 0
2765 1718 1717 2886 2766 1685 1684 2887 0
2766 1685 1684 2887 2767 1652 1651 2888 0
2767 1652 1651 2888 2768 1619 1618 2889 0
2768 1619 1618 2889 2769 1586 1585 2890 0
2769 1586 1585 2890 910 464 463 921 0
364 746 735 363 1222 2770 2891 1221 0
1222 2770 2891 1221 1255 2771 2892 1254 0
1255 2771 2892 1254 1288 2772 2893 1287 0
1288 2772 2893 1287 1321 2773 2894 1320 0
1321 2773 2894 1320 1354 2774 2895 1353 0
1354 2774 2895 1353 1387 2775 2896 1386 0
1387 2775 2896 1386 1420 2776 2897 1419 0
1420 2776 2897 1419 1453 2777 2898 1452 0
1453 2777 2898 1452 1486 2778 2899 1485 0
1486 2778 2899 1485 1519 2779 2900 1518 0
1519 2779 2900 1518 1552 2780 2901 1551 0
1552 2780 2901 1551 430 911 922 429 0
746 747 736 735 2770 2781 2902 2891 0
2770 2781 2902 2891 2771 2782 2903 2892 0
2771 2782 2903 2892 2772 2783 2904 2893 0
2772 2783 2904 2893 2773 2784 2905 2894 0
2773 2784 2905 2894 2774 2785 2906 2895 0
2774 2785 2906 2895 2775 2786 2907 2896 0
2775 2786 2907 2896 2776 2787 2908 2897 0
2776 2787 2908 2897 2777 2788 2909 2898 0
2777 2788 2909 2898 2778 2789 2910 2899 0
2778 2789 2910 2899 2779 2790 2911 2900 0
2779 2790 2911 2900 2780 2791 2912 2901 0
2780 2791 2912 2901 911 912 923 922 0
747 748 737 736 2781 2792 2913 2902 0
2781 2792 2913 2902 2782 2793 2914 2903 0
2782 2793 2914 2903 2783 2794 2915 2904 0
2783 2794 2915 2904 2784 2795 2916 2905 0
2784 2795 2916 2905 2785 2796 2917 2906 0
2785 2796 2917 2906 2786 2797 2918 2907 0
2786 2797 2918 2907 2787 2798 2919 2908 0
2787 2798 2919 2908 2788 2799 2920 2909 0
2788 2799 2920 2909 2789 2800 2921 2910 0
2789 2800 2921 2910 2790 2801 2922 2911 0
2790 2801 2922 2911 2791 2802 2923 2912 0
2791 2802 2923 2912 912 913 924 923 0
748 749 738 737 2792 2803 2924 2913 0
2792 2803 2924 2913 2793 2804 2925 2914 0
2793 2804 2925 2914 2794 2805 2926 2915 0
2794 2805 2926 2915 2795 2806 2927 2916 0
2795 2806 2927 2916 2796 2807 2928 2917 0
2796 2807 2928 2917 2797 2808 2929 2918 0
2797 2808 2929 2918 2798 2809 2930 2919 0
2798 2809 2930 2919 2799 2810 2931 2920 0
2799 2810 2931 2920 2800 2811 2932 2921 0
2800 2811 2932 2921 2801 2812 2933 2922 0
2801 2812 2933 2922 2802 2813 2934 2923 0
2802 2813 2934 2923 913 914 925 924 0
749 750 739 738 2803 2814 2935 2924 0
2803 2814 2935 2924 2804 2815 2936 2925 0
2804 2815 2936 2925 2805 2816 2937 2926 0
2805 2816 2937 2926 2806 2817 2938 2927 0
2806 2817 2938 2927 2807 2818 2939 2928 0
2807 2818 2939 2928 2808 2819 2940 2929 0
2808 2819 2940 2929 2809 2820 2941 2930 0
2809 2820 2941 2930 2810 2821 2942 2931 0
2810 2821 2942 2931 2811 2822 2943 2932 0
2811 2822 2943 2932 2812 2823 2944 2933 0
2812 2823 2944 2933 2813 2824 2945 2934 0
2813 2824 2945 2934 914 915 926 925 0
750 751 740 739 2814 2825 2946 2935 0
2814 2825 2946 2935 2815 2826 2947 2936 0
2815 2826 2947 2936 2816 2827 2948 2937 0
2816 2827 2948 2937 2817 2828 2949 2938 0
2817 2828 2949 2938 2818 2829 2950 2939 0
2818 2829 2950 2939 2819 2830 2951 2940 0
2819 2830 2951 2940 2820 2831 2952 2941 0
2820 2831 2952 2941 2821 2832 2953 2942 0
2821 2832 2953 2942 2822 2833 2954 2943 0
2822 2833 2954 2943 2823 2834 2955 2944 0
2823 2834 2955 2944 2824 2835 2956 2945 0
2824 2835 2956 2945 915 916 927 926 0
751 752 741 740 2825 2836 2957 2946 0
2825 2836 2957 2946 2826 2837 2958 2947 0
2826 2837 2958 2947 2827 2838 2959 2948 0
2827 2838 2959 2948 2828 2839 2960 2949 0
2828 2839 2960 2949 2829 2840 2961 2950 0
2829 2840 2961 2950 2830 2841 2962 2951 0
2830 2841 2962 2951 2831 2842 2963 2952 0
2831 2842 2963 2952 2832 2843 2964 2953 0
2832 2843 2964 2953 2833 2844 2965 2954 0
2833 2844 2965 2954 2834 2845 2966 2955 0
2834 2845 2966 2955 2835 2846 2967 2956 0
2835 2846 2967 2956 916 917 928 927 0
752 753 742 741 2836 2847 2968 2957 0
2836 2847 2968 2957 2837 2848 2969 2958 0
2837 2848 2969 2958 2838 2849 2970 2959 0
2838 2849 2970 2959 2839 2850 2971 2960 0
2839 2850 2971 2960 2840 2851 2972 2961 0
2840 2851 2972 2961 2841 2852 2973 2962 0
2841 2852 2973 2962 2842 2853 2974 2963 0
2842 2853 2974 2963 2843 2854 2975 2964 0
2843 2854 2975 2964 2844 2855 2976 2965 0
2844 2855 2976 2965 2845 2856 2977 2966 0
2845 2856 2977 2966 2846 2857 2978 2967 0
2846 2857 2978 2967 917 918 929 928 0
753 754 743 742 2847 2858 2979 2968 0
2847 2858 2979 2968 2848 2859 2980 2969 0
2848 2859 2980 2969 2849 2860 2981 2970 0
2849 2860 2981 2970 2850 2861 2982 2971 0
2850 2861 2982 2971 2851 2862 2983 2972 0
2851 2862 2983 2972 2852 2863 2984 2973 0
2852 2863 2984 2973 2853 2864 2985 2974 0
2853 2864 2985 2974 2854 2865 2986 2975 0
2854 2865 2986 2975 2855 2866 2987 2976 0
2855 2866 2987 2976 2856 2867 2988 2977 0
2856 2867 2988 2977 2857 2868 2989 2978 0
2857 2868 2989 2978 918 919 930 929 0
754 755 744 743 2858 2869 2990 2979 0
2858 2869 2990 2979 2859 2870 2991 2980 0
2859 2870 2991 2980 2860 2871 2992 2981 0
2860 2871 2992 2981 2861 2872 2993 2982 0
2861 2872 2993 2982 2862 2873 2994 2983 0
2862 2873 2994 2983 2863 2874 2995 2984 0
2863 2874 2995 2984 2864 2875 2996 2985 0
2864 2875 2996 2985 2865 2876 2997 2986 0
2865 2876 2997 2986 2866 2877 2998 2987 0
2866 2877 2998 2987 2867 2878 2999 2988 0
2867 2878 2999 2988 2868 2879 3000 2989 0
2868 2879 3000 2989 919 920 931 930 0
755 756 745 744 2869 2880 3001 2990 0
2869 2880 3001 2990 2870 2881 3002 2991 0
2870 2881 3002 2991 2871 2882 3003 2992 0
2871 2882 3003 2992 2872 2883 3004 2993 0
2872 2883 3004 2993 2873 2884 3005 2994 0
2873 2884 3005 2994 2874 2885 3006 2995 0
2874 2885 3006 2995 2875 2886 3007 2996 0
2875 2886 3007 2996 2876 2887 3008 2997 0
2876 2887 3008 2997 2877 2888 3009 2998 0
2877 2888 3009 2998 2878 2889 3010 2999 0
2878 2889 3010 2999 2879 2890 3011 3000 0
2879 2890 3011 3000 920 921 932 931 0
756 397 396 745 2880 1915 1914 3001 0
2880 1915 1914 3001 2881 1882 1881 3002 0
2881 1882 1881 3002 2882 1849 1848 3003 0
2882 1849 1848 3003 2883 1816 1815 3004 0
2883 1816 1815 3004 2884 1783 1782 3005 0
2884 1783 1782 3005 2885 1750 1749 3006 0
2885 1750 1749 3006 2886 1717 1716 3007 0
2886 1717 1716 3007 2887 1684 1683 3008 0
2887 1684 1683 3008 2888 1651 1650 3009 0
2888 1651 1650 3009 2889 1618 1617 3010 0
2889 1618 1617 3010 2890 1585 1584 3011 0
2890 1585 1584 3011 921 463 462 932 0
363 735 724 362 1221 2891 3012 1220 0
1221 2891 3012 1220 1254 2892 3013 1253 0
1254 2892 3013 1253 1287 2893 3014 1286 0
1287 2893 3014 1286 1320 2894 3015 1319 0
1320 2894 3015 1319 1353 2895 3016 1352 0
1353 2895 3016 1352 1386 2896 3017 1385 0
1386 2896 3017 1385 1419 2897 3018 1418 0
1419 2897 3018 1418 1452 2898 3019 1451 0
1452 2898 3019 1451 1485 2899 3020 1484 0
1485 2899 3020 1484 1518 2900 3021 1517 0
1518 2900 3021 1517 1551 2901 3022 1550 0
1551 2901 3022 1550 429 922 933 428 0
735 736 725 724 2891 2902 3023 3012 0
2891 2902 3023 3012 2892 2903 3024 3013 0
2892 2903 3024 3013 2893 2904 3025 3014 0
2893 2904 3025 3014 2894 2905 3026 3015 0
2894 2905 3026 3015 2895 2906 3027 3016 0
2895 2906 3027 3016 2896 2907 3028 3017 0
2896 2907 3028 3017 2897 2908 3029 3018 0
2897 2908 3029 3018 2898 2909 3030 3019 0
2898 2909 3030 3019 2899 2910 3031 3020 0
2899 2910 3031 3020 2900 2911 3032 3021 0
2900 2911 3032 3021 2901 2912 3033 3022 0
2901 2912 3033 3022 922 923 934 933 0
736 737 726 725 2902 2913 3034 3023 0
2902 2913 3034 3023 2903 2914 3035 3024 0
2903 2914 3035 3024 2904 2915 3036 3025 0
2904 2915 3036 3025 2905 2916 3037 3026 0
2905 2916 3037 3026 2906 2917 3038 3027 0
2906 2917 3038 3027 2907 2918 3039 3028 0
2907 2918 3039 3028 2908 2919 3040 3029 0
2908 2919 3040 3029 2909 2920 3041 3030 0
2909 2920 3041 3030 2910 2921 3042 3031 0
2910 2921 3042 3031 2911 2922 3043 3032 0
2911 2922 3043 3032 2912 2923 3044 3033 0
2912 2923 3044 3033 923 924 935 934 0
737 738 727 726 2913 2924 3045 3034 0
2913 2924 3045 3034 2914 2925 3046 3035 0
2914 2925 3046 3035 2915 2926 3047 3036 0
2915 2926 3047 3036 2916 2927 3048 3037 0
2916 2927 3048 3037 2917 2928 3049 3038 0
2917 2928 3049 3038 2918 2929 3050 3039 0
2918 2929 3050 3039 2919 2930 3051 3040 0
2919 2930 3051 3040 2920 2931 3052 3041 0
2920 2931 3052 3041 2921 2932 3053 3042 0
2921 2932 3053 3042 2922 2933 3054 3043 0
2922 2933 3054 3043 2923 2934 3055 3044 0
2923 2934 3055 3044 924 925 936 935 0
738 739 728 727 2924 2935 3056 3045 0
2924 2935 3056 3045 2925 2936 3057 3046 0
2925 2936 3057 3046 2926 2937 3058 3047 0
2926 2937 3058 3047 2927 2938 3059 3048 0
2927 2938 3059 3048 2928 2939 3060 3049 0
2928 2939 3060 3049 2929 2940 3061 3050 0
2929 2940 3061 3050 2930 2941 3062 3051 0
2930 2941 3062 3051 2931 2942 3063 3052 0
2931 2942 3063 3052 2932 2943 3064 3053 0
2932 2943 3064 3053 2933 2944 3065 3054 0
2933 2944 3065 3054 2934 2945 3066 3055 0
2934 2945 3066 3055 925 926 937 936 0
739 740 729 728 2935 2946 3067 3056 0
2935 2946 3067 3056 2936 2947 3068 3057 0
2936 2947 3068 3057 2937 2948 3069 3058 0
2937 2948 3069 3058 2938 2949 3070 3059 0
2938 2949 3070 3059 2939 2950 3071 3060 0
2939 2950 3071 3060 2940 2951 3072 3061 0
2940 2951 3072 3061 2941 2952 3073 3062 0
2941 2952 3073 3062 2942 2953 3074 3063 0
2942 2953 3074 3063 2943 2954 3075 3064 0
2943 2954 3075 3064 2944 2955 3076 3065 0
2944 2955 3076 3065 2945 2956 3077 3066 0
2945 2956 3077 3066 926 927 938 937 0
740 741 730 729 2946 2957 3078 3067 0
2946 2957 3078 3067 2947 2958 3079 3068 0
2947 2958 3079 3068 2948 2959 3080 3069 0
2948 2959 3080 3069 2949 2960 3081 3070 0
2949 2960 3081 3070 2950 2961 3082 3071 0
2950 2961 3082 3071 2951 2962 3083 3072 0
2951 2962 3083 3072 2952 2963 3084 3073 0
2952 2963 3084 3073 2953 2964 3085 3074 0
2953 2964 3085 3074 2954 2965 3086 3075 0
2954 2965 3086 3075 2955 2966 3087 3076 0
2955 2966 3087 3076 2956 2967 3088 3077 0
2956 2967 3088 3077 927 928 939 938 0
741 742 731 730 2957 2968 3089 3078 0
2957 2968 3089 3078 2958 2969 3090 3079 0
2958 2969 3090 3079 2959 2970 3091 3080 0
2959 2970 3091 3080 2960 2971 3092 3081 0
2960 2971 3092 3081 2961 2972 3093 3082 0
2961 2972 3093 3082 2962 2973 3094 3083 0
2962 2973 3094 3083 2963 2974 3095 3084 0
2963 2974 3095 3084 2964 2975 3096 3085 0
2964 2975 3096 3085 2965 2976 3097 3086 0
2965 2976 3097 3086 2966 2977 3098 3087 0
2966 2977 3098 3087 2967 2978 3099 3088 0
2967 2978 3099 3088 928 929 940 939 0
742 743 732 731 2968 2979 3100 3089 0
2968 2979 3100 3089 2969 2980 3101 3090 0
2969 2980 3101 3090 2970 2981 3102 3091 0
2970 2981 3102 3091 2971 2982 3103 3092 0
2971 2982 3103 3092 2972 2983 3104 3093 0
2972 2983 3104 3093 2973 2984 3105 3094 0
2973 2984 3105 3094 2974 2985 3106 3095 0
2974 2985 3106 3095 2975 2986 3107 3096 0
2975 2986 3107 3096 2976 2987 3108 3097 0
2976 2987 3108 3097 2977 2988 3109 3098 0
2977 2988 3109 3098 2978 2989 3110 3099 0
2978 2989 3110 3099 929 930 941 940 0
743 744 733 732 2979 2990 3111 3100 0
2979 2990 3111 3100 2980 2991 3112 3101 0
2980 2991 3112 3101 2981 2992 3113 3102 0
2981 2992 3113 3102 2982 2993 3114 3103 0
2982 2993 3114 3103 2983 2994 3115 3104 0
2983 2994 3115 3104 2984 2995 3116 3105 0
2984 2995 3116 3105 2985 2996 3117 3106 0
2985 2996 3117 3106 2986 2997 3118 3107 0
2986 2997 3118 3107 2987 2998 3119 3108 0
2987 2998 3119 3108 2988 2999 3120 3109 0
2988 2999 3120 3109 2989 3000 3121 3110 0
2989 3000 3121 3110 930 931 942 941 0
744 745 734 733 2990 3001 3122 3111 0
2990 3001 3122 3111 2991 3002 3123 3112 0
2991 3002 3123 3112 2992 3003 3124 3113 0
2992 3003 3124 3113 2993 3004 3125 3114 0
2993 3004 3125 3114 2994 3005 3126 3115 0
2994 3005 3126 3115 2995 3006 3127 3116 0
2995 3006 3127 3116 2996 3007 3128 3117 0
2996 3007 3128 3117 2997 3008 3129 3118 0
2997 3008 3129 3118 2998 3009 3130 3119 0
2998 3009 3130 3119 2999 3010 3131 3120 0
2999 3010 3131 3120 3000 3011 3132 3121 0
3000 3011 3132 3121 931 932 943 942 0
745 396 395 734 3001 1914 1913 3122 0
3001 1914 1913 3122 3002 1881 1880 3123 0
3002 1881 1880 3123 3003 1848 1847 3124 0
3003 1848 1847 3124 3004 1815 1814 3125 0
3004 1815 1814 3125 3005 1782 1781 3126 0
3005 1782 1781 3126 3006 1749 1748 3127 0
3006 1749 1748 3127 3007 1716 1715 3128 0
3007 1716 1715 3128 3008 1683 1682 3129 0
3008 1683 1682 3129 3009 1650 1649 3130 0
3009 1650 1649 3130 3010 1617 1616 3131 0
3010 1617 1616 3131 3011 1584 1583 3132 0
3011 1584 1583 3132 932 462 461 943 0
362 724 713 361 1220 3012 3133 1219 0
1220 3012 3133 1219 1253 3013 3134 1252 0
1253 3013 3134 1252 1286 3014 3135 1285 0
1286 3014 3135 1285 1319 3015 3136 1318 0
1319 3015 3136 1318 1352 3016 3137 1351 0
1352 3016 3137 1351 1385 3017 3138 1384 0
1385 3017 3138 1384 1418 3018 3139 1417 0
1418 3018 3139 1417 1451 3019 3140 1450 0
1451 3019 3140 1450 1484 3020 3141 1483 0
1484 3020 3141 1483 1517 3021 3142 1516 0
1517 3021 3142 1516 1550 3022 3143 1549 0
1550 3022 3143 1549 428 933 944 427 0
724 725 714 713 3012 3023 3144 3133 0
3012 3023 3144 3133 3013 3024 3145 3134 0
3013 3024 3145 3134 3014 3025 3146 3135 0
3014 3025 3146 3135 3015 3026 3147 3136 0
3015 3026 3147 3136 3016 3027 3148 3137 0
3016 3027 3148 3137 3017 3028 3149 3138 0
3017 3028 3149 3138 3018 3029 3150 3139 0
3018 3029 3150 3139 3019 3030 3151 3140 0
3019 3030 3151 3140 3020 3031 3152 3141 0
3020 3031 3152 3141 3021 3032 3153 3142 0
3021 3032 3153 3142 3022 3033 3154 3143 0
3022 3033 3154 3143 933 934 945 944 0
725 726 715 714 3023 3034 3155 3144 0
3023 3034 3155 3144 3024 3035 3156 3145 0
3024 3035 3156 3145 3025 3036 3157 3146 0
3025 3036 3157 3146 3026 3037 3158 3147 0
3026 3037 3158 3147 3027 3038 3159 3148 0
3027 3038 3159 3148 3028 3039 3160 3149 0
3028 3039 3160 3149 3029 3040 3161 3150 0
3029 3040 3161 3150 3030 3041 3162 3151 0
3030 3041 3162 3151 3031 3042 3163 3152 0
3031 3042 3163 3152 3032 3043 3164 3153 0
3032 3043 3164 3153 3033 3044 3165 3154 0
3033 3044 3165 3154 934 935 946 945 0
726 727 716 715 3034 3045 3166 3155 0
3034 3045 3166 3155 3035 3046 3167 3156 0
3035 3046 3167 3156 3036 3047 3168 3157 0
3036 3047 3168 3157 3037 3048 3169 3158 0
3037 3048 3169 3158 3038 3049 3170 3159 0
3038 3049 3170 3159 3039 3050 3171 3160 0
3039 3050 3171 3160 3040 3051 3172 3161 0
3040 3051 3172 3161 3041 3052 3173 3162 0
3041 3052 3173 3162 3042 3053 3174 3163 0
3042 3053 3174 3163 3043 3054 3175 3164 0
3043 3054 3175 3164 3044 3055 3176 3165 0
3044 3055 3176 3165 935 936 947 946 0
727 728 717 716 3045 3056 3177 3166 0
3045 3056 3177 3166 3046 3057 3178 3167 0
3046 3057 3178 3167 3047 3058 3179 3168 0
3047 3058 3179 3168 3048 3059 3180 3169 0
3048 3059 3180 3169 3049 3060 3181 3170 0
3049 3060 3181 3170 3050 3061 3182 3171 0
3050 3061 3182 3171 3051 3062 3183 3172 0
3051 3062 3183 3172 3052 3063 3184 3173 0
3052 3063 3184 3173 3053 3064 3185 3174 0
3053 3064 3185 3174 3054 3065 3186 3175 0
3054 3065 3186 3175 3055 3066 3187 3176 0
3055 3066 3187 3176 936 937 948 947 0
728 729 718 717 3056 3067 3188 3177 0
3056 3067 3188 3177 3057 3068 3189 3178 0
3057 3068 3189 3178 3058 3069 3190 3179 0
3058 3069 3190 3179 3059 3070 3191 3180 0
3059 3070 3191 3180 3060 3071 3192 3181 0
3060 3071 3192 3181 3061 3072 3193 3182 0
3061 3072 3193 3182 3062 3073 3194 3183 0
3062 3073 3194 3183 3063 3074 3195 3184 0
3063 3074 3195 3184 3064 3075 3196 3185 0
3064 3075 3196 3185 3065 3076 3197 3186 0
3065 3076 3197 3186 3066 3077 3198 3187 0
3066 3077 3198 3187 937 938 949 948 0
729 730 719 718 3067 3078 3199 3188 0
3067 3078 3199 3188 3068 3079 3200 3189 0
3068 3079 3200 3189 3069 3080 3201 3190 0
3069 3080 3201 3190 3070 3081 3202 3191 0
3070 3081 3202 3191 3071 3082 3203 3192 0
3071 3082 3203 3192 3072 3083 3204 3193 0
3072 3083 3204 3193 3073 3084 3205 3194 0
3073 3084 3205 3194 3074 3085 3206 3195 0
3074 3085 3206 3195 3075 3086 3207 3196 0
3075 3086 3207 3196 3076 3087 3208 3197 0
3076 3087 3208 3197 3077 3088 3209 3198 0
3077 3088 3209 3198 938 939 950 949 0
730 731 720 719 3078 3089 3210 3199 0
3078 3089 3210 3199 3079 3090 3211 3200 0
3079 3090 3211 3200 3080 3091 3212 3201 0
3080 3091 3212 3201 3081 3092 3213 3202 0
3081 3092 3213 3202 3082 3093 3214 3203 0
3082 3093 3214 3203 3083 3094 3215 3204 0
3083 3094 3215 3204 3084 3095 3216 3205 0
3084 3095 3216 3205 3085 3096 3217 3206 0
3085 3096 3217 3206 3086 3097 3218 3207 0
3086 3097 3218 3207 3087 3098 3219 3208 0
3087 3098 3219 3208 3088 3099 3220 3209 0
3088 3099 3220 3209 939 940 951 950 0
731 732 721 720 3089 3100 3221 3210 0
3089 3100 3221 3210 3090 3101 3222 3211 0
3090 3101 3222 3211 3091 3102 3223 3212 0
3091 3102 3223 3212 3092 3103 3224 3213 0
3092 3103 3224 3213 3093 3104 3225 3214 0
3093 3104 3225 3214 3094 3105 3226 3215 0
3094 3105 3226 3215 3095 3106 3227 3216 0
3095 3106 3227 3216 3096 3107 3228 3217 0
3096 3107 3228 3217 3097 3108 3229 3218 0
3097 3108 3229 3218 3098 3109 3230 3219 0
3098 3109 3230 3219 3099 3110 3231 3220 0
3099 3110 3231 3220 940 941 952 951 0
732 733 722 721 3100 3111 3232 3221 0
3100 3111 3232 3221 3101 3112 3233 3222 0
3101 3112 3233 3222 3102 3113 3234 3223 0
3102 3113 3234 3223 3103 3114 3235 3224 0
3103 3114 3235 3224 3104 3115 3236 3225 0
3104 3115 3236 3225 3105 3116 3237 3226 0
3105 3116 3237 3226 3106 3117 3238 3227 0
3106 3117 3238 3227 3107 3118 3239 3228 0
3107 3118 3239 3228 3108 3119 3240 3229 0
3108 3119 3240 3229 3109 3120 3241 3230 0
3109 3120 3241 3230 3110 3121 3242 3231 0
3110 3121 3242 3231 941 942 953 952 0
733 734 723 722 3111 3122 3243 3232 0
3111 3122 3243 3232 3112 3123 3244 3233 0
3112 3123 3244 3233 3113 3124 3245 3234 0
3113 3124 3245 3234 3114 3125 3246 3235 0
3114 3125 3246 3235 3115 3126 3247 3236 0
3115 3126 3247 3236 3116 3127 3248 3237 0
3116 3127 3248 3237 3117 3128 3249 3238 0
3117 3128 3249 3238 3118 3129 3250 3239 0
3118 3129 3250 3239 3119 3130 3251 3240 0
3119 3130 3251 3240 3120 3131 3252 3241 0
3120 3131 3252 3241 3121 3132 3253 3242 0
3121 3132 3253 3242 942 943 954 953 0
734 395 394 723 3122 1913 1912 3243 0
3122 1913 1912 3243 3123 1880 1879 3244 0
3123 1880 1879 3244 3124 1847 1846 3245 0
3124 1847 1846 3245 3125 1814 1813 3246 0
3125 1814 1813 3246 3126 1781 1780 3247 0
3126 1781 1780 3247 3127 1748 1747 3248 0
3127 1748 1747 3248 3128 1715 1714 3249 0
3128 1715 1714 3249 3129 1682 1681 3250 0
3129 1682 1681 3250 3130 1649 1648 3251 0
3130 1649 1648 3251 3131 1616 1615 3252 0
3131 1616 1615 3252 3132 1583 1582 3253 0
3132 1583 1582 3253 943 461 460 954 0
361 713 702 360 1219 3133 3254 1218 0
1219 3133 3254 1218 1252 3134 3255 1251 0
1252 3134 3255 1251 1285 3135 3256 1284 0
1285 3135 3256 1284 1318 3136 3257 1317 0
1318 3136 3257 1317 1351 3137 3258 1350 0
1351 3137 3258 1350 1384 3138 3259 1383 0
1384 3138 3259 1383 1417 3139 3260 1416 0
1417 3139 3260 1416 1450 3140 3261 1449 0
1450 3140 3261 1449 1483 3141 3262 1482 0
1483 3141 3262 1482 1516 3142 3263 1515 0
1516 3142 3263 1515 1549 3143 3264 1548 0
1549 3143 3264 1548 427 944 955 426 0
713 714 703 702 3133 3144 3265 3254 0
3133 3144 3265 3254 3134 3145 3266 3255 0
3134 3145 3266 3255 3135 3146 3267 3256 0
3135 3146 3267 3256 3136 3147 3268 3257 0
3136 3147 3268 3257 3137 3148 3269 3258 0
3137 3148 3269 3258 3138 3149 3270 3259 0
3138 3149 3270 3259 3139 3150 3271 3260 0
3139 3150 3271 3260 3140 3151 3272 3261 0
3140 3151 3272 3261 3141 3152 3273 3262 0
3141 3152 3273 3262 3142 3153 3274 3263 0
3142 3153 3274 3263 3143 3154 3275 3264 0
3143 3154 3275 3264 944 945 956 955 0
714 715 704 703 3144 3155 3276 3265 0
3144 3155 3276 3265 3145 3156 3277 3266 0
3145 3156 3277 3266 3146 3157 3278 3267 0
3146 3157 3278 3267 3147 3158 3279 3268 0
3147 3158 3279 3268 3148 3159 3280 3269 0
3148 3159 3280 3269 3149 3160 3281 3270 0
3149 3160 3281 3270 3150 3161 3282 3271 0
3150 3161 3282 3271 3151 3162 3283 3272 0
3151 3162 3283 3272 3152 3163 3284 3273 0
3152 3163 3284 3273 3153 3164 3285 3274 0
3153 3164 3285 3274 3154 3165 3286 3275 0
3154 3165 3286 3275 945 946 957 956 0
715 716 705 704 3155 3166 3287 3276 0
3155 3166 3287 3276 3156 3167 3288 3277 0
3156 3167 3288 3277 3157 3168 3289 3278 0
3157 3168 3289 3278 3158 3169 3290 3279 0
3158 3169 3290 3279 3159 3170 3291 3280 0
3159 3170 3291 3280 3160 3171 3292 3281 0
3160 3171 3292 3281 3161 3172 3293 3282 0
3161 3172 3293 3282 3162 3173 3294 3283 0
3162 3173 3294 3283 3163 3174 3295 3284 0
3163 3174 3295 3284 3164 3175 3296 3285 0
3164 3175 3296 3285 3165 3176 3297 3286 0
3165 3176 3297 3286 946 947 958 957 0
716 717 706 705 3166 3177 3298 3287 0
3166 3177 3298 3287 3167 3178 3299 3288 0
3167 3178 3299 3288 3168 3179 3300 3289 0
3168 3179 3300 3289 3169 3180 3301 3290 0
3169 3180 3301 3290 3170 3181 3302 3291 0
3170 3181 3302 3291 3171 3182 3303 3292 0
3171 3182 3303 3292 3172 3183 3304 3293 0
3172 3183 3304 3293 3173 3184 3305 3294 0
3173 3184 3305 3294 3174 3185 3306 3295 0
3174 3185 3306 3295 3175 3186 3307 3296 0
3175 3186 3307 3296 3176 3187 3308 3297 0
3176 3187 3308 3297 947 948 959 958 0
717 718 707 706 3177 3188 3309 3298 0
3177 3188 3309 3298 3178 3189 3310 3299 0
3178 3189 3310 3299 3179 3190 3311 3300 0
3179 3190 3311 3300 3180 3191 3312 3301 0
3180 3191 3312 3301 3181 3192 3313 3302 0
3181 3192 3313 3302 3182 3193 3314 3303 0
3182 3193 3314 3303 3183 3194 3315 3304 0
3183 3194 3315 3304 3184 3195 3316 3305 0
3184 3195 3316 3305 3185 3196 3317 3306 0
3185 3196 3317 3306 3186 3197 3318 3307 0
3186 3197 3318 3307 3187 3198 3319 3308 0
3187 3198 3319 3308 948 949 960 959 0
718 719 708 707 3188 3199 3320 3309 0
3188 3199 3320 3309 3189 3200 3321 3310 0
3189 3200 3321 3310 3190 3201 3322 3311 0
3190 3201 3322 3311 3191 3202 3323 3312 0
3191 3202 3323 3312 3192 3203 3324 3313 0
3192 3203 3324 3313 3193 3204 3325 3314 0
3193 3204 3325 3314 3194 3205 3326 3315 0
3194 3205 3326 3315 3195 3206 3327 3316 0
3195 3206 3327 3316 3196 3207 3328 3317 0
3196 3207 3328 3317 3197 3208 3329 3318 0
3197 3208 3329 3318 3198 3209 3330 3319 0
3198 3209 3330 3319 949 950 961 960 0
719 720 709 708 3199 3210 3331 3320 0
3199 3210 3331 3320 3200 3211 3332 3321 0
3200 3211 3332 3321 3201 3212 3333 3322 0
3201 3212 3333 3322 3202 3213 3334 3323 0
3202 3213 3334 3323 3203 3214 3335 3324 0
3203 3214 3335 3324 3204 3215 3336 3325 0
3204 3215 3336 3325 3205 3216 3337 3326 0
3205 3216 3337 3326 3206 3217 3338 3327 0
3206 3217 3338 3327 3207 3218 3339 3328 0
3207 3218 3339 3328 3208 3219 3340 3329 0
3208 3219 3340 3329 3209 3220 3341 3330 0
3209 3220 3341 3330 950 951 962 961 0
720 721 710 709 3210 3221 3342 3331 0
3210 3221 3342 3331 3211 3222 3343 3332 0
3211 3222 3343 3332 3212 3223 3344 3333 0
3212 3223 3344 3333 3213 3224 3345 3334 0
3213 3224 3345 3334 3214 3225 3346 3335 0
3214 3225 3346 3335 3215 3226 3347 3336 0
3215 3226 3347 3336 3216 3227 3348 3337 0
3216 3227 3348 3337 3217 3228 3349 3338 0
3217 3228 3349 3338 3218 3229 3350 3339 0
3218 3229 3350 3339 3219 3230 3351 3340 0
3219 3230 3351 3340 3220 3231 3352 3341 0
3220 3231 3352 3341 951 952 963 962 0
721 722 711 710 3221 3232 3353 3342 0
3221 3232 3353 3342 3222 3233 3354 3343 0
3222 3233 3354 3343 3223 3234 3355 3344 0
3223 3234 3355 3344 3224 3235 3356 3345 0
3224 3235 3356 3345 3225 3236 3357 3346 0
3225 3236 3357 3346 3226 3237 3358 3347 0
3226 3237 3358 3347 3227 3238 3359 3348 0
3227 3238 3359 3348 3228 3239 3360 3349 0
3228 3239 3360 3349 3229 3240 3361 3350 0
3229 3240 3361 3350 3230 3241 3362 3351 0
3230 3241 3362 3351 3231 3242 3363 3352 0
3231 3242 3363 3352 952 953 964 963 0
722 723 712 711 3232 3243 3364 3353 0
3232 3243 3364 3353 3233 3244 3365 3354 0
3233 3244 3365 3354 3234 3245 3366 3355 0
3234 3245 3366 3355 3235 3246 3367 3356 0
3235 3246 3367 3356 3236 3247 3368 3357 0
3236 3247 3368 3357 3237 3248 3369 3358 0
3237 3248 3369 3358 3238 3249 3370 3359 0
3238 3249 3370 3359 3239 3250 3371 3360 0
3239 3250 3371 3360 3240 3251 3372 3361 0
3240 3251 3372 3361 3241 3252 3373 3362 0
3241 3252 3373 3362 3242 3253 3374 3363 0
3242 3253 3374 3363 953 954 965 964 0
723 394 393 712 3243 1912 1911 3364 0
3243 1912 1911 3364 3244 1879 1878 3365 0
3244 1879 1878 3365 3245 1846 1845 3366 0
3245 1846 1845 3366 3246 1813 1812 3367 0
3246 1813 1812 3367 3247 1780 1779 3368 0
3247 1780 1779 3368 3248 1747 1746 3369 0
3248 1747 1746 3369 3249 1714 1713 3370 0
3249 1714 1713 3370 3250 1681 1680 3371 0
3250 1681 1680 3371 3251 1648 1647 3372 0
3251 1648 1647 3372 3252 1615 1614 3373 0
3252 1615 1614 3373 3253 1582 1581 3374 0
3253 1582 1581 3374 954 460 459 965 0
360 702 691 359 1218 3254 3375 1217 0
1218 3254 3375 1217 1251 3255 3376 1250 0
1251 3255 3376 1250 1284 3256 3377 1283 0
1284 3256 3377 1283 1317 3257 3378 1316 0
1317 3257 3378 1316 1350 3258 3379 1349 0
1350 3258 3379 1349 1383 3259 3380 1382 0
1383 3259 3380 1382 1416 3260 3381 1415 0
1416 3260 3381 1415 1449 3261 3382 1448 0
1449 3261 3382 1448 1482 3262 3383 1481 0
1482 3262 3383 1481 1515 3263 3384 1514 0
1515 3263 3384 1514 1548 3264 3385 1547 0
1548 3264 3385 1547 426 955 966 425 0
702 703 692 691 3254 3265 3386 3375 0
3254 3265 3386 3375 3255 3266 3387 3376 0
3255 3266 3387 3376 3256 3267 3388 3377 0
3256 3267 3388 3377 3257 3268 3389 3378 0
3257 3268 3389 3378 3258 3269 3390 3379 0
3258 3269 3390 3379 3259 3270 3391 3380 0
3259 3270 3391 3380 3260 3271 3392 3381 0
3260 3271 3392 3381 3261 3272 3393 3382 0
3261 3272 3393 3382 3262 3273 3394 3383 0
3262 3273 3394 3383 3263 3274 3395 3384 0
3263 3274 3395 3384 3264 3275 3396 3385 0
3264 3275 3396 3385 955 956 967 966 0
703 704 693 692 3265 3276 3397 3386 0
3265 3276 3397 3386 3266 3277 3398 3387 0
3266 3277 3398 3387 3267 3278 3399 3388 0
3267 3278 3399 3388 3268 3279 3400 3389 0
3268 3279 3400 3389 3269 3280 3401 3390 0
3269 3280 3401 3390 3270 3281 3402 3391 0
3270 3281 3402 3391 3271 3282 3403 3392 0
3271 3282 3403 3392 3272 3283 3404 3393 0
3272 3283 3404 3393 3273 3284 3405 3394 0
3273 3284 3405 3394 3274 3285 3406 3395 0
3274 3285 3406 3395 3275 3286 3407 3396 0
3275 3286 3407 3396 956 957 968 967 0
704 705 694 693 3276 3287 3408 3397 0
3276 3287 3408 3397 3277 3288 3409 3398 0
3277 3288 3409 3398 3278 3289 3410 3399 0
3278 3289 3410 3399 3279 3290 3411 3400 0
3279 3290 3411 3400 3280 3291 3412 3401 0
3280 3291 3412 3401 3281 3292 3413 3402 0
3281 3292 3413 3402 3282 3293 3414 3403 0
3282 3293 3414 3403 3283 3294 3415 3404 0
3283 3294 3415 3404 3284 3295 3416 3405 0
3284 3295 3416 3405 3285 3296 3417 3406 0
3285 3296 3417 3406 3286 3297 3418 3407 0
3286 3297 3418 3407 957 958 969 968 0
705 706 695 694 3287 3298 3419 3408 0
3287 3298 3419 3408 3288 3299 3420 3409 0
3288 3299 3420 3409 3289 3300 3421 3410 0
3289 3300 3421 3410 3290 3301 3422 3411 0
3290 3301 3422 3411 3291 3302 3423 3412 0
3291 3302 3423 3412 3292 3303 3424 3413 0
3292 3303 3424 3413 3293 3304 3425 3414 0
3293 3304 3425 3414 3294 3305 3426 3415 0
3294 3305 3426 3415 3295 3306 3427 3416 0
3295 3306 3427 3416 3296 3307 3428 3417 0
3296 3307 3428 3417 3297 3308 3429 3418 0
3297 3308 3429 3418 958 959 970 969 0
706 707 696 695 3298 3309 3430 3419 0
3298 3309 3430 3419 3299 3310 3431 3420 0
3299 3310 3431 3420 3300 3311 3432 3421 0
3300 3311 3432 3421 3301 3312 3433 3422 0
3301 3312 3433 3422 3302 3313 3434 3423 0
3302 3313 3434 3423 3303 3314 3435 3424 0
3303 3314 3435 3424 3304 3315 3436 3425 0
3304 3315 3436 3425 3305 3316 3437 3426 0
3305 3316 3437 3426 3306 3317 3438 3427 0
3306 3317 3438 3427 3307 3318 3439 3428 0
3307 3318 3439 3428 3308 3319 3440 3429 0
3308 3319 3440 3429 959 960 971 970 0
707 708 697 696 3309 3320 3441 3430 0
3309 3320 3441 3430 3310 3321 3442 3431 0
3310 3321 3442 3431 3311 3322 3443 3432 0
3311 3322 3443 3432 3312 3323 3444 3433 0
3312 3323 3444 3433 3313 3324 3445 3434 0
3313 3324 3445 3434 3314 3325 3446 3435 0
3314 3325 3446 3435 3315 3326 3447 3436 0
3315 3326 3447 3436 3316 3327 3448 3437 0
3316 3327 3448 3437 3317 3328 3449 3438 0
3317 3328 3449 3438 3318 3329 3450 3439 0
3318 3329 3450 3439 3319 3330 3451 3440 0
3319 3330 3451 3440 960 961 972 971 0
708 709 698 697 3320 3331 3452 3441 0
3320 3331 3452 3441 3321 3332 3453 3442 0
3321 3332 3453 3442 3322 3333 3454 3443 0
3322 3333 3454 3443 3323 3334 3455 3444 0
3323 3334 3455 3444 3324 3335 3456 3445 0
3324 3335 3456 3445 3325 3336 3457 3446 0
3325 3336 3457 3446 3326 3337 3458 3447 0
3326 3337 3458 3447 3327 3338 3459 3448 0
3327 3338 3459 3448 3328 3339 3460 3449 0
3328 3339 3460 3449 3329 3340 3461 3450 0
3329 3340 3461 3450 3330 3341 3462 3451 0
3330 3341 3462 3451 961 962 973 972 0
709 710 699 698 3331 3342 3463 3452 0
3331 3342 3463 3452 3332 3343 3464 3453 0
3332 3343 3464 3453 3333 3344 3465 3454 0
3333 3344 3465 3454 3334 3345 3466 3455 0
3334 3345 3466 3455 3335 3346 3467 3456 0
3335 3346 3467 3456 3336 3347 3468 3457 0
3336 3347 3468 3457 3337 3348 3469 3458 0
3337 3348 3469 3458 3338 3349 3470 3459 0
3338 3349 3470 3459 3339 3350 3471 3460 0
3339 3350 3471 3460 3340 3351 3472 3461 0
3340 3351 3472 3461 3341 3352 3473 3462 0
3341 3352 3473 3462 962 963 974 973 0
710 711 700 699 3342 3353 3474 3463 0
3342 3353 3474 3463 3343 3354 3475 3464 0
3343 3354 3475 3464 3344 3355 3476 3465 0
3344 3355 3476 3465 3345 3356 3477 3466 0
3345 3356 3477 3466 3346 3357 3478 3467 0
3346 3357 3478 3467 3347 3358 3479 3468 0
3347 3358 3479 3468 3348 3359 3480 3469 0
3348 3359 3480 3469 3349 3360 3481 3470 0
3349 3360 3481 3470 3350 3361 3482 3471 0
3350 3361 3482 3471 3351 3362 3483 3472 0
3351 3362 3483 3472 3352 3363 3484 3473 0
3352 3363 3484 3473 963 964 975 974 0
711 712 701 700 3353 3364 3485 3474 0
3353 3364 3485 3474 3354 3365 3486 3475 0
3354 3365 3486 3475 3355 3366 3487 3476 0
3355 3366 3487 3476 3356 3367 3488 3477 0
3356 3367 3488 3477 3357 3368 3489 3478 0
3357 3368 3489 3478 3358 3369 3490 3479 0
3358 3369 3490 3479 3359 3370 3491 3480 0
3359 3370 3491 3480 3360 3371 3492 3481 0
3360 3371 3492 3481 3361 3372 3493 3482 0
3361 3372 3493 3482 3362 3373 3494 3483 0
3362 3373 3494 3483 3363 3374 3495 3484 0
3363 3374 3495 3484 964 965 976 975 0
712 393 392 701 3364 1911 1910 3485 0
3364 1911 1910 3485 3365 1878 1877 3486 0
3365 1878 1877 3486 3366 1845 1844 3487 0
3366 1845 1844 3487 3367 1812 1811 3488 0
3367 1812 1811 3488 3368 1779 1778 3489 0
3368 1779 1778 3489 3369 1746 1745 3490 0
3369 1746 1745 3490 3370 1713 1712 3491 0
3370 1713 1712 3491 3371 1680 1679 3492 0
3371 1680 1679 3492 3372 1647 1646 3493 0
3372 1647 1646 3493 3373 1614 1613 3494 0
3373 1614 1613 3494 3374 1581 1580 3495 0
3374 1581 1580 3495 965 459 458 976 0
359 691 680 358 1217 3375 3496 1216 0
1217 3375 3496 1216 1250 3376 3497 1249 0
1250 3376 3497 1249 1283 3377 3498 1282 0
1283 3377 3498 1282 1316 3378 3499 1315 0
1316 3378 3499 1315 1349 3379 3500 1348 0
1349 3379 3500 1348 1382 3380 3501 1381 0
1382 3380 3501 1381 1415 3381 3502 1414 0
1415 3381 3502 1414 1448 3382 3503 1447 0
1448 3382 3503 1447 1481 3383 3504 1480 0
1481 3383 3504 1480 1514 3384 3505 1513 0
1514 3384 3505 1513 1547 3385 3506 1546 0
1547 3385 3506 1546 425 966 977 424 0
691 692 681 680 3375 3386 3507 3496 0
3375 3386 3507 3496 3376 3387 3508 3497 0
3376 3387 3508 3497 3377 3388 3509 3498 0
3377 3388 3509 3498 3378 3389 3510 3499 0
3378 3389 3510 3499 3379 3390 3511 3500 0
3379 3390 3511 3500 3380 3391 3512 3501 0
3380 3391 3512 3501 3381 3392 3513 3502 0
3381 3392 3513 3502 3382 3393 3514 3503 0
3382 3393 3514 3503 3383 3394 3515 3504 0
3383 3394 3515 3504 3384 3395 3516 3505 0
3384 3395 3516 3505 3385 3396 3517 3506 0
3385 3396 3517 3506 966 967 978 977 0
692 693 682 681 3386 3397 3518 3507 0
3386 3397 3518 3507 3387 3398 3519 3508 0
3387 3398 3519 3508 3388 3399 3520 3509 0
3388 3399 3520 3509 3389 3400 3521 3510 0
3389 3400 3521 3510 3390 3401 3522 3511 0
3390 3401 3522 3511 3391 3402 3523 3512 0
3391 3402 3523 3512 3392 3403 3524 3513 0
3392 3403 3524 3513 3393 3404 3525 3514 0
3393 3404 3525 3514 3394 3405 3526 3515 0
3394 3405 3526 3515 3395 3406 3527 3516 0
3395 3406 3527 3516 3396 3407 3528 3517 0
3396 3407 3528 3517 967 968 979 978 0
693 694 683 682 3397 3408 3529 3518 0
3397 3408 3529 3518 3398 3409 3530 3519 0
3398 3409 3530 3519 3399 3410 3531 3520 0
3399 3410 3531 3520 3400 3411 3532 3521 0
3400 3411 3532 3521 3401 3412 3533 3522 0
3401 3412 3533 3522 3402 3413 3534 3523 0
3402 3413 3534 3523 3403 3414 3535 3524 0
3403 3414 3535 3524 3404 3415 3536 3525 0
3404 3415 3536 3525 3405 3416 3537 3526 0
3405 3416 3537 3526 3406 3417 3538 3527 0
3406 3417 3538 3527 3407 3418 3539 3528 0
3407 3418 3539 3528 968 969 980 979 0
694 695 684 683 3408 3419 3540 3529 0
3408 3419 3540 3529 3409 3420 3541 3530 0
3409 3420 3541 3530 3410 3421 3542 3531 0
3410 3421 3542 3531 3411 3422 3543 3532 0
3411 3422 3543 3532 3412 3423 3544 3533 0
3412 3423 3544 3533 3413 3424 3545 3534 0
3413 3424 3545 3534 3414 3425 3546 3535 0
3414 3425 3546 3535 3415 3426 3547 3536 0
3415 3426 3547 3536 3416 3427 3548 3537 0
3416 3427 3548 3537 3417 3428 3549 3538 0
3417 3428 3549 3538 3418 3429 3550 3539 0
3418 3429 3550 3539 969 970 981 980 0
695 696 685 684 3419 3430 3551 3540 0
3419 3430 3551 3540 3420 3431 3552 3541 0
3420 3431 3552 3541 3421 3432 3553 3542 0
3421 3432 3553 3542 3422 3433 3554 3543 0
3422 3433 3554 3543 3423 3434 3555 3544 0
3423 3434 3555 3544 3424 3435 3556 3545 0
3424 3435 3556 3545 3425 3436 3557 3546 0
3425 3436 3557 3546 3426 3437 3558 3547 0
3426 3437 3558 3547 3427 3438 3559 3548 0
3427 3438 3559 3548 3428 3439 3560 3549 0
3428 3439 3560 3549 3429 3440 3561 3550 0
3429 3440 3561 3550 970 971 982 981 0
696 697 686 685 3430 3441 3562 3551 0
3430 3441 3562 3551 3431 3442 3563 3552 0
3431 3442 3563 3552 3432 3443 3564 3553 0
3432 3443 3564 3553 3433 3444 3565 3554 0
3433 3444 3565 3554 3434 3445 3566 3555 0
3434 3445 3566 3555 3435 3446 3567 3556 0
3435 3446 3567 3556 3436 3447 3568 3557 0
3436 3447 3568 3557 3437 3448 3569 3558 0
3437 3448 3569 3558 3438 3449 3570 3559 0
3438 3449 3570 3559 3439 3450 3571 3560 0
3439 3450 3571 3560 3440 3451 3572 3561 0
3440 3451 3572 3561 971 972 983 982 0
697 698 687 686 3441 3452 3573 3562 0
3441 3452 3573 3562 3442 3453 3574 3563 0
3442 3453 3574 3563 3443 3454 3575 3564 0
3443 3454 3575 3564 3444 3455 3576 3565 0
3444 3455 3576 3565 3445 3456 3577 3566 0
3445 3456 3577 3566 3446 3457 3578 3567 0
3446 3457 3578 3567 3447 3458 3579 3568 0
3447 3458 3579 3568 3448 3459 3580 3569 0
3448 3459 3580 3569 3449 3460 3581 3570 0
3449 3460 3581 3570 3450 3461 3582 3571 0
3450 3461 3582 3571 3451 3462 3583 3572 0
3451 3462 3583 3572 972 973 984 983 0
698 699 688 687 3452 3463 3584 3573 0
3452 3463 3584 3573 3453 3464 3585 3574 0
3453 3464 3585 3574 3454 3465 3586 3575 0
3454 3465 3586 3575 3455 3466 3587 3576 0
3455 3466 3587 3576 3456 3467 3588 3577 0
3456 3467 3588 3577 3457 3468 3589 3578 0
3457 3468 3589 3578 3458 3469 3590 3579 0
3458 3469 3590 3579 3459 3470 3591 3580 0
3459 3470 3591 3580 3460 3471 3592 3581 0
3460 3471 3592 3581 3461 3472 3593 3582 0
3461 3472 3593 3582 3462 3473 3594 3583 0
3462 3473 3594 3583 973 974 985 984 0
699 700 689 688 3463 3474 3595 3584 0
3463 3474 3595 3584 3464 3475 3596 3585 0
3464 3475 3596 3585 3465 3476 3597 3586 0
3465 3476 3597 3586 3466 3477 3598 3587 0
3466 3477 3598 3587 3467 3478 3599 3588 0
3467 3478 3599 3588 3468 3479 3600 3589 0
3468 3479 3600 3589 3469 3480 3601 3590 0
3469 3480 3601 3590 3470 3481 3602 3591 0
3470 3481 3602 3591 3471 3482 3603 3592 0
3471 3482 3603 3592 3472 3483 3604 3593 0
3472 3483 3604 3593 3473 3484 3605 3594 0
3473 3484 3605 3594 974 975 986 985 0
700 701 690 689 3474 3485 3606 3595 0
3474 3485 3606 3595 3475 3486 3607 3596 0
3475 3486 3607 3596 3476 3487 3608 3597 0
3476 3487 3608 3597 3477 3488 3609 3598 0
3477 3488 3609 3598 3478 3489 3610 3599 0
3478 3489 3610 3599 3479 3490 3611 3600 0
3479 3490 3611 3600 3480 3491 3612 3601 0
3480 3491 3612 3601 3481 3492 3613 3602 0
3481 3492 3613 3602 3482 3493 3614 3603 0
3482 3493 3614 3603 3483 3494 3615 3604 0
3483 3494 3615 3604 3484 3495 3616 3605 0
3484 3495 3616 3605 975 976 987 986 0
701 392 391 690 3485 1910 1909 3606 0
3485 1910 1909 3606 3486 1877 1876 3607 0
3486 1877 1876 3607 3487 1844 1843 3608 0
3487 1844 1843 3608 3488 1811 1810 3609 0
3488 1811 1810 3609 3489 1778 1777 3610 0
3489 1778 1777 3610 3490 1745 1744 3611 0
3490 1745 1744 3611 3491 1712 1711 3612 0
3491 1712 1711 3612 3492 1679 1678 3613 0
3492 1679 1678 3613 3493 1646 1645 3614 0
3493 1646 1645 3614 3494 1613 1612 3615 0
3494 1613 1612 3615 3495 1580 1579 3616 0
3495 1580 1579 3616 976 458 457 987 0
358 680 669 357 1216 3496 3617 1215 0
1216 3496 3617 1215 1249 3497 3618 1248 0
1249 3497 3618 1248 1282 3498 3619 1281 0
1282 3498 3619 1281 1315 3499 3620 1314 0
1315 3499 3620 1314 1348 3500 3621 1347 0
1348 3500 3621 1347 1381 3501 3622 1380 0
1381 3501 3622 1380 1414 3502 3623 1413 0
1414 3502 3623 1413 1447 3503 3624 1446 0
1447 3503 3624 1446 1480 3504 3625 1479 0
1480 3504 3625 1479 1513 3505 3626 1512 0
1513 3505 3626 1512 1546 3506 3627 1545 0
1546 3506 3627 1545 424 977 988 423 0
680 681 670 669 3496 3507 3628 3617 0
3496 3507 3628 3617 3497 3508 3629 3618 0
3497 3508 3629 3618 3498 3509 3630 3619 0
3498 3509 3630 3619 3499 3510 3631 3620 0
3499 3510 3631 3620 3500 3511 3632 3621 0
3500 3511 3632 3621 3501 3512 3633 3622 0
3501 3512 3633 3622 3502 3513 3634 3623 0
3502 3513 3634 3623 3503 3514 3635 3624 0
3503 3514 3635 3624 3504 3515 3636 3625 0
3504 3515 3636 3625 3505 3516 3637 3626 0
3505 3516 3637 3626 3506 3517 3638 3627 0
3506 3517 3638 3627 977 978 989 988 0
681 682 671 670 3507 3518 3639 3628 0
3507 3518 3639 3628 3508 3519 3640 3629 0
3508 3519 3640 3629 3509 3520 3641 3630 0
3509 3520 3641 3630 3510 3521 3642 3631 0
3510 3521 3642 3631 3511 3522 3643 3632 0
3511 3522 3643 3632 3512 3523 3644 3633 0
3512 3523 3644 3633 3513 3524 3645 3634 0
3513 3524 3645 3634 3514 3525 3646 3635 0
3514 3525 3646 3635 3515 3526 3647 3636 0
3515 3526 3647 3636 3516 3527 3648 3637 0
3516 3527 3648 3637 3517 3528 3649 3638 0
3517 3528 3649 3638 978 979 990 989 0
682 683 672 671 3518 3529 3650 3639 0
3518 3529 3650 3639 3519 3530 3651 3640 0
3519 3530 3651 3640 3520 3531 3652 3641 0
3520 3531 3652 3641 3521 3532 3653 3642 0
3521 3532 3653 3642 3522 3533 3654 3643 0
3522 3533 3654 3643 3523 3534 3655 3644 0
3523 3534 3655 3644 3524 3535 3656 3645 0
3524 3535 3656 3645 3525 3536 3657 3646 0
3525 3536 3657 3646 3526 3537 3658 3647 0
3526 3537 3658 3647 3527 3538 3659 3648 0
3527 3538 3659 3648 3528 3539 3660 3649 0
3528 3539 3660 3649 979 980 991 990 0
683 684 673 672 3529 3540 3661 3650 0
3529 3540 3661 3650 3530 3541 3662 3651 0
3530 3541 3662 3651 3531 3542 3663 3652 0
3531 3542 3663 3652 3532 3543 3664 3653 0
3532 3543 3664 3653 3533 3544 3665 3654 0
3533 3544 3665 3654 3534 3545 3666 3655 0
3534 3545 3666 3655 3535 3546 3667 3656 0
3535 3546 3667 3656 3536 3547 3668 3657 0
3536 3547 3668 3657 3537 3548 3669 3658 0
3537 3548 3669 3658 3538 3549 3670 3659 0
3538 3549 3670 3659 3539 3550 3671 3660 0
3539 3550 3671 3660 980 981 992 991 0
684 685 674 673 3540 3551 3672 3661 0
3540 3551 3672 3661 3541 3552 3673 3662 0
3541 3552 3673 3662 3542 3553 3674 3663 0
3542 3553 3674 3663 3543 3554 3675 3664 0
3543 3554 3675 3664 3544 3555 3676 3665 0
3544 3555 3676 3665 3545 3556 3677 3666 0
3545 3556 3677 3666 3546 3557 3678 3667 0
3546 3557 3678 3667 3547 3558 3679 3668 0
3547 3558 3679 3668 3548 3559 3680 3669 0
3548 3559 3680 3669 3549 3560 3681 3670 0
3549 3560 3681 3670 3550 3561 3682 3671 0
3550 3561 3682 3671 981 982 993 992 0
685 686 675 674 3551 3562 3683 3672 0
3551 3562 3683 3672 3552 3563 3684 3673 0
3552 3563 3684 3673 3553 3564 3685 3674 0
3553 3564 3685 3674 3554 3565 3686 3675 0
3554 3565 3686 3675 3555 3566 3687 3676 0
3555 3566 3687 3676 3556 3567 3688 3677 0
3556 3567 3688 3677 3557 3568 3689 3678 0
3557 3568 3689 3678 3558 3569 3690 3679 0
3558 3569 3690 3679 3559 3570 3691 3680 0
3559 3570 3691 3680 3560 3571 3692 3681 0
3560 3571 3692 3681 3561 3572 3693 3682 0
3561 3572 3693 3682 982 983 994 993 0
686 687 676 675 3562 3573 3694 3683 0
3562 3573 3694 3683 3563 3574 3695 3684 0
3563 3574 3695 3684 3564 3575 3696 3685 0
3564 3575 3696 3685 3565 3576 3697 3686 0
3565 3576 3697 3686 3566 3577 3698 3687 0
3566 3577 3698 3687 3567 3578 3699 3688 0
3567 3578 3699 3688 3568 3579 3700 3689 0
3568 3579 3700 3689 3569 3580 3701 3690 0
3569 3580 3701 3690 3570 3581 3702 3691 0
3570 3581 3702 3691 3571 3582 3703 3692 0
3571 3582 3703 3692 3572 3583 3704 3693 0
3572 3583 3704 3693 983 984 995 994 0
687 688 677 676 3573 3584 3705 3694 0
3573 3584 3705 3694 3574 3585 3706 3695 0
3574 3585 3706 3695 3575 3586 3707 3696 0
3575 3586 3707 3696 3576 3587 3708 3697 0
3576 3587 3708 3697 3577 3588 3709 3698 0
3577 3588 3709 3698 3578 3589 3710 3699 0
3578 3589 3710 3699 3579 3590 3711 3700 0
3579 3590 3711 3700 3580 3591 3712 3701 0
3580 3591 3712 3701 3581 3592 3713 3702 0
3581 3592 3713 3702 3582 3593 3714 3703 0
3582 3593 3714 3703 3583 3594 3715 3704 0
3583 3594 3715 3704 984 985 996 995 0
688 689 678 677 3584 3595 3716 3705 0
3584 3595 3716 3705 3585 3596 3717 3706 0
3585 3596 3717 3706 3586 3597 3718 3707 0
3586 3597 3718 3707 3587 3598 3719 3708 0
3587 3598 3719 3708 3588 3599 3720 3709 0
3588 3599 3720 3709 3589 3600 3721 3710 0
3589 3600 3721 3710 3590 3601 3722 3711 0
3590 3601 3722 3711 3591 3602 3723 3712 0
3591 3602 3723 3712 3592 3603 3724 3713 0
3592 3603 3724 3713 3593 3604 3725 3714 0
3593 3604 3725 3714 3594 3605 3726 3715 0
3594 3605 3726 3715 985 986 997 996 0
689 690 679 678 3595 3606 3727 3716 0
3595 3606 3727 3716 3596 3607 3728 3717 0
3596 3607 3728 3717 3597 3608 3729 3718 0
3597 3608 3729 3718 3598 3609 3730 3719 0
3598 3609 3730 3719 3599 3610 3731 3720 0
3599 3610 3731 3720 3600 3611 3732 3721 0
3600 3611 3732 3721 3601 3612 3733 3722 0
3601 3612 3733 3722 3602 3613 3734 3723 0
3602 3613 3734 3723 3603 3614 3735 3724 0
3603 3614 3735 3724 3604 3615 3736 3725 0
3604 3615 3736 3725 3605 3616 3737 3726 0
3605 3616 3737 3726 986 987 998 997 0
690 391 390 679 3606 1909 1908 3727 0
3606 1909 1908 3727 3607 1876 1875 3728 0
3607 1876 1875 3728 3608 1843 1842 3729 0
3608 1843 1842 3729 3609 1810 1809 3730 0
3609 1810 1809 3730 3610 1777 1776 3731 0
3610 1777 1776 3731 3611 1744 1743 3732 0
3611 1744 1743 3732 3612 1711 1710 3733 0
3612 1711 1710 3733 3613 1678 1677 3734 0
3613 1678 1677 3734 3614 1645 1644 3735 0
3614 1645 1644 3735 3615 1612 1611 3736 0
3615 1612 1611 3736 3616 1579 1578 3737 0
3616 1579 1578 3737 987 457 456 998 0
357 669 658 356 1215 3617 3738 1214 0
1215 3617 3738 1214 1248 3618 3739 1247 0
1248 3618 3739 1247 1281 3619 3740 1280 0
1281 3619 3740 1280 1314 3620 3741 1313 0
1314 3620 3741 1313 1347 3621 3742 1346 0
1347 3621 3742 1346 1380 3622 3743 1379 0
1380 3622 3743 1379 1413 3623 3744 1412 0
1413 3623 3744 1412 1446 3624 3745 1445 0
1446 3624 3745 1445 1479 3625 3746 1478 0
1479 3625 3746 1478 1512 3626 3747 1511 0
1512 3626 3747 1511 1545 3627 3748 1544 0
1545 3627 3748 1544 423 988 999 422 0
669 670 659 658 3617 3628 3749 3738 0
3617 3628 3749 3738 3618 3629 3750 3739 0
3618 3629 3750 3739 3619 3630 3751 3740 0
3619 3630 3751 3740 3620 3631 3752 3741 0
3620 3631 3752 3741 3621 3632 3753 3742 0
3621 3632 3753 3742 3622 3633 3754 3743 0
3622 3633 3754 3743 3623 3634 3755 3744 0
3623 3634 3755 3744 3624 3635 3756 3745 0
3624 3635 3756 3745 3625 3636 3757 3746 0
3625 3636 3757 3746 3626 3637 3758 3747 0
3626 3637 3758 3747 3627 3638 3759 3748 0
3627 3638 3759 3748 988 989 1000 999 0
670 671 660 659 3628 3639 3760 3749 0
3628 3639 3760 3749 3629 3640 3761 3750 0
3629 3640 3761 3750 3630 3641 3762 3751 0
3630 3641 3762 3751 3631 3642 3763 3752 0
3631 3642 3763 3752 3632 3643 3764 3753 0
3632 3643 3764 3753 3633 3644 3765 3754 0
3633 3644 3765 3754 3634 3645 3766 3755 0
3634 3645 3766 3755 3635 3646 3767 3756 0
3635 3646 3767 3756 3636 3647 3768 3757 0
3636 3647 3768 3757 3637 3648 3769 3758 0
3637 3648 3769 3758 3638 3649 3770 3759 0
3638 3649 3770 3759 989 990 1001 1000 0
671 672 661 660 3639 3650 3771 3760 0
3639 3650 3771 3760 3640 3651 3772 3761 0
3640 3651 3772 3761 3641 3652 3773 3762 0
3641 3652 3773 3762 3642 3653 3774 3763 0
3642 3653 3774 3763 3643 3654 3775 3764 0
3643 3654 3775 3764 3644 3655 3776 3765 0
3644 3655 3776 3765 3645 3656 3777 3766 0
3645 3656 3777 3766 3646 3657 3778 3767 0
3646 3657 3778 3767 3647 3658 3779 3768 0
3647 3658 3779 3768 3648 3659 3780 3769 0
3648 3659 3780 3769 3649 3660 3781 3770 0
3649 3660 3781 3770 990 991 1002 1001 0
672 673 662 661 3650 3661 3782 3771 0
3650 3661 3782 3771 3651 3662 3783 3772 0
3651 3662 3783 3772 3652 3663 3784 3773 0
3652 3663 3784 3773 3653 3664 3785 3774 0
3653 3664 3785 3774 3654 3665 3786 3775 0
3654 3665 3786 3775 3655 3666 3787 3776 0
3655 3666 3787 3776 3656 3667 3788 3777 0
3656 3667 3788 3777 3657 3668 3789 3778 0
3657 3668 3789 3778 3658 3669 3790 3779 0
3658 3669 3790 3779 3659 3670 3791 3780 0
3659 3670 3791 3780 3660 3671 3792 3781 0
3660 3671 3792 3781 991 992 1003 1002 0
673 674 663 662 3661 3672 3793 3782 0
3661 3672 3793 3782 3662 3673 3794 3783 0
3662 3673 3794 3783 3663 3674 3795 3784 0
3663 3674 3795 3784 3664 3675 3796 3785 0
3664 3675 3796 3785 3665 3676 3797 3786 0
3665 3676 3797 3786 3666 3677 3798 3787 0
3666 3677 3798 3787 3667 3678 3799 3788 0
3667 3678 3799 3788 3668 3679 3800 3789 0
3668 3679 3800 3789 3669 3680 3801 3790 0
3669 3680 3801 3790 3670 3681 3802 3791 0
3670 3681 3802 3791 3671 3682 3803 3792 0
3671 3682 3803 3792 992 993 1004 1003 0
674 675 664 663 3672 3683 3804 3793 0
3672 3683 3804 3793 3673 3684 3805 3794 0
3673 3684 3805 3794 3674 3685 3806 3795 0
3674 3685 3806 3795 3675 3686 3807 3796 0
3675 3686 3807 3796 3676 3687 3808 3797 0
3676 3687 3808 3797 3677 3688 3809 3798 0
3677 3688 3809 3798 3678 3689 3810 3799 0
3678 3689 3810 3799 3679 3690 3811 3800 0
3679 3690 3811 3800 3680 3691 3812 3801 0
3680 3691 3812 3801 3681 3692 3813 3802 0
3681 3692 3813 3802 3682 3693 3814 3803 0
3682 3693 3814 3803 993 994 1005 1004 0
675 676 665 664 3683 3694 3815 3804 0
3683 3694 3815 3804 3684 3695 3816 3805 0
3684 3695 3816 3805 3685 3696 3817 3806 0
3685 3696 3817 3806 3686 3697 3818 3807 0
3686 3697 3818 3807 3687 3698 3819 3808 0
3687 3698 3819 3808 3688 3699 3820 3809 0
3688 3699 3820 3809 3689 3700 3821 3810 0
3689 3700 3821 3810 3690 3701 3822 3811 0
3690 3701 3822 3811 3691 3702 3823 3812 0
3691 3702 3823 3812 3692 3703 3824 3813 0
3692 3703 3824 3813 3693 3704 3825 3814 0
3693 3704 3825 3814 994 995 1006 1005 0
676 677 666 665 3694 3705 3826 3815 0
3694 3705 3826 3815 3695 3706 3827 3816 0
3695 3706 3827 3816 3696 3707 3828 3817 0
3696 3707 3828 3817 3697 3708 3829 3818 0
3697 3708 3829 3818 3698 3709 3830 3819 0
3698 3709 3830 3819 3699 3710 3831 3820 0
3699 3710 3831 3820 3700 3711 3832 3821 0
3700 3711 3832 3821 3701 3712 3833 3822 0
3701 3712 3833 3822 3702 3713 3834 3823 0
3702 3713 3834 3823 3703 3714 3835 3824 0
3703 3714 3835 3824 3704 3715 3836 3825 0
3704 3715 3836 3825 995 996 1007 1006 0
677 678 667 666 3705 3716 3837 3826 0
3705 3716 3837 3826 3706 3717 3838 3827 0
3706 3717 3838 3827 3707 3718 3839 3828 0
3707 3718 3839 3828 3708 3719 3840 3829 0
3708 3719 3840 3829 3709 3720 3841 3830 0
3709 3720 3841 3830 3710 3721 3842 3831 0
3710 3721 3842 3831 3711 3722 3843 3832 0
3711 3722 3843 3832 3712 3723 3844 3833 0
3712 3723 3844 3833 3713 3724 3845 3834 0
3713 3724 3845 3834 3714 3725 3846 3835 0
3714 3725 3846 3835 3715 3726 3847 3836 0
3715 3726 3847 3836 996 997 1008 1007 0
678 679 668 667 3716 3727 3848 3837 0
3716 3727 3848 3837 3717 3728 3849 3838 0
3717 3728 3849 3838 3718 3729 3850 3839 0
3718 3729 3850 3839 3719 3730 3851 3840 0
3719 3730 3851 3840 3720 3731 3852 3841 0
3720 3731 3852 3841 3721 3732 3853 3842 0
3721 3732 3853 3842 3722 3733 3854 3843 0
3722 3733 3854 3843 3723 3734 3855 3844 0
3723 3734 3855 3844 3724 3735 3856 3845 0
3724 3735 3856 3845 3725 3736 3857 3846 0
3725 3736 3857 3846 3726 3737 3858 3847 0
3726 3737 3858 3847 997 998 1009 1008 0
679 390 389 668 3727 1908 1907 3848 0
3727 1908 1907 3848 3728 1875 1874 3849 0
3728 1875 1874 3849 3729 1842 1841 3850 0
3729 1842 1841 3850 3730 1809 1808 3851 0
3730 1809 1808 3851 3731 1776 1775 3852 0
3731 1776 1775 3852 3732 1743 1742 3853 0
3732 1743 1742 3853 3733 1710 1709 3854 0
3733 1710 1709 3854 3734 1677 1676 3855 0
3734 1677 1676 3855 3735 1644 1643 3856 0
3735 1644 1643 3856 3736 1611 1610 3857 0
3736 1611 1610 3857 3737 1578 1577 3858 0
3737 1578 1577 3858 998 456 455 1009 0
356 658 647 355 1214 3738 3859 1213 0
1214 3738 3859 1213 1247 3739 3860 1246 0
1247 3739 3860 1246 1280 3740 3861 1279 0
1280 3740 3861 1279 1313 3741 3862 1312 0
1313 3741 3862 1312 1346 3742 3863 1345 0
1346 3742 3863 1345 1379 3743 3864 1378 0
1379 3743 3864 1378 1412 3744 3865 1411 0
1412 3744 3865 1411 1445 3745 3866 1444 0
1445 3745 3866 1444 1478 3746 3867 1477 0
1478 3746 3867 1477 1511 3747 3868 1510 0
1511 3747 3868 1510 1544 3748 3869 1543 0
1544 3748 3869 1543 422 999 1010 421 0
658 659 648 647 3738 3749 3870 3859 0
3738 3749 3870 3859 3739 3750 3871 3860 0
3739 3750 3871 3860 3740 3751 3872 3861 0
3740 3751 3872 3861 3741 3752 3873 3862 0
3741 3752 3873 3862 3742 3753 3874 3863 0
3742 3753 3874 3863 3743 3754 3875 3864 0
3743 3754 3875 3864 3744 3755 3876 3865 0
3744 3755 3876 3865 3745 3756 3877 3866 0
3745 3756 3877 3866 3746 3757 3878 3867 0
3746 3757 3878 3867 3747 3758 3879 3868 0
3747 3758 3879 3868 3748 3759 3880 3869 0
3748 3759 3880 3869 999 1000 1011 1010 0
659 660 649 648 3749 3760 3881 3870 0
3749 3760 3881 3870 3750 3761 3882 3871 0
3750 3761 3882 3871 3751 3762 3883 3872 0
3751 3762 3883 3872 3752 3763 3884 3873 0
3752 3763 3884 3873 3753 3764 3885 3874 0
3753 3764 3885 3874 3754 3765 3886 3875 0
3754 3765 3886 3875 3755 3766 3887 3876 0
3755 3766 3887 3876 3756 3767 3888 3877 0
3756 3767 3888 3877 3757 3768 3889 3878 0
3757 3768 3889 3878 3758 3769 3890 3879 0
3758 3769 3890 3879 3759 3770 3891 3880 0
3759 3770 3891 3880 1000 1001 1012 1011 0
660 661 650 649 3760 3771 3892 3881 0
3760 3771 3892 3881 3761 3772 3893 3882 0
3761 3772 3893 3882 3762 3773 3894 3883 0
3762 3773 3894 3883 3763 3774 3895 3884 0
3763 3774 3895 3884 3764 3775 3896 3885 0
3764 3775 3896 3885 3765 3776 3897 3886 0
3765 3776 3897 3886 3766 3777 3898 3887 0
3766 3777 3898 3887 3767 3778 3899 3888 0
3767 3778 3899 3888 3768 3779 3900 3889 0
3768 3779 3900 3889 3769 3780 3901 3890 0
3769 3780 3901 3890 3770 3781 3902 3891 0
3770 3781 3902 3891 1001 1002 1013 1012 0
661 662 651 650 3771 3782 3903 3892 0
3771 3782 3903 3892 3772 3783 3904 3893 0
3772 3783 3904 3893 3773 3784 3905 3894 0
3773 3784 3905 3894 3774 3785 3906 3895 0
3774 3785 3906 3895 3775 3786 3907 3896 0
3775 3786 3907 3896 3776 3787 3908 3897 0
3776 3787 3908 3897 3777 3788 3909 3898 0
3777 3788 3909 3898 3778 3789 3910 3899 0
3778 3789 3910 3899 3779 3790 3911 3900 0
3779 3790 3911 3900 3780 3791 3912 3901 0
3780 3791 3912 3901 3781 3792 3913 3902 0
3781 3792 3913 3902 1002 1003 1014 1013 0
662 663 652 651 3782 3793 3914 3903 0
3782 3793 3914 3903 3783 3794 3915 3904 0
3783 3794 3915 3904 3784 3795 3916 3905 0
3784 3795 3916 3905 3785 3796 3917 3906 0
3785 3796 3917 3906 3786 3797 3918 3907 0
3786 3797 3918 3907 3787 3798 3919 3908 0
3787 3798 3919 3908 3788 3799 3920 3909 0
3788 3799 3920 3909 3789 3800 3921 3910 0
3789 3800 3921 3910 3790 3801 3922 3911 0
3790 3801 3922 3911 3791 3802 3923 3912 0
3791 3802 3923 3912 3792 3803 3924 3913 0
3792 3803 3924 3913 1003 1004 1015 1014 0
663 664 653 652 3793 3804 3925 3914 0
3793 3804 3925 3914 3794 3805 3926 3915 0
3794 3805 3926 3915 3795 3806 3927 3916 0
3795 3806 3927 3916 3796 3807 3928 3917 0
3796 3807 3928 3917 3797 3808 3929 3918 0
3797 3808 3929 3918 3798 3809 3930 3919 0
3798 3809 3930 3919 3799 3810 3931 3920 0
3799 3810 3931 3920 3800 3811 3932 3921 0
3800 3811 3932 3921 3801 3812 3933 3922 0
3801 3812 3933 3922 3802 3813 3934 3923 0
3802 3813 3934 3923 3803 3814 3935 3924 0
3803 3814 3935 3924 1004 1005 1016 1015 0
664 665 654 653 3804 3815 3936 3925 0
3804 3815 3936 3925 3805 3816 3937 3926 0
3805 3816 3937 3926 3806 3817 3938 3927 0
3806 3817 3938 3927 3807 3818 3939 3928 0
3807 3818 3939 3928 3808 3819 3940 3929 0
3808 3819 3940 3929 3809 3820 3941 3930 0
3809 3820 3941 3930 3810 3821 3942 3931 0
3810 3821 3942 3931 3811 3822 3943 3932 0
3811 3822 3943 3932 3812 3823 3944 3933 0
3812 3823 3944 3933 3813 3824 3945 3934 0
3813 3824 3945 3934 3814 3825 3946 3935 0
3814 3825 3946 3935 1005 1006 1017 1016 0
665 666 655 654 3815 3826 3947 3936 0
3815 3826 3947 3936 3816 3827 3948 3937 0
3816 3827 3948 3937 3817 3828 3949 3938 0
3817 3828 3949 3938 3818 3829 3950 3939 0
3818 3829 3950 3939 3819 3830 3951 3940 0
3819 3830 3951 3940 3820 3831 3952 3941 0
3820 3831 3952 3941 3821 3832 3953 3942 0
3821 3832 3953 3942 3822 3833 3954 3943 0
3822 3833 3954 3943 3823 3834 3955 3944 0
3823 3834 3955 3944 3824 3835 3956 3945 0
3824 3835 3956 3945 3825 3836 3957 3946 0
3825 3836 3957 3946 1006 1007 1018 1017 0
666 667 656 655 3826 3837 3958 3947 0
3826 3837 3958 3947 3827 3838 3959 3948 0
3827 3838 3959 3948 3828 3839 3960 3949 0
3828 3839 3960 3949 3829 3840 3961 3950 0
3829 3840 3961 3950 3830 3841 3962 3951 0
3830 3841 3962 3951 3831 3842 3963 3952 0
3831 3842 3963 3952 3832 3843 3964 3953 0
3832 3843 3964 3953 3833 3844 3965 3954 0
3833 3844 3965 3954 3834 3845 3966 3955 0
3834 3845 3966 3955 3835 3846 3967 3956 0
3835 3846 3967 3956 3836 3847 3968 3957 0
3836 3847 3968 3957 1007 1008 1019 1018 0
667 668 657 656 3837 3848 3969 3958 0
3837 3848 3969 3958 3838 3849 3970 3959 0
3838 3849 3970 3959 3839 3850 3971 3960 0
3839 3850 3971 3960 3840 3851 3972 3961 0
3840 3851 3972 3961 3841 3852 3973 3962 0
3841 3852 3973 3962 3842 3853 3974 3963 0
3842 3853 3974 3963 3843 3854 3975 3964 0
3843 3854 3975 3964 3844 3855 3976 3965 0
3844 3855 3976 3965 3845 3856 3977 3966 0
3845 3856 3977 3966 3846 3857 3978 3967 0
3846 3857 3978 3967 3847 3858 3979 3968 0
3847 3858 3979 3968 1008 1009 1020 1019 0
668 389 388 657 3848 1907 1906 3969 0
3848 1907 1906 3969 3849 1874 1873 3970 0
3849 1874 1873 3970 3850 1841 1840 3971 0
3850 1841 1840 3971 3851 1808 1807 3972 0
3851 1808 1807 3972 3852 1775 1774 3973 0
3852 1775 1774 3973 3853 1742 1741 3974 0
3853 1742 1741 3974 3854 1709 1708 3975 0
3854 1709 1708 3975 3855 1676 1675 3976 0
3855 1676 1675 3976 3856 1643 1642 3977 0
3856 1643 1642 3977 3857 1610 1609 3978 0
3857 1610 1609 3978 3858 1577 1576 3979 0
3858 1577 1576 3979 1009 455 454 1020 0
355 647 636 354 1213 3859 3980 1212 0
1213 3859 3980 1212 1246 3860 3981 1245 0
1246 3860 3981 1245 1279 3861 3982 1278 0
1279 3861 3982 1278 1312 3862 3983 1311 0
1312 3862 3983 1311 1345 3863 3984 1344 0
1345 3863 3984 1344 1378 3864 3985 1377 0
1378 3864 3985 1377 1411 3865 3986 1410 0
1411 3865 3986 1410 1444 3866 3987 1443 0
1444 3866 3987 1443 1477 3867 3988 1476 0
1477 3867 3988 1476 1510 3868 3989 1509 0
1510 3868 3989 1509 1543 3869 3990 1542 0
1543 3869 3990 1542 421 1010 1021 420 0
647 648 637 636 3859 3870 3991 3980 0
3859 3870 3991 3980 3860 3871 3992 3981 0
3860 3871 3992 3981 3861 3872 3993 3982 0
3861 3872 3993 3982 3862 3873 3994 3983 0
3862 3873 3994 3983 3863 3874 3995 3984 0
3863 3874 3995 3984 3864 3875 3996 3985 0
3864 3875 3996 3985 3865 3876 3997 3986 0
3865 3876 3997 3986 3866 3877 3998 3987 0
3866 3877 3998 3987 3867 3878 3999 3988 0
3867 3878 3999 3988 3868 3879 4000 3989 0
3868 3879 4000 3989 3869 3880 4001 3990 0
3869 3880 4001 3990 1010 1011 1022 1021 0
648 649 638 637 3870 3881 4002 3991 0
3870 3881 4002 3991 3871 3882 4003 3992 0
3871 3882 4003 3992 3872 3883 4004 3993 0
3872 3883 4004 3993 3873 3884 4005 3994 0
3873 3884 4005 3994 3874 3885 4006 3995 0
3874 3885 4006 3995 3875 3886 4007 3996 0
3875 3886 4007 3996 3876 3887 4008 3997 0
3876 3887 4008 3997 3877 3888 4009 3998 0
3877 3888 4009 3998 3878 3889 4010 3999 0
3878 3889 4010 3999 3879 3890 4011 4000 0
3879 3890 4011 4000 3880 3891 4012 4001 0
3880 3891 4012 4001 1011 1012 1023 1022 0
649 650 639 638 3881 3892 4013 4002 0
3881 3892 4013 4002 3882 3893 4014 4003 0
3882 3893 4014 4003 3883 3894 4015 4004 0
3883 3894 4015 4004 3884 3895 4016 4005 0
3884 3895 4016 4005 3885 3896 4017 4006 0
3885 3896 4017 4006 3886 3897 4018 4007 0
3886 3897 4018 4007 3887 3898 4019 4008 0
3887 3898 4019 4008 3888 3899 4020 4009 0
3888 3899 4020 4009 3889 3900 4021 4010 0
3889 3900 4021 4010 3890 3901 4022 4011 0
3890 3901 4022 4011 3891 3902 4023 4012 0
3891 3902 4023 4012 1012 1013 1024 1023 0
650 651 640 639 3892 3903 4024 4013 0
3892 3903 4024 4013 3893 3904 4025 4014 0
3893 3904 4025 4014 3894 3905 4026 4015 0
3894 3905 4026 4015 3895 3906 4027 4016 0
3895 3906 4027 4016 3896 3907 4028 4017 0
3896 3907 4028 4017 3897 3908 4029 4018 0
3897 3908 4029 4018 3898 3909 4030 4019 0
3898 3909 4030 4019 3899 3910 4031 4020 0
3899 3910 4031 4020 3900 3911 4032 4021 0
3900 3911 4032 4021 3901 3912 4033 4022 0
3901 3912 4033 4022 3902 3913 4034 4023 0
3902 3913 4034 4023 1013 1014 1025 1024 0
651 652 641 640 3903 3914 4035 4024 0
3903 3914 4035 4024 3904 3915 4036 4025 0
3904 3915 4036 4025 3905 3916 4037 4026 0
3905 3916 4037 4026 3906 3917 4038 4027 0
3906 3917 4038 4027 3907 3918 4039 4028 0
3907 3918 4039 4028 3908 3919 4040 4029 0
3908 3919 4040 4029 3909 3920 4041 4030 0
3909 3920 4041 4030 3910 3921 4042 4031 0
3910 3921 4042 4031 3911 3922 4043 4032 0
3911 3922 4043 4032 3912 3923 4044 4033 0
3912 3923 4044 4033 3913 3924 4045 4034 0
3913 3924 4045 4034 1014 1015 1026 1025 0
652 653 642 641 3914 3925 4046 4035 0
3914 3925 4046 4035 3915 3926 4047 4036 0
3915 3926 4047 4036 3916 3927 4048 4037 0
3916 3927 4048 4037 3917 3928 4049 4038 0
3917 3928 4049 4038 3918 3929 4050 4039 0
3918 3929 4050 4039 3919 3930 4051 4040 0
3919 3930 4051 4040 3920 3931 4052 4041 0
3920 3931 4052 4041 3921 3932 4053 4042 0
3921 3932 4053 4042 3922 3933 4054 4043 0
3922 3933 4054 4043 3923 3934 4055 4044 0
3923 3934 4055 4044 3924 3935 4056 4045 0
3924 3935 4056 4045 1015 1016 1027 1026 0
653 654 643 642 3925 3936 4057 4046 0
3925 3936 4057 4046 3926 3937 4058 4047 0
3926 3937 4058 4047 3927 3938 4059 4048 0
3927 3938 4059 4048 3928 3939 4060 4049 0
3928 3939 4060 4049 3929 3940 4061 4050 0
3929 3940 4061 4050 3930 3941 4062 4051 0
3930 3941 4062 4051 3931 3942 4063 4052 0
3931 3942 4063 4052 3932 3943 4064 4053 0
3932 3943 4064 4053 3933 3944 4065 4054 0
3933 3944 4065 4054 3934 3945 4066 4055 0
3934 3945 4066 4055 3935 3946 4067 4056 0
3935 3946 4067 4056 1016 1017 1028 1027 0
654 655 644 643 3936 3947 4068 4057 0
3936 3947 4068 4057 3937 3948 4069 4058 0
3937 3948 4069 4058 3938 3949 4070 4059 0
3938 3949 4070 4059 3939 3950 4071 4060 0
3939 3950 4071 4060 3940 3951 4072 4061 0
3940 3951 4072 4061 3941 3952 4073 4062 0
3941 3952 4073 4062 3942 3953 4074 4063 0
3942 3953 4074 4063 3943 3954 4075 4064 0
3943 3954 4075 4064 3944 3955 4076 4065 0
3944 3955 4076 4065 3945 3956 4077 4066 0
3945 3956 4077 4066 3946 3957 4078 4067 0
3946 3957 4078 4067 1017 1018 1029 1028 0
655 656 645 644 3947 3958 4079 4068 0
3947 3958 4079 4068 3948 3959 4080 4069 0
3948 3959 4080 4069 3949 3960 4081 4070 0
3949 3960 4081 4070 3950 3961 4082 4071 0
3950 3961 4082 4071 3951 3962 4083 4072 0
3951 3962 4083 4072 3952 3963 4084 4073 0
3952 3963 4084 4073 3953 3964 4085 4074 0
3953 3964 4085 4074 3954 3965 4086 4075 0
3954 3965 4086 4075 3955 3966 4087 4076 0
3955 3966 4087 4076 3956 3967 4088 4077 0
3956 3967 4088 4077 3957 3968 4089 4078 0
3957 3968 4089 4078 1018 1019 1030 1029 0
656 657 646 645 3958 3969 4090 4079 0
3958 3969 4090 4079 3959 3970 4091 4080 0
3959 3970 4091 4080 3960 3971 4092 4081 0
3960 3971 4092 4081 3961 3972 4093 4082 0
3961 3972 4093 4082 3962 3973 4094 4083 0
3962 3973 4094 4083 3963 3974 4095 4084 0
3963 3974 4095 4084 3964 3975 4096 4085 0
3964 3975 4096 4085 3965 3976 4097 4086 0
3965 3976 4097 4086 3966 3977 4098 4087 0
3966 3977 4098 4087 3967 3978 4099 4088 0
3967 3978 4099 4088 3968 3979 4100 4089 0
3968 3979 4100 4089 1019 1020 1031 1030 0
657 388 387 646 3969 1906 1905 4090 0
3969 1906 1905 4090 3970 1873 1872 4091 0
3970 1873 1872 4091 3971 1840 1839 4092 0
3971 1840 1839 4092 3972 1807 1806 4093 0
3972 1807 1806 4093 3973 1774 1773 4094 0
3973 1774 1773 4094 3974 1741 1740 4095 0
3974 1741 1740 4095 3975 1708 1707 4096 0
3975 1708 1707 4096 3976 1675 1674 4097 0
3976 1675 1674 4097 3977 1642 1641 4098 0
3977 1642 1641 4098 3978 1609 1608 4099 0
3978 1609 1608 4099 3979 1576 1575 4100 0
3979 1576 1575 4100 1020 454 453 1031 0
354 636 625 353 1212 3980 4101 1211 0
1212 3980 4101 1211 1245 3981 4102 1244 0
1245 3981 4102 1244 1278 3982 4103 1277 0
1278 3982 4103 1277 1311 3983 4104 1310 0
1311 3983 4104 1310 1344 3984 4105 1343 0
1344 3984 4105 1343 1377 3985 4106 1376 0
1377 3985 4106 1376 1410 3986 4107 1409 0
1410 3986 4107 1409 1443 3987 4108 1442 0
1443 3987 4108 1442 1476 3988 4109 1475 0
1476 3988 4109 1475 1509 3989 4110 1508 0
1509 3989 4110 1508 1542 3990 4111 1541 0
1542 3990 4111 1541 420 1021 1032 419 0
636 637 626 625 3980 3991 4112 4101 0
3980 3991 4112 4101 3981 3992 4113 4102 0
3981 3992 4113 4102 3982 3993 4114 4103 0
3982 3993 4114 4103 3983 3994 4115 4104 0
3983 3994 4115 4104 3984 3995 4116 4105 0
3984 3995 4116 4105 3985 3996 4117 4106 0
3985 3996 4117 4106 3986 3997 4118 4107 0
3986 3997 4118 4107 3987 3998 4119 4108 0
3987 3998 4119 4108 3988 3999 4120 4109 0
3988 3999 4120 4109 3989 4000 4121 4110 0
3989 4000 4121 4110 3990 4001 4122 4111 0
3990 4001 4122 4111 1021 1022 1033 1032 0
637 638 627 626 3991 4002 4123 4112 0
3991 4002 4123 4112 3992 4003 4124 4113 0
3992 4003 4124 4113 3993 4004 4125 4114 0
3993 4004 4125 4114 3994 4005 4126 4115 0
3994 4005 4126 4115 3995 4006 4127 4116 0
3995 4006 4127 4116 3996 4007 4128 4117 0
3996 4007 4128 4117 3997 4008 4129 4118 0
3997 4008 4129 4118 3998 4009 4130 4119 0
3998 4009 4130 4119 3999 4010 4131 4120 0
3999 4010 4131 4120 4000 4011 4132 4121 0
4000 4011 4132 4121 4001 4012 4133 4122 0
4001 4012 4133 4122 1022 1023 1034 1033 0
638 639 628 627 4002 4013 4134 4123 0
4002 4013 4134 4123 4003 4014 4135 4124 0
4003 4014 4135 4124 4004 4015 4136 4125 0
4004 4015 4136 4125 4005 4016 4137 4126 0
4005 4016 4137 4126 4006 4017 4138 4127 0
4006 4017 4138 4127 4007 4018 4139 4128 0
4007 4018 4139 4128 4008 4019 4140 4129 0
4008 4019 4140 4129 4009 4020 4141 4130 0
4009 4020 4141 4130 4010 4021 4142 4131 0
4010 4021 4142 4131 4011 4022 4143 4132 0
4011 4022 4143 4132 4012 4023 4144 4133 0
4012 4023 4144 4133 1023 1024 1035 1034 0
639 640 629 628 4013 4024 4145 4134 0
4013 4024 4145 4134 4014 4025 4146 4135 0
4014 4025 4146 4135 4015 4026 4147 4136 0
4015 4026 4147 4136 4016 4027 4148 4137 0
4016 4027 4148 4137 4017 4028 4149 4138 0
4017 4028 4149 4138 4018 4029 4150 4139 0
4018 4029 4150 4139 4019 4030 4151 4140 0
4019 4030 4151 4140 4020 4031 4152 4141 0
4020 4031 4152 4141 4021 4032 4153 4142 0
4021 4032 4153 4142 4022 4033 4154 4143 0
4022 4033 4154 4143 4023 4034 4155 4144 0
4023 4034 4155 4144 1024 1025 1036 1035 0
640 641 630 629 4024 4035 4156 4145 0
4024 4035 4156 4145 4025 4036 4157 4146 0
4025 4036 4157 4146 4026 4037 4158 4147 0
4026 4037 4158 4147 4027 4038 4159 4148 0
4027 4038 4159 4148 4028 4039 4160 4149 0
4028 4039 4160 4149 4029 4040 4161 4150 0
4029 4040 4161 4150 4030 4041 4162 4151 0
4030 4041 4162 4151 4031 4042 4163 4152 0
4031 4042 4163 4152 4032 4043 4164 4153 0
4032 4043 4164 4153 4033 4044 4165 4154 0
4033 4044 4165 4154 4034 4045 4166 4155 0
4034 4045 4166 4155 1025 1026 1037 1036 0
641 642 631 630 4035 4046 4167 4156 0
4035 4046 4167 4156 4036 4047 4168 4157 0
4036 4047 4168 4157 4037 4048 4169 4158 0
4037 4048 4169 4158 4038 4049 4170 4159 0
4038 4049 4170 4159 4039 4050 4171 4160 0
4039 4050 4171 4160 4040 4051 4172 4161 0
4040 4051 4172 4161 4041 4052 4173 4162 0
4041 4052 4173 4162 4042 4053 4174 4163 0
4042 4053 4174 4163 4043 4054 4175 4164 0
4043 4054 4175 4164 4044 4055 4176 4165 0
4044 4055 4176 4165 4045 4056 4177 4166 0
4045 4056 4177 4166 1026 1027 1038 1037 0
642 643 632 631 4046 4057 4178 4167 0
4046 4057 4178 4167 4047 4058 4179 4168 0
4047 4058 4179 4168 4048 4059 4180 4169 0
4048 4059 4180 4169 4049 4060 4181 4170 0
4049 4060 4181 4170 4050 4061 4182 4171 0
4050 4061 4182 4171 4051 4062 4183 4172 0
4051 4062 4183 4172 4052 4063 4184 4173 0
4052 4063 4184 4173 4053 4064 4185 4174 0
4053 4064 4185 4174 4054 4065 4186 4175 0
4054 4065 4186 4175 4055 4066 4187 4176 0
4055 4066 4187 4176 4056 4067 4188 4177 0
4056 4067 4188 4177 1027 1028 1039 1038 0
643 644 633 632 4057 4068 4189 4178 0
4057 4068 4189 4178 4058 4069 4190 4179 0
4058 4069 4190 4179 4059 4070 4191 4180 0
4059 4070 4191 4180 4060 4071 4192 4181 0
4060 4071 4192 4181 4061 4072 4193 4182 0
4061 4072 4193 4182 4062 4073 4194 4183 0
4062 4073 4194 4183 4063 4074 4195 4184 0
4063 4074 4195 4184 4064 4075 4196 4185 0
4064 4075 4196 4185 4065 4076 4197 4186 0
4065 4076 4197 4186 4066 4077 4198 4187 0
4066 4077 4198 4187 4067 4078 4199 4188 0
4067 4078 4199 4188 1028 1029 1040 1039 0
644 645 634 633 4068 4079 4200 4189 0
4068 4079 4200 4189 4069 4080 4201 4190 0
4069 4080 4201 4190 4070 4081 4202 4191 0
4070 4081 4202 4191 4071 4082 4203 4192 0
4071 4082 4203 4192 4072 4083 4204 4193 0
4072 4083 4204 4193 4073 4084 4205 4194 0
4073 4084 4205 4194 4074 4085 4206 4195 0
4074 4085 4206 4195 4075 4086 4207 4196 0
4075 4086 4207 4196 4076 4087 4208 4197 0
4076 4087 4208 4197 4077 4088 4209 4198 0
4077 4088 4209 4198 4078 4089 4210 4199 0
4078 4089 4210 4199 1029 1030 1041 1040 0
645 646 635 634 4079 4090 4211 4200 0
4079 4090 4211 4200 4080 4091 4212 4201 0
4080 4091 4212 4201 4081 4092 4213 4202 0
4081 4092 4213 4202 4082 4093 4214 4203 0
4082 4093 4214 4203 4083 4094 4215 4204 0
4083 4094 4215 4204 4084 4095 4216 4205 0
4084 4095 4216 4205 4085 4096 4217 4206 0
4085 4096 4217 4206 4086 4097 4218 4207 0
4086 4097 4218 4207 4087 4098 4219 4208 0
4087 4098 4219 4208 4088 4099 4220 4209 0
4088 4099 4220 4209 4089 4100 4221 4210 0
4089 4100 4221 4210 1030 1031 1042 1041 0
646 387 386 635 4090 1905 1904 4211 0
4090 1905 1904 4211 4091 1872 1871 4212 0
4091 1872 1871 4212 4092 1839 1838 4213 0
4092 1839 1838 4213 4093 1806 1805 4214 0
4093 1806 1805 4214 4094 1773 1772 4215 0
4094 1773 1772 4215 4095 1740 1739 4216 0
4095 1740 1739 4216 4096 1707 1706 4217 0
4096 1707 1706 4217 4097 1674 1673 4218 0
4097 1674 1673 4218 4098 1641 1640 4219 0
4098 1641 1640 4219 4099 1608 1607 4220 0
4099 1608 1607 4220 4100 1575 1574 4221 0
4100 1575 1574 4221 1031 453 452 1042 0
353 625 614 352 1211 4101 4222 1210 0
1211 4101 4222 1210 1244 4102 4223 1243 0
1244 4102 4223 1243 1277 4103 4224 1276 0
1277 4103 4224 1276 1310 4104 4225 1309 0
1310 4104 4225 1309 1343 4105 4226 1342 0
1343 4105 4226 1342 1376 4106 4227 1375 0
1376 4106 4227 1375 1409 4107 4228 1408 0
1409 4107 4228 1408 1442 4108 4229 1441 0
1442 4108 4229 1441 1475 4109 4230 1474 0
1475 4109 4230 1474 1508 4110 4231 1507 0
1508 4110 4231 1507 1541 4111 4232 1540 0
1541 4111 4232 1540 419 1032 1043 418 0
625 626 615 614 4101 4112 4233 4222 0
4101 4112 4233 4222 4102 4113 4234 4223 0
4102 4113 4234 4223 4103 4114 4235 4224 0
4103 4114 4235 4224 4104 4115 4236 4225 0
4104 4115 4236 4225 4105 4116 4237 4226 0
4105 4116 4237 4226 4106 4117 4238 4227 0
4106 4117 4238 4227 4107 4118 4239 4228 0
4107 4118 4239 4228 4108 4119 4240 4229 0
4108 4119 4240 4229 4109 4120 4241 4230 0
4109 4120 4241 4230 4110 4121 4242 4231 0
4110 4121 4242 4231 4111 4122 4243 4232 0
4111 4122 4243 4232 1032 1033 1044 1043 0
626 627 616 615 4112 4123 4244 4233 0
4112 4123 4244 4233 4113 4124 4245 4234 0
4113 4124 4245 4234 4114 4125 4246 4235 0
4114 4125 4246 4235 4115 4126 4247 4236 0
4115 4126 4247 4236 4116 4127 4248 4237 0
4116 4127 4248 4237 4117 4128 4249 4238 0
4117 4128 4249 4238 4118 4129 4250 4239 0
4118 4129 4250 4239 4119 4130 4251 4240 0
4119 4130 4251 4240 4120 4131 4252 4241 0
4120 4131 4252 4241 4121 4132 4253 4242 0
4121 4132 4253 4242 4122 4133 4254 4243 0
4122 4133 4254 4243 1033 1034 1045 1044 0
627 628 617 616 4123 4134 4255 4244 0
4123 4134 4255 4244 4124 4135 4256 4245 0
4124 4135 4256 4245 4125 4136 4257 4246 0
4125 4136 4257 4246 4126 4137 4258 4247 0
4126 4137 4258 4247 4127 4138 4259 4248 0
4127 4138 4259 4248 4128 4139 4260 4249 0
4128 4139 4260 4249 4129 4140 4261 4250 0
4129 4140 4261 4250 4130 4141 4262 4251 0
4130 4141 4262 4251 4131 4142 4263 4252 0
4131 4142 4263 4252 4132 4143 4264 4253 0
4132 4143 4264 4253 4133 4144 4265 4254 0
4133 4144 4265 4254 1034 1035 1046 1045 0
628 629 618 617 4134 4145 4266 4255 0
4134 4145 4266 4255 4135 4146 4267 4256 0
4135 4146 4267 4256 4136 4147 4268 4257 0
4136 4147 4268 4257 4137 4148 4269 4258 0
4137 4148 4269 4258 4138 4149 4270 4259 0
4138 4149 4270 4259 4139 4150 4271 4260 0
4139 4150 4271 4260 4140 4151 4272 4261 0
4140 4151 4272 4261 4141 4152 4273 4262 0
4141 4152 4273 4262 4142 4153 4274 4263 0
4142 4153 4274 4263 4143 4154 4275 4264 0
4143 4154 4275 4264 4144 4155 4276 4265 0
4144 4155 4276 4265 1035 1036 1047 1046 0
629 630 619 618 4145 4156 4277 4266 0
4145 4156 4277 4266 4146 4157 4278 4267 0
4146 4157 4278 4267 4147 4158 4279 4268 0
4147 4158 4279 4268 4148 4159 4280 4269 0
4148 4159 4280 4269 4149 4160 4281 4270 0
4149 4160 4281 4270 4150 4161 4282 4271 0
4150 4161 4282 4271 4151 4162 4283 4272 0
4151 4162 4283 4272 4152 4163 4284 4273 0
4152 4163 4284 4273 4153 4164 4285 4274 0
4153 4164 4285 4274 4154 4165 4286 4275 0
4154 4165 4286 4275 4155 4166 4287 4276 0
4155 4166 4287 4276 1036 1037 1048 1047 0
630 631 620 619 4156 4167 4288 4277 0
4156 4167 4288 4277 4157 4168 4289 4278 0
4157 4168 4289 4278 4158 4169 4290 4279 0
4158 4169 4290 4279 4159 4170 4291 4280 0
4159 4170 4291 4280 4160 4171 4292 4281 0
4160 4171 4292 4281 4161 4172 4293 4282 0
4161 4172 4293 4282 4162 4173 4294 4283 0
4162 4173 4294 4283 4163 4174 4295 4284 0
4163 4174 4295 4284 4164 4175 4296 4285 0
4164 4175 4296 4285 4165 4176 4297 4286 0
4165 4176 4297 4286 4166 4177 4298 4287 0
4166 4177 4298 4287 1037 1038 1049 1048 0
631 632 621 620 4167 4178 4299 4288 0
4167 4178 4299 4288 4168 4179 4300 4289 0
4168 4179 4300 4289 4169 4180 4301 4290 0
4169 4180 4301 4290 4170 4181 4302 4291 0
4170 4181 4302 4291 4171 4182 4303 4292 0
4171 4182 4303 4292 4172 4183 4304 4293 0
4172 4183 4304 4293 4173 4184 4305 4294 0
4173 4184 4305 4294 4174 4185 4306 4295 0
4174 4185 4306 4295 4175 4186 4307 4296 0
4175 4186 4307 4296 4176 4187 4308 4297 0
4176 4187 4308 4297 4177 4188 4309 4298 0
4177 4188 4309 4298 1038 1039 1050 1049 0
632 633 622 621 4178 4189 4310 4299 0
4178 4189 4310 4299 4179 4190 4311 4300 0
4179 4190 4311 4300 4180 4191 4312 4301 0
4180 4191 4312 4301 4181 4192 4313 4302 0
4181 4192 4313 4302 4182 4193 4314 4303 0
4182 4193 4314 4303 4183 4194 4315 4304 0
4183 4194 4315 4304 4184 4195 4316 4305 0
4184 4195 4316 4305 4185 4196 4317 4306 0
4185 4196 4317 4306 4186 4197 4318 4307 0
4186 4197 4318 4307 4187 4198 4319 4308 0
4187 4198 4319 4308 4188 4199 4320 4309 0
4188 4199 4320 4309 1039 1040 1051 1050 0
633 634 623 622 4189 4200 4321 4310 0
4189 4200 4321 4310 4190 4201 4322 4311 0
4190 4201 4322 4311 4191 4202 4323 4312 0
4191 4202 4323 4312 4192 4203 4324 4313 0
4192 4203 4324 4313 4193 4204 4325 4314 0
4193 4204 4325 4314 4194 4205 4326 4315 0
4194 4205 4326 4315 4195 4206 4327 4316 0
4195 4206 4327 4316 4196 4207 4328 4317 0
4196 4207 4328 4317 4197 4208 4329 4318 0
4197 4208 4329 4318 4198 4209 4330 4319 0
4198 4209 4330 4319 4199 4210 4331 4320 0
4199 4210 4331 4320 1040 1041 1052 1051 0
634 635 624 623 4200 4211 4332 4321 0
4200 4211 4332 4321 4201 4212 4333 4322 0
4201 4212 4333 4322 4202 4213 4334 4323 0
4202 4213 4334 4323 4203 4214 4335 4324 0
4203 4214 4335 4324 4204 4215 4336 4325 0
4204 4215 4336 4325 4205 4216 4337 4326 0
4205 4216 4337 4326 4206 4217 4338 4327 0
4206 4217 4338 4327 4207 4218 4339 4328 0
4207 4218 4339 4328 4208 4219 4340 4329 0
4208 4219 4340 4329 4209 4220 4341 4330 0
4209 4220 4341 4330 4210 4221 4342 4331 0
4210 4221 4342 4331 1041 1042 1053 1052 0
635 386 385 624 4211 1904 1903 4332 0
4211 1904 1903 4332 4212 1871 1870 4333 0
4212 1871 1870 4333 4213 1838 1837 4334 0
4213 1838 1837 4334 4214 1805 1804 4335 0
4214 1805 1804 4335 4215 1772 1771 4336 0
4215 1772 1771 4336 4216 1739 1738 4337 0
4216 1739 1738 4337 4217 1706 1705 4338 0
4217 1706 1705 4338 4218 1673 1672 4339 0
4218 1673 1672 4339 4219 1640 1639 4340 0
4219 1640 1639 4340 4220 1607 1606 4341 0
4220 1607 1606 4341 4221 1574 1573 4342 0
4221 1574 1573 4342 1042 452 451 1053 0
352 614 603 351 1210 4222 4343 1209 0
1210 4222 4343 1209 1243 4223 4344 1242 0
1243 4223 4344 1242 1276 4224 4345 1275 0
1276 4224 4345 1275 1309 4225 4346 1308 0
1309 4225 4346 1308 1342 4226 4347 1341 0
1342 4226 4347 1341 1375 4227 4348 1374 0
1375 4227 4348 1374 1408 4228 4349 1407 0
1408 4228 4349 1407 1441 4229 4350 1440 0
1441 4229 4350 1440 1474 4230 4351 1473 0
1474 4230 4351 1473 1507 4231 4352 1506 0
1507 4231 4352 1506 1540 4232 4353 1539 0
1540 4232 4353 1539 418 1043 1054 417 0
614 615 604 603 4222 4233 4354 4343 0
4222 4233 4354 4343 4223 4234 4355 4344 0
4223 4234 4355 4344 4224 4235 4356 4345 0
4224 4235 4356 4345 4225 4236 4357 4346 0
4225 4236 4357 4346 4226 4237 4358 4347 0
4226 4237 4358 4347 4227 4238 4359 4348 0
4227 4238 4359 4348 4228 4239 4360 4349 0
4228 4239 4360 4349 4229 4240 4361 4350 0
4229 4240 4361 4350 4230 4241 4362 4351 0
4230 4241 4362 4351 4231 4242 4363 4352 0
4231 4242 4363 4352 4232 4243 4364 4353 0
4232 4243 4364 4353 1043 1044 1055 1054 0
615 616 605 604 4233 4244 4365 4354 0
4233 4244 4365 4354 4234 4245 4366 4355 0
4234 4245 4366 4355 4235 4246 4367 4356 0
4235 4246 4367 4356 4236 4247 4368 4357 0
4236 4247 4368 4357 4237 4248 4369 4358 0
4237 4248 4369 4358 4238 4249 4370 4359 0
4238 4249 4370 4359 4239 4250 4371 4360 0
4239 4250 4371 4360 4240 4251 4372 4361 0
4240 4251 4372 4361 4241 4252 4373 4362 0
4241 4252 4373 4362 4242 4253 4374 4363 0
4242 4253 4374 4363 4243 4254 4375 4364 0
4243 4254 4375 4364 1044 1045 1056 1055 0
616 617 606 605 4244 4255 4376 4365 0
4244 4255 4376 4365 4245 4256 4377 4366 0
4245 4256 4377 4366 4246 4257 4378 4367 0
4246 4257 4378 4367 4247 4258 4379 4368 0
4247 4258 4379 4368 4248 4259 4380 4369 0
4248 4259 4380 4369 4249 4260 4381 4370 0
4249 4260 4381 4370 4250 4261 4382 4371 0
4250 4261 4382 4371 4251 4262 4383 4372 0
4251 4262 4383 4372 4252 4263 4384 4373 0
4252 4263 4384 4373 4253 4264 4385 4374 0
4253 4264 4385 4374 4254 4265 4386 4375 0
4254 4265 4386 4375 1045 1046 1057 1056 0
617 618 607 606 4255 4266 4387 4376 0
4255 4266 4387 4376 4256 4267 4388 4377 0
4256 4267 4388 4377 4257 4268 4389 4378 0
4257 4268 4389 4378 4258 4269 4390 4379 0
4258 4269 4390 4379 4259 4270 4391 4380 0
4259 4270 4391 4380 4260 4271 4392 4381 0
4260 4271 4392 4381 4261 4272 4393 4382 0
4261 4272 4393 4382 4262 4273 4394 4383 0
4262 4273 4394 4383 4263 4274 4395 4384 0
4263 4274 4395 4384 4264 4275 4396 4385 0
4264 4275 4396 4385 4265 4276 4397 4386 0
4265 4276 4397 4386 1046 1047 1058 1057 0
618 619 608 607 4266 4277 4398 4387 0
4266 4277 4398 4387 4267 4278 4399 4388 0
4267 4278 4399 4388 4268 4279 4400 4389 0
4268 4279 4400 4389 4269 4280 4401 4390 0
4269 4280 4401 4390 4270 4281 4402 4391 0
4270 4281 4402 4391 4271 4282 4403 4392 0
4271 4282 4403 4392 4272 4283 4404 4393 0
4272 4283 4404 4393 4273 4284 4405 4394 0
4273 4284 4405 4394 4274 4285 4406 4395 0
4274 4285 4406 4395 4275 4286 4407 4396 0
4275 4286 4407 4396 4276 4287 4408 4397 0
4276 4287 4408 4397 1047 1048 1059 1058 0
619 620 609 608 4277 4288 4409 4398 0
4277 4288 4409 4398 4278 4289 4410 4399 0
4278 4289 4410 4399 4279 4290 4411 4400 0
4279 4290 4411 4400 4280 4291 4412 4401 0
4280 4291 4412 4401 4281 4292 4413 4402 0
4281 4292 4413 4402 4282 4293 4414 4403 0
4282 4293 4414 4403 4283 4294 4415 4404 0
4283 4294 4415 4404 4284 4295 4416 4405 0
4284 4295 4416 4405 4285 4296 4417 4406 0
4285 4296 4417 4406 4286 4297 4418 4407 0
4286 4297 4418 4407 4287 4298 4419 4408 0
4287 4298 4419 4408 1048 1049 1060 1059 0
620 621 610 609 4288 4299 4420 4409 0
4288 4299 4420 4409 4289 4300 4421 4410 0
4289 4300 4421 4410 4290 4301 4422 4411 0
4290 4301 4422 4411 4291 4302 4423 4412 0
4291 4302 4423 4412 4292 4303 4424 4413 0
4292 4303 4424 4413 4293 4304 4425 4414 0
4293 4304 4425 4414 4294 4305 4426 4415 0
4294 4305 4426 4415 4295 4306 4427 4416 0
4295 4306 4427 4416 4296 4307 4428 4417 0
4296 4307 4428 4417 4297 4308 4429 4418 0
4297 4308 4429 4418 4298 4309 4430 4419 0
4298 4309 4430 4419 1049 1050 1061 1060 0
621 622 611 610 4299 4310 4431 4420 0
4299 4310 4431 4420 4300 4311 4432 4421 0
4300 4311 4432 4421 4301 4312 4433 4422 0
4301 4312 4433 4422 4302 4313 4434 4423 0
4302 4313 4434 4423 4303 4314 4435 4424 0
4303 4314 4435 4424 4304 4315 4436 4425 0
4304 4315 4436 4425 4305 4316 4437 4426 0
4305 4316 4437 4426 4306 4317 4438 4427 0
4306 4317 4438 4427 4307 4318 4439 4428 0
4307 4318 4439 4428 4308 4319 4440 4429 0
4308 4319 4440 4429 4309 4320 4441 4430 0
4309 4320 4441 4430 1050 1051 1062 1061 0
622 623 612 611 4310 4321 4442 4431 0
4310 4321 4442 4431 4311 4322 4443 4432 0
4311 4322 4443 4432 4312 4323 4444 4433 0
4312 4323 4444 4433 4313 4324 4445 4434 0
4313 4324 4445 4434 4314 4325 4446 4435 0
4314 4325 4446 4435 4315 4326 4447 4436 0
4315 4326 4447 4436 4316 4327 4448 4437 0
4316 4327 4448 4437 4317 4328 4449 4438 0
4317 4328 4449 4438 4318 4329 4450 4439 0
4318 4329 4450 4439 4319 4330 4451 4440 0
4319 4330 4451 4440 4320 4331 4452 4441 0
4320 4331 4452 4441 1051 1052 1063 1062 0
623 624 613 612 4321 4332 4453 4442 0
4321 4332 4453 4442 4322 4333 4454 4443 0
4322 4333 4454 4443 4323 4334 4455 4444 0
4323 4334 4455 4444 4324 4335 4456 4445 0
4324 4335 4456 4445 4325 4336 4457 4446 0
4325 4336 4457 4446 4326 4337 4458 4447 0
4326 4337 4458 4447 4327 4338 4459 4448 0
4327 4338 4459 4448 4328 4339 4460 4449 0
4328 4339 4460 4449 4329 4340 4461 4450 0
4329 4340 4461 4450 4330 4341 4462 4451 0
4330 4341 4462 4451 4331 4342 4463 4452 0
4331 4342 4463 4452 1052 1053 1064 1063 0
624 385 384 613 4332 1903 1902 4453 0
4332 1903 1902 4453 4333 1870 1869 4454 0
4333 1870 1869 4454 4334 1837 1836 4455 0
4334 1837 1836 4455 4335 1804 1803 4456 0
4335 1804 1803 4456 4336 1771 1770 4457 0
4336 1771 1770 4457 4337 1738 1737 4458 0
4337 1738 1737 4458 4338 1705 1704 4459 0
4338 1705 1704 4459 4339 1672 1671 4460 0
4339 1672 1671 4460 4340 1639 1638 4461 0
4340 1639 1638 4461 4341 1606 1605 4462 0
4341 1606 1605 4462 4342 1573 1572 4463 0
4342 1573 1572 4463 1053 451 450 1064 0
351 603 592 350 1209 4343 4464 1208 0
1209 4343 4464 1208 1242 4344 4465 1241 0
1242 4344 4465 1241 1275 4345 4466 1274 0
1275 4345 4466 1274 1308 4346 4467 1307 0
1308 4346 4467 1307 1341 4347 4468 1340 0
1341 4347 4468 1340 1374 4348 4469 1373 0
1374 4348 4469 1373 1407 4349 4470 1406 0
1407 4349 4470 1406 1440 4350 4471 1439 0
1440 4350 4471 1439 1473 4351 4472 1472 0
1473 4351 4472 1472 1506 4352 4473 1505 0
1506 4352 4473 1505 1539 4353 4474 1538 0
1539 4353 4474 1538 417 1054 1065 416 0
603 604 593 592 4343 4354 4475 4464 0
4343 4354 4475 4464 4344 4355 4476 4465 0
4344 4355 4476 4465 4345 4356 4477 4466 0
4345 4356 4477 4466 4346 4357 4478 4467 0
4346 4357 4478 4467 4347 4358 4479 4468 0
4347 4358 4479 4468 4348 4359 4480 4469 0
4348 4359 4480 4469 4349 4360 4481 4470 0
4349 4360 4481 4470 4350 4361 4482 4471 0
4350 4361 4482 4471 4351 4362 4483 4472 0
4351 4362 4483 4472 4352 4363 4484 4473 0
4352 4363 4484 4473 4353 4364 4485 4474 0
4353 4364 4485 4474 1054 1055 1066 1065 0
604 605 594 593 4354 4365 4486 4475 0
4354 4365 4486 4475 4355 4366 4487 4476 0
4355 4366 4487 4476 4356 4367 4488 4477 0
4356 4367 4488 4477 4357 4368 4489 4478 0
4357 4368 4489 4478 4358 4369 4490 4479 0
4358 4369 4490 4479 4359 4370 4491 4480 0
4359 4370 4491 4480 4360 4371 4492 4481 0
4360 4371 4492 4481 4361 4372 4493 4482 0
4361 4372 4493 4482 4362 4373 4494 4483 0
4362 4373 4494 4483 4363 4374 4495 4484 0
4363 4374 4495 4484 4364 4375 4496 4485 0
4364 4375 4496 4485 1055 1056 1067 1066 0
605 606 595 594 4365 4376 4497 4486 0
4365 4376 4497 4486 4366 4377 4498 4487 0
4366 4377 4498 4487 4367 4378 4499 4488 0
4367 4378 4499 4488 4368 4379 4500 4489 0
4368 4379 4500 4489 4369 4380 4501 4490 0
4369 4380 4501 4490 4370 4381 4502 4491 0
4370 4381 4502 4491 4371 4382 4503 4492 0
4371 4382 4503 4492 4372 4383 4504 4493 0
4372 4383 4504 4493 4373 4384 4505 4494 0
4373 4384 4505 4494 4374 4385 4506 4495 0
4374 4385 4506 4495 4375 4386 4507 4496 0
4375 4386 4507 4496 1056 1057 1068 1067 0
606 607 596 595 4376 4387 4508 4497 0
4376 4387 4508 4497 4377 4388 4509 4498 0
4377 4388 4509 4498 4378 4389 4510 4499 0
4378 4389 4510 4499 4379 4390 4511 4500 0
4379 4390 4511 4500 4380 4391 4512 4501 0
4380 4391 4512 4501 4381 4392 4513 4502 0
4381 4392 4513 4502 4382 4393 4514 4503 0
4382 4393 4514 4503 4383 4394 4515 4504 0
4383 4394 4515 4504 4384 4395 4516 4505 0
4384 4395 4516 4505 4385 4396 4517 4506 0
4385 4396 4517 4506 4386 4397 4518 4507 0
4386 4397 4518 4507 1057 1058 1069 1068 0
607 608 597 596 4387 4398 4519 4508 0
4387 4398 4519 4508 4388 4399 4520 4509 0
4388 4399 4520 4509 4389 4400 4521 4510 0
4389 4400 4521 4510 4390 4401 4522 4511 0
4390 4401 4522 4511 4391 4402 4523 4512 0
4391 4402 4523 4512 4392 4403 4524 4513 0
4392 4403 4524 4513 4393 4404 4525 4514 0
4393 4404 4525 4514 4394 4405 4526 4515 0
4394 4405 4526 4515 4395 4406 4527 4516 0
4395 4406 4527 4516 4396 4407 4528 4517 0
4396 4407 4528 4517 4397 4408 4529 4518 0
4397 4408 4529 4518 1058 1059 1070 1069 0
608 609 598 597 4398 4409 4530 4519 0
4398 4409 4530 4519 4399 4410 4531 4520 0
4399 4410 4531 4520 4400 4411 4532 4521 0
4400 4411 4532 4521 4401 4412 4533 4522 0
4401 4412 4533 4522 4402 4413 4534 4523 0
4402 4413 4534 4523 4403 4414 4535 4524 0
4403 4414 4535 4524 4404 4415 4536 4525 0
4404 4415 4536 4525 4405 4416 4537 4526 0
4405 4416 4537 4526 4406 4417 4538 4527 0
4406 4417 4538 4527 4407 4418 4539 4528 0
4407 4418 4539 4528 4408 4419 4540 4529 0
4408 4419 4540 4529 1059 1060 1071 1070 0
609 610 599 598 4409 4420 4541 4530 0
4409 4420 4541 4530 4410 4421 4542 4531 0
4410 4421 4542 4531 4411 4422 4543 4532 0
4411 4422 4543 4532 4412 4423 4544 4533 0
4412 4423 4544 4533 4413 4424 4545 4534 0
4413 4424 4545 4534 4414 4425 4546 4535 0
4414 4425 4546 4535 4415 4426 4547 4536 0
4415 4426 4547 4536 4416 4427 4548 4537 0
4416 4427 4548 4537 4417 4428 4549 4538 0
4417 4428 4549 4538 4418 4429 4550 4539 0
4418 4429 4550 4539 4419 4430 4551 4540 0
4419 4430 4551 4540 1060 1061 1072 1071 0
610 611 600 599 4420 4431 4552 4541 0
4420 4431 4552 4541 4421 4432 4553 4542 0
4421 4432 4553 4542 4422 4433 4554 4543 0
4422 4433 4554 4543 4423 4434 4555 4544 0
4423 4434 4555 4544 4424 4435 4556 4545 0
4424 4435 4556 4545 4425 4436 4557 4546 0
4425 4436 4557 4546 4426 4437 4558 4547 0
4426 4437 4558 4547 4427 4438 4559 4548 0
4427 4438 4559 4548 4428 4439 4560 4549 0
4428 4439 4560 4549 4429 4440 4561 4550 0
4429 4440 4561 4550 4430 4441 4562 4551 0
4430 4441 4562 4551 1061 1062 1073 1072 0
611 612 601 600 4431 4442 4563 4552 0
4431 4442 4563 4552 4432 4443 4564 4553 0
4432 4443 4564 4553 4433 4444 4565 4554 0
4433 4444 4565 4554 4434 4445 4566 4555 0
4434 4445 4566 4555 4435 4446 4567 4556 0
4435 4446 4567 4556 4436 4447 4568 4557 0
4436 4447 4568 4557 4437 4448 4569 4558 0
4437 4448 4569 4558 4438 4449 4570 4559 0
4438 4449 4570 4559 4439 4450 4571 4560 0
4439 4450 4571 4560 4440 4451 4572 4561 0
4440 4451 4572 4561 4441 4452 4573 4562 0
4441 4452 4573 4562 1062 1063 1074 1073 0
612 613 602 601 4442 4453 4574 4563 0
4442 4453 4574 4563 4443 4454 4575 4564 0
4443 4454 4575 4564 4444 4455 4576 4565 0
4444 4455 4576 4565 4445 4456 4577 4566 0
4445 4456 4577 4566 4446 4457 4578 4567 0
4446 4457 4578 4567 4447 4458 4579 4568 0
4447 4458 4579 4568 4448 4459 4580 4569 0
4448 4459 4580 4569 4449 4460 4581 4570 0
4449 4460 4581 4570 4450 4461 4582 4571 0
4450 4461 4582 4571 4451 4462 4583 4572 0
4451 4462 4583 4572 4452 4463 4584 4573 0
4452 4463 4584 4573 1063 1064 1075 1074 0
613 384 383 602 4453 1902 1901 4574 0
4453 1902 1901 4574 4454 1869 1868 4575 0
4454 1869 1868 4575 4455 1836 1835 4576 0
4455 1836 1835 4576 4456 1803 1802 4577 0
4456 1803 1802 4577 4457 1770 1769 4578 0
4457 1770 1769 4578 4458 1737 1736 4579 0
4458 1737 1736 4579 4459 1704 1703 4580 0
4459 1704 1703 4580 4460 1671 1670 4581 0
4460 1671 1670 4581 4461 1638 1637 4582 0
4461 1638 1637 4582 4462 1605 1604 4583 0
4462 1605 1604 4583 4463 1572 1571 4584 0
4463 1572 1571 4584 1064 450 449 1075 0
350 592 581 349 1208 4464 4585 1207 0
1208 4464 4585 1207 1241 4465 4586 1240 0
1241 4465 4586 1240 1274 4466 4587 1273 0
1274 4466 4587 1273 1307 4467 4588 1306 0
1307 4467 4588 1306 1340 4468 4589 1339 0
1340 4468 4589 1339 1373 4469 4590 1372 0
1373 4469 4590 1372 1406 4470 4591 1405 0
1406 4470 4591 1405 1439 4471 4592 1438 0
1439 4471 4592 1438 1472 4472 4593 1471 0
1472 4472 4593 1471 1505 4473 4594 1504 0
1505 4473 4594 1504 1538 4474 4595 1537 0
1538 4474 4595 1537 416 1065 1076 415 0
592 593 582 581 4464 4475 4596 4585 0
4464 4475 4596 4585 4465 4476 4597 4586 0
4465 4476 4597 4586 4466 4477 4598 4587 0
4466 4477 4598 4587 4467 4478 4599 4588 0
4467 4478 4599 4588 4468 4479 4600 4589 0
4468 4479 4600 4589 4469 4480 4601 4590 0
4469 4480 4601 4590 4470 4481 4602 4591 0
4470 4481 4602 4591 4471 4482 4603 4592 0
4471 4482 4603 4592 4472 4483 4604 4593 0
4472 4483 4604 4593 4473 4484 4605 4594 0
4473 4484 4605 4594 4474 4485 4606 4595 0
4474 4485 4606 4595 1065 1066 1077 1076 0
593 594 583 582 4475 4486 4607 4596 0
4475 4486 4607 4596 4476 4487 4608 4597 0
4476 4487 4608 4597 4477 4488 4609 4598 0
4477 4488 4609 4598 4478 4489 4610 4599 0
4478 4489 4610 4599 4479 4490 4611 4600 0
4479 4490 4611 4600 4480 4491 4612 4601 0
4480 4491 4612 4601 4481 4492 4613 4602 0
4481 4492 4613 4602 4482 4493 4614 4603 0
4482 4493 4614 4603 4483 4494 4615 4604 0
4483 4494 4615 4604 4484 4495 4616 4605 0
4484 4495 4616 4605 4485 4496 4617 4606 0
4485 4496 4617 4606 1066 1067 1078 1077 0
594 595 584 583 4486 4497 4618 4607 0
4486 4497 4618 4607 4487 4498 4619 4608 0
4487 4498 4619 4608 4488 4499 4620 4609 0
4488 4499 4620 4609 4489 4500 4621 4610 0
4489 4500 4621 4610 4490 4501 4622 4611 0
4490 4501 4622 4611 4491 4502 4623 4612 0
4491 4502 4623 4612 4492 4503 4624 4613 0
4492 4503 4624 4613 4493 4504 4625 4614 0
4493 4504 4625 4614 4494 4505 4626 4615 0
4494 4505 4626 4615 4495 4506 4627 4616 0
4495 4506 4627 4616 4496 4507 4628 4617 0
4496 4507 4628 4617 1067 1068 1079 1078 0
595 596 585 584 4497 4508 4629 4618 0
4497 4508 4629 4618 4498 4509 4630 4619 0
4498 4509 4630 4619 4499 4510 4631 4620 0
4499 4510 4631 4620 4500 4511 4632 4621 0
4500 4511 4632 4621 4501 4512 4633 4622 0
4501 4512 4633 4622 4502 4513 4634 4623 0
4502 4513 4634 4623 4503 4514 4635 4624 0
4503 4514 4635 4624 4504 4515 4636 4625 0
4504 4515 4636 4625 4505 4516 4637 4626 0
4505 4516 4637 4626 4506 4517 4638 4627 0
4506 4517 4638 4627 4507 4518 4639 4628 0
4507 4518 4639 4628 1068 1069 1080 1079 0
596 597 586 585 4508 4519 4640 4629 0
4508 4519 4640 4629 4509 4520 4641 4630 0
4509 4520 4641 4630 4510 4521 4642 4631 0
4510 4521 4642 4631 4511 4522 4643 4632 0
4511 4522 4643 4632 4512 4523 4644 4633 0
4512 4523 4644 4633 4513 4524 4645 4634 0
4513 4524 4645 4634 4514 4525 4646 4635 0
4514 4525 4646 4635 4515 4526 4647 4636 0
4515 4526 4647 4636 4516 4527 4648 4637 0
4516 4527 4648 4637 4517 4528 4649 4638 0
4517 4528 4649 4638 4518 4529 4650 4639 0
4518 4529 4650 4639 1069 1070 1081 1080 0
597 598 587 586 4519 4530 4651 4640 0
4519 4530 4651 4640 4520 4531 4652 4641 0
4520 4531 4652 4641 4521 4532 4653 4642 0
4521 4532 4653 4642 4522 4533 4654 4643 0
4522 4533 4654 4643 4523 4534 4655 4644 0
4523 4534 4655 4644 4524 4535 4656 4645 0
4524 4535 4656 4645 4525 4536 4657 4646 0
4525 4536 4657 4646 4526 4537 4658 4647 0
4526 4537 4658 4647 4527 4538 4659 4648 0
4527 4538 4659 4648 4528 4539 4660 4649 0
4528 4539 4660 4649 4529 4540 4661 4650 0
4529 4540 4661 4650 1070 1071 1082 1081 0
598 599 588 587 4530 4541 4662 4651 0
4530 4541 4662 4651 4531 4542 4663 4652 0
4531 4542 4663 4652 4532 4543 4664 4653 0
4532 4543 4664 4653 4533 4544 4665 4654 0
4533 4544 4665 4654 4534 4545 4666 4655 0
4534 4545 4666 4655 4535 4546 4667 4656 0
4535 4546 4667 4656 4536 4547 4668 4657 0
4536 4547 4668 4657 4537 4548 4669 4658 0
4537 4548 4669 4658 4538 4549 4670 4659 0
4538 4549 4670 4659 4539 4550 4671 4660 0
4539 4550 4671 4660 4540 4551 4672 4661 0
4540 4551 4672 4661 1071 1072 1083 1082 0
599 600 589 588 4541 4552 4673 4662 0
4541 4552 4673 4662 4542 4553 4674 4663 0
4542 4553 4674 4663 4543 4554 4675 4664 0
4543 4554 4675 4664 4544 4555 4676 4665 0
4544 4555 4676 4665 4545 4556 4677 4666 0
4545 4556 4677 4666 4546 4557 4678 4667 0
4546 4557 4678 4667 4547 4558 4679 4668 0
4547 4558 4679 4668 4548 4559 4680 4669 0
4548 4559 4680 4669 4549 4560 4681 4670 0
4549 4560 4681 4670 4550 4561 4682 4671 0
4550 4561 4682 4671 4551 4562 4683 4672 0
4551 4562 4683 4672 1072 1073 1084 1083 0
600 601 590 589 4552 4563 4684 4673 0
4552 4563 4684 4673 4553 4564 4685 4674 0
4553 4564 4685 4674 4554 4565 4686 4675 0
4554 4565 4686 4675 4555 4566 4687 4676 0
4555 4566 4687 4676 4556 4567 4688 4677 0
4556 4567 4688 4677 4557 4568 4689 4678 0
4557 4568 4689 4678 4558 4569 4690 4679 0
4558 4569 4690 4679 4559 4570 4691 4680 0
4559 4570 4691 4680 4560 4571 4692 4681 0
4560 4571 4692 4681 4561 4572 4693 4682 0
4561 4572 4693 4682 4562 4573 4694 4683 0
4562 4573 4694 4683 1073 1074 1085 1084 0
601 602 591 590 4563 4574 4695 4684 0
4563 4574 4695 4684 4564 4575 4696 4685 0
4564 4575 4696 4685 4565 4576 4697 4686 0
4565 4576 4697 4686 4566 4577 4698 4687 0
4566 4577 4698 4687 4567 4578 4699 4688 0
4567 4578 4699 4688 4568 4579 4700 4689 0
4568 4579 4700 4689 4569 4580 4701 4690 0
4569 4580 4701 4690 4570 4581 4702 4691 0
4570 4581 4702 4691 4571 4582 4703 4692 0
4571 4582 4703 4692 4572 4583 4704 4693 0
4572 4583 4704 4693 4573 4584 4705 4694 0
4573 4584 4705 4694 1074 1075 1086 1085 0
602 383 382 591 4574 1901 1900 4695 0
4574 1901 1900 4695 4575 1868 1867 4696 0
4575 1868 1867 4696 4576 1835 1834 4697 0
4576 1835 1834 4697 4577 1802 1801 4698 0
4577 1802 1801 4698 4578 1769 1768 4699 0
4578 1769 1768 4699 4579 1736 1735 4700 0
4579 1736 1735 4700 4580 1703 1702 4701 0
4580 1703 1702 4701 4581 1670 1669 4702 0
4581 1670 1669 4702 4582 1637 1636 4703 0
4582 1637 1636 4703 4583 1604 1603 4704 0
4583 1604 1603 4704 4584 1571 1570 4705 0
4584 1571 1570 4705 1075 449 448 1086 0
349 581 570 348 1207 4585 4706 1206 0
1207 4585 4706 1206 1240 4586 4707 1239 0
1240 4586 4707 1239 1273 4587 4708 1272 0
1273 4587 4708 1272 1306 4588 4709 1305 0
1306 4588 4709 1305 1339 4589 4710 1338 0
1339 4589 4710 1338 1372 4590 4711 1371 0
1372 4590 4711 1371 1405 4591 4712 1404 0
1405 4591 4712 1404 1438 4592 4713 1437 0
1438 4592 4713 1437 1471 4593 4714 1470 0
1471 4593 4714 1470 1504 4594 4715 1503 0
1504 4594 4715 1503 1537 4595 4716 1536 0
1537 4595 4716 1536 415 1076 1087 414 0
581 582 571 570 4585 4596 4717 4706 0
4585 4596 4717 4706 4586 4597 4718 4707 0
4586 4597 4718 4707 4587 4598 4719 4708 0
4587 4598 4719 4708 4588 4599 4720 4709 0
4588 4599 4720 4709 4589 4600 4721 4710 0
4589 4600 4721 4710 4590 4601 4722 4711 0
4590 4601 4722 4711 4591 4602 4723 4712 0
4591 4602 4723 4712 4592 4603 4724 4713 0
4592 4603 4724 4713 4593 4604 4725 4714 0
4593 4604 4725 4714 4594 4605 4726 4715 0
4594 4605 4726 4715 4595 4606 4727 4716 0
4595 4606 4727 4716 1076 1077 1088 1087 0
582 583 572 571 4596 4607 4728 4717 0
4596 4607 4728 4717 4597 4608 4729 4718 0
4597 4608 4729 4718 4598 4609 4730 4719 0
4598 4609 4730 4719 4599 4610 4731 4720 0
4599 4610 4731 4720 4600 4611 4732 4721 0
4600 4611 4732 4721 4601 4612 4733 4722 0
4601 4612 4733 4722 4602 4613 4734 4723 0
4602 4613 4734 4723 4603 4614 4735 4724 0
4603 4614 4735 4724 4604 4615 4736 4725 0
4604 4615 4736 4725 4605 4616 4737 4726 0
4605 4616 4737 4726 4606 4617 4738 4727 0
4606 4617 4738 4727 1077 1078 1089 1088 0
583 584 573 572 4607 4618 4739 4728 0
4607 4618 4739 4728 4608 4619 4740 4729 0
4608 4619 4740 4729 4609 4620 4741 4730 0
4609 4620 4741 4730 4610 4621 4742 4731 0
4610 4621 4742 4731 4611 4622 4743 4732 0
4611 4622 4743 4732 4612 4623 4744 4733 0
4612 4623 4744 4733 4613 4624 4745 4734 0
4613 4624 4745 4734 4614 4625 4746 4735 0
4614 4625 4746 4735 4615 4626 4747 4736 0
4615 4626 4747 4736 4616 4627 4748 4737 0
4616 4627 4748 4737 4617 4628 4749 4738 0
4617 4628 4749 4738 1078 1079 1090 1089 0
584 585 574 573 4618 4629 4750 4739 0
4618 4629 4750 4739 4619 4630 4751 4740 0
4619 4630 4751 4740 4620 4631 4752 4741 0
4620 4631 4752 4741 4621 4632 4753 4742 0
4621 4632 4753 4742 4622 4633 4754 4743 0
4622 4633 4754 4743 4623 4634 4755 4744 0
4623 4634 4755 4744 4624 4635 4756 4745 0
4624 4635 4756 4745 4625 4636 4757 4746 0
4625 4636 4757 4746 4626 4637 4758 4747 0
4626 4637 4758 4747 4627 4638 4759 4748 0
4627 4638 4759 4748 4628 4639 4760 4749 0
4628 4639 4760 4749 1079 1080 1091 1090 0
585 586 575 574 4629 4640 4761 4750 0
4629 4640 4761 4750 4630 4641 4762 4751 0
4630 4641 4762 4751 4631 4642 4763 4752 0
4631 4642 4763 4752 4632 4643 4764 4753 0
4632 4643 4764 4753 4633 4644 4765 4754 0
4633 4644 4765 4754 4634 4645 4766 4755 0
4634 4645 4766 4755 4635 4646 4767 4756 0
4635 4646 4767 4756 4636 4647 4768 4757 0
4636 4647 4768 4757 4637 4648 4769 4758 0
4637 4648 4769 4758 4638 4649 4770 4759 0
4638 4649 4770 4759 4639 4650 4771 4760 0
4639 4650 4771 4760 1080 1081 1092 1091 0
586 587 576 575 4640 4651 4772 4761 0
4640 4651 4772 4761 4641 4652 4773 4762 0
4641 4652 4773 4762 4642 4653 4774 4763 0
4642 4653 4774 4763 4643 4654 4775 4764 0
4643 4654 4775 4764 4644 4655 4776 4765 0
4644 4655 4776 4765 4645 4656 4777 4766 0
4645 4656 4777 4766 4646 4657 4778 4767 0
4646 4657 4778 4767 4647 4658 4779 4768 0
4647 4658 4779 4768 4648 4659 4780 4769 0
4648 4659 4780 4769 4649 4660 4781 4770 0
4649 4660 4781 4770 4650 4661 4782 4771 0
4650 4661 4782 4771 1081 1082 1093 1092 0
587 588 577 576 4651 4662 4783 4772 0
4651 4662 4783 4772 4652 4663 4784 4773 0
4652 4663 4784 4773 4653 4664 4785 4774 0
4653 4664 4785 4774 4654 4665 4786 4775 0
4654 4665 4786 4775 4655 4666 4787 4776 0
4655 4666 4787 4776 4656 4667 4788 4777 0
4656 4667 4788 4777 4657 4668 4789 4778 0
4657 4668 4789 4778 4658 4669 4790 4779 0
4658 4669 4790 4779 4659 4670 4791 4780 0
4659 4670 4791 4780 4660 4671 4792 4781 0
4660 4671 4792 4781 4661 4672 4793 4782 0
4661 4672 4793 4782 1082 1083 1094 1093 0
588 589 578 577 4662 4673 4794 4783 0
4662 4673 4794 4783 4663 4674 4795 4784 0
4663 4674 4795 4784 4664 4675 4796 4785 0
4664 4675 4796 4785 4665 4676 4797 4786 0
4665 4676 4797 4786 4666 4677 4798 4787 0
4666 4677 4798 4787 4667 4678 4799 4788 0
4667 4678 4799 4788 4668 4679 4800 4789 0
4668 4679 4800 4789 4669 4680 4801 4790 0
4669 4680 4801 4790 4670 4681 4802 4791 0
4670 4681 4802 4791 4671 4682 4803 4792 0
4671 4682 4803 4792 4672 4683 4804 4793 0
4672 4683 4804 4793 1083 1084 1095 1094 0
589 590 579 578 4673 4684 4805 4794 0
4673 4684 4805 4794 4674 4685 4806 4795 0
4674 4685 4806 4795 4675 4686 4807 4796 0
4675 4686 4807 4796 4676 4687 4808 4797 0
4676 4687 4808 4797 4677 4688 4809 4798 0
4677 4688 4809 4798 4678 4689 4810 4799 0
4678 4689 4810 4799 4679 4690 4811 4800 0
4679 4690 4811 4800 4680 4691 4812 4801 0
4680 4691 4812 4801 4681 4692 4813 4802 0
4681 4692 4813 4802 4682 4693 4814 4803 0
4682 4693 4814 4803 4683 4694 4815 4804 0
4683 4694 4815 4804 1084 1085 1096 1095 0
590 591 580 579 4684 4695 4816 4805 0
4684 4695 4816 4805 4685 4696 4817 4806 0
4685 4696 4817 4806 4686 4697 4818 4807 0
4686 4697 4818 4807 4687 4698 4819 4808 0
4687 4698 4819 4808 4688 4699 4820 4809 0
4688 4699 4820 4809 4689 4700 4821 4810 0
4689 4700 4821 4810 4690 4701 4822 4811 0
4690 4701 4822 4811 4691 4702 4823 4812 0
4691 4702 4823 4812 4692 4703 4824 4813 0
4692 4703 4824 4813 4693 4704 4825 4814 0
4693 4704 4825 4814 4694 4705 4826 4815 0
4694 4705 4826 4815 1085 1086 1097 1096 0
591 382 381 580 4695 1900 1899 4816 0
4695 1900 1899 4816 4696 1867 1866 4817 0
4696 1867 1866 4817 4697 1834 1833 4818 0
4697 1834 1833 4818 4698 1801 1800 4819 0
4698 1801 1800 4819 4699 1768 1767 4820 0
4699 1768 1767 4820 4700 1735 1734 4821 0
4700 1735 1734 4821 4701 1702 1701 4822 0
4701 1702 1701 4822 4702 1669 1668 4823 0
4702 1669 1668 4823 4703 1636 1635 4824 0
4703 1636 1635 4824 4704 1603 1602 4825 0
4704 1603 1602 4825 4705 1570 1569 4826 0
4705 1570 1569 4826 1086 448 447 1097 0
348 570 559 347 1206 4706 4827 1205 0
1206 4706 4827 1205 1239 4707 4828 1238 0
1239 4707 4828 1238 1272 4708 4829 1271 0
1272 4708 4829 1271 1305 4709 4830 1304 0
1305 4709 4830 1304 1338 4710 4831 1337 0
1338 4710 4831 1337 1371 4711 4832 1370 0
1371 4711 4832 1370 1404 4712 4833 1403 0
1404 4712 4833 1403 1437 4713 4834 1436 0
1437 4713 4834 1436 1470 4714 4835 1469 0
1470 4714 4835 1469 1503 4715 4836 1502 0
1503 4715 4836 1502 1536 4716 4837 1535 0
1536 4716 4837 1535 414 1087 1098 413 0
570 571 560 559 4706 4717 4838 4827 0
4706 4717 4838 4827 4707 4718 4839 4828 0
4707 4718 4839 4828 4708 4719 4840 4829 0
4708 4719 4840 4829 4709 4720 4841 4830 0
4709 4720 4841 4830 4710 4721 4842 4831 0
4710 4721 4842 4831 4711 4722 4843 4832 0
4711 4722 4843 4832 4712 4723 4844 4833 0
4712 4723 4844 4833 4713 4724 4845 4834 0
4713 4724 4845 4834 4714 4725 4846 4835 0
4714 4725 4846 4835 4715 4726 4847 4836 0
4715 4726 4847 4836 4716 4727 4848 4837 0
4716 4727 4848 4837 1087 1088 1099 1098 0
571 572 561 560 4717 4728 4849 4838 0
4717 4728 4849 4838 4718 4729 4850 4839 0
4718 4729 4850 4839 4719 4730 4851 4840 0
4719 4730 4851 4840 4720 4731 4852 4841 0
4720 4731 4852 4841 4721 4732 4853 4842 0
4721 4732 4853 4842 4722 4733 4854 4843 0
4722 4733 4854 4843 4723 4734 4855 4844 0
4723 4734 4855 4844 4724 4735 4856 4845 0
4724 4735 4856 4845 4725 4736 4857 4846 0
4725 4736 4857 4846 4726 4737 4858 4847 0
4726 4737 4858 4847 4727 4738 4859 4848 0
4727 4738 4859 4848 1088 1089 1100 1099 0
572 573 562 561 4728 4739 4860 4849 0
4728 4739 4860 4849 4729 4740 4861 4850 0
4729 4740 4861 4850 4730 4741 4862 4851 0
4730 4741 4862 4851 4731 4742 4863 4852 0
4731 4742 4863 4852 4732 4743 4864 4853 0
4732 4743 4864 4853 4733 4744 4865 4854 0
4733 4744 4865 4854 4734 4745 4866 4855 0
4734 4745 4866 4855 4735 4746 4867 4856 0
4735 4746 4867 4856 4736 4747 4868 4857 0
4736 4747 4868 4857 4737 4748 4869 4858 0
4737 4748 4869 4858 4738 4749 4870 4859 0
4738 4749 4870 4859 1089 1090 1101 1100 0
573 574 563 562 4739 4750 4871 4860 0
4739 4750 4871 4860 4740 4751 4872 4861 0
4740 4751 4872 4861 4741 4752 4873 4862 0
4741 4752 4873 4862 4742 4753 4874 4863 0
4742 4753 4874 4863 4743 4754 4875 4864 0
4743 4754 4875 4864 4744 4755 4876 4865 0
4744 4755 4876 4865 4745 4756 4877 4866 0
4745 4756 4877 4866 4746 4757 4878 4867 0
4746 4757 4878 4867 4747 4758 4879 4868 0
4747 4758 4879 4868 4748 4759 4880 4869 0
4748 4759 4880 4869 4749 4760 4881 4870 0
4749 4760 4881 4870 1090 1091 1102 1101 0
574 575 564 563 4750 4761 4882 4871 0
4750 4761 4882 4871 4751 4762 4883 4872 0
4751 4762 4883 4872 4752 4763 4884 4873 0
4752 4763 4884 4873 4753 4764 4885 4874 0
4753 4764 4885 4874 4754 4765 4886 4875 0
4754 4765 4886 4875 4755 4766 4887 4876 0
4755 4766 4887 4876 4756 4767 4888 4877 0
4756 4767 4888 4877 4757 4768 4889 4878 0
4757 4768 4889 4878 4758 4769 4890 4879 0
4758 4769 4890 4879 4759 4770 4891 4880 0
4759 4770 4891 4880 4760 4771 4892 4881 0
4760 4771 4892 4881 1091 1092 1103 1102 0
575 576 565 564 4761 4772 4893 4882 0
4761 4772 4893 4882 4762 4773 4894 4883 0
4762 4773 4894 4883 4763 4774 4895 4884 0
4763 4774 4895 4884 4764 4775 4896 4885 0
4764 4775 4896 4885 4765 4776 4897 4886 0
4765 4776 4897 4886 4766 4777 4898 4887 0
4766 4777 4898 4887 4767 4778 4899 4888 0
4767 4778 4899 4888 4768 4779 4900 4889 0
4768 4779 4900 4889 4769 4780 4901 4890 0
4769 4780 4901 4890 4770 4781 4902 4891 0
4770 4781 4902 4891 4771 4782 4903 4892 0
4771 4782 4903 4892 1092 1093 1104 1103 0
576 577 566 565 4772 4783 4904 4893 0
4772 4783 4904 4893 4773 4784 4905 4894 0
4773 4784 4905 4894 4774 4785 4906 4895 0
4774 4785 4906 4895 4775 4786 4907 4896 0
4775 4786 4907 4896 4776 4787 4908 4897 0
4776 4787 4908 4897 4777 4788 4909 4898 0
4777 4788 4909 4898 4778 4789 4910 4899 0
4778 4789 4910 4899 4779 4790 4911 4900 0
4779 4790 4911 4900 4780 4791 4912 4901 0
4780 4791 4912 4901 4781 4792 4913 4902 0
4781 4792 4913 4902 4782 4793 4914 4903 0
4782 4793 4914 4903 1093 1094 1105 1104 0
577 578 567 566 4783 4794 4915 4904 0
4783 4794 4915 4904 4784 4795 4916 4905 0
4784 4795 4916 4905 4785 4796 4917 4906 0
4785 4796 4917 4906 4786 4797 4918 4907 0
4786 4797 4918 4907 4787 4798 4919 4908 0
4787 4798 4919 4908 4788 4799 4920 4909 0
4788 4799 4920 4909 4789 4800 4921 4910 0
4789 4800 4921 4910 4790 4801 4922 4911 0
4790 4801 4922 4911 4791 4802 4923 4912 0
4791 4802 4923 4912 4792 4803 4924 4913 0
4792 4803 4924 4913 4793 4804 4925 4914 0
4793 4804 4925 4914 1094 1095 1106 1105 0
578 579 568 567 4794 4805 4926 4915 0
4794 4805 4926 4915 4795 4806 4927 4916 0
4795 4806 4927 4916 4796 4807 4928 4917 0
4796 4807 4928 4917 4797 4808 4929 4918 0
4797 4808 4929 4918 4798 4809 4930 4919 0
4798 4809 4930 4919 4799 4810 4931 4920 0
4799 4810 4931 4920 4800 4811 4932 4921 0
4800 4811 4932 4921 4801 4812 4933 4922 0
4801 4812 4933 4922 4802 4813 4934 4923 0
4802 4813 4934 4923 4803 4814 4935 4924 0
4803 4814 4935 4924 4804 4815 4936 4925 0
4804 4815 4936 4925 1095 1096 1107 1106 0
579 580 569 568 4805 4816 4937 4926 0
4805 4816 4937 4926 4806 4817 4938 4927 0
4806 4817 4938 4927 4807 4818 4939 4928 0
4807 4818 4939 4928 4808 4819 4940 4929 0
4808 4819 4940 4929 4809 4820 4941 4930 0
4809 4820 4941 4930 4810 4821 4942 4931 0
4810 4821 4942 4931 4811 4822 4943 4932 0
4811 4822 4943 4932 4812 4823 4944 4933 0
4812 4823 4944 4933 4813 4824 4945 4934 0
4813 4824 4945 4934 4814 4825 4946 4935 0
4814 4825 4946 4935 4815 4826 4947 4936 0
4815 4826 4947 4936 1096 1097 1108 1107 0
580 381 380 569 4816 1899 1898 4937 0
4816 1899 1898 4937 4817 1866 1865 4938 0
4817 1866 1865 4938 4818 1833 1832 4939 0
4818 1833 1832 4939 4819 1800 1799 4940 0
4819 1800 1799 4940 4820 1767 1766 4941 0
4820 1767 1766 4941 4821 1734 1733 4942 0
4821 1734 1733 4942 4822 1701 1700 4943 0
4822 1701 1700 4943 4823 1668 1667 4944 0
4823 1668 1667 4944 4824 1635 1634 4945 0
4824 1635 1634 4945 4825 1602 1601 4946 0
4825 1602 1601 4946 4826 1569 1568 4947 0
4826 1569 1568 4947 1097 447 446 1108 0
347 559 548 346 1205 4827 4948 1204 0
1205 4827 4948 1204 1238 4828 4949 1237 0
1238 4828 4949 1237 1271 4829 4950 1270 0
1271 4829 4950 1270 1304 4830 4951 1303 0
1304 4830 4951 1303 1337 4831 4952 1336 0
1337 4831 4952 1336 1370 4832 4953 1369 0
1370 4832 4953 1369 1403 4833 4954 1402 0
1403 4833 4954 1402 1436 4834 4955 1435 0
1436 4834 4955 1435 1469 4835 4956 1468 0
1469 4835 4956 1468 1502 4836 4957 1501 0
1502 4836 4957 1501 1535 4837 4958 1534 0
1535 4837 4958 1534 413 1098 1109 412 0
559 560 549 548 4827 4838 4959 4948 0
4827 4838 4959 4948 4828 4839 4960 4949 0
4828 4839 4960 4949 4829 4840 4961 4950 0
4829 4840 4961 4950 4830 4841 4962 4951 0
4830 4841 4962 4951 4831 4842 4963 4952 0
4831 4842 4963 4952 4832 4843 4964 4953 0
4832 4843 4964 4953 4833 4844 4965 4954 0
4833 4844 4965 4954 4834 4845 4966 4955 0
4834 4845 4966 4955 4835 4846 4967 4956 0
4835 4846 4967 4956 4836 4847 4968 4957 0
4836 4847 4968 4957 4837 4848 4969 4958 0
4837 4848 4969 4958 1098 1099 1110 1109 0
560 561 550 549 4838 4849 4970 4959 0
4838 4849 4970 4959 4839 4850 4971 4960 0
4839 4850 4971 4960 4840 4851 4972 4961 0
4840 4851 4972 4961 4841 4852 4973 4962 0
4841 4852 4973 4962 4842 4853 4974 4963 0
4842 4853 4974 4963 4843 4854 4975 4964 0
4843 4854 4975 4964 4844 4855 4976 4965 0
4844 4855 4976 4965 4845 4856 4977 4966 0
4845 4856 4977 4966 4846 4857 4978 4967 0
4846 4857 4978 4967 4847 4858 4979 4968 0
4847 4858 4979 4968 4848 4859 4980 4969 0
4848 4859 4980 4969 1099 1100 1111 1110 0
561 562 551 550 4849 4860 4981 4970 0
4849 4860 4981 4970 4850 4861 4982 4971 0
4850 4861 4982 4971 4851 4862 4983 4972 0
4851 4862 4983 4972 4852 4863 4984 4973 0
4852 4863 4984 4973 4853 4864 4985 4974 0
4853 4864 4985 4974 4854 4865 4986 4975 0
4854 4865 4986 4975 4855 4866 4987 4976 0
4855 4866 4987 4976 4856 4867 4988 4977 0
4856 4867 4988 4977 4857 4868 4989 4978 0
4857 4868 4989 4978 4858 4869 4990 4979 0
4858 4869 4990 4979 4859 4870 4991 4980 0
4859 4870 4991 4980 1100 1101 1112 1111 0
562 563 552 551 4860 4871 4992 4981 0
4860 4871 4992 4981 4861 4872 4993 4982 0
4861 4872 4993 4982 4862 4873 4994 4983 0
4862 4873 4994 4983 4863 4874 4995 4984 0
4863 4874 4995 4984 4864 4875 4996 4985 0
4864 4875 4996 4985 4865 4876 4997 4986 0
4865 4876 4997 4986 4866 4877 4998 4987 0
4866 4877 4998 4987 4867 4878 4999 4988 0
4867 4878 4999 4988 4868 4879 5000 4989 0
4868 4879 5000 4989 4869 4880 5001 4990 0
4869 4880 5001 4990 4870 4881 5002 4991 0
4870 4881 5002 4991 1101 1102 1113 1112 0
563 564 553 552 4871 4882 5003 4992 0
4871 4882 5003 4992 4872 4883 5004 4993 0
4872 4883 5004 4993 4873 4884 5005 4994 0
4873 4884 5005 4994 4874 4885 5006 4995 0
4874 4885 5006 4995 4875 4886 5007 4996 0
4875 4886 5007 4996 4876 4887 5008 4997 0
4876 4887 5008 4997 4877 4888 5009 4998 0
4877 4888 5009 4998 4878 4889 5010 4999 0
4878 4889 5010 4999 4879 4890 5011 5000 0
4879 4890 5011 5000 4880 4891 5012 5001 0
4880 4891 5012 5001 4881 4892 5013 5002 0
4881 4892 5013 5002 1102 1103 1114 1113 0
564 565 554 553 4882 4893 5014 5003 0
4882 4893 5014 5003 4883 4894 5015 5004 0
4883 4894 5015 5004 4884 4895 5016 5005 0
4884 4895 5016 5005 4885 4896 5017 5006 0
4885 4896 5017 5006 4886 4897 5018 5007 0
4886 4897 5018 5007 4887 4898 5019 5008 0
4887 4898 5019 5008 4888 4899 5020 5009 0
4888 4899 5020 5009 4889 4900 5021 5010 0
4889 4900 5021 5010 4890 4901 5022 5011 0
4890 4901 5022 5011 4891 4902 5023 5012 0
4891 4902 5023 5012 4892 4903 5024 5013 0
4892 4903 5024 5013 1103 1104 1115 1114 0
565 566 555 554 4893 4904 5025 5014 0
4893 4904 5025 5014 4894 4905 5026 5015 0
4894 4905 5026 5015 4895 4906 5027 5016 0
4895 4906 5027 5016 4896 4907 5028 5017 0
4896 4907 5028 5017 4897 4908 5029 5018 0
4897 4908 5029 5018 4898 4909 5030 5019 0
4898 4909 5030 5019 4899 4910 5031 5020 0
4899 4910 5031 5020 4900 4911 5032 5021 0
4900 4911 5032 5021 4901 4912 5033 5022 0
4901 4912 5033 5022 4902 4913 5034 5023 0
4902 4913 5034 5023 4903 4914 5035 5024 0
4903 4914 5035 5024 1104 1105 1116 1115 0
566 567 556 555 4904 4915 5036 5025 0
4904 4915 5036 5025 4905 4916 5037 5026 0
4905 4916 5037 5026 4906 4917 5038 5027 0
4906 4917 5038 5027 4907 4918 5039 5028 0
4907 4918 5039 5028 4908 4919 5040 5029 0
4908 4919 5040 5029 4909 4920 5041 5030 0
4909 4920 5041 5030 4910 4921 5042 5031 0
4910 4921 5042 5031 4911 4922 5043 5032 0
4911 4922 5043 5032 4912 4923 5044 5033 0
4912 4923 5044 5033 4913 4924 5045 5034 0
4913 4924 5045 5034 4914 4925 5046 5035 0
4914 4925 5046 5035 1105 1106 1117 1116 0
567 568 557 556 4915 4926 5047 5036 0
4915 4926 5047 5036 4916 4927 5048 5037 0
4916 4927 5048 5037 4917 4928 5049 5038 0
4917 4928 5049 5038 4918 4929 5050 5039 0
4918 4929 5050 5039 4919 4930 5051 5040 0
4919 4930 5051 5040 4920 4931 5052 5041 0
4920 4931 5052 5041 4921 4932 5053 5042 0
4921 4932 5053 5042 4922 4933 5054 5043 0
4922 4933 5054 5043 4923 4934 5055 5044 0
4923 4934 5055 5044 4924 4935 5056 5045 0
4924 4935 5056 5045 4925 4936 5057 5046 0
4925 4936 5057 5046 1106 1107 1118 1117 0
568 569 558 557 4926 4937 5058 5047 0
4926 4937 5058 5047 4927 4938 5059 5048 0
4927 4938 5059 5048 4928 4939 5060 5049 0
4928 4939 5060 5049 4929 4940 5061 5050 0
4929 4940 5061 5050 4930 4941 5062 5051 0
4930 4941 5062 5051 4931 4942 5063 5052 0
4931 4942 5063 5052 4932 4943 5064 5053 0
4932 4943 5064 5053 4933 4944 5065 5054 0
4933 4944 5065 5054 4934 4945 5066 5055 0
4934 4945 5066 5055 4935 4946 5067 5056 0
4935 4946 5067 5056 4936 4947 5068 5057 0
4936 4947 5068 5057 1107 1108 1119 1118 0
569 380 379 558 4937 1898 1897 5058 0
4937 1898 1897 5058 4938 1865 1864 5059 0
4938 1865 1864 5059 4939 1832 1831 5060 0
4939 1832 1831 5060 4940 1799 1798 5061 0
4940 1799 1798 5061 4941 1766 1765 5062 0
4941 1766 1765 5062 4942 1733 1732 5063 0
4942 1733 1732 5063 4943 1700 1699 5064 0
4943 1700 1699 5064 4944 1667 1666 5065 0
4944 1667 1666 5065 4945 1634 1633 5066 0
4945 1634 1633 5066 4946 1601 1600 5067 0
4946 1601 1600 5067 4947 1568 1567 5068 0
4947 1568 1567 5068 1108 446 445 1119 0
346 548 537 345 1204 4948 5069 1203 0
1204 4948 5069 1203 1237 4949 5070 1236 0
1237 4949 5070 1236 1270 4950 5071 1269 0
1270 4950 5071 1269 1303 4951 5072 1302 0
1303 4951 5072 1302 1336 4952 5073 1335 0
1336 4952 5073 1335 1369 4953 5074 1368 0
1369 4953 5074 1368 1402 4954 5075 1401 0
1402 4954 5075 1401 1435 4955 5076 1434 0
1435 4955 5076 1434 1468 4956 5077 1467 0
1468 4956 5077 1467 1501 4957 5078 1500 0
1501 4957 5078 1500 1534 4958 5079 1533 0
1534 4958 5079 1533 412 1109 1120 411 0
548 549 538 537 4948 4959 5080 5069 0
4948 4959 5080 5069 4949 4960 5081 5070 0
4949 4960 5081 5070 4950 4961 5082 5071 0
4950 4961 5082 5071 4951 4962 5083 5072 0
4951 4962 5083 5072 4952 4963 5084 5073 0
4952 4963 5084 5073 4953 4964 5085 5074 0
4953 4964 5085 5074 4954 4965 5086 5075 0
4954 4965 5086 5075 4955 4966 5087 5076 0
4955 4966 5087 5076 4956 4967 5088 5077 0
4956 4967 5088 5077 4957 4968 5089 5078 0
4957 4968 5089 5078 4958 4969 5090 5079 0
4958 4969 5090 5079 1109 1110 1121 1120 0
549 550 539 538 4959 4970 5091 5080 0
4959 4970 5091 5080 4960 4971 5092 5081 0
4960 4971 5092 5081 4961 4972 5093 5082 0
4961 4972 5093 5082 4962 4973 5094 5083 0
4962 4973 5094 5083 4963 4974 5095 5084 0
4963 4974 5095 5084 4964 4975 5096 5085 0
4964 4975 5096 5085 4965 4976 5097 5086 0
4965 4976 5097 5086 4966 4977 5098 5087 0
4966 4977 5098 5087 4967 4978 5099 5088 0
4967 4978 5099 5088 4968 4979 5100 5089 0
4968 4979 5100 5089 4969 4980 5101 5090 0
4969 4980 5101 5090 1110 1111 1122 1121 0
550 551 540 539 4970 4981 5102 5091 0
4970 4981 5102 5091 4971 4982 5103 5092 0
4971 4982 5103 5092 4972 4983 5104 5093 0
4972 4983 5104 5093 4973 4984 5105 5094 0
4973 4984 5105 5094 4974 4985 5106 5095 0
4974 4985 5106 5095 4975 4986 5107 5096 0
4975 4986 5107 5096 4976 4987 5108 5097 0
4976 4987 5108 5097 4977 4988 5109 5098 0
4977 4988 5109 5098 4978 4989 5110 5099 0
4978 4989 5110 5099 4979 4990 5111 5100 0
4979 4990 5111 5100 4980 4991 5112 5101 0
4980 4991 5112 5101 1111 1112 1123 1122 0
551 552 541 540 4981 4992 5113 5102 0
4981 4992 5113 5102 4982 4993 5114 5103 0
4982 4993 5114 5103 4983 4994 5115 5104 0
4983 4994 5115 5104 4984 4995 5116 5105 0
4984 4995 5116 5105 4985 4996 5117 5106 0
4985 4996 5117 5106 4986 4997 5118 5107 0
4986 4997 5118 5107 4987 4998 5119 5108 0
4987 4998 5119 5108 4988 4999 5120 5109 0
4988 4999 5120 5109 4989 5000 5121 5110 0
4989 5000 5121 5110 4990 5001 5122 5111 0
4990 5001 5122 5111 4991 5002 5123 5112 0
4991 5002 5123 5112 1112 1113 1124 1123 0
552 553 542 541 4992 5003 5124 5113 0
4992 5003 5124 5113 4993 5004 5125 5114 0
4993 5004 5125 5114 4994 5005 5126 5115 0
4994 5005 5126 5115 4995 5006 5127 5116 0
4995 5006 5127 5116 4996 5007 5128 5117 0
4996 5007 5128 5117 4997 5008 5129 5118 0
4997 5008 5129 5118 4998 5009 5130 5119 0
4998 5009 5130 5119 4999 5010 5131 5120 0
4999 5010 5131 5120 5000 5011 5132 5121 0
5000 5011 5132 5121 5001 5012 5133 5122 0
5001 5012 5133 5122 5002 5013 5134 5123 0
5002 5013 5134 5123 1113 1114 1125 1124 0
553 554 543 542 5003 5014 5135 5124 0
5003 5014 5135 5124 5004 5015 5136 5125 0
5004 5015 5136 5125 5005 5016 5137 5126 0
5005 5016 5137 5126 5006 5017 5138 5127 0
5006 5017 5138 5127 5007 5018 5139 5128 0
5007 5018 5139 5128 5008 5019 5140 5129 0
5008 5019 5140 5129 5009 5020 5141 5130 0
5009 5020 5141 5130 5010 5021 5142 5131 0
5010 5021 5142 5131 5011 5022 5143 5132 0
5011 5022 5143 5132 5012 5023 5144 5133 0
5012 5023 5144 5133 5013 5024 5145 5134 0
5013 5024 5145 5134 1114 1115 1126 1125 0
554 555 544 543 5014 5025 5146 5135 0
5014 5025 5146 5135 5015 5026 5147 5136 0
5015 5026 5147 5136 5016 5027 5148 5137 0
5016 5027 5148 5137 5017 5028 5149 5138 0
5017 5028 5149 5138 5018 5029 5150 5139 0
5018 5029 5150 5139 5019 5030 5151 5140 0
5019 5030 5151 5140 5020 5031 5152 5141 0
5020 5031 5152 5141 5021 5032 5153 5142 0
5021 5032 5153 5142 5022 5033 5154 5143 0
5022 5033 5154 5143 5023 5034 5155 5144 0
5023 5034 5155 5144 5024 5035 5156 5145 0
5024 5035 5156 5145 1115 1116 1127 1126 0
555 556 545 544 5025 5036 5157 5146 0
5025 5036 5157 5146 5026 5037 5158 5147 0
5026 5037 5158 5147 5027 5038 5159 5148 0
5027 5038 5159 5148 5028 5039 5160 5149 0
5028 5039 5160 5149 5029 5040 5161 5150 0
5029 5040 5161 5150 5030 5041 5162 5151 0
5030 5041 5162 5151 5031 5042 5163 5152 0
5031 5042 5163 5152 5032 5043 5164 5153 0
5032 5043 5164 5153 5033 5044 5165 5154 0
5033 5044 5165 5154 5034 5045 5166 5155 0
5034 5045 5166 5155 5035 5046 5167 5156 0
5035 5046 5167 5156 1116 1117 1128 1127 0
556 557 546 545 5036 5047 5168 5157 0
5036 5047 5168 5157 5037 5048 5169 5158 0
5037 5048 5169 5158 5038 5049 5170 5159 0
5038 5049 5170 5159 5039 5050 5171 5160 0
5039 5050 5171 5160 5040 5051 5172 5161 0
5040 5051 5172 5161 5041 5052 5173 5162 0
5041 5052 5173 5162 5042 5053 5174 5163 0
5042 5053 5174 5163 5043 5054 5175 5164 0
5043 5054 5175 5164 5044 5055 5176 5165 0
5044 5055 5176 5165 5045 5056 5177 5166 0
5045 5056 5177 5166 5046 5057 5178 5167 0
5046 5057 5178 5167 1117 1118 1129 1128 0
557 558 547 546 5047 5058 5179 5168 0
5047 5058 5179 5168 5048 5059 5180 5169 0
5048 5059 5180 5169 5049 5060 5181 5170 0
5049 5060 5181 5170 5050 5061 5182 5171 0
5050 5061 5182 5171 5051 5062 5183 5172 0
5051 5062 5183 5172 5052 5063 5184 5173 0
5052 5063 5184 5173 5053 5064 5185 5174 0
5053 5064 5185 5174 5054 5065 5186 5175 0
5054 5065 5186 5175 5055 5066 5187 5176 0
5055 5066 5187 5176 5056 5067 5188 5177 0
5056 5067 5188 5177 5057 5068 5189 5178 0
5057 5068 5189 5178 1118 1119 1130 1129 0
558 379 378 547 5058 1897 1896 5179 0
5058 1897 1896 5179 5059 1864 1863 5180 0
5059 1864 1863 5180 5060 1831 1830 5181 0
5060 1831 1830 5181 5061 1798 1797 5182 0
5061 1798 1797 5182 5062 1765 1764 5183 0
5062 1765 1764 5183 5063 1732 1731 5184 0
5063 1732 1731 5184 5064 1699 1698 5185 0
5064 1699 1698 5185 5065 1666 1665 5186 0
5065 1666 1665 5186 5066 1633 1632 5187 0
5066 1633 1632 5187 5067 1600 1599 5188 0
5067 1600 1599 5188 5068 1567 1566 5189 0
5068 1567 1566 5189 1119 445 444 1130 0
345 537 526 344 1203 5069 5190 1202 0
1203 5069 5190 1202 1236 5070 5191 1235 0
1236 5070 5191 1235 1269 5071 5192 1268 0
1269 5071 5192 1268 1302 5072 5193 1301 0
1302 5072 5193 1301 1335 5073 5194 1334 0
1335 5073 5194 1334 1368 5074 5195 1367 0
1368 5074 5195 1367 1401 5075 5196 1400 0
1401 5075 5196 1400 1434 5076 5197 1433 0
1434 5076 5197 1433 1467 5077 5198 1466 0
1467 5077 5198 1466 1500 5078 5199 1499 0
1500 5078 5199 1499 1533 5079 5200 1532 0
1533 5079 5200 1532 411 1120 1131 410 0
537 538 527 526 5069 5080 5201 5190 0
5069 5080 5201 5190 5070 5081 5202 5191 0
5070 5081 5202 5191 5071 5082 5203 5192 0
5071 5082 5203 5192 5072 5083 5204 5193 0
5072 5083 5204 5193 5073 5084 5205 5194 0
5073 5084 5205 5194 5074 5085 5206 5195 0
5074 5085 5206 5195 5075 5086 5207 5196 0
5075 5086 5207 5196 5076 5087 5208 5197 0
5076 5087 5208 5197 5077 5088 5209 5198 0
5077 5088 5209 5198 5078 5089 5210 5199 0
5078 5089 5210 5199 5079 5090 5211 5200 0
5079 5090 5211 5200 1120 1121 1132 1131 0
538 539 528 527 5080 5091 5212 5201 0
5080 5091 5212 5201 5081 5092 5213 5202 0
5081 5092 5213 5202 5082 5093 5214 5203 0
5082 5093 5214 5203 5083 5094 5215 5204 0
5083 5094 5215 5204 5084 5095 5216 5205 0
5084 5095 5216 5205 5085 5096 5217 5206 0
5085 5096 5217 5206 5086 5097 5218 5207 0
5086 5097 5218 5207 5087 5098 5219 5208 0
5087 5098 5219 5208 5088 5099 5220 5209 0
5088 5099 5220 5209 5089 5100 5221 5210 0
5089 5100 5221 5210 5090 5101 5222 5211 0
5090 5101 5222 5211 1121 1122 1133 1132 0
539 540 529 528 5091 5102 5223 5212 0
5091 5102 5223 5212 5092 5103 5224 5213 0
5092 5103 5224 5213 5093 5104 5225 5214 0
5093 5104 5225 5214 5094 5105 5226 5215 0
5094 5105 5226 5215 5095 5106 5227 5216 0
5095 5106 5227 5216 5096 5107 5228 5217 0
5096 5107 5228 5217 5097 5108 5229 5218 0
5097 5108 5229 5218 5098 5109 5230 5219 0
5098 5109 5230 5219 5099 5110 5231 5220 0
5099 5110 5231 5220 5100 5111 5232 5221 0
5100 5111 5232 5221 5101 5112 5233 5222 0
5101 5112 5233 5222 1122 1123 1134 1133 0
540 541 530 529 5102 5113 5234 5223 0
5102 5113 5234 5223 5103 5114 5235 5224 0
5103 5114 5235 5224 5104 5115 5236 5225 0
5104 5115 5236 5225 5105 5116 5237 5226 0
5105 5116 5237 5226 5106 5117 5238 5227 0
5106 5117 5238 5227 5107 5118 5239 5228 0
5107 5118 5239 5228 5108 5119 5240 5229 0
5108 5119 5240 5229 5109 5120 5241 5230 0
5109 5120 5241 5230 5110 5121 5242 5231 0
5110 5121 5242 5231 5111 5122 5243 5232 0
5111 5122 5243 5232 5112 5123 5244 5233 0
5112 5123 5244 5233 1123 1124 1135 1134 0
541 542 531 530 5113 5124 5245 5234 0
5113 5124 5245 5234 5114 5125 5246 5235 0
5114 5125 5246 5235 5115 5126 5247 5236 0
5115 5126 5247 5236 5116 5127 5248 5237 0
5116 5127 5248 5237 5117 5128 5249 5238 0
5117 5128 5249 5238 5118 5129 5250 5239 0
5118 5129 5250 5239 5119 5130 5251 5240 0
5119 5130 5251 5240 5120 5131 5252 5241 0
5120 5131 5252 5241 5121 5132 5253 5242 0
5121 5132 5253 5242 5122 5133 5254 5243 0
5122 5133 5254 5243 5123 5134 5255 5244 0
5123 5134 5255 5244 1124 1125 1136 1135 0
542 543 532 531 5124 5135 5256 5245 0
5124 5135 5256 5245 5125 5136 5257 5246 0
5125 5136 5257 5246 5126 5137 5258 5247 0
5126 5137 5258 5247 5127 5138 5259 5248 0
5127 5138 5259 5248 5128 5139 5260 5249 0
5128 5139 5260 5249 5129 5140 5261 5250 0
5129 5140 5261 5250 5130 5141 5262 5251 0
5130 5141 5262 5251 5131 5142 5263 5252 0
5131 5142 5263 5252 5132 5143 5264 5253 0
5132 5143 5264 5253 5133 5144 5265 5254 0
5133 5144 5265 5254 5134 5145 5266 5255 0
5134 5145 5266 5255 1125 1126 1137 1136 0
543 544 533 532 5135 5146 5267 5256 0
5135 5146 5267 5256 5136 5147 5268 5257 0
5136 5147 5268 5257 5137 5148 5269 5258 0
5137 5148 5269 5258 5138 5149 5270 5259 0
5138 5149 5270 5259 5139 5150 5271 5260 0
5139 5150 5271 5260 5140 5151 5272 5261 0
5140 5151 5272 5261 5141 5152 5273 5262 0
5141 5152 5273 5262 5142 5153 5274 5263 0
5142 5153 5274 5263 5143 5154 5275 5264 0
5143 5154 5275 5264 5144 5155 5276 5265 0
5144 5155 5276 5265 5145 5156 5277 5266 0
5145 5156 5277 5266 1126 1127 1138 1137 0
544 545 534 533 5146 5157 5278 5267 0
5146 5157 5278 5267 5147 5158 5279 5268 0
5147 5158 5279 5268 5148 5159 5280 5269 0
5148 5159 5280 5269 5149 5160 5281 5270 0
5149 5160 5281 5270 5150 5161 5282 5271 0
5150 5161 5282 5271 5151 5162 5283 5272 0
5151 5162 5283 5272 5152 5163 5284 5273 0
5152 5163 5284 5273 5153 5164 5285 5274 0
5153 5164 5285 5274 5154 5165 5286 5275 0
5154 5165 5286 5275 5155 5166 5287 5276 0
5155 5166 5287 5276 5156 5167 5288 5277 0
5156 5167 5288 5277 1127 1128 1139 1138 0
545 546 535 534 5157 5168 5289 5278 0
5157 5168 5289 5278 5158 5169 5290 5279 0
5158 5169 5290 5279 5159 5170 5291 5280 0
5159 5170 5291 5280 5160 5171 5292 5281 0
5160 5171 5292 5281 5161 5172 5293 5282 0
5161 5172 5293 5282 5162 5173 5294 5283 0
5162 5173 5294 5283 5163 5174 5295 5284 0
5163 5174 5295 5284 5164 5175 5296 5285 0
5164 5175 5296 5285 5165 5176 5297 5286 0
5165 5176 5297 5286 5166 5177 5298 5287 0
5166 5177 5298 5287 5167 5178 5299 5288 0
5167 5178 5299 5288 1128 1129 1140 1139 0
546 547 536 535 5168 5179 5300 5289 0
5168 5179 5300 5289 5169 5180 5301 5290 0
5169 5180 5301 5290 5170 5181 5302 5291 0
5170 5181 5302 5291 5171 5182 5303 5292 0
5171 5182 5303 5292 5172 5183 5304 5293 0
5172 5183 5304 5293 5173 5184 5305 5294 0
5173 5184 5305 5294 5174 5185 5306 5295 0
5174 5185 5306 5295 5175 5186 5307 5296 0
5175 5186 5307 5296 5176 5187 5308 5297 0
5176 5187 5308 5297 5177 5188 5309 5298 0
5177 5188 5309 5298 5178 5189 5310 5299 0
5178 5189 5310 5299 1129 1130 1141 1140 0
547 378 377 536 5179 1896 1895 5300 0
5179 1896 1895 5300 5180 1863 1862 5301 0
5180 1863 1862 5301 5181 1830 1829 5302 0
5181 1830 1829 5302 5182 1797 1796 5303 0
5182 1797 1796 5303 5183 1764 1763 5304 0
5183 1764 1763 5304 5184 1731 1730 5305 0
5184 1731 1730 5305 5185 1698 1697 5306 0
5185 1698 1697 5306 5186 1665 1664 5307 0
5186 1665 1664 5307 5187 1632 1631 5308 0
5187 1632 1631 5308 5188 1599 1598 5309 0
5188 1599 1598 5309 5189 1566 1565 5310 0
5189 1566 1565 5310 1130 444 443 1141 0
344 526 515 343 1202 5190 5311 1201 0
1202 5190 5311 1201 1235 5191 5312 1234 0
1235 5191 5312 1234 1268 5192 5313 1267 0
1268 5192 5313 1267 1301 5193 5314 1300 0
1301 5193 5314 1300 1334 5194 5315 1333 0
1334 5194 5315 1333 1367 5195 5316 1366 0
1367 5195 5316 1366 1400 5196 5317 1399 0
1400 5196 5317 1399 1433 5197 5318 1432 0
1433 5197 5318 1432 1466 5198 5319 1465 0
1466 5198 5319 1465 1499 5199 5320 1498 0
1499 5199 5320 1498 1532 5200 5321 1531 0
1532 5200 5321 1531 410 1131 1142 409 0
526 527 516 515 5190 5201 5322 5311 0
5190 5201 5322 5311 5191 5202 5323 5312 0
5191 5202 5323 5312 5192 5203 5324 5313 0
5192 5203 5324 5313 5193 5204 5325 5314 0
5193 5204 5325 5314 5194 5205 5326 5315 0
5194 5205 5326 5315 5195 5206 5327 5316 0
5195 5206 5327 5316 5196 5207 5328 5317 0
5196 5207 5328 5317 5197 5208 5329 5318 0
5197 5208 5329 5318 5198 5209 5330 5319 0
5198 5209 5330 5319 5199 5210 5331 5320 0
5199 5210 5331 5320 5200 5211 5332 5321 0
5200 5211 5332 5321 1131 1132 1143 1142 0
527 528 517 516 5201 5212 5333 5322 0
5201 5212 5333 5322 5202 5213 5334 5323 0
5202 5213 5334 5323 5203 5214 5335 5324 0
5203 5214 5335 5324 5204 5215 5336 5325 0
5204 5215 5336 5325 5205 5216 5337 5326 0
5205 5216 5337 5326 5206 5217 5338 5327 0
5206 5217 5338 5327 5207 5218 5339 5328 0
5207 5218 5339 5328 5208 5219 5340 5329 0
5208 5219 5340 5329 5209 5220 5341 5330 0
5209 5220 5341 5330 5210 5221 5342 5331 0
5210 5221 5342 5331 5211 5222 5343 5332 0
5211 5222 5343 5332 1132 1133 1144 1143 0
528 529 518 517 5212 5223 5344 5333 0
5212 5223 5344 5333 5213 5224 5345 5334 0
5213 5224 5345 5334 5214 5225 5346 5335 0
5214 5225 5346 5335 5215 5226 5347 5336 0
5215 5226 5347 5336 5216 5227 5348 5337 0
5216 5227 5348 5337 5217 5228 5349 5338 0
5217 5228 5349 5338 5218 5229 5350 5339 0
5218 5229 5350 5339 5219 5230 5351 5340 0
5219 5230 5351 5340 5220 5231 5352 5341 0
5220 5231 5352 5341 5221 5232 5353 5342 0
5221 5232 5353 5342 5222 5233 5354 5343 0
5222 5233 5354 5343 1133 1134 1145 1144 0
529 530 519 518 5223 5234 5355 5344 0
5223 5234 5355 5344 5224 5235 5356 5345 0
5224 5235 5356 5345 5225 5236 5357 5346 0
5225 5236 5357 5346 5226 5237 5358 5347 0
5226 5237 5358 5347 5227 5238 5359 5348 0
5227 5238 5359 5348 5228 5239 5360 5349 0
5228 5239 5360 5349 5229 5240 5361 5350 0
5229 5240 5361 5350 5230 5241 5362 5351 0
5230 5241 5362 5351 5231 5242 5363 5352 0
5231 5242 5363 5352 5232 5243 5364 5353 0
5232 5243 5364 5353 5233 5244 5365 5354 0
5233 5244 5365 5354 1134 1135 1146 1145 0
530 531 520 519 5234 5245 5366 5355 0
5234 5245 5366 5355 5235 5246 5367 5356 0
5235 5246 5367 5356 5236 5247 5368 5357 0
5236 5247 5368 5357 5237 5248 5369 5358 0
5237 5248 5369 5358 5238 5249 5370 5359 0
5238 5249 5370 5359 5239 5250 5371 5360 0
5239 5250 5371 5360 5240 5251 5372 5361 0
5240 5251 5372 5361 5241 5252 5373 5362 0
5241 5252 5373 5362 5242 5253 5374 5363 0
5242 5253 5374 5363 5243 5254 5375 5364 0
5243 5254 5375 5364 5244 5255 5376 5365 0
5244 5255 5376 5365 1135 1136 1147 1146 0
531 532 521 520 5245 5256 5377 5366 0
5245 5256 5377 5366 5246 5257 5378 5367 0
5246 5257 5378 5367 5247 5258 5379 5368 0
5247 5258 5379 5368 5248 5259 5380 5369 0
5248 5259 5380 5369 5249 5260 5381 5370 0
5249 5260 5381 5370 5250 5261 5382 5371 0
5250 5261 5382 5371 5251 5262 5383 5372 0
5251 5262 5383 5372 5252 5263 5384 5373 0
5252 5263 5384 5373 5253 5264 5385 5374 0
5253 5264 5385 5374 5254 5265 5386 5375 0
5254 5265 5386 5375 5255 5266 5387 5376 0
5255 5266 5387 5376 1136 1137 1148 1147 0
532 533 522 521 5256 5267 5388 5377 0
5256 5267 5388 5377 5257 5268 5389 5378 0
5257 5268 5389 5378 5258 5269 5390 5379 0
5258 5269 5390 5379 5259 5270 5391 5380 0
5259 5270 5391 5380 5260 5271 5392 5381 0
5260 5271 5392 5381 5261 5272 5393 5382 0
5261 5272 5393 5382 5262 5273 5394 5383 0
5262 5273 5394 5383 5263 5274 5395 5384 0
5263 5274 5395 5384 5264 5275 5396 5385 0
5264 5275 5396 5385 5265 5276 5397 5386 0
5265 5276 5397 5386 5266 5277 5398 5387 0
5266 5277 5398 5387 1137 1138 1149 1148 0
533 534 523 522 5267 5278 5399 5388 0
5267 5278 5399 5388 5268 5279 5400 5389 0
5268 5279 5400 5389 5269 5280 5401 5390 0
5269 5280 5401 5390 5270 5281 5402 5391 0
5270 5281 5402 5391 5271 5282 5403 5392 0
5271 5282 5403 5392 5272 5283 5404 5393 0
5272 5283 5404 5393 5273 5284 5405 5394 0
5273 5284 5405 5394 5274 5285 5406 5395 0
5274 5285 5406 5395 5275 5286 5407 5396 0
5275 5286 5407 5396 5276 5287 5408 5397 0
5276 5287 5408 5397 5277 5288 5409 5398 0
5277 5288 5409 5398 1138 1139 1150 1149 0
534 535 524 523 5278 5289 5410 5399 0
5278 5289 5410 5399 5279 5290 5411 5400 0
5279 5290 5411 5400 5280 5291 5412 5401 0
5280 5291 5412 5401 5281 5292 5413 5402 0
5281 5292 5413 5402 5282 5293 5414 5403 0
5282 5293 5414 5403 5283 5294 5415 5404 0
5283 5294 5415 5404 5284 5295 5416 5405 0
5284 5295 5416 5405 5285 5296 5417 5406 0
5285 5296 5417 5406 5286 5297 5418 5407 0
5286 5297 5418 5407 5287 5298 5419 5408 0
5287 5298 5419 5408 5288 5299 5420 5409 0
5288 5299 5420 5409 1139 1140 1151 1150 0
535 536 525 524 5289 5300 5421 5410 0
5289 5300 5421 5410 5290 5301 5422 5411 0
5290 5301 5422 5411 5291 5302 5423 5412 0
5291 5302 5423 5412 5292 5303 5424 5413 0
5292 5303 5424 5413 5293 5304 5425 5414 0
5293 5304 5425 5414 5294 5305 5426 5415 0
5294 5305 5426 5415 5295 5306 5427 5416 0
5295 5306 5427 5416 5296 5307 5428 5417 0
5296 5307 5428 5417 5297 5308 5429 5418 0
5297 5308 5429 5418 5298 5309 5430 5419 0
5298 5309 5430 5419 5299 5310 5431 5420 0
5299 5310 5431 5420 1140 1141 1152 1151 0
536 377 376 525 5300 1895 1894 5421 0
5300 1895 1894 5421 5301 1862 1861 5422 0
5301 1862 1861 5422 5302 1829 1828 5423 0
5302 1829 1828 5423 5303 1796 1795 5424 0
5303 1796 1795 5424 5304 1763 1762 5425 0
5304 1763 1762 5425 5305 1730 1729 5426 0
5305 1730 1729 5426 5306 1697 1696 5427 0
5306 1697 1696 5427 5307 1664 1663 5428 0
5307 1664 1663 5428 5308 1631 1630 5429 0
5308 1631 1630 5429 5309 1598 1597 5430 0
5309 1598 1597 5430 5310 1565 1564 5431 0
5310 1565 1564 5431 1141 443 442 1152 0
343 515 504 342 1201 5311 5432 1200 0
1201 5311 5432 1200 1234 5312 5433 1233 0
1234 5312 5433 1233 1267 5313 5434 1266 0
1267 5313 5434 1266 1300 5314 5435 1299 0
1300 5314 5435 1299 1333 5315 5436 1332 0
1333 5315 5436 1332 1366 5316 5437 1365 0
1366 5316 5437 1365 1399 5317 5438 1398 0
1399 5317 5438 1398 1432 5318 5439 1431 0
1432 5318 5439 1431 1465 5319 5440 1464 0
1465 5319 5440 1464 1498 5320 5441 1497 0
1498 5320 5441 1497 1531 5321 5442 1530 0
1531 5321 5442 1530 409 1142 1153 408 0
515 516 505 504 5311 5322 5443 5432 0
5311 5322 5443 5432 5312 5323 5444 5433 0
5312 5323 5444 5433 5313 5324 5445 5434 0
5313 5324 5445 5434 5314 5325 5446 5435 0
5314 5325 5446 5435 5315 5326 5447 5436 0
5315 5326 5447 5436 5316 5327 5448 5437 0
5316 5327 5448 5437 5317 5328 5449 5438 0
5317 5328 5449 5438 5318 5329 5450 5439 0
5318 5329 5450 5439 5319 5330 5451 5440 0
5319 5330 5451 5440 5320 5331 5452 5441 0
5320 5331 5452 5441 5321 5332 5453 5442 0
5321 5332 5453 5442 1142 1143 1154 1153 0
516 517 506 505 5322 5333 5454 5443 0
5322 5333 5454 5443 5323 5334 5455 5444 0
5323 5334 5455 5444 5324 5335 5456 5445 0
5324 5335 5456 5445 5325 5336 5457 5446 0
5325 5336 5457 5446 5326 5337 5458 5447 0
5326 5337 5458 5447 5327 5338 5459 5448 0
5327 5338 5459 5448 5328 5339 5460 5449 0
5328 5339 5460 5449 5329 5340 5461 5450 0
5329 5340 5461 5450 5330 5341 5462 5451 0
5330 5341 5462 5451 5331 5342 5463 5452 0
5331 5342 5463 5452 5332 5343 5464 5453 0
5332 5343 5464 5453 1143 1144 1155 1154 0
517 518 507 506 5333 5344 5465 5454 0
5333 5344 5465 5454 5334 5345 5466 5455 0
5334 5345 5466 5455 5335 5346 5467 5456 0
5335 5346 5467 5456 5336 5347 5468 5457 0
5336 5347 5468 5457 5337 5348 5469 5458 0
5337 5348 5469 5458 5338 5349 5470 5459 0
5338 5349 5470 5459 5339 5350 5471 5460 0
5339 5350 5471 5460 5340 5351 5472 5461 0
5340 5351 5472 5461 5341 5352 5473 5462 0
5341 5352 5473 5462 5342 5353 5474 5463 0
5342 5353 5474 5463 5343 5354 5475 5464 0
5343 5354 5475 5464 1144 1145 1156 1155 0
518 519 508 507 5344 5355 5476 5465 0
5344 5355 5476 5465 5345 5356 5477 5466 0
5345 5356 5477 5466 5346 5357 5478 5467 0
5346 5357 5478 5467 5347 5358 5479 5468 0
5347 5358 5479 5468 5348 5359 5480 5469 0
5348 5359 5480 5469 5349 5360 5481 5470 0
5349 5360 5481 5470 5350 5361 5482 5471 0
5350 5361 5482 5471 5351 5362 5483 5472 0
5351 5362 5483 5472 5352 5363 5484 5473 0
5352 5363 5484 5473 5353 5364 5485 5474 0
5353 5364 5485 5474 5354 5365 5486 5475 0
5354 5365 5486 5475 1145 1146 1157 1156 0
519 520 509 508 5355 5366 5487 5476 0
5355 5366 5487 5476 5356 5367 5488 5477 0
5356 5367 5488 5477 5357 5368 5489 5478 0
5357 5368 5489 5478 5358 5369 5490 5479 0
5358 5369 5490 5479 5359 5370 5491 5480 0
5359 5370 5491 5480 5360 5371 5492 5481 0
5360 5371 5492 5481 5361 5372 5493 5482 0
5361 5372 5493 5482 5362 5373 5494 5483 0
5362 5373 5494 5483 5363 5374 5495 5484 0
5363 5374 5495 5484 5364 5375 5496 5485 0
5364 5375 5496 5485 5365 5376 5497 5486 0
5365 5376 5497 5486 1146 1147 1158 1157 0
520 521 510 509 5366 5377 5498 5487 0
5366 5377 5498 5487 5367 5378 5499 5488 0
5367 5378 5499 5488 5368 5379 5500 5489 0
5368 5379 5500 5489 5369 5380 5501 5490 0
5369 5380 5501 5490 5370 5381 5502 5491 0
5370 5381 5502 5491 5371 5382 5503 5492 0
5371 5382 5503 5492 5372 5383 5504 5493 0
5372 5383 5504 5493 5373 5384 5505 5494 0
5373 5384 5505 5494 5374 5385 5506 5495 0
5374 5385 5506 5495 5375 5386 5507 5496 0
5375 5386 5507 5496 5376 5387 5508 5497 0
5376 5387 5508 5497 1147 1148 1159 1158 0
521 522 511 510 5377 5388 5509 5498 0
5377 5388 5509 5498 5378 5389 5510 5499 0
5378 5389 5510 5499 5379 5390 5511 5500 0
5379 5390 5511 5500 5380 5391 5512 5501 0
5380 5391 5512 5501 5381 5392 5513 5502 0
5381 5392 5513 5502 5382 5393 5514 5503 0
5382 5393 5514 5503 5383 5394 5515 5504 0
5383 5394 5515 5504 5384 5395 5516 5505 0
5384 5395 5516 5505 5385 5396 5517 5506 0
5385 5396 5517 5506 5386 5397 5518 5507 0
5386 5397 5518 5507 5387 5398 5519 5508 0
5387 5398 5519 5508 1148 1149 1160 1159 0
522 523 512 511 5388 5399 5520 5509 0
5388 5399 5520 5509 5389 5400 5521 5510 0
5389 5400 5521 5510 5390 5401 5522 5511 0
5390 5401 5522 5511 5391 5402 5523 5512 0
5391 5402 5523 5512 5392 5403 5524 5513 0
5392 5403 5524 5513 5393 5404 5525 5514 0
5393 5404 5525 5514 5394 5405 5526 5515 0
5394 5405 5526 5515 5395 5406 5527 5516 0
5395 5406 5527 5516 5396 5407 5528 5517 0
5396 5407 5528 5517 5397 5408 5529 5518 0
5397 5408 5529 5518 5398 5409 5530 5519 0
5398 5409 5530 5519 1149 1150 1161 1160 0
523 524 513 512 5399 5410 5531 5520 0
5399 5410 5531 5520 5400 5411 5532 5521 0
5400 5411 5532 5521 5401 5412 5533 5522 0
5401 5412 5533 5522 5402 5413 5534 5523 0
5402 5413 5534 5523 5403 5414 5535 5524 0
5403 5414 5535 5524 5404 5415 5536 5525 0
5404 5415 5536 5525 5405 5416 5537 5526 0
5405 5416 5537 5526 5406 5417 5538 5527 0
5406 5417 5538 5527 5407 5418 5539 5528 0
5407 5418 5539 5528 5408 5419 5540 5529 0
5408 5419 5540 5529 5409 5420 5541 5530 0
5409 5420 5541 5530 1150 1151 1162 1161 0
524 525 514 513 5410 5421 5542 5531 0
5410 5421 5542 5531 5411 5422 5543 5532 0
5411 5422 5543 5532 5412 5423 5544 5533 0
5412 5423 5544 5533 5413 5424 5545 5534 0
5413 5424 5545 5534 5414 5425 5546 5535 0
5414 5425 5546 5535 5415 5426 5547 5536 0
5415 5426 5547 5536 5416 5427 5548 5537 0
5416 5427 5548 5537 5417 5428 5549 5538 0
5417 5428 5549 5538 5418 5429 5550 5539 0
5418 5429 5550 5539 5419 5430 5551 5540 0
5419 5430 5551 5540 5420 5431 5552 5541 0
5420 5431 5552 5541 1151 1152 1163 1162 0
525 376 375 514 5421 1894 1893 5542 0
5421 1894 1893 5542 5422 1861 1860 5543 0
5422 1861 1860 5543 5423 1828 1827 5544 0
5423 1828 1827 5544 5424 1795 1794 5545 0
5424 1795 1794 5545 5425 1762 1761 5546 0
5425 1762 1761 5546 5426 1729 1728 5547 0
5426 1729 1728 5547 5427 1696 1695 5548 0
5427 1696 1695 5548 5428 1663 1662 5549 0
5428 1663 1662 5549 5429 1630 1629 5550 0
5429 1630 1629 5550 5430 1597 1596 5551 0
5430 1597 1596 5551 5431 1564 1563 5552 0
5431 1564 1563 5552 1152 442 441 1163 0
342 504 493 341 1200 5432 5553 1199 0
1200 5432 5553 1199 1233 5433 5554 1232 0
1233 5433 5554 1232 1266 5434 5555 1265 0
1266 5434 5555 1265 1299 5435 5556 1298 0
1299 5435 5556 1298 1332 5436 5557 1331 0
1332 5436 5557 1331 1365 5437 5558 1364 0
1365 5437 5558 1364 1398 5438 5559 1397 0
1398 5438 5559 1397 1431 5439 5560 1430 0
1431 5439 5560 1430 1464 5440 5561 1463 0
1464 5440 5561 1463 1497 5441 5562 1496 0
1497 5441 5562 1496 1530 5442 5563 1529 0
1530 5442 5563 1529 408 1153 1164 407 0
504 505 494 493 5432 5443 5564 5553 0
5432 5443 5564 5553 5433 5444 5565 5554 0
5433 5444 5565 5554 5434 5445 5566 5555 0
5434 5445 5566 5555 5435 5446 5567 5556 0
5435 5446 5567 5556 5436 5447 5568 5557 0
5436 5447 5568 5557 5437 5448 5569 5558 0
5437 5448 5569 5558 5438 5449 5570 5559 0
5438 5449 5570 5559 5439 5450 5571 5560 0
5439 5450 5571 5560 5440 5451 5572 5561 0
5440 5451 5572 5561 5441 5452 5573 5562 0
5441 5452 5573 5562 5442 5453 5574 5563 0
5442 5453 5574 5563 1153 1154 1165 1164 0
505 506 495 494 5443 5454 5575 5564 0
5443 5454 5575 5564 5444 5455 5576 5565 0
5444 5455 5576 5565 5445 5456 5577 5566 0
5445 5456 5577 5566 5446 5457 5578 5567 0
5446 5457 5578 5567 5447 5458 5579 5568 0
5447 5458 5579 5568 5448 5459 5580 5569 0
5448 5459 5580 5569 5449 5460 5581 5570 0
5449 5460 5581 5570 5450 5461 5582 5571 0
5450 5461 5582 5571 5451 5462 5583 5572 0
5451 5462 5583 5572 5452 5463 5584 5573 0
5452 5463 5584 5573 5453 5464 5585 5574 0
5453 5464 5585 5574 1154 1155 1166 1165 0
506 507 496 495 5454 5465 5586 5575 0
5454 5465 5586 5575 5455 5466 5587 5576 0
5455 5466 5587 5576 5456 5467 5588 5577 0
5456 5467 5588 5577 5457 5468 5589 5578 0
5457 5468 5589 5578 5458 5469 5590 5579 0
5458 5469 5590 5579 5459 5470 5591 5580 0
5459 5470 5591 5580 5460 5471 5592 5581 0
5460 5471 5592 5581 5461 5472 5593 5582 0
5461 5472 5593 5582 5462 5473 5594 5583 0
5462 5473 5594 5583 5463 5474 5595 5584 0
5463 5474 5595 5584 5464 5475 5596 5585 0
5464 5475 5596 5585 1155 1156 1167 1166 0
507 508 497 496 5465 5476 5597 5586 0
5465 5476 5597 5586 5466 5477 5598 5587 0
5466 5477 5598 5587 5467 5478 5599 5588 0
5467 5478 5599 5588 5468 5479 5600 5589 0
5468 5479 5600 5589 5469 5480 5601 5590 0
5469 5480 5601 5590 5470 5481 5602 5591 0
5470 5481 5602 5591 5471 5482 5603 5592 0
5471 5482 5603 5592 5472 5483 5604 5593 0
5472 5483 5604 5593 5473 5484 5605 5594 0
5473 5484 5605 5594 5474 5485 5606 5595 0
5474 5485 5606 5595 5475 5486 5607 5596 0
5475 5486 5607 5596 1156 1157 1168 1167 0
508 509 498 497 5476 5487 5608 5597 0
5476 5487 5608 5597 5477 5488 5609 5598 0
5477 5488 5609 5598 5478 5489 5610 5599 0
5478 5489 5610 5599 5479 5490 5611 5600 0
5479 5490 5611 5600 5480 5491 5612 5601 0
5480 5491 5612 5601 5481 5492 5613 5602 0
5481 5492 5613 5602 5482 5493 5614 5603 0
5482 5493 5614 5603 5483 5494 5615 5604 0
5483 5494 5615 5604 5484 5495 5616 5605 0
5484 5495 5616 5605 5485 5496 5617 5606 0
5485 5496 5617 5606 5486 5497 5618 5607 0
5486 5497 5618 5607 1157 1158 1169 1168 0
509 510 499 498 5487 5498 5619 5608 0
5487 5498 5619 5608 5488 5499 5620 5609 0
5488 5499 5620 5609 5489 5500 5621 5610 0
5489 5500 5621 5610 5490 5501 5622 5611 0
5490 5501 5622 5611 5491 5502 5623 5612 0
5491 5502 5623 5612 5492 5503 5624 5613 0
5492 5503 5624 5613 5493 5504 5625 5614 0
5493 5504 5625 5614 5494 5505 5626 5615 0
5494 5505 5626 5615 5495 5506 5627 5616 0
5495 5506 5627 5616 5496 5507 5628 5617 0
5496 5507 5628 5617 5497 5508 5629 5618 0
5497 5508 5629 5618 1158 1159 1170 1169 0
510 511 500 499 5498 5509 5630 5619 0
5498 5509 5630 5619 5499 5510 5631 5620 0
5499 5510 5631 5620 5500 5511 5632 5621 0
5500 5511 5632 5621 5501 5512 5633 5622 0
5501 5512 5633 5622 5502 5513 5634 5623 0
5502 5513 5634 5623 5503 5514 5635 5624 0
5503 5514 5635 5624 5504 5515 5636 5625 0
5504 5515 5636 5625 5505 5516 5637 5626 0
5505 5516 5637 5626 5506 5517 5638 5627 0
5506 5517 5638 5627 5507 5518 5639 5628 0
5507 5518 5639 5628 5508 5519 5640 5629 0
5508 5519 5640 5629 1159 1160 1171 1170 0
511 512 501 500 5509 5520 5641 5630 0
5509 5520 5641 5630 5510 5521 5642 5631 0
5510 5521 5642 5631 5511 5522 5643 5632 0
5511 5522 5643 5632 5512 5523 5644 5633 0
5512 5523 5644 5633 5513 5524 5645 5634 0
5513 5524 5645 5634 5514 5525 5646 5635 0
5514 5525 5646 5635 5515 5526 5647 5636 0
5515 5526 5647 5636 5516 5527 5648 5637 0
5516 5527 5648 5637 5517 5528 5649 5638 0
5517 5528 5649 5638 5518 5529 5650 5639 0
5518 5529 5650 5639 5519 5530 5651 5640 0
5519 5530 5651 5640 1160 1161 1172 1171 0
512 513 502 501 5520 5531 5652 5641 0
5520 5531 5652 5641 5521 5532 5653 5642 0
5521 5532 5653 5642 5522 5533 5654 5643 0
5522 5533 5654 5643 5523 5534 5655 5644 0
5523 5534 5655 5644 5524 5535 5656 5645 0
5524 5535 5656 5645 5525 5536 5657 5646 0
5525 5536 5657 5646 5526 5537 5658 5647 0
5526 5537 5658 5647 5527 5538 5659 5648 0
5527 5538 5659 5648 5528 5539 5660 5649 0
5528 5539 5660 5649 5529 5540 5661 5650 0
5529 5540 5661 5650 5530 5541 5662 5651 0
5530 5541 5662 5651 1161 1162 1173 1172 0
513 514 503 502 5531 5542 5663 5652 0
5531 5542 5663 5652 5532 5543 5664 5653 0
5532 5543 5664 5653 5533 5544 5665 5654 0
5533 5544 5665 5654 5534 5545 5666 5655 0
5534 5545 5666 5655 5535 5546 5667 5656 0
5535 5546 5667 5656 5536 5547 5668 5657 0
5536 5547 5668 5657 5537 5548 5669 5658 0
5537 5548 5669 5658 5538 5549 5670 5659 0
5538 5549 5670 5659 5539 5550 5671 5660 0
5539 5550 5671 5660 5540 5551 5672 5661 0
5540 5551 5672 5661 5541 5552 5673 5662 0
5541 5552 5673 5662 1162 1163 1174 1173 0
514 375 374 503 5542 1893 1892 5663 0
5542 1893 1892 5663 5543 1860 1859 5664 0
5543 1860 1859 5664 5544 1827 1826 5665 0
5544 1827 1826 5665 5545 1794 1793 5666 0
5545 1794 1793 5666 5546 1761 1760 5667 0
5546 1761 1760 5667 5547 1728 1727 5668 0
5547 1728 1727 5668 5548 1695 1694 5669 0
5548 1695 1694 5669 5549 1662 1661 5670 0
5549 1662 1661 5670 5550 1629 1628 5671 0
5550 1629 1628 5671 5551 1596 1595 5672 0
5551 1596 1595 5672 5552 1563 1562 5673 0
5552 1563 1562 5673 1163 441 440 1174 0
341 493 482 340 1199 5553 5674 1198 0
1199 5553 5674 1198 1232 5554 5675 1231 0
1232 5554 5675 1231 1265 5555 5676 1264 0
1265 5555 5676 1264 1298 5556 5677 1297 0
1298 5556 5677 1297 1331 5557 5678 1330 0
1331 5557 5678 1330 1364 5558 5679 1363 0
1364 5558 5679 1363 1397 5559 5680 1396 0
1397 5559 5680 1396 1430 5560 5681 1429 0
1430 5560 5681 1429 1463 5561 5682 1462 0
1463 5561 5682 1462 1496 5562 5683 1495 0
1496 5562 5683 1495 1529 5563 5684 1528 0
1529 5563 5684 1528 407 1164 1175 406 0
493 494 483 482 5553 5564 5685 5674 0
5553 5564 5685 5674 5554 5565 5686 5675 0
5554 5565 5686 5675 5555 5566 5687 5676 0
5555 5566 5687 5676 5556 5567 5688 5677 0
5556 5567 5688 5677 5557 5568 5689 5678 0
5557 5568 5689 5678 5558 5569 5690 5679 0
5558 5569 5690 5679 5559 5570 5691 5680 0
5559 5570 5691 5680 5560 5571 5692 5681 0
5560 5571 5692 5681 5561 5572 5693 5682 0
5561 5572 5693 5682 5562 5573 5694 5683 0
5562 5573 5694 5683 5563 5574 5695 5684 0
5563 5574 5695 5684 1164 1165 1176 1175 0
494 495 484 483 5564 5575 5696 5685 0
5564 5575 5696 5685 5565 5576 5697 5686 0
5565 5576 5697 5686 5566 5577 5698 5687 0
5566 5577 5698 5687 5567 5578 5699 5688 0
5567 5578 5699 5688 5568 5579 5700 5689 0
5568 5579 5700 5689 5569 5580 5701 5690 0
5569 5580 5701 5690 5570 5581 5702 5691 0
5570 5581 5702 5691 5571 5582 5703 5692 0
5571 5582 5703 5692 5572 5583 5704 5693 0
5572 5583 5704 5693 5573 5584 5705 5694 0
5573 5584 5705 5694 5574 5585 5706 5695 0
5574 5585 5706 5695 1165 1166 1177 1176 0
495 496 485 484 5575 5586 5707 5696 0
5575 5586 5707 5696 5576 5587 5708 5697 0
5576 5587 5708 5697 5577 5588 5709 5698 0
5577 5588 5709 5698 5578 5589 5710 5699 0
5578 5589 5710 5699 5579 5590 5711 5700 0
5579 5590 5711 5700 5580 5591 5712 5701 0
5580 5591 5712 5701 5581 5592 5713 5702 0
5581 5592 5713 5702 5582 5593 5714 5703 0
5582 5593 5714 5703 5583 5594 5715 5704 0
5583 5594 5715 5704 5584 5595 5716 5705 0
5584 5595 5716 5705 5585 5596 5717 5706 0
5585 5596 5717 5706 1166 1167 1178 1177 0
496 497 486 485 5586 5597 5718 5707 0
5586 5597 5718 5707 5587 5598 5719 5708 0
5587 5598 5719 5708 5588 5599 5720 5709 0
5588 5599 5720 5709 5589 5600 5721 5710 0
5589 5600 5721 5710 5590 5601 5722 5711 0
5590 5601 5722 5711 5591 5602 5723 5712 0
5591 5602 5723 5712 5592 5603 5724 5713 0
5592 5603 5724 5713 5593 5604 5725 5714 0
5593 5604 5725 5714 5594 5605 5726 5715 0
5594 5605 5726 5715 5595 5606 5727 5716 0
5595 5606 5727 5716 5596 5607 5728 5717 0
5596 5607 5728 5717 1167 1168 1179 1178 0
497 498 487 486 5597 5608 5729 5718 0
5597 5608 5729 5718 5598 5609 5730 5719 0
5598 5609 5730 5719 5599 5610 5731 5720 0
5599 5610 5731 5720 5600 5611 5732 5721 0
5600 5611 5732 5721 5601 5612 5733 5722 0
5601 5612 5733 5722 5602 5613 5734 5723 0
5602 5613 5734 5723 5603 5614 5735 5724 0
5603 5614 5735 5724 5604 5615 5736 5725 0
5604 5615 5736 5725 5605 5616 5737 5726 0
5605 5616 5737 5726 5606 5617 5738 5727 0
5606 5617 5738 5727 5607 5618 5739 5728 0
5607 5618 5739 5728 1168 1169 1180 1179 0
498 499 488 487 5608 5619 5740 5729 0
5608 5619 5740 5729 5609 5620 5741 5730 0
5609 5620 5741 5730 5610 5621 5742 5731 0
5610 5621 5742 5731 5611 5622 5743 5732 0
5611 5622 5743 5732 5612 5623 5744 5733 0
5612 5623 5744 5733 5613 5624 5745 5734 0
5613 5624 5745 5734 5614 5625 5746 5735 0
5614 5625 5746 5735 5615 5626 5747 5736 0
5615 5626 5747 5736 5616 5627 5748 5737 0
5616 5627 5748 5737 5617 5628 5749 5738 0
5617 5628 5749 5738 5618 5629 5750 5739 0
5618 5629 5750 5739 1169 1170 1181 1180 0
499 500 489 488 5619 5630 5751 5740 0
5619 5630 5751 5740 5620 5631 5752 5741 0
5620 5631 5752 5741 5621 5632 5753 5742 0
5621 5632 5753 5742 5622 5633 5754 5743 0
5622 5633 5754 5743 5623 5634 5755 5744 0
5623 5634 5755 5744 5624 5635 5756 5745 0
5624 5635 5756 5745 5625 5636 5757 5746 0
5625 5636 5757 5746 5626 5637 5758 5747 0
5626 5637 5758 5747 5627 5638 5759 5748 0
5627 5638 5759 5748 5628 5639 5760 5749 0
5628 5639 5760 5749 5629 5640 5761 5750 0
5629 5640 5761 5750 1170 1171 1182 1181 0
500 501 490 489 5630 5641 5762 5751 0
5630 5641 5762 5751 5631 5642 5763 5752 0
5631 5642 5763 5752 5632 5643 5764 5753 0
5632 5643 5764 5753 5633 5644 5765 5754 0
5633 5644 5765 5754 5634 5645 5766 5755 0
5634 5645 5766 5755 5635 5646 5767 5756 0
5635 5646 5767 5756 5636 5647 5768 5757 0
5636 5647 5768 5757 5637 5648 5769 5758 0
5637 5648 5769 5758 5638 5649 5770 5759 0
5638 5649 5770 5759 5639 5650 5771 5760 0
5639 5650 5771 5760 5640 5651 5772 5761 0
5640 5651 5772 5761 1171 1172 1183 1182 0
501 502 491 490 5641 5652 5773 5762 0
5641 5652 5773 5762 5642 5653 5774 5763 0
5642 5653 5774 5763 5643 5654 5775 5764 0
5643 5654 5775 5764 5644 5655 5776 5765 0
5644 5655 5776 5765 5645 5656 5777 5766 0
5645 5656 5777 5766 5646 5657 5778 5767 0
5646 5657 5778 5767 5647 5658 5779 5768 0
5647 5658 5779 5768 5648 5659 5780 5769 0
5648 5659 5780 5769 5649 5660 5781 5770 0
5649 5660 5781 5770 5650 5661 5782 5771 0
5650 5661 5782 5771 5651 5662 5783 5772 0
5651 5662 5783 5772 1172 1173 1184 1183 0
502 503 492 491 5652 5663 5784 5773 0
5652 5663 5784 5773 5653 5664 5785 5774 0
5653 5664 5785 5774 5654 5665 5786 5775 0
5654 5665 5786 5775 5655 5666 5787 5776 0
5655 5666 5787 5776 5656 5667 5788 5777 0
5656 5667 5788 5777 5657 5668 5789 5778 0
5657 5668 5789 5778 5658 5669 5790 5779 0
5658 5669 5790 5779 5659 5670 5791 5780 0
5659 5670 5791 5780 5660 5671 5792 5781 0
5660 5671 5792 5781 5661 5672 5793 5782 0
5661 5672 5793 5782 5662 5673 5794 5783 0
5662 5673 5794 5783 1173 1174 1185 1184 0
503 374 373 492 5663 1892 1891 5784 0
5663 1892 1891 5784 5664 1859 1858 5785 0
5664 1859 1858 5785 5665 1826 1825 5786 0
5665 1826 1825 5786 5666 1793 1792 5787 0
5666 1793 1792 5787 5667 1760 1759 5788 0
5667 1760 1759 5788 5668 1727 1726 5789 0
5668 1727 1726 5789 5669 1694 1693 5790 0
5669 1694 1693 5790 5670 1661 1660 5791 0
5670 1661 1660 5791 5671 1628 1627 5792 0
5671 1628 1627 5792 5672 1595 1594 5793 0
5672 1595 1594 5793 5673 1562 1561 5794 0
5673 1562 1561 5794 1174 440 439 1185 0
340 482 471 339 1198 5674 5795 1197 0
1198 5674 5795 1197 1231 5675 5796 1230 0
1231 5675 5796 1230 1264 5676 5797 1263 0
1264 5676 5797 1263 1297 5677 5798 1296 0
1297 5677 5798 1296 1330 5678 5799 1329 0
1330 5678 5799 1329 1363 5679 5800 1362 0
1363 5679 5800 1362 1396 5680 5801 1395 0
1396 5680 5801 1395 1429 5681 5802 1428 0
1429 5681 5802 1428 1462 5682 5803 1461 0
1462 5682 5803 1461 1495 5683 5804 1494 0
1495 5683 5804 1494 1528 5684 5805 1527 0
1528 5684 5805 1527 406 1175 1186 405 0
482 483 472 471 5674 5685 5806 5795 0
5674 5685 5806 5795 5675 5686 5807 5796 0
5675 5686 5807 5796 5676 5687 5808 5797 0
5676 5687 5808 5797 5677 5688 5809 5798 0
5677 5688 5809 5798 5678 5689 5810 5799 0
5678 5689 5810 5799 5679 5690 5811 5800 0
5679 5690 5811 5800 5680 5691 5812 5801 0
5680 5691 5812 5801 5681 5692 5813 5802 0
5681 5692 5813 5802 5682 5693 5814 5803 0
5682 5693 5814 5803 5683 5694 5815 5804 0
5683 5694 5815 5804 5684 5695 5816 5805 0
5684 5695 5816 5805 1175 1176 1187 1186 0
483 484 473 472 5685 5696 5817 5806 0
5685 5696 5817 5806 5686 5697 5818 5807 0
5686 5697 5818 5807 5687 5698 5819 5808 0
5687 5698 5819 5808 5688 5699 5820 5809 0
5688 5699 5820 5809 5689 5700 5821 5810 0
5689 5700 5821 5810 5690 5701 5822 5811 0
5690 5701 5822 5811 5691 5702 5823 5812 0
5691 5702 5823 5812 5692 5703 5824 5813 0
5692 5703 5824 5813 5693 5704 5825 5814 0
5693 5704 5825 5814 5694 5705 5826 5815 0
5694 5705 5826 5815 5695 5706 5827 5816 0
5695 5706 5827 5816 1176 1177 1188 1187 0
484 485 474 473 5696 5707 5828 5817 0
5696 5707 5828 5817 5697 5708 5829 5818 0
5697 5708 5829 5818 5698 5709 5830 5819 0
5698 5709 5830 5819 5699 5710 5831 5820 0
5699 5710 5831 5820 5700 5711 5832 5821 0
5700 5711 5832 5821 5701 5712 5833 5822 0
5701 5712 5833 5822 5702 5713 5834 5823 0
5702 5713 5834 5823 5703 5714 5835 5824 0
5703 5714 5835 5824 5704 5715 5836 5825 0
5704 5715 5836 5825 5705 5716 5837 5826 0
5705 5716 5837 5826 5706 5717 5838 5827 0
5706 5717 5838 5827 1177 1178 1189 1188 0
485 486 475 474 5707 5718 5839 5828 0
5707 5718 5839 5828 5708 5719 5840 5829 0
5708 5719 5840 5829 5709 5720 5841 5830 0
5709 5720 5841 5830 5710 5721 5842 5831 0
5710 5721 5842 5831 5711 5722 5843 5832 0
5711 5722 5843 5832 5712 5723 5844 5833 0
5712 5723 5844 5833 5713 5724 5845 5834 0
5713 5724 5845 5834 5714 5725 5846 5835 0
5714 5725 5846 5835 5715 5726 5847 5836 0
5715 5726 5847 5836 5716 5727 5848 5837 0
5716 5727 5848 5837 5717 5728 5849 5838 0
5717 5728 5849 5838 1178 1179 1190 1189 0
486 487 476 475 5718 5729 5850 5839 0
5718 5729 5850 5839 5719 5730 5851 5840 0
5719 5730 5851 5840 5720 5731 5852 5841 0
5720 5731 5852 5841 5721 5732 5853 5842 0
5721 5732 5853 5842 5722 5733 5854 5843 0
5722 5733 5854 5843 5723 5734 5855 5844 0
5723 5734 5855 5844 5724 5735 5856 5845 0
5724 5735 5856 5845 5725 5736 5857 5846 0
5725 5736 5857 5846 5726 5737 5858 5847 0
5726 5737 5858 5847 5727 5738 5859 5848 0
5727 5738 5859 5848 5728 5739 5860 5849 0
5728 5739 5860 5849 1179 1180 1191 1190 0
487 488 477 476 5729 5740 5861 5850 0
5729 5740 5861 5850 5730 5741 5862 5851 0
5730 5741 5862 5851 5731 5742 5863 5852 0
5731 5742 5863 5852 5732 5743 5864 5853 0
5732 5743 5864 5853 5733 5744 5865 5854 0
5733 5744 5865 5854 5734 5745 5866 5855 0
5734 5745 5866 5855 5735 5746 5867 5856 0
5735 5746 5867 5856 5736 5747 5868 5857 0
5736 5747 5868 5857 5737 5748 5869 5858 0
5737 5748 5869 5858 5738 5749 5870 5859 0
5738 5749 5870 5859 5739 5750 5871 5860 0
5739 5750 5871 5860 1180 1181 1192 1191 0
488 489 478 477 5740 5751 5872 5861 0
5740 5751 5872 5861 5741 5752 5873 5862 0
5741 5752 5873 5862 5742 5753 5874 5863 0
5742 5753 5874 5863 5743 5754 5875 5864 0
5743 5754 5875 5864 5744 5755 5876 5865 0
5744 5755 5876 5865 5745 5756 5877 5866 0
5745 5756 5877 5866 5746 5757 5878 5867 0
5746 5757 5878 5867 5747 5758 5879 5868 0
5747 5758 5879 5868 5748 5759 5880 5869 0
5748 5759 5880 5869 5749 5760 5881 5870 0
5749 5760 5881 5870 5750 5761 5882 5871 0
5750 5761 5882 5871 1181 1182 1193 1192 0
489 490 479 478 5751 5762 5883 5872 0
5751 5762 5883 5872 5752 5763 5884 5873 0
5752 5763 5884 5873 5753 5764 5885 5874 0
5753 5764 5885 5874 5754 5765 5886 5875 0
5754 5765 5886 5875 5755 5766 5887 5876 0
5755 5766 5887 5876 5756 5767 5888 5877 0
5756 5767 5888 5877 5757 5768 5889 5878 0
5757 5768 5889 5878 5758 5769 5890 5879 0
5758 5769 5890 5879 5759 5770 5891 5880 0
5759 5770 5891 5880 5760 5771 5892 5881 0
5760 5771 5892 5881 5761 5772 5893 5882 0
5761 5772 5893 5882 1182 1183 1194 1193 0
490 491 480 479 5762 5773 5894 5883 0
5762 5773 5894 5883 5763 5774 5895 5884 0
5763 5774 5895 5884 5764 5775 5896 5885 0
5764 5775 5896 5885 5765 5776 5897 5886 0
5765 5776 5897 5886 5766 5777 5898 5887 0
5766 5777 5898 5887 5767 5778 5899 5888 0
5767 5778 5899 5888 5768 5779 5900 5889 0
5768 5779 5900 5889 5769 5780 5901 5890 0
5769 5780 5901 5890 5770 5781 5902 5891 0
5770 5781 5902 5891 5771 5782 5903 5892 0
5771 5782 5903 5892 5772 5783 5904 5893 0
5772 5783 5904 5893 1183 1184 1195 1194 0
491 492 481 480 5773 5784 5905 5894 0
5773 5784 5905 5894 5774 5785 5906 5895 0
5774 5785 5906 5895 5775 5786 5907 5896 0
5775 5786 5907 5896 5776 5787 5908 5897 0
5776 5787 5908 5897 5777 5788 5909 5898 0
5777 5788 5909 5898 5778 5789 5910 5899 0
5778 5789 5910 5899 5779 5790 5911 5900 0
5779 5790 5911 5900 5780 5791 5912 5901 0
5780 5791 5912 5901 5781 5792 5913 5902 0
5781 5792 5913 5902 5782 5793 5914 5903 0
5782 5793 5914 5903 5783 5794 5915 5904 0
5783 5794 5915 5904 1184 1185 1196 1195 0
492 373 372 481 5784 1891 1890 5905 0
5784 1891 1890 5905 5785 1858 1857 5906 0
5785 1858 1857 5906 5786 1825 1824 5907 0
5786 1825 1824 5907 5787 1792 1791 5908 0
5787 1792 1791 5908 5788 1759 1758 5909 0
5788 1759 1758 5909 5789 1726 1725 5910 0
5789 1726 1725 5910 5790 1693 1692 5911 0
5790 1693 1692 5911 5791 1660 1659 5912 0
5791 1660 1659 5912 5792 1627 1626 5913 0
5792 1627 1626 5913 5793 1594 1593 5914 0
5793 1594 1593 5914 5794 1561 1560 5915 0
5794 1561 1560 5915 1185 439 438 1196 0
339 471 20 2 1197 5795 97 53 0
1197 5795 97 53 1230 5796 98 54 0
1230 5796 98 54 1263 5797 99 55 0
1263 5797 99 55 1296 5798 100 56 0
1296 5798 100 56 1329 5799 101 57 0
1329 5799 101 57 1362 5800 102 58 0
1362 5800 102 58 1395 5801 103 59 0
1395 5801 103 59 1428 5802 104 60 0
1428 5802 104 60 1461 5803 105 61 0
1461 5803 105 61 1494 5804 106 62 0
1494 5804 106 62 1527 5805 107 63 0
1527 5805 107 63 405 1186 42 6 0
471 472 21 20 5795 5806 108 97 0
5795 5806 108 97 5796 5807 109 98 0
5796 5807 109 98 5797 5808 110 99 0
5797 5808 110 99 5798 5809 111 100 0
5798 5809 111 100 5799 5810 112 101 0
5799 5810 112 101 5800 5811 113 102 0
5800 5811 113 102 5801 5812 114 103 0
5801 5812 114 103 5802 5813 115 104 0
5802 5813 115 104 5803 5814 116 105 0
5803 5814 116 105 5804 5815 117 106 0
5804 5815 117 106 5805 5816 118 107 0
5805 5816 118 107 1186 1187 43 42 0
472 473 22 21 5806 5817 119 108 0
5806 5817 119 108 5807 5818 120 109 0
5807 5818 120 109 5808 5819 121 110 0
5808 5819 121 110 5809 5820 122 111 0
5809 5820 122 111 5810 5821 123 112 0
5810 5821 123 112 5811 5822 124 113 0
5811 5822 124 113 5812 5823 125 114 0
5812 5823 125 114 5813 5824 126 115 0
5813 5824 126 115 5814 5825 127 116 0
5814 5825 127 116 5815 5826 128 117 0
5815 5826 128 117 5816 5827 129 118 0
5816 5827 129 118 1187 1188 44 43 0
473 474 23 22 5817 5828 130 119 0
5817 5828 130 119 5818 5829 131 120 0
5818 5829 131 120 5819 5830 132 121 0
5819 5830 132 121 5820 5831 133 122 0
5820 5831 133 122 5821 5832 134 123 0
5821 5832 134 123 5822 5833 135 124 0
5822 5833 135 124 5823 5834 136 125 0
5823 5834 136 125 5824 5835 137 126 0
5824 5835 137 126 5825 5836 138 127 0
5825 5836 138 127 5826 5837 139 128 0
5826 5837 139 128 5827 5838 140 129 0
5827 5838 140 129 1188 1189 45 44 0
474 475 24 23 5828 5839 141 130 0
5828 5839 141 130 5829 5840 142 131 0
5829 5840 142 131 5830 5841 143 132 0
5830 5841 143 132 5831 5842 144 133 0
5831 5842 144 133 5832 5843 145 134 0
5832 5843 145 134 5833 5844 146 135 0
5833 5844 146 135 5834 5845 147 136 0
5834 5845 147 136 5835 5846 148 137 0
5835 5846 148 137 5836 5847 149 138 0
5836 5847 149 138 5837 5848 150 139 0
5837 5848 150 139 5838 5849 151 140 0
5838 5849 151 140 1189 1190 46 45 0
475 476 25 24 5839 5850 152 141 0
5839 5850 152 141 5840 5851 153 142 0
5840 5851 153 142 5841 5852 154 143 0
5841 5852 154 143 5842 5853 155 144 0
5842 5853 155 144 5843 5854 156 145 0
5843 5854 156 145 5844 5855 157 146 0
5844 5855 157 146 5845 5856 158 147 0
5845 5856 158 147 5846 5857 159 148 0
5846 5857 159 148 5847 5858 160 149 0
5847 5858 160 149 5848 5859 161 150 0
5848 5859 161 150 5849 5860 162 151 0
5849 5860 162 151 1190 1191 47 46 0
476 477 26 25 5850 5861 163 152 0
5850 5861 163 152 5851 5862 164 153 0
5851 5862 164 153 5852 5863 165 154 0
5852 5863 165 154 5853 5864 166 155 0
5853 5864 166 155 5854 5865 167 156 0
5854 5865 167 156 5855 5866 168 157 0
5855 5866 168 157 5856 5867 169 158 0
5856 5867 169 158 5857 5868 170 159 0
5857 5868 170 159 5858 5869 171 160 0
5858 5869 171 160 5859 5870 172 161 0
5859 5870 172 161 5860 5871 173 162 0
5860 5871 173 162 1191 1192 48 47 0
477 478 27 26 5861 5872 174 163 0
5861 5872 174 163 5862 5873 175 164 0
5862 5873 175 164 5863 5874 176 165 0
5863 5874 176 165 5864 5875 177 166 0
5864 5875 177 166 5865 5876 178 167 0
5865 5876 178 167 5866 5877 179 168 0
5866 5877 179 168 5867 5878 180 169 0
5867 5878 180 169 5868 5879 181 170 0
5868 5879 181 170 5869 5880 182 171 0
5869 5880 182 171 5870 5881 183 172 0
5870 5881 183 172 5871 5882 184 173 0
5871 5882 184 173 1192 1193 49 48 0
478 479 28 27 5872 5883 185 174 0
5872 5883 185 174 5873 5884 186 175 0
5873 5884 186 175 5874 5885 187 176 0
5874 5885 187 176 5875 5886 188 177 0
5875 5886 188 177 5876 5887 189 178 0
5876 5887 189 178 5877 5888 190 179 0
5877 5888 190 179 5878 5889 191 180 0
5878 5889 191 180 5879 5890 192 181 0
5879 5890 192 181 5880 5891 193 182 0
5880 5891 193 182 5881 5892 194 183 0
5881 5892 194 183 5882 5893 195 184 0
5882 5893 195 184 1193 1194 50 49 0
479 480 29 28 5883 5894 196 185 0
5883 5894 196 185 5884 5895 197 186 0
5884 5895 197 186 5885 5896 198 187 0
5885 5896 198 187 5886 5897 199 188 0
5886 5897 199 188 5887 5898 200 189 0
5887 5898 200 189 5888 5899 201 190 0
5888 5899 201 190 5889 5900 202 191 0
5889 5900 202 191 5890 5901 203 192 0
5890 5901 203 192 5891 5902 204 193 0
5891 5902 204 193 5892 5903 205 194 0
5892 5903 205 194 5893 5904 206 195 0
5893 5904 206 195 1194 1195 51 50 0
480 481 30 29 5894 5905 207 196 0
5894 5905 207 196 5895 5906 208 197 0
5895 5906 208 197 5896 5907 209 198 0
5896 5907 209 198 5897 5908 210 199 0
5897 5908 210 199 5898 5909 211 200 0
5898 5909 211 200 5899 5910 212 201 0
5899 5910 212 201 5900 5911 213 202 0
5900 5911 213 202 5901 5912 214 203 0
5901 5912 214 203 5902 5913 215 204 0
5902 5913 215 204 5903 5914 216 205 0
5903 5914 216 205 5904 5915 217 206 0
5904 5915 217 206 1195 1196 52 51 0
481 372 4 30 5905 1890 75 207 0
5905 1890 75 207 5906 1857 76 208 0
5906 1857 76 208 5907 1824 77 209 0
5907 1824 77 209 5908 1791 78 210 0
5908 1791 78 210 5909 1758 79 211 0
5909 1758 79 211 5910 1725 80 212 0
5910 1725 80 212 5911 1692 81 213 0
5911 1692 81 213 5912 1659 82 214 0
5912 1659 82 214 5913 1626 83 215 0
5913 1626 83 215 5914 1593 84 216 0
5914 1593 84 216 5915 1560 85 217 0
5915 1560 85 217 1196 438 8 52 0

Quadrilaterals
1920
2 20 97 53 0
53 97 98 54 0
54 98 99 55 0
55 99 100 56 0
56 100 101 57 0
57 101 102 58 0
58 102 103 59 0
59 103 104 60 0
60 104 105 61 0
61 105 106 62 0
62 106 107 63 0
63 107 42 6 0
20 21 108 97 0
97 108 109 98 0
98 109 110 99 0
99 110 111 100 0
100 111 112 101 0
101 112 113 102 0
102 113 114 103 0
103 114 115 104 0
104 115 116 105 0
105 116 117 106 0
106 117 118 107 0
107 118 43 42 0
21 22 119 108 0
108 119 120 109 0
109 120 121 110 0
110 121 122 111 0
111 122 123 112 0
112 123 124 113 0
113 124 125 114 0
114 125 126 115 0
115 126 127 116 0
116 127 128 117 0
117 128 129 118 0
118 129 44 43 0
22 23 130 119 0
119 130 131 120 0
120 131 132 121 0
121 132 133 122 0
122 133 134 123 0
123 134 135 124 0
124 135 136 125 0
125 136 137 126 0
126 137 138 127 0
127 138 139 128 0
128 139 140 129 0
129 140 45 44 0
23 24 141 130 0
130 141 142 131 0
131 142 143 132 0
132 143 144 133 0
133 144 145 134 0
134 145 146 135 0
135 146 147 136 0
136 147 148 137 0
137 148 149 138 0
138 149 150 139 0
139 150 151 140 0
140 151 46 45 0
24 25 152 141 0
141 152 153 142 0
142 153 154 143 0
143 154 155 144 0
144 155 156 145 0
145 156 157 146 0
146 157 158 147 0
147 158 159 148 0
148 159 160 149 0
149 160 161 150 0
150 161 162 151 0
151 162 47 46 0
25 26 163 152 0
152 163 164 153 0
153 164 165 154 0
154 165 166 155 0
155 166 167 156 0
156 167 168 157 0
157 168 169 158 0
158 169 170 159 0
159 170 171 160 0
160 171 172 161 0
161 172 173 162 0
162 173 48 47 0
26 27 174 163 0
163 174 175 164 0
164 175 176 165 0
165 176 177 166 0
166 177 178 167 0
167 178 179 168 0
168 179 180 169 0
169 180 181 170 0
170 181 182 171 0
171 182 183 172 0
172 183 184 173 0
173 184 49 48 0
27 28 185 174 0
174 185 186 175 0
175 186 187 176 0
176 187 188 177 0
177 188 189 178 0
178 189 190 179 0
179 190 191 180 0
180 191 192 181 0
181 192 193 182 0
182 193 194 183 0
183 194 195 184 0
184 195 50 49 0
28 29 196 185 0
185 196 197 186 0
186 197 198 187 0
187 198 199 188 0
188 199 200 189 0
189 200 201 190 0
190 201 202 191 0
191 202 203 192 0
192 203 204 193 0
193 204 205 194 0
194 205 206 195 0
195 206 51 50 0
29 30 207 196 0
196 207 208 197 0
197 208 209 198 0
198 209 210 199 0
199 210 211 200 0
200 211 212 201 0
201 212 213 202 0
202 213 214 203 0
203 214 215 204 0
204 215 216 205 0
205 216 217 206 0
206 217 52 51 0
30 4 75 207 0
207 75 76 208 0
208 76 77 209 0
209 77 78 210 0
210 78 79 211 0
211 79 80 212 0
212 80 81 213 0
213 81 82 214 0
214 82 83 215 0
215 83 84 216 0
216 84 85 217 0
217 85 8 52 0
3 19 218 86 1
86 218 219 87 1
87 219 220 88 1
88 220 221 89 1
89 221 222 90 1
90 222 223 91 1
91 223 224 92 1
92 224 225 93 1
93 225 226 94 1
94 226 227 95 1
95 227 228 96 1
96 228 41 7 1
19 18 229 218 1
218 229 230 219 1
219 230 231 220 1
220 231 232 221 1
221 232 233 222 1
222 233 234 223 1
223 234 235 224 1
224 235 236 225 1
225 236 237 226 1
226 237 238 227 1
227 238 239 228 1
228 239 40 41 1
18 17 240 229 1
229 240 241 230 1
230 241 242 231 1
231 242 243 232 1
232 243 244 233 1
233 244 245 234 1
234 245 246 235 1
235 246 247 236 1
236 247 248 237 1
237 248 249 238 1
238 249 250 239 1
239 250 39 40 1
17 16 251 240 1
240 251 252 241 1
241 252 253 242 1
242 253 254 243 1
243 254 255 244 1
244 255 256 245 1
245 256 257 246 1
246 257 258 247 1
247 258 259 248 1
248 259 260 249 1
249 260 261 250 1
250 261 38 39 1
16 15 262 251 1
251 262 263 252 1
252 263 264 253 1
253 264 265 254 1
254 265 266 255 1
255 266 267 256 1
256 267 268 257 1
257 268 269 258 1
258 269 270 259 1
259 270 271 260 1
260 271 272 261 1
261 272 37 38 1
15 14 273 262 1
262 273 274 263 1
263 274 275 264 1
264 275 276 265 1
265 276 277 266 1
266 277 278 267 1
267 278 279 268 1
268 279 280 269 1
269 280 281 270 1
270 281 282 271 1
271 282 283 272 1
272 283 36 37 1
14 13 284 273 1
273 284 285 274 1
274 285 286 275 1
275 286 287 276 1
276 287 288 277 1
277 288 289 278 1
278 289 290 279 1
279 290 291 280 1
280 291 292 281 1
281 292 293 282 1
282 293 294 283 1
283 294 35 36 1
13 12 295 284 1
284 295 296 285 1
285 296 297 286 1
286 297 298 287 1
287 298 299 288 1
288 299 300 289 1
289 300 301 290 1
290 301 302 291 1
291 302 303 292 1
292 303 304 293 1
293 304 305 294 1
294 305 34 35 1
12 11 306 295 1
295 306 307 296 1
296 307 308 297 1
297 308 309 298 1
298 309 310 299 1
299 310 311 300 1
300 311 312 301 1
301 312 313 302 1
302 313 314 303 1
303 314 315 304 1
304 315 316 305 1
305 316 33 34 1
11 10 317 306 1
306 317 318 307 1
307 318 319 308 1
308 319 320 309 1
309 320 321 310 1
310 321 322 311 1
311 322 323 312 1
312 323 324 313 1
313 324 325 314 1
314 325 326 315 1
315 326 327 316 1
316 327 32 33 1
10 9 328 317 1
317 328 329 318 1
318 329 330 319 1
319 330 331 320 1
320 331 332 321 1
321 332 333 322 1
322 333 334 323 1
323 334 335 324 1
324 335 336 325 1
325 336 337 326 1
326 337 338 327 1
327 338 31 32 1
9 1 64 328 1
328 64 65 329 1
329 65 66 330 1
330 66 67 331 1
331 67 68 332 1
332 68 69 333 1
333 69 70 334 1
334 70 71 335 1
335 71 72 336 1
336 72 73 337 1
337 73 74 338 1
338 74 5 31 1
2 339 471 20 3
20 471 472 21 3
21 472 473 22 3
22 473 474 23 3
23 474 475 24 3
24 475 476 25 3
25 476 477 26 3
26 477 478 27 3
27 478 479 28 3
28 479 480 29 3
29 480 481 30 3
30 481 372 4 3
339 340 482 471 3
471 482 483 472 3
472 483 484 473 3
473 484 485 474 3
474 485 486 475 3
475 486 487 476 3
476 487 488 477 3
477 488 489 478 3
478 489 490 479 3
479 490 491 480 3
480 491 492 481 3
481 492 373 372 3
340 341 493 482 3
482 493 494 483 3
483 494 495 484 3
484 495 496 485 3
485 496 497 486 3
486 497 498 487 3
487 498 499 488 3
488 499 500 489 3
489 500 501 490 3
490 501 502 491 3
491 502 503 492 3
492 503 374 373 3
341 342 504 493 3
493 504 505 494 3
494 505 506 495 3
495 506 507 496 3
496 507 508 497 3
497 508 509 498 3
498 509 510 499 3
499 510 511 500 3
500 511 512 501 3
501 512 513 502 3
502 513 514 503 3
503 514 375 374 3
342 343 515 504 3
504 515 516 505 3
505 516 517 506 3
506 517 518 507 3
507 518 519 508 3
508 519 520 509 3
509 520 521 510 3
510 521 522 511 3
511 522 523 512 3
512 523 524 513 3
513 524 525 514 3
514 525 376 375 3
343 344 526 515 3
515 526 527 516 3
516 527 528 517 3
517 528 529 518 3
518 529 530 519 3
519 530 531 520 3
520 531 532 521 3
521 532 533 522 3
522 533 534 523 3
523 534 535 524 3
524 535 536 525 3
525 536 377 376 3
344 345 537 526 3
526 537 538 527 3
527 538 539 528 3
528 539 540 529 3
529 540 541 530 3
530 541 542 531 3
531 542 543 532 3
532 543 544 533 3
533 544 545 534 3
534 545 546 535 3
535 546 547 536 3
536 547 378 377 3
345 346 548 537 3
537 548 549 538 3
538 549 550 539 3
539 550 551 540 3
540 551 552 541 3
541 552 553 542 3
542 553 554 543 3
543 554 555 544 3
544 555 556 545 3
545 556 557 546 3
546 557 558 547 3
547 558 379 378 3
346 347 559 548 3
548 559 560 549 3
549 560 561 550 3
550 561 562 551 3
551 562 563 552 3
552 563 564 553 3
553 564 565 554 3
554 565 566 555 3
555 566 567 556 3
556 567 568 557 3
557 568 569 558 3
558 569 380 379 3
347 348 570 559 3
559 570 571 560 3
560 571 572 561 3
561 572 573 562 3
562 573 574 563 3
563 574 575 564 3
564 575 576 565 3
565 576 577 566 3
566 577 578 567 3
567 578 579 568 3
568 579 580 569 3
569 580 381 380 3
348 349 581 570 3
570 581 582 571 3
571 582 583 572 3
572 583 584 573 3
573 584 585 574 3
574 585 586 575 3
575 586 587 576 3
576 587 588 577 3
577 588 589 578 3
578 589 590 579 3
579 590 591 580 3
580 591 382 381 3
349 350 592 581 3
581 592 593 582 3
582 593 594 583 3
583 594 595 584 3
584 595 596 585 3
585 596 597 586 3
586 597 598 587 3
587 598 599 588 3
588 599 600 589 3
589 600 601 590 3
590 601 602 591 3
591 602 383 382 3
350 351 603 592 3
592 603 604 593 3
593 604 605 594 3
594 605 606 595 3
595 606 607 596 3
596 607 608 597 3
597 608 609 598 3
598 609 610 599 3
599 610 611 600 3
600 611 612 601 3
601 612 613 602 3
602 613 384 383 3
351 352 614 603 3
603 614 615 604 3
604 615 616 605 3
605 616 617 606 3
606 617 618 607 3
607 618 619 608 3
608 619 620 609 3
609 620 621 610 3
610 621 622 611 3
611 622 623 612 3
612 623 624 613 3
613 624 385 384 3
352 353 625 614 3
614 625 626 615 3
615 626 627 616 3
616 627 628 617 3
617 628 629 618 3
618 629 630 619 3
619 630 631 620 3
620 631 632 621 3
621 632 633 622 3
622 633 634 623 3
623 634 635 624 3
624 635 386 385 3
353 354 636 625 3
625 636 637 626 3
626 637 638 627 3
627 638 639 628 3
628 639 640 629 3
629 640 641 630 3
630 641 642 631 3
631 642 643 632 3
632 643 644 633 3
633 644 645 634 3
634 645 646 635 3
635 646 387 386 3
354 355 647 636 3
636 647 648 637 3
637 648 649 638 3
638 649 650 639 3
639 650 651 640 3
640 651 652 641 3
641 652 653 642 3
642 653 654 643 3
643 654 655 644 3
644 655 656 645 3
645 656 657 646 3
646 657 388 387 3
355 356 658 647 3
647 658 659 648 3
648 659 660 649 3
649 660 661 650 3
650 661 662 651 3
651 662 663 652 3
652 663 664 653 3
653 664 665 654 3
654 665 666 655 3
655 666 667 656 3
656 667 668 657 3
657 668 389 388 3
356 357 669 658 3
658 669 670 659 3
659 670 671 660 3
660 671 672 661 3
661 672 673 662 3
662 673 674 663 3
663 674 675 664 3
664 675 676 665 3
665 676 677 666 3
666 677 678 667 3
667 678 679 668 3
668 679 390 389 3
357 358 680 669 3
669 680 681 670 3
670 681 682 671 3
671 682 683 672 3
672 683 684 673 3
673 684 685 674 3
674 685 686 675 3
675 686 687 676 3
676 687 688 677 3
677 688 689 678 3
678 689 690 679 3
679 690 391 390 3
358 359 691 680 3
680 691 692 681 3
681 692 693 682 3
682 693 694 683 3
683 694 695 684 3
684 695 696 685 3
685 696 697 686 3
686 697 698 687 3
687 698 699 688 3
688 699 700 689 3
689 700 701 690 3
690 701 392 391 3
359 360 702 691 3
691 702 703 692 3
692 703 704 693 3
693 704 705 694 3
694 705 706 695 3
695 706 707 696 3
696 707 708 697 3
697 708 709 698 3
698 709 710 699 3
699 710 711 700 3
700 711 712 701 3
701 712 393 392 3
360 361 713 702 3
702 713 714 703 3
703 714 715 704 3
704 715 716 705 3
705 716 717 706 3
706 717 718 707 3
707 718 719 708 3
708 719 720 709 3
709 720 721 710 3
710 721 722 711 3
711 722 723 712 3
712 723 394 393 3
361 362 724 713 3
713 724 725 714 3
714 725 726 715 3
715 726 727 716 3
716 727 728 717 3
717 728 729 718 3
718 729 730 719 3
719 730 731 720 3
720 731 732 721 3
721 732 733 722 3
722 733 734 723 3
723 734 395 394 3
362 363 735 724 3
724 735 736 725 3
725 736 737 726 3
726 737 738 727 3
727 738 739 728 3
728 739 740 729 3
729 740 741 730 3
730 741 742 731 3
731 742 743 732 3
732 743 744 733 3
733 744 745 734 3
734 745 396 395 3
363 364 746 735 3
735 746 747 736 3
736 747 748 737 3
737 748 749 738 3
738 749 750 739 3
739 750 751 740 3
740 751 752 741 3
741 752 753 742 3
742 753 754 743 3
743 754 755 744 3
744 755 756 745 3
745 756 397 396 3
364 365 757 746 3
746 757 758 747 3
747 758 759 748 3
748 759 760 749 3
749 760 761 750 3
750 761 762 751 3
751 762 763 752 3
752 763 764 753 3
753 764 765 754 3
754 765 766 755 3
755 766 767 756 3
756 767 398 397 3
365 366 768 757 3
757 768 769 758 3
758 769 770 759 3
759 770 771 760 3
760 771 772 761 3
761 772 773 762 3
762 773 774 763 3
763 774 775 764 3
764 775 776 765 3
765 776 777 766 3
766 777 778 767 3
767 778 399 398 3
366 367 779 768 3
768 779 780 769 3
769 780 781 770 3
770 781 782 771 3
771 782 783 772 3
772 783 784 773 3
773 784 785 774 3
774 785 786 775 3
775 786 787 776 3
776 787 788 777 3
777 788 789 778 3
778 789 400 399 3
367 368 790 779 3
779 790 791 780 3
780 791 792 781 3
781 792 793 782 3
782 793 794 783 3
783 794 795 784 3
784 795 796 785 3
785 796 797 786 3
786 797 798 787 3
787 798 799 788 3
788 799 800 789 3
789 800 401 400 3
368 369 801 790 3
790 801 802 791 3
791 802 803 792 3
792 803 804 793 3
793 804 805 794 3
794 805 806 795 3
795 806 807 796 3
796 807 808 797 3
797 808 809 798 3
798 809 810 799 3
799 810 811 800 3
800 811 402 401 3
369 370 812 801 3
801 812 813 802 3
802 813 814 803 3
803 814 815 804 3
804 815 816 805 3
805 816 817 806 3
806 817 818 807 3
807 818 819 808 3
808 819 820 809 3
809 820 821 810 3
810 821 822 811 3
811 822 403 402 3
370 371 823 812 3
812 823 824 813 3
813 824 825 814 3
814 825 826 815 3
815 826 827 816 3
816 827 828 817 3
817 828 829 818 3
818 829 830 819 3
819 830 831 820 3
820 831 832 821 3
821 832 833 822 3
822 833 404 403 3
371 1 9 823 3
823 9 10 824 3
824 10 11 825 3
825 11 12 826 3
826 12 13 827 3
827 13 14 828 3
828 14 15 829 3
829 15 16 830 3
830 16 17 831 3
831 17 18 832 3
832 18 19 833 3
833 19 3 404 3
5 437 834 31 2
31 834 835 32 2
32 835 836 33 2
33 836 837 34 2
34 837 838 35 2
35 838 839 36 2
36 839 840 37 2
37 840 841 38 2
38 841 842 39 2
39 842 843 40 2
40 843 844 41 2
41 844 470 7 2
437 436 845 834 2
834 845 846 835 2
835 846 847 836 2
836 847 848 837 2
837 848 849 838 2
838 849 850 839 2
839 850 851 840 2
840 851 852 841 2
841 852 853 842 2
842 853 854 843 2
843 854 855 844 2
844 855 469 470 2
436 435 856 845 2
845 856 857 846 2
846 857 858 847 2
847 858 859 848 2
848 859 860 849 2
849 860 861 850 2
850 861 862 851 2
851 862 863 852 2
852 863 864 853 2
853 864 865 854 2
854 865 866 855 2
855 866 468 469 2
435 434 867 856 2
856 867 868 857 2
857 868 869 858 2
858 869 870 859 2
859 870 871 860 2
860 871 872 861 2
861 872 873 862 2
862 873 874 863 2
863 874 875 864 2
864 875 876 865 2
865 876 877 866 2
866 877 467 468 2
434 433 878 867 2
867 878 879 868 2
868 879 880 869 2
869 880 881 870 2
870 881 882 871 2
871 882 883 872 2
872 883 884 873 2
873 884 885 874 2
874 885 886 875 2
875 886 887 876 2
876 887 888 877 2
877 888 466 467 2
433 432 889 878 2
878 889 890 879 2
879 890 891 880 2
880 891 892 881 2
881 892 893 882 2
882 893 894 883 2
883 894 895 884 2
884 895 896 885 2
885 896 897 886 2
886 897 898 887 2
887 898 899 888 2
888 899 465 466 2
432 431 900 889 2
889 900 901 890 2
890 901 902 891 2
891 902 903 892 2
892 903 904 893 2
893 904 905 894 2
894 905 906 895 2
895 906 907 896 2
896 907 908 897 2
897 908 909 898 2
898 909 910 899 2
899 910 464 465 2
431 430 911 900 2
900 911 912 901 2
901 912 913 902 2
902 913 914 903 2
903 914 915 904 2
904 915 916 905 2
905 916 917 906 2
906 917 918 907 2
907 918 919 908 2
908 919 920 909 2
909 920 921 910 2
910 921 463 464 2
430 429 922 911 2
911 922 923 912 2
912 923 924 913 2
913 924 925 914 2
914 925 926 915 2
915 926 927 916 2
916 927 928 917 2
917 928 929 918 2
918 929 930 919 2
919 930 931 920 2
920 931 932 921 2
921 932 462 463 2
429 428 933 922 2
922 933 934 923 2
923 934 935 924 2
924 935 936 925 2
925 936 937 926 2
926 937 938 927 2
927 938 939 928 2
928 939 940 929 2
929 940 941 930 2
930 941 942 931 2
931 942 943 932 2
932 943 461 462 2
428 427 944 933 2
933 944 945 934 2
934 945 946 935 2
935 946 947 936 2
936 947 948 937 2
937 948 949 938 2
938 949 950 939 2
939 950 951 940 2
940 951 952 941 2
941 952 953 942 2
942 953 954 943 2
943 954 460 461 2
427 426 955 944 2
944 955 956 945 2
945 956 957 946 2
946 957 958 947 2
947 958 959 948 2
948 959 960 949 2
949 960 961 950 2
950 961 962 951 2
951 962 963 952 2
952 963 964 953 2
953 964 965 954 2
954 965 459 460 2
426 425 966 955 2
955 966 967 956 2
956 967 968 957 2
957 968 969 958 2
958 969 970 959 2
959 970 971 960 2
960 971 972 961 2
961 972 973 962 2
962 973 974 963 2
963 974 975 964 2
964 975 976 965 2
965 976 458 459 2
425 424 977 966 2
966 977 978 967 2
967 978 979 968 2
968 979 980 969 2
969 980 981 970 2
970 981 982 971 2
971 982 983 972 2
972 983 984 973 2
973 984 985 974 2
974 985 986 975 2
975 986 987 976 2
976 987 457 458 2
424 423 988 977 2
977 988 989 978 2
978 989 990 979 2
979 990 991 980 2
980 991 992 981 2
981 992 993 982 2
982 993 994 983 2
983 994 995 984 2
984 995 996 985 2
985 996 997 986 2
986 997 998 987 2
987 998 456 457 2
423 422 999 988 2
988 999 1000 989 2
989 1000 1001 990 2
990 1001 1002 991 2
991 1002 1003 992 2
992 1003 1004 993 2
993 1004 1005 994 2
994 1005 1006 995 2
995 1006 1007 996 2
996 1007 1008 997 2
997 1008 1009 998 2
998 1009 455 456 2
422 421 1010 999 2
999 1010 1011 1000 2
1000 1011 1012 1001 2
1001 1012 1013 1002 2
1002 1013 1014 1003 2
1003 1014 1015 1004 2
1004 1015 1016 1005 2
1005 1016 1017 1006 2
1006 1017 1018 1007 2
1007 1018 1019 1008 2
1008 1019 1020 1009 2
1009 1020 454 455 2
421 420 1021 1010 2
1010 1021 1022 1011 2
1011 1022 1023 1012 2
1012 1023 1024 1013 2
1013 1024 1025 1014 2
1014 1025 1026 1015 2
1015 1026 1027 1016 2
1016 1027 1028 1017 2
1017 1028 1029 1018 2
1018 1029 1030 1019 2
1019 1030 1031 1020 2
1020 1031 453 454 2
420 419 1032 1021 2
1021 1032 1033 1022 2
1022 1033 1034 1023 2
1023 1034 1035 1024 2
1024 1035 1036 1025 2
1025 1036 1037 1026 2
1026 1037 1038 1027 2
1027 1038 1039 1028 2
1028 1039 1040 1029 2
1029 1040 1041 1030 2
1030 1041 1042 1031 2
1031 1042 452 453 2
419 418 1043 1032 2
1032 1043 1044 1033 2
1033 1044 1045 1034 2
1034 1045 1046 1035 2
1035 1046 1047 1036 2
1036 1047 1048 1037 2
1037 1048 1049 1038 2
1038 1049 1050 1039 2
1039 1050 1051 1040 2
1040 1051 1052 1041 2
1041 1052 1053 1042 2
1042 1053 451 452 2
418 417 1054 1043 2
1043 1054 1055 1044 2
1044 1055 1056 1045 2
1045 1056 1057 1046 2
1046 1057 1058 1047 2
1047 1058 1059 1048 2
1048 1059 1060 1049 2
1049 1060 1061 1050 2
1050 1061 1062 1051 2
1051 1062 1063 1052 2
1052 1063 1064 1053 2
1053 1064 450 451 2
417 416 1065 1054 2
1054 1065 1066 1055 2
1055 1066 1067 1056 2
1056 1067 1068 1057 2
1057 1068 1069 1058 2
1058 1069 1070 1059 2
1059 1070 1071 1060 2
1060 1071 1072 1061 2
1061 1072 1073 1062 2
1062 1073 1074 1063 2
1063 1074 1075 1064 2
1064 1075 449 450 2
416 415 1076 1065 2
1065 1076 1077 1066 2
1066 1077 1078 1067 2
1067 1078 1079 1068 2
1068 1079 1080 1069 2
1069 1080 1081 1070 2
1070 1081 1082 1071 2
1071 1082 1083 1072 2
1072 1083 1084 1073 2
1073 1084 1085 1074 2
1074 1085 1086 1075 2
1075 1086 448 449 2
415 414 1087 1076 2
1076 1087 1088 1077 2
1077 1088 1089 1078 2
1078 1089 1090 1079 2
1079 1090 1091 1080 2
1080 1091 1092 1081 2
1081 1092 1093 1082 2
1082 1093 1094 1083 2
1083 1094 1095 1084 2
1084 1095 1096 1085 2
1085 1096 1097 1086 2
1086 1097 447 448 2
414 413 1098 1087 2
1087 1098 1099 1088 2
1088 1099 1100 1089 2
1089 1100 1101 1090 2
1090 1101 1102 1091 2
1091 1102 1103 1092 2
1092 1103 1104 1093 2
1093 1104 1105 1094 2
1094 1105 1106 1095 2
1095 1106 1107 1096 2
1096 1107 1108 1097 2
1097 1108 446 447 2
413 412 1109 1098 2
1098 1109 1110 1099 2
1099 1110 1111 1100 2
1100 1111 1112 1101 2
1101 1112 1113 1102 2
1102 1113 1114 1103 2
1103 1114 1115 1104 2
1104 1115 1116 1105 2
1105 1116 1117 1106 2
1106 1117 1118 1107 2
1107 1118 1119 1108 2
1108 1119 445 446 2
412 411 1120 1109 2
1109 1120 1121 1110 2
1110 1121 1122 1111 2
1111 1122 1123 1112 2
1112 1123 1124 1113 2
1113 1124 1125 1114 2
1114 1125 1126 1115 2
1115 1126 1127 1116 2
1116 1127 1128 1117 2
1117 1128 1129 1118 2
1118 1129 1130 1119 2
1119 1130 444 445 2
411 410 1131 1120 2
1120 1131 1132 1121 2
1121 1132 1133 1122 2
1122 1133 1134 1123 2
1123 1134 1135 1124 2
1124 1135 1136 1125 2
1125 1136 1137 1126 2
1126 1137 1138 1127 2
1127 1138 1139 1128 2
1128 1139 1140 1129 2
1129 1140 1141 1130 2
1130 1141 443 444 2
410 409 1142 1131 2
1131 1142 1143 1132 2
1132 1143 1144 1133 2
1133 1144 1145 1134 2
1134 1145 1146 1135 2
1135 1146 1147 1136 2
1136 1147 1148 1137 2
1137 1148 1149 1138 2
1138 1149 1150 1139 2
1139 1150 1151 1140 2
1140 1151 1152 1141 2
1141 1152 442 443 2
409 408 1153 1142 2
1142 1153 1154 1143 2
1143 1154 1155 1144 2
1144 1155 1156 1145 2
1145 1156 1157 1146 2
1146 1157 1158 1147 2
1147 1158 1159 1148 2
1148 1159 1160 1149 2
1149 1160 1161 1150 2
1150 1161 1162 1151 2
1151 1162 1163 1152 2
1152 1163 441 442 2
408 407 1164 1153 2
1153 1164 1165 1154 2
1154 1165 1166 1155 2
1155 1166 1167 1156 2
1156 1167 1168 1157 2
1157 1168 1169 1158 2
1158 1169 1170 1159 2
1159 1170 1171 1160 2
1160 1171 1172 1161 2
1161 1172 1173 1162 2
1162 1173 1174 1163 2
1163 1174 440 441 2
407 406 1175 1164 2
1164 1175 1176 1165 2
1165 1176 1177 1166 2
1166 1177 1178 1167 2
1167 1178 1179 1168 2
1168 1179 1180 1169 2
1169 1180 1181 1170 2
1170 1181 1182 1171 2
1171 1182 1183 1172 2
1172 1183 1184 1173 2
1173 1184 1185 1174 2
1174 1185 439 440 2
406 405 1186 1175 2
1175 1186 1187 1176 2
1176 1187 1188 1177 2
1177 1188 1189 1178 2
1178 1189 1190 1179 2
1179 1190 1191 1180 2
1180 1191 1192 1181 2
1181 1192 1193 1182 2
1182 1193 1194 1183 2
1183 1194 1195 1184 2
1184 1195 1196 1185 2
1185 1196 438 439 2
405 6 42 1186 2
1186 42 43 1187 2
1187 43 44 1188 2
1188 44 45 1189 2
1189 45 46 1190 2
1190 46 47 1191 2
1191 47 48 1192 2
1192 48 49 1193 2
1193 49 50 1194 2
1194 50 51 1195 2
1195 51 52 1196 2
1196 52 8 438 2
2 53 1197 339 4
339 1197 1198 340 4
340 1198 1199 341 4
341 1199 1200 342 4
342 1200 1201 343 4
343 1201 1202 344 4
344 1202 1203 345 4
345 1203 1204 346 4
346 1204 1205 347 4
347 1205 1206 348 4
348 1206 1207 349 4
349 1207 1208 350 4
350 1208 1209 351 4
351 1209 1210 352 4
352 1210 1211 353 4
353 1211 1212 354 4
354 1212 1213 355 4
355 1213 1214 356 4
356 1214 1215 357 4
357 1215 1216 358 4
358 1216 1217 359 4
359 1217 1218 360 4
360 1218 1219 361 4
361 1219 1220 362 4
362 1220 1221 363 4
363 1221 1222 364 4
364 1222 1223 365 4
365 1223 1224 366 4
366 1224 1225 367 4
367 1225 1226 368 4
368 1226 1227 369 4
369 1227 1228 370 4
370 1228 1229 371 4
371 1229 64 1 4
53 54 1230 1197 4
1197 1230 1231 1198 4
1198 1231 1232 1199 4
1199 1232 1233 1200 4
1200 1233 1234 1201 4
1201 1234 1235 1202 4
1202 1235 1236 1203 4
1203 1236 1237 1204 4
1204 1237 1238 1205 4
1205 1238 1239 1206 4
1206 1239 1240 1207 4
1207 1240 1241 1208 4
1208 1241 1242 1209 4
1209 1242 1243 1210 4
1210 1243 1244 1211 4
1211 1244 1245 1212 4
1212 1245 1246 1213 4
1213 1246 1247 1214 4
1214 1247 1248 1215 4
1215 1248 1249 1216 4
1216 1249 1250 1217 4
1217 1250 1251 1218 4
1218 1251 1252 1219 4
1219 1252 1253 1220 4
1220 1253 1254 1221 4
1221 1254 1255 1222 4
1222 1255 1256 1223 4
1223 1256 1257 1224 4
1224 1257 1258 1225 4
1225 1258 1259 1226 4
1226 1259 1260 1227 4
1227 1260 1261 1228 4
1228 1261 1262 1229 4
1229 1262 65 64 4
54 55 1263 1230 4
1230 1263 1264 1231 4
1231 1264 1265 1232 4
1232 1265 1266 1233 4
1233 1266 1267 1234 4
1234 1267 1268 1235 4
1235 1268 1269 1236 4
1236 1269 1270 1237 4
1237 1270 1271 1238 4
1238 1271 1272 1239 4
1239 1272 1273 1240 4
1240 1273 1274 1241 4
1241 1274 1275 1242 4
1242 1275 1276 1243 4
1243 1276 1277 1244 4
1244 1277 1278 1245 4
1245 1278 1279 1246 4
1246 1279 1280 1247 4
1247 1280 1281 1248 4
1248 1281 1282 1249 4
1249 1282 1283 1250 4
1250 1283 1284 1251 4
1251 1284 1285 1252 4
1252 1285 1286 1253 4
1253 1286 1287 1254 4
1254 1287 1288 1255 4
1255 1288 1289 1256 4
1256 1289 1290 1257 4
1257 1290 1291 1258 4
1258 1291 1292 1259 4
1259 1292 1293 1260 4
1260 1293 1294 1261 4
1261 1294 1295 1262 4
1262 1295 66 65 4
55 56 1296 1263 4
1263 1296 1297 1264 4
1264 1297 1298 1265 4
1265 1298 1299 1266 4
1266 1299 1300 1267 4
1267 1300 1301 1268 4
1268 1301 1302 1269 4
1269 1302 1303 1270 4
1270 1303 1304 1271 4
1271 1304 1305 1272 4
1272 1305 1306 1273 4
1273 1306 1307 1274 4
1274 1307 1308 1275 4
1275 1308 1309 1276 4
1276 1309 1310 1277 4
1277 1310 1311 1278 4
1278 1311 1312 1279 4
1279 1312 1313 1280 4
1280 1313 1314 1281 4
1281 1314 1315 1282 4
1282 1315 1316 1283 4
1283 1316 1317 1284 4
1284 1317 1318 1285 4
1285 1318 1319 1286 4
1286 1319 1320 1287 4
1287 1320 1321 1288 4
1288 1321 1322 1289 4
1289 1322 1323 1290 4
1290 1323 1324 1291 4
1291 1324 1325 1292 4
1292 1325 1326 1293 4
1293 1326 1327 1294 4
1294 1327 1328 1295 4
1295 1328 67 66 4
56 57 1329 1296 4
1296 1329 1330 1297 4
1297 1330 1331 1298 4
1298 1331 1332 1299 4
1299 1332 1333 1300 4
1300 1333 1334 1301 4
1301 1334 1335 1302 4
1302 1335 1336 1303 4
1303 1336 1337 1304 4
1304 1337 1338 1305 4
1305 1338 1339 1306 4
1306 1339 1340 1307 4
1307 1340 1341 1308 4
1308 1341 1342 1309 4
1309 1342 1343 1310 4
1310 1343 1344 1311 4
1311 1344 1345 1312 4
1312 1345 1346 1313 4
1313 1346 1347 1314 4
1314 1347 1348 1315 4
1315 1348 1349 1316 4
1316 1349 1350 1317 4
1317 1350 1351 1318 4
1318 1351 1352 1319 4
1319 1352 1353 1320 4
1320 1353 1354 1321 4
1321 1354 1355 1322 4
1322 1355 1356 1323 4
1323 1356 1357 1324 4
1324 1357 1358 1325 4
1325 1358 1359 1326 4
1326 1359 1360 1327 4
1327 1360 1361 1328 4
1328 1361 68 67 4
57 58 1362 1329 4
1329 1362 1363 1330 4
1330 1363 1364 1331 4
1331 1364 1365 1332 4
1332 1365 1366 1333 4
1333 1366 1367 1334 4
1334 1367 1368 1335 4
1335 1368 1369 1336 4
1336 1369 1370 1337 4
1337 1370 1371 1338 4
1338 1371 1372 1339 4
1339 1372 1373 1340 4
1340 1373 1374 1341 4
1341 1374 1375 1342 4
1342 1375 1376 1343 4
1343 1376 1377 1344 4
1344 1377 1378 1345 4
1345 1378 1379 1346 4
1346 1379 1380 1347 4
1347 1380 1381 1348 4
1348 1381 1382 1349 4
1349 1382 1383 1350 4
1350 1383 1384 1351 4
1351 1384 1385 1352 4
1352 1385 1386 1353 4
1353 1386 1387 1354 4
1354 1387 1388 1355 4
1355 1388 1389 1356 4
1356 1389 1390 1357 4
1357 1390 1391 1358 4
1358 1391 1392 1359 4
1359 1392 1393 1360 4
1360 1393 1394 1361 4
1361 1394 69 68 4
58 59 1395 1362 4
1362 1395 1396 1363 4
1363 1396 1397 1364 4
1364 1397 1398 1365 4
1365 1398 1399 1366 4
1366 1399 1400 1367 4
1367 1400 1401 1368 4
1368 1401 1402 1369 4
1369 1402 1403 1370 4
1370 1403 1404 1371 4
1371 1404 1405 1372 4
1372 1405 1406 1373 4
1373 1406 1407 1374 4
1374 1407 1408 1375 4
1375 1408 1409 1376 4
1376 1409 1410 1377 4
1377 1410 1411 1378 4
1378 1411 1412 1379 4
1379 1412 1413 1380 4
1380 1413 1414 1381 4
1381 1414 1415 1382 4
1382 1415 1416 1383 4
1383 1416 1417 1384 4
1384 1417 1418 1385 4
1385 1418 1419 1386 4
1386 1419 1420 1387 4
1387 1420 1421 1388 4
1388 1421 1422 1389 4
1389 1422 1423 1390 4
1390 1423 1424 1391 4
1391 1424 1425 1392 4
1392 1425 1426 1393 4
1393 1426 1427 1394 4
1394 1427 70 69 4
59 60 1428 1395 4
1395 1428 1429 1396 4
1396 1429 1430 1397 4
1397 1430 1431 1398 4
1398 1431 1432 1399 4
1399 1432 1433 1400 4
1400 1433 1434 1401 4
1401 1434 1435 1402 4
1402 1435 1436 1403 4
1403 1436 1437 1404 4
1404 1437 1438 1405 4
1405 1438 1439 1406 4
1406 1439 1440 1407 4
1407 1440 1441 1408 4
1408 1441 1442 1409 4
1409 1442 1443 1410 4
1410 1443 1444 1411 4
1411 1444 1445 1412 4
1412 1445 1446 1413 4
1413 1446 1447 1414 4
1414 1447 1448 1415 4
1415 1448 1449 1416 4
1416 1449 1450 1417 4
1417 1450 1451 1418 4
1418 1451 1452 1419 4
1419 1452 1453 1420 4
1420 1453 1454 1421 4
1421 1454 1455 1422 4
1422 1455 1456 1423 4
1423 1456 1457 1424 4
1424 1457 1458 1425 4
1425 1458 1459 1426 4
1426 1459 1460 1427 4
1427 1460 71 70 4
60 61 1461 1428 4
1428 1461 1462 1429 4
1429 1462 1463 1430 4
1430 1463 1464 1431 4
1431 1464 1465 1432 4
1432 1465 1466 1433 4
1433 1466 1467 1434 4
1434 1467 1468 1435 4
1435 1468 1469 1436 4
1436 1469 1470 1437 4
1437 1470 1471 1438 4
1438 1471 1472 1439 4
1439 1472 1473 1440 4
1440 1473 1474 1441 4
1441 1474 1475 1442 4
1442 1475 1476 1443 4
1443 1476 1477 1444 4
1444 1477 1478 1445 4
1445 1478 1479 1446 4
1446 1479 1480 1447 4
1447 1480 1481 1448 4
1448 1481 1482 1449 4
1449 1482 1483 1450 4
1450 1483 1484 1451 4
1451 1484 1485 1452 4
1452 1485 1486 1453 4
1453 1486 1487 1454 4
1454 1487 1488 1455 4
1455 1488 1489 1456 4
1456 1489 1490 1457 4
1457 1490 1491 1458 4
1458 1491 1492 1459 4
1459 1492 1493 1460 4
1460 1493 72 71 4
61 62 1494 1461 4
1461 1494 1495 1462 4
1462 1495 1496 1463 4
1463 1496 1497 1464 4
1464 1497 1498 1465 4
1465 1498 1499 1466 4
1466 1499 1500 1467 4
1467 1500 1501 1468 4
1468 1501 1502 1469 4
1469 1502 1503 1470 4
1470 1503 1504 1471 4
1471 1504 1505 1472 4
1472 1505 1506 1473 4
1473 1506 1507 1474 4
1474 1507 1508 1475 4
1475 1508 1509 1476 4
1476 1509 1510 1477 4
1477 1510 1511 1478 4
1478 1511 1512 1479 4
1479 1512 1513 1480 4
1480 1513 1514 1481 4
1481 1514 1515 1482 4
1482 1515 1516 1483 4
1483 1516 1517 1484 4
1484 1517 1518 1485 4
1485 1518 1519 1486 4
1486 1519 1520 1487 4
1487 1520 1521 1488 4
1488 1521 1522 1489 4
1489 1522 1523 1490 4
1490 1523 1524 1491 4
1491 1524 1525 1492 4
1492 1525 1526 1493 4
1493 1526 73 72 4
62 63 1527 1494 4
1494 1527 1528 1495 4
1495 1528 1529 1496 4
1496 1529 1530 1497 4
1497 1530 1531 1498 4
1498 1531 1532 1499 4
1499 1532 1533 1500 4
1500 1533 1534 1501 4
1501 1534 1535 1502 4
1502 1535 1536 1503 4
1503 1536 1537 1504 4
1504 1537 1538 1505 4
1505 1538 1539 1506 4
1506 1539 1540 1507 4
1507 1540 1541 1508 4
1508 1541 1542 1509 4
1509 1542 1543 1510 4
1510 1543 1544 1511 4
1511 1544 1545 1512 4
1512 1545 1546 1513 4
1513 1546 1547 1514 4
1514 1547 1548 1515 4
1515 1548 1549 1516 4
1516 1549 1550 1517 4
1517 1550 1551 1518 4
1518 1551 1552 1519 4
1519 1552 1553 1520 4
1520 1553 1554 1521 4
1521 1554 1555 1522 4
1522 1555 1556 1523 4
1523 1556 1557 1524 4
1524 1557 1558 1525 4
1525 1558 1559 1526 4
1526 1559 74 73 4
63 6 405 1527 4
1527 405 406 1528 4
1528 406 407 1529 4
1529 407 408 1530 4
1530 408 409 1531 4
1531 409 410 1532 4
1532 410 411 1533 4
1533 411 412 1534 4
1534 412 413 1535 4
1535 413 414 1536 4
1536 414 415 1537 4
1537 415 416 1538 4
1538 416 417 1539 4
1539 417 418 1540 4
1540 418 419 1541 4
1541 419 420 1542 4
1542 420 421 1543 4
1543 421 422 1544 4
1544 422 423 1545 4
1545 423 424 1546 4
1546 424 425 1547 4
1547 425 426 1548 4
1548 426 427 1549 4
1549 427 428 1550 4
1550 428 429 1551 4
1551 429 430 1552 4
1552 430 431 1553 4
1553 431 432 1554 4
1554 432 433 1555 4
1555 433 434 1556 4
1556 434 435 1557 4
1557 435 436 1558 4
1558 436 437 1559 4
1559 437 5 74 4
8 85 1560 438 2
438 1560 1561 439 2
439 1561 1562 440 2
440 1562 1563 441 2
441 1563 1564 442 2
442 1564 1565 443 2
443 1565 1566 444 2
444 1566 1567 445 2
445 1567 1568 446 2
446 1568 1569 447 2
447 1569 1570 448 2
448 1570 1571 449 2
449 1571 1572 450 2
450 1572 1573 451 2
451 1573 1574 452 2
452 1574 1575 453 2
453 1575 1576 454 2
454 1576 1577 455 2
455 1577 1578 456 2
456 1578 1579 457 2
457 1579 1580 458 2
458 1580 1581 459 2
459 1581 1582 460 2
460 1582 1583 461 2
461 1583 1584 462 2
462 1584 1585 463 2
463 1585 1586 464 2
464 1586 1587 465 2
465 1587 1588 466 2
466 1588 1589 467 2
467 1589 1590 468 2
468 1590 1591 469 2
469 1591 1592 470 2
470 1592 96 7 2
85 84 1593 1560 2
1560 1593 1594 1561 2
1561 1594 1595 1562 2
1562 1595 1596 1563 2
1563 1596 1597 1564 2
1564 1597 1598 1565 2
1565 1598 1599 1566 2
1566 1599 1600 1567 2
1567 1600 1601 1568 2
1568 1601 1602 1569 2
1569 1602 1603 1570 2
1570 1603 1604 1571 2
1571 1604 1605 1572 2
1572 1605 1606 1573 2
1573 1606 1607 1574 2
1574 1607 1608 1575 2
1575 1608 1609 1576 2
1576 1609 1610 1577 2
1577 1610 1611 1578 2
1578 1611 1612 1579 2
1579 1612 1613 1580 2
1580 1613 1614 1581 2
1581 1614 1615 1582 2
1582 1615 1616 1583 2
1583 1616 1617 1584 2
1584 1617 1618 1585 2
1585 1618 1619 1586 2
1586 1619 1620 1587 2
1587 1620 1621 1588 2
1588 1621 1622 1589 2
1589 1622 1623 1590 2
1590 1623 1624 1591 2
1591 1624 1625 1592 2
1592 1625 95 96 2
84 83 1626 1593 2
1593 1626 1627 1594 2
1594 1627 1628 1595 2
1595 1628 1629 1596 2
1596 1629 1630 1597 2
1597 1630 1631 1598 2
1598 1631 1632 1599 2
1599 1632 1633 1600 2
1600 1633 1634 1601 2
1601 1634 1635 1602 2
1602 1635 1636 1603 2
1603 1636 1637 1604 2
1604 1637 1638 1605 2
1605 1638 1639 1606 2
1606 1639 1640 1607 2
1607 1640 1641 1608 2
1608 1641 1642 1609 2
1609 1642 1643 1610 2
1610 1643 1644 1611 2
1611 1644 1645 1612 2
1612 1645 1646 1613 2
1613 1646 1647 1614 2
1614 1647 1648 1615 2
1615 1648 1649 1616 2
1616 1649 1650 1617 2
1617 1650 1651 1618 2
1618 1651 1652 1619 2
1619 1652 1653 1620 2
1620 1653 1654 1621 2
1621 1654 1655 1622 2
1622 1655 1656 1623 2
1623 1656 1657 1624 2
1624 1657 1658 1625 2
1625 1658 94 95 2
83 82 1659 1626 2
1626 1659 1660 1627 2
1627 1660 1661 1628 2
1628 1661 1662 1629 2
1629 1662 1663 1630 2
1630 1663 1664 1631 2
1631 1664 1665 1632 2
1632 1665 1666 1633 2
1633 1666 1667 1634 2
1634 1667 1668 1635 2
1635 1668 1669 1636 2
1636 1669 1670 1637 2
1637 1670 1671 1638 2
1638 1671 1672 1639 2
1639 1672 1673 1640 2
1640 1673 1674 1641 2
1641 1674 1675 1642 2
1642 1675 1676 1643 2
1643 1676 1677 1644 2
1644 1677 1678 1645 2
1645 1678 1679 1646 2
1646 1679 1680 1647 2
1647 1680 1681 1648 2
1648 1681 1682 1649 2
1649 1682 1683 1650 2
1650 1683 1684 1651 2
1651 1684 1685 1652 2
1652 1685 1686 1653 2
1653 1686 1687 1654 2
1654 1687 1688 1655 2
1655 1688 1689 1656 2
1656 1689 1690 1657 2
1657 1690 1691 1658 2
1658 1691 93 94 2
82 81 1692 1659 2
1659 1692 1693 1660 2
1660 1693 1694 1661 2
1661 1694 1695 1662 2
1662 1695 1696 1663 2
1663 1696 1697 1664 2
1664 1697 1698 1665 2
1665 1698 1699 1666 2
1666 1699 1700 1667 2
1667 1700 1701 1668 2
1668 1701 1702 1669 2
1669 1702 1703 1670 2
1670 1703 1704 1671 2
1671 1704 1705 1672 2
1672 1705 1706 1673 2
1673 1706 1707 1674 2
1674 1707 1708 1675 2
1675 1708 1709 1676 2
1676 1709 1710 1677 2
1677 1710 1711 1678 2
1678 1711 1712 1679 2
1679 1712 1713 1680 2
1680 1713 1714 1681 2
1681 1714 1715 1682 2
1682 1715 1716 1683 2
1683 1716 1717 1684 2
1684 1717 1718 1685 2
1685 1718 1719 1686 2
1686 1719 1720 1687 2
1687 1720 1721 1688 2
1688 1721 1722 1689 2
1689 1722 1723 1690 2
1690 1723 1724 1691 2
1691 1724 92 93 2
81 80 1725 1692 2
1692 1725 1726 1693 2
1693 1726 1727 1694 2
1694 1727 1728 1695 2
1695 1728 1729 1696 2
1696 1729 1730 1697 2
1697 1730 1731 1698 2
1698 1731 1732 1699 2
1699 1732 1733 1700 2
1700 1733 1734 1701 2
1701 1734 1735 1702 2
1702 1735 1736 1703 2
1703 1736 1737 1704 2
1704 1737 1738 1705 2
1705 1738 1739 1706 2
1706 1739 1740 1707 2
1707 1740 1741 1708 2
1708 1741 1742 1709 2
1709 1742 1743 1710 2
1710 1743 1744 1711 2
1711 1744 1745 1712 2
1712 1745 1746 1713 2
1713 1746 1747 1714 2
1714 1747 1748 1715 2
1715 1748 1749 1716 2
1716 1749 1750 1717 2
1717 1750 1751 1718 2
1718 1751 1752 1719 2
1719 1752 1753 1720 2
1720 1753 1754 1721 2
1721 1754 1755 1722 2
1722 1755 1756 1723 2
1723 1756 1757 1724 2
1724 1757 91 92 2
80 79 1758 1725 2
1725 1758 1759 1726 2
1726 1759 1760 1727 2
1727 1760 1761 1728 2
1728 1761 1762 1729 2
1729 1762 1763 1730 2
1730 1763 1764 1731 2
1731 1764 1765 1732 2
1732 1765 1766 1733 2
1733 1766 1767 1734 2
1734 1767 1768 1735 2
1735 1768 1769 1736 2
1736 1769 1770 1737 2
1737 1770 1771 1738 2
1738 1771 1772 1739 2
1739 1772 1773 1740 2
1740 1773 1774 1741 2
1741 1774 1775 1742 2
1742 1775 1776 1743 2
1743 1776 1777 1744 2
1744 1777 1778 1745 2
1745 1778 1779 1746 2
1746 1779 1780 1747 2
1747 1780 1781 1748 2
1748 1781 1782 1749 2
1749 1782 1783 1750 2
1750 1783 1784 1751 2
1751 1784 1785 1752 2
1752 1785 1786 1753 2
1753 1786 1787 1754 2
1754 1787 1788 1755 2
1755 1788 1789 1756 2
1756 1789 1790 1757 2
1757 1790 90 91 2
79 78 1791 1758 2
1758 1791 1792 1759 2
1759 1792 1793 1760 2
1760 1793 1794 1761 2
1761 1794 1795 1762 2
1762 1795 1796 1763 2
1763 1796 1797 1764 2
1764 1797 1798 1765 2
1765 1798 1799 1766 2
1766 1799 1800 1767 2
1767 1800 1801 1768 2
1768 1801 1802 1769 2
1769 1802 1803 1770 2
1770 1803 1804 1771 2
1771 1804 1805 1772 2
1772 1805 1806 1773 2
1773 1806 1807 1774 2
1774 1807 1808 1775 2
1775 1808 1809 1776 2
1776 1809 1810 1777 2
1777 1810 1811 1778 2
1778 1811 1812 1779 2
1779 1812 1813 1780 2
1780 1813 1814 1781 2
1781 1814 1815 1782 2
1782 1815 1816 1783 2
1783 1816 1817 1784 2
1784 1817 1818 1785 2
1785 1818 1819 1786 2
1786 1819 1820 1787 2
1787 1820 1821 1788 2
1788 1821 1822 1789 2
1789 1822 1823 1790 2
1790 1823 89 90 2
78 77 1824 1791 2
1791 1824 1825 1792 2
1792 1825 1826 1793 2
1793 1826 1827 1794 2
1794 1827 1828 1795 2
1795 1828 1829 1796 2
1796 1829 1830 1797 2
1797 1830 1831 1798 2
1798 1831 1832 1799 2
1799 1832 1833 1800 2
1800 1833 1834 1801 2
1801 1834 1835 1802 2
1802 1835 1836 1803 2
1803 1836 1837 1804 2
1804 1837 1838 1805 2
1805 1838 1839 1806 2
1806 1839 1840 1807 2
1807 1840 1841 1808 2
1808 1841 1842 1809 2
1809 1842 1843 1810 2
1810 1843 1844 1811 2
1811 1844 1845 1812 2
1812 1845 1846 1813 2
1813 1846 1847 1814 2
1814 1847 1848 1815 2
1815 1848 1849 1816 2
1816 1849 1850 1817 2
1817 1850 1851 1818 2
1818 1851 1852 1819 2
1819 1852 1853 1820 2
1820 1853 1854 1821 2
1821 1854 1855 1822 2
1822 1855 1856 1823 2
1823 1856 88 89 2
77 76 1857 1824 2
1824 1857 1858 1825 2
1825 1858 1859 1826 2
1826 1859 1860 1827 2
1827 1860 1861 1828 2
1828 1861 1862 1829 2
1829 1862 1863 1830 2
1830 1863 1864 1831 2
1831 1864 1865 1832 2
1832 1865 1866 1833 2
1833 1866 1867 1834 2
1834 1867 1868 1835 2
1835 1868 1869 1836 2
1836 1869 1870 1837 2
1837 1870 1871 1838 2
1838 1871 1872 1839 2
1839 1872 1873 1840 2
1840 1873 1874 1841 2
1841 1874 1875 1842 2
1842 1875 1876 1843 2
1843 1876 1877 1844 2
1844 1877 1878 1845 2
1845 1878 1879 1846 2
1846 1879 1880 1847 2
1847 1880 1881 1848 2
1848 1881 1882 1849 2
1849 1882 1883 1850 2
1850 1883 1884 1851 2
1851 1884 1885 1852 2
1852 1885 1886 1853 2
1853 1886 1887 1854 2
1854 1887 1888 1855 2
1855 1888 1889 1856 2
1856 1889 87 88 2
76 75 1890 1857 2
1857 1890 1891 1858 2
1858 1891 1892 1859 2
1859 1892 1893 1860 2
1860 1893 1894 1861 2
1861 1894 1895 1862 2
1862 1895 1896 1863 2
1863 1896 1897 1864 2
1864 1897 1898 1865 2
1865 1898 1899 1866 2
1866 1899 1900 1867 2
1867 1900 1901 1868 2
1868 1901 1902 1869 2
1869 1902 1903 1870 2
1870 1903 1904 1871 2
1871 1904 1905 1872 2
1872 1905 1906 1873 2
1873 1906 1907 1874 2
1874 1907 1908 1875 2
1875 1908 1909 1876 2
1876 1909 1910 1877 2
1877 1910 1911 1878 2
1878 1911 1912 1879 2
1879 1912 1913 1880 2
1880 1913 1914 1881 2
1881 1914 1915 1882 2
1882 1915 1916 1883 2
1883 1916 1917 1884 2
1884 1917 1918 1885 2
1885 1918 1919 1886 2
1886 1919 1920 1887 2
1887 1920 1921 1888 2
1888 1921 1922 1889 2
1889 1922 86 87 2
75 4 372 1890 2
1890 372 373 1891 2
1891 373 374 1892 2
1892 374 375 1893 2
1893 375 376 1894 2
1894 376 377 1895 2
1895 377 378 1896 2
1896 378 379 1897 2
1897 379 380 1898 2
1898 380 381 1899 2
1899 381 382 1900 2
1900 382 383 1901 2
1901 383 384 1902 2
1902 384 385 1903 2
1903 385 386 1904 2
1904 386 387 1905 2
1905 387 388 1906 2
1906 388 389 1907 2
1907 389 390 1908 2
1908 390 391 1909 2
1909 391 392 1910 2
1910 392 393 1911 2
1911 393 394 1912 2
1912 394 395 1913 2
1913 395 396 1914 2
1914 396 397 1915 2
1915 397 398 1916 2
1916 398 399 1917 2
1917 399 400 1918 2
1918 400 401 1919 2
1919 401 402 1920 2
1920 402 403 1921 2
1921 403 404 1922 2
1922 404 3 86 2

Edges
232
1 9 0
9 10 0
10 11 0
11 12 0
12 13 0
13 14 0
14 15 0
15 16 0
16 17 0
17 18 0
18 19 0
19 3 0
2 20 0
20 21 0
21 22 0
22 23 0
23 24 0
24 25 0
25 26 0
26 27 0
27 28 0
28 29 0
29 30 0
30 4 0
5 31 0
31 32 0
32 33 0
33 34 0
34 35 0
35 36 0
36 37 0
37 38 0
38 39 0
39 40 0
40 41 0
41 7 0
6 42 0
42 43 0
43 44 0
44 45 0
45 46 0
46 47 0
47 48 0
48 49 0
49 50 0
50 51 0
51 52 0
52 8 0
2 53 0
53 54 0
54 55 0
55 56 0
56 57 0
57 58 0
58 59 0
59 60 0
60 61 0
61 62 0
62 63 0
63 6 0
1 64 0
64 65 0
65 66 0
66 67 0
67 68 0
68 69 0
69 70 0
70 71 0
71 72 0
72 73 0
73 74 0
74 5 0
4 75 0
75 76 0
76 77 0
77 78 0
78 79 0
79 80 0
80 81 0
81 82 0
82 83 0
83 84 0
84 85 0
85 8 0
3 86 0
86 87 0
87 88 0
88 89 0
89 90 0
90 91 0
91 92 0
92 93 0
93 94 0
94 95 0
95 96 0
96 7 0
2 339 0
339 340 0
340 341 0
341 342 0
342 343 0
343 344 0
344 345 0
345 346 0
346 347 0
347 348 0
348 349 0
349 350 0
350 351 0
351 352 0
352 353 0
353 354 0
354 355 0
355 356 0
356 357 0
357 358 0
358 359 0
359 360 0
360 361 0
361 362 0
362 363 0
363 364 0
364 365 0
365 366 0
366 367 0
367 368 0
368 369 0
369 370 0
370 371 0
371 1 0
4 372 0
372 373 0
373 374 0
374 375 0
375 376 0
376 377 0
377 378 0
378 379 0
379 380 0
380 381 0
381 382 0
382 383 0
383 384 0
384 385 0
385 386 0
386 387 0
387 388 0
388 389 0
389 390 0
390 391 0
391 392 0
392 393 0
393 394 0
394 395 0
395 396 0
396 397 0
397 398 0
398 399 0
399 400 0
400 401 0
401 402 0
402 403 0
403 404 0
404 3 0
6 405 0
405 406 0
406 407 0
407 408 0
408 409 0
409 410 0
410 411 0
411 412 0
412 413 0
413 414 0
414 415 0
415 416 0
416 417 0
417 418 0
418 419 0
419 420 0
420 421 0
421 422 0
422 423 0
423 424 0
424 425 0
425 426 0
426 427 0
427 428 0
428 429 0
429 430 0
430 431 0
431 432 0
432 433 0
433 434 0
434 435 0
435 436 0
436 437 0
437 5 0
8 438 0
438 439 0
439 440 0
440 441 0
441 442 0
442 443 0
443 444 0
444 445 0
445 446 0
446 447 0
447 448 0
448 449 0
449 450 0
450 451 0
451 452 0
452 453 0
453 454 0
454 455 0
455 456 0
456 457 0
457 458 0
458 459 0
459 460 0
460 461 0
461 462 0
462 463 0
463 464 0
464 465 0
465 466 0
466 467 0
467 468 0
468 469 0
469 470 0
470 7 0

End
