MeshVersionFormatted 2
Dimension 3

Vertices
4608
0.0000000000000000e+00 0.0000000000000000e+00 5.0000000000000000e+00 0
0.0000000000000000e+00 0.0000000000000000e+00 0.0000000000000000e+00 0
0.0000000000000000e+00 1.0000000000000000e+00 5.0000000000000000e+00 0
0.0000000000000000e+00 1.0000000000000000e+00 0.0000000000000000e+00 0
1.0000000000000000e+00 0.0000000000000000e+00 5.0000000000000000e+00 0
1.0000000000000000e+00 0.0000000000000000e+00 0.0000000000000000e+00 0
1.0000000000000000e+00 1.0000000000000000e+00 5.0000000000000000e+00 0
1.0000000000000000e+00 1.0000000000000000e+00 0.0000000000000000e+00 0
0.0000000000000000e+00 2.0000000000000001e-01 5.0000000000000000e+00 0
0.0000000000000000e+00 3.5355965573916831e-01 5.0000000000000000e+00 0
0.0000000000000000e+00 4.8949204057623091e-01 5.0000000000000000e+00 0
0.0000000000000000e+00 6.0227394021057989e-01 5.0000000000000000e+00 0
0.0000000000000000e+00 6.9574752138280138e-01 5.0000000000000000e+00 0
0.0000000000000000e+00 7.7315038155164939e-01 5.0000000000000000e+00 0
0.0000000000000000e+00 8.3719950203504112e-01 5.0000000000000000e+00 0
0.0000000000000000e+00 8.9016752405376876e-01 5.0000000000000000e+00 0
0.0000000000000000e+00 9.3395044292577012e-01 5.0000000000000000e+00 0
0.0000000000000000e+00 9.6999999999999997e-01 5.0000000000000000e+00 0
0.0000000000000000e+00 2.0000000000000001e-01 0.0000000000000000e+00 0
0.0000000000000000e+00 3.5355965573916831e-01 0.0000000000000000e+00 0
0.0000000000000000e+00 4.8949204057623091e-01 0.0000000000000000e+00 0
0.0000000000000000e+00 6.0227394021057989e-01 0.0000000000000000e+00 0
0.0000000000000000e+00 6.9574752138280138e-01 0.0000000000000000e+00 0
0.0000000000000000e+00 7.7315038155164939e-01 0.0000000000000000e+00 0
0.0000000000000000e+00 8.3719950203504112e-01 0.0000000000000000e+00 0
0.0000000000000000e+00 8.9016752405376876e-01 0.0000000000000000e+00 0
0.0000000000000000e+00 9.3395044292577012e-01 0.0000000000000000e+00 0
0.0000000000000000e+00 9.6999999999999997e-01 0.0000000000000000e+00 0
1.0000000000000000e+00 2.0000000000000001e-01 5.0000000000000000e+00 0
1.0000000000000000e+00 3.5355965573916831e-01 5.0000000000000000e+00 0
1.0000000000000000e+00 4.8949204057623091e-01 5.0000000000000000e+00 0
1.0000000000000000e+00 6.0227394021057989e-01 5.0000000000000000e+00 0
1.0000000000000000e+00 6.9574752138280138e-01 5.0000000000000000e+00 0
1.0000000000000000e+00 7.7315038155164939e-01 5.0000000000000000e+00 0
1.0000000000000000e+00 8.3719950203504112e-01 5.0000000000000000e+00 0
1.0000000000000000e+00 8.9016752405376876e-01 5.0000000000000000e+00 0
1.0000000000000000e+00 9.3395044292577012e-01 5.0000000000000000e+00 0
1.0000000000000000e+00 9.6999999999999997e-01 5.0000000000000000e+00 0
1.0000000000000000e+00 2.0000000000000001e-01 0.0000000000000000e+00 0
1.0000000000000000e+00 3.5355965573916831e-01 0.0000000000000000e+00 0
1.0000000000000000e+00 4.8949204057623091e-01 0.0000000000000000e+00 0
1.0000000000000000e+00 6.0227394021057989e-01 0.0000000000000000e+00 0
1.0000000000000000e+00 6.9574752138280138e-01 0.0000000000000000e+00 0
1.0000000000000000e+00 7.7315038155164939e-01 0.0000000000000000e+00 0
1.0000000000000000e+00 8.3719950203504112e-01 0.0000000000000000e+00 0
1.0000000000000000e+00 8.9016752405376876e-01 0.0000000000000000e+00 0
1.0000000000000000e+00 9.3395044292577012e-01 0.0000000000000000e+00 0
1.0000000000000000e+00 9.6999999999999997e-01 0.0000000000000000e+00 0
2.0000000000000001e-01 0.0000000000000000e+00 0.0000000000000000e+00 0
3.5355965573916831e-01 0.0000000000000000e+00 0.0000000000000000e+00 0
4.8949204057623091e-01 0.0000000000000000e+00 0.0000000000000000e+00 0
6.0227394021057989e-01 0.0000000000000000e+00 0.0000000000000000e+00 0
6.9574752138280138e-01 0.0000000000000000e+00 0.0000000000000000e+00 0
7.7315038155164939e-01 0.0000000000000000e+00 0.0000000000000000e+00 0
8.3719950203504112e-01 0.0000000000000000e+00 0.0000000000000000e+00 0
8.9016752405376876e-01 0.0000000000000000e+00 0.0000000000000000e+00 0
9.3395044292577012e-01 0.0000000000000000e+00 0.0000000000000000e+00 0
9.6999999999999997e-01 0.0000000000000000e+00 0.0000000000000000e+00 0
2.0000000000000001e-01 0.0000000000000000e+00 5.0000000000000000e+00 0
3.5355965573916831e-01 0.0000000000000000e+00 5.0000000000000000e+00 0
4.8949204057623091e-01 0.0000000000000000e+00 5.0000000000000000e+00 0
6.0227394021057989e-01 0.0000000000000000e+00 5.0000000000000000e+00 0
6.9574752138280138e-01 0.0000000000000000e+00 5.0000000000000000e+00 0
7.7315038155164939e-01 0.0000000000000000e+00 5.0000000000000000e+00 0
8.3719950203504112e-01 0.0000000000000000e+00 5.0000000000000000e+00 0
8.9016752405376876e-01 0.0000000000000000e+00 5.0000000000000000e+00 0
9.3395044292577012e-01 0.0000000000000000e+00 5.0000000000000000e+00 0
9.6999999999999997e-01 0.0000000000000000e+00 5.0000000000000000e+00 0
2.0000000000000001e-01 1.0000000000000000e+00 0.0000000000000000e+00 0
3.5355965573916831e-01 1.0000000000000000e+00 0.0000000000000000e+00 0
4.8949204057623091e-01 1.0000000000000000e+00 0.0000000000000000e+00 0
6.0227394021057989e-01 1.0000000000000000e+00 0.0000000000000000e+00 0
6.9574752138280138e-01 1.0000000000000000e+00 0.0000000000000000e+00 0
7.7315038155164939e-01 1.0000000000000000e+00 0.0000000000000000e+00 0
8.3719950203504112e-01 1.0000000000000000e+00 0.0000000000000000e+00 0
8.9016752405376876e-01 1.0000000000000000e+00 0.0000000000000000e+00 0
9.3395044292577012e-01 1.0000000000000000e+00 0.0000000000000000e+00 0
9.6999999999999997e-01 1.0000000000000000e+00 0.0000000000000000e+00 0
2.0000000000000001e-01 1.0000000000000000e+00 5.0000000000000000e+00 0
3.5355965573916831e-01 1.0000000000000000e+00 5.0000000000000000e+00 0
4.8949204057623091e-01 1.0000000000000000e+00 5.0000000000000000e+00 0
6.0227394021057989e-01 1.0000000000000000e+00 5.0000000000000000e+00 0
6.9574752138280138e-01 1.0000000000000000e+00 5.0000000000000000e+00 0
7.7315038155164939e-01 1.0000000000000000e+00 5.0000000000000000e+00 0
8.3719950203504112e-01 1.0000000000000000e+00 5.0000000000000000e+00 0
8.9016752405376876e-01 1.0000000000000000e+00 5.0000000000000000e+00 0
9.3395044292577012e-01 1.0000000000000000e+00 5.0000000000000000e+00 0
9.6999999999999997e-01 1.0000000000000000e+00 5.0000000000000000e+00 0
1.9999999999999998e-01 1.9999999999999998e-01 0.0000000000000000e+00 0
3.5355965573916825e-01 2.0000000000000001e-01 0.0000000000000000e+00 0
4.8949204057623097e-01 2.0000000000000001e-01 0.0000000000000000e+00 0
6.0227394021057989e-01 2.0000000000000001e-01 0.0000000000000000e+00 0
6.9574752138280138e-01 2.0000000000000001e-01 0.0000000000000000e+00 0
7.7315038155164939e-01 2.0000000000000001e-01 0.0000000000000000e+00 0
8.3719950203504112e-01 2.0000000000000001e-01 0.0000000000000000e+00 0
8.9016752405376876e-01 2.0000000000000001e-01 0.0000000000000000e+00 0
9.3395044292577012e-01 2.0000000000000001e-01 0.0000000000000000e+00 0
9.6999999999999997e-01 2.0000000000000001e-01 0.0000000000000000e+00 0
2.0000000000000001e-01 3.5355965573916837e-01 0.0000000000000000e+00 0
3.5355965573916831e-01 3.5355965573916831e-01 0.0000000000000000e+00 0
4.8949204057623086e-01 3.5355965573916825e-01 0.0000000000000000e+00 0
6.0227394021057989e-01 3.5355965573916831e-01 0.0000000000000000e+00 0
6.9574752138280149e-01 3.5355965573916831e-01 0.0000000000000000e+00 0
7.7315038155164939e-01 3.5355965573916831e-01 0.0000000000000000e+00 0
8.3719950203504112e-01 3.5355965573916831e-01 0.0000000000000000e+00 0
8.9016752405376876e-01 3.5355965573916831e-01 0.0000000000000000e+00 0
9.3395044292577023e-01 3.5355965573916831e-01 0.0000000000000000e+00 0
9.7000000000000008e-01 3.5355965573916831e-01 0.0000000000000000e+00 0
2.0000000000000001e-01 4.8949204057623086e-01 0.0000000000000000e+00 0
3.5355965573916825e-01 4.8949204057623097e-01 0.0000000000000000e+00 0
4.8949204057623097e-01 4.8949204057623086e-01 0.0000000000000000e+00 0
6.0227394021057989e-01 4.8949204057623080e-01 0.0000000000000000e+00 0
6.9574752138280138e-01 4.8949204057623097e-01 0.0000000000000000e+00 0
7.7315038155164939e-01 4.8949204057623102e-01 0.0000000000000000e+00 0
8.3719950203504112e-01 4.8949204057623086e-01 0.0000000000000000e+00 0
8.9016752405376876e-01 4.8949204057623102e-01 0.0000000000000000e+00 0
9.3395044292577012e-01 4.8949204057623086e-01 0.0000000000000000e+00 0
9.6999999999999997e-01 4.8949204057623091e-01 0.0000000000000000e+00 0
2.0000000000000001e-01 6.0227394021057989e-01 0.0000000000000000e+00 0
3.5355965573916842e-01 6.0227394021057989e-01 0.0000000000000000e+00 0
4.8949204057623091e-01 6.0227394021057989e-01 0.0000000000000000e+00 0
6.0227394021057989e-01 6.0227394021057989e-01 0.0000000000000000e+00 0
6.9574752138280160e-01 6.0227394021057989e-01 0.0000000000000000e+00 0
7.7315038155164939e-01 6.0227394021057989e-01 0.0000000000000000e+00 0
8.3719950203504112e-01 6.0227394021057989e-01 0.0000000000000000e+00 0
8.9016752405376876e-01 6.0227394021057989e-01 0.0000000000000000e+00 0
9.3395044292576990e-01 6.0227394021057989e-01 0.0000000000000000e+00 0
9.6999999999999997e-01 6.0227394021057989e-01 0.0000000000000000e+00 0
2.0000000000000001e-01 6.9574752138280138e-01 0.0000000000000000e+00 0
3.5355965573916831e-01 6.9574752138280127e-01 0.0000000000000000e+00 0
4.8949204057623097e-01 6.9574752138280116e-01 0.0000000000000000e+00 0
6.0227394021057989e-01 6.9574752138280138e-01 0.0000000000000000e+00 0
6.9574752138280138e-01 6.9574752138280138e-01 0.0000000000000000e+00 0
7.7315038155164939e-01 6.9574752138280149e-01 0.0000000000000000e+00 0
8.3719950203504112e-01 6.9574752138280138e-01 0.0000000000000000e+00 0
8.9016752405376876e-01 6.9574752138280138e-01 0.0000000000000000e+00 0
9.3395044292577012e-01 6.9574752138280138e-01 0.0000000000000000e+00 0
9.6999999999999997e-01 6.9574752138280138e-01 0.0000000000000000e+00 0
2.0000000000000001e-01 7.7315038155164939e-01 0.0000000000000000e+00 0
3.5355965573916831e-01 7.7315038155164939e-01 0.0000000000000000e+00 0
4.8949204057623091e-01 7.7315038155164939e-01 0.0000000000000000e+00 0
6.0227394021057989e-01 7.7315038155164939e-01 0.0000000000000000e+00 0
6.9574752138280127e-01 7.7315038155164939e-01 0.0000000000000000e+00 0
7.7315038155164939e-01 7.7315038155164939e-01 0.0000000000000000e+00 0
8.3719950203504112e-01 7.7315038155164939e-01 0.0000000000000000e+00 0
8.9016752405376876e-01 7.7315038155164939e-01 0.0000000000000000e+00 0
9.3395044292577012e-01 7.7315038155164939e-01 0.0000000000000000e+00 0
9.6999999999999997e-01 7.7315038155164939e-01 0.0000000000000000e+00 0
2.0000000000000001e-01 8.3719950203504112e-01 0.0000000000000000e+00 0
3.5355965573916831e-01 8.3719950203504112e-01 0.0000000000000000e+00 0
4.8949204057623097e-01 8.3719950203504112e-01 0.0000000000000000e+00 0
6.0227394021057989e-01 8.3719950203504112e-01 0.0000000000000000e+00 0
6.9574752138280116e-01 8.3719950203504112e-01 0.0000000000000000e+00 0
7.7315038155164939e-01 8.3719950203504112e-01 0.0000000000000000e+00 0
8.3719950203504112e-01 8.3719950203504112e-01 0.0000000000000000e+00 0
8.9016752405376876e-01 8.3719950203504112e-01 0.0000000000000000e+00 0
9.3395044292577012e-01 8.3719950203504112e-01 0.0000000000000000e+00 0
9.6999999999999997e-01 8.3719950203504112e-01 0.0000000000000000e+00 0
2.0000000000000001e-01 8.9016752405376876e-01 0.0000000000000000e+00 0
3.5355965573916831e-01 8.9016752405376898e-01 0.0000000000000000e+00 0
4.8949204057623091e-01 8.9016752405376876e-01 0.0000000000000000e+00 0
6.0227394021058012e-01 8.9016752405376876e-01 0.0000000000000000e+00 0
6.9574752138280138e-01 8.9016752405376876e-01 0.0000000000000000e+00 0
7.7315038155164939e-01 8.9016752405376876e-01 0.0000000000000000e+00 0
8.3719950203504112e-01 8.9016752405376876e-01 0.0000000000000000e+00 0
8.9016752405376876e-01 8.9016752405376876e-01 0.0000000000000000e+00 0
9.3395044292577012e-01 8.9016752405376876e-01 0.0000000000000000e+00 0
9.6999999999999997e-01 8.9016752405376876e-01 0.0000000000000000e+00 0
2.0000000000000001e-01 9.3395044292577012e-01 0.0000000000000000e+00 0
3.5355965573916842e-01 9.3395044292577001e-01 0.0000000000000000e+00 0
4.8949204057623097e-01 9.3395044292577012e-01 0.0000000000000000e+00 0
6.0227394021057967e-01 9.3395044292577012e-01 0.0000000000000000e+00 0
6.9574752138280160e-01 9.3395044292577012e-01 0.0000000000000000e+00 0
7.7315038155164939e-01 9.3395044292577012e-01 0.0000000000000000e+00 0
8.3719950203504112e-01 9.3395044292577012e-01 0.0000000000000000e+00 0
8.9016752405376876e-01 9.3395044292577012e-01 0.0000000000000000e+00 0
9.3395044292577012e-01 9.3395044292577012e-01 0.0000000000000000e+00 0
9.6999999999999975e-01 9.3395044292577012e-01 0.0000000000000000e+00 0
2.0000000000000001e-01 9.6999999999999997e-01 0.0000000000000000e+00 0
3.5355965573916842e-01 9.6999999999999986e-01 0.0000000000000000e+00 0
4.8949204057623080e-01 9.6999999999999997e-01 0.0000000000000000e+00 0
6.0227394021057989e-01 9.6999999999999997e-01 0.0000000000000000e+00 0
6.9574752138280138e-01 9.6999999999999997e-01 0.0000000000000000e+00 0
7.7315038155164939e-01 9.6999999999999997e-01 0.0000000000000000e+00 0
8.3719950203504090e-01 9.6999999999999997e-01 0.0000000000000000e+00 0
8.9016752405376876e-01 9.6999999999999997e-01 0.0000000000000000e+00 0
9.3395044292577012e-01 9.6999999999999997e-01 0.0000000000000000e+00 0
9.6999999999999997e-01 9.6999999999999997e-01 0.0000000000000000e+00 0
2.0000000000000001e-01 9.6999999999999997e-01 5.0000000000000000e+00 0
3.5355965573916831e-01 9.6999999999999986e-01 5.0000000000000000e+00 0
4.8949204057623091e-01 9.6999999999999997e-01 5.0000000000000000e+00 0
6.0227394021057989e-01 9.6999999999999997e-01 5.0000000000000000e+00 0
6.9574752138280138e-01 9.6999999999999997e-01 5.0000000000000000e+00 0
7.7315038155164939e-01 9.6999999999999997e-01 5.0000000000000000e+00 0
8.3719950203504112e-01 9.6999999999999997e-01 5.0000000000000000e+00 0
8.9016752405376876e-01 9.6999999999999997e-01 5.0000000000000000e+00 0
9.3395044292577012e-01 9.6999999999999997e-01 5.0000000000000000e+00 0
9.6999999999999997e-01 9.6999999999999997e-01 5.0000000000000000e+00 0
2.0000000000000001e-01 9.3395044292577012e-01 5.0000000000000000e+00 0
3.5355965573916831e-01 9.3395044292577001e-01 5.0000000000000000e+00 0
4.8949204057623086e-01 9.3395044292577012e-01 5.0000000000000000e+00 0
6.0227394021057989e-01 9.3395044292577012e-01 5.0000000000000000e+00 0
6.9574752138280138e-01 9.3395044292577012e-01 5.0000000000000000e+00 0
7.7315038155164939e-01 9.3395044292577012e-01 5.0000000000000000e+00 0
8.3719950203504112e-01 9.3395044292577012e-01 5.0000000000000000e+00 0
8.9016752405376876e-01 9.3395044292577012e-01 5.0000000000000000e+00 0
9.3395044292577012e-01 9.3395044292577012e-01 5.0000000000000000e+00 0
9.6999999999999997e-01 9.3395044292577012e-01 5.0000000000000000e+00 0
2.0000000000000001e-01 8.9016752405376876e-01 5.0000000000000000e+00 0
3.5355965573916831e-01 8.9016752405376876e-01 5.0000000000000000e+00 0
4.8949204057623102e-01 8.9016752405376876e-01 5.0000000000000000e+00 0
6.0227394021057989e-01 8.9016752405376876e-01 5.0000000000000000e+00 0
6.9574752138280138e-01 8.9016752405376876e-01 5.0000000000000000e+00 0
7.7315038155164939e-01 8.9016752405376876e-01 5.0000000000000000e+00 0
8.3719950203504112e-01 8.9016752405376876e-01 5.0000000000000000e+00 0
8.9016752405376876e-01 8.9016752405376876e-01 5.0000000000000000e+00 0
9.3395044292577012e-01 8.9016752405376876e-01 5.0000000000000000e+00 0
9.6999999999999997e-01 8.9016752405376876e-01 5.0000000000000000e+00 0
2.0000000000000001e-01 8.3719950203504112e-01 5.0000000000000000e+00 0
3.5355965573916831e-01 8.3719950203504112e-01 5.0000000000000000e+00 0
4.8949204057623086e-01 8.3719950203504112e-01 5.0000000000000000e+00 0
6.0227394021057989e-01 8.3719950203504112e-01 5.0000000000000000e+00 0
6.9574752138280138e-01 8.3719950203504112e-01 5.0000000000000000e+00 0
7.7315038155164939e-01 8.3719950203504112e-01 5.0000000000000000e+00 0
8.3719950203504112e-01 8.3719950203504112e-01 5.0000000000000000e+00 0
8.9016752405376876e-01 8.3719950203504112e-01 5.0000000000000000e+00 0
9.3395044292577012e-01 8.3719950203504112e-01 5.0000000000000000e+00 0
9.6999999999999997e-01 8.3719950203504112e-01 5.0000000000000000e+00 0
2.0000000000000001e-01 7.7315038155164939e-01 5.0000000000000000e+00 0
3.5355965573916831e-01 7.7315038155164939e-01 5.0000000000000000e+00 0
4.8949204057623102e-01 7.7315038155164939e-01 5.0000000000000000e+00 0
6.0227394021057989e-01 7.7315038155164939e-01 5.0000000000000000e+00 0
6.9574752138280149e-01 7.7315038155164939e-01 5.0000000000000000e+00 0
7.7315038155164939e-01 7.7315038155164939e-01 5.0000000000000000e+00 0
8.3719950203504112e-01 7.7315038155164939e-01 5.0000000000000000e+00 0
8.9016752405376876e-01 7.7315038155164939e-01 5.0000000000000000e+00 0
9.3395044292577012e-01 7.7315038155164939e-01 5.0000000000000000e+00 0
9.6999999999999997e-01 7.7315038155164939e-01 5.0000000000000000e+00 0
2.0000000000000001e-01 6.9574752138280138e-01 5.0000000000000000e+00 0
3.5355965573916831e-01 6.9574752138280149e-01 5.0000000000000000e+00 0
4.8949204057623097e-01 6.9574752138280138e-01 5.0000000000000000e+00 0
6.0227394021057989e-01 6.9574752138280138e-01 5.0000000000000000e+00 0
6.9574752138280138e-01 6.9574752138280138e-01 5.0000000000000000e+00 0
7.7315038155164939e-01 6.9574752138280127e-01 5.0000000000000000e+00 0
8.3719950203504112e-01 6.9574752138280138e-01 5.0000000000000000e+00 0
8.9016752405376876e-01 6.9574752138280138e-01 5.0000000000000000e+00 0
9.3395044292577012e-01 6.9574752138280138e-01 5.0000000000000000e+00 0
9.6999999999999997e-01 6.9574752138280138e-01 5.0000000000000000e+00 0
2.0000000000000001e-01 6.0227394021057989e-01 5.0000000000000000e+00 0
3.5355965573916831e-01 6.0227394021057989e-01 5.0000000000000000e+00 0
4.8949204057623080e-01 6.0227394021057989e-01 5.0000000000000000e+00 0
6.0227394021057989e-01 6.0227394021057989e-01 5.0000000000000000e+00 0
6.9574752138280138e-01 6.0227394021057989e-01 5.0000000000000000e+00 0
7.7315038155164939e-01 6.0227394021057989e-01 5.0000000000000000e+00 0
8.3719950203504112e-01 6.0227394021057989e-01 5.0000000000000000e+00 0
8.9016752405376876e-01 6.0227394021057989e-01 5.0000000000000000e+00 0
9.3395044292577012e-01 6.0227394021057989e-01 5.0000000000000000e+00 0
9.6999999999999997e-01 6.0227394021057989e-01 5.0000000000000000e+00 0
2.0000000000000001e-01 4.8949204057623091e-01 5.0000000000000000e+00 0
3.5355965573916831e-01 4.8949204057623097e-01 5.0000000000000000e+00 0
4.8949204057623091e-01 4.8949204057623097e-01 5.0000000000000000e+00 0
6.0227394021057989e-01 4.8949204057623086e-01 5.0000000000000000e+00 0
6.9574752138280116e-01 4.8949204057623086e-01 5.0000000000000000e+00 0
7.7315038155164939e-01 4.8949204057623086e-01 5.0000000000000000e+00 0
8.3719950203504112e-01 4.8949204057623086e-01 5.0000000000000000e+00 0
8.9016752405376876e-01 4.8949204057623086e-01 5.0000000000000000e+00 0
9.3395044292577012e-01 4.8949204057623097e-01 5.0000000000000000e+00 0
9.6999999999999997e-01 4.8949204057623086e-01 5.0000000000000000e+00 0
1.9999999999999996e-01 3.5355965573916837e-01 5.0000000000000000e+00 0
3.5355965573916831e-01 3.5355965573916825e-01 5.0000000000000000e+00 0
4.8949204057623097e-01 3.5355965573916837e-01 5.0000000000000000e+00 0
6.0227394021057989e-01 3.5355965573916825e-01 5.0000000000000000e+00 0
6.9574752138280138e-01 3.5355965573916825e-01 5.0000000000000000e+00 0
7.7315038155164939e-01 3.5355965573916825e-01 5.0000000000000000e+00 0
8.3719950203504112e-01 3.5355965573916825e-01 5.0000000000000000e+00 0
8.9016752405376876e-01 3.5355965573916825e-01 5.0000000000000000e+00 0
9.3395044292577012e-01 3.5355965573916825e-01 5.0000000000000000e+00 0
9.6999999999999997e-01 3.5355965573916825e-01 5.0000000000000000e+00 0
2.0000000000000001e-01 2.0000000000000007e-01 5.0000000000000000e+00 0
3.5355965573916842e-01 2.0000000000000001e-01 5.0000000000000000e+00 0
4.8949204057623086e-01 2.0000000000000001e-01 5.0000000000000000e+00 0
6.0227394021057989e-01 2.0000000000000001e-01 5.0000000000000000e+00 0
6.9574752138280138e-01 2.0000000000000001e-01 5.0000000000000000e+00 0
7.7315038155164939e-01 2.0000000000000001e-01 5.0000000000000000e+00 0
8.3719950203504112e-01 2.0000000000000001e-01 5.0000000000000000e+00 0
8.9016752405376876e-01 2.0000000000000001e-01 5.0000000000000000e+00 0
9.3395044292576990e-01 2.0000000000000001e-01 5.0000000000000000e+00 0
9.6999999999999997e-01 2.0000000000000001e-01 5.0000000000000000e+00 0
0.0000000000000000e+00 0.0000000000000000e+00 9.2926025390625000e-02 0
0.0000000000000000e+00 0.0000000000000000e+00 1.8801855389028788e-01 0
0.0000000000000000e+00 0.0000000000000000e+00 2.8567381700256078e-01 0
0.0000000000000000e+00 0.0000000000000000e+00 3.8595107986722194e-01 0
0.0000000000000000e+00 0.0000000000000000e+00 4.8944613468587411e-01 0
0.0000000000000000e+00 0.0000000000000000e+00 5.9667640388386323e-01 0
0.0000000000000000e+00 0.0000000000000000e+00 7.0834516329464536e-01 0
0.0000000000000000e+00 0.0000000000000000e+00 8.2530218750051332e-01 0
0.0000000000000000e+00 0.0000000000000000e+00 9.4875440247585530e-01 0
0.0000000000000000e+00 0.0000000000000000e+00 1.0805484639675771e+00 0
0.0000000000000000e+00 0.0000000000000000e+00 1.2228869444326218e+00 0
0.0000000000000000e+00 0.0000000000000000e+00 1.3803435006431033e+00 0
0.0000000000000000e+00 0.0000000000000000e+00 1.5599565825508890e+00 0
0.0000000000000000e+00 0.0000000000000000e+00 1.7789486043037837e+00 0
0.0000000000000000e+00 0.0000000000000000e+00 2.0964533652931263e+00 0
0.0000000000000000e+00 0.0000000000000000e+00 2.9348737222754391e+00 0
0.0000000000000000e+00 0.0000000000000000e+00 3.2392731339395509e+00 0
0.0000000000000000e+00 0.0000000000000000e+00 3.4544205451854628e+00 0
0.0000000000000000e+00 0.0000000000000000e+00 3.6323357583068132e+00 0
0.0000000000000000e+00 0.0000000000000000e+00 3.7884351315957696e+00 0
0.0000000000000000e+00 0.0000000000000000e+00 3.9299717013055897e+00 0
0.0000000000000000e+00 0.0000000000000000e+00 4.0609822461774758e+00 0
0.0000000000000000e+00 0.0000000000000000e+00 4.1836322701752904e+00 0
0.0000000000000000e+00 0.0000000000000000e+00 4.3002277589319942e+00 0
0.0000000000000000e+00 0.0000000000000000e+00 4.4114464427540820e+00 0
0.0000000000000000e+00 0.0000000000000000e+00 4.5182079889048916e+00 0
0.0000000000000000e+00 0.0000000000000000e+00 4.6214827412831898e+00 0
0.0000000000000000e+00 0.0000000000000000e+00 4.7214719194891437e+00 0
0.0000000000000000e+00 0.0000000000000000e+00 4.8187119475971816e+00 0
0.0000000000000000e+00 0.0000000000000000e+00 4.9137819516404564e+00 0
0.0000000000000000e+00 1.0000000000000000e+00 9.2926025390625000e-02 0
0.0000000000000000e+00 1.0000000000000000e+00 1.8801855389028788e-01 0
0.0000000000000000e+00 1.0000000000000000e+00 2.8567381700256078e-01 0
0.0000000000000000e+00 1.0000000000000000e+00 3.8595107986722194e-01 0
0.0000000000000000e+00 1.0000000000000000e+00 4.8944613468587411e-01 0
0.0000000000000000e+00 1.0000000000000000e+00 5.9667640388386323e-01 0
0.0000000000000000e+00 1.0000000000000000e+00 7.0834516329464536e-01 0
0.0000000000000000e+00 1.0000000000000000e+00 8.2530218750051332e-01 0
0.0000000000000000e+00 1.0000000000000000e+00 9.4875440247585530e-01 0
0.0000000000000000e+00 1.0000000000000000e+00 1.0805484639675771e+00 0
0.0000000000000000e+00 1.0000000000000000e+00 1.2228869444326218e+00 0
0.0000000000000000e+00 1.0000000000000000e+00 1.3803435006431033e+00 0
0.0000000000000000e+00 1.0000000000000000e+00 1.5599565825508890e+00 0
0.0000000000000000e+00 1.0000000000000000e+00 1.7789486043037837e+00 0
0.0000000000000000e+00 1.0000000000000000e+00 2.0964533652931263e+00 0
0.0000000000000000e+00 1.0000000000000000e+00 2.9348737222754391e+00 0
0.0000000000000000e+00 1.0000000000000000e+00 3.2392731339395509e+00 0
0.0000000000000000e+00 1.0000000000000000e+00 3.4544205451854628e+00 0
0.0000000000000000e+00 1.0000000000000000e+00 3.6323357583068132e+00 0
0.0000000000000000e+00 1.0000000000000000e+00 3.7884351315957696e+00 0
0.0000000000000000e+00 1.0000000000000000e+00 3.9299717013055897e+00 0
0.0000000000000000e+00 1.0000000000000000e+00 4.0609822461774758e+00 0
0.0000000000000000e+00 1.0000000000000000e+00 4.1836322701752904e+00 0
0.0000000000000000e+00 1.0000000000000000e+00 4.3002277589319942e+00 0
0.0000000000000000e+00 1.0000000000000000e+00 4.4114464427540820e+00 0
0.0000000000000000e+00 1.0000000000000000e+00 4.5182079889048916e+00 0
0.0000000000000000e+00 1.0000000000000000e+00 4.6214827412831898e+00 0
0.0000000000000000e+00 1.0000000000000000e+00 4.7214719194891437e+00 0
0.0000000000000000e+00 1.0000000000000000e+00 4.8187119475971816e+00 0
0.0000000000000000e+00 1.0000000000000000e+00 4.9137819516404564e+00 0
1.0000000000000000e+00 0.0000000000000000e+00 9.2926025390625000e-02 0
1.0000000000000000e+00 0.0000000000000000e+00 1.8801855389028788e-01 0
1.0000000000000000e+00 0.0000000000000000e+00 2.8567381700256078e-01 0
1.0000000000000000e+00 0.0000000000000000e+00 3.8595107986722194e-01 0
1.0000000000000000e+00 0.0000000000000000e+00 4.8944613468587411e-01 0
1.0000000000000000e+00 0.0000000000000000e+00 5.9667640388386323e-01 0
1.0000000000000000e+00 0.0000000000000000e+00 7.0834516329464536e-01 0
1.0000000000000000e+00 0.0000000000000000e+00 8.2530218750051332e-01 0
1.0000000000000000e+00 0.0000000000000000e+00 9.4875440247585530e-01 0
1.0000000000000000e+00 0.0000000000000000e+00 1.0805484639675771e+00 0
1.0000000000000000e+00 0.0000000000000000e+00 1.2228869444326218e+00 0
1.0000000000000000e+00 0.0000000000000000e+00 1.3803435006431033e+00 0
1.0000000000000000e+00 0.0000000000000000e+00 1.5599565825508890e+00 0
1.0000000000000000e+00 0.0000000000000000e+00 1.7789486043037837e+00 0
1.0000000000000000e+00 0.0000000000000000e+00 2.0964533652931263e+00 0
1.0000000000000000e+00 0.0000000000000000e+00 2.9348737222754391e+00 0
1.0000000000000000e+00 0.0000000000000000e+00 3.2392731339395509e+00 0
1.0000000000000000e+00 0.0000000000000000e+00 3.4544205451854628e+00 0
1.0000000000000000e+00 0.0000000000000000e+00 3.6323357583068132e+00 0
1.0000000000000000e+00 0.0000000000000000e+00 3.7884351315957696e+00 0
1.0000000000000000e+00 0.0000000000000000e+00 3.9299717013055897e+00 0
1.0000000000000000e+00 0.0000000000000000e+00 4.0609822461774758e+00 0
1.0000000000000000e+00 0.0000000000000000e+00 4.1836322701752904e+00 0
1.0000000000000000e+00 0.0000000000000000e+00 4.3002277589319942e+00 0
1.0000000000000000e+00 0.0000000000000000e+00 4.4114464427540820e+00 0
1.0000000000000000e+00 0.0000000000000000e+00 4.5182079889048916e+00 0
1.0000000000000000e+00 0.0000000000000000e+00 4.6214827412831898e+00 0
1.0000000000000000e+00 0.0000000000000000e+00 4.7214719194891437e+00 0
1.0000000000000000e+00 0.0000000000000000e+00 4.8187119475971816e+00 0
1.0000000000000000e+00 0.0000000000000000e+00 4.9137819516404564e+00 0
1.0000000000000000e+00 1.0000000000000000e+00 9.2926025390625000e-02 0
1.0000000000000000e+00 1.0000000000000000e+00 1.8801855389028788e-01 0
1.0000000000000000e+00 1.0000000000000000e+00 2.8567381700256078e-01 0
1.0000000000000000e+00 1.0000000000000000e+00 3.8595107986722194e-01 0
1.0000000000000000e+00 1.0000000000000000e+00 4.8944613468587411e-01 0
1.0000000000000000e+00 1.0000000000000000e+00 5.9667640388386323e-01 0
1.0000000000000000e+00 1.0000000000000000e+00 7.0834516329464536e-01 0
1.0000000000000000e+00 1.0000000000000000e+00 8.2530218750051332e-01 0
1.0000000000000000e+00 1.0000000000000000e+00 9.4875440247585530e-01 0
1.0000000000000000e+00 1.0000000000000000e+00 1.0805484639675771e+00 0
1.0000000000000000e+00 1.0000000000000000e+00 1.2228869444326218e+00 0
1.0000000000000000e+00 1.0000000000000000e+00 1.3803435006431033e+00 0
1.0000000000000000e+00 1.0000000000000000e+00 1.5599565825508890e+00 0
1.0000000000000000e+00 1.0000000000000000e+00 1.7789486043037837e+00 0
1.0000000000000000e+00 1.0000000000000000e+00 2.0964533652931263e+00 0
1.0000000000000000e+00 1.0000000000000000e+00 2.9348737222754391e+00 0
1.0000000000000000e+00 1.0000000000000000e+00 3.2392731339395509e+00 0
1.0000000000000000e+00 1.0000000000000000e+00 3.4544205451854628e+00 0
1.0000000000000000e+00 1.0000000000000000e+00 3.6323357583068132e+00 0
1.0000000000000000e+00 1.0000000000000000e+00 3.7884351315957696e+00 0
1.0000000000000000e+00 1.0000000000000000e+00 3.9299717013055897e+00 0
1.0000000000000000e+00 1.0000000000000000e+00 4.0609822461774758e+00 0
1.0000000000000000e+00 1.0000000000000000e+00 4.1836322701752904e+00 0
1.0000000000000000e+00 1.0000000000000000e+00 4.3002277589319942e+00 0
1.0000000000000000e+00 1.0000000000000000e+00 4.4114464427540820e+00 0
1.0000000000000000e+00 1.0000000000000000e+00 4.5182079889048916e+00 0
1.0000000000000000e+00 1.0000000000000000e+00 4.6214827412831898e+00 0
1.0000000000000000e+00 1.0000000000000000e+00 4.7214719194891437e+00 0
1.0000000000000000e+00 1.0000000000000000e+00 4.8187119475971816e+00 0
1.0000000000000000e+00 1.0000000000000000e+00 4.9137819516404564e+00 0
0.0000000000000000e+00 2.0000000000000001e-01 9.2926025390625000e-02 0
0.0000000000000000e+00 3.5355965573916831e-01 9.2926025390625000e-02 0
0.0000000000000000e+00 4.8949204057623091e-01 9.2926025390625000e-02 0
0.0000000000000000e+00 6.0227394021057989e-01 9.2926025390625000e-02 0
0.0000000000000000e+00 6.9574752138280138e-01 9.2926025390625014e-02 0
0.0000000000000000e+00 7.7315038155164939e-01 9.2926025390625000e-02 0
0.0000000000000000e+00 8.3719950203504112e-01 9.2926025390625000e-02 0
0.0000000000000000e+00 8.9016752405376876e-01 9.2926025390625000e-02 0
0.0000000000000000e+00 9.3395044292577012e-01 9.2926025390625014e-02 0
0.0000000000000000e+00 9.6999999999999997e-01 9.2926025390625000e-02 0
0.0000000000000000e+00 2.0000000000000001e-01 1.8801855389028788e-01 0
0.0000000000000000e+00 3.5355965573916831e-01 1.8801855389028788e-01 0
0.0000000000000000e+00 4.8949204057623080e-01 1.8801855389028793e-01 0
0.0000000000000000e+00 6.0227394021057989e-01 1.8801855389028788e-01 0
0.0000000000000000e+00 6.9574752138280138e-01 1.8801855389028788e-01 0
0.0000000000000000e+00 7.7315038155164939e-01 1.8801855389028788e-01 0
0.0000000000000000e+00 8.3719950203504112e-01 1.8801855389028788e-01 0
0.0000000000000000e+00 8.9016752405376876e-01 1.8801855389028788e-01 0
0.0000000000000000e+00 9.3395044292577012e-01 1.8801855389028785e-01 0
0.0000000000000000e+00 9.6999999999999997e-01 1.8801855389028788e-01 0
0.0000000000000000e+00 2.0000000000000001e-01 2.8567381700256078e-01 0
0.0000000000000000e+00 3.5355965573916831e-01 2.8567381700256078e-01 0
0.0000000000000000e+00 4.8949204057623091e-01 2.8567381700256078e-01 0
0.0000000000000000e+00 6.0227394021057989e-01 2.8567381700256078e-01 0
0.0000000000000000e+00 6.9574752138280138e-01 2.8567381700256078e-01 0
0.0000000000000000e+00 7.7315038155164939e-01 2.8567381700256078e-01 0
0.0000000000000000e+00 8.3719950203504112e-01 2.8567381700256078e-01 0
0.0000000000000000e+00 8.9016752405376876e-01 2.8567381700256078e-01 0
0.0000000000000000e+00 9.3395044292577012e-01 2.8567381700256078e-01 0
0.0000000000000000e+00 9.6999999999999997e-01 2.8567381700256078e-01 0
0.0000000000000000e+00 1.9999999999999998e-01 3.8595107986722182e-01 0
0.0000000000000000e+00 3.5355965573916831e-01 3.8595107986722194e-01 0
0.0000000000000000e+00 4.8949204057623102e-01 3.8595107986722188e-01 0
0.0000000000000000e+00 6.0227394021057978e-01 3.8595107986722194e-01 0
0.0000000000000000e+00 6.9574752138280138e-01 3.8595107986722182e-01 0
0.0000000000000000e+00 7.7315038155164928e-01 3.8595107986722194e-01 0
0.0000000000000000e+00 8.3719950203504112e-01 3.8595107986722194e-01 0
0.0000000000000000e+00 8.9016752405376876e-01 3.8595107986722194e-01 0
0.0000000000000000e+00 9.3395044292577001e-01 3.8595107986722188e-01 0
0.0000000000000000e+00 9.6999999999999997e-01 3.8595107986722188e-01 0
0.0000000000000000e+00 2.0000000000000001e-01 4.8944613468587406e-01 0
0.0000000000000000e+00 3.5355965573916831e-01 4.8944613468587422e-01 0
0.0000000000000000e+00 4.8949204057623091e-01 4.8944613468587417e-01 0
0.0000000000000000e+00 6.0227394021057989e-01 4.8944613468587417e-01 0
0.0000000000000000e+00 6.9574752138280138e-01 4.8944613468587395e-01 0
0.0000000000000000e+00 7.7315038155164939e-01 4.8944613468587411e-01 0
0.0000000000000000e+00 8.3719950203504112e-01 4.8944613468587395e-01 0
0.0000000000000000e+00 8.9016752405376887e-01 4.8944613468587411e-01 0
0.0000000000000000e+00 9.3395044292577012e-01 4.8944613468587428e-01 0
0.0000000000000000e+00 9.6999999999999997e-01 4.8944613468587422e-01 0
0.0000000000000000e+00 2.0000000000000001e-01 5.9667640388386312e-01 0
0.0000000000000000e+00 3.5355965573916825e-01 5.9667640388386323e-01 0
0.0000000000000000e+00 4.8949204057623091e-01 5.9667640388386323e-01 0
0.0000000000000000e+00 6.0227394021057989e-01 5.9667640388386323e-01 0
0.0000000000000000e+00 6.9574752138280138e-01 5.9667640388386323e-01 0
0.0000000000000000e+00 7.7315038155164939e-01 5.9667640388386323e-01 0
0.0000000000000000e+00 8.3719950203504112e-01 5.9667640388386323e-01 0
0.0000000000000000e+00 8.9016752405376876e-01 5.9667640388386323e-01 0
0.0000000000000000e+00 9.3395044292577023e-01 5.9667640388386323e-01 0
0.0000000000000000e+00 9.6999999999999997e-01 5.9667640388386323e-01 0
0.0000000000000000e+00 1.9999999999999998e-01 7.0834516329464536e-01 0
0.0000000000000000e+00 3.5355965573916831e-01 7.0834516329464536e-01 0
0.0000000000000000e+00 4.8949204057623091e-01 7.0834516329464525e-01 0
0.0000000000000000e+00 6.0227394021057978e-01 7.0834516329464536e-01 0
0.0000000000000000e+00 6.9574752138280149e-01 7.0834516329464536e-01 0
0.0000000000000000e+00 7.7315038155164928e-01 7.0834516329464536e-01 0
0.0000000000000000e+00 8.3719950203504112e-01 7.0834516329464536e-01 0
0.0000000000000000e+00 8.9016752405376876e-01 7.0834516329464536e-01 0
0.0000000000000000e+00 9.3395044292577012e-01 7.0834516329464536e-01 0
0.0000000000000000e+00 9.6999999999999986e-01 7.0834516329464525e-01 0
0.0000000000000000e+00 2.0000000000000001e-01 8.2530218750051321e-01 0
0.0000000000000000e+00 3.5355965573916831e-01 8.2530218750051332e-01 0
0.0000000000000000e+00 4.8949204057623086e-01 8.2530218750051332e-01 0
0.0000000000000000e+00 6.0227394021057989e-01 8.2530218750051332e-01 0
0.0000000000000000e+00 6.9574752138280138e-01 8.2530218750051343e-01 0
0.0000000000000000e+00 7.7315038155164939e-01 8.2530218750051332e-01 0
0.0000000000000000e+00 8.3719950203504112e-01 8.2530218750051332e-01 0
0.0000000000000000e+00 8.9016752405376876e-01 8.2530218750051332e-01 0
0.0000000000000000e+00 9.3395044292577012e-01 8.2530218750051332e-01 0
0.0000000000000000e+00 9.7000000000000008e-01 8.2530218750051343e-01 0
0.0000000000000000e+00 2.0000000000000001e-01 9.4875440247585541e-01 0
0.0000000000000000e+00 3.5355965573916831e-01 9.4875440247585552e-01 0
0.0000000000000000e+00 4.8949204057623086e-01 9.4875440247585541e-01 0
0.0000000000000000e+00 6.0227394021057989e-01 9.4875440247585530e-01 0
0.0000000000000000e+00 6.9574752138280138e-01 9.4875440247585552e-01 0
0.0000000000000000e+00 7.7315038155164939e-01 9.4875440247585519e-01 0
0.0000000000000000e+00 8.3719950203504112e-01 9.4875440247585530e-01 0
0.0000000000000000e+00 8.9016752405376876e-01 9.4875440247585519e-01 0
0.0000000000000000e+00 9.3395044292577012e-01 9.4875440247585496e-01 0
0.0000000000000000e+00 9.6999999999999997e-01 9.4875440247585530e-01 0
0.0000000000000000e+00 2.0000000000000001e-01 1.0805484639675771e+00 0
0.0000000000000000e+00 3.5355965573916837e-01 1.0805484639675771e+00 0
0.0000000000000000e+00 4.8949204057623086e-01 1.0805484639675771e+00 0
0.0000000000000000e+00 6.0227394021057989e-01 1.0805484639675771e+00 0
0.0000000000000000e+00 6.9574752138280127e-01 1.0805484639675771e+00 0
0.0000000000000000e+00 7.7315038155164939e-01 1.0805484639675771e+00 0
0.0000000000000000e+00 8.3719950203504112e-01 1.0805484639675771e+00 0
0.0000000000000000e+00 8.9016752405376876e-01 1.0805484639675771e+00 0
0.0000000000000000e+00 9.3395044292577012e-01 1.0805484639675773e+00 0
0.0000000000000000e+00 9.6999999999999997e-01 1.0805484639675771e+00 0
0.0000000000000000e+00 2.0000000000000001e-01 1.2228869444326218e+00 0
0.0000000000000000e+00 3.5355965573916831e-01 1.2228869444326218e+00 0
0.0000000000000000e+00 4.8949204057623097e-01 1.2228869444326218e+00 0
0.0000000000000000e+00 6.0227394021057989e-01 1.2228869444326218e+00 0
0.0000000000000000e+00 6.9574752138280127e-01 1.2228869444326218e+00 0
0.0000000000000000e+00 7.7315038155164939e-01 1.2228869444326218e+00 0
0.0000000000000000e+00 8.3719950203504112e-01 1.2228869444326218e+00 0
0.0000000000000000e+00 8.9016752405376876e-01 1.2228869444326218e+00 0
0.0000000000000000e+00 9.3395044292577012e-01 1.2228869444326218e+00 0
0.0000000000000000e+00 9.6999999999999997e-01 1.2228869444326218e+00 0
0.0000000000000000e+00 2.0000000000000001e-01 1.3803435006431037e+00 0
0.0000000000000000e+00 3.5355965573916831e-01 1.3803435006431037e+00 0
0.0000000000000000e+00 4.8949204057623097e-01 1.3803435006431033e+00 0
0.0000000000000000e+00 6.0227394021057989e-01 1.3803435006431033e+00 0
0.0000000000000000e+00 6.9574752138280138e-01 1.3803435006431033e+00 0
0.0000000000000000e+00 7.7315038155164928e-01 1.3803435006431033e+00 0
0.0000000000000000e+00 8.3719950203504112e-01 1.3803435006431033e+00 0
0.0000000000000000e+00 8.9016752405376876e-01 1.3803435006431033e+00 0
0.0000000000000000e+00 9.3395044292577012e-01 1.3803435006431033e+00 0
0.0000000000000000e+00 9.6999999999999997e-01 1.3803435006431033e+00 0
0.0000000000000000e+00 1.9999999999999998e-01 1.5599565825508890e+00 0
0.0000000000000000e+00 3.5355965573916825e-01 1.5599565825508890e+00 0
0.0000000000000000e+00 4.8949204057623097e-01 1.5599565825508888e+00 0
0.0000000000000000e+00 6.0227394021057989e-01 1.5599565825508890e+00 0
0.0000000000000000e+00 6.9574752138280127e-01 1.5599565825508890e+00 0
0.0000000000000000e+00 7.7315038155164939e-01 1.5599565825508890e+00 0
0.0000000000000000e+00 8.3719950203504112e-01 1.5599565825508890e+00 0
0.0000000000000000e+00 8.9016752405376876e-01 1.5599565825508890e+00 0
0.0000000000000000e+00 9.3395044292577001e-01 1.5599565825508890e+00 0
0.0000000000000000e+00 9.6999999999999997e-01 1.5599565825508890e+00 0
0.0000000000000000e+00 2.0000000000000001e-01 1.7789486043037834e+00 0
0.0000000000000000e+00 3.5355965573916831e-01 1.7789486043037837e+00 0
0.0000000000000000e+00 4.8949204057623086e-01 1.7789486043037837e+00 0
0.0000000000000000e+00 6.0227394021057989e-01 1.7789486043037837e+00 0
0.0000000000000000e+00 6.9574752138280138e-01 1.7789486043037837e+00 0
0.0000000000000000e+00 7.7315038155164939e-01 1.7789486043037839e+00 0
0.0000000000000000e+00 8.3719950203504112e-01 1.7789486043037837e+00 0
0.0000000000000000e+00 8.9016752405376876e-01 1.7789486043037837e+00 0
0.0000000000000000e+00 9.3395044292577012e-01 1.7789486043037837e+00 0
0.0000000000000000e+00 9.6999999999999997e-01 1.7789486043037837e+00 0
0.0000000000000000e+00 2.0000000000000001e-01 2.0964533652931259e+00 0
0.0000000000000000e+00 3.5355965573916825e-01 2.0964533652931259e+00 0
0.0000000000000000e+00 4.8949204057623091e-01 2.0964533652931259e+00 0
0.0000000000000000e+00 6.0227394021057989e-01 2.0964533652931263e+00 0
0.0000000000000000e+00 6.9574752138280138e-01 2.0964533652931263e+00 0
0.0000000000000000e+00 7.7315038155164939e-01 2.0964533652931263e+00 0
0.0000000000000000e+00 8.3719950203504112e-01 2.0964533652931263e+00 0
0.0000000000000000e+00 8.9016752405376876e-01 2.0964533652931263e+00 0
0.0000000000000000e+00 9.3395044292577012e-01 2.0964533652931263e+00 0
0.0000000000000000e+00 9.6999999999999997e-01 2.0964533652931263e+00 0
0.0000000000000000e+00 2.0000000000000001e-01 2.9348737222754391e+00 0
0.0000000000000000e+00 3.5355965573916842e-01 2.9348737222754391e+00 0
0.0000000000000000e+00 4.8949204057623080e-01 2.9348737222754391e+00 0
0.0000000000000000e+00 6.0227394021057989e-01 2.9348737222754391e+00 0
0.0000000000000000e+00 6.9574752138280138e-01 2.9348737222754391e+00 0
0.0000000000000000e+00 7.7315038155164939e-01 2.9348737222754395e+00 0
0.0000000000000000e+00 8.3719950203504112e-01 2.9348737222754391e+00 0
0.0000000000000000e+00 8.9016752405376876e-01 2.9348737222754391e+00 0
0.0000000000000000e+00 9.3395044292577012e-01 2.9348737222754391e+00 0
0.0000000000000000e+00 9.6999999999999997e-01 2.9348737222754395e+00 0
0.0000000000000000e+00 2.0000000000000001e-01 3.2392731339395504e+00 0
0.0000000000000000e+00 3.5355965573916831e-01 3.2392731339395504e+00 0
0.0000000000000000e+00 4.8949204057623086e-01 3.2392731339395509e+00 0
0.0000000000000000e+00 6.0227394021057989e-01 3.2392731339395509e+00 0
0.0000000000000000e+00 6.9574752138280138e-01 3.2392731339395509e+00 0
0.0000000000000000e+00 7.7315038155164939e-01 3.2392731339395509e+00 0
0.0000000000000000e+00 8.3719950203504090e-01 3.2392731339395513e+00 0
0.0000000000000000e+00 8.9016752405376876e-01 3.2392731339395509e+00 0
0.0000000000000000e+00 9.3395044292577012e-01 3.2392731339395504e+00 0
0.0000000000000000e+00 9.6999999999999997e-01 3.2392731339395509e+00 0
0.0000000000000000e+00 1.9999999999999996e-01 3.4544205451854628e+00 0
0.0000000000000000e+00 3.5355965573916831e-01 3.4544205451854628e+00 0
0.0000000000000000e+00 4.8949204057623091e-01 3.4544205451854628e+00 0
0.0000000000000000e+00 6.0227394021057989e-01 3.4544205451854628e+00 0
0.0000000000000000e+00 6.9574752138280138e-01 3.4544205451854633e+00 0
0.0000000000000000e+00 7.7315038155164939e-01 3.4544205451854628e+00 0
0.0000000000000000e+00 8.3719950203504112e-01 3.4544205451854633e+00 0
0.0000000000000000e+00 8.9016752405376876e-01 3.4544205451854633e+00 0
0.0000000000000000e+00 9.3395044292577012e-01 3.4544205451854633e+00 0
0.0000000000000000e+00 9.6999999999999997e-01 3.4544205451854628e+00 0
0.0000000000000000e+00 2.0000000000000001e-01 3.6323357583068132e+00 0
0.0000000000000000e+00 3.5355965573916820e-01 3.6323357583068132e+00 0
0.0000000000000000e+00 4.8949204057623091e-01 3.6323357583068128e+00 0
0.0000000000000000e+00 6.0227394021057989e-01 3.6323357583068132e+00 0
0.0000000000000000e+00 6.9574752138280127e-01 3.6323357583068132e+00 0
0.0000000000000000e+00 7.7315038155164939e-01 3.6323357583068132e+00 0
0.0000000000000000e+00 8.3719950203504112e-01 3.6323357583068132e+00 0
0.0000000000000000e+00 8.9016752405376876e-01 3.6323357583068132e+00 0
0.0000000000000000e+00 9.3395044292577012e-01 3.6323357583068132e+00 0
0.0000000000000000e+00 9.6999999999999997e-01 3.6323357583068128e+00 0
0.0000000000000000e+00 2.0000000000000001e-01 3.7884351315957696e+00 0
0.0000000000000000e+00 3.5355965573916831e-01 3.7884351315957696e+00 0
0.0000000000000000e+00 4.8949204057623091e-01 3.7884351315957692e+00 0
0.0000000000000000e+00 6.0227394021057989e-01 3.7884351315957696e+00 0
0.0000000000000000e+00 6.9574752138280138e-01 3.7884351315957696e+00 0
0.0000000000000000e+00 7.7315038155164939e-01 3.7884351315957692e+00 0
0.0000000000000000e+00 8.3719950203504134e-01 3.7884351315957692e+00 0
0.0000000000000000e+00 8.9016752405376876e-01 3.7884351315957687e+00 0
0.0000000000000000e+00 9.3395044292577012e-01 3.7884351315957692e+00 0
0.0000000000000000e+00 9.6999999999999997e-01 3.7884351315957696e+00 0
0.0000000000000000e+00 2.0000000000000001e-01 3.9299717013055893e+00 0
0.0000000000000000e+00 3.5355965573916837e-01 3.9299717013055893e+00 0
0.0000000000000000e+00 4.8949204057623080e-01 3.9299717013055897e+00 0
0.0000000000000000e+00 6.0227394021057989e-01 3.9299717013055897e+00 0
0.0000000000000000e+00 6.9574752138280138e-01 3.9299717013055897e+00 0
0.0000000000000000e+00 7.7315038155164939e-01 3.9299717013055897e+00 0
0.0000000000000000e+00 8.3719950203504112e-01 3.9299717013055897e+00 0
0.0000000000000000e+00 8.9016752405376876e-01 3.9299717013055897e+00 0
0.0000000000000000e+00 9.3395044292576990e-01 3.9299717013055901e+00 0
0.0000000000000000e+00 9.6999999999999997e-01 3.9299717013055901e+00 0
0.0000000000000000e+00 2.0000000000000001e-01 4.0609822461774758e+00 0
0.0000000000000000e+00 3.5355965573916831e-01 4.0609822461774758e+00 0
0.0000000000000000e+00 4.8949204057623097e-01 4.0609822461774758e+00 0
0.0000000000000000e+00 6.0227394021057989e-01 4.0609822461774758e+00 0
0.0000000000000000e+00 6.9574752138280149e-01 4.0609822461774758e+00 0
0.0000000000000000e+00 7.7315038155164961e-01 4.0609822461774758e+00 0
0.0000000000000000e+00 8.3719950203504112e-01 4.0609822461774758e+00 0
0.0000000000000000e+00 8.9016752405376876e-01 4.0609822461774758e+00 0
0.0000000000000000e+00 9.3395044292576990e-01 4.0609822461774758e+00 0
0.0000000000000000e+00 9.6999999999999997e-01 4.0609822461774758e+00 0
0.0000000000000000e+00 2.0000000000000001e-01 4.1836322701752895e+00 0
0.0000000000000000e+00 3.5355965573916842e-01 4.1836322701752904e+00 0
0.0000000000000000e+00 4.8949204057623086e-01 4.1836322701752904e+00 0
0.0000000000000000e+00 6.0227394021057989e-01 4.1836322701752904e+00 0
0.0000000000000000e+00 6.9574752138280138e-01 4.1836322701752904e+00 0
0.0000000000000000e+00 7.7315038155164939e-01 4.1836322701752904e+00 0
0.0000000000000000e+00 8.3719950203504112e-01 4.1836322701752904e+00 0
0.0000000000000000e+00 8.9016752405376876e-01 4.1836322701752904e+00 0
0.0000000000000000e+00 9.3395044292576990e-01 4.1836322701752904e+00 0
0.0000000000000000e+00 9.6999999999999997e-01 4.1836322701752904e+00 0
0.0000000000000000e+00 2.0000000000000001e-01 4.3002277589319933e+00 0
0.0000000000000000e+00 3.5355965573916842e-01 4.3002277589319942e+00 0
0.0000000000000000e+00 4.8949204057623097e-01 4.3002277589319942e+00 0
0.0000000000000000e+00 6.0227394021057989e-01 4.3002277589319942e+00 0
0.0000000000000000e+00 6.9574752138280138e-01 4.3002277589319942e+00 0
0.0000000000000000e+00 7.7315038155164939e-01 4.3002277589319942e+00 0
0.0000000000000000e+00 8.3719950203504112e-01 4.3002277589319942e+00 0
0.0000000000000000e+00 8.9016752405376876e-01 4.3002277589319942e+00 0
0.0000000000000000e+00 9.3395044292576990e-01 4.3002277589319942e+00 0
0.0000000000000000e+00 9.6999999999999997e-01 4.3002277589319942e+00 0
0.0000000000000000e+00 2.0000000000000001e-01 4.4114464427540812e+00 0
0.0000000000000000e+00 3.5355965573916831e-01 4.4114464427540812e+00 0
0.0000000000000000e+00 4.8949204057623091e-01 4.4114464427540820e+00 0
0.0000000000000000e+00 6.0227394021057989e-01 4.4114464427540820e+00 0
0.0000000000000000e+00 6.9574752138280138e-01 4.4114464427540812e+00 0
0.0000000000000000e+00 7.7315038155164939e-01 4.4114464427540812e+00 0
0.0000000000000000e+00 8.3719950203504112e-01 4.4114464427540820e+00 0
0.0000000000000000e+00 8.9016752405376853e-01 4.4114464427540820e+00 0
0.0000000000000000e+00 9.3395044292577012e-01 4.4114464427540820e+00 0
0.0000000000000000e+00 9.6999999999999997e-01 4.4114464427540812e+00 0
0.0000000000000000e+00 2.0000000000000001e-01 4.5182079889048925e+00 0
0.0000000000000000e+00 3.5355965573916820e-01 4.5182079889048934e+00 0
0.0000000000000000e+00 4.8949204057623091e-01 4.5182079889048907e+00 0
0.0000000000000000e+00 6.0227394021057989e-01 4.5182079889048925e+00 0
0.0000000000000000e+00 6.9574752138280138e-01 4.5182079889048916e+00 0
0.0000000000000000e+00 7.7315038155164939e-01 4.5182079889048916e+00 0
0.0000000000000000e+00 8.3719950203504112e-01 4.5182079889048916e+00 0
0.0000000000000000e+00 8.9016752405376876e-01 4.5182079889048925e+00 0
0.0000000000000000e+00 9.3395044292577012e-01 4.5182079889048943e+00 0
0.0000000000000000e+00 9.6999999999999997e-01 4.5182079889048916e+00 0
0.0000000000000000e+00 2.0000000000000001e-01 4.6214827412831898e+00 0
0.0000000000000000e+00 3.5355965573916831e-01 4.6214827412831898e+00 0
0.0000000000000000e+00 4.8949204057623091e-01 4.6214827412831898e+00 0
0.0000000000000000e+00 6.0227394021057989e-01 4.6214827412831898e+00 0
0.0000000000000000e+00 6.9574752138280149e-01 4.6214827412831898e+00 0
0.0000000000000000e+00 7.7315038155164939e-01 4.6214827412831898e+00 0
0.0000000000000000e+00 8.3719950203504112e-01 4.6214827412831898e+00 0
0.0000000000000000e+00 8.9016752405376876e-01 4.6214827412831898e+00 0
0.0000000000000000e+00 9.3395044292577034e-01 4.6214827412831898e+00 0
0.0000000000000000e+00 9.6999999999999997e-01 4.6214827412831898e+00 0
0.0000000000000000e+00 2.0000000000000001e-01 4.7214719194891437e+00 0
0.0000000000000000e+00 3.5355965573916831e-01 4.7214719194891437e+00 0
0.0000000000000000e+00 4.8949204057623091e-01 4.7214719194891437e+00 0
0.0000000000000000e+00 6.0227394021057989e-01 4.7214719194891437e+00 0
0.0000000000000000e+00 6.9574752138280116e-01 4.7214719194891437e+00 0
0.0000000000000000e+00 7.7315038155164917e-01 4.7214719194891437e+00 0
0.0000000000000000e+00 8.3719950203504090e-01 4.7214719194891437e+00 0
0.0000000000000000e+00 8.9016752405376853e-01 4.7214719194891437e+00 0
0.0000000000000000e+00 9.3395044292577012e-01 4.7214719194891437e+00 0
0.0000000000000000e+00 9.6999999999999997e-01 4.7214719194891437e+00 0
0.0000000000000000e+00 2.0000000000000001e-01 4.8187119475971834e+00 0
0.0000000000000000e+00 3.5355965573916831e-01 4.8187119475971807e+00 0
0.0000000000000000e+00 4.8949204057623080e-01 4.8187119475971816e+00 0
0.0000000000000000e+00 6.0227394021057967e-01 4.8187119475971816e+00 0
0.0000000000000000e+00 6.9574752138280149e-01 4.8187119475971816e+00 0
0.0000000000000000e+00 7.7315038155164939e-01 4.8187119475971816e+00 0
0.0000000000000000e+00 8.3719950203504112e-01 4.8187119475971816e+00 0
0.0000000000000000e+00 8.9016752405376876e-01 4.8187119475971816e+00 0
0.0000000000000000e+00 9.3395044292576990e-01 4.8187119475971816e+00 0
0.0000000000000000e+00 9.7000000000000020e-01 4.8187119475971816e+00 0
0.0000000000000000e+00 2.0000000000000001e-01 4.9137819516404582e+00 0
0.0000000000000000e+00 3.5355965573916831e-01 4.9137819516404582e+00 0
0.0000000000000000e+00 4.8949204057623091e-01 4.9137819516404555e+00 0
0.0000000000000000e+00 6.0227394021057989e-01 4.9137819516404564e+00 0
0.0000000000000000e+00 6.9574752138280138e-01 4.9137819516404564e+00 0
0.0000000000000000e+00 7.7315038155164939e-01 4.9137819516404564e+00 0
0.0000000000000000e+00 8.3719950203504112e-01 4.9137819516404555e+00 0
0.0000000000000000e+00 8.9016752405376876e-01 4.9137819516404564e+00 0
0.0000000000000000e+00 9.3395044292577012e-01 4.9137819516404564e+00 0
0.0000000000000000e+00 9.7000000000000020e-01 4.9137819516404564e+00 0
1.0000000000000000e+00 2.0000000000000001e-01 4.9137819516404582e+00 0
1.0000000000000000e+00 3.5355965573916831e-01 4.9137819516404564e+00 0
1.0000000000000000e+00 4.8949204057623086e-01 4.9137819516404555e+00 0
1.0000000000000000e+00 6.0227394021057989e-01 4.9137819516404564e+00 0
1.0000000000000000e+00 6.9574752138280138e-01 4.9137819516404564e+00 0
1.0000000000000000e+00 7.7315038155164939e-01 4.9137819516404564e+00 0
1.0000000000000000e+00 8.3719950203504112e-01 4.9137819516404555e+00 0
1.0000000000000000e+00 8.9016752405376876e-01 4.9137819516404564e+00 0
1.0000000000000000e+00 9.3395044292577012e-01 4.9137819516404564e+00 0
1.0000000000000000e+00 9.6999999999999997e-01 4.9137819516404564e+00 0
1.0000000000000000e+00 2.0000000000000001e-01 4.8187119475971816e+00 0
1.0000000000000000e+00 3.5355965573916831e-01 4.8187119475971807e+00 0
1.0000000000000000e+00 4.8949204057623091e-01 4.8187119475971816e+00 0
1.0000000000000000e+00 6.0227394021057989e-01 4.8187119475971816e+00 0
1.0000000000000000e+00 6.9574752138280138e-01 4.8187119475971816e+00 0
1.0000000000000000e+00 7.7315038155164939e-01 4.8187119475971816e+00 0
1.0000000000000000e+00 8.3719950203504101e-01 4.8187119475971816e+00 0
1.0000000000000000e+00 8.9016752405376876e-01 4.8187119475971816e+00 0
1.0000000000000000e+00 9.3395044292577012e-01 4.8187119475971816e+00 0
1.0000000000000000e+00 9.6999999999999986e-01 4.8187119475971816e+00 0
1.0000000000000000e+00 2.0000000000000001e-01 4.7214719194891437e+00 0
1.0000000000000000e+00 3.5355965573916831e-01 4.7214719194891437e+00 0
1.0000000000000000e+00 4.8949204057623080e-01 4.7214719194891437e+00 0
1.0000000000000000e+00 6.0227394021057989e-01 4.7214719194891437e+00 0
1.0000000000000000e+00 6.9574752138280138e-01 4.7214719194891437e+00 0
1.0000000000000000e+00 7.7315038155164950e-01 4.7214719194891437e+00 0
1.0000000000000000e+00 8.3719950203504112e-01 4.7214719194891437e+00 0
1.0000000000000000e+00 8.9016752405376876e-01 4.7214719194891437e+00 0
1.0000000000000000e+00 9.3395044292577023e-01 4.7214719194891437e+00 0
1.0000000000000000e+00 9.6999999999999997e-01 4.7214719194891437e+00 0
1.0000000000000000e+00 2.0000000000000001e-01 4.6214827412831898e+00 0
1.0000000000000000e+00 3.5355965573916831e-01 4.6214827412831898e+00 0
1.0000000000000000e+00 4.8949204057623097e-01 4.6214827412831898e+00 0
1.0000000000000000e+00 6.0227394021057989e-01 4.6214827412831898e+00 0
1.0000000000000000e+00 6.9574752138280149e-01 4.6214827412831898e+00 0
1.0000000000000000e+00 7.7315038155164939e-01 4.6214827412831898e+00 0
1.0000000000000000e+00 8.3719950203504112e-01 4.6214827412831898e+00 0
1.0000000000000000e+00 8.9016752405376876e-01 4.6214827412831898e+00 0
1.0000000000000000e+00 9.3395044292577001e-01 4.6214827412831898e+00 0
1.0000000000000000e+00 9.6999999999999997e-01 4.6214827412831898e+00 0
1.0000000000000000e+00 2.0000000000000001e-01 4.5182079889048925e+00 0
1.0000000000000000e+00 3.5355965573916837e-01 4.5182079889048934e+00 0
1.0000000000000000e+00 4.8949204057623091e-01 4.5182079889048907e+00 0
1.0000000000000000e+00 6.0227394021058001e-01 4.5182079889048925e+00 0
1.0000000000000000e+00 6.9574752138280138e-01 4.5182079889048916e+00 0
1.0000000000000000e+00 7.7315038155164939e-01 4.5182079889048916e+00 0
1.0000000000000000e+00 8.3719950203504112e-01 4.5182079889048916e+00 0
1.0000000000000000e+00 8.9016752405376876e-01 4.5182079889048907e+00 0
1.0000000000000000e+00 9.3395044292577012e-01 4.5182079889048943e+00 0
1.0000000000000000e+00 9.6999999999999997e-01 4.5182079889048916e+00 0
1.0000000000000000e+00 1.9999999999999998e-01 4.4114464427540812e+00 0
1.0000000000000000e+00 3.5355965573916831e-01 4.4114464427540812e+00 0
1.0000000000000000e+00 4.8949204057623102e-01 4.4114464427540820e+00 0
1.0000000000000000e+00 6.0227394021057989e-01 4.4114464427540820e+00 0
1.0000000000000000e+00 6.9574752138280149e-01 4.4114464427540812e+00 0
1.0000000000000000e+00 7.7315038155164939e-01 4.4114464427540812e+00 0
1.0000000000000000e+00 8.3719950203504101e-01 4.4114464427540820e+00 0
1.0000000000000000e+00 8.9016752405376876e-01 4.4114464427540820e+00 0
1.0000000000000000e+00 9.3395044292577012e-01 4.4114464427540820e+00 0
1.0000000000000000e+00 9.6999999999999986e-01 4.4114464427540812e+00 0
1.0000000000000000e+00 2.0000000000000001e-01 4.3002277589319933e+00 0
1.0000000000000000e+00 3.5355965573916825e-01 4.3002277589319942e+00 0
1.0000000000000000e+00 4.8949204057623086e-01 4.3002277589319942e+00 0
1.0000000000000000e+00 6.0227394021057989e-01 4.3002277589319942e+00 0
1.0000000000000000e+00 6.9574752138280138e-01 4.3002277589319942e+00 0
1.0000000000000000e+00 7.7315038155164939e-01 4.3002277589319942e+00 0
1.0000000000000000e+00 8.3719950203504112e-01 4.3002277589319942e+00 0
1.0000000000000000e+00 8.9016752405376876e-01 4.3002277589319942e+00 0
1.0000000000000000e+00 9.3395044292577012e-01 4.3002277589319942e+00 0
1.0000000000000000e+00 9.6999999999999997e-01 4.3002277589319942e+00 0
1.0000000000000000e+00 2.0000000000000001e-01 4.1836322701752895e+00 0
1.0000000000000000e+00 3.5355965573916831e-01 4.1836322701752904e+00 0
1.0000000000000000e+00 4.8949204057623097e-01 4.1836322701752904e+00 0
1.0000000000000000e+00 6.0227394021057989e-01 4.1836322701752904e+00 0
1.0000000000000000e+00 6.9574752138280138e-01 4.1836322701752904e+00 0
1.0000000000000000e+00 7.7315038155164939e-01 4.1836322701752904e+00 0
1.0000000000000000e+00 8.3719950203504112e-01 4.1836322701752904e+00 0
1.0000000000000000e+00 8.9016752405376876e-01 4.1836322701752904e+00 0
1.0000000000000000e+00 9.3395044292577012e-01 4.1836322701752904e+00 0
1.0000000000000000e+00 9.6999999999999997e-01 4.1836322701752904e+00 0
1.0000000000000000e+00 2.0000000000000001e-01 4.0609822461774758e+00 0
1.0000000000000000e+00 3.5355965573916831e-01 4.0609822461774758e+00 0
1.0000000000000000e+00 4.8949204057623086e-01 4.0609822461774758e+00 0
1.0000000000000000e+00 6.0227394021057989e-01 4.0609822461774758e+00 0
1.0000000000000000e+00 6.9574752138280149e-01 4.0609822461774758e+00 0
1.0000000000000000e+00 7.7315038155164939e-01 4.0609822461774758e+00 0
1.0000000000000000e+00 8.3719950203504112e-01 4.0609822461774758e+00 0
1.0000000000000000e+00 8.9016752405376876e-01 4.0609822461774758e+00 0
1.0000000000000000e+00 9.3395044292577012e-01 4.0609822461774758e+00 0
1.0000000000000000e+00 9.6999999999999997e-01 4.0609822461774758e+00 0
1.0000000000000000e+00 2.0000000000000001e-01 3.9299717013055893e+00 0
1.0000000000000000e+00 3.5355965573916831e-01 3.9299717013055893e+00 0
1.0000000000000000e+00 4.8949204057623091e-01 3.9299717013055897e+00 0
1.0000000000000000e+00 6.0227394021057989e-01 3.9299717013055897e+00 0
1.0000000000000000e+00 6.9574752138280138e-01 3.9299717013055897e+00 0
1.0000000000000000e+00 7.7315038155164939e-01 3.9299717013055897e+00 0
1.0000000000000000e+00 8.3719950203504123e-01 3.9299717013055897e+00 0
1.0000000000000000e+00 8.9016752405376876e-01 3.9299717013055897e+00 0
1.0000000000000000e+00 9.3395044292577023e-01 3.9299717013055901e+00 0
1.0000000000000000e+00 9.7000000000000008e-01 3.9299717013055901e+00 0
1.0000000000000000e+00 2.0000000000000001e-01 3.7884351315957696e+00 0
1.0000000000000000e+00 3.5355965573916831e-01 3.7884351315957696e+00 0
1.0000000000000000e+00 4.8949204057623097e-01 3.7884351315957692e+00 0
1.0000000000000000e+00 6.0227394021057989e-01 3.7884351315957696e+00 0
1.0000000000000000e+00 6.9574752138280138e-01 3.7884351315957696e+00 0
1.0000000000000000e+00 7.7315038155164939e-01 3.7884351315957692e+00 0
1.0000000000000000e+00 8.3719950203504101e-01 3.7884351315957692e+00 0
1.0000000000000000e+00 8.9016752405376864e-01 3.7884351315957687e+00 0
1.0000000000000000e+00 9.3395044292577012e-01 3.7884351315957692e+00 0
1.0000000000000000e+00 9.6999999999999986e-01 3.7884351315957696e+00 0
1.0000000000000000e+00 2.0000000000000001e-01 3.6323357583068123e+00 0
1.0000000000000000e+00 3.5355965573916831e-01 3.6323357583068132e+00 0
1.0000000000000000e+00 4.8949204057623102e-01 3.6323357583068128e+00 0
1.0000000000000000e+00 6.0227394021057989e-01 3.6323357583068132e+00 0
1.0000000000000000e+00 6.9574752138280149e-01 3.6323357583068132e+00 0
1.0000000000000000e+00 7.7315038155164939e-01 3.6323357583068132e+00 0
1.0000000000000000e+00 8.3719950203504112e-01 3.6323357583068132e+00 0
1.0000000000000000e+00 8.9016752405376876e-01 3.6323357583068132e+00 0
1.0000000000000000e+00 9.3395044292577012e-01 3.6323357583068132e+00 0
1.0000000000000000e+00 9.6999999999999997e-01 3.6323357583068128e+00 0
1.0000000000000000e+00 2.0000000000000004e-01 3.4544205451854628e+00 0
1.0000000000000000e+00 3.5355965573916825e-01 3.4544205451854628e+00 0
1.0000000000000000e+00 4.8949204057623086e-01 3.4544205451854628e+00 0
1.0000000000000000e+00 6.0227394021057989e-01 3.4544205451854628e+00 0
1.0000000000000000e+00 6.9574752138280149e-01 3.4544205451854633e+00 0
1.0000000000000000e+00 7.7315038155164939e-01 3.4544205451854628e+00 0
1.0000000000000000e+00 8.3719950203504123e-01 3.4544205451854633e+00 0
1.0000000000000000e+00 8.9016752405376876e-01 3.4544205451854633e+00 0
1.0000000000000000e+00 9.3395044292577012e-01 3.4544205451854633e+00 0
1.0000000000000000e+00 9.6999999999999997e-01 3.4544205451854628e+00 0
1.0000000000000000e+00 2.0000000000000001e-01 3.2392731339395504e+00 0
1.0000000000000000e+00 3.5355965573916831e-01 3.2392731339395504e+00 0
1.0000000000000000e+00 4.8949204057623097e-01 3.2392731339395509e+00 0
1.0000000000000000e+00 6.0227394021057989e-01 3.2392731339395509e+00 0
1.0000000000000000e+00 6.9574752138280138e-01 3.2392731339395509e+00 0
1.0000000000000000e+00 7.7315038155164939e-01 3.2392731339395509e+00 0
1.0000000000000000e+00 8.3719950203504112e-01 3.2392731339395513e+00 0
1.0000000000000000e+00 8.9016752405376876e-01 3.2392731339395509e+00 0
1.0000000000000000e+00 9.3395044292577012e-01 3.2392731339395504e+00 0
1.0000000000000000e+00 9.6999999999999997e-01 3.2392731339395509e+00 0
1.0000000000000000e+00 2.0000000000000001e-01 2.9348737222754391e+00 0
1.0000000000000000e+00 3.5355965573916831e-01 2.9348737222754391e+00 0
1.0000000000000000e+00 4.8949204057623091e-01 2.9348737222754391e+00 0
1.0000000000000000e+00 6.0227394021057989e-01 2.9348737222754391e+00 0
1.0000000000000000e+00 6.9574752138280138e-01 2.9348737222754391e+00 0
1.0000000000000000e+00 7.7315038155164939e-01 2.9348737222754395e+00 0
1.0000000000000000e+00 8.3719950203504112e-01 2.9348737222754391e+00 0
1.0000000000000000e+00 8.9016752405376876e-01 2.9348737222754391e+00 0
1.0000000000000000e+00 9.3395044292577012e-01 2.9348737222754391e+00 0
1.0000000000000000e+00 9.6999999999999997e-01 2.9348737222754395e+00 0
1.0000000000000000e+00 2.0000000000000001e-01 2.0964533652931259e+00 0
1.0000000000000000e+00 3.5355965573916831e-01 2.0964533652931254e+00 0
1.0000000000000000e+00 4.8949204057623097e-01 2.0964533652931263e+00 0
1.0000000000000000e+00 6.0227394021057989e-01 2.0964533652931259e+00 0
1.0000000000000000e+00 6.9574752138280160e-01 2.0964533652931254e+00 0
1.0000000000000000e+00 7.7315038155164939e-01 2.0964533652931259e+00 0
1.0000000000000000e+00 8.3719950203504112e-01 2.0964533652931259e+00 0
1.0000000000000000e+00 8.9016752405376876e-01 2.0964533652931259e+00 0
1.0000000000000000e+00 9.3395044292577012e-01 2.0964533652931254e+00 0
1.0000000000000000e+00 9.6999999999999997e-01 2.0964533652931259e+00 0
1.0000000000000000e+00 2.0000000000000001e-01 1.7789486043037837e+00 0
1.0000000000000000e+00 3.5355965573916831e-01 1.7789486043037837e+00 0
1.0000000000000000e+00 4.8949204057623091e-01 1.7789486043037834e+00 0
1.0000000000000000e+00 6.0227394021057989e-01 1.7789486043037832e+00 0
1.0000000000000000e+00 6.9574752138280138e-01 1.7789486043037834e+00 0
1.0000000000000000e+00 7.7315038155164939e-01 1.7789486043037832e+00 0
1.0000000000000000e+00 8.3719950203504112e-01 1.7789486043037837e+00 0
1.0000000000000000e+00 8.9016752405376876e-01 1.7789486043037834e+00 0
1.0000000000000000e+00 9.3395044292577034e-01 1.7789486043037832e+00 0
1.0000000000000000e+00 9.6999999999999997e-01 1.7789486043037834e+00 0
1.0000000000000000e+00 2.0000000000000001e-01 1.5599565825508892e+00 0
1.0000000000000000e+00 3.5355965573916831e-01 1.5599565825508890e+00 0
1.0000000000000000e+00 4.8949204057623091e-01 1.5599565825508890e+00 0
1.0000000000000000e+00 6.0227394021057989e-01 1.5599565825508892e+00 0
1.0000000000000000e+00 6.9574752138280138e-01 1.5599565825508892e+00 0
1.0000000000000000e+00 7.7315038155164917e-01 1.5599565825508892e+00 0
1.0000000000000000e+00 8.3719950203504112e-01 1.5599565825508892e+00 0
1.0000000000000000e+00 8.9016752405376876e-01 1.5599565825508892e+00 0
1.0000000000000000e+00 9.3395044292577012e-01 1.5599565825508892e+00 0
1.0000000000000000e+00 9.6999999999999997e-01 1.5599565825508892e+00 0
1.0000000000000000e+00 2.0000000000000001e-01 1.3803435006431035e+00 0
1.0000000000000000e+00 3.5355965573916820e-01 1.3803435006431033e+00 0
1.0000000000000000e+00 4.8949204057623091e-01 1.3803435006431035e+00 0
1.0000000000000000e+00 6.0227394021057989e-01 1.3803435006431037e+00 0
1.0000000000000000e+00 6.9574752138280149e-01 1.3803435006431035e+00 0
1.0000000000000000e+00 7.7315038155164939e-01 1.3803435006431035e+00 0
1.0000000000000000e+00 8.3719950203504112e-01 1.3803435006431035e+00 0
1.0000000000000000e+00 8.9016752405376876e-01 1.3803435006431033e+00 0
1.0000000000000000e+00 9.3395044292577012e-01 1.3803435006431035e+00 0
1.0000000000000000e+00 9.6999999999999997e-01 1.3803435006431035e+00 0
1.0000000000000000e+00 2.0000000000000001e-01 1.2228869444326218e+00 0
1.0000000000000000e+00 3.5355965573916831e-01 1.2228869444326218e+00 0
1.0000000000000000e+00 4.8949204057623086e-01 1.2228869444326218e+00 0
1.0000000000000000e+00 6.0227394021057989e-01 1.2228869444326218e+00 0
1.0000000000000000e+00 6.9574752138280149e-01 1.2228869444326218e+00 0
1.0000000000000000e+00 7.7315038155164961e-01 1.2228869444326218e+00 0
1.0000000000000000e+00 8.3719950203504112e-01 1.2228869444326218e+00 0
1.0000000000000000e+00 8.9016752405376876e-01 1.2228869444326218e+00 0
1.0000000000000000e+00 9.3395044292577012e-01 1.2228869444326218e+00 0
1.0000000000000000e+00 9.6999999999999997e-01 1.2228869444326218e+00 0
1.0000000000000000e+00 2.0000000000000001e-01 1.0805484639675769e+00 0
1.0000000000000000e+00 3.5355965573916820e-01 1.0805484639675769e+00 0
1.0000000000000000e+00 4.8949204057623097e-01 1.0805484639675769e+00 0
1.0000000000000000e+00 6.0227394021057989e-01 1.0805484639675771e+00 0
1.0000000000000000e+00 6.9574752138280138e-01 1.0805484639675771e+00 0
1.0000000000000000e+00 7.7315038155164961e-01 1.0805484639675769e+00 0
1.0000000000000000e+00 8.3719950203504134e-01 1.0805484639675771e+00 0
1.0000000000000000e+00 8.9016752405376876e-01 1.0805484639675771e+00 0
1.0000000000000000e+00 9.3395044292577034e-01 1.0805484639675771e+00 0
1.0000000000000000e+00 9.6999999999999997e-01 1.0805484639675771e+00 0
1.0000000000000000e+00 2.0000000000000001e-01 9.4875440247585530e-01 0
1.0000000000000000e+00 3.5355965573916831e-01 9.4875440247585541e-01 0
1.0000000000000000e+00 4.8949204057623097e-01 9.4875440247585541e-01 0
1.0000000000000000e+00 6.0227394021057967e-01 9.4875440247585541e-01 0
1.0000000000000000e+00 6.9574752138280138e-01 9.4875440247585541e-01 0
1.0000000000000000e+00 7.7315038155164961e-01 9.4875440247585519e-01 0
1.0000000000000000e+00 8.3719950203504112e-01 9.4875440247585530e-01 0
1.0000000000000000e+00 8.9016752405376876e-01 9.4875440247585519e-01 0
1.0000000000000000e+00 9.3395044292577012e-01 9.4875440247585530e-01 0
1.0000000000000000e+00 9.6999999999999997e-01 9.4875440247585530e-01 0
1.0000000000000000e+00 2.0000000000000001e-01 8.2530218750051332e-01 0
1.0000000000000000e+00 3.5355965573916820e-01 8.2530218750051310e-01 0
1.0000000000000000e+00 4.8949204057623091e-01 8.2530218750051321e-01 0
1.0000000000000000e+00 6.0227394021057989e-01 8.2530218750051321e-01 0
1.0000000000000000e+00 6.9574752138280138e-01 8.2530218750051310e-01 0
1.0000000000000000e+00 7.7315038155164939e-01 8.2530218750051310e-01 0
1.0000000000000000e+00 8.3719950203504112e-01 8.2530218750051332e-01 0
1.0000000000000000e+00 8.9016752405376876e-01 8.2530218750051321e-01 0
1.0000000000000000e+00 9.3395044292577012e-01 8.2530218750051321e-01 0
1.0000000000000000e+00 9.6999999999999975e-01 8.2530218750051332e-01 0
1.0000000000000000e+00 2.0000000000000001e-01 7.0834516329464536e-01 0
1.0000000000000000e+00 3.5355965573916831e-01 7.0834516329464536e-01 0
1.0000000000000000e+00 4.8949204057623091e-01 7.0834516329464536e-01 0
1.0000000000000000e+00 6.0227394021057989e-01 7.0834516329464536e-01 0
1.0000000000000000e+00 6.9574752138280138e-01 7.0834516329464536e-01 0
1.0000000000000000e+00 7.7315038155164917e-01 7.0834516329464536e-01 0
1.0000000000000000e+00 8.3719950203504112e-01 7.0834516329464525e-01 0
1.0000000000000000e+00 8.9016752405376876e-01 7.0834516329464536e-01 0
1.0000000000000000e+00 9.3395044292577012e-01 7.0834516329464547e-01 0
1.0000000000000000e+00 9.6999999999999997e-01 7.0834516329464547e-01 0
1.0000000000000000e+00 2.0000000000000001e-01 5.9667640388386323e-01 0
1.0000000000000000e+00 3.5355965573916820e-01 5.9667640388386323e-01 0
1.0000000000000000e+00 4.8949204057623091e-01 5.9667640388386323e-01 0
1.0000000000000000e+00 6.0227394021057989e-01 5.9667640388386323e-01 0
1.0000000000000000e+00 6.9574752138280160e-01 5.9667640388386323e-01 0
1.0000000000000000e+00 7.7315038155164939e-01 5.9667640388386323e-01 0
1.0000000000000000e+00 8.3719950203504112e-01 5.9667640388386323e-01 0
1.0000000000000000e+00 8.9016752405376898e-01 5.9667640388386323e-01 0
1.0000000000000000e+00 9.3395044292576990e-01 5.9667640388386323e-01 0
1.0000000000000000e+00 9.6999999999999997e-01 5.9667640388386323e-01 0
1.0000000000000000e+00 2.0000000000000001e-01 4.8944613468587411e-01 0
1.0000000000000000e+00 3.5355965573916842e-01 4.8944613468587417e-01 0
1.0000000000000000e+00 4.8949204057623091e-01 4.8944613468587417e-01 0
1.0000000000000000e+00 6.0227394021057989e-01 4.8944613468587406e-01 0
1.0000000000000000e+00 6.9574752138280138e-01 4.8944613468587417e-01 0
1.0000000000000000e+00 7.7315038155164939e-01 4.8944613468587411e-01 0
1.0000000000000000e+00 8.3719950203504112e-01 4.8944613468587417e-01 0
1.0000000000000000e+00 8.9016752405376876e-01 4.8944613468587417e-01 0
1.0000000000000000e+00 9.3395044292577012e-01 4.8944613468587417e-01 0
1.0000000000000000e+00 9.6999999999999997e-01 4.8944613468587422e-01 0
1.0000000000000000e+00 2.0000000000000001e-01 3.8595107986722188e-01 0
1.0000000000000000e+00 3.5355965573916831e-01 3.8595107986722188e-01 0
1.0000000000000000e+00 4.8949204057623091e-01 3.8595107986722199e-01 0
1.0000000000000000e+00 6.0227394021058012e-01 3.8595107986722188e-01 0
1.0000000000000000e+00 6.9574752138280160e-01 3.8595107986722188e-01 0
1.0000000000000000e+00 7.7315038155164961e-01 3.8595107986722188e-01 0
1.0000000000000000e+00 8.3719950203504112e-01 3.8595107986722194e-01 0
1.0000000000000000e+00 8.9016752405376876e-01 3.8595107986722194e-01 0
1.0000000000000000e+00 9.3395044292577012e-01 3.8595107986722188e-01 0
1.0000000000000000e+00 9.6999999999999997e-01 3.8595107986722188e-01 0
1.0000000000000000e+00 2.0000000000000001e-01 2.8567381700256078e-01 0
1.0000000000000000e+00 3.5355965573916831e-01 2.8567381700256078e-01 0
1.0000000000000000e+00 4.8949204057623080e-01 2.8567381700256078e-01 0
1.0000000000000000e+00 6.0227394021057989e-01 2.8567381700256078e-01 0
1.0000000000000000e+00 6.9574752138280138e-01 2.8567381700256078e-01 0
1.0000000000000000e+00 7.7315038155164939e-01 2.8567381700256078e-01 0
1.0000000000000000e+00 8.3719950203504112e-01 2.8567381700256078e-01 0
1.0000000000000000e+00 8.9016752405376876e-01 2.8567381700256078e-01 0
1.0000000000000000e+00 9.3395044292577012e-01 2.8567381700256078e-01 0
1.0000000000000000e+00 9.7000000000000020e-01 2.8567381700256078e-01 0
1.0000000000000000e+00 2.0000000000000001e-01 1.8801855389028788e-01 0
1.0000000000000000e+00 3.5355965573916831e-01 1.8801855389028788e-01 0
1.0000000000000000e+00 4.8949204057623091e-01 1.8801855389028788e-01 0
1.0000000000000000e+00 6.0227394021057967e-01 1.8801855389028788e-01 0
1.0000000000000000e+00 6.9574752138280138e-01 1.8801855389028788e-01 0
1.0000000000000000e+00 7.7315038155164939e-01 1.8801855389028788e-01 0
1.0000000000000000e+00 8.3719950203504112e-01 1.8801855389028788e-01 0
1.0000000000000000e+00 8.9016752405376876e-01 1.8801855389028788e-01 0
1.0000000000000000e+00 9.3395044292577012e-01 1.8801855389028785e-01 0
1.0000000000000000e+00 9.6999999999999997e-01 1.8801855389028788e-01 0
1.0000000000000000e+00 2.0000000000000001e-01 9.2926025390625000e-02 0
1.0000000000000000e+00 3.5355965573916831e-01 9.2926025390625000e-02 0
1.0000000000000000e+00 4.8949204057623091e-01 9.2926025390625000e-02 0
1.0000000000000000e+00 6.0227394021057989e-01 9.2926025390625000e-02 0
1.0000000000000000e+00 6.9574752138280116e-01 9.2926025390625014e-02 0
1.0000000000000000e+00 7.7315038155164939e-01 9.2926025390625000e-02 0
1.0000000000000000e+00 8.3719950203504112e-01 9.2926025390625000e-02 0
1.0000000000000000e+00 8.9016752405376876e-01 9.2926025390625000e-02 0
1.0000000000000000e+00 9.3395044292577012e-01 9.2926025390625014e-02 0
1.0000000000000000e+00 9.7000000000000020e-01 9.2926025390625000e-02 0
2.0000000000000001e-01 0.0000000000000000e+00 9.2926025390625000e-02 0
2.0000000000000001e-01 0.0000000000000000e+00 1.8801855389028788e-01 0
2.0000000000000001e-01 0.0000000000000000e+00 2.8567381700256078e-01 0
1.9999999999999998e-01 0.0000000000000000e+00 3.8595107986722194e-01 0
2.0000000000000001e-01 0.0000000000000000e+00 4.8944613468587417e-01 0
2.0000000000000001e-01 0.0000000000000000e+00 5.9667640388386312e-01 0
1.9999999999999998e-01 0.0000000000000000e+00 7.0834516329464536e-01 0
2.0000000000000001e-01 0.0000000000000000e+00 8.2530218750051321e-01 0
2.0000000000000001e-01 0.0000000000000000e+00 9.4875440247585541e-01 0
2.0000000000000001e-01 0.0000000000000000e+00 1.0805484639675771e+00 0
2.0000000000000001e-01 0.0000000000000000e+00 1.2228869444326218e+00 0
2.0000000000000007e-01 0.0000000000000000e+00 1.3803435006431033e+00 0
1.9999999999999998e-01 0.0000000000000000e+00 1.5599565825508890e+00 0
2.0000000000000001e-01 0.0000000000000000e+00 1.7789486043037834e+00 0
2.0000000000000001e-01 0.0000000000000000e+00 2.0964533652931259e+00 0
2.0000000000000001e-01 0.0000000000000000e+00 2.9348737222754391e+00 0
2.0000000000000001e-01 0.0000000000000000e+00 3.2392731339395504e+00 0
2.0000000000000001e-01 0.0000000000000000e+00 3.4544205451854628e+00 0
2.0000000000000001e-01 0.0000000000000000e+00 3.6323357583068123e+00 0
2.0000000000000001e-01 0.0000000000000000e+00 3.7884351315957696e+00 0
2.0000000000000001e-01 0.0000000000000000e+00 3.9299717013055893e+00 0
2.0000000000000001e-01 0.0000000000000000e+00 4.0609822461774758e+00 0
2.0000000000000001e-01 0.0000000000000000e+00 4.1836322701752895e+00 0
2.0000000000000001e-01 0.0000000000000000e+00 4.3002277589319933e+00 0
2.0000000000000001e-01 0.0000000000000000e+00 4.4114464427540812e+00 0
2.0000000000000001e-01 0.0000000000000000e+00 4.5182079889048907e+00 0
2.0000000000000001e-01 0.0000000000000000e+00 4.6214827412831898e+00 0
2.0000000000000001e-01 0.0000000000000000e+00 4.7214719194891437e+00 0
2.0000000000000001e-01 0.0000000000000000e+00 4.8187119475971816e+00 0
2.0000000000000001e-01 0.0000000000000000e+00 4.9137819516404564e+00 0
3.5355965573916831e-01 0.0000000000000000e+00 9.2926025390625000e-02 0
3.5355965573916831e-01 0.0000000000000000e+00 1.8801855389028788e-01 0
3.5355965573916831e-01 0.0000000000000000e+00 2.8567381700256078e-01 0
3.5355965573916831e-01 0.0000000000000000e+00 3.8595107986722194e-01 0
3.5355965573916842e-01 0.0000000000000000e+00 4.8944613468587411e-01 0
3.5355965573916825e-01 0.0000000000000000e+00 5.9667640388386323e-01 0
3.5355965573916831e-01 0.0000000000000000e+00 7.0834516329464536e-01 0
3.5355965573916820e-01 0.0000000000000000e+00 8.2530218750051332e-01 0
3.5355965573916831e-01 0.0000000000000000e+00 9.4875440247585552e-01 0
3.5355965573916825e-01 0.0000000000000000e+00 1.0805484639675771e+00 0
3.5355965573916831e-01 0.0000000000000000e+00 1.2228869444326218e+00 0
3.5355965573916831e-01 0.0000000000000000e+00 1.3803435006431033e+00 0
3.5355965573916825e-01 0.0000000000000000e+00 1.5599565825508890e+00 0
3.5355965573916831e-01 0.0000000000000000e+00 1.7789486043037837e+00 0
3.5355965573916825e-01 0.0000000000000000e+00 2.0964533652931259e+00 0
3.5355965573916831e-01 0.0000000000000000e+00 2.9348737222754391e+00 0
3.5355965573916831e-01 0.0000000000000000e+00 3.2392731339395504e+00 0
3.5355965573916831e-01 0.0000000000000000e+00 3.4544205451854628e+00 0
3.5355965573916831e-01 0.0000000000000000e+00 3.6323357583068132e+00 0
3.5355965573916831e-01 0.0000000000000000e+00 3.7884351315957696e+00 0
3.5355965573916825e-01 0.0000000000000000e+00 3.9299717013055893e+00 0
3.5355965573916831e-01 0.0000000000000000e+00 4.0609822461774758e+00 0
3.5355965573916831e-01 0.0000000000000000e+00 4.1836322701752904e+00 0
3.5355965573916831e-01 0.0000000000000000e+00 4.3002277589319942e+00 0
3.5355965573916831e-01 0.0000000000000000e+00 4.4114464427540812e+00 0
3.5355965573916831e-01 0.0000000000000000e+00 4.5182079889048916e+00 0
3.5355965573916831e-01 0.0000000000000000e+00 4.6214827412831898e+00 0
3.5355965573916831e-01 0.0000000000000000e+00 4.7214719194891437e+00 0
3.5355965573916831e-01 0.0000000000000000e+00 4.8187119475971807e+00 0
3.5355965573916831e-01 0.0000000000000000e+00 4.9137819516404564e+00 0
4.8949204057623091e-01 0.0000000000000000e+00 9.2926025390625000e-02 0
4.8949204057623091e-01 0.0000000000000000e+00 1.8801855389028788e-01 0
4.8949204057623080e-01 0.0000000000000000e+00 2.8567381700256078e-01 0
4.8949204057623091e-01 0.0000000000000000e+00 3.8595107986722188e-01 0
4.8949204057623080e-01 0.0000000000000000e+00 4.8944613468587406e-01 0
4.8949204057623080e-01 0.0000000000000000e+00 5.9667640388386323e-01 0
4.8949204057623091e-01 0.0000000000000000e+00 7.0834516329464547e-01 0
4.8949204057623097e-01 0.0000000000000000e+00 8.2530218750051332e-01 0
4.8949204057623097e-01 0.0000000000000000e+00 9.4875440247585563e-01 0
4.8949204057623097e-01 0.0000000000000000e+00 1.0805484639675771e+00 0
4.8949204057623086e-01 0.0000000000000000e+00 1.2228869444326218e+00 0
4.8949204057623086e-01 0.0000000000000000e+00 1.3803435006431033e+00 0
4.8949204057623086e-01 0.0000000000000000e+00 1.5599565825508888e+00 0
4.8949204057623097e-01 0.0000000000000000e+00 1.7789486043037837e+00 0
4.8949204057623102e-01 0.0000000000000000e+00 2.0964533652931268e+00 0
4.8949204057623091e-01 0.0000000000000000e+00 2.9348737222754391e+00 0
4.8949204057623097e-01 0.0000000000000000e+00 3.2392731339395509e+00 0
4.8949204057623080e-01 0.0000000000000000e+00 3.4544205451854628e+00 0
4.8949204057623102e-01 0.0000000000000000e+00 3.6323357583068128e+00 0
4.8949204057623102e-01 0.0000000000000000e+00 3.7884351315957692e+00 0
4.8949204057623091e-01 0.0000000000000000e+00 3.9299717013055897e+00 0
4.8949204057623086e-01 0.0000000000000000e+00 4.0609822461774758e+00 0
4.8949204057623097e-01 0.0000000000000000e+00 4.1836322701752904e+00 0
4.8949204057623086e-01 0.0000000000000000e+00 4.3002277589319942e+00 0
4.8949204057623080e-01 0.0000000000000000e+00 4.4114464427540820e+00 0
4.8949204057623091e-01 0.0000000000000000e+00 4.5182079889048907e+00 0
4.8949204057623102e-01 0.0000000000000000e+00 4.6214827412831898e+00 0
4.8949204057623102e-01 0.0000000000000000e+00 4.7214719194891437e+00 0
4.8949204057623091e-01 0.0000000000000000e+00 4.8187119475971816e+00 0
4.8949204057623091e-01 0.0000000000000000e+00 4.9137819516404555e+00 0
6.0227394021057989e-01 0.0000000000000000e+00 9.2926025390625000e-02 0
6.0227394021057967e-01 0.0000000000000000e+00 1.8801855389028788e-01 0
6.0227394021057989e-01 0.0000000000000000e+00 2.8567381700256078e-01 0
6.0227394021058001e-01 0.0000000000000000e+00 3.8595107986722182e-01 0
6.0227394021057989e-01 0.0000000000000000e+00 4.8944613468587406e-01 0
6.0227394021057989e-01 0.0000000000000000e+00 5.9667640388386323e-01 0
6.0227394021057978e-01 0.0000000000000000e+00 7.0834516329464536e-01 0
6.0227394021057989e-01 0.0000000000000000e+00 8.2530218750051332e-01 0
6.0227394021057967e-01 0.0000000000000000e+00 9.4875440247585507e-01 0
6.0227394021057989e-01 0.0000000000000000e+00 1.0805484639675771e+00 0
6.0227394021057989e-01 0.0000000000000000e+00 1.2228869444326218e+00 0
6.0227394021057989e-01 0.0000000000000000e+00 1.3803435006431033e+00 0
6.0227394021057989e-01 0.0000000000000000e+00 1.5599565825508890e+00 0
6.0227394021057989e-01 0.0000000000000000e+00 1.7789486043037837e+00 0
6.0227394021057989e-01 0.0000000000000000e+00 2.0964533652931263e+00 0
6.0227394021057989e-01 0.0000000000000000e+00 2.9348737222754391e+00 0
6.0227394021057989e-01 0.0000000000000000e+00 3.2392731339395509e+00 0
6.0227394021057989e-01 0.0000000000000000e+00 3.4544205451854628e+00 0
6.0227394021057989e-01 0.0000000000000000e+00 3.6323357583068132e+00 0
6.0227394021057989e-01 0.0000000000000000e+00 3.7884351315957687e+00 0
6.0227394021057989e-01 0.0000000000000000e+00 3.9299717013055897e+00 0
6.0227394021057989e-01 0.0000000000000000e+00 4.0609822461774758e+00 0
6.0227394021057989e-01 0.0000000000000000e+00 4.1836322701752904e+00 0
6.0227394021057989e-01 0.0000000000000000e+00 4.3002277589319942e+00 0
6.0227394021057989e-01 0.0000000000000000e+00 4.4114464427540820e+00 0
6.0227394021057989e-01 0.0000000000000000e+00 4.5182079889048925e+00 0
6.0227394021057989e-01 0.0000000000000000e+00 4.6214827412831898e+00 0
6.0227394021057989e-01 0.0000000000000000e+00 4.7214719194891437e+00 0
6.0227394021057989e-01 0.0000000000000000e+00 4.8187119475971816e+00 0
6.0227394021057989e-01 0.0000000000000000e+00 4.9137819516404564e+00 0
6.9574752138280116e-01 0.0000000000000000e+00 9.2926025390625014e-02 0
6.9574752138280138e-01 0.0000000000000000e+00 1.8801855389028788e-01 0
6.9574752138280138e-01 0.0000000000000000e+00 2.8567381700256078e-01 0
6.9574752138280160e-01 0.0000000000000000e+00 3.8595107986722194e-01 0
6.9574752138280138e-01 0.0000000000000000e+00 4.8944613468587406e-01 0
6.9574752138280138e-01 0.0000000000000000e+00 5.9667640388386323e-01 0
6.9574752138280127e-01 0.0000000000000000e+00 7.0834516329464536e-01 0
6.9574752138280116e-01 0.0000000000000000e+00 8.2530218750051365e-01 0
6.9574752138280138e-01 0.0000000000000000e+00 9.4875440247585530e-01 0
6.9574752138280149e-01 0.0000000000000000e+00 1.0805484639675771e+00 0
6.9574752138280149e-01 0.0000000000000000e+00 1.2228869444326218e+00 0
6.9574752138280138e-01 0.0000000000000000e+00 1.3803435006431033e+00 0
6.9574752138280127e-01 0.0000000000000000e+00 1.5599565825508890e+00 0
6.9574752138280138e-01 0.0000000000000000e+00 1.7789486043037837e+00 0
6.9574752138280160e-01 0.0000000000000000e+00 2.0964533652931263e+00 0
6.9574752138280138e-01 0.0000000000000000e+00 2.9348737222754391e+00 0
6.9574752138280138e-01 0.0000000000000000e+00 3.2392731339395509e+00 0
6.9574752138280138e-01 0.0000000000000000e+00 3.4544205451854633e+00 0
6.9574752138280149e-01 0.0000000000000000e+00 3.6323357583068132e+00 0
6.9574752138280138e-01 0.0000000000000000e+00 3.7884351315957696e+00 0
6.9574752138280138e-01 0.0000000000000000e+00 3.9299717013055897e+00 0
6.9574752138280149e-01 0.0000000000000000e+00 4.0609822461774758e+00 0
6.9574752138280138e-01 0.0000000000000000e+00 4.1836322701752904e+00 0
6.9574752138280138e-01 0.0000000000000000e+00 4.3002277589319942e+00 0
6.9574752138280138e-01 0.0000000000000000e+00 4.4114464427540812e+00 0
6.9574752138280138e-01 0.0000000000000000e+00 4.5182079889048916e+00 0
6.9574752138280127e-01 0.0000000000000000e+00 4.6214827412831898e+00 0
6.9574752138280138e-01 0.0000000000000000e+00 4.7214719194891419e+00 0
6.9574752138280127e-01 0.0000000000000000e+00 4.8187119475971816e+00 0
6.9574752138280138e-01 0.0000000000000000e+00 4.9137819516404564e+00 0
7.7315038155164939e-01 0.0000000000000000e+00 9.2926025390625000e-02 0
7.7315038155164939e-01 0.0000000000000000e+00 1.8801855389028788e-01 0
7.7315038155164939e-01 0.0000000000000000e+00 2.8567381700256078e-01 0
7.7315038155164950e-01 0.0000000000000000e+00 3.8595107986722182e-01 0
7.7315038155164939e-01 0.0000000000000000e+00 4.8944613468587411e-01 0
7.7315038155164917e-01 0.0000000000000000e+00 5.9667640388386323e-01 0
7.7315038155164928e-01 0.0000000000000000e+00 7.0834516329464536e-01 0
7.7315038155164939e-01 0.0000000000000000e+00 8.2530218750051332e-01 0
7.7315038155164939e-01 0.0000000000000000e+00 9.4875440247585541e-01 0
7.7315038155164961e-01 0.0000000000000000e+00 1.0805484639675771e+00 0
7.7315038155164961e-01 0.0000000000000000e+00 1.2228869444326218e+00 0
7.7315038155164928e-01 0.0000000000000000e+00 1.3803435006431033e+00 0
7.7315038155164939e-01 0.0000000000000000e+00 1.5599565825508890e+00 0
7.7315038155164939e-01 0.0000000000000000e+00 1.7789486043037843e+00 0
7.7315038155164961e-01 0.0000000000000000e+00 2.0964533652931263e+00 0
7.7315038155164939e-01 0.0000000000000000e+00 2.9348737222754404e+00 0
7.7315038155164939e-01 0.0000000000000000e+00 3.2392731339395509e+00 0
7.7315038155164939e-01 0.0000000000000000e+00 3.4544205451854628e+00 0
7.7315038155164939e-01 0.0000000000000000e+00 3.6323357583068132e+00 0
7.7315038155164939e-01 0.0000000000000000e+00 3.7884351315957692e+00 0
7.7315038155164939e-01 0.0000000000000000e+00 3.9299717013055897e+00 0
7.7315038155164939e-01 0.0000000000000000e+00 4.0609822461774758e+00 0
7.7315038155164939e-01 0.0000000000000000e+00 4.1836322701752904e+00 0
7.7315038155164939e-01 0.0000000000000000e+00 4.3002277589319942e+00 0
7.7315038155164939e-01 0.0000000000000000e+00 4.4114464427540812e+00 0
7.7315038155164939e-01 0.0000000000000000e+00 4.5182079889048916e+00 0
7.7315038155164939e-01 0.0000000000000000e+00 4.6214827412831898e+00 0
7.7315038155164939e-01 0.0000000000000000e+00 4.7214719194891437e+00 0
7.7315038155164939e-01 0.0000000000000000e+00 4.8187119475971816e+00 0
7.7315038155164939e-01 0.0000000000000000e+00 4.9137819516404564e+00 0
8.3719950203504112e-01 0.0000000000000000e+00 9.2926025390625028e-02 0
8.3719950203504112e-01 0.0000000000000000e+00 1.8801855389028782e-01 0
8.3719950203504112e-01 0.0000000000000000e+00 2.8567381700256078e-01 0
8.3719950203504112e-01 0.0000000000000000e+00 3.8595107986722194e-01 0
8.3719950203504112e-01 0.0000000000000000e+00 4.8944613468587406e-01 0
8.3719950203504112e-01 0.0000000000000000e+00 5.9667640388386323e-01 0
8.3719950203504112e-01 0.0000000000000000e+00 7.0834516329464536e-01 0
8.3719950203504112e-01 0.0000000000000000e+00 8.2530218750051354e-01 0
8.3719950203504112e-01 0.0000000000000000e+00 9.4875440247585530e-01 0
8.3719950203504134e-01 0.0000000000000000e+00 1.0805484639675771e+00 0
8.3719950203504112e-01 0.0000000000000000e+00 1.2228869444326218e+00 0
8.3719950203504112e-01 0.0000000000000000e+00 1.3803435006431033e+00 0
8.3719950203504112e-01 0.0000000000000000e+00 1.5599565825508890e+00 0
8.3719950203504112e-01 0.0000000000000000e+00 1.7789486043037841e+00 0
8.3719950203504112e-01 0.0000000000000000e+00 2.0964533652931263e+00 0
8.3719950203504112e-01 0.0000000000000000e+00 2.9348737222754400e+00 0
8.3719950203504112e-01 0.0000000000000000e+00 3.2392731339395522e+00 0
8.3719950203504112e-01 0.0000000000000000e+00 3.4544205451854633e+00 0
8.3719950203504112e-01 0.0000000000000000e+00 3.6323357583068123e+00 0
8.3719950203504112e-01 0.0000000000000000e+00 3.7884351315957692e+00 0
8.3719950203504112e-01 0.0000000000000000e+00 3.9299717013055897e+00 0
8.3719950203504112e-01 0.0000000000000000e+00 4.0609822461774758e+00 0
8.3719950203504112e-01 0.0000000000000000e+00 4.1836322701752904e+00 0
8.3719950203504112e-01 0.0000000000000000e+00 4.3002277589319942e+00 0
8.3719950203504112e-01 0.0000000000000000e+00 4.4114464427540838e+00 0
8.3719950203504112e-01 0.0000000000000000e+00 4.5182079889048916e+00 0
8.3719950203504112e-01 0.0000000000000000e+00 4.6214827412831898e+00 0
8.3719950203504112e-01 0.0000000000000000e+00 4.7214719194891437e+00 0
8.3719950203504112e-01 0.0000000000000000e+00 4.8187119475971816e+00 0
8.3719950203504112e-01 0.0000000000000000e+00 4.9137819516404555e+00 0
8.9016752405376876e-01 0.0000000000000000e+00 9.2926025390625000e-02 0
8.9016752405376876e-01 0.0000000000000000e+00 1.8801855389028793e-01 0
8.9016752405376876e-01 0.0000000000000000e+00 2.8567381700256078e-01 0
8.9016752405376898e-01 0.0000000000000000e+00 3.8595107986722194e-01 0
8.9016752405376887e-01 0.0000000000000000e+00 4.8944613468587411e-01 0
8.9016752405376876e-01 0.0000000000000000e+00 5.9667640388386323e-01 0
8.9016752405376898e-01 0.0000000000000000e+00 7.0834516329464536e-01 0
8.9016752405376853e-01 0.0000000000000000e+00 8.2530218750051332e-01 0
8.9016752405376876e-01 0.0000000000000000e+00 9.4875440247585541e-01 0
8.9016752405376876e-01 0.0000000000000000e+00 1.0805484639675771e+00 0
8.9016752405376876e-01 0.0000000000000000e+00 1.2228869444326222e+00 0
8.9016752405376876e-01 0.0000000000000000e+00 1.3803435006431033e+00 0
8.9016752405376876e-01 0.0000000000000000e+00 1.5599565825508890e+00 0
8.9016752405376876e-01 0.0000000000000000e+00 1.7789486043037837e+00 0
8.9016752405376876e-01 0.0000000000000000e+00 2.0964533652931263e+00 0
8.9016752405376876e-01 0.0000000000000000e+00 2.9348737222754391e+00 0
8.9016752405376876e-01 0.0000000000000000e+00 3.2392731339395509e+00 0
8.9016752405376876e-01 0.0000000000000000e+00 3.4544205451854633e+00 0
8.9016752405376876e-01 0.0000000000000000e+00 3.6323357583068132e+00 0
8.9016752405376876e-01 0.0000000000000000e+00 3.7884351315957696e+00 0
8.9016752405376876e-01 0.0000000000000000e+00 3.9299717013055897e+00 0
8.9016752405376876e-01 0.0000000000000000e+00 4.0609822461774758e+00 0
8.9016752405376876e-01 0.0000000000000000e+00 4.1836322701752904e+00 0
8.9016752405376876e-01 0.0000000000000000e+00 4.3002277589319942e+00 0
8.9016752405376876e-01 0.0000000000000000e+00 4.4114464427540820e+00 0
8.9016752405376876e-01 0.0000000000000000e+00 4.5182079889048907e+00 0
8.9016752405376876e-01 0.0000000000000000e+00 4.6214827412831898e+00 0
8.9016752405376876e-01 0.0000000000000000e+00 4.7214719194891437e+00 0
8.9016752405376876e-01 0.0000000000000000e+00 4.8187119475971816e+00 0
8.9016752405376876e-01 0.0000000000000000e+00 4.9137819516404564e+00 0
9.3395044292577012e-01 0.0000000000000000e+00 9.2926025390625042e-02 0
9.3395044292577012e-01 0.0000000000000000e+00 1.8801855389028785e-01 0
9.3395044292577012e-01 0.0000000000000000e+00 2.8567381700256078e-01 0
9.3395044292577001e-01 0.0000000000000000e+00 3.8595107986722177e-01 0
9.3395044292577012e-01 0.0000000000000000e+00 4.8944613468587417e-01 0
9.3395044292577001e-01 0.0000000000000000e+00 5.9667640388386323e-01 0
9.3395044292577012e-01 0.0000000000000000e+00 7.0834516329464514e-01 0
9.3395044292577012e-01 0.0000000000000000e+00 8.2530218750051332e-01 0
9.3395044292577012e-01 0.0000000000000000e+00 9.4875440247585519e-01 0
9.3395044292577012e-01 0.0000000000000000e+00 1.0805484639675773e+00 0
9.3395044292577012e-01 0.0000000000000000e+00 1.2228869444326218e+00 0
9.3395044292577012e-01 0.0000000000000000e+00 1.3803435006431033e+00 0
9.3395044292577001e-01 0.0000000000000000e+00 1.5599565825508890e+00 0
9.3395044292577012e-01 0.0000000000000000e+00 1.7789486043037837e+00 0
9.3395044292577012e-01 0.0000000000000000e+00 2.0964533652931272e+00 0
9.3395044292577012e-01 0.0000000000000000e+00 2.9348737222754391e+00 0
9.3395044292577012e-01 0.0000000000000000e+00 3.2392731339395495e+00 0
9.3395044292577012e-01 0.0000000000000000e+00 3.4544205451854633e+00 0
9.3395044292577012e-01 0.0000000000000000e+00 3.6323357583068132e+00 0
9.3395044292577012e-01 0.0000000000000000e+00 3.7884351315957692e+00 0
9.3395044292577012e-01 0.0000000000000000e+00 3.9299717013055901e+00 0
9.3395044292577012e-01 0.0000000000000000e+00 4.0609822461774758e+00 0
9.3395044292577012e-01 0.0000000000000000e+00 4.1836322701752904e+00 0
9.3395044292577012e-01 0.0000000000000000e+00 4.3002277589319959e+00 0
9.3395044292577012e-01 0.0000000000000000e+00 4.4114464427540820e+00 0
9.3395044292577012e-01 0.0000000000000000e+00 4.5182079889048925e+00 0
9.3395044292577012e-01 0.0000000000000000e+00 4.6214827412831898e+00 0
9.3395044292577012e-01 0.0000000000000000e+00 4.7214719194891437e+00 0
9.3395044292577012e-01 0.0000000000000000e+00 4.8187119475971816e+00 0
9.3395044292577012e-01 0.0000000000000000e+00 4.9137819516404564e+00 0
9.7000000000000020e-01 0.0000000000000000e+00 9.2926025390625000e-02 0
9.6999999999999997e-01 0.0000000000000000e+00 1.8801855389028788e-01 0
9.7000000000000020e-01 0.0000000000000000e+00 2.8567381700256078e-01 0
9.7000000000000020e-01 0.0000000000000000e+00 3.8595107986722188e-01 0
9.6999999999999997e-01 0.0000000000000000e+00 4.8944613468587411e-01 0
9.6999999999999997e-01 0.0000000000000000e+00 5.9667640388386323e-01 0
9.7000000000000008e-01 0.0000000000000000e+00 7.0834516329464525e-01 0
9.6999999999999986e-01 0.0000000000000000e+00 8.2530218750051343e-01 0
9.6999999999999997e-01 0.0000000000000000e+00 9.4875440247585552e-01 0
9.6999999999999997e-01 0.0000000000000000e+00 1.0805484639675771e+00 0
9.6999999999999997e-01 0.0000000000000000e+00 1.2228869444326218e+00 0
9.6999999999999997e-01 0.0000000000000000e+00 1.3803435006431033e+00 0
9.6999999999999997e-01 0.0000000000000000e+00 1.5599565825508890e+00 0
9.6999999999999997e-01 0.0000000000000000e+00 1.7789486043037837e+00 0
9.7000000000000020e-01 0.0000000000000000e+00 2.0964533652931263e+00 0
9.6999999999999997e-01 0.0000000000000000e+00 2.9348737222754395e+00 0
9.6999999999999997e-01 0.0000000000000000e+00 3.2392731339395517e+00 0
9.6999999999999997e-01 0.0000000000000000e+00 3.4544205451854628e+00 0
9.6999999999999997e-01 0.0000000000000000e+00 3.6323357583068119e+00 0
9.6999999999999997e-01 0.0000000000000000e+00 3.7884351315957696e+00 0
9.6999999999999997e-01 0.0000000000000000e+00 3.9299717013055893e+00 0
9.6999999999999997e-01 0.0000000000000000e+00 4.0609822461774758e+00 0
9.6999999999999997e-01 0.0000000000000000e+00 4.1836322701752886e+00 0
9.6999999999999997e-01 0.0000000000000000e+00 4.3002277589319942e+00 0
9.6999999999999997e-01 0.0000000000000000e+00 4.4114464427540812e+00 0
9.6999999999999997e-01 0.0000000000000000e+00 4.5182079889048898e+00 0
9.6999999999999997e-01 0.0000000000000000e+00 4.6214827412831898e+00 0
9.6999999999999997e-01 0.0000000000000000e+00 4.7214719194891419e+00 0
9.6999999999999997e-01 0.0000000000000000e+00 4.8187119475971834e+00 0
9.6999999999999997e-01 0.0000000000000000e+00 4.9137819516404546e+00 0
9.6999999999999997e-01 1.0000000000000000e+00 9.2926025390625000e-02 0
9.6999999999999997e-01 1.0000000000000000e+00 1.8801855389028788e-01 0
9.6999999999999997e-01 1.0000000000000000e+00 2.8567381700256078e-01 0
9.6999999999999997e-01 1.0000000000000000e+00 3.8595107986722188e-01 0
9.6999999999999997e-01 1.0000000000000000e+00 4.8944613468587422e-01 0
9.6999999999999997e-01 1.0000000000000000e+00 5.9667640388386323e-01 0
9.6999999999999986e-01 1.0000000000000000e+00 7.0834516329464525e-01 0
9.7000000000000008e-01 1.0000000000000000e+00 8.2530218750051343e-01 0
9.6999999999999997e-01 1.0000000000000000e+00 9.4875440247585530e-01 0
9.6999999999999997e-01 1.0000000000000000e+00 1.0805484639675771e+00 0
9.6999999999999997e-01 1.0000000000000000e+00 1.2228869444326218e+00 0
9.6999999999999997e-01 1.0000000000000000e+00 1.3803435006431033e+00 0
9.6999999999999997e-01 1.0000000000000000e+00 1.5599565825508890e+00 0
9.6999999999999997e-01 1.0000000000000000e+00 1.7789486043037837e+00 0
9.6999999999999997e-01 1.0000000000000000e+00 2.0964533652931263e+00 0
9.6999999999999997e-01 1.0000000000000000e+00 2.9348737222754395e+00 0
9.6999999999999997e-01 1.0000000000000000e+00 3.2392731339395509e+00 0
9.6999999999999997e-01 1.0000000000000000e+00 3.4544205451854628e+00 0
9.6999999999999997e-01 1.0000000000000000e+00 3.6323357583068128e+00 0
9.6999999999999997e-01 1.0000000000000000e+00 3.7884351315957696e+00 0
9.6999999999999997e-01 1.0000000000000000e+00 3.9299717013055901e+00 0
9.6999999999999997e-01 1.0000000000000000e+00 4.0609822461774758e+00 0
9.6999999999999997e-01 1.0000000000000000e+00 4.1836322701752904e+00 0
9.6999999999999997e-01 1.0000000000000000e+00 4.3002277589319942e+00 0
9.6999999999999997e-01 1.0000000000000000e+00 4.4114464427540812e+00 0
9.6999999999999997e-01 1.0000000000000000e+00 4.5182079889048916e+00 0
9.6999999999999997e-01 1.0000000000000000e+00 4.6214827412831898e+00 0
9.6999999999999997e-01 1.0000000000000000e+00 4.7214719194891437e+00 0
9.6999999999999997e-01 1.0000000000000000e+00 4.8187119475971816e+00 0
9.6999999999999997e-01 1.0000000000000000e+00 4.9137819516404564e+00 0
9.3395044292577012e-01 1.0000000000000000e+00 9.2926025390625014e-02 0
9.3395044292577012e-01 1.0000000000000000e+00 1.8801855389028785e-01 0
9.3395044292577012e-01 1.0000000000000000e+00 2.8567381700256078e-01 0
9.3395044292577001e-01 1.0000000000000000e+00 3.8595107986722188e-01 0
9.3395044292577012e-01 1.0000000000000000e+00 4.8944613468587428e-01 0
9.3395044292577023e-01 1.0000000000000000e+00 5.9667640388386323e-01 0
9.3395044292577012e-01 1.0000000000000000e+00 7.0834516329464536e-01 0
9.3395044292577012e-01 1.0000000000000000e+00 8.2530218750051332e-01 0
9.3395044292577012e-01 1.0000000000000000e+00 9.4875440247585496e-01 0
9.3395044292577012e-01 1.0000000000000000e+00 1.0805484639675773e+00 0
9.3395044292577012e-01 1.0000000000000000e+00 1.2228869444326218e+00 0
9.3395044292577012e-01 1.0000000000000000e+00 1.3803435006431033e+00 0
9.3395044292577001e-01 1.0000000000000000e+00 1.5599565825508890e+00 0
9.3395044292577012e-01 1.0000000000000000e+00 1.7789486043037837e+00 0
9.3395044292577012e-01 1.0000000000000000e+00 2.0964533652931263e+00 0
9.3395044292577012e-01 1.0000000000000000e+00 2.9348737222754391e+00 0
9.3395044292577012e-01 1.0000000000000000e+00 3.2392731339395504e+00 0
9.3395044292577012e-01 1.0000000000000000e+00 3.4544205451854633e+00 0
9.3395044292577012e-01 1.0000000000000000e+00 3.6323357583068132e+00 0
9.3395044292577012e-01 1.0000000000000000e+00 3.7884351315957692e+00 0
9.3395044292577012e-01 1.0000000000000000e+00 3.9299717013055901e+00 0
9.3395044292577012e-01 1.0000000000000000e+00 4.0609822461774758e+00 0
9.3395044292577012e-01 1.0000000000000000e+00 4.1836322701752904e+00 0
9.3395044292577012e-01 1.0000000000000000e+00 4.3002277589319942e+00 0
9.3395044292577012e-01 1.0000000000000000e+00 4.4114464427540820e+00 0
9.3395044292577012e-01 1.0000000000000000e+00 4.5182079889048943e+00 0
9.3395044292577012e-01 1.0000000000000000e+00 4.6214827412831898e+00 0
9.3395044292577012e-01 1.0000000000000000e+00 4.7214719194891437e+00 0
9.3395044292577012e-01 1.0000000000000000e+00 4.8187119475971816e+00 0
9.3395044292577012e-01 1.0000000000000000e+00 4.9137819516404564e+00 0
8.9016752405376876e-01 1.0000000000000000e+00 9.2926025390625000e-02 0
8.9016752405376876e-01 1.0000000000000000e+00 1.8801855389028788e-01 0
8.9016752405376876e-01 1.0000000000000000e+00 2.8567381700256078e-01 0
8.9016752405376876e-01 1.0000000000000000e+00 3.8595107986722194e-01 0
8.9016752405376887e-01 1.0000000000000000e+00 4.8944613468587411e-01 0
8.9016752405376876e-01 1.0000000000000000e+00 5.9667640388386323e-01 0
8.9016752405376876e-01 1.0000000000000000e+00 7.0834516329464536e-01 0
8.9016752405376876e-01 1.0000000000000000e+00 8.2530218750051332e-01 0
8.9016752405376876e-01 1.0000000000000000e+00 9.4875440247585519e-01 0
8.9016752405376876e-01 1.0000000000000000e+00 1.0805484639675771e+00 0
8.9016752405376876e-01 1.0000000000000000e+00 1.2228869444326218e+00 0
8.9016752405376876e-01 1.0000000000000000e+00 1.3803435006431033e+00 0
8.9016752405376876e-01 1.0000000000000000e+00 1.5599565825508890e+00 0
8.9016752405376876e-01 1.0000000000000000e+00 1.7789486043037837e+00 0
8.9016752405376876e-01 1.0000000000000000e+00 2.0964533652931263e+00 0
8.9016752405376876e-01 1.0000000000000000e+00 2.9348737222754391e+00 0
8.9016752405376876e-01 1.0000000000000000e+00 3.2392731339395509e+00 0
8.9016752405376876e-01 1.0000000000000000e+00 3.4544205451854633e+00 0
8.9016752405376876e-01 1.0000000000000000e+00 3.6323357583068132e+00 0
8.9016752405376876e-01 1.0000000000000000e+00 3.7884351315957687e+00 0
8.9016752405376876e-01 1.0000000000000000e+00 3.9299717013055897e+00 0
8.9016752405376876e-01 1.0000000000000000e+00 4.0609822461774758e+00 0
8.9016752405376876e-01 1.0000000000000000e+00 4.1836322701752904e+00 0
8.9016752405376876e-01 1.0000000000000000e+00 4.3002277589319942e+00 0
8.9016752405376876e-01 1.0000000000000000e+00 4.4114464427540820e+00 0
8.9016752405376876e-01 1.0000000000000000e+00 4.5182079889048925e+00 0
8.9016752405376876e-01 1.0000000000000000e+00 4.6214827412831898e+00 0
8.9016752405376876e-01 1.0000000000000000e+00 4.7214719194891437e+00 0
8.9016752405376876e-01 1.0000000000000000e+00 4.8187119475971816e+00 0
8.9016752405376876e-01 1.0000000000000000e+00 4.9137819516404564e+00 0
8.3719950203504112e-01 1.0000000000000000e+00 9.2926025390625000e-02 0
8.3719950203504112e-01 1.0000000000000000e+00 1.8801855389028788e-01 0
8.3719950203504112e-01 1.0000000000000000e+00 2.8567381700256078e-01 0
8.3719950203504112e-01 1.0000000000000000e+00 3.8595107986722194e-01 0
8.3719950203504112e-01 1.0000000000000000e+00 4.8944613468587395e-01 0
8.3719950203504112e-01 1.0000000000000000e+00 5.9667640388386323e-01 0
8.3719950203504112e-01 1.0000000000000000e+00 7.0834516329464536e-01 0
8.3719950203504112e-01 1.0000000000000000e+00 8.2530218750051332e-01 0
8.3719950203504112e-01 1.0000000000000000e+00 9.4875440247585530e-01 0
8.3719950203504112e-01 1.0000000000000000e+00 1.0805484639675771e+00 0
8.3719950203504112e-01 1.0000000000000000e+00 1.2228869444326218e+00 0
8.3719950203504112e-01 1.0000000000000000e+00 1.3803435006431033e+00 0
8.3719950203504112e-01 1.0000000000000000e+00 1.5599565825508890e+00 0
8.3719950203504112e-01 1.0000000000000000e+00 1.7789486043037837e+00 0
8.3719950203504112e-01 1.0000000000000000e+00 2.0964533652931263e+00 0
8.3719950203504112e-01 1.0000000000000000e+00 2.9348737222754391e+00 0
8.3719950203504112e-01 1.0000000000000000e+00 3.2392731339395513e+00 0
8.3719950203504112e-01 1.0000000000000000e+00 3.4544205451854633e+00 0
8.3719950203504112e-01 1.0000000000000000e+00 3.6323357583068132e+00 0
8.3719950203504112e-01 1.0000000000000000e+00 3.7884351315957692e+00 0
8.3719950203504112e-01 1.0000000000000000e+00 3.9299717013055897e+00 0
8.3719950203504112e-01 1.0000000000000000e+00 4.0609822461774758e+00 0
8.3719950203504112e-01 1.0000000000000000e+00 4.1836322701752904e+00 0
8.3719950203504112e-01 1.0000000000000000e+00 4.3002277589319942e+00 0
8.3719950203504112e-01 1.0000000000000000e+00 4.4114464427540820e+00 0
8.3719950203504112e-01 1.0000000000000000e+00 4.5182079889048916e+00 0
8.3719950203504112e-01 1.0000000000000000e+00 4.6214827412831898e+00 0
8.3719950203504112e-01 1.0000000000000000e+00 4.7214719194891437e+00 0
8.3719950203504112e-01 1.0000000000000000e+00 4.8187119475971816e+00 0
8.3719950203504112e-01 1.0000000000000000e+00 4.9137819516404555e+00 0
7.7315038155164939e-01 1.0000000000000000e+00 9.2926025390625000e-02 0
7.7315038155164939e-01 1.0000000000000000e+00 1.8801855389028788e-01 0
7.7315038155164939e-01 1.0000000000000000e+00 2.8567381700256078e-01 0
7.7315038155164928e-01 1.0000000000000000e+00 3.8595107986722194e-01 0
7.7315038155164939e-01 1.0000000000000000e+00 4.8944613468587411e-01 0
7.7315038155164939e-01 1.0000000000000000e+00 5.9667640388386323e-01 0
7.7315038155164928e-01 1.0000000000000000e+00 7.0834516329464536e-01 0
7.7315038155164939e-01 1.0000000000000000e+00 8.2530218750051332e-01 0
7.7315038155164939e-01 1.0000000000000000e+00 9.4875440247585519e-01 0
7.7315038155164939e-01 1.0000000000000000e+00 1.0805484639675771e+00 0
7.7315038155164939e-01 1.0000000000000000e+00 1.2228869444326218e+00 0
7.7315038155164928e-01 1.0000000000000000e+00 1.3803435006431033e+00 0
7.7315038155164939e-01 1.0000000000000000e+00 1.5599565825508890e+00 0
7.7315038155164939e-01 1.0000000000000000e+00 1.7789486043037839e+00 0
7.7315038155164939e-01 1.0000000000000000e+00 2.0964533652931263e+00 0
7.7315038155164939e-01 1.0000000000000000e+00 2.9348737222754395e+00 0
7.7315038155164939e-01 1.0000000000000000e+00 3.2392731339395509e+00 0
7.7315038155164939e-01 1.0000000000000000e+00 3.4544205451854628e+00 0
7.7315038155164939e-01 1.0000000000000000e+00 3.6323357583068132e+00 0
7.7315038155164939e-01 1.0000000000000000e+00 3.7884351315957692e+00 0
7.7315038155164939e-01 1.0000000000000000e+00 3.9299717013055897e+00 0
7.7315038155164939e-01 1.0000000000000000e+00 4.0609822461774758e+00 0
7.7315038155164939e-01 1.0000000000000000e+00 4.1836322701752904e+00 0
7.7315038155164939e-01 1.0000000000000000e+00 4.3002277589319942e+00 0
7.7315038155164939e-01 1.0000000000000000e+00 4.4114464427540812e+00 0
7.7315038155164939e-01 1.0000000000000000e+00 4.5182079889048916e+00 0
7.7315038155164939e-01 1.0000000000000000e+00 4.6214827412831898e+00 0
7.7315038155164939e-01 1.0000000000000000e+00 4.7214719194891437e+00 0
7.7315038155164939e-01 1.0000000000000000e+00 4.8187119475971816e+00 0
7.7315038155164939e-01 1.0000000000000000e+00 4.9137819516404564e+00 0
6.9574752138280138e-01 1.0000000000000000e+00 9.2926025390625014e-02 0
6.9574752138280138e-01 1.0000000000000000e+00 1.8801855389028788e-01 0
6.9574752138280138e-01 1.0000000000000000e+00 2.8567381700256078e-01 0
6.9574752138280138e-01 1.0000000000000000e+00 3.8595107986722182e-01 0
6.9574752138280138e-01 1.0000000000000000e+00 4.8944613468587395e-01 0
6.9574752138280138e-01 1.0000000000000000e+00 5.9667640388386323e-01 0
6.9574752138280149e-01 1.0000000000000000e+00 7.0834516329464536e-01 0
6.9574752138280138e-01 1.0000000000000000e+00 8.2530218750051343e-01 0
6.9574752138280138e-01 1.0000000000000000e+00 9.4875440247585552e-01 0
6.9574752138280127e-01 1.0000000000000000e+00 1.0805484639675771e+00 0
6.9574752138280149e-01 1.0000000000000000e+00 1.2228869444326218e+00 0
6.9574752138280138e-01 1.0000000000000000e+00 1.3803435006431033e+00 0
6.9574752138280149e-01 1.0000000000000000e+00 1.5599565825508890e+00 0
6.9574752138280138e-01 1.0000000000000000e+00 1.7789486043037837e+00 0
6.9574752138280138e-01 1.0000000000000000e+00 2.0964533652931263e+00 0
6.9574752138280138e-01 1.0000000000000000e+00 2.9348737222754391e+00 0
6.9574752138280138e-01 1.0000000000000000e+00 3.2392731339395509e+00 0
6.9574752138280138e-01 1.0000000000000000e+00 3.4544205451854633e+00 0
6.9574752138280127e-01 1.0000000000000000e+00 3.6323357583068132e+00 0
6.9574752138280138e-01 1.0000000000000000e+00 3.7884351315957696e+00 0
6.9574752138280138e-01 1.0000000000000000e+00 3.9299717013055897e+00 0
6.9574752138280127e-01 1.0000000000000000e+00 4.0609822461774758e+00 0
6.9574752138280138e-01 1.0000000000000000e+00 4.1836322701752904e+00 0
6.9574752138280138e-01 1.0000000000000000e+00 4.3002277589319942e+00 0
6.9574752138280138e-01 1.0000000000000000e+00 4.4114464427540812e+00 0
6.9574752138280138e-01 1.0000000000000000e+00 4.5182079889048916e+00 0
6.9574752138280149e-01 1.0000000000000000e+00 4.6214827412831898e+00 0
6.9574752138280138e-01 1.0000000000000000e+00 4.7214719194891437e+00 0
6.9574752138280127e-01 1.0000000000000000e+00 4.8187119475971816e+00 0
6.9574752138280138e-01 1.0000000000000000e+00 4.9137819516404564e+00 0
6.0227394021057989e-01 1.0000000000000000e+00 9.2926025390625000e-02 0
6.0227394021057989e-01 1.0000000000000000e+00 1.8801855389028788e-01 0
6.0227394021057989e-01 1.0000000000000000e+00 2.8567381700256078e-01 0
6.0227394021057978e-01 1.0000000000000000e+00 3.8595107986722194e-01 0
6.0227394021057989e-01 1.0000000000000000e+00 4.8944613468587417e-01 0
6.0227394021057989e-01 1.0000000000000000e+00 5.9667640388386323e-01 0
6.0227394021057978e-01 1.0000000000000000e+00 7.0834516329464536e-01 0
6.0227394021057989e-01 1.0000000000000000e+00 8.2530218750051332e-01 0
6.0227394021057989e-01 1.0000000000000000e+00 9.4875440247585530e-01 0
6.0227394021057989e-01 1.0000000000000000e+00 1.0805484639675771e+00 0
6.0227394021057989e-01 1.0000000000000000e+00 1.2228869444326218e+00 0
6.0227394021057989e-01 1.0000000000000000e+00 1.3803435006431033e+00 0
6.0227394021057989e-01 1.0000000000000000e+00 1.5599565825508890e+00 0
6.0227394021057989e-01 1.0000000000000000e+00 1.7789486043037837e+00 0
6.0227394021057989e-01 1.0000000000000000e+00 2.0964533652931263e+00 0
6.0227394021057989e-01 1.0000000000000000e+00 2.9348737222754391e+00 0
6.0227394021057989e-01 1.0000000000000000e+00 3.2392731339395509e+00 0
6.0227394021057989e-01 1.0000000000000000e+00 3.4544205451854628e+00 0
6.0227394021057989e-01 1.0000000000000000e+00 3.6323357583068132e+00 0
6.0227394021057989e-01 1.0000000000000000e+00 3.7884351315957696e+00 0
6.0227394021057989e-01 1.0000000000000000e+00 3.9299717013055897e+00 0
6.0227394021057989e-01 1.0000000000000000e+00 4.0609822461774758e+00 0
6.0227394021057989e-01 1.0000000000000000e+00 4.1836322701752904e+00 0
6.0227394021057989e-01 1.0000000000000000e+00 4.3002277589319942e+00 0
6.0227394021057989e-01 1.0000000000000000e+00 4.4114464427540820e+00 0
6.0227394021057989e-01 1.0000000000000000e+00 4.5182079889048925e+00 0
6.0227394021057989e-01 1.0000000000000000e+00 4.6214827412831898e+00 0
6.0227394021057989e-01 1.0000000000000000e+00 4.7214719194891437e+00 0
6.0227394021057989e-01 1.0000000000000000e+00 4.8187119475971816e+00 0
6.0227394021057989e-01 1.0000000000000000e+00 4.9137819516404564e+00 0
4.8949204057623086e-01 1.0000000000000000e+00 9.2926025390625000e-02 0
4.8949204057623086e-01 1.0000000000000000e+00 1.8801855389028788e-01 0
4.8949204057623086e-01 1.0000000000000000e+00 2.8567381700256078e-01 0
4.8949204057623086e-01 1.0000000000000000e+00 3.8595107986722194e-01 0
4.8949204057623086e-01 1.0000000000000000e+00 4.8944613468587411e-01 0
4.8949204057623086e-01 1.0000000000000000e+00 5.9667640388386323e-01 0
4.8949204057623086e-01 1.0000000000000000e+00 7.0834516329464536e-01 0
4.8949204057623086e-01 1.0000000000000000e+00 8.2530218750051332e-01 0
4.8949204057623086e-01 1.0000000000000000e+00 9.4875440247585541e-01 0
4.8949204057623086e-01 1.0000000000000000e+00 1.0805484639675771e+00 0
4.8949204057623097e-01 1.0000000000000000e+00 1.2228869444326218e+00 0
4.8949204057623097e-01 1.0000000000000000e+00 1.3803435006431033e+00 0
4.8949204057623097e-01 1.0000000000000000e+00 1.5599565825508890e+00 0
4.8949204057623086e-01 1.0000000000000000e+00 1.7789486043037837e+00 0
4.8949204057623086e-01 1.0000000000000000e+00 2.0964533652931263e+00 0
4.8949204057623086e-01 1.0000000000000000e+00 2.9348737222754391e+00 0
4.8949204057623086e-01 1.0000000000000000e+00 3.2392731339395509e+00 0
4.8949204057623086e-01 1.0000000000000000e+00 3.4544205451854628e+00 0
4.8949204057623086e-01 1.0000000000000000e+00 3.6323357583068132e+00 0
4.8949204057623086e-01 1.0000000000000000e+00 3.7884351315957696e+00 0
4.8949204057623086e-01 1.0000000000000000e+00 3.9299717013055897e+00 0
4.8949204057623097e-01 1.0000000000000000e+00 4.0609822461774758e+00 0
4.8949204057623086e-01 1.0000000000000000e+00 4.1836322701752904e+00 0
4.8949204057623097e-01 1.0000000000000000e+00 4.3002277589319942e+00 0
4.8949204057623086e-01 1.0000000000000000e+00 4.4114464427540820e+00 0
4.8949204057623086e-01 1.0000000000000000e+00 4.5182079889048916e+00 0
4.8949204057623086e-01 1.0000000000000000e+00 4.6214827412831898e+00 0
4.8949204057623086e-01 1.0000000000000000e+00 4.7214719194891437e+00 0
4.8949204057623086e-01 1.0000000000000000e+00 4.8187119475971816e+00 0
4.8949204057623086e-01 1.0000000000000000e+00 4.9137819516404564e+00 0
3.5355965573916825e-01 1.0000000000000000e+00 9.2926025390625000e-02 0
3.5355965573916825e-01 1.0000000000000000e+00 1.8801855389028788e-01 0
3.5355965573916825e-01 1.0000000000000000e+00 2.8567381700256078e-01 0
3.5355965573916825e-01 1.0000000000000000e+00 3.8595107986722194e-01 0
3.5355965573916825e-01 1.0000000000000000e+00 4.8944613468587417e-01 0
3.5355965573916825e-01 1.0000000000000000e+00 5.9667640388386323e-01 0
3.5355965573916825e-01 1.0000000000000000e+00 7.0834516329464536e-01 0
3.5355965573916825e-01 1.0000000000000000e+00 8.2530218750051332e-01 0
3.5355965573916825e-01 1.0000000000000000e+00 9.4875440247585541e-01 0
3.5355965573916825e-01 1.0000000000000000e+00 1.0805484639675771e+00 0
3.5355965573916825e-01 1.0000000000000000e+00 1.2228869444326218e+00 0
3.5355965573916825e-01 1.0000000000000000e+00 1.3803435006431037e+00 0
3.5355965573916837e-01 1.0000000000000000e+00 1.5599565825508885e+00 0
3.5355965573916825e-01 1.0000000000000000e+00 1.7789486043037837e+00 0
3.5355965573916837e-01 1.0000000000000000e+00 2.0964533652931259e+00 0
3.5355965573916825e-01 1.0000000000000000e+00 2.9348737222754391e+00 0
3.5355965573916825e-01 1.0000000000000000e+00 3.2392731339395509e+00 0
3.5355965573916825e-01 1.0000000000000000e+00 3.4544205451854628e+00 0
3.5355965573916825e-01 1.0000000000000000e+00 3.6323357583068123e+00 0
3.5355965573916825e-01 1.0000000000000000e+00 3.7884351315957696e+00 0
3.5355965573916837e-01 1.0000000000000000e+00 3.9299717013055897e+00 0
3.5355965573916825e-01 1.0000000000000000e+00 4.0609822461774758e+00 0
3.5355965573916825e-01 1.0000000000000000e+00 4.1836322701752904e+00 0
3.5355965573916825e-01 1.0000000000000000e+00 4.3002277589319942e+00 0
3.5355965573916825e-01 1.0000000000000000e+00 4.4114464427540820e+00 0
3.5355965573916825e-01 1.0000000000000000e+00 4.5182079889048925e+00 0
3.5355965573916825e-01 1.0000000000000000e+00 4.6214827412831898e+00 0
3.5355965573916825e-01 1.0000000000000000e+00 4.7214719194891437e+00 0
3.5355965573916825e-01 1.0000000000000000e+00 4.8187119475971816e+00 0
3.5355965573916825e-01 1.0000000000000000e+00 4.9137819516404582e+00 0
2.0000000000000001e-01 1.0000000000000000e+00 9.2926025390625000e-02 0
2.0000000000000001e-01 1.0000000000000000e+00 1.8801855389028788e-01 0
2.0000000000000001e-01 1.0000000000000000e+00 2.8567381700256078e-01 0
2.0000000000000007e-01 1.0000000000000000e+00 3.8595107986722182e-01 0
2.0000000000000001e-01 1.0000000000000000e+00 4.8944613468587411e-01 0
2.0000000000000001e-01 1.0000000000000000e+00 5.9667640388386323e-01 0
2.0000000000000007e-01 1.0000000000000000e+00 7.0834516329464536e-01 0
2.0000000000000001e-01 1.0000000000000000e+00 8.2530218750051332e-01 0
2.0000000000000001e-01 1.0000000000000000e+00 9.4875440247585552e-01 0
2.0000000000000001e-01 1.0000000000000000e+00 1.0805484639675771e+00 0
2.0000000000000001e-01 1.0000000000000000e+00 1.2228869444326218e+00 0
1.9999999999999998e-01 1.0000000000000000e+00 1.3803435006431033e+00 0
2.0000000000000007e-01 1.0000000000000000e+00 1.5599565825508890e+00 0
2.0000000000000004e-01 1.0000000000000000e+00 1.7789486043037837e+00 0
2.0000000000000001e-01 1.0000000000000000e+00 2.0964533652931263e+00 0
2.0000000000000001e-01 1.0000000000000000e+00 2.9348737222754391e+00 0
2.0000000000000001e-01 1.0000000000000000e+00 3.2392731339395509e+00 0
2.0000000000000001e-01 1.0000000000000000e+00 3.4544205451854633e+00 0
2.0000000000000001e-01 1.0000000000000000e+00 3.6323357583068128e+00 0
2.0000000000000001e-01 1.0000000000000000e+00 3.7884351315957696e+00 0
2.0000000000000001e-01 1.0000000000000000e+00 3.9299717013055897e+00 0
2.0000000000000001e-01 1.0000000000000000e+00 4.0609822461774758e+00 0
2.0000000000000001e-01 1.0000000000000000e+00 4.1836322701752904e+00 0
2.0000000000000001e-01 1.0000000000000000e+00 4.3002277589319942e+00 0
2.0000000000000001e-01 1.0000000000000000e+00 4.4114464427540820e+00 0
2.0000000000000001e-01 1.0000000000000000e+00 4.5182079889048934e+00 0
2.0000000000000001e-01 1.0000000000000000e+00 4.6214827412831898e+00 0
2.0000000000000001e-01 1.0000000000000000e+00 4.7214719194891437e+00 0
2.0000000000000001e-01 1.0000000000000000e+00 4.8187119475971816e+00 0
2.0000000000000001e-01 1.0000000000000000e+00 4.9137819516404582e+00 0
2.0000000000000007e-01 2.0000000000000007e-01 4.9137819516404573e+00 0
3.5355965573916848e-01 2.0000000000000007e-01 4.9137819516404573e+00 0
4.8949204057623086e-01 1.9999999999999996e-01 4.9137819516404555e+00 0
6.0227394021057989e-01 2.0000000000000007e-01 4.9137819516404573e+00 0
6.9574752138280127e-01 2.0000000000000007e-01 4.9137819516404573e+00 0
7.7315038155164917e-01 2.0000000000000007e-01 4.9137819516404573e+00 0
8.3719950203504112e-01 1.9999999999999996e-01 4.9137819516404573e+00 0
8.9016752405376920e-01 2.0000000000000007e-01 4.9137819516404591e+00 0
9.3395044292577012e-01 2.0000000000000007e-01 4.9137819516404573e+00 0
9.6999999999999975e-01 1.9999999999999996e-01 4.9137819516404555e+00 0
2.0000000000000007e-01 3.5355965573916825e-01 4.9137819516404573e+00 0
3.5355965573916825e-01 3.5355965573916803e-01 4.9137819516404573e+00 0
4.8949204057623086e-01 3.5355965573916848e-01 4.9137819516404555e+00 0
6.0227394021058012e-01 3.5355965573916803e-01 4.9137819516404573e+00 0
6.9574752138280171e-01 3.5355965573916848e-01 4.9137819516404573e+00 0
7.7315038155164917e-01 3.5355965573916848e-01 4.9137819516404573e+00 0
8.3719950203504112e-01 3.5355965573916825e-01 4.9137819516404520e+00 0
8.9016752405376920e-01 3.5355965573916825e-01 4.9137819516404555e+00 0
9.3395044292576967e-01 3.5355965573916825e-01 4.9137819516404555e+00 0
9.7000000000000020e-01 3.5355965573916825e-01 4.9137819516404555e+00 0
1.9999999999999996e-01 4.8949204057623064e-01 4.9137819516404537e+00 0
3.5355965573916825e-01 4.8949204057623086e-01 4.9137819516404555e+00 0
4.8949204057623108e-01 4.8949204057623086e-01 4.9137819516404555e+00 0
6.0227394021057989e-01 4.8949204057623108e-01 4.9137819516404555e+00 0
6.9574752138280127e-01 4.8949204057623108e-01 4.9137819516404555e+00 0
7.7315038155164961e-01 4.8949204057623130e-01 4.9137819516404555e+00 0
8.3719950203504112e-01 4.8949204057623108e-01 4.9137819516404555e+00 0
8.9016752405376876e-01 4.8949204057623108e-01 4.9137819516404555e+00 0
9.3395044292577012e-01 4.8949204057623108e-01 4.9137819516404555e+00 0
9.7000000000000020e-01 4.8949204057623086e-01 4.9137819516404555e+00 0
1.9999999999999996e-01 6.0227394021057989e-01 4.9137819516404573e+00 0
3.5355965573916848e-01 6.0227394021057989e-01 4.9137819516404573e+00 0
4.8949204057623086e-01 6.0227394021057989e-01 4.9137819516404537e+00 0
6.0227394021057989e-01 6.0227394021057989e-01 4.9137819516404555e+00 0
6.9574752138280171e-01 6.0227394021057989e-01 4.9137819516404555e+00 0
7.7315038155164917e-01 6.0227394021057989e-01 4.9137819516404555e+00 0
8.3719950203504112e-01 6.0227394021058012e-01 4.9137819516404555e+00 0
8.9016752405376876e-01 6.0227394021057989e-01 4.9137819516404573e+00 0
9.3395044292577012e-01 6.0227394021057989e-01 4.9137819516404555e+00 0
9.6999999999999975e-01 6.0227394021057989e-01 4.9137819516404555e+00 0
1.9999999999999996e-01 6.9574752138280171e-01 4.9137819516404573e+00 0
3.5355965573916825e-01 6.9574752138280216e-01 4.9137819516404573e+00 0
4.8949204057623086e-01 6.9574752138280127e-01 4.9137819516404573e+00 0
6.0227394021057989e-01 6.9574752138280171e-01 4.9137819516404555e+00 0
6.9574752138280171e-01 6.9574752138280127e-01 4.9137819516404573e+00 0
7.7315038155164917e-01 6.9574752138280127e-01 4.9137819516404555e+00 0
8.3719950203504112e-01 6.9574752138280127e-01 4.9137819516404555e+00 0
8.9016752405376876e-01 6.9574752138280127e-01 4.9137819516404573e+00 0
9.3395044292577012e-01 6.9574752138280127e-01 4.9137819516404555e+00 0
9.6999999999999975e-01 6.9574752138280127e-01 4.9137819516404555e+00 0
1.9999999999999996e-01 7.7315038155164917e-01 4.9137819516404573e+00 0
3.5355965573916848e-01 7.7315038155164917e-01 4.9137819516404573e+00 0
4.8949204057623086e-01 7.7315038155164961e-01 4.9137819516404573e+00 0
6.0227394021057989e-01 7.7315038155164917e-01 4.9137819516404555e+00 0
6.9574752138280171e-01 7.7315038155164917e-01 4.9137819516404555e+00 0
7.7315038155164917e-01 7.7315038155164917e-01 4.9137819516404555e+00 0
8.3719950203504112e-01 7.7315038155164961e-01 4.9137819516404537e+00 0
8.9016752405376876e-01 7.7315038155164917e-01 4.9137819516404573e+00 0
9.3395044292577012e-01 7.7315038155164917e-01 4.9137819516404555e+00 0
9.6999999999999975e-01 7.7315038155164961e-01 4.9137819516404555e+00 0
1.9999999999999996e-01 8.3719950203504112e-01 4.9137819516404537e+00 0
3.5355965573916848e-01 8.3719950203504112e-01 4.9137819516404555e+00 0
4.8949204057623086e-01 8.3719950203504112e-01 4.9137819516404555e+00 0
6.0227394021057989e-01 8.3719950203504112e-01 4.9137819516404555e+00 0
6.9574752138280127e-01 8.3719950203504112e-01 4.9137819516404555e+00 0
7.7315038155164961e-01 8.3719950203504112e-01 4.9137819516404555e+00 0
8.3719950203504112e-01 8.3719950203504112e-01 4.9137819516404555e+00 0
8.9016752405376876e-01 8.3719950203504112e-01 4.9137819516404555e+00 0
9.3395044292577012e-01 8.3719950203504112e-01 4.9137819516404555e+00 0
9.7000000000000020e-01 8.3719950203504112e-01 4.9137819516404555e+00 0
1.9999999999999996e-01 8.9016752405376876e-01 4.9137819516404573e+00 0
3.5355965573916825e-01 8.9016752405376964e-01 4.9137819516404573e+00 0
4.8949204057623086e-01 8.9016752405376876e-01 4.9137819516404573e+00 0
6.0227394021057989e-01 8.9016752405376876e-01 4.9137819516404555e+00 0
6.9574752138280171e-01 8.9016752405376876e-01 4.9137819516404573e+00 0
7.7315038155164917e-01 8.9016752405376876e-01 4.9137819516404555e+00 0
8.3719950203504112e-01 8.9016752405376876e-01 4.9137819516404555e+00 0
8.9016752405376876e-01 8.9016752405376876e-01 4.9137819516404573e+00 0
9.3395044292577012e-01 8.9016752405376876e-01 4.9137819516404555e+00 0
9.6999999999999975e-01 8.9016752405376876e-01 4.9137819516404573e+00 0
1.9999999999999996e-01 9.3395044292577012e-01 4.9137819516404573e+00 0
3.5355965573916825e-01 9.3395044292577012e-01 4.9137819516404573e+00 0
4.8949204057623064e-01 9.3395044292577012e-01 4.9137819516404573e+00 0
6.0227394021057989e-01 9.3395044292577012e-01 4.9137819516404555e+00 0
6.9574752138280171e-01 9.3395044292577012e-01 4.9137819516404573e+00 0
7.7315038155164917e-01 9.3395044292577012e-01 4.9137819516404555e+00 0
8.3719950203504112e-01 9.3395044292577012e-01 4.9137819516404555e+00 0
8.9016752405376876e-01 9.3395044292577012e-01 4.9137819516404573e+00 0
9.3395044292577012e-01 9.3395044292577012e-01 4.9137819516404555e+00 0
9.6999999999999975e-01 9.3395044292577056e-01 4.9137819516404573e+00 0
2.0000000000000007e-01 9.7000000000000020e-01 4.9137819516404573e+00 0
3.5355965573916825e-01 9.7000000000000064e-01 4.9137819516404573e+00 0
4.8949204057623086e-01 9.7000000000000020e-01 4.9137819516404573e+00 0
6.0227394021057989e-01 9.7000000000000020e-01 4.9137819516404555e+00 0
6.9574752138280171e-01 9.6999999999999975e-01 4.9137819516404555e+00 0
7.7315038155164917e-01 9.6999999999999975e-01 4.9137819516404555e+00 0
8.3719950203504112e-01 9.6999999999999975e-01 4.9137819516404555e+00 0
8.9016752405376876e-01 9.6999999999999975e-01 4.9137819516404573e+00 0
9.3395044292577012e-01 9.6999999999999975e-01 4.9137819516404555e+00 0
9.6999999999999975e-01 9.6999999999999975e-01 4.9137819516404573e+00 0
1.9999999999999996e-01 2.0000000000000018e-01 4.8187119475971816e+00 0
3.5355965573916848e-01 1.9999999999999996e-01 4.8187119475971798e+00 0
4.8949204057623086e-01 1.9999999999999996e-01 4.8187119475971816e+00 0
6.0227394021058034e-01 1.9999999999999996e-01 4.8187119475971834e+00 0
6.9574752138280127e-01 1.9999999999999996e-01 4.8187119475971798e+00 0
7.7315038155164917e-01 1.9999999999999996e-01 4.8187119475971798e+00 0
8.3719950203504112e-01 2.0000000000000007e-01 4.8187119475971798e+00 0
8.9016752405376876e-01 1.9999999999999996e-01 4.8187119475971798e+00 0
9.3395044292577012e-01 1.9999999999999996e-01 4.8187119475971798e+00 0
9.7000000000000020e-01 1.9999999999999996e-01 4.8187119475971851e+00 0
2.0000000000000007e-01 3.5355965573916848e-01 4.8187119475971816e+00 0
3.5355965573916848e-01 3.5355965573916825e-01 4.8187119475971780e+00 0
4.8949204057623108e-01 3.5355965573916848e-01 4.8187119475971816e+00 0
6.0227394021057989e-01 3.5355965573916825e-01 4.8187119475971816e+00 0
6.9574752138280171e-01 3.5355965573916825e-01 4.8187119475971816e+00 0
7.7315038155164917e-01 3.5355965573916825e-01 4.8187119475971816e+00 0
8.3719950203504112e-01 3.5355965573916825e-01 4.8187119475971816e+00 0
8.9016752405376876e-01 3.5355965573916825e-01 4.8187119475971816e+00 0
9.3395044292576967e-01 3.5355965573916848e-01 4.8187119475971798e+00 0
9.6999999999999975e-01 3.5355965573916848e-01 4.8187119475971798e+00 0
1.9999999999999996e-01 4.8949204057623086e-01 4.8187119475971816e+00 0
3.5355965573916825e-01 4.8949204057623108e-01 4.8187119475971816e+00 0
4.8949204057623086e-01 4.8949204057623086e-01 4.8187119475971816e+00 0
6.0227394021057989e-01 4.8949204057623086e-01 4.8187119475971816e+00 0
6.9574752138280127e-01 4.8949204057623086e-01 4.8187119475971816e+00 0
7.7315038155164917e-01 4.8949204057623064e-01 4.8187119475971816e+00 0
8.3719950203504112e-01 4.8949204057623086e-01 4.8187119475971816e+00 0
8.9016752405376876e-01 4.8949204057623086e-01 4.8187119475971816e+00 0
9.3395044292577012e-01 4.8949204057623086e-01 4.8187119475971798e+00 0
9.7000000000000020e-01 4.8949204057623086e-01 4.8187119475971834e+00 0
1.9999999999999996e-01 6.0227394021057989e-01 4.8187119475971816e+00 0
3.5355965573916803e-01 6.0227394021058034e-01 4.8187119475971816e+00 0
4.8949204057623086e-01 6.0227394021057989e-01 4.8187119475971834e+00 0
6.0227394021057989e-01 6.0227394021057989e-01 4.8187119475971816e+00 0
6.9574752138280127e-01 6.0227394021057989e-01 4.8187119475971816e+00 0
7.7315038155164917e-01 6.0227394021057989e-01 4.8187119475971816e+00 0
8.3719950203504112e-01 6.0227394021057989e-01 4.8187119475971816e+00 0
8.9016752405376876e-01 6.0227394021057989e-01 4.8187119475971816e+00 0
9.3395044292577012e-01 6.0227394021057989e-01 4.8187119475971798e+00 0
9.7000000000000020e-01 6.0227394021058034e-01 4.8187119475971834e+00 0
1.9999999999999996e-01 6.9574752138280171e-01 4.8187119475971816e+00 0
3.5355965573916848e-01 6.9574752138280171e-01 4.8187119475971816e+00 0
4.8949204057623086e-01 6.9574752138280127e-01 4.8187119475971816e+00 0
6.0227394021057989e-01 6.9574752138280127e-01 4.8187119475971816e+00 0
6.9574752138280083e-01 6.9574752138280127e-01 4.8187119475971816e+00 0
7.7315038155164917e-01 6.9574752138280127e-01 4.8187119475971816e+00 0
8.3719950203504112e-01 6.9574752138280127e-01 4.8187119475971816e+00 0
8.9016752405376831e-01 6.9574752138280127e-01 4.8187119475971816e+00 0
9.3395044292577012e-01 6.9574752138280127e-01 4.8187119475971798e+00 0
9.6999999999999975e-01 6.9574752138280127e-01 4.8187119475971798e+00 0
1.9999999999999996e-01 7.7315038155164917e-01 4.8187119475971816e+00 0
3.5355965573916825e-01 7.7315038155164917e-01 4.8187119475971816e+00 0
4.8949204057623086e-01 7.7315038155164917e-01 4.8187119475971816e+00 0
6.0227394021057989e-01 7.7315038155164917e-01 4.8187119475971816e+00 0
6.9574752138280127e-01 7.7315038155164917e-01 4.8187119475971816e+00 0
7.7315038155164917e-01 7.7315038155164917e-01 4.8187119475971816e+00 0
8.3719950203504112e-01 7.7315038155164917e-01 4.8187119475971816e+00 0
8.9016752405376876e-01 7.7315038155164917e-01 4.8187119475971816e+00 0
9.3395044292577012e-01 7.7315038155164917e-01 4.8187119475971798e+00 0
9.6999999999999975e-01 7.7315038155164917e-01 4.8187119475971798e+00 0
1.9999999999999996e-01 8.3719950203504068e-01 4.8187119475971816e+00 0
3.5355965573916848e-01 8.3719950203504112e-01 4.8187119475971816e+00 0
4.8949204057623086e-01 8.3719950203504068e-01 4.8187119475971834e+00 0
6.0227394021057989e-01 8.3719950203504112e-01 4.8187119475971816e+00 0
6.9574752138280083e-01 8.3719950203504112e-01 4.8187119475971816e+00 0
7.7315038155164917e-01 8.3719950203504112e-01 4.8187119475971816e+00 0
8.3719950203504112e-01 8.3719950203504112e-01 4.8187119475971816e+00 0
8.9016752405376876e-01 8.3719950203504112e-01 4.8187119475971816e+00 0
9.3395044292577012e-01 8.3719950203504112e-01 4.8187119475971798e+00 0
9.6999999999999975e-01 8.3719950203504112e-01 4.8187119475971798e+00 0
1.9999999999999996e-01 8.9016752405376876e-01 4.8187119475971816e+00 0
3.5355965573916825e-01 8.9016752405376876e-01 4.8187119475971816e+00 0
4.8949204057623086e-01 8.9016752405376831e-01 4.8187119475971816e+00 0
6.0227394021057989e-01 8.9016752405376831e-01 4.8187119475971816e+00 0
6.9574752138280083e-01 8.9016752405376876e-01 4.8187119475971816e+00 0
7.7315038155164917e-01 8.9016752405376831e-01 4.8187119475971816e+00 0
8.3719950203504112e-01 8.9016752405376831e-01 4.8187119475971816e+00 0
8.9016752405376876e-01 8.9016752405376831e-01 4.8187119475971816e+00 0
9.3395044292577012e-01 8.9016752405376831e-01 4.8187119475971798e+00 0
9.6999999999999975e-01 8.9016752405376831e-01 4.8187119475971798e+00 0
1.9999999999999996e-01 9.3395044292577012e-01 4.8187119475971816e+00 0
3.5355965573916825e-01 9.3395044292577056e-01 4.8187119475971816e+00 0
4.8949204057623064e-01 9.3395044292577012e-01 4.8187119475971834e+00 0
6.0227394021057989e-01 9.3395044292576967e-01 4.8187119475971816e+00 0
6.9574752138280083e-01 9.3395044292577012e-01 4.8187119475971816e+00 0
7.7315038155164917e-01 9.3395044292577012e-01 4.8187119475971816e+00 0
8.3719950203504112e-01 9.3395044292577012e-01 4.8187119475971816e+00 0
8.9016752405376876e-01 9.3395044292577012e-01 4.8187119475971816e+00 0
9.3395044292577012e-01 9.3395044292577012e-01 4.8187119475971798e+00 0
9.6999999999999975e-01 9.3395044292577012e-01 4.8187119475971798e+00 0
1.9999999999999996e-01 9.6999999999999975e-01 4.8187119475971816e+00 0
3.5355965573916870e-01 9.7000000000000020e-01 4.8187119475971816e+00 0
4.8949204057623086e-01 9.6999999999999975e-01 4.8187119475971816e+00 0
6.0227394021057989e-01 9.6999999999999975e-01 4.8187119475971816e+00 0
6.9574752138280083e-01 9.6999999999999931e-01 4.8187119475971816e+00 0
7.7315038155164917e-01 9.6999999999999975e-01 4.8187119475971816e+00 0
8.3719950203504112e-01 9.6999999999999931e-01 4.8187119475971816e+00 0
8.9016752405376876e-01 9.6999999999999975e-01 4.8187119475971816e+00 0
9.3395044292577012e-01 9.6999999999999975e-01 4.8187119475971798e+00 0
9.6999999999999975e-01 9.6999999999999975e-01 4.8187119475971798e+00 0
2.0000000000000007e-01 2.0000000000000018e-01 4.7214719194891455e+00 0
3.5355965573916848e-01 2.0000000000000007e-01 4.7214719194891437e+00 0
4.8949204057623108e-01 2.0000000000000007e-01 4.7214719194891437e+00 0
6.0227394021057989e-01 1.9999999999999996e-01 4.7214719194891437e+00 0
6.9574752138280127e-01 1.9999999999999996e-01 4.7214719194891437e+00 0
7.7315038155164961e-01 2.0000000000000007e-01 4.7214719194891437e+00 0
8.3719950203504112e-01 2.0000000000000007e-01 4.7214719194891437e+00 0
8.9016752405376876e-01 2.0000000000000007e-01 4.7214719194891437e+00 0
9.3395044292577012e-01 2.0000000000000007e-01 4.7214719194891437e+00 0
9.7000000000000020e-01 1.9999999999999996e-01 4.7214719194891437e+00 0
1.9999999999999996e-01 3.5355965573916825e-01 4.7214719194891437e+00 0
3.5355965573916825e-01 3.5355965573916803e-01 4.7214719194891437e+00 0
4.8949204057623108e-01 3.5355965573916825e-01 4.7214719194891437e+00 0
6.0227394021057989e-01 3.5355965573916825e-01 4.7214719194891437e+00 0
6.9574752138280127e-01 3.5355965573916825e-01 4.7214719194891419e+00 0
7.7315038155164961e-01 3.5355965573916803e-01 4.7214719194891437e+00 0
8.3719950203504112e-01 3.5355965573916803e-01 4.7214719194891437e+00 0
8.9016752405376876e-01 3.5355965573916803e-01 4.7214719194891437e+00 0
9.3395044292577056e-01 3.5355965573916803e-01 4.7214719194891437e+00 0
9.7000000000000020e-01 3.5355965573916803e-01 4.7214719194891419e+00 0
2.0000000000000007e-01 4.8949204057623064e-01 4.7214719194891437e+00 0
3.5355965573916825e-01 4.8949204057623086e-01 4.7214719194891437e+00 0
4.8949204057623108e-01 4.8949204057623086e-01 4.7214719194891437e+00 0
6.0227394021057989e-01 4.8949204057623086e-01 4.7214719194891437e+00 0
6.9574752138280127e-01 4.8949204057623064e-01 4.7214719194891419e+00 0
7.7315038155164961e-01 4.8949204057623086e-01 4.7214719194891437e+00 0
8.3719950203504112e-01 4.8949204057623086e-01 4.7214719194891437e+00 0
8.9016752405376876e-01 4.8949204057623064e-01 4.7214719194891437e+00 0
9.3395044292577012e-01 4.8949204057623108e-01 4.7214719194891437e+00 0
9.7000000000000020e-01 4.8949204057623041e-01 4.7214719194891437e+00 0
2.0000000000000007e-01 6.0227394021057989e-01 4.7214719194891437e+00 0
3.5355965573916825e-01 6.0227394021057989e-01 4.7214719194891437e+00 0
4.8949204057623086e-01 6.0227394021057989e-01 4.7214719194891437e+00 0
6.0227394021057989e-01 6.0227394021057989e-01 4.7214719194891437e+00 0
6.9574752138280127e-01 6.0227394021057989e-01 4.7214719194891437e+00 0
7.7315038155164961e-01 6.0227394021057989e-01 4.7214719194891437e+00 0
8.3719950203504112e-01 6.0227394021057989e-01 4.7214719194891437e+00 0
8.9016752405376876e-01 6.0227394021057989e-01 4.7214719194891437e+00 0
9.3395044292577012e-01 6.0227394021057989e-01 4.7214719194891437e+00 0
9.7000000000000020e-01 6.0227394021057989e-01 4.7214719194891437e+00 0
2.0000000000000007e-01 6.9574752138280127e-01 4.7214719194891437e+00 0
3.5355965573916825e-01 6.9574752138280127e-01 4.7214719194891437e+00 0
4.8949204057623108e-01 6.9574752138280083e-01 4.7214719194891437e+00 0
6.0227394021057989e-01 6.9574752138280127e-01 4.7214719194891437e+00 0
6.9574752138280127e-01 6.9574752138280127e-01 4.7214719194891419e+00 0
7.7315038155164961e-01 6.9574752138280127e-01 4.7214719194891437e+00 0
8.3719950203504112e-01 6.9574752138280127e-01 4.7214719194891437e+00 0
8.9016752405376876e-01 6.9574752138280127e-01 4.7214719194891437e+00 0
9.3395044292577012e-01 6.9574752138280127e-01 4.7214719194891437e+00 0
9.7000000000000020e-01 6.9574752138280127e-01 4.7214719194891419e+00 0
2.0000000000000007e-01 7.7315038155165050e-01 4.7214719194891437e+00 0
3.5355965573916825e-01 7.7315038155165006e-01 4.7214719194891437e+00 0
4.8949204057623108e-01 7.7315038155164917e-01 4.7214719194891437e+00 0
6.0227394021057989e-01 7.7315038155165006e-01 4.7214719194891437e+00 0
6.9574752138280171e-01 7.7315038155164917e-01 4.7214719194891437e+00 0
7.7315038155164961e-01 7.7315038155164961e-01 4.7214719194891437e+00 0
8.3719950203504112e-01 7.7315038155164961e-01 4.7214719194891437e+00 0
8.9016752405376876e-01 7.7315038155164961e-01 4.7214719194891437e+00 0
9.3395044292577012e-01 7.7315038155164961e-01 4.7214719194891437e+00 0
9.7000000000000020e-01 7.7315038155164961e-01 4.7214719194891437e+00 0
2.0000000000000007e-01 8.3719950203504112e-01 4.7214719194891437e+00 0
3.5355965573916803e-01 8.3719950203504112e-01 4.7214719194891437e+00 0
4.8949204057623086e-01 8.3719950203504112e-01 4.7214719194891437e+00 0
6.0227394021057989e-01 8.3719950203504157e-01 4.7214719194891437e+00 0
6.9574752138280127e-01 8.3719950203504157e-01 4.7214719194891437e+00 0
7.7315038155164961e-01 8.3719950203504112e-01 4.7214719194891437e+00 0
8.3719950203504112e-01 8.3719950203504112e-01 4.7214719194891437e+00 0
8.9016752405376876e-01 8.3719950203504112e-01 4.7214719194891437e+00 0
9.3395044292577056e-01 8.3719950203504112e-01 4.7214719194891437e+00 0
9.7000000000000020e-01 8.3719950203504112e-01 4.7214719194891437e+00 0
2.0000000000000007e-01 8.9016752405376920e-01 4.7214719194891437e+00 0
3.5355965573916803e-01 8.9016752405376920e-01 4.7214719194891437e+00 0
4.8949204057623086e-01 8.9016752405376876e-01 4.7214719194891437e+00 0
6.0227394021057989e-01 8.9016752405376920e-01 4.7214719194891437e+00 0
6.9574752138280127e-01 8.9016752405376920e-01 4.7214719194891437e+00 0
7.7315038155164961e-01 8.9016752405376876e-01 4.7214719194891437e+00 0
8.3719950203504112e-01 8.9016752405376876e-01 4.7214719194891437e+00 0
8.9016752405376876e-01 8.9016752405376876e-01 4.7214719194891437e+00 0
9.3395044292577012e-01 8.9016752405376876e-01 4.7214719194891437e+00 0
9.7000000000000020e-01 8.9016752405376876e-01 4.7214719194891437e+00 0
2.0000000000000007e-01 9.3395044292577056e-01 4.7214719194891437e+00 0
3.5355965573916803e-01 9.3395044292577012e-01 4.7214719194891437e+00 0
4.8949204057623064e-01 9.3395044292577012e-01 4.7214719194891437e+00 0
6.0227394021057989e-01 9.3395044292577056e-01 4.7214719194891437e+00 0
6.9574752138280127e-01 9.3395044292577056e-01 4.7214719194891437e+00 0
7.7315038155164961e-01 9.3395044292577056e-01 4.7214719194891437e+00 0
8.3719950203504112e-01 9.3395044292577012e-01 4.7214719194891437e+00 0
8.9016752405376876e-01 9.3395044292577012e-01 4.7214719194891437e+00 0
9.3395044292577056e-01 9.3395044292577101e-01 4.7214719194891437e+00 0
9.7000000000000020e-01 9.3395044292577012e-01 4.7214719194891437e+00 0
2.0000000000000007e-01 9.6999999999999975e-01 4.7214719194891437e+00 0
3.5355965573916803e-01 9.6999999999999975e-01 4.7214719194891437e+00 0
4.8949204057623086e-01 9.6999999999999975e-01 4.7214719194891437e+00 0
6.0227394021057989e-01 9.6999999999999975e-01 4.7214719194891437e+00 0
6.9574752138280127e-01 9.7000000000000020e-01 4.7214719194891437e+00 0
7.7315038155164961e-01 9.6999999999999975e-01 4.7214719194891437e+00 0
8.3719950203504112e-01 9.6999999999999975e-01 4.7214719194891437e+00 0
8.9016752405376876e-01 9.6999999999999975e-01 4.7214719194891437e+00 0
9.3395044292577056e-01 9.6999999999999975e-01 4.7214719194891437e+00 0
9.7000000000000020e-01 9.7000000000000020e-01 4.7214719194891437e+00 0
1.9999999999999996e-01 2.0000000000000018e-01 4.6214827412831898e+00 0
3.5355965573916848e-01 1.9999999999999996e-01 4.6214827412831898e+00 0
4.8949204057623064e-01 1.9999999999999996e-01 4.6214827412831898e+00 0
6.0227394021057989e-01 1.9999999999999996e-01 4.6214827412831898e+00 0
6.9574752138280127e-01 1.9999999999999996e-01 4.6214827412831898e+00 0
7.7315038155164917e-01 1.9999999999999996e-01 4.6214827412831898e+00 0
8.3719950203504112e-01 1.9999999999999996e-01 4.6214827412831880e+00 0
8.9016752405376876e-01 1.9999999999999996e-01 4.6214827412831898e+00 0
9.3395044292576967e-01 1.9999999999999996e-01 4.6214827412831880e+00 0
9.7000000000000020e-01 1.9999999999999996e-01 4.6214827412831898e+00 0
1.9999999999999996e-01 3.5355965573916848e-01 4.6214827412831898e+00 0
3.5355965573916848e-01 3.5355965573916803e-01 4.6214827412831898e+00 0
4.8949204057623086e-01 3.5355965573916848e-01 4.6214827412831916e+00 0
6.0227394021057989e-01 3.5355965573916848e-01 4.6214827412831898e+00 0
6.9574752138280127e-01 3.5355965573916825e-01 4.6214827412831898e+00 0
7.7315038155164917e-01 3.5355965573916803e-01 4.6214827412831898e+00 0
8.3719950203504112e-01 3.5355965573916803e-01 4.6214827412831880e+00 0
8.9016752405376920e-01 3.5355965573916825e-01 4.6214827412831916e+00 0
9.3395044292577012e-01 3.5355965573916848e-01 4.6214827412831898e+00 0
9.7000000000000020e-01 3.5355965573916803e-01 4.6214827412831898e+00 0
1.9999999999999996e-01 4.8949204057623086e-01 4.6214827412831898e+00 0
3.5355965573916848e-01 4.8949204057623086e-01 4.6214827412831898e+00 0
4.8949204057623086e-01 4.8949204057623086e-01 4.6214827412831898e+00 0
6.0227394021057989e-01 4.8949204057623086e-01 4.6214827412831898e+00 0
6.9574752138280127e-01 4.8949204057623086e-01 4.6214827412831898e+00 0
7.7315038155164917e-01 4.8949204057623086e-01 4.6214827412831898e+00 0
8.3719950203504112e-01 4.8949204057623086e-01 4.6214827412831880e+00 0
8.9016752405376876e-01 4.8949204057623086e-01 4.6214827412831898e+00 0
9.3395044292577012e-01 4.8949204057623086e-01 4.6214827412831898e+00 0
9.7000000000000020e-01 4.8949204057623086e-01 4.6214827412831898e+00 0
1.9999999999999996e-01 6.0227394021057989e-01 4.6214827412831898e+00 0
3.5355965573916848e-01 6.0227394021057989e-01 4.6214827412831898e+00 0
4.8949204057623064e-01 6.0227394021057989e-01 4.6214827412831916e+00 0
6.0227394021057989e-01 6.0227394021057989e-01 4.6214827412831898e+00 0
6.9574752138280127e-01 6.0227394021057989e-01 4.6214827412831898e+00 0
7.7315038155164917e-01 6.0227394021057989e-01 4.6214827412831898e+00 0
8.3719950203504112e-01 6.0227394021057989e-01 4.6214827412831880e+00 0
8.9016752405376876e-01 6.0227394021057989e-01 4.6214827412831898e+00 0
9.3395044292577012e-01 6.0227394021057989e-01 4.6214827412831898e+00 0
9.7000000000000020e-01 6.0227394021057989e-01 4.6214827412831898e+00 0
1.9999999999999996e-01 6.9574752138280171e-01 4.6214827412831898e+00 0
3.5355965573916848e-01 6.9574752138280171e-01 4.6214827412831898e+00 0
4.8949204057623086e-01 6.9574752138280127e-01 4.6214827412831898e+00 0
6.0227394021057989e-01 6.9574752138280171e-01 4.6214827412831898e+00 0
6.9574752138280127e-01 6.9574752138280127e-01 4.6214827412831898e+00 0
7.7315038155164917e-01 6.9574752138280127e-01 4.6214827412831898e+00 0
8.3719950203504112e-01 6.9574752138280171e-01 4.6214827412831880e+00 0
8.9016752405376876e-01 6.9574752138280127e-01 4.6214827412831898e+00 0
9.3395044292576967e-01 6.9574752138280127e-01 4.6214827412831880e+00 0
9.7000000000000020e-01 6.9574752138280171e-01 4.6214827412831898e+00 0
1.9999999999999996e-01 7.7315038155164917e-01 4.6214827412831898e+00 0
3.5355965573916803e-01 7.7315038155164917e-01 4.6214827412831898e+00 0
4.8949204057623086e-01 7.7315038155164917e-01 4.6214827412831916e+00 0
6.0227394021057989e-01 7.7315038155164917e-01 4.6214827412831898e+00 0
6.9574752138280127e-01 7.7315038155164917e-01 4.6214827412831880e+00 0
7.7315038155164917e-01 7.7315038155164917e-01 4.6214827412831898e+00 0
8.3719950203504112e-01 7.7315038155164917e-01 4.6214827412831880e+00 0
8.9016752405376876e-01 7.7315038155164917e-01 4.6214827412831898e+00 0
9.3395044292577012e-01 7.7315038155164917e-01 4.6214827412831898e+00 0
9.7000000000000020e-01 7.7315038155164917e-01 4.6214827412831898e+00 0
1.9999999999999996e-01 8.3719950203504068e-01 4.6214827412831898e+00 0
3.5355965573916848e-01 8.3719950203504112e-01 4.6214827412831898e+00 0
4.8949204057623086e-01 8.3719950203504112e-01 4.6214827412831898e+00 0
6.0227394021057989e-01 8.3719950203504112e-01 4.6214827412831898e+00 0
6.9574752138280127e-01 8.3719950203504112e-01 4.6214827412831880e+00 0
7.7315038155164917e-01 8.3719950203504112e-01 4.6214827412831898e+00 0
8.3719950203504112e-01 8.3719950203504112e-01 4.6214827412831880e+00 0
8.9016752405376876e-01 8.3719950203504112e-01 4.6214827412831898e+00 0
9.3395044292577012e-01 8.3719950203504112e-01 4.6214827412831898e+00 0
9.7000000000000020e-01 8.3719950203504112e-01 4.6214827412831898e+00 0
1.9999999999999996e-01 8.9016752405376876e-01 4.6214827412831898e+00 0
3.5355965573916803e-01 8.9016752405376920e-01 4.6214827412831898e+00 0
4.8949204057623086e-01 8.9016752405376876e-01 4.6214827412831916e+00 0
6.0227394021057989e-01 8.9016752405376876e-01 4.6214827412831898e+00 0
6.9574752138280127e-01 8.9016752405376876e-01 4.6214827412831880e+00 0
7.7315038155164917e-01 8.9016752405376876e-01 4.6214827412831898e+00 0
8.3719950203504112e-01 8.9016752405376876e-01 4.6214827412831880e+00 0
8.9016752405376876e-01 8.9016752405376876e-01 4.6214827412831898e+00 0
9.3395044292577012e-01 8.9016752405376876e-01 4.6214827412831898e+00 0
9.7000000000000020e-01 8.9016752405376876e-01 4.6214827412831898e+00 0
1.9999999999999996e-01 9.3395044292577012e-01 4.6214827412831898e+00 0
3.5355965573916803e-01 9.3395044292577012e-01 4.6214827412831898e+00 0
4.8949204057623086e-01 9.3395044292577012e-01 4.6214827412831916e+00 0
6.0227394021057989e-01 9.3395044292577012e-01 4.6214827412831898e+00 0
6.9574752138280127e-01 9.3395044292577012e-01 4.6214827412831898e+00 0
7.7315038155164917e-01 9.3395044292577012e-01 4.6214827412831898e+00 0
8.3719950203504112e-01 9.3395044292577012e-01 4.6214827412831880e+00 0
8.9016752405376876e-01 9.3395044292577012e-01 4.6214827412831898e+00 0
9.3395044292577012e-01 9.3395044292577012e-01 4.6214827412831898e+00 0
9.7000000000000020e-01 9.3395044292576967e-01 4.6214827412831898e+00 0
1.9999999999999996e-01 9.7000000000000020e-01 4.6214827412831898e+00 0
3.5355965573916803e-01 9.7000000000000020e-01 4.6214827412831898e+00 0
4.8949204057623064e-01 9.6999999999999975e-01 4.6214827412831916e+00 0
6.0227394021057989e-01 9.7000000000000020e-01 4.6214827412831898e+00 0
6.9574752138280127e-01 9.6999999999999975e-01 4.6214827412831880e+00 0
7.7315038155164917e-01 9.7000000000000020e-01 4.6214827412831898e+00 0
8.3719950203504112e-01 9.6999999999999975e-01 4.6214827412831880e+00 0
8.9016752405376876e-01 9.7000000000000020e-01 4.6214827412831898e+00 0
9.3395044292577012e-01 9.7000000000000020e-01 4.6214827412831898e+00 0
9.7000000000000020e-01 9.7000000000000020e-01 4.6214827412831898e+00 0
2.0000000000000007e-01 2.0000000000000007e-01 4.5182079889048889e+00 0
3.5355965573916848e-01 2.0000000000000007e-01 4.5182079889048925e+00 0
4.8949204057623086e-01 2.0000000000000007e-01 4.5182079889048889e+00 0
6.0227394021058034e-01 1.9999999999999996e-01 4.5182079889048925e+00 0
6.9574752138280171e-01 2.0000000000000007e-01 4.5182079889048925e+00 0
7.7315038155164961e-01 2.0000000000000007e-01 4.5182079889048925e+00 0
8.3719950203504112e-01 2.0000000000000007e-01 4.5182079889048925e+00 0
8.9016752405376876e-01 2.0000000000000007e-01 4.5182079889048925e+00 0
9.3395044292577012e-01 2.0000000000000007e-01 4.5182079889048907e+00 0
9.6999999999999975e-01 1.9999999999999996e-01 4.5182079889048907e+00 0
2.0000000000000007e-01 3.5355965573916825e-01 4.5182079889048925e+00 0
3.5355965573916848e-01 3.5355965573916825e-01 4.5182079889048907e+00 0
4.8949204057623086e-01 3.5355965573916825e-01 4.5182079889048925e+00 0
6.0227394021058034e-01 3.5355965573916803e-01 4.5182079889048925e+00 0
6.9574752138280171e-01 3.5355965573916825e-01 4.5182079889048943e+00 0
7.7315038155164917e-01 3.5355965573916825e-01 4.5182079889048943e+00 0
8.3719950203504112e-01 3.5355965573916848e-01 4.5182079889048925e+00 0
8.9016752405376876e-01 3.5355965573916803e-01 4.5182079889048907e+00 0
9.3395044292577012e-01 3.5355965573916848e-01 4.5182079889048943e+00 0
9.6999999999999975e-01 3.5355965573916803e-01 4.5182079889048925e+00 0
1.9999999999999996e-01 4.8949204057623086e-01 4.5182079889048907e+00 0
3.5355965573916825e-01 4.8949204057623108e-01 4.5182079889048889e+00 0
4.8949204057623086e-01 4.8949204057623108e-01 4.5182079889048907e+00 0
6.0227394021057989e-01 4.8949204057623086e-01 4.5182079889048907e+00 0
6.9574752138280127e-01 4.8949204057623086e-01 4.5182079889048889e+00 0
7.7315038155164917e-01 4.8949204057623064e-01 4.5182079889048889e+00 0
8.3719950203504112e-01 4.8949204057623064e-01 4.5182079889048907e+00 0
8.9016752405376876e-01 4.8949204057623108e-01 4.5182079889048907e+00 0
9.3395044292577012e-01 4.8949204057623086e-01 4.5182079889048943e+00 0
9.7000000000000020e-01 4.8949204057623086e-01 4.5182079889048889e+00 0
2.0000000000000007e-01 6.0227394021057989e-01 4.5182079889048925e+00 0
3.5355965573916825e-01 6.0227394021058034e-01 4.5182079889048907e+00 0
4.8949204057623086e-01 6.0227394021057989e-01 4.5182079889048907e+00 0
6.0227394021058034e-01 6.0227394021058034e-01 4.5182079889048925e+00 0
6.9574752138280171e-01 6.0227394021057989e-01 4.5182079889048925e+00 0
7.7315038155164961e-01 6.0227394021057989e-01 4.5182079889048925e+00 0
8.3719950203504112e-01 6.0227394021057989e-01 4.5182079889048925e+00 0
8.9016752405376876e-01 6.0227394021058034e-01 4.5182079889048943e+00 0
9.3395044292577012e-01 6.0227394021058034e-01 4.5182079889048943e+00 0
9.7000000000000020e-01 6.0227394021058034e-01 4.5182079889048907e+00 0
2.0000000000000007e-01 6.9574752138280127e-01 4.5182079889048925e+00 0
3.5355965573916803e-01 6.9574752138280171e-01 4.5182079889048907e+00 0
4.8949204057623108e-01 6.9574752138280127e-01 4.5182079889048907e+00 0
6.0227394021057989e-01 6.9574752138280171e-01 4.5182079889048925e+00 0
6.9574752138280127e-01 6.9574752138280127e-01 4.5182079889048907e+00 0
7.7315038155164961e-01 6.9574752138280083e-01 4.5182079889048907e+00 0
8.3719950203504068e-01 6.9574752138280127e-01 4.5182079889048907e+00 0
8.9016752405376876e-01 6.9574752138280127e-01 4.5182079889048943e+00 0
9.3395044292577012e-01 6.9574752138280171e-01 4.5182079889048907e+00 0
9.7000000000000020e-01 6.9574752138280127e-01 4.5182079889048889e+00 0
2.0000000000000007e-01 7.7315038155164961e-01 4.5182079889048925e+00 0
3.5355965573916825e-01 7.7315038155164961e-01 4.5182079889048907e+00 0
4.8949204057623086e-01 7.7315038155164961e-01 4.5182079889048907e+00 0
6.0227394021057989e-01 7.7315038155164961e-01 4.5182079889048925e+00 0
6.9574752138280127e-01 7.7315038155164961e-01 4.5182079889048907e+00 0
7.7315038155164961e-01 7.7315038155164961e-01 4.5182079889048907e+00 0
8.3719950203504112e-01 7.7315038155164961e-01 4.5182079889048907e+00 0
8.9016752405376876e-01 7.7315038155164961e-01 4.5182079889048943e+00 0
9.3395044292577012e-01 7.7315038155164917e-01 4.5182079889048943e+00 0
9.6999999999999975e-01 7.7315038155164917e-01 4.5182079889048907e+00 0
2.0000000000000007e-01 8.3719950203504068e-01 4.5182079889048925e+00 0
3.5355965573916825e-01 8.3719950203504112e-01 4.5182079889048907e+00 0
4.8949204057623108e-01 8.3719950203504068e-01 4.5182079889048907e+00 0
6.0227394021057989e-01 8.3719950203504068e-01 4.5182079889048943e+00 0
6.9574752138280127e-01 8.3719950203504112e-01 4.5182079889048907e+00 0
7.7315038155164961e-01 8.3719950203504112e-01 4.5182079889048907e+00 0
8.3719950203504068e-01 8.3719950203504068e-01 4.5182079889048907e+00 0
8.9016752405376876e-01 8.3719950203504112e-01 4.5182079889048943e+00 0
9.3395044292577012e-01 8.3719950203504112e-01 4.5182079889048943e+00 0
9.6999999999999931e-01 8.3719950203504112e-01 4.5182079889048907e+00 0
2.0000000000000007e-01 8.9016752405376876e-01 4.5182079889048925e+00 0
3.5355965573916803e-01 8.9016752405376876e-01 4.5182079889048907e+00 0
4.8949204057623086e-01 8.9016752405376876e-01 4.5182079889048872e+00 0
6.0227394021057989e-01 8.9016752405376876e-01 4.5182079889048943e+00 0
6.9574752138280127e-01 8.9016752405376876e-01 4.5182079889048907e+00 0
7.7315038155164961e-01 8.9016752405376876e-01 4.5182079889048907e+00 0
8.3719950203504112e-01 8.9016752405376876e-01 4.5182079889048907e+00 0
8.9016752405376876e-01 8.9016752405376876e-01 4.5182079889048943e+00 0
9.3395044292577012e-01 8.9016752405376876e-01 4.5182079889048943e+00 0
9.6999999999999975e-01 8.9016752405376831e-01 4.5182079889048907e+00 0
1.9999999999999996e-01 9.3395044292577056e-01 4.5182079889048943e+00 0
3.5355965573916803e-01 9.3395044292577012e-01 4.5182079889048943e+00 0
4.8949204057623064e-01 9.3395044292577012e-01 4.5182079889048961e+00 0
6.0227394021057989e-01 9.3395044292577012e-01 4.5182079889048961e+00 0
6.9574752138280171e-01 9.3395044292577012e-01 4.5182079889048961e+00 0
7.7315038155164917e-01 9.3395044292577012e-01 4.5182079889048961e+00 0
8.3719950203504112e-01 9.3395044292577012e-01 4.5182079889048943e+00 0
8.9016752405376920e-01 9.3395044292577012e-01 4.5182079889048961e+00 0
9.3395044292577012e-01 9.3395044292577012e-01 4.5182079889048978e+00 0
9.7000000000000020e-01 9.3395044292577012e-01 4.5182079889048925e+00 0
2.0000000000000007e-01 9.7000000000000064e-01 4.5182079889048925e+00 0
3.5355965573916803e-01 9.6999999999999975e-01 4.5182079889048907e+00 0
4.8949204057623086e-01 9.6999999999999931e-01 4.5182079889048907e+00 0
6.0227394021057989e-01 9.7000000000000020e-01 4.5182079889048925e+00 0
6.9574752138280127e-01 9.7000000000000020e-01 4.5182079889048907e+00 0
7.7315038155164961e-01 9.7000000000000020e-01 4.5182079889048907e+00 0
8.3719950203504112e-01 9.6999999999999931e-01 4.5182079889048907e+00 0
8.9016752405376876e-01 9.7000000000000020e-01 4.5182079889048943e+00 0
9.3395044292577012e-01 9.7000000000000020e-01 4.5182079889048943e+00 0
9.7000000000000020e-01 9.7000000000000020e-01 4.5182079889048907e+00 0
2.0000000000000007e-01 1.9999999999999996e-01 4.4114464427540803e+00 0
3.5355965573916848e-01 1.9999999999999996e-01 4.4114464427540803e+00 0
4.8949204057623108e-01 2.0000000000000007e-01 4.4114464427540820e+00 0
6.0227394021057989e-01 2.0000000000000007e-01 4.4114464427540820e+00 0
6.9574752138280127e-01 1.9999999999999996e-01 4.4114464427540785e+00 0
7.7315038155164917e-01 1.9999999999999996e-01 4.4114464427540803e+00 0
8.3719950203504112e-01 1.9999999999999996e-01 4.4114464427540803e+00 0
8.9016752405376876e-01 2.0000000000000007e-01 4.4114464427540820e+00 0
9.3395044292577012e-01 2.0000000000000007e-01 4.4114464427540820e+00 0
9.6999999999999975e-01 1.9999999999999996e-01 4.4114464427540803e+00 0
2.0000000000000007e-01 3.5355965573916825e-01 4.4114464427540820e+00 0
3.5355965573916825e-01 3.5355965573916848e-01 4.4114464427540803e+00 0
4.8949204057623086e-01 3.5355965573916848e-01 4.4114464427540820e+00 0
6.0227394021057989e-01 3.5355965573916803e-01 4.4114464427540820e+00 0
6.9574752138280127e-01 3.5355965573916825e-01 4.4114464427540803e+00 0
7.7315038155164917e-01 3.5355965573916848e-01 4.4114464427540803e+00 0
8.3719950203504112e-01 3.5355965573916825e-01 4.4114464427540820e+00 0
8.9016752405376876e-01 3.5355965573916848e-01 4.4114464427540820e+00 0
9.3395044292577012e-01 3.5355965573916848e-01 4.4114464427540820e+00 0
9.7000000000000020e-01 3.5355965573916825e-01 4.4114464427540803e+00 0
2.0000000000000007e-01 4.8949204057623086e-01 4.4114464427540820e+00 0
3.5355965573916803e-01 4.8949204057623086e-01 4.4114464427540820e+00 0
4.8949204057623064e-01 4.8949204057623108e-01 4.4114464427540820e+00 0
6.0227394021057989e-01 4.8949204057623108e-01 4.4114464427540820e+00 0
6.9574752138280127e-01 4.8949204057623108e-01 4.4114464427540820e+00 0
7.7315038155164917e-01 4.8949204057623108e-01 4.4114464427540803e+00 0
8.3719950203504112e-01 4.8949204057623108e-01 4.4114464427540803e+00 0
8.9016752405376876e-01 4.8949204057623108e-01 4.4114464427540820e+00 0
9.3395044292577012e-01 4.8949204057623130e-01 4.4114464427540820e+00 0
9.7000000000000020e-01 4.8949204057623086e-01 4.4114464427540820e+00 0
2.0000000000000007e-01 6.0227394021057989e-01 4.4114464427540820e+00 0
3.5355965573916825e-01 6.0227394021057989e-01 4.4114464427540820e+00 0
4.8949204057623086e-01 6.0227394021057989e-01 4.4114464427540820e+00 0
6.0227394021057989e-01 6.0227394021057989e-01 4.4114464427540820e+00 0
6.9574752138280171e-01 6.0227394021057989e-01 4.4114464427540820e+00 0
7.7315038155164961e-01 6.0227394021057989e-01 4.4114464427540803e+00 0
8.3719950203504112e-01 6.0227394021058012e-01 4.4114464427540803e+00 0
8.9016752405376876e-01 6.0227394021057989e-01 4.4114464427540820e+00 0
9.3395044292577012e-01 6.0227394021057989e-01 4.4114464427540820e+00 0
9.7000000000000020e-01 6.0227394021057989e-01 4.4114464427540820e+00 0
1.9999999999999996e-01 6.9574752138280127e-01 4.4114464427540803e+00 0
3.5355965573916848e-01 6.9574752138280171e-01 4.4114464427540803e+00 0
4.8949204057623086e-01 6.9574752138280171e-01 4.4114464427540820e+00 0
6.0227394021057989e-01 6.9574752138280216e-01 4.4114464427540820e+00 0
6.9574752138280171e-01 6.9574752138280127e-01 4.4114464427540803e+00 0
7.7315038155164917e-01 6.9574752138280127e-01 4.4114464427540803e+00 0
8.3719950203504112e-01 6.9574752138280127e-01 4.4114464427540803e+00 0
8.9016752405376876e-01 6.9574752138280171e-01 4.4114464427540820e+00 0
9.3395044292577012e-01 6.9574752138280171e-01 4.4114464427540820e+00 0
9.7000000000000020e-01 6.9574752138280171e-01 4.4114464427540803e+00 0
1.9999999999999996e-01 7.7315038155165006e-01 4.4114464427540803e+00 0
3.5355965573916848e-01 7.7315038155164961e-01 4.4114464427540803e+00 0
4.8949204057623086e-01 7.7315038155164961e-01 4.4114464427540820e+00 0
6.0227394021057989e-01 7.7315038155164917e-01 4.4114464427540820e+00 0
6.9574752138280127e-01 7.7315038155164961e-01 4.4114464427540785e+00 0
7.7315038155164917e-01 7.7315038155164961e-01 4.4114464427540803e+00 0
8.3719950203504112e-01 7.7315038155164917e-01 4.4114464427540803e+00 0
8.9016752405376876e-01 7.7315038155164961e-01 4.4114464427540820e+00 0
9.3395044292577012e-01 7.7315038155164961e-01 4.4114464427540820e+00 0
9.7000000000000020e-01 7.7315038155164961e-01 4.4114464427540785e+00 0
2.0000000000000007e-01 8.3719950203504112e-01 4.4114464427540820e+00 0
3.5355965573916825e-01 8.3719950203504112e-01 4.4114464427540820e+00 0
4.8949204057623086e-01 8.3719950203504068e-01 4.4114464427540820e+00 0
6.0227394021057989e-01 8.3719950203504112e-01 4.4114464427540820e+00 0
6.9574752138280171e-01 8.3719950203504112e-01 4.4114464427540820e+00 0
7.7315038155164961e-01 8.3719950203504112e-01 4.4114464427540803e+00 0
8.3719950203504112e-01 8.3719950203504112e-01 4.4114464427540803e+00 0
8.9016752405376876e-01 8.3719950203504112e-01 4.4114464427540820e+00 0
9.3395044292577012e-01 8.3719950203504112e-01 4.4114464427540820e+00 0
9.7000000000000020e-01 8.3719950203504157e-01 4.4114464427540820e+00 0
2.0000000000000007e-01 8.9016752405376831e-01 4.4114464427540820e+00 0
3.5355965573916825e-01 8.9016752405376920e-01 4.4114464427540820e+00 0
4.8949204057623086e-01 8.9016752405376920e-01 4.4114464427540820e+00 0
6.0227394021057989e-01 8.9016752405376831e-01 4.4114464427540803e+00 0
6.9574752138280171e-01 8.9016752405376876e-01 4.4114464427540820e+00 0
7.7315038155164917e-01 8.9016752405376876e-01 4.4114464427540820e+00 0
8.3719950203504112e-01 8.9016752405376876e-01 4.4114464427540803e+00 0
8.9016752405376876e-01 8.9016752405376876e-01 4.4114464427540820e+00 0
9.3395044292577012e-01 8.9016752405376876e-01 4.4114464427540820e+00 0
9.7000000000000020e-01 8.9016752405376876e-01 4.4114464427540820e+00 0
2.0000000000000007e-01 9.3395044292577012e-01 4.4114464427540820e+00 0
3.5355965573916825e-01 9.3395044292576967e-01 4.4114464427540820e+00 0
4.8949204057623086e-01 9.3395044292577012e-01 4.4114464427540820e+00 0
6.0227394021057989e-01 9.3395044292577012e-01 4.4114464427540820e+00 0
6.9574752138280171e-01 9.3395044292577012e-01 4.4114464427540820e+00 0
7.7315038155164917e-01 9.3395044292576967e-01 4.4114464427540803e+00 0
8.3719950203504112e-01 9.3395044292577012e-01 4.4114464427540803e+00 0
8.9016752405376876e-01 9.3395044292577012e-01 4.4114464427540820e+00 0
9.3395044292577012e-01 9.3395044292577012e-01 4.4114464427540820e+00 0
9.7000000000000020e-01 9.3395044292577012e-01 4.4114464427540820e+00 0
1.9999999999999996e-01 9.7000000000000020e-01 4.4114464427540803e+00 0
3.5355965573916848e-01 9.6999999999999975e-01 4.4114464427540803e+00 0
4.8949204057623108e-01 9.6999999999999975e-01 4.4114464427540820e+00 0
6.0227394021057989e-01 9.7000000000000020e-01 4.4114464427540820e+00 0
6.9574752138280127e-01 9.6999999999999975e-01 4.4114464427540785e+00 0
7.7315038155164917e-01 9.6999999999999975e-01 4.4114464427540803e+00 0
8.3719950203504112e-01 9.6999999999999975e-01 4.4114464427540803e+00 0
8.9016752405376876e-01 9.7000000000000020e-01 4.4114464427540803e+00 0
9.3395044292576967e-01 9.7000000000000020e-01 4.4114464427540803e+00 0
9.7000000000000020e-01 9.7000000000000020e-01 4.4114464427540785e+00 0
1.9999999999999996e-01 1.9999999999999996e-01 4.3002277589319906e+00 0
3.5355965573916825e-01 1.9999999999999996e-01 4.3002277589319942e+00 0
4.8949204057623086e-01 1.9999999999999996e-01 4.3002277589319942e+00 0
6.0227394021057989e-01 1.9999999999999996e-01 4.3002277589319942e+00 0
6.9574752138280127e-01 1.9999999999999996e-01 4.3002277589319942e+00 0
7.7315038155164961e-01 1.9999999999999996e-01 4.3002277589319959e+00 0
8.3719950203504112e-01 1.9999999999999996e-01 4.3002277589319942e+00 0
8.9016752405376876e-01 1.9999999999999996e-01 4.3002277589319942e+00 0
9.3395044292577012e-01 2.0000000000000007e-01 4.3002277589319942e+00 0
9.6999999999999975e-01 1.9999999999999996e-01 4.3002277589319959e+00 0
1.9999999999999996e-01 3.5355965573916870e-01 4.3002277589319942e+00 0
3.5355965573916825e-01 3.5355965573916825e-01 4.3002277589319942e+00 0
4.8949204057623086e-01 3.5355965573916825e-01 4.3002277589319942e+00 0
6.0227394021057989e-01 3.5355965573916825e-01 4.3002277589319942e+00 0
6.9574752138280171e-01 3.5355965573916825e-01 4.3002277589319942e+00 0
7.7315038155164961e-01 3.5355965573916825e-01 4.3002277589319959e+00 0
8.3719950203504112e-01 3.5355965573916825e-01 4.3002277589319959e+00 0
8.9016752405376920e-01 3.5355965573916803e-01 4.3002277589319924e+00 0
9.3395044292577012e-01 3.5355965573916848e-01 4.3002277589319959e+00 0
9.7000000000000020e-01 3.5355965573916803e-01 4.3002277589319942e+00 0
1.9999999999999996e-01 4.8949204057623086e-01 4.3002277589319942e+00 0
3.5355965573916803e-01 4.8949204057623086e-01 4.3002277589319942e+00 0
4.8949204057623108e-01 4.8949204057623086e-01 4.3002277589319942e+00 0
6.0227394021057989e-01 4.8949204057623086e-01 4.3002277589319942e+00 0
6.9574752138280127e-01 4.8949204057623086e-01 4.3002277589319942e+00 0
7.7315038155164961e-01 4.8949204057623064e-01 4.3002277589319959e+00 0
8.3719950203504112e-01 4.8949204057623086e-01 4.3002277589319942e+00 0
8.9016752405376876e-01 4.8949204057623086e-01 4.3002277589319942e+00 0
9.3395044292577012e-01 4.8949204057623086e-01 4.3002277589319959e+00 0
9.7000000000000020e-01 4.8949204057623086e-01 4.3002277589319942e+00 0
1.9999999999999996e-01 6.0227394021057989e-01 4.3002277589319942e+00 0
3.5355965573916825e-01 6.0227394021057989e-01 4.3002277589319942e+00 0
4.8949204057623086e-01 6.0227394021057989e-01 4.3002277589319942e+00 0
6.0227394021057989e-01 6.0227394021057989e-01 4.3002277589319942e+00 0
6.9574752138280127e-01 6.0227394021057989e-01 4.3002277589319959e+00 0
7.7315038155165006e-01 6.0227394021057989e-01 4.3002277589319959e+00 0
8.3719950203504112e-01 6.0227394021057989e-01 4.3002277589319942e+00 0
8.9016752405376876e-01 6.0227394021057989e-01 4.3002277589319942e+00 0
9.3395044292577012e-01 6.0227394021057989e-01 4.3002277589319942e+00 0
9.7000000000000020e-01 6.0227394021057989e-01 4.3002277589319942e+00 0
1.9999999999999996e-01 6.9574752138280127e-01 4.3002277589319942e+00 0
3.5355965573916825e-01 6.9574752138280127e-01 4.3002277589319942e+00 0
4.8949204057623108e-01 6.9574752138280127e-01 4.3002277589319942e+00 0
6.0227394021057989e-01 6.9574752138280127e-01 4.3002277589319942e+00 0
6.9574752138280171e-01 6.9574752138280127e-01 4.3002277589319942e+00 0
7.7315038155164961e-01 6.9574752138280127e-01 4.3002277589319959e+00 0
8.3719950203504112e-01 6.9574752138280127e-01 4.3002277589319942e+00 0
8.9016752405376876e-01 6.9574752138280127e-01 4.3002277589319942e+00 0
9.3395044292577012e-01 6.9574752138280127e-01 4.3002277589319959e+00 0
9.7000000000000020e-01 6.9574752138280127e-01 4.3002277589319942e+00 0
1.9999999999999996e-01 7.7315038155164961e-01 4.3002277589319942e+00 0
3.5355965573916825e-01 7.7315038155164961e-01 4.3002277589319942e+00 0
4.8949204057623086e-01 7.7315038155164961e-01 4.3002277589319942e+00 0
6.0227394021057989e-01 7.7315038155164961e-01 4.3002277589319942e+00 0
6.9574752138280127e-01 7.7315038155164961e-01 4.3002277589319959e+00 0
7.7315038155164961e-01 7.7315038155164961e-01 4.3002277589319959e+00 0
8.3719950203504112e-01 7.7315038155164961e-01 4.3002277589319942e+00 0
8.9016752405376876e-01 7.7315038155164961e-01 4.3002277589319942e+00 0
9.3395044292577012e-01 7.7315038155164961e-01 4.3002277589319942e+00 0
9.7000000000000020e-01 7.7315038155164961e-01 4.3002277589319942e+00 0
1.9999999999999996e-01 8.3719950203504112e-01 4.3002277589319942e+00 0
3.5355965573916825e-01 8.3719950203504157e-01 4.3002277589319942e+00 0
4.8949204057623108e-01 8.3719950203504112e-01 4.3002277589319942e+00 0
6.0227394021057989e-01 8.3719950203504112e-01 4.3002277589319942e+00 0
6.9574752138280171e-01 8.3719950203504112e-01 4.3002277589319942e+00 0
7.7315038155165006e-01 8.3719950203504112e-01 4.3002277589319959e+00 0
8.3719950203504112e-01 8.3719950203504112e-01 4.3002277589319942e+00 0
8.9016752405376876e-01 8.3719950203504112e-01 4.3002277589319942e+00 0
9.3395044292576967e-01 8.3719950203504112e-01 4.3002277589319959e+00 0
9.7000000000000020e-01 8.3719950203504112e-01 4.3002277589319942e+00 0
1.9999999999999996e-01 8.9016752405376876e-01 4.3002277589319942e+00 0
3.5355965573916825e-01 8.9016752405376920e-01 4.3002277589319942e+00 0
4.8949204057623086e-01 8.9016752405376876e-01 4.3002277589319942e+00 0
6.0227394021057989e-01 8.9016752405376876e-01 4.3002277589319942e+00 0
6.9574752138280171e-01 8.9016752405376876e-01 4.3002277589319942e+00 0
7.7315038155164961e-01 8.9016752405376876e-01 4.3002277589319959e+00 0
8.3719950203504112e-01 8.9016752405376876e-01 4.3002277589319942e+00 0
8.9016752405376876e-01 8.9016752405376876e-01 4.3002277589319942e+00 0
9.3395044292577012e-01 8.9016752405376876e-01 4.3002277589319959e+00 0
9.7000000000000020e-01 8.9016752405376876e-01 4.3002277589319942e+00 0
1.9999999999999996e-01 9.3395044292577012e-01 4.3002277589319942e+00 0
3.5355965573916803e-01 9.3395044292577012e-01 4.3002277589319942e+00 0
4.8949204057623064e-01 9.3395044292577012e-01 4.3002277589319942e+00 0
6.0227394021057989e-01 9.3395044292576967e-01 4.3002277589319942e+00 0
6.9574752138280127e-01 9.3395044292577056e-01 4.3002277589319959e+00 0
7.7315038155164961e-01 9.3395044292577012e-01 4.3002277589319959e+00 0
8.3719950203504112e-01 9.3395044292577012e-01 4.3002277589319942e+00 0
8.9016752405376876e-01 9.3395044292577012e-01 4.3002277589319942e+00 0
9.3395044292577012e-01 9.3395044292577012e-01 4.3002277589319959e+00 0
9.6999999999999975e-01 9.3395044292577012e-01 4.3002277589319942e+00 0
1.9999999999999996e-01 9.7000000000000108e-01 4.3002277589319942e+00 0
3.5355965573916803e-01 9.6999999999999975e-01 4.3002277589319942e+00 0
4.8949204057623086e-01 9.7000000000000020e-01 4.3002277589319942e+00 0
6.0227394021057989e-01 9.7000000000000020e-01 4.3002277589319942e+00 0
6.9574752138280171e-01 9.7000000000000020e-01 4.3002277589319942e+00 0
7.7315038155164961e-01 9.7000000000000020e-01 4.3002277589319959e+00 0
8.3719950203504112e-01 9.7000000000000020e-01 4.3002277589319942e+00 0
8.9016752405376876e-01 9.7000000000000020e-01 4.3002277589319942e+00 0
9.3395044292577012e-01 9.7000000000000020e-01 4.3002277589319959e+00 0
9.7000000000000020e-01 9.7000000000000020e-01 4.3002277589319942e+00 0
2.0000000000000007e-01 1.9999999999999996e-01 4.1836322701752895e+00 0
3.5355965573916848e-01 2.0000000000000007e-01 4.1836322701752877e+00 0
4.8949204057623086e-01 2.0000000000000007e-01 4.1836322701752895e+00 0
6.0227394021057989e-01 1.9999999999999996e-01 4.1836322701752895e+00 0
6.9574752138280171e-01 1.9999999999999996e-01 4.1836322701752895e+00 0
7.7315038155164917e-01 2.0000000000000007e-01 4.1836322701752895e+00 0
8.3719950203504112e-01 2.0000000000000007e-01 4.1836322701752895e+00 0
8.9016752405376876e-01 2.0000000000000007e-01 4.1836322701752895e+00 0
9.3395044292577012e-01 2.0000000000000007e-01 4.1836322701752895e+00 0
9.6999999999999975e-01 1.9999999999999996e-01 4.1836322701752877e+00 0
2.0000000000000007e-01 3.5355965573916870e-01 4.1836322701752877e+00 0
3.5355965573916848e-01 3.5355965573916848e-01 4.1836322701752895e+00 0
4.8949204057623086e-01 3.5355965573916848e-01 4.1836322701752913e+00 0
6.0227394021057989e-01 3.5355965573916848e-01 4.1836322701752913e+00 0
6.9574752138280171e-01 3.5355965573916848e-01 4.1836322701752913e+00 0
7.7315038155164917e-01 3.5355965573916848e-01 4.1836322701752913e+00 0
8.3719950203504157e-01 3.5355965573916848e-01 4.1836322701752913e+00 0
8.9016752405376876e-01 3.5355965573916825e-01 4.1836322701752913e+00 0
9.3395044292577012e-01 3.5355965573916848e-01 4.1836322701752895e+00 0
9.7000000000000020e-01 3.5355965573916825e-01 4.1836322701752877e+00 0
2.0000000000000007e-01 4.8949204057623108e-01 4.1836322701752895e+00 0
3.5355965573916825e-01 4.8949204057623086e-01 4.1836322701752913e+00 0
4.8949204057623086e-01 4.8949204057623086e-01 4.1836322701752913e+00 0
6.0227394021057989e-01 4.8949204057623108e-01 4.1836322701752913e+00 0
6.9574752138280127e-01 4.8949204057623108e-01 4.1836322701752895e+00 0
7.7315038155164917e-01 4.8949204057623086e-01 4.1836322701752913e+00 0
8.3719950203504112e-01 4.8949204057623108e-01 4.1836322701752895e+00 0
8.9016752405376920e-01 4.8949204057623086e-01 4.1836322701752913e+00 0
9.3395044292577012e-01 4.8949204057623086e-01 4.1836322701752895e+00 0
9.6999999999999975e-01 4.8949204057623130e-01 4.1836322701752877e+00 0
2.0000000000000007e-01 6.0227394021057967e-01 4.1836322701752913e+00 0
3.5355965573916848e-01 6.0227394021057989e-01 4.1836322701752895e+00 0
4.8949204057623086e-01 6.0227394021057989e-01 4.1836322701752913e+00 0
6.0227394021057989e-01 6.0227394021057989e-01 4.1836322701752913e+00 0
6.9574752138280171e-01 6.0227394021057989e-01 4.1836322701752913e+00 0
7.7315038155164917e-01 6.0227394021057989e-01 4.1836322701752913e+00 0
8.3719950203504112e-01 6.0227394021057989e-01 4.1836322701752895e+00 0
8.9016752405376920e-01 6.0227394021057989e-01 4.1836322701752913e+00 0
9.3395044292577012e-01 6.0227394021057989e-01 4.1836322701752895e+00 0
9.7000000000000020e-01 6.0227394021057989e-01 4.1836322701752877e+00 0
2.0000000000000007e-01 6.9574752138280171e-01 4.1836322701752913e+00 0
3.5355965573916825e-01 6.9574752138280171e-01 4.1836322701752895e+00 0
4.8949204057623108e-01 6.9574752138280127e-01 4.1836322701752913e+00 0
6.0227394021057989e-01 6.9574752138280171e-01 4.1836322701752913e+00 0
6.9574752138280171e-01 6.9574752138280171e-01 4.1836322701752913e+00 0
7.7315038155164917e-01 6.9574752138280171e-01 4.1836322701752913e+00 0
8.3719950203504112e-01 6.9574752138280171e-01 4.1836322701752895e+00 0
8.9016752405376920e-01 6.9574752138280171e-01 4.1836322701752913e+00 0
9.3395044292577012e-01 6.9574752138280171e-01 4.1836322701752913e+00 0
9.6999999999999975e-01 6.9574752138280171e-01 4.1836322701752877e+00 0
2.0000000000000007e-01 7.7315038155164917e-01 4.1836322701752913e+00 0
3.5355965573916825e-01 7.7315038155164917e-01 4.1836322701752895e+00 0
4.8949204057623108e-01 7.7315038155164917e-01 4.1836322701752913e+00 0
6.0227394021057989e-01 7.7315038155164917e-01 4.1836322701752913e+00 0
6.9574752138280216e-01 7.7315038155164917e-01 4.1836322701752895e+00 0
7.7315038155164917e-01 7.7315038155164917e-01 4.1836322701752913e+00 0
8.3719950203504112e-01 7.7315038155164917e-01 4.1836322701752895e+00 0
8.9016752405376920e-01 7.7315038155164917e-01 4.1836322701752913e+00 0
9.3395044292577012e-01 7.7315038155164917e-01 4.1836322701752895e+00 0
9.7000000000000064e-01 7.7315038155164917e-01 4.1836322701752877e+00 0
2.0000000000000007e-01 8.3719950203504112e-01 4.1836322701752913e+00 0
3.5355965573916825e-01 8.3719950203504112e-01 4.1836322701752895e+00 0
4.8949204057623086e-01 8.3719950203504112e-01 4.1836322701752913e+00 0
6.0227394021057989e-01 8.3719950203504112e-01 4.1836322701752913e+00 0
6.9574752138280127e-01 8.3719950203504112e-01 4.1836322701752895e+00 0
7.7315038155164917e-01 8.3719950203504112e-01 4.1836322701752913e+00 0
8.3719950203504112e-01 8.3719950203504112e-01 4.1836322701752895e+00 0
8.9016752405376920e-01 8.3719950203504112e-01 4.1836322701752913e+00 0
9.3395044292577012e-01 8.3719950203504112e-01 4.1836322701752895e+00 0
9.6999999999999931e-01 8.3719950203504112e-01 4.1836322701752877e+00 0
2.0000000000000007e-01 8.9016752405376920e-01 4.1836322701752913e+00 0
3.5355965573916825e-01 8.9016752405376920e-01 4.1836322701752895e+00 0
4.8949204057623086e-01 8.9016752405376920e-01 4.1836322701752913e+00 0
6.0227394021057945e-01 8.9016752405376920e-01 4.1836322701752895e+00 0
6.9574752138280171e-01 8.9016752405376920e-01 4.1836322701752913e+00 0
7.7315038155164917e-01 8.9016752405376920e-01 4.1836322701752913e+00 0
8.3719950203504112e-01 8.9016752405376920e-01 4.1836322701752895e+00 0
8.9016752405376920e-01 8.9016752405376920e-01 4.1836322701752913e+00 0
9.3395044292577012e-01 8.9016752405376920e-01 4.1836322701752895e+00 0
9.7000000000000020e-01 8.9016752405376920e-01 4.1836322701752895e+00 0
2.0000000000000007e-01 9.3395044292577012e-01 4.1836322701752913e+00 0
3.5355965573916825e-01 9.3395044292577012e-01 4.1836322701752895e+00 0
4.8949204057623064e-01 9.3395044292577012e-01 4.1836322701752913e+00 0
6.0227394021057989e-01 9.3395044292576967e-01 4.1836322701752913e+00 0
6.9574752138280171e-01 9.3395044292577101e-01 4.1836322701752913e+00 0
7.7315038155164917e-01 9.3395044292577012e-01 4.1836322701752913e+00 0
8.3719950203504112e-01 9.3395044292577056e-01 4.1836322701752895e+00 0
8.9016752405376920e-01 9.3395044292577012e-01 4.1836322701752913e+00 0
9.3395044292577012e-01 9.3395044292577012e-01 4.1836322701752895e+00 0
9.7000000000000020e-01 9.3395044292577012e-01 4.1836322701752895e+00 0
2.0000000000000007e-01 9.6999999999999975e-01 4.1836322701752913e+00 0
3.5355965573916825e-01 9.6999999999999975e-01 4.1836322701752895e+00 0
4.8949204057623086e-01 9.6999999999999975e-01 4.1836322701752913e+00 0
6.0227394021057989e-01 9.6999999999999975e-01 4.1836322701752913e+00 0
6.9574752138280171e-01 9.6999999999999975e-01 4.1836322701752913e+00 0
7.7315038155164917e-01 9.6999999999999975e-01 4.1836322701752913e+00 0
8.3719950203504112e-01 9.6999999999999975e-01 4.1836322701752895e+00 0
8.9016752405376920e-01 9.6999999999999975e-01 4.1836322701752913e+00 0
9.3395044292577012e-01 9.6999999999999975e-01 4.1836322701752895e+00 0
9.6999999999999975e-01 9.6999999999999975e-01 4.1836322701752895e+00 0
1.9999999999999996e-01 2.0000000000000007e-01 4.0609822461774758e+00 0
3.5355965573916825e-01 1.9999999999999996e-01 4.0609822461774758e+00 0
4.8949204057623108e-01 1.9999999999999996e-01 4.0609822461774758e+00 0
6.0227394021057945e-01 1.9999999999999996e-01 4.0609822461774741e+00 0
6.9574752138280171e-01 2.0000000000000007e-01 4.0609822461774758e+00 0
7.7315038155164917e-01 1.9999999999999996e-01 4.0609822461774758e+00 0
8.3719950203504068e-01 1.9999999999999996e-01 4.0609822461774758e+00 0
8.9016752405376876e-01 1.9999999999999996e-01 4.0609822461774758e+00 0
9.3395044292577012e-01 1.9999999999999996e-01 4.0609822461774758e+00 0
9.7000000000000020e-01 1.9999999999999996e-01 4.0609822461774741e+00 0
1.9999999999999996e-01 3.5355965573916825e-01 4.0609822461774758e+00 0
3.5355965573916825e-01 3.5355965573916803e-01 4.0609822461774758e+00 0
4.8949204057623108e-01 3.5355965573916825e-01 4.0609822461774758e+00 0
6.0227394021057945e-01 3.5355965573916803e-01 4.0609822461774741e+00 0
6.9574752138280127e-01 3.5355965573916825e-01 4.0609822461774758e+00 0
7.7315038155164917e-01 3.5355965573916803e-01 4.0609822461774758e+00 0
8.3719950203504068e-01 3.5355965573916803e-01 4.0609822461774758e+00 0
8.9016752405376876e-01 3.5355965573916825e-01 4.0609822461774758e+00 0
9.3395044292577012e-01 3.5355965573916825e-01 4.0609822461774741e+00 0
9.7000000000000020e-01 3.5355965573916825e-01 4.0609822461774741e+00 0
1.9999999999999996e-01 4.8949204057623108e-01 4.0609822461774758e+00 0
3.5355965573916825e-01 4.8949204057623108e-01 4.0609822461774758e+00 0
4.8949204057623108e-01 4.8949204057623108e-01 4.0609822461774758e+00 0
6.0227394021057989e-01 4.8949204057623064e-01 4.0609822461774741e+00 0
6.9574752138280171e-01 4.8949204057623064e-01 4.0609822461774758e+00 0
7.7315038155164917e-01 4.8949204057623086e-01 4.0609822461774758e+00 0
8.3719950203504068e-01 4.8949204057623064e-01 4.0609822461774758e+00 0
8.9016752405376876e-01 4.8949204057623086e-01 4.0609822461774758e+00 0
9.3395044292577012e-01 4.8949204057623108e-01 4.0609822461774741e+00 0
9.7000000000000020e-01 4.8949204057623086e-01 4.0609822461774741e+00 0
1.9999999999999996e-01 6.0227394021057945e-01 4.0609822461774758e+00 0
3.5355965573916825e-01 6.0227394021057989e-01 4.0609822461774758e+00 0
4.8949204057623064e-01 6.0227394021057967e-01 4.0609822461774758e+00 0
6.0227394021057989e-01 6.0227394021057967e-01 4.0609822461774741e+00 0
6.9574752138280171e-01 6.0227394021057967e-01 4.0609822461774758e+00 0
7.7315038155164917e-01 6.0227394021057967e-01 4.0609822461774758e+00 0
8.3719950203504068e-01 6.0227394021057989e-01 4.0609822461774758e+00 0
8.9016752405376876e-01 6.0227394021057945e-01 4.0609822461774758e+00 0
9.3395044292577012e-01 6.0227394021057989e-01 4.0609822461774741e+00 0
9.7000000000000020e-01 6.0227394021057967e-01 4.0609822461774741e+00 0
1.9999999999999996e-01 6.9574752138280171e-01 4.0609822461774758e+00 0
3.5355965573916825e-01 6.9574752138280216e-01 4.0609822461774758e+00 0
4.8949204057623108e-01 6.9574752138280171e-01 4.0609822461774758e+00 0
6.0227394021057989e-01 6.9574752138280171e-01 4.0609822461774741e+00 0
6.9574752138280127e-01 6.9574752138280171e-01 4.0609822461774758e+00 0
7.7315038155164917e-01 6.9574752138280127e-01 4.0609822461774758e+00 0
8.3719950203504068e-01 6.9574752138280171e-01 4.0609822461774758e+00 0
8.9016752405376876e-01 6.9574752138280127e-01 4.0609822461774758e+00 0
9.3395044292577012e-01 6.9574752138280171e-01 4.0609822461774741e+00 0
9.7000000000000020e-01 6.9574752138280171e-01 4.0609822461774741e+00 0
1.9999999999999996e-01 7.7315038155164917e-01 4.0609822461774758e+00 0
3.5355965573916825e-01 7.7315038155164872e-01 4.0609822461774758e+00 0
4.8949204057623108e-01 7.7315038155164917e-01 4.0609822461774758e+00 0
6.0227394021057989e-01 7.7315038155164872e-01 4.0609822461774741e+00 0
6.9574752138280171e-01 7.7315038155164917e-01 4.0609822461774758e+00 0
7.7315038155164917e-01 7.7315038155164917e-01 4.0609822461774758e+00 0
8.3719950203504068e-01 7.7315038155164917e-01 4.0609822461774758e+00 0
8.9016752405376876e-01 7.7315038155164917e-01 4.0609822461774758e+00 0
9.3395044292577012e-01 7.7315038155164917e-01 4.0609822461774741e+00 0
9.7000000000000020e-01 7.7315038155164917e-01 4.0609822461774741e+00 0
1.9999999999999996e-01 8.3719950203504068e-01 4.0609822461774758e+00 0
3.5355965573916825e-01 8.3719950203504068e-01 4.0609822461774758e+00 0
4.8949204057623108e-01 8.3719950203504068e-01 4.0609822461774758e+00 0
6.0227394021057989e-01 8.3719950203504068e-01 4.0609822461774741e+00 0
6.9574752138280171e-01 8.3719950203504068e-01 4.0609822461774758e+00 0
7.7315038155164917e-01 8.3719950203504068e-01 4.0609822461774758e+00 0
8.3719950203504068e-01 8.3719950203504068e-01 4.0609822461774758e+00 0
8.9016752405376876e-01 8.3719950203504068e-01 4.0609822461774758e+00 0
9.3395044292577012e-01 8.3719950203504068e-01 4.0609822461774741e+00 0
9.7000000000000020e-01 8.3719950203504068e-01 4.0609822461774741e+00 0
1.9999999999999996e-01 8.9016752405376876e-01 4.0609822461774758e+00 0
3.5355965573916825e-01 8.9016752405376876e-01 4.0609822461774758e+00 0
4.8949204057623108e-01 8.9016752405376876e-01 4.0609822461774758e+00 0
6.0227394021057989e-01 8.9016752405376876e-01 4.0609822461774741e+00 0
6.9574752138280171e-01 8.9016752405376876e-01 4.0609822461774758e+00 0
7.7315038155164917e-01 8.9016752405376876e-01 4.0609822461774758e+00 0
8.3719950203504068e-01 8.9016752405376876e-01 4.0609822461774758e+00 0
8.9016752405376876e-01 8.9016752405376876e-01 4.0609822461774758e+00 0
9.3395044292577012e-01 8.9016752405376876e-01 4.0609822461774741e+00 0
9.7000000000000020e-01 8.9016752405376876e-01 4.0609822461774741e+00 0
1.9999999999999996e-01 9.3395044292577012e-01 4.0609822461774758e+00 0
3.5355965573916848e-01 9.3395044292577012e-01 4.0609822461774758e+00 0
4.8949204057623108e-01 9.3395044292576967e-01 4.0609822461774758e+00 0
6.0227394021057989e-01 9.3395044292576967e-01 4.0609822461774758e+00 0
6.9574752138280171e-01 9.3395044292577012e-01 4.0609822461774758e+00 0
7.7315038155164917e-01 9.3395044292577012e-01 4.0609822461774758e+00 0
8.3719950203504068e-01 9.3395044292577012e-01 4.0609822461774758e+00 0
8.9016752405376876e-01 9.3395044292577012e-01 4.0609822461774758e+00 0
9.3395044292577012e-01 9.3395044292577012e-01 4.0609822461774741e+00 0
9.7000000000000020e-01 9.3395044292577012e-01 4.0609822461774758e+00 0
1.9999999999999996e-01 9.7000000000000020e-01 4.0609822461774758e+00 0
3.5355965573916848e-01 9.7000000000000020e-01 4.0609822461774758e+00 0
4.8949204057623108e-01 9.7000000000000020e-01 4.0609822461774758e+00 0
6.0227394021057989e-01 9.7000000000000020e-01 4.0609822461774741e+00 0
6.9574752138280171e-01 9.7000000000000020e-01 4.0609822461774758e+00 0
7.7315038155164917e-01 9.7000000000000020e-01 4.0609822461774758e+00 0
8.3719950203504068e-01 9.7000000000000020e-01 4.0609822461774758e+00 0
8.9016752405376876e-01 9.7000000000000020e-01 4.0609822461774758e+00 0
9.3395044292577012e-01 9.7000000000000020e-01 4.0609822461774741e+00 0
9.7000000000000020e-01 9.7000000000000020e-01 4.0609822461774741e+00 0
2.0000000000000007e-01 1.9999999999999996e-01 3.9299717013055879e+00 0
3.5355965573916848e-01 2.0000000000000007e-01 3.9299717013055862e+00 0
4.8949204057623086e-01 2.0000000000000007e-01 3.9299717013055897e+00 0
6.0227394021057945e-01 2.0000000000000007e-01 3.9299717013055897e+00 0
6.9574752138280127e-01 1.9999999999999996e-01 3.9299717013055897e+00 0
7.7315038155164961e-01 2.0000000000000007e-01 3.9299717013055915e+00 0
8.3719950203504112e-01 2.0000000000000007e-01 3.9299717013055897e+00 0
8.9016752405376876e-01 2.0000000000000007e-01 3.9299717013055897e+00 0
9.3395044292577012e-01 2.0000000000000007e-01 3.9299717013055897e+00 0
9.6999999999999975e-01 2.0000000000000007e-01 3.9299717013055879e+00 0
1.9999999999999996e-01 3.5355965573916848e-01 3.9299717013055879e+00 0
3.5355965573916825e-01 3.5355965573916825e-01 3.9299717013055879e+00 0
4.8949204057623086e-01 3.5355965573916848e-01 3.9299717013055879e+00 0
6.0227394021057945e-01 3.5355965573916803e-01 3.9299717013055879e+00 0
6.9574752138280127e-01 3.5355965573916803e-01 3.9299717013055915e+00 0
7.7315038155164961e-01 3.5355965573916825e-01 3.9299717013055915e+00 0
8.3719950203504112e-01 3.5355965573916803e-01 3.9299717013055933e+00 0
8.9016752405376876e-01 3.5355965573916803e-01 3.9299717013055897e+00 0
9.3395044292576967e-01 3.5355965573916825e-01 3.9299717013055897e+00 0
9.6999999999999975e-01 3.5355965573916825e-01 3.9299717013055879e+00 0
2.0000000000000007e-01 4.8949204057623086e-01 3.9299717013055879e+00 0
3.5355965573916848e-01 4.8949204057623086e-01 3.9299717013055915e+00 0
4.8949204057623086e-01 4.8949204057623086e-01 3.9299717013055897e+00 0
6.0227394021057989e-01 4.8949204057623086e-01 3.9299717013055897e+00 0
6.9574752138280127e-01 4.8949204057623086e-01 3.9299717013055897e+00 0
7.7315038155164961e-01 4.8949204057623086e-01 3.9299717013055897e+00 0
8.3719950203504112e-01 4.8949204057623086e-01 3.9299717013055897e+00 0
8.9016752405376920e-01 4.8949204057623086e-01 3.9299717013055897e+00 0
9.3395044292577012e-01 4.8949204057623086e-01 3.9299717013055897e+00 0
9.6999999999999975e-01 4.8949204057623086e-01 3.9299717013055897e+00 0
2.0000000000000007e-01 6.0227394021057989e-01 3.9299717013055879e+00 0
3.5355965573916848e-01 6.0227394021057989e-01 3.9299717013055915e+00 0
4.8949204057623086e-01 6.0227394021057967e-01 3.9299717013055897e+00 0
6.0227394021057989e-01 6.0227394021057967e-01 3.9299717013055897e+00 0
6.9574752138280127e-01 6.0227394021057967e-01 3.9299717013055897e+00 0
7.7315038155164961e-01 6.0227394021057967e-01 3.9299717013055897e+00 0
8.3719950203504112e-01 6.0227394021057989e-01 3.9299717013055897e+00 0
8.9016752405376876e-01 6.0227394021057989e-01 3.9299717013055897e+00 0
9.3395044292577012e-01 6.0227394021057945e-01 3.9299717013055915e+00 0
9.6999999999999975e-01 6.0227394021057967e-01 3.9299717013055897e+00 0
2.0000000000000007e-01 6.9574752138280083e-01 3.9299717013055897e+00 0
3.5355965573916825e-01 6.9574752138280083e-01 3.9299717013055897e+00 0
4.8949204057623108e-01 6.9574752138280127e-01 3.9299717013055897e+00 0
6.0227394021057989e-01 6.9574752138280127e-01 3.9299717013055897e+00 0
6.9574752138280171e-01 6.9574752138280127e-01 3.9299717013055897e+00 0
7.7315038155164961e-01 6.9574752138280127e-01 3.9299717013055897e+00 0
8.3719950203504112e-01 6.9574752138280127e-01 3.9299717013055897e+00 0
8.9016752405376920e-01 6.9574752138280127e-01 3.9299717013055897e+00 0
9.3395044292577012e-01 6.9574752138280127e-01 3.9299717013055897e+00 0
9.6999999999999975e-01 6.9574752138280127e-01 3.9299717013055897e+00 0
2.0000000000000007e-01 7.7315038155164961e-01 3.9299717013055879e+00 0
3.5355965573916825e-01 7.7315038155164961e-01 3.9299717013055915e+00 0
4.8949204057623086e-01 7.7315038155164961e-01 3.9299717013055897e+00 0
6.0227394021057945e-01 7.7315038155164961e-01 3.9299717013055897e+00 0
6.9574752138280171e-01 7.7315038155164961e-01 3.9299717013055897e+00 0
7.7315038155164961e-01 7.7315038155164961e-01 3.9299717013055897e+00 0
8.3719950203504112e-01 7.7315038155164961e-01 3.9299717013055897e+00 0
8.9016752405376920e-01 7.7315038155164961e-01 3.9299717013055897e+00 0
9.3395044292577012e-01 7.7315038155164961e-01 3.9299717013055897e+00 0
9.6999999999999975e-01 7.7315038155164961e-01 3.9299717013055897e+00 0
2.0000000000000007e-01 8.3719950203504112e-01 3.9299717013055897e+00 0
3.5355965573916848e-01 8.3719950203504112e-01 3.9299717013055897e+00 0
4.8949204057623086e-01 8.3719950203504112e-01 3.9299717013055897e+00 0
6.0227394021057989e-01 8.3719950203504112e-01 3.9299717013055897e+00 0
6.9574752138280127e-01 8.3719950203504112e-01 3.9299717013055897e+00 0
7.7315038155164961e-01 8.3719950203504112e-01 3.9299717013055897e+00 0
8.3719950203504112e-01 8.3719950203504112e-01 3.9299717013055897e+00 0
8.9016752405376876e-01 8.3719950203504112e-01 3.9299717013055897e+00 0
9.3395044292577012e-01 8.3719950203504068e-01 3.9299717013055897e+00 0
9.6999999999999975e-01 8.3719950203504112e-01 3.9299717013055897e+00 0
2.0000000000000007e-01 8.9016752405376876e-01 3.9299717013055915e+00 0
3.5355965573916825e-01 8.9016752405376876e-01 3.9299717013055915e+00 0
4.8949204057623086e-01 8.9016752405376876e-01 3.9299717013055897e+00 0
6.0227394021057989e-01 8.9016752405376920e-01 3.9299717013055897e+00 0
6.9574752138280171e-01 8.9016752405376876e-01 3.9299717013055897e+00 0
7.7315038155164961e-01 8.9016752405376876e-01 3.9299717013055897e+00 0
8.3719950203504112e-01 8.9016752405376831e-01 3.9299717013055897e+00 0
8.9016752405376920e-01 8.9016752405376876e-01 3.9299717013055897e+00 0
9.3395044292577012e-01 8.9016752405376876e-01 3.9299717013055897e+00 0
9.6999999999999975e-01 8.9016752405376831e-01 3.9299717013055897e+00 0
2.0000000000000007e-01 9.3395044292576967e-01 3.9299717013055897e+00 0
3.5355965573916848e-01 9.3395044292576923e-01 3.9299717013055897e+00 0
4.8949204057623064e-01 9.3395044292576967e-01 3.9299717013055897e+00 0
6.0227394021057989e-01 9.3395044292577012e-01 3.9299717013055897e+00 0
6.9574752138280127e-01 9.3395044292576967e-01 3.9299717013055897e+00 0
7.7315038155164961e-01 9.3395044292577012e-01 3.9299717013055897e+00 0
8.3719950203504112e-01 9.3395044292577012e-01 3.9299717013055897e+00 0
8.9016752405376920e-01 9.3395044292577012e-01 3.9299717013055897e+00 0
9.3395044292576967e-01 9.3395044292576967e-01 3.9299717013055897e+00 0
9.6999999999999975e-01 9.3395044292576967e-01 3.9299717013055897e+00 0
1.9999999999999996e-01 9.7000000000000020e-01 3.9299717013055879e+00 0
3.5355965573916848e-01 9.6999999999999975e-01 3.9299717013055897e+00 0
4.8949204057623086e-01 9.7000000000000064e-01 3.9299717013055897e+00 0
6.0227394021057989e-01 9.7000000000000064e-01 3.9299717013055897e+00 0
6.9574752138280127e-01 9.7000000000000064e-01 3.9299717013055897e+00 0
7.7315038155164961e-01 9.7000000000000020e-01 3.9299717013055897e+00 0
8.3719950203504112e-01 9.7000000000000064e-01 3.9299717013055897e+00 0
8.9016752405376876e-01 9.6999999999999975e-01 3.9299717013055897e+00 0
9.3395044292576967e-01 9.7000000000000020e-01 3.9299717013055897e+00 0
9.7000000000000020e-01 9.7000000000000020e-01 3.9299717013055897e+00 0
1.9999999999999996e-01 2.0000000000000018e-01 3.7884351315957687e+00 0
3.5355965573916825e-01 1.9999999999999996e-01 3.7884351315957687e+00 0
4.8949204057623086e-01 1.9999999999999996e-01 3.7884351315957687e+00 0
6.0227394021057989e-01 1.9999999999999996e-01 3.7884351315957687e+00 0
6.9574752138280127e-01 2.0000000000000007e-01 3.7884351315957687e+00 0
7.7315038155164961e-01 1.9999999999999996e-01 3.7884351315957687e+00 0
8.3719950203504112e-01 1.9999999999999996e-01 3.7884351315957669e+00 0
8.9016752405376876e-01 1.9999999999999996e-01 3.7884351315957687e+00 0
9.3395044292577012e-01 1.9999999999999996e-01 3.7884351315957687e+00 0
9.6999999999999975e-01 1.9999999999999996e-01 3.7884351315957705e+00 0
1.9999999999999996e-01 3.5355965573916825e-01 3.7884351315957687e+00 0
3.5355965573916825e-01 3.5355965573916825e-01 3.7884351315957705e+00 0
4.8949204057623086e-01 3.5355965573916825e-01 3.7884351315957687e+00 0
6.0227394021057989e-01 3.5355965573916825e-01 3.7884351315957687e+00 0
6.9574752138280127e-01 3.5355965573916825e-01 3.7884351315957687e+00 0
7.7315038155164961e-01 3.5355965573916825e-01 3.7884351315957687e+00 0
8.3719950203504112e-01 3.5355965573916825e-01 3.7884351315957669e+00 0
8.9016752405376920e-01 3.5355965573916848e-01 3.7884351315957705e+00 0
9.3395044292576967e-01 3.5355965573916825e-01 3.7884351315957687e+00 0
9.6999999999999975e-01 3.5355965573916825e-01 3.7884351315957687e+00 0
1.9999999999999996e-01 4.8949204057623086e-01 3.7884351315957687e+00 0
3.5355965573916825e-01 4.8949204057623086e-01 3.7884351315957687e+00 0
4.8949204057623086e-01 4.8949204057623108e-01 3.7884351315957687e+00 0
6.0227394021057989e-01 4.8949204057623108e-01 3.7884351315957705e+00 0
6.9574752138280083e-01 4.8949204057623108e-01 3.7884351315957687e+00 0
7.7315038155164917e-01 4.8949204057623086e-01 3.7884351315957687e+00 0
8.3719950203504112e-01 4.8949204057623086e-01 3.7884351315957652e+00 0
8.9016752405376876e-01 4.8949204057623086e-01 3.7884351315957687e+00 0
9.3395044292576967e-01 4.8949204057623086e-01 3.7884351315957687e+00 0
9.6999999999999975e-01 4.8949204057623086e-01 3.7884351315957687e+00 0
1.9999999999999996e-01 6.0227394021057989e-01 3.7884351315957705e+00 0
3.5355965573916825e-01 6.0227394021057989e-01 3.7884351315957705e+00 0
4.8949204057623086e-01 6.0227394021057989e-01 3.7884351315957687e+00 0
6.0227394021057989e-01 6.0227394021057989e-01 3.7884351315957705e+00 0
6.9574752138280127e-01 6.0227394021057989e-01 3.7884351315957687e+00 0
7.7315038155164961e-01 6.0227394021057989e-01 3.7884351315957687e+00 0
8.3719950203504112e-01 6.0227394021057989e-01 3.7884351315957687e+00 0
8.9016752405376876e-01 6.0227394021057989e-01 3.7884351315957669e+00 0
9.3395044292577012e-01 6.0227394021057989e-01 3.7884351315957705e+00 0
9.6999999999999975e-01 6.0227394021057989e-01 3.7884351315957687e+00 0
1.9999999999999996e-01 6.9574752138280127e-01 3.7884351315957687e+00 0
3.5355965573916825e-01 6.9574752138280127e-01 3.7884351315957705e+00 0
4.8949204057623086e-01 6.9574752138280127e-01 3.7884351315957687e+00 0
6.0227394021057989e-01 6.9574752138280127e-01 3.7884351315957687e+00 0
6.9574752138280127e-01 6.9574752138280127e-01 3.7884351315957687e+00 0
7.7315038155164961e-01 6.9574752138280127e-01 3.7884351315957687e+00 0
8.3719950203504112e-01 6.9574752138280083e-01 3.7884351315957705e+00 0
8.9016752405376876e-01 6.9574752138280127e-01 3.7884351315957687e+00 0
9.3395044292577012e-01 6.9574752138280083e-01 3.7884351315957687e+00 0
9.6999999999999975e-01 6.9574752138280127e-01 3.7884351315957687e+00 0
1.9999999999999996e-01 7.7315038155164961e-01 3.7884351315957687e+00 0
3.5355965573916825e-01 7.7315038155164961e-01 3.7884351315957687e+00 0
4.8949204057623086e-01 7.7315038155164961e-01 3.7884351315957687e+00 0
6.0227394021057989e-01 7.7315038155164917e-01 3.7884351315957687e+00 0
6.9574752138280127e-01 7.7315038155164917e-01 3.7884351315957687e+00 0
7.7315038155164961e-01 7.7315038155164961e-01 3.7884351315957669e+00 0
8.3719950203504112e-01 7.7315038155164961e-01 3.7884351315957687e+00 0
8.9016752405376876e-01 7.7315038155164961e-01 3.7884351315957669e+00 0
9.3395044292577012e-01 7.7315038155164961e-01 3.7884351315957669e+00 0
9.6999999999999975e-01 7.7315038155164961e-01 3.7884351315957687e+00 0
1.9999999999999996e-01 8.3719950203504157e-01 3.7884351315957687e+00 0
3.5355965573916848e-01 8.3719950203504112e-01 3.7884351315957687e+00 0
4.8949204057623086e-01 8.3719950203504157e-01 3.7884351315957687e+00 0
6.0227394021057989e-01 8.3719950203504157e-01 3.7884351315957705e+00 0
6.9574752138280171e-01 8.3719950203504112e-01 3.7884351315957687e+00 0
7.7315038155164917e-01 8.3719950203504112e-01 3.7884351315957687e+00 0
8.3719950203504112e-01 8.3719950203504112e-01 3.7884351315957652e+00 0
8.9016752405376876e-01 8.3719950203504112e-01 3.7884351315957669e+00 0
9.3395044292576967e-01 8.3719950203504112e-01 3.7884351315957687e+00 0
9.6999999999999975e-01 8.3719950203504112e-01 3.7884351315957687e+00 0
1.9999999999999996e-01 8.9016752405376876e-01 3.7884351315957687e+00 0
3.5355965573916825e-01 8.9016752405376876e-01 3.7884351315957687e+00 0
4.8949204057623086e-01 8.9016752405376876e-01 3.7884351315957687e+00 0
6.0227394021057989e-01 8.9016752405376831e-01 3.7884351315957687e+00 0
6.9574752138280127e-01 8.9016752405376920e-01 3.7884351315957687e+00 0
7.7315038155164917e-01 8.9016752405376876e-01 3.7884351315957687e+00 0
8.3719950203504112e-01 8.9016752405376876e-01 3.7884351315957669e+00 0
8.9016752405376876e-01 8.9016752405376876e-01 3.7884351315957669e+00 0
9.3395044292577012e-01 8.9016752405376920e-01 3.7884351315957669e+00 0
9.6999999999999975e-01 8.9016752405376920e-01 3.7884351315957687e+00 0
1.9999999999999996e-01 9.3395044292577012e-01 3.7884351315957687e+00 0
3.5355965573916803e-01 9.3395044292577012e-01 3.7884351315957687e+00 0
4.8949204057623064e-01 9.3395044292577012e-01 3.7884351315957687e+00 0
6.0227394021057989e-01 9.3395044292577012e-01 3.7884351315957687e+00 0
6.9574752138280127e-01 9.3395044292577012e-01 3.7884351315957687e+00 0
7.7315038155164917e-01 9.3395044292576967e-01 3.7884351315957669e+00 0
8.3719950203504112e-01 9.3395044292576967e-01 3.7884351315957687e+00 0
8.9016752405376876e-01 9.3395044292577012e-01 3.7884351315957669e+00 0
9.3395044292576967e-01 9.3395044292576967e-01 3.7884351315957669e+00 0
9.6999999999999975e-01 9.3395044292577012e-01 3.7884351315957687e+00 0
1.9999999999999996e-01 9.6999999999999975e-01 3.7884351315957687e+00 0
3.5355965573916825e-01 9.7000000000000020e-01 3.7884351315957705e+00 0
4.8949204057623086e-01 9.6999999999999975e-01 3.7884351315957705e+00 0
6.0227394021057989e-01 9.6999999999999975e-01 3.7884351315957687e+00 0
6.9574752138280127e-01 9.6999999999999975e-01 3.7884351315957687e+00 0
7.7315038155164961e-01 9.6999999999999975e-01 3.7884351315957687e+00 0
8.3719950203504112e-01 9.6999999999999975e-01 3.7884351315957669e+00 0
8.9016752405376876e-01 9.6999999999999975e-01 3.7884351315957687e+00 0
9.3395044292577012e-01 9.6999999999999975e-01 3.7884351315957687e+00 0
9.6999999999999975e-01 9.6999999999999975e-01 3.7884351315957705e+00 0
2.0000000000000007e-01 1.9999999999999996e-01 3.6323357583068105e+00 0
3.5355965573916825e-01 2.0000000000000007e-01 3.6323357583068123e+00 0
4.8949204057623108e-01 1.9999999999999996e-01 3.6323357583068123e+00 0
6.0227394021057989e-01 1.9999999999999996e-01 3.6323357583068123e+00 0
6.9574752138280127e-01 1.9999999999999996e-01 3.6323357583068123e+00 0
7.7315038155164917e-01 1.9999999999999996e-01 3.6323357583068123e+00 0
8.3719950203504112e-01 1.9999999999999996e-01 3.6323357583068105e+00 0
8.9016752405376876e-01 1.9999999999999996e-01 3.6323357583068123e+00 0
9.3395044292577012e-01 1.9999999999999996e-01 3.6323357583068123e+00 0
9.7000000000000020e-01 1.9999999999999996e-01 3.6323357583068123e+00 0
1.9999999999999996e-01 3.5355965573916825e-01 3.6323357583068123e+00 0
3.5355965573916825e-01 3.5355965573916825e-01 3.6323357583068123e+00 0
4.8949204057623108e-01 3.5355965573916825e-01 3.6323357583068123e+00 0
6.0227394021057989e-01 3.5355965573916803e-01 3.6323357583068141e+00 0
6.9574752138280127e-01 3.5355965573916825e-01 3.6323357583068141e+00 0
7.7315038155164917e-01 3.5355965573916825e-01 3.6323357583068141e+00 0
8.3719950203504112e-01 3.5355965573916825e-01 3.6323357583068141e+00 0
8.9016752405376876e-01 3.5355965573916825e-01 3.6323357583068123e+00 0
9.3395044292577012e-01 3.5355965573916825e-01 3.6323357583068123e+00 0
9.7000000000000020e-01 3.5355965573916825e-01 3.6323357583068123e+00 0
1.9999999999999996e-01 4.8949204057623086e-01 3.6323357583068123e+00 0
3.5355965573916825e-01 4.8949204057623108e-01 3.6323357583068105e+00 0
4.8949204057623108e-01 4.8949204057623108e-01 3.6323357583068123e+00 0
6.0227394021057989e-01 4.8949204057623108e-01 3.6323357583068123e+00 0
6.9574752138280127e-01 4.8949204057623108e-01 3.6323357583068123e+00 0
7.7315038155164917e-01 4.8949204057623108e-01 3.6323357583068123e+00 0
8.3719950203504112e-01 4.8949204057623108e-01 3.6323357583068105e+00 0
8.9016752405376876e-01 4.8949204057623108e-01 3.6323357583068123e+00 0
9.3395044292577012e-01 4.8949204057623130e-01 3.6323357583068123e+00 0
9.7000000000000020e-01 4.8949204057623108e-01 3.6323357583068123e+00 0
1.9999999999999996e-01 6.0227394021057989e-01 3.6323357583068123e+00 0
3.5355965573916825e-01 6.0227394021057989e-01 3.6323357583068105e+00 0
4.8949204057623086e-01 6.0227394021057989e-01 3.6323357583068123e+00 0
6.0227394021057989e-01 6.0227394021057989e-01 3.6323357583068123e+00 0
6.9574752138280127e-01 6.0227394021057989e-01 3.6323357583068141e+00 0
7.7315038155164917e-01 6.0227394021057989e-01 3.6323357583068123e+00 0
8.3719950203504112e-01 6.0227394021057989e-01 3.6323357583068123e+00 0
8.9016752405376876e-01 6.0227394021057989e-01 3.6323357583068123e+00 0
9.3395044292577012e-01 6.0227394021057989e-01 3.6323357583068141e+00 0
9.7000000000000020e-01 6.0227394021057989e-01 3.6323357583068123e+00 0
1.9999999999999996e-01 6.9574752138280127e-01 3.6323357583068123e+00 0
3.5355965573916825e-01 6.9574752138280127e-01 3.6323357583068123e+00 0
4.8949204057623108e-01 6.9574752138280171e-01 3.6323357583068141e+00 0
6.0227394021057989e-01 6.9574752138280127e-01 3.6323357583068123e+00 0
6.9574752138280127e-01 6.9574752138280127e-01 3.6323357583068123e+00 0
7.7315038155164917e-01 6.9574752138280171e-01 3.6323357583068123e+00 0
8.3719950203504112e-01 6.9574752138280127e-01 3.6323357583068105e+00 0
8.9016752405376876e-01 6.9574752138280171e-01 3.6323357583068123e+00 0
9.3395044292577012e-01 6.9574752138280171e-01 3.6323357583068123e+00 0
9.7000000000000020e-01 6.9574752138280127e-01 3.6323357583068105e+00 0
1.9999999999999996e-01 7.7315038155164917e-01 3.6323357583068105e+00 0
3.5355965573916825e-01 7.7315038155164917e-01 3.6323357583068105e+00 0
4.8949204057623108e-01 7.7315038155164917e-01 3.6323357583068123e+00 0
6.0227394021057989e-01 7.7315038155164917e-01 3.6323357583068123e+00 0
6.9574752138280171e-01 7.7315038155164917e-01 3.6323357583068141e+00 0
7.7315038155164917e-01 7.7315038155164917e-01 3.6323357583068141e+00 0
8.3719950203504112e-01 7.7315038155164917e-01 3.6323357583068123e+00 0
8.9016752405376876e-01 7.7315038155164917e-01 3.6323357583068141e+00 0
9.3395044292577012e-01 7.7315038155164917e-01 3.6323357583068123e+00 0
9.7000000000000020e-01 7.7315038155164917e-01 3.6323357583068105e+00 0
1.9999999999999996e-01 8.3719950203504112e-01 3.6323357583068123e+00 0
3.5355965573916848e-01 8.3719950203504112e-01 3.6323357583068105e+00 0
4.8949204057623108e-01 8.3719950203504112e-01 3.6323357583068123e+00 0
6.0227394021057989e-01 8.3719950203504112e-01 3.6323357583068123e+00 0
6.9574752138280127e-01 8.3719950203504112e-01 3.6323357583068123e+00 0
7.7315038155164917e-01 8.3719950203504112e-01 3.6323357583068123e+00 0
8.3719950203504112e-01 8.3719950203504112e-01 3.6323357583068123e+00 0
8.9016752405376876e-01 8.3719950203504112e-01 3.6323357583068123e+00 0
9.3395044292577012e-01 8.3719950203504112e-01 3.6323357583068141e+00 0
9.7000000000000020e-01 8.3719950203504112e-01 3.6323357583068123e+00 0
1.9999999999999996e-01 8.9016752405376876e-01 3.6323357583068105e+00 0
3.5355965573916825e-01 8.9016752405376876e-01 3.6323357583068105e+00 0
4.8949204057623130e-01 8.9016752405376876e-01 3.6323357583068123e+00 0
6.0227394021057989e-01 8.9016752405376876e-01 3.6323357583068123e+00 0
6.9574752138280127e-01 8.9016752405376876e-01 3.6323357583068141e+00 0
7.7315038155164917e-01 8.9016752405376876e-01 3.6323357583068141e+00 0
8.3719950203504112e-01 8.9016752405376876e-01 3.6323357583068123e+00 0
8.9016752405376876e-01 8.9016752405376876e-01 3.6323357583068141e+00 0
9.3395044292577012e-01 8.9016752405376876e-01 3.6323357583068123e+00 0
9.7000000000000020e-01 8.9016752405376876e-01 3.6323357583068105e+00 0
1.9999999999999996e-01 9.3395044292577012e-01 3.6323357583068123e+00 0
3.5355965573916825e-01 9.3395044292577012e-01 3.6323357583068105e+00 0
4.8949204057623064e-01 9.3395044292577012e-01 3.6323357583068123e+00 0
6.0227394021057989e-01 9.3395044292577012e-01 3.6323357583068141e+00 0
6.9574752138280127e-01 9.3395044292577012e-01 3.6323357583068141e+00 0
7.7315038155164917e-01 9.3395044292577012e-01 3.6323357583068141e+00 0
8.3719950203504112e-01 9.3395044292577012e-01 3.6323357583068123e+00 0
8.9016752405376876e-01 9.3395044292577012e-01 3.6323357583068141e+00 0
9.3395044292577012e-01 9.3395044292577012e-01 3.6323357583068141e+00 0
9.7000000000000020e-01 9.3395044292577012e-01 3.6323357583068123e+00 0
1.9999999999999996e-01 9.7000000000000020e-01 3.6323357583068123e+00 0
3.5355965573916825e-01 9.7000000000000020e-01 3.6323357583068105e+00 0
4.8949204057623086e-01 9.7000000000000020e-01 3.6323357583068123e+00 0
6.0227394021057989e-01 9.7000000000000020e-01 3.6323357583068123e+00 0
6.9574752138280127e-01 9.7000000000000020e-01 3.6323357583068123e+00 0
7.7315038155164917e-01 9.7000000000000020e-01 3.6323357583068123e+00 0
8.3719950203504157e-01 9.7000000000000020e-01 3.6323357583068123e+00 0
8.9016752405376876e-01 9.7000000000000020e-01 3.6323357583068123e+00 0
9.3395044292577012e-01 9.7000000000000020e-01 3.6323357583068123e+00 0
9.7000000000000020e-01 9.7000000000000020e-01 3.6323357583068105e+00 0
1.9999999999999996e-01 2.0000000000000007e-01 3.4544205451854619e+00 0
3.5355965573916825e-01 1.9999999999999984e-01 3.4544205451854619e+00 0
4.8949204057623064e-01 1.9999999999999973e-01 3.4544205451854619e+00 0
6.0227394021057989e-01 1.9999999999999984e-01 3.4544205451854637e+00 0
6.9574752138280127e-01 1.9999999999999996e-01 3.4544205451854619e+00 0
7.7315038155164961e-01 2.0000000000000007e-01 3.4544205451854637e+00 0
8.3719950203504112e-01 2.0000000000000007e-01 3.4544205451854637e+00 0
8.9016752405376876e-01 2.0000000000000007e-01 3.4544205451854637e+00 0
9.3395044292576967e-01 2.0000000000000007e-01 3.4544205451854637e+00 0
9.7000000000000020e-01 2.0000000000000007e-01 3.4544205451854637e+00 0
2.0000000000000007e-01 3.5355965573916825e-01 3.4544205451854619e+00 0
3.5355965573916825e-01 3.5355965573916825e-01 3.4544205451854619e+00 0
4.8949204057623086e-01 3.5355965573916825e-01 3.4544205451854619e+00 0
6.0227394021057989e-01 3.5355965573916825e-01 3.4544205451854637e+00 0
6.9574752138280171e-01 3.5355965573916825e-01 3.4544205451854637e+00 0
7.7315038155164961e-01 3.5355965573916825e-01 3.4544205451854637e+00 0
8.3719950203504112e-01 3.5355965573916825e-01 3.4544205451854637e+00 0
8.9016752405376920e-01 3.5355965573916825e-01 3.4544205451854619e+00 0
9.3395044292576967e-01 3.5355965573916825e-01 3.4544205451854637e+00 0
9.7000000000000020e-01 3.5355965573916825e-01 3.4544205451854637e+00 0
2.0000000000000007e-01 4.8949204057623064e-01 3.4544205451854619e+00 0
3.5355965573916825e-01 4.8949204057623086e-01 3.4544205451854619e+00 0
4.8949204057623064e-01 4.8949204057623086e-01 3.4544205451854619e+00 0
6.0227394021058034e-01 4.8949204057623086e-01 3.4544205451854637e+00 0
6.9574752138280127e-01 4.8949204057623086e-01 3.4544205451854619e+00 0
7.7315038155164961e-01 4.8949204057623086e-01 3.4544205451854637e+00 0
8.3719950203504112e-01 4.8949204057623086e-01 3.4544205451854637e+00 0
8.9016752405376876e-01 4.8949204057623086e-01 3.4544205451854637e+00 0
9.3395044292576967e-01 4.8949204057623086e-01 3.4544205451854637e+00 0
9.7000000000000020e-01 4.8949204057623086e-01 3.4544205451854637e+00 0
2.0000000000000007e-01 6.0227394021058034e-01 3.4544205451854619e+00 0
3.5355965573916848e-01 6.0227394021057989e-01 3.4544205451854619e+00 0
4.8949204057623086e-01 6.0227394021057989e-01 3.4544205451854619e+00 0
6.0227394021057989e-01 6.0227394021057989e-01 3.4544205451854637e+00 0
6.9574752138280216e-01 6.0227394021057989e-01 3.4544205451854637e+00 0
7.7315038155164961e-01 6.0227394021058034e-01 3.4544205451854637e+00 0
8.3719950203504112e-01 6.0227394021057989e-01 3.4544205451854637e+00 0
8.9016752405376876e-01 6.0227394021057989e-01 3.4544205451854637e+00 0
9.3395044292577012e-01 6.0227394021057989e-01 3.4544205451854637e+00 0
9.7000000000000020e-01 6.0227394021057989e-01 3.4544205451854637e+00 0
2.0000000000000007e-01 6.9574752138280127e-01 3.4544205451854619e+00 0
3.5355965573916825e-01 6.9574752138280216e-01 3.4544205451854619e+00 0
4.8949204057623086e-01 6.9574752138280127e-01 3.4544205451854637e+00 0
6.0227394021057989e-01 6.9574752138280171e-01 3.4544205451854637e+00 0
6.9574752138280171e-01 6.9574752138280127e-01 3.4544205451854655e+00 0
7.7315038155164961e-01 6.9574752138280127e-01 3.4544205451854637e+00 0
8.3719950203504112e-01 6.9574752138280171e-01 3.4544205451854637e+00 0
8.9016752405376876e-01 6.9574752138280171e-01 3.4544205451854637e+00 0
9.3395044292576967e-01 6.9574752138280171e-01 3.4544205451854637e+00 0
9.7000000000000020e-01 6.9574752138280171e-01 3.4544205451854637e+00 0
2.0000000000000007e-01 7.7315038155164961e-01 3.4544205451854619e+00 0
3.5355965573916803e-01 7.7315038155164961e-01 3.4544205451854619e+00 0
4.8949204057623086e-01 7.7315038155164961e-01 3.4544205451854619e+00 0
6.0227394021058034e-01 7.7315038155164917e-01 3.4544205451854637e+00 0
6.9574752138280127e-01 7.7315038155164961e-01 3.4544205451854637e+00 0
7.7315038155164961e-01 7.7315038155164961e-01 3.4544205451854637e+00 0
8.3719950203504112e-01 7.7315038155164961e-01 3.4544205451854655e+00 0
8.9016752405376876e-01 7.7315038155164961e-01 3.4544205451854637e+00 0
9.3395044292576967e-01 7.7315038155164961e-01 3.4544205451854637e+00 0
9.7000000000000020e-01 7.7315038155164961e-01 3.4544205451854637e+00 0
1.9999999999999996e-01 8.3719950203504112e-01 3.4544205451854619e+00 0
3.5355965573916825e-01 8.3719950203504112e-01 3.4544205451854619e+00 0
4.8949204057623086e-01 8.3719950203504112e-01 3.4544205451854637e+00 0
6.0227394021057989e-01 8.3719950203504112e-01 3.4544205451854637e+00 0
6.9574752138280127e-01 8.3719950203504112e-01 3.4544205451854637e+00 0
7.7315038155164961e-01 8.3719950203504112e-01 3.4544205451854637e+00 0
8.3719950203504112e-01 8.3719950203504112e-01 3.4544205451854655e+00 0
8.9016752405376876e-01 8.3719950203504112e-01 3.4544205451854637e+00 0
9.3395044292576967e-01 8.3719950203504112e-01 3.4544205451854637e+00 0
9.7000000000000020e-01 8.3719950203504112e-01 3.4544205451854637e+00 0
2.0000000000000007e-01 8.9016752405376876e-01 3.4544205451854619e+00 0
3.5355965573916825e-01 8.9016752405376920e-01 3.4544205451854619e+00 0
4.8949204057623108e-01 8.9016752405376876e-01 3.4544205451854619e+00 0
6.0227394021057989e-01 8.9016752405376876e-01 3.4544205451854637e+00 0
6.9574752138280171e-01 8.9016752405376876e-01 3.4544205451854655e+00 0
7.7315038155164961e-01 8.9016752405376876e-01 3.4544205451854637e+00 0
8.3719950203504112e-01 8.9016752405376876e-01 3.4544205451854637e+00 0
8.9016752405376876e-01 8.9016752405376876e-01 3.4544205451854637e+00 0
9.3395044292576967e-01 8.9016752405376876e-01 3.4544205451854637e+00 0
9.7000000000000020e-01 8.9016752405376876e-01 3.4544205451854637e+00 0
1.9999999999999996e-01 9.3395044292576967e-01 3.4544205451854619e+00 0
3.5355965573916825e-01 9.3395044292576967e-01 3.4544205451854619e+00 0
4.8949204057623064e-01 9.3395044292577012e-01 3.4544205451854619e+00 0
6.0227394021058034e-01 9.3395044292577012e-01 3.4544205451854637e+00 0
6.9574752138280127e-01 9.3395044292577012e-01 3.4544205451854655e+00 0
7.7315038155164961e-01 9.3395044292577012e-01 3.4544205451854637e+00 0
8.3719950203504112e-01 9.3395044292577012e-01 3.4544205451854637e+00 0
8.9016752405376876e-01 9.3395044292576967e-01 3.4544205451854637e+00 0
9.3395044292576967e-01 9.3395044292576967e-01 3.4544205451854637e+00 0
9.7000000000000020e-01 9.3395044292576967e-01 3.4544205451854637e+00 0
1.9999999999999996e-01 9.7000000000000064e-01 3.4544205451854619e+00 0
3.5355965573916825e-01 9.7000000000000020e-01 3.4544205451854619e+00 0
4.8949204057623086e-01 9.7000000000000020e-01 3.4544205451854619e+00 0
6.0227394021058034e-01 9.7000000000000020e-01 3.4544205451854637e+00 0
6.9574752138280127e-01 9.7000000000000020e-01 3.4544205451854619e+00 0
7.7315038155164961e-01 9.7000000000000020e-01 3.4544205451854637e+00 0
8.3719950203504112e-01 9.7000000000000020e-01 3.4544205451854619e+00 0
8.9016752405376876e-01 9.7000000000000020e-01 3.4544205451854637e+00 0
9.3395044292577012e-01 9.7000000000000020e-01 3.4544205451854637e+00 0
9.7000000000000020e-01 9.7000000000000020e-01 3.4544205451854637e+00 0
2.0000000000000007e-01 2.0000000000000007e-01 3.2392731339395500e+00 0
3.5355965573916848e-01 2.0000000000000007e-01 3.2392731339395500e+00 0
4.8949204057623086e-01 2.0000000000000007e-01 3.2392731339395517e+00 0
6.0227394021058034e-01 2.0000000000000007e-01 3.2392731339395517e+00 0
6.9574752138280127e-01 2.0000000000000007e-01 3.2392731339395517e+00 0
7.7315038155164917e-01 2.0000000000000007e-01 3.2392731339395500e+00 0
8.3719950203504112e-01 2.0000000000000007e-01 3.2392731339395500e+00 0
8.9016752405376876e-01 2.0000000000000007e-01 3.2392731339395500e+00 0
9.3395044292577012e-01 1.9999999999999996e-01 3.2392731339395482e+00 0
9.6999999999999975e-01 2.0000000000000007e-01 3.2392731339395517e+00 0
1.9999999999999996e-01 3.5355965573916825e-01 3.2392731339395500e+00 0
3.5355965573916825e-01 3.5355965573916803e-01 3.2392731339395500e+00 0
4.8949204057623086e-01 3.5355965573916825e-01 3.2392731339395517e+00 0
6.0227394021058034e-01 3.5355965573916825e-01 3.2392731339395517e+00 0
6.9574752138280127e-01 3.5355965573916848e-01 3.2392731339395517e+00 0
7.7315038155164917e-01 3.5355965573916825e-01 3.2392731339395500e+00 0
8.3719950203504112e-01 3.5355965573916803e-01 3.2392731339395517e+00 0
8.9016752405376920e-01 3.5355965573916825e-01 3.2392731339395500e+00 0
9.3395044292576967e-01 3.5355965573916825e-01 3.2392731339395500e+00 0
9.7000000000000020e-01 3.5355965573916825e-01 3.2392731339395500e+00 0
2.0000000000000007e-01 4.8949204057623108e-01 3.2392731339395500e+00 0
3.5355965573916825e-01 4.8949204057623108e-01 3.2392731339395482e+00 0
4.8949204057623086e-01 4.8949204057623086e-01 3.2392731339395517e+00 0
6.0227394021058034e-01 4.8949204057623108e-01 3.2392731339395517e+00 0
6.9574752138280083e-01 4.8949204057623108e-01 3.2392731339395517e+00 0
7.7315038155164917e-01 4.8949204057623086e-01 3.2392731339395500e+00 0
8.3719950203504112e-01 4.8949204057623108e-01 3.2392731339395500e+00 0
8.9016752405376876e-01 4.8949204057623086e-01 3.2392731339395517e+00 0
9.3395044292577056e-01 4.8949204057623108e-01 3.2392731339395500e+00 0
9.7000000000000020e-01 4.8949204057623086e-01 3.2392731339395500e+00 0
2.0000000000000007e-01 6.0227394021057989e-01 3.2392731339395500e+00 0
3.5355965573916825e-01 6.0227394021057989e-01 3.2392731339395482e+00 0
4.8949204057623086e-01 6.0227394021058034e-01 3.2392731339395517e+00 0
6.0227394021057989e-01 6.0227394021057989e-01 3.2392731339395517e+00 0
6.9574752138280127e-01 6.0227394021057989e-01 3.2392731339395517e+00 0
7.7315038155164917e-01 6.0227394021058034e-01 3.2392731339395500e+00 0
8.3719950203504112e-01 6.0227394021057989e-01 3.2392731339395500e+00 0
8.9016752405376876e-01 6.0227394021058034e-01 3.2392731339395517e+00 0
9.3395044292577012e-01 6.0227394021057989e-01 3.2392731339395500e+00 0
9.7000000000000020e-01 6.0227394021057989e-01 3.2392731339395500e+00 0
2.0000000000000007e-01 6.9574752138280083e-01 3.2392731339395517e+00 0
3.5355965573916848e-01 6.9574752138280127e-01 3.2392731339395500e+00 0
4.8949204057623108e-01 6.9574752138280127e-01 3.2392731339395517e+00 0
6.0227394021057989e-01 6.9574752138280127e-01 3.2392731339395517e+00 0
6.9574752138280127e-01 6.9574752138280127e-01 3.2392731339395517e+00 0
7.7315038155164917e-01 6.9574752138280083e-01 3.2392731339395500e+00 0
8.3719950203504112e-01 6.9574752138280127e-01 3.2392731339395535e+00 0
8.9016752405376876e-01 6.9574752138280127e-01 3.2392731339395517e+00 0
9.3395044292577012e-01 6.9574752138280127e-01 3.2392731339395500e+00 0
9.7000000000000020e-01 6.9574752138280127e-01 3.2392731339395500e+00 0
2.0000000000000007e-01 7.7315038155164917e-01 3.2392731339395517e+00 0
3.5355965573916848e-01 7.7315038155164917e-01 3.2392731339395500e+00 0
4.8949204057623108e-01 7.7315038155164917e-01 3.2392731339395517e+00 0
6.0227394021057989e-01 7.7315038155164917e-01 3.2392731339395517e+00 0
6.9574752138280171e-01 7.7315038155164917e-01 3.2392731339395517e+00 0
7.7315038155164917e-01 7.7315038155164917e-01 3.2392731339395500e+00 0
8.3719950203504112e-01 7.7315038155164961e-01 3.2392731339395517e+00 0
8.9016752405376876e-01 7.7315038155164917e-01 3.2392731339395517e+00 0
9.3395044292577012e-01 7.7315038155164917e-01 3.2392731339395500e+00 0
9.7000000000000020e-01 7.7315038155164917e-01 3.2392731339395500e+00 0
2.0000000000000007e-01 8.3719950203504112e-01 3.2392731339395517e+00 0
3.5355965573916825e-01 8.3719950203504112e-01 3.2392731339395500e+00 0
4.8949204057623086e-01 8.3719950203504112e-01 3.2392731339395517e+00 0
6.0227394021057989e-01 8.3719950203504112e-01 3.2392731339395517e+00 0
6.9574752138280127e-01 8.3719950203504068e-01 3.2392731339395517e+00 0
7.7315038155164917e-01 8.3719950203504112e-01 3.2392731339395500e+00 0
8.3719950203504112e-01 8.3719950203504112e-01 3.2392731339395535e+00 0
8.9016752405376876e-01 8.3719950203504112e-01 3.2392731339395517e+00 0
9.3395044292577012e-01 8.3719950203504112e-01 3.2392731339395500e+00 0
9.7000000000000020e-01 8.3719950203504112e-01 3.2392731339395500e+00 0
2.0000000000000007e-01 8.9016752405376876e-01 3.2392731339395500e+00 0
3.5355965573916825e-01 8.9016752405376876e-01 3.2392731339395500e+00 0
4.8949204057623086e-01 8.9016752405376876e-01 3.2392731339395517e+00 0
6.0227394021058034e-01 8.9016752405376876e-01 3.2392731339395517e+00 0
6.9574752138280127e-01 8.9016752405376876e-01 3.2392731339395517e+00 0
7.7315038155164917e-01 8.9016752405376876e-01 3.2392731339395500e+00 0
8.3719950203504112e-01 8.9016752405376876e-01 3.2392731339395500e+00 0
8.9016752405376876e-01 8.9016752405376876e-01 3.2392731339395517e+00 0
9.3395044292577012e-01 8.9016752405376876e-01 3.2392731339395500e+00 0
9.7000000000000020e-01 8.9016752405376876e-01 3.2392731339395500e+00 0
2.0000000000000007e-01 9.3395044292577012e-01 3.2392731339395500e+00 0
3.5355965573916825e-01 9.3395044292577012e-01 3.2392731339395500e+00 0
4.8949204057623086e-01 9.3395044292577056e-01 3.2392731339395500e+00 0
6.0227394021057989e-01 9.3395044292577056e-01 3.2392731339395500e+00 0
6.9574752138280127e-01 9.3395044292577012e-01 3.2392731339395517e+00 0
7.7315038155164917e-01 9.3395044292577012e-01 3.2392731339395500e+00 0
8.3719950203504112e-01 9.3395044292577056e-01 3.2392731339395500e+00 0
8.9016752405376876e-01 9.3395044292577012e-01 3.2392731339395500e+00 0
9.3395044292577012e-01 9.3395044292577056e-01 3.2392731339395482e+00 0
9.7000000000000020e-01 9.3395044292577056e-01 3.2392731339395500e+00 0
2.0000000000000007e-01 9.7000000000000064e-01 3.2392731339395517e+00 0
3.5355965573916848e-01 9.7000000000000020e-01 3.2392731339395500e+00 0
4.8949204057623086e-01 9.7000000000000020e-01 3.2392731339395517e+00 0
6.0227394021057989e-01 9.7000000000000020e-01 3.2392731339395517e+00 0
6.9574752138280127e-01 9.7000000000000020e-01 3.2392731339395517e+00 0
7.7315038155164917e-01 9.7000000000000020e-01 3.2392731339395500e+00 0
8.3719950203504112e-01 9.7000000000000020e-01 3.2392731339395517e+00 0
8.9016752405376876e-01 9.7000000000000020e-01 3.2392731339395517e+00 0
9.3395044292577012e-01 9.7000000000000020e-01 3.2392731339395500e+00 0
9.7000000000000020e-01 9.7000000000000020e-01 3.2392731339395500e+00 0
1.9999999999999996e-01 1.9999999999999996e-01 2.9348737222754391e+00 0
3.5355965573916848e-01 1.9999999999999996e-01 2.9348737222754391e+00 0
4.8949204057623086e-01 1.9999999999999996e-01 2.9348737222754391e+00 0
6.0227394021057989e-01 1.9999999999999996e-01 2.9348737222754391e+00 0
6.9574752138280127e-01 1.9999999999999996e-01 2.9348737222754391e+00 0
7.7315038155164961e-01 1.9999999999999996e-01 2.9348737222754391e+00 0
8.3719950203504112e-01 1.9999999999999996e-01 2.9348737222754409e+00 0
8.9016752405376876e-01 1.9999999999999996e-01 2.9348737222754391e+00 0
9.3395044292577012e-01 1.9999999999999996e-01 2.9348737222754391e+00 0
9.7000000000000020e-01 1.9999999999999996e-01 2.9348737222754373e+00 0
1.9999999999999996e-01 3.5355965573916848e-01 2.9348737222754373e+00 0
3.5355965573916825e-01 3.5355965573916848e-01 2.9348737222754373e+00 0
4.8949204057623108e-01 3.5355965573916848e-01 2.9348737222754409e+00 0
6.0227394021057989e-01 3.5355965573916848e-01 2.9348737222754373e+00 0
6.9574752138280171e-01 3.5355965573916803e-01 2.9348737222754391e+00 0
7.7315038155164961e-01 3.5355965573916825e-01 2.9348737222754391e+00 0
8.3719950203504112e-01 3.5355965573916848e-01 2.9348737222754391e+00 0
8.9016752405376876e-01 3.5355965573916825e-01 2.9348737222754373e+00 0
9.3395044292576967e-01 3.5355965573916848e-01 2.9348737222754391e+00 0
9.6999999999999975e-01 3.5355965573916848e-01 2.9348737222754391e+00 0
1.9999999999999996e-01 4.8949204057623086e-01 2.9348737222754373e+00 0
3.5355965573916825e-01 4.8949204057623108e-01 2.9348737222754373e+00 0
4.8949204057623108e-01 4.8949204057623086e-01 2.9348737222754409e+00 0
6.0227394021057989e-01 4.8949204057623086e-01 2.9348737222754373e+00 0
6.9574752138280127e-01 4.8949204057623086e-01 2.9348737222754391e+00 0
7.7315038155164961e-01 4.8949204057623086e-01 2.9348737222754391e+00 0
8.3719950203504112e-01 4.8949204057623064e-01 2.9348737222754391e+00 0
8.9016752405376876e-01 4.8949204057623086e-01 2.9348737222754373e+00 0
9.3395044292577012e-01 4.8949204057623086e-01 2.9348737222754391e+00 0
9.7000000000000020e-01 4.8949204057623064e-01 2.9348737222754391e+00 0
1.9999999999999996e-01 6.0227394021057989e-01 2.9348737222754373e+00 0
3.5355965573916848e-01 6.0227394021057989e-01 2.9348737222754373e+00 0
4.8949204057623086e-01 6.0227394021057989e-01 2.9348737222754391e+00 0
6.0227394021057989e-01 6.0227394021057989e-01 2.9348737222754391e+00 0
6.9574752138280171e-01 6.0227394021057989e-01 2.9348737222754391e+00 0
7.7315038155164961e-01 6.0227394021057989e-01 2.9348737222754391e+00 0
8.3719950203504112e-01 6.0227394021057989e-01 2.9348737222754391e+00 0
8.9016752405376876e-01 6.0227394021057989e-01 2.9348737222754391e+00 0
9.3395044292577012e-01 6.0227394021057989e-01 2.9348737222754391e+00 0
9.6999999999999975e-01 6.0227394021057989e-01 2.9348737222754409e+00 0
1.9999999999999996e-01 6.9574752138280127e-01 2.9348737222754391e+00 0
3.5355965573916825e-01 6.9574752138280127e-01 2.9348737222754391e+00 0
4.8949204057623108e-01 6.9574752138280127e-01 2.9348737222754391e+00 0
6.0227394021057989e-01 6.9574752138280127e-01 2.9348737222754391e+00 0
6.9574752138280171e-01 6.9574752138280127e-01 2.9348737222754391e+00 0
7.7315038155164961e-01 6.9574752138280083e-01 2.9348737222754391e+00 0
8.3719950203504112e-01 6.9574752138280127e-01 2.9348737222754409e+00 0
8.9016752405376876e-01 6.9574752138280127e-01 2.9348737222754391e+00 0
9.3395044292577012e-01 6.9574752138280127e-01 2.9348737222754391e+00 0
9.6999999999999975e-01 6.9574752138280127e-01 2.9348737222754391e+00 0
1.9999999999999996e-01 7.7315038155164917e-01 2.9348737222754391e+00 0
3.5355965573916825e-01 7.7315038155164917e-01 2.9348737222754391e+00 0
4.8949204057623086e-01 7.7315038155164917e-01 2.9348737222754391e+00 0
6.0227394021057989e-01 7.7315038155164961e-01 2.9348737222754409e+00 0
6.9574752138280171e-01 7.7315038155164961e-01 2.9348737222754391e+00 0
7.7315038155164961e-01 7.7315038155164961e-01 2.9348737222754391e+00 0
8.3719950203504112e-01 7.7315038155164961e-01 2.9348737222754409e+00 0
8.9016752405376876e-01 7.7315038155164917e-01 2.9348737222754391e+00 0
9.3395044292577012e-01 7.7315038155164961e-01 2.9348737222754391e+00 0
9.7000000000000020e-01 7.7315038155164961e-01 2.9348737222754391e+00 0
1.9999999999999996e-01 8.3719950203504112e-01 2.9348737222754391e+00 0
3.5355965573916848e-01 8.3719950203504112e-01 2.9348737222754391e+00 0
4.8949204057623086e-01 8.3719950203504112e-01 2.9348737222754391e+00 0
6.0227394021057989e-01 8.3719950203504112e-01 2.9348737222754391e+00 0
6.9574752138280083e-01 8.3719950203504112e-01 2.9348737222754391e+00 0
7.7315038155164961e-01 8.3719950203504112e-01 2.9348737222754391e+00 0
8.3719950203504112e-01 8.3719950203504112e-01 2.9348737222754409e+00 0
8.9016752405376876e-01 8.3719950203504112e-01 2.9348737222754391e+00 0
9.3395044292577012e-01 8.3719950203504112e-01 2.9348737222754391e+00 0
9.6999999999999975e-01 8.3719950203504112e-01 2.9348737222754391e+00 0
1.9999999999999996e-01 8.9016752405376876e-01 2.9348737222754373e+00 0
3.5355965573916825e-01 8.9016752405376876e-01 2.9348737222754373e+00 0
4.8949204057623108e-01 8.9016752405376876e-01 2.9348737222754409e+00 0
6.0227394021057989e-01 8.9016752405376876e-01 2.9348737222754373e+00 0
6.9574752138280171e-01 8.9016752405376876e-01 2.9348737222754391e+00 0
7.7315038155164917e-01 8.9016752405376876e-01 2.9348737222754409e+00 0
8.3719950203504112e-01 8.9016752405376876e-01 2.9348737222754391e+00 0
8.9016752405376876e-01 8.9016752405376876e-01 2.9348737222754373e+00 0
9.3395044292577012e-01 8.9016752405376876e-01 2.9348737222754391e+00 0
9.7000000000000020e-01 8.9016752405376876e-01 2.9348737222754391e+00 0
1.9999999999999996e-01 9.3395044292577012e-01 2.9348737222754391e+00 0
3.5355965573916848e-01 9.3395044292577012e-01 2.9348737222754391e+00 0
4.8949204057623064e-01 9.3395044292577012e-01 2.9348737222754391e+00 0
6.0227394021057989e-01 9.3395044292577012e-01 2.9348737222754391e+00 0
6.9574752138280171e-01 9.3395044292577056e-01 2.9348737222754391e+00 0
7.7315038155164917e-01 9.3395044292577012e-01 2.9348737222754391e+00 0
8.3719950203504112e-01 9.3395044292577012e-01 2.9348737222754391e+00 0
8.9016752405376876e-01 9.3395044292577012e-01 2.9348737222754391e+00 0
9.3395044292577012e-01 9.3395044292577012e-01 2.9348737222754391e+00 0
9.6999999999999975e-01 9.3395044292577012e-01 2.9348737222754391e+00 0
1.9999999999999996e-01 9.6999999999999975e-01 2.9348737222754391e+00 0
3.5355965573916848e-01 9.6999999999999975e-01 2.9348737222754391e+00 0
4.8949204057623086e-01 9.6999999999999975e-01 2.9348737222754391e+00 0
6.0227394021057989e-01 9.6999999999999975e-01 2.9348737222754409e+00 0
6.9574752138280127e-01 9.6999999999999975e-01 2.9348737222754391e+00 0
7.7315038155164961e-01 9.7000000000000020e-01 2.9348737222754391e+00 0
8.3719950203504112e-01 9.6999999999999975e-01 2.9348737222754391e+00 0
8.9016752405376876e-01 9.6999999999999975e-01 2.9348737222754391e+00 0
9.3395044292577012e-01 9.6999999999999975e-01 2.9348737222754391e+00 0
9.7000000000000020e-01 9.7000000000000020e-01 2.9348737222754391e+00 0
1.9999999999999996e-01 1.9999999999999996e-01 2.0964533652931259e+00 0
3.5355965573916848e-01 1.9999999999999996e-01 2.0964533652931259e+00 0
4.8949204057623108e-01 2.0000000000000007e-01 2.0964533652931259e+00 0
6.0227394021057989e-01 1.9999999999999996e-01 2.0964533652931259e+00 0
6.9574752138280171e-01 2.0000000000000007e-01 2.0964533652931259e+00 0
7.7315038155164961e-01 1.9999999999999996e-01 2.0964533652931259e+00 0
8.3719950203504112e-01 2.0000000000000007e-01 2.0964533652931268e+00 0
8.9016752405376876e-01 1.9999999999999996e-01 2.0964533652931259e+00 0
9.3395044292577012e-01 2.0000000000000007e-01 2.0964533652931276e+00 0
9.6999999999999975e-01 2.0000000000000007e-01 2.0964533652931259e+00 0
1.9999999999999996e-01 3.5355965573916848e-01 2.0964533652931268e+00 0
3.5355965573916825e-01 3.5355965573916825e-01 2.0964533652931259e+00 0
4.8949204057623108e-01 3.5355965573916825e-01 2.0964533652931259e+00 0
6.0227394021057989e-01 3.5355965573916803e-01 2.0964533652931259e+00 0
6.9574752138280171e-01 3.5355965573916825e-01 2.0964533652931259e+00 0
7.7315038155164917e-01 3.5355965573916825e-01 2.0964533652931259e+00 0
8.3719950203504112e-01 3.5355965573916848e-01 2.0964533652931268e+00 0
8.9016752405376876e-01 3.5355965573916825e-01 2.0964533652931250e+00 0
9.3395044292577056e-01 3.5355965573916825e-01 2.0964533652931259e+00 0
9.7000000000000020e-01 3.5355965573916848e-01 2.0964533652931259e+00 0
1.9999999999999996e-01 4.8949204057623108e-01 2.0964533652931250e+00 0
3.5355965573916825e-01 4.8949204057623108e-01 2.0964533652931259e+00 0
4.8949204057623108e-01 4.8949204057623108e-01 2.0964533652931259e+00 0
6.0227394021057989e-01 4.8949204057623108e-01 2.0964533652931259e+00 0
6.9574752138280171e-01 4.8949204057623130e-01 2.0964533652931268e+00 0
7.7315038155164961e-01 4.8949204057623130e-01 2.0964533652931268e+00 0
8.3719950203504112e-01 4.8949204057623108e-01 2.0964533652931268e+00 0
8.9016752405376876e-01 4.8949204057623108e-01 2.0964533652931268e+00 0
9.3395044292577012e-01 4.8949204057623108e-01 2.0964533652931276e+00 0
9.6999999999999975e-01 4.8949204057623108e-01 2.0964533652931259e+00 0
2.0000000000000007e-01 6.0227394021057989e-01 2.0964533652931268e+00 0
3.5355965573916848e-01 6.0227394021057989e-01 2.0964533652931259e+00 0
4.8949204057623108e-01 6.0227394021057989e-01 2.0964533652931259e+00 0
6.0227394021057989e-01 6.0227394021057989e-01 2.0964533652931259e+00 0
6.9574752138280171e-01 6.0227394021057989e-01 2.0964533652931259e+00 0
7.7315038155164917e-01 6.0227394021057989e-01 2.0964533652931259e+00 0
8.3719950203504112e-01 6.0227394021057989e-01 2.0964533652931259e+00 0
8.9016752405376876e-01 6.0227394021057989e-01 2.0964533652931259e+00 0
9.3395044292577012e-01 6.0227394021057989e-01 2.0964533652931276e+00 0
9.6999999999999975e-01 6.0227394021057989e-01 2.0964533652931259e+00 0
2.0000000000000007e-01 6.9574752138280171e-01 2.0964533652931259e+00 0
3.5355965573916825e-01 6.9574752138280171e-01 2.0964533652931259e+00 0
4.8949204057623108e-01 6.9574752138280171e-01 2.0964533652931259e+00 0
6.0227394021057989e-01 6.9574752138280127e-01 2.0964533652931259e+00 0
6.9574752138280127e-01 6.9574752138280127e-01 2.0964533652931250e+00 0
7.7315038155164917e-01 6.9574752138280171e-01 2.0964533652931259e+00 0
8.3719950203504112e-01 6.9574752138280127e-01 2.0964533652931268e+00 0
8.9016752405376876e-01 6.9574752138280127e-01 2.0964533652931250e+00 0
9.3395044292577012e-01 6.9574752138280171e-01 2.0964533652931259e+00 0
9.6999999999999975e-01 6.9574752138280216e-01 2.0964533652931259e+00 0
2.0000000000000007e-01 7.7315038155164917e-01 2.0964533652931268e+00 0
3.5355965573916848e-01 7.7315038155164917e-01 2.0964533652931259e+00 0
4.8949204057623108e-01 7.7315038155164917e-01 2.0964533652931259e+00 0
6.0227394021057989e-01 7.7315038155164917e-01 2.0964533652931259e+00 0
6.9574752138280171e-01 7.7315038155164917e-01 2.0964533652931259e+00 0
7.7315038155164917e-01 7.7315038155164917e-01 2.0964533652931259e+00 0
8.3719950203504112e-01 7.7315038155164917e-01 2.0964533652931259e+00 0
8.9016752405376876e-01 7.7315038155164917e-01 2.0964533652931259e+00 0
9.3395044292577012e-01 7.7315038155164917e-01 2.0964533652931259e+00 0
9.6999999999999975e-01 7.7315038155164917e-01 2.0964533652931259e+00 0
2.0000000000000007e-01 8.3719950203504112e-01 2.0964533652931259e+00 0
3.5355965573916825e-01 8.3719950203504112e-01 2.0964533652931259e+00 0
4.8949204057623108e-01 8.3719950203504112e-01 2.0964533652931259e+00 0
6.0227394021057989e-01 8.3719950203504112e-01 2.0964533652931259e+00 0
6.9574752138280083e-01 8.3719950203504112e-01 2.0964533652931259e+00 0
7.7315038155164917e-01 8.3719950203504112e-01 2.0964533652931259e+00 0
8.3719950203504112e-01 8.3719950203504112e-01 2.0964533652931259e+00 0
8.9016752405376876e-01 8.3719950203504112e-01 2.0964533652931268e+00 0
9.3395044292577012e-01 8.3719950203504112e-01 2.0964533652931276e+00 0
9.6999999999999975e-01 8.3719950203504112e-01 2.0964533652931259e+00 0
2.0000000000000007e-01 8.9016752405376876e-01 2.0964533652931268e+00 0
3.5355965573916848e-01 8.9016752405376876e-01 2.0964533652931259e+00 0
4.8949204057623108e-01 8.9016752405376876e-01 2.0964533652931259e+00 0
6.0227394021057989e-01 8.9016752405376876e-01 2.0964533652931259e+00 0
6.9574752138280171e-01 8.9016752405376876e-01 2.0964533652931259e+00 0
7.7315038155164917e-01 8.9016752405376876e-01 2.0964533652931259e+00 0
8.3719950203504112e-01 8.9016752405376876e-01 2.0964533652931259e+00 0
8.9016752405376876e-01 8.9016752405376876e-01 2.0964533652931268e+00 0
9.3395044292577012e-01 8.9016752405376876e-01 2.0964533652931259e+00 0
9.6999999999999975e-01 8.9016752405376876e-01 2.0964533652931259e+00 0
2.0000000000000007e-01 9.3395044292577012e-01 2.0964533652931268e+00 0
3.5355965573916848e-01 9.3395044292577012e-01 2.0964533652931268e+00 0
4.8949204057623064e-01 9.3395044292577012e-01 2.0964533652931259e+00 0
6.0227394021057989e-01 9.3395044292577012e-01 2.0964533652931259e+00 0
6.9574752138280171e-01 9.3395044292577012e-01 2.0964533652931259e+00 0
7.7315038155164961e-01 9.3395044292577012e-01 2.0964533652931268e+00 0
8.3719950203504112e-01 9.3395044292577012e-01 2.0964533652931268e+00 0
8.9016752405376876e-01 9.3395044292577012e-01 2.0964533652931250e+00 0
9.3395044292577012e-01 9.3395044292577012e-01 2.0964533652931276e+00 0
9.6999999999999975e-01 9.3395044292577012e-01 2.0964533652931259e+00 0
2.0000000000000007e-01 9.6999999999999975e-01 2.0964533652931259e+00 0
3.5355965573916848e-01 9.6999999999999975e-01 2.0964533652931259e+00 0
4.8949204057623086e-01 9.6999999999999975e-01 2.0964533652931259e+00 0
6.0227394021057989e-01 9.6999999999999975e-01 2.0964533652931259e+00 0
6.9574752138280171e-01 9.6999999999999975e-01 2.0964533652931259e+00 0
7.7315038155164917e-01 9.6999999999999975e-01 2.0964533652931259e+00 0
8.3719950203504112e-01 9.6999999999999975e-01 2.0964533652931259e+00 0
8.9016752405376876e-01 9.6999999999999975e-01 2.0964533652931268e+00 0
9.3395044292577012e-01 9.6999999999999975e-01 2.0964533652931259e+00 0
9.6999999999999975e-01 9.6999999999999975e-01 2.0964533652931259e+00 0
2.0000000000000007e-01 2.0000000000000007e-01 1.7789486043037828e+00 0
3.5355965573916825e-01 2.0000000000000007e-01 1.7789486043037837e+00 0
4.8949204057623086e-01 2.0000000000000007e-01 1.7789486043037837e+00 0
6.0227394021057989e-01 2.0000000000000007e-01 1.7789486043037837e+00 0
6.9574752138280127e-01 1.9999999999999996e-01 1.7789486043037837e+00 0
7.7315038155164917e-01 2.0000000000000007e-01 1.7789486043037845e+00 0
8.3719950203504112e-01 2.0000000000000007e-01 1.7789486043037845e+00 0
8.9016752405376876e-01 2.0000000000000007e-01 1.7789486043037837e+00 0
9.3395044292577012e-01 2.0000000000000007e-01 1.7789486043037837e+00 0
9.6999999999999975e-01 2.0000000000000007e-01 1.7789486043037837e+00 0
2.0000000000000007e-01 3.5355965573916825e-01 1.7789486043037828e+00 0
3.5355965573916825e-01 3.5355965573916825e-01 1.7789486043037828e+00 0
4.8949204057623108e-01 3.5355965573916825e-01 1.7789486043037845e+00 0
6.0227394021057989e-01 3.5355965573916825e-01 1.7789486043037828e+00 0
6.9574752138280171e-01 3.5355965573916825e-01 1.7789486043037837e+00 0
7.7315038155164917e-01 3.5355965573916825e-01 1.7789486043037845e+00 0
8.3719950203504112e-01 3.5355965573916825e-01 1.7789486043037845e+00 0
8.9016752405376876e-01 3.5355965573916825e-01 1.7789486043037845e+00 0
9.3395044292577012e-01 3.5355965573916825e-01 1.7789486043037837e+00 0
9.6999999999999975e-01 3.5355965573916825e-01 1.7789486043037828e+00 0
2.0000000000000007e-01 4.8949204057623086e-01 1.7789486043037828e+00 0
3.5355965573916825e-01 4.8949204057623086e-01 1.7789486043037845e+00 0
4.8949204057623108e-01 4.8949204057623086e-01 1.7789486043037845e+00 0
6.0227394021057989e-01 4.8949204057623086e-01 1.7789486043037828e+00 0
6.9574752138280127e-01 4.8949204057623086e-01 1.7789486043037837e+00 0
7.7315038155164917e-01 4.8949204057623108e-01 1.7789486043037845e+00 0
8.3719950203504112e-01 4.8949204057623086e-01 1.7789486043037828e+00 0
8.9016752405376876e-01 4.8949204057623108e-01 1.7789486043037845e+00 0
9.3395044292577012e-01 4.8949204057623108e-01 1.7789486043037828e+00 0
9.6999999999999975e-01 4.8949204057623086e-01 1.7789486043037828e+00 0
2.0000000000000007e-01 6.0227394021057989e-01 1.7789486043037828e+00 0
3.5355965573916825e-01 6.0227394021057989e-01 1.7789486043037837e+00 0
4.8949204057623086e-01 6.0227394021057989e-01 1.7789486043037828e+00 0
6.0227394021057989e-01 6.0227394021057989e-01 1.7789486043037828e+00 0
6.9574752138280171e-01 6.0227394021057989e-01 1.7789486043037837e+00 0
7.7315038155164917e-01 6.0227394021057989e-01 1.7789486043037854e+00 0
8.3719950203504112e-01 6.0227394021057989e-01 1.7789486043037837e+00 0
8.9016752405376876e-01 6.0227394021057989e-01 1.7789486043037828e+00 0
9.3395044292576967e-01 6.0227394021057989e-01 1.7789486043037837e+00 0
9.6999999999999975e-01 6.0227394021057989e-01 1.7789486043037837e+00 0
2.0000000000000007e-01 6.9574752138280171e-01 1.7789486043037828e+00 0
3.5355965573916825e-01 6.9574752138280127e-01 1.7789486043037837e+00 0
4.8949204057623108e-01 6.9574752138280127e-01 1.7789486043037837e+00 0
6.0227394021057989e-01 6.9574752138280171e-01 1.7789486043037837e+00 0
6.9574752138280171e-01 6.9574752138280127e-01 1.7789486043037837e+00 0
7.7315038155164917e-01 6.9574752138280127e-01 1.7789486043037845e+00 0
8.3719950203504112e-01 6.9574752138280171e-01 1.7789486043037837e+00 0
8.9016752405376876e-01 6.9574752138280127e-01 1.7789486043037828e+00 0
9.3395044292577012e-01 6.9574752138280127e-01 1.7789486043037828e+00 0
9.6999999999999975e-01 6.9574752138280171e-01 1.7789486043037837e+00 0
2.0000000000000007e-01 7.7315038155164917e-01 1.7789486043037845e+00 0
3.5355965573916825e-01 7.7315038155164917e-01 1.7789486043037837e+00 0
4.8949204057623108e-01 7.7315038155164917e-01 1.7789486043037837e+00 0
6.0227394021057989e-01 7.7315038155164917e-01 1.7789486043037845e+00 0
6.9574752138280127e-01 7.7315038155164917e-01 1.7789486043037837e+00 0
7.7315038155164917e-01 7.7315038155164917e-01 1.7789486043037845e+00 0
8.3719950203504112e-01 7.7315038155164917e-01 1.7789486043037837e+00 0
8.9016752405376876e-01 7.7315038155164917e-01 1.7789486043037837e+00 0
9.3395044292577012e-01 7.7315038155164917e-01 1.7789486043037837e+00 0
9.6999999999999975e-01 7.7315038155164917e-01 1.7789486043037837e+00 0
2.0000000000000007e-01 8.3719950203504112e-01 1.7789486043037828e+00 0
3.5355965573916848e-01 8.3719950203504112e-01 1.7789486043037837e+00 0
4.8949204057623086e-01 8.3719950203504112e-01 1.7789486043037837e+00 0
6.0227394021057989e-01 8.3719950203504112e-01 1.7789486043037837e+00 0
6.9574752138280083e-01 8.3719950203504112e-01 1.7789486043037837e+00 0
7.7315038155164917e-01 8.3719950203504112e-01 1.7789486043037845e+00 0
8.3719950203504112e-01 8.3719950203504112e-01 1.7789486043037837e+00 0
8.9016752405376876e-01 8.3719950203504112e-01 1.7789486043037837e+00 0
9.3395044292577012e-01 8.3719950203504112e-01 1.7789486043037837e+00 0
9.6999999999999975e-01 8.3719950203504112e-01 1.7789486043037837e+00 0
2.0000000000000007e-01 8.9016752405376876e-01 1.7789486043037828e+00 0
3.5355965573916825e-01 8.9016752405376876e-01 1.7789486043037845e+00 0
4.8949204057623086e-01 8.9016752405376876e-01 1.7789486043037845e+00 0
6.0227394021057989e-01 8.9016752405376876e-01 1.7789486043037828e+00 0
6.9574752138280171e-01 8.9016752405376876e-01 1.7789486043037837e+00 0
7.7315038155164917e-01 8.9016752405376876e-01 1.7789486043037845e+00 0
8.3719950203504112e-01 8.9016752405376876e-01 1.7789486043037837e+00 0
8.9016752405376876e-01 8.9016752405376876e-01 1.7789486043037845e+00 0
9.3395044292577012e-01 8.9016752405376876e-01 1.7789486043037828e+00 0
9.6999999999999975e-01 8.9016752405376876e-01 1.7789486043037837e+00 0
2.0000000000000007e-01 9.3395044292577012e-01 1.7789486043037828e+00 0
3.5355965573916825e-01 9.3395044292577012e-01 1.7789486043037845e+00 0
4.8949204057623064e-01 9.3395044292577012e-01 1.7789486043037845e+00 0
6.0227394021057945e-01 9.3395044292577056e-01 1.7789486043037828e+00 0
6.9574752138280127e-01 9.3395044292577056e-01 1.7789486043037837e+00 0
7.7315038155164917e-01 9.3395044292577056e-01 1.7789486043037837e+00 0
8.3719950203504112e-01 9.3395044292577056e-01 1.7789486043037828e+00 0
8.9016752405376876e-01 9.3395044292577012e-01 1.7789486043037837e+00 0
9.3395044292577012e-01 9.3395044292577012e-01 1.7789486043037828e+00 0
9.6999999999999886e-01 9.3395044292577012e-01 1.7789486043037828e+00 0
2.0000000000000007e-01 9.7000000000000020e-01 1.7789486043037837e+00 0
3.5355965573916825e-01 9.7000000000000020e-01 1.7789486043037837e+00 0
4.8949204057623086e-01 9.7000000000000020e-01 1.7789486043037837e+00 0
6.0227394021057989e-01 9.6999999999999975e-01 1.7789486043037837e+00 0
6.9574752138280171e-01 9.6999999999999975e-01 1.7789486043037837e+00 0
7.7315038155164917e-01 9.6999999999999975e-01 1.7789486043037837e+00 0
8.3719950203504112e-01 9.7000000000000020e-01 1.7789486043037837e+00 0
8.9016752405376876e-01 9.6999999999999975e-01 1.7789486043037837e+00 0
9.3395044292577012e-01 9.6999999999999975e-01 1.7789486043037828e+00 0
9.6999999999999975e-01 9.6999999999999975e-01 1.7789486043037837e+00 0
2.0000000000000007e-01 2.0000000000000007e-01 1.5599565825508881e+00 0
3.5355965573916848e-01 2.0000000000000007e-01 1.5599565825508890e+00 0
4.8949204057623108e-01 2.0000000000000007e-01 1.5599565825508890e+00 0
6.0227394021057989e-01 2.0000000000000007e-01 1.5599565825508890e+00 0
6.9574752138280127e-01 2.0000000000000007e-01 1.5599565825508890e+00 0
7.7315038155164961e-01 2.0000000000000007e-01 1.5599565825508890e+00 0
8.3719950203504112e-01 2.0000000000000007e-01 1.5599565825508890e+00 0
8.9016752405376876e-01 2.0000000000000007e-01 1.5599565825508890e+00 0
9.3395044292577012e-01 2.0000000000000007e-01 1.5599565825508890e+00 0
9.6999999999999975e-01 2.0000000000000007e-01 1.5599565825508899e+00 0
2.0000000000000007e-01 3.5355965573916825e-01 1.5599565825508890e+00 0
3.5355965573916825e-01 3.5355965573916825e-01 1.5599565825508890e+00 0
4.8949204057623064e-01 3.5355965573916825e-01 1.5599565825508890e+00 0
6.0227394021057989e-01 3.5355965573916803e-01 1.5599565825508890e+00 0
6.9574752138280127e-01 3.5355965573916825e-01 1.5599565825508899e+00 0
7.7315038155164961e-01 3.5355965573916825e-01 1.5599565825508899e+00 0
8.3719950203504112e-01 3.5355965573916825e-01 1.5599565825508890e+00 0
8.9016752405376876e-01 3.5355965573916825e-01 1.5599565825508899e+00 0
9.3395044292577012e-01 3.5355965573916825e-01 1.5599565825508890e+00 0
9.6999999999999975e-01 3.5355965573916825e-01 1.5599565825508890e+00 0
2.0000000000000007e-01 4.8949204057623108e-01 1.5599565825508890e+00 0
3.5355965573916803e-01 4.8949204057623108e-01 1.5599565825508881e+00 0
4.8949204057623108e-01 4.8949204057623086e-01 1.5599565825508890e+00 0
6.0227394021057989e-01 4.8949204057623064e-01 1.5599565825508890e+00 0
6.9574752138280171e-01 4.8949204057623108e-01 1.5599565825508890e+00 0
7.7315038155164961e-01 4.8949204057623086e-01 1.5599565825508890e+00 0
8.3719950203504112e-01 4.8949204057623086e-01 1.5599565825508890e+00 0
8.9016752405376876e-01 4.8949204057623108e-01 1.5599565825508890e+00 0
9.3395044292577012e-01 4.8949204057623086e-01 1.5599565825508890e+00 0
9.6999999999999975e-01 4.8949204057623086e-01 1.5599565825508890e+00 0
2.0000000000000007e-01 6.0227394021057989e-01 1.5599565825508890e+00 0
3.5355965573916825e-01 6.0227394021057989e-01 1.5599565825508890e+00 0
4.8949204057623086e-01 6.0227394021057989e-01 1.5599565825508890e+00 0
6.0227394021057989e-01 6.0227394021057989e-01 1.5599565825508890e+00 0
6.9574752138280127e-01 6.0227394021057989e-01 1.5599565825508890e+00 0
7.7315038155164961e-01 6.0227394021057989e-01 1.5599565825508890e+00 0
8.3719950203504112e-01 6.0227394021057989e-01 1.5599565825508890e+00 0
8.9016752405376876e-01 6.0227394021057989e-01 1.5599565825508890e+00 0
9.3395044292576967e-01 6.0227394021057989e-01 1.5599565825508890e+00 0
9.6999999999999975e-01 6.0227394021057989e-01 1.5599565825508890e+00 0
2.0000000000000007e-01 6.9574752138280127e-01 1.5599565825508881e+00 0
3.5355965573916825e-01 6.9574752138280083e-01 1.5599565825508890e+00 0
4.8949204057623108e-01 6.9574752138280127e-01 1.5599565825508890e+00 0
6.0227394021057989e-01 6.9574752138280083e-01 1.5599565825508890e+00 0
6.9574752138280171e-01 6.9574752138280127e-01 1.5599565825508890e+00 0
7.7315038155164961e-01 6.9574752138280171e-01 1.5599565825508890e+00 0
8.3719950203504112e-01 6.9574752138280127e-01 1.5599565825508890e+00 0
8.9016752405376876e-01 6.9574752138280127e-01 1.5599565825508890e+00 0
9.3395044292577056e-01 6.9574752138280127e-01 1.5599565825508890e+00 0
9.6999999999999975e-01 6.9574752138280127e-01 1.5599565825508890e+00 0
2.0000000000000007e-01 7.7315038155164872e-01 1.5599565825508881e+00 0
3.5355965573916848e-01 7.7315038155164961e-01 1.5599565825508890e+00 0
4.8949204057623108e-01 7.7315038155164961e-01 1.5599565825508890e+00 0
6.0227394021057989e-01 7.7315038155164917e-01 1.5599565825508890e+00 0
6.9574752138280171e-01 7.7315038155164917e-01 1.5599565825508890e+00 0
7.7315038155164961e-01 7.7315038155164961e-01 1.5599565825508890e+00 0
8.3719950203504112e-01 7.7315038155164917e-01 1.5599565825508890e+00 0
8.9016752405376876e-01 7.7315038155164917e-01 1.5599565825508890e+00 0
9.3395044292577012e-01 7.7315038155164917e-01 1.5599565825508890e+00 0
9.6999999999999975e-01 7.7315038155164917e-01 1.5599565825508890e+00 0
2.0000000000000007e-01 8.3719950203504112e-01 1.5599565825508890e+00 0
3.5355965573916848e-01 8.3719950203504112e-01 1.5599565825508890e+00 0
4.8949204057623108e-01 8.3719950203504112e-01 1.5599565825508890e+00 0
6.0227394021057989e-01 8.3719950203504112e-01 1.5599565825508890e+00 0
6.9574752138280127e-01 8.3719950203504112e-01 1.5599565825508890e+00 0
7.7315038155164961e-01 8.3719950203504112e-01 1.5599565825508890e+00 0
8.3719950203504112e-01 8.3719950203504112e-01 1.5599565825508890e+00 0
8.9016752405376876e-01 8.3719950203504112e-01 1.5599565825508890e+00 0
9.3395044292577101e-01 8.3719950203504112e-01 1.5599565825508890e+00 0
9.6999999999999975e-01 8.3719950203504112e-01 1.5599565825508890e+00 0
2.0000000000000007e-01 8.9016752405376876e-01 1.5599565825508890e+00 0
3.5355965573916848e-01 8.9016752405376876e-01 1.5599565825508890e+00 0
4.8949204057623108e-01 8.9016752405376876e-01 1.5599565825508890e+00 0
6.0227394021058034e-01 8.9016752405376876e-01 1.5599565825508890e+00 0
6.9574752138280127e-01 8.9016752405376876e-01 1.5599565825508890e+00 0
7.7315038155164961e-01 8.9016752405376876e-01 1.5599565825508890e+00 0
8.3719950203504112e-01 8.9016752405376876e-01 1.5599565825508890e+00 0
8.9016752405376876e-01 8.9016752405376876e-01 1.5599565825508890e+00 0
9.3395044292577012e-01 8.9016752405376876e-01 1.5599565825508890e+00 0
9.6999999999999975e-01 8.9016752405376876e-01 1.5599565825508890e+00 0
2.0000000000000007e-01 9.3395044292577012e-01 1.5599565825508890e+00 0
3.5355965573916848e-01 9.3395044292577012e-01 1.5599565825508890e+00 0
4.8949204057623086e-01 9.3395044292577012e-01 1.5599565825508890e+00 0
6.0227394021057989e-01 9.3395044292577012e-01 1.5599565825508890e+00 0
6.9574752138280171e-01 9.3395044292577012e-01 1.5599565825508890e+00 0
7.7315038155164961e-01 9.3395044292577012e-01 1.5599565825508890e+00 0
8.3719950203504112e-01 9.3395044292577012e-01 1.5599565825508890e+00 0
8.9016752405376876e-01 9.3395044292577012e-01 1.5599565825508890e+00 0
9.3395044292577012e-01 9.3395044292577012e-01 1.5599565825508890e+00 0
9.6999999999999975e-01 9.3395044292577012e-01 1.5599565825508890e+00 0
2.0000000000000007e-01 9.7000000000000020e-01 1.5599565825508890e+00 0
3.5355965573916848e-01 9.7000000000000020e-01 1.5599565825508881e+00 0
4.8949204057623064e-01 9.6999999999999975e-01 1.5599565825508890e+00 0
6.0227394021057989e-01 9.6999999999999975e-01 1.5599565825508890e+00 0
6.9574752138280127e-01 9.7000000000000020e-01 1.5599565825508890e+00 0
7.7315038155164961e-01 9.6999999999999975e-01 1.5599565825508890e+00 0
8.3719950203504112e-01 9.7000000000000020e-01 1.5599565825508890e+00 0
8.9016752405376876e-01 9.6999999999999975e-01 1.5599565825508890e+00 0
9.3395044292577012e-01 9.6999999999999975e-01 1.5599565825508890e+00 0
9.6999999999999975e-01 9.6999999999999975e-01 1.5599565825508890e+00 0
1.9999999999999996e-01 1.9999999999999996e-01 1.3803435006431037e+00 0
3.5355965573916825e-01 1.9999999999999996e-01 1.3803435006431037e+00 0
4.8949204057623086e-01 1.9999999999999996e-01 1.3803435006431037e+00 0
6.0227394021057989e-01 1.9999999999999996e-01 1.3803435006431037e+00 0
6.9574752138280127e-01 1.9999999999999996e-01 1.3803435006431037e+00 0
7.7315038155164961e-01 1.9999999999999996e-01 1.3803435006431037e+00 0
8.3719950203504112e-01 1.9999999999999996e-01 1.3803435006431037e+00 0
8.9016752405376876e-01 1.9999999999999996e-01 1.3803435006431028e+00 0
9.3395044292577012e-01 1.9999999999999996e-01 1.3803435006431037e+00 0
9.7000000000000020e-01 1.9999999999999996e-01 1.3803435006431037e+00 0
1.9999999999999996e-01 3.5355965573916825e-01 1.3803435006431037e+00 0
3.5355965573916825e-01 3.5355965573916825e-01 1.3803435006431037e+00 0
4.8949204057623064e-01 3.5355965573916803e-01 1.3803435006431037e+00 0
6.0227394021057989e-01 3.5355965573916803e-01 1.3803435006431037e+00 0
6.9574752138280127e-01 3.5355965573916825e-01 1.3803435006431037e+00 0
7.7315038155164961e-01 3.5355965573916825e-01 1.3803435006431028e+00 0
8.3719950203504112e-01 3.5355965573916825e-01 1.3803435006431028e+00 0
8.9016752405376876e-01 3.5355965573916825e-01 1.3803435006431028e+00 0
9.3395044292577012e-01 3.5355965573916803e-01 1.3803435006431037e+00 0
9.7000000000000020e-01 3.5355965573916803e-01 1.3803435006431037e+00 0
1.9999999999999996e-01 4.8949204057623086e-01 1.3803435006431028e+00 0
3.5355965573916803e-01 4.8949204057623086e-01 1.3803435006431037e+00 0
4.8949204057623086e-01 4.8949204057623108e-01 1.3803435006431037e+00 0
6.0227394021057989e-01 4.8949204057623086e-01 1.3803435006431037e+00 0
6.9574752138280127e-01 4.8949204057623086e-01 1.3803435006431037e+00 0
7.7315038155164961e-01 4.8949204057623108e-01 1.3803435006431037e+00 0
8.3719950203504112e-01 4.8949204057623086e-01 1.3803435006431037e+00 0
8.9016752405376876e-01 4.8949204057623086e-01 1.3803435006431028e+00 0
9.3395044292577012e-01 4.8949204057623108e-01 1.3803435006431037e+00 0
9.7000000000000020e-01 4.8949204057623086e-01 1.3803435006431037e+00 0
1.9999999999999996e-01 6.0227394021057989e-01 1.3803435006431028e+00 0
3.5355965573916825e-01 6.0227394021057989e-01 1.3803435006431028e+00 0
4.8949204057623086e-01 6.0227394021057989e-01 1.3803435006431037e+00 0
6.0227394021057989e-01 6.0227394021057989e-01 1.3803435006431037e+00 0
6.9574752138280171e-01 6.0227394021057989e-01 1.3803435006431037e+00 0
7.7315038155164917e-01 6.0227394021057989e-01 1.3803435006431028e+00 0
8.3719950203504112e-01 6.0227394021057989e-01 1.3803435006431037e+00 0
8.9016752405376876e-01 6.0227394021057989e-01 1.3803435006431037e+00 0
9.3395044292576967e-01 6.0227394021057989e-01 1.3803435006431037e+00 0
9.7000000000000020e-01 6.0227394021057989e-01 1.3803435006431037e+00 0
1.9999999999999996e-01 6.9574752138280127e-01 1.3803435006431028e+00 0
3.5355965573916825e-01 6.9574752138280171e-01 1.3803435006431028e+00 0
4.8949204057623086e-01 6.9574752138280127e-01 1.3803435006431037e+00 0
6.0227394021057989e-01 6.9574752138280171e-01 1.3803435006431028e+00 0
6.9574752138280171e-01 6.9574752138280127e-01 1.3803435006431037e+00 0
7.7315038155164961e-01 6.9574752138280171e-01 1.3803435006431037e+00 0
8.3719950203504112e-01 6.9574752138280171e-01 1.3803435006431037e+00 0
8.9016752405376876e-01 6.9574752138280171e-01 1.3803435006431028e+00 0
9.3395044292577012e-01 6.9574752138280171e-01 1.3803435006431037e+00 0
9.7000000000000020e-01 6.9574752138280171e-01 1.3803435006431037e+00 0
2.0000000000000007e-01 7.7315038155165006e-01 1.3803435006431028e+00 0
3.5355965573916825e-01 7.7315038155164917e-01 1.3803435006431037e+00 0
4.8949204057623086e-01 7.7315038155164917e-01 1.3803435006431037e+00 0
6.0227394021057989e-01 7.7315038155164961e-01 1.3803435006431028e+00 0
6.9574752138280171e-01 7.7315038155164961e-01 1.3803435006431028e+00 0
7.7315038155164961e-01 7.7315038155164961e-01 1.3803435006431037e+00 0
8.3719950203504112e-01 7.7315038155164961e-01 1.3803435006431037e+00 0
8.9016752405376876e-01 7.7315038155164961e-01 1.3803435006431028e+00 0
9.3395044292577012e-01 7.7315038155164961e-01 1.3803435006431037e+00 0
9.7000000000000020e-01 7.7315038155164961e-01 1.3803435006431037e+00 0
1.9999999999999996e-01 8.3719950203504112e-01 1.3803435006431028e+00 0
3.5355965573916848e-01 8.3719950203504112e-01 1.3803435006431028e+00 0
4.8949204057623086e-01 8.3719950203504112e-01 1.3803435006431037e+00 0
6.0227394021057989e-01 8.3719950203504112e-01 1.3803435006431037e+00 0
6.9574752138280127e-01 8.3719950203504112e-01 1.3803435006431037e+00 0
7.7315038155164917e-01 8.3719950203504112e-01 1.3803435006431028e+00 0
8.3719950203504112e-01 8.3719950203504112e-01 1.3803435006431037e+00 0
8.9016752405376876e-01 8.3719950203504112e-01 1.3803435006431037e+00 0
9.3395044292577012e-01 8.3719950203504112e-01 1.3803435006431037e+00 0
9.7000000000000020e-01 8.3719950203504112e-01 1.3803435006431037e+00 0
1.9999999999999996e-01 8.9016752405376876e-01 1.3803435006431028e+00 0
3.5355965573916825e-01 8.9016752405376876e-01 1.3803435006431028e+00 0
4.8949204057623108e-01 8.9016752405376876e-01 1.3803435006431028e+00 0
6.0227394021057989e-01 8.9016752405376876e-01 1.3803435006431028e+00 0
6.9574752138280127e-01 8.9016752405376876e-01 1.3803435006431037e+00 0
7.7315038155164961e-01 8.9016752405376876e-01 1.3803435006431028e+00 0
8.3719950203504112e-01 8.9016752405376876e-01 1.3803435006431028e+00 0
8.9016752405376876e-01 8.9016752405376876e-01 1.3803435006431028e+00 0
9.3395044292577012e-01 8.9016752405376876e-01 1.3803435006431037e+00 0
9.7000000000000020e-01 8.9016752405376876e-01 1.3803435006431037e+00 0
1.9999999999999996e-01 9.3395044292577012e-01 1.3803435006431028e+00 0
3.5355965573916825e-01 9.3395044292577012e-01 1.3803435006431028e+00 0
4.8949204057623108e-01 9.3395044292577012e-01 1.3803435006431028e+00 0
6.0227394021057989e-01 9.3395044292577012e-01 1.3803435006431037e+00 0
6.9574752138280171e-01 9.3395044292577012e-01 1.3803435006431028e+00 0
7.7315038155164917e-01 9.3395044292577012e-01 1.3803435006431028e+00 0
8.3719950203504112e-01 9.3395044292577012e-01 1.3803435006431037e+00 0
8.9016752405376876e-01 9.3395044292577012e-01 1.3803435006431037e+00 0
9.3395044292577012e-01 9.3395044292577012e-01 1.3803435006431037e+00 0
9.6999999999999931e-01 9.3395044292577012e-01 1.3803435006431037e+00 0
1.9999999999999996e-01 9.7000000000000020e-01 1.3803435006431028e+00 0
3.5355965573916825e-01 9.7000000000000020e-01 1.3803435006431028e+00 0
4.8949204057623086e-01 9.7000000000000020e-01 1.3803435006431037e+00 0
6.0227394021057989e-01 9.7000000000000020e-01 1.3803435006431028e+00 0
6.9574752138280127e-01 9.7000000000000020e-01 1.3803435006431028e+00 0
7.7315038155164961e-01 9.7000000000000020e-01 1.3803435006431037e+00 0
8.3719950203504112e-01 9.7000000000000020e-01 1.3803435006431037e+00 0
8.9016752405376876e-01 9.7000000000000020e-01 1.3803435006431028e+00 0
9.3395044292577012e-01 9.7000000000000020e-01 1.3803435006431037e+00 0
9.7000000000000020e-01 9.7000000000000020e-01 1.3803435006431037e+00 0
2.0000000000000007e-01 1.9999999999999996e-01 1.2228869444326218e+00 0
3.5355965573916848e-01 1.9999999999999996e-01 1.2228869444326218e+00 0
4.8949204057623108e-01 1.9999999999999996e-01 1.2228869444326218e+00 0
6.0227394021057989e-01 2.0000000000000007e-01 1.2228869444326218e+00 0
6.9574752138280171e-01 1.9999999999999996e-01 1.2228869444326218e+00 0
7.7315038155164917e-01 1.9999999999999996e-01 1.2228869444326218e+00 0
8.3719950203504112e-01 1.9999999999999996e-01 1.2228869444326218e+00 0
8.9016752405376876e-01 1.9999999999999996e-01 1.2228869444326227e+00 0
9.3395044292577012e-01 2.0000000000000007e-01 1.2228869444326218e+00 0
9.6999999999999975e-01 2.0000000000000007e-01 1.2228869444326218e+00 0
2.0000000000000007e-01 3.5355965573916825e-01 1.2228869444326218e+00 0
3.5355965573916825e-01 3.5355965573916825e-01 1.2228869444326222e+00 0
4.8949204057623108e-01 3.5355965573916825e-01 1.2228869444326218e+00 0
6.0227394021057989e-01 3.5355965573916825e-01 1.2228869444326222e+00 0
6.9574752138280171e-01 3.5355965573916825e-01 1.2228869444326218e+00 0
7.7315038155164961e-01 3.5355965573916825e-01 1.2228869444326222e+00 0
8.3719950203504112e-01 3.5355965573916825e-01 1.2228869444326222e+00 0
8.9016752405376876e-01 3.5355965573916825e-01 1.2228869444326227e+00 0
9.3395044292577056e-01 3.5355965573916825e-01 1.2228869444326222e+00 0
9.7000000000000020e-01 3.5355965573916825e-01 1.2228869444326222e+00 0
2.0000000000000007e-01 4.8949204057623064e-01 1.2228869444326218e+00 0
3.5355965573916803e-01 4.8949204057623086e-01 1.2228869444326227e+00 0
4.8949204057623108e-01 4.8949204057623108e-01 1.2228869444326218e+00 0
6.0227394021057989e-01 4.8949204057623064e-01 1.2228869444326227e+00 0
6.9574752138280216e-01 4.8949204057623086e-01 1.2228869444326218e+00 0
7.7315038155164917e-01 4.8949204057623108e-01 1.2228869444326218e+00 0
8.3719950203504112e-01 4.8949204057623064e-01 1.2228869444326218e+00 0
8.9016752405376876e-01 4.8949204057623108e-01 1.2228869444326227e+00 0
9.3395044292577012e-01 4.8949204057623064e-01 1.2228869444326218e+00 0
9.7000000000000020e-01 4.8949204057623086e-01 1.2228869444326218e+00 0
2.0000000000000007e-01 6.0227394021057989e-01 1.2228869444326218e+00 0
3.5355965573916825e-01 6.0227394021057989e-01 1.2228869444326222e+00 0
4.8949204057623086e-01 6.0227394021057989e-01 1.2228869444326218e+00 0
6.0227394021057989e-01 6.0227394021057989e-01 1.2228869444326218e+00 0
6.9574752138280171e-01 6.0227394021057989e-01 1.2228869444326218e+00 0
7.7315038155164917e-01 6.0227394021057989e-01 1.2228869444326218e+00 0
8.3719950203504112e-01 6.0227394021057989e-01 1.2228869444326218e+00 0
8.9016752405376876e-01 6.0227394021057989e-01 1.2228869444326218e+00 0
9.3395044292576967e-01 6.0227394021057989e-01 1.2228869444326218e+00 0
9.6999999999999975e-01 6.0227394021057989e-01 1.2228869444326218e+00 0
1.9999999999999996e-01 6.9574752138280127e-01 1.2228869444326218e+00 0
3.5355965573916803e-01 6.9574752138280083e-01 1.2228869444326218e+00 0
4.8949204057623108e-01 6.9574752138280127e-01 1.2228869444326218e+00 0
6.0227394021057989e-01 6.9574752138280127e-01 1.2228869444326218e+00 0
6.9574752138280171e-01 6.9574752138280127e-01 1.2228869444326218e+00 0
7.7315038155164917e-01 6.9574752138280171e-01 1.2228869444326218e+00 0
8.3719950203504112e-01 6.9574752138280127e-01 1.2228869444326218e+00 0
8.9016752405376876e-01 6.9574752138280171e-01 1.2228869444326218e+00 0
9.3395044292577012e-01 6.9574752138280127e-01 1.2228869444326218e+00 0
9.6999999999999975e-01 6.9574752138280171e-01 1.2228869444326218e+00 0
2.0000000000000007e-01 7.7315038155164917e-01 1.2228869444326218e+00 0
3.5355965573916825e-01 7.7315038155164917e-01 1.2228869444326218e+00 0
4.8949204057623108e-01 7.7315038155164917e-01 1.2228869444326218e+00 0
6.0227394021057989e-01 7.7315038155164961e-01 1.2228869444326218e+00 0
6.9574752138280171e-01 7.7315038155164961e-01 1.2228869444326218e+00 0
7.7315038155164917e-01 7.7315038155164917e-01 1.2228869444326218e+00 0
8.3719950203504112e-01 7.7315038155164917e-01 1.2228869444326218e+00 0
8.9016752405376876e-01 7.7315038155164917e-01 1.2228869444326218e+00 0
9.3395044292577012e-01 7.7315038155164917e-01 1.2228869444326218e+00 0
9.6999999999999975e-01 7.7315038155164917e-01 1.2228869444326218e+00 0
2.0000000000000007e-01 8.3719950203504112e-01 1.2228869444326218e+00 0
3.5355965573916848e-01 8.3719950203504112e-01 1.2228869444326227e+00 0
4.8949204057623108e-01 8.3719950203504112e-01 1.2228869444326218e+00 0
6.0227394021057989e-01 8.3719950203504112e-01 1.2228869444326227e+00 0
6.9574752138280171e-01 8.3719950203504112e-01 1.2228869444326218e+00 0
7.7315038155164917e-01 8.3719950203504112e-01 1.2228869444326227e+00 0
8.3719950203504112e-01 8.3719950203504112e-01 1.2228869444326218e+00 0
8.9016752405376876e-01 8.3719950203504112e-01 1.2228869444326227e+00 0
9.3395044292577012e-01 8.3719950203504112e-01 1.2228869444326218e+00 0
9.6999999999999975e-01 8.3719950203504112e-01 1.2228869444326218e+00 0
2.0000000000000007e-01 8.9016752405376876e-01 1.2228869444326218e+00 0
3.5355965573916825e-01 8.9016752405376876e-01 1.2228869444326218e+00 0
4.8949204057623086e-01 8.9016752405376876e-01 1.2228869444326218e+00 0
6.0227394021058034e-01 8.9016752405376876e-01 1.2228869444326218e+00 0
6.9574752138280171e-01 8.9016752405376876e-01 1.2228869444326218e+00 0
7.7315038155164917e-01 8.9016752405376876e-01 1.2228869444326218e+00 0
8.3719950203504112e-01 8.9016752405376876e-01 1.2228869444326218e+00 0
8.9016752405376876e-01 8.9016752405376876e-01 1.2228869444326218e+00 0
9.3395044292577012e-01 8.9016752405376876e-01 1.2228869444326218e+00 0
9.6999999999999975e-01 8.9016752405376876e-01 1.2228869444326218e+00 0
2.0000000000000007e-01 9.3395044292577012e-01 1.2228869444326218e+00 0
3.5355965573916825e-01 9.3395044292577056e-01 1.2228869444326227e+00 0
4.8949204057623086e-01 9.3395044292577012e-01 1.2228869444326218e+00 0
6.0227394021057989e-01 9.3395044292577012e-01 1.2228869444326227e+00 0
6.9574752138280171e-01 9.3395044292577012e-01 1.2228869444326218e+00 0
7.7315038155164917e-01 9.3395044292577012e-01 1.2228869444326227e+00 0
8.3719950203504112e-01 9.3395044292577012e-01 1.2228869444326218e+00 0
8.9016752405376876e-01 9.3395044292577012e-01 1.2228869444326227e+00 0
9.3395044292577012e-01 9.3395044292577012e-01 1.2228869444326218e+00 0
9.6999999999999975e-01 9.3395044292577012e-01 1.2228869444326218e+00 0
1.9999999999999996e-01 9.7000000000000020e-01 1.2228869444326218e+00 0
3.5355965573916825e-01 9.7000000000000020e-01 1.2228869444326218e+00 0
4.8949204057623086e-01 9.7000000000000020e-01 1.2228869444326218e+00 0
6.0227394021057989e-01 9.6999999999999975e-01 1.2228869444326218e+00 0
6.9574752138280171e-01 9.6999999999999975e-01 1.2228869444326218e+00 0
7.7315038155164917e-01 9.6999999999999975e-01 1.2228869444326218e+00 0
8.3719950203504112e-01 9.7000000000000020e-01 1.2228869444326218e+00 0
8.9016752405376876e-01 9.7000000000000020e-01 1.2228869444326227e+00 0
9.3395044292577012e-01 9.7000000000000020e-01 1.2228869444326218e+00 0
9.6999999999999975e-01 9.6999999999999975e-01 1.2228869444326218e+00 0
1.9999999999999996e-01 1.9999999999999996e-01 1.0805484639675771e+00 0
3.5355965573916803e-01 1.9999999999999996e-01 1.0805484639675771e+00 0
4.8949204057623108e-01 1.9999999999999996e-01 1.0805484639675771e+00 0
6.0227394021057989e-01 1.9999999999999996e-01 1.0805484639675762e+00 0
6.9574752138280171e-01 1.9999999999999996e-01 1.0805484639675762e+00 0
7.7315038155164917e-01 1.9999999999999996e-01 1.0805484639675771e+00 0
8.3719950203504112e-01 1.9999999999999996e-01 1.0805484639675762e+00 0
8.9016752405376876e-01 1.9999999999999996e-01 1.0805484639675766e+00 0
9.3395044292577012e-01 1.9999999999999996e-01 1.0805484639675766e+00 0
9.6999999999999975e-01 1.9999999999999996e-01 1.0805484639675766e+00 0
1.9999999999999996e-01 3.5355965573916848e-01 1.0805484639675771e+00 0
3.5355965573916825e-01 3.5355965573916825e-01 1.0805484639675771e+00 0
4.8949204057623108e-01 3.5355965573916803e-01 1.0805484639675771e+00 0
6.0227394021057989e-01 3.5355965573916803e-01 1.0805484639675762e+00 0
6.9574752138280171e-01 3.5355965573916825e-01 1.0805484639675762e+00 0
7.7315038155164917e-01 3.5355965573916825e-01 1.0805484639675771e+00 0
8.3719950203504112e-01 3.5355965573916825e-01 1.0805484639675762e+00 0
8.9016752405376876e-01 3.5355965573916803e-01 1.0805484639675771e+00 0
9.3395044292577012e-01 3.5355965573916803e-01 1.0805484639675766e+00 0
9.7000000000000020e-01 3.5355965573916803e-01 1.0805484639675771e+00 0
1.9999999999999996e-01 4.8949204057623130e-01 1.0805484639675771e+00 0
3.5355965573916803e-01 4.8949204057623108e-01 1.0805484639675771e+00 0
4.8949204057623108e-01 4.8949204057623086e-01 1.0805484639675771e+00 0
6.0227394021057989e-01 4.8949204057623130e-01 1.0805484639675762e+00 0
6.9574752138280127e-01 4.8949204057623108e-01 1.0805484639675775e+00 0
7.7315038155164917e-01 4.8949204057623130e-01 1.0805484639675771e+00 0
8.3719950203504112e-01 4.8949204057623130e-01 1.0805484639675762e+00 0
8.9016752405376876e-01 4.8949204057623108e-01 1.0805484639675766e+00 0
9.3395044292577012e-01 4.8949204057623108e-01 1.0805484639675766e+00 0
9.7000000000000020e-01 4.8949204057623108e-01 1.0805484639675771e+00 0
1.9999999999999996e-01 6.0227394021057989e-01 1.0805484639675771e+00 0
3.5355965573916825e-01 6.0227394021057989e-01 1.0805484639675771e+00 0
4.8949204057623086e-01 6.0227394021057989e-01 1.0805484639675771e+00 0
6.0227394021057989e-01 6.0227394021057989e-01 1.0805484639675771e+00 0
6.9574752138280171e-01 6.0227394021057989e-01 1.0805484639675771e+00 0
7.7315038155164917e-01 6.0227394021057989e-01 1.0805484639675771e+00 0
8.3719950203504112e-01 6.0227394021057989e-01 1.0805484639675766e+00 0
8.9016752405376876e-01 6.0227394021057989e-01 1.0805484639675766e+00 0
9.3395044292576967e-01 6.0227394021057989e-01 1.0805484639675771e+00 0
9.7000000000000020e-01 6.0227394021057989e-01 1.0805484639675771e+00 0
1.9999999999999996e-01 6.9574752138280127e-01 1.0805484639675771e+00 0
3.5355965573916825e-01 6.9574752138280127e-01 1.0805484639675771e+00 0
4.8949204057623108e-01 6.9574752138280127e-01 1.0805484639675771e+00 0
6.0227394021057989e-01 6.9574752138280083e-01 1.0805484639675771e+00 0
6.9574752138280171e-01 6.9574752138280127e-01 1.0805484639675771e+00 0
7.7315038155164917e-01 6.9574752138280171e-01 1.0805484639675771e+00 0
8.3719950203504112e-01 6.9574752138280127e-01 1.0805484639675766e+00 0
8.9016752405376876e-01 6.9574752138280127e-01 1.0805484639675766e+00 0
9.3395044292577012e-01 6.9574752138280127e-01 1.0805484639675766e+00 0
9.7000000000000020e-01 6.9574752138280127e-01 1.0805484639675771e+00 0
1.9999999999999996e-01 7.7315038155164917e-01 1.0805484639675771e+00 0
3.5355965573916825e-01 7.7315038155164917e-01 1.0805484639675771e+00 0
4.8949204057623086e-01 7.7315038155164917e-01 1.0805484639675766e+00 0
6.0227394021057989e-01 7.7315038155164961e-01 1.0805484639675762e+00 0
6.9574752138280127e-01 7.7315038155164917e-01 1.0805484639675771e+00 0
7.7315038155164917e-01 7.7315038155164917e-01 1.0805484639675771e+00 0
8.3719950203504112e-01 7.7315038155164917e-01 1.0805484639675762e+00 0
8.9016752405376876e-01 7.7315038155164917e-01 1.0805484639675766e+00 0
9.3395044292577012e-01 7.7315038155164917e-01 1.0805484639675766e+00 0
9.7000000000000020e-01 7.7315038155164917e-01 1.0805484639675771e+00 0
1.9999999999999996e-01 8.3719950203504112e-01 1.0805484639675771e+00 0
3.5355965573916825e-01 8.3719950203504112e-01 1.0805484639675771e+00 0
4.8949204057623086e-01 8.3719950203504112e-01 1.0805484639675766e+00 0
6.0227394021057989e-01 8.3719950203504112e-01 1.0805484639675771e+00 0
6.9574752138280127e-01 8.3719950203504112e-01 1.0805484639675771e+00 0
7.7315038155164917e-01 8.3719950203504112e-01 1.0805484639675771e+00 0
8.3719950203504112e-01 8.3719950203504112e-01 1.0805484639675766e+00 0
8.9016752405376876e-01 8.3719950203504112e-01 1.0805484639675766e+00 0
9.3395044292577012e-01 8.3719950203504157e-01 1.0805484639675775e+00 0
9.7000000000000020e-01 8.3719950203504112e-01 1.0805484639675771e+00 0
1.9999999999999996e-01 8.9016752405376876e-01 1.0805484639675771e+00 0
3.5355965573916825e-01 8.9016752405376876e-01 1.0805484639675771e+00 0
4.8949204057623130e-01 8.9016752405376876e-01 1.0805484639675766e+00 0
6.0227394021058034e-01 8.9016752405376876e-01 1.0805484639675771e+00 0
6.9574752138280083e-01 8.9016752405376876e-01 1.0805484639675771e+00 0
7.7315038155164917e-01 8.9016752405376876e-01 1.0805484639675771e+00 0
8.3719950203504112e-01 8.9016752405376876e-01 1.0805484639675771e+00 0
8.9016752405376876e-01 8.9016752405376876e-01 1.0805484639675766e+00 0
9.3395044292577012e-01 8.9016752405376876e-01 1.0805484639675775e+00 0
9.7000000000000020e-01 8.9016752405376876e-01 1.0805484639675771e+00 0
1.9999999999999996e-01 9.3395044292577012e-01 1.0805484639675771e+00 0
3.5355965573916825e-01 9.3395044292577012e-01 1.0805484639675766e+00 0
4.8949204057623064e-01 9.3395044292577012e-01 1.0805484639675766e+00 0
6.0227394021057989e-01 9.3395044292577056e-01 1.0805484639675771e+00 0
6.9574752138280171e-01 9.3395044292577012e-01 1.0805484639675780e+00 0
7.7315038155164917e-01 9.3395044292577056e-01 1.0805484639675771e+00 0
8.3719950203504112e-01 9.3395044292577056e-01 1.0805484639675771e+00 0
8.9016752405376876e-01 9.3395044292577012e-01 1.0805484639675766e+00 0
9.3395044292577012e-01 9.3395044292577012e-01 1.0805484639675775e+00 0
9.6999999999999931e-01 9.3395044292577012e-01 1.0805484639675771e+00 0
1.9999999999999996e-01 9.7000000000000064e-01 1.0805484639675771e+00 0
3.5355965573916825e-01 9.7000000000000020e-01 1.0805484639675771e+00 0
4.8949204057623086e-01 9.7000000000000020e-01 1.0805484639675766e+00 0
6.0227394021057989e-01 9.7000000000000020e-01 1.0805484639675771e+00 0
6.9574752138280127e-01 9.7000000000000020e-01 1.0805484639675771e+00 0
7.7315038155164917e-01 9.7000000000000020e-01 1.0805484639675771e+00 0
8.3719950203504112e-01 9.7000000000000020e-01 1.0805484639675771e+00 0
8.9016752405376876e-01 9.7000000000000020e-01 1.0805484639675766e+00 0
9.3395044292577012e-01 9.7000000000000020e-01 1.0805484639675775e+00 0
9.7000000000000020e-01 9.7000000000000020e-01 1.0805484639675771e+00 0
1.9999999999999996e-01 1.9999999999999996e-01 9.4875440247585541e-01 0
3.5355965573916825e-01 1.9999999999999996e-01 9.4875440247585541e-01 0
4.8949204057623086e-01 2.0000000000000007e-01 9.4875440247585585e-01 0
6.0227394021057989e-01 1.9999999999999996e-01 9.4875440247585496e-01 0
6.9574752138280171e-01 1.9999999999999996e-01 9.4875440247585541e-01 0
7.7315038155164917e-01 1.9999999999999996e-01 9.4875440247585496e-01 0
8.3719950203504112e-01 1.9999999999999996e-01 9.4875440247585541e-01 0
8.9016752405376876e-01 1.9999999999999996e-01 9.4875440247585496e-01 0
9.3395044292577012e-01 1.9999999999999996e-01 9.4875440247585496e-01 0
9.7000000000000020e-01 1.9999999999999996e-01 9.4875440247585541e-01 0
1.9999999999999996e-01 3.5355965573916848e-01 9.4875440247585541e-01 0
3.5355965573916803e-01 3.5355965573916825e-01 9.4875440247585541e-01 0
4.8949204057623108e-01 3.5355965573916825e-01 9.4875440247585541e-01 0
6.0227394021057989e-01 3.5355965573916825e-01 9.4875440247585541e-01 0
6.9574752138280171e-01 3.5355965573916825e-01 9.4875440247585541e-01 0
7.7315038155164917e-01 3.5355965573916825e-01 9.4875440247585541e-01 0
8.3719950203504112e-01 3.5355965573916825e-01 9.4875440247585585e-01 0
8.9016752405376876e-01 3.5355965573916825e-01 9.4875440247585541e-01 0
9.3395044292577012e-01 3.5355965573916825e-01 9.4875440247585541e-01 0
9.7000000000000020e-01 3.5355965573916803e-01 9.4875440247585541e-01 0
1.9999999999999996e-01 4.8949204057623130e-01 9.4875440247585541e-01 0
3.5355965573916803e-01 4.8949204057623108e-01 9.4875440247585541e-01 0
4.8949204057623086e-01 4.8949204057623086e-01 9.4875440247585541e-01 0
6.0227394021057989e-01 4.8949204057623130e-01 9.4875440247585541e-01 0
6.9574752138280171e-01 4.8949204057623108e-01 9.4875440247585585e-01 0
7.7315038155164917e-01 4.8949204057623108e-01 9.4875440247585585e-01 0
8.3719950203504112e-01 4.8949204057623130e-01 9.4875440247585541e-01 0
8.9016752405376876e-01 4.8949204057623108e-01 9.4875440247585585e-01 0
9.3395044292577012e-01 4.8949204057623108e-01 9.4875440247585541e-01 0
9.7000000000000020e-01 4.8949204057623086e-01 9.4875440247585585e-01 0
1.9999999999999996e-01 6.0227394021057945e-01 9.4875440247585541e-01 0
3.5355965573916848e-01 6.0227394021057945e-01 9.4875440247585541e-01 0
4.8949204057623086e-01 6.0227394021057989e-01 9.4875440247585541e-01 0
6.0227394021057989e-01 6.0227394021057945e-01 9.4875440247585541e-01 0
6.9574752138280171e-01 6.0227394021057989e-01 9.4875440247585541e-01 0
7.7315038155164917e-01 6.0227394021057945e-01 9.4875440247585630e-01 0
8.3719950203504112e-01 6.0227394021057945e-01 9.4875440247585541e-01 0
8.9016752405376876e-01 6.0227394021057989e-01 9.4875440247585630e-01 0
9.3395044292576923e-01 6.0227394021057989e-01 9.4875440247585541e-01 0
9.7000000000000020e-01 6.0227394021057967e-01 9.4875440247585541e-01 0
1.9999999999999996e-01 6.9574752138280171e-01 9.4875440247585541e-01 0
3.5355965573916825e-01 6.9574752138280171e-01 9.4875440247585541e-01 0
4.8949204057623108e-01 6.9574752138280127e-01 9.4875440247585585e-01 0
6.0227394021057989e-01 6.9574752138280127e-01 9.4875440247585585e-01 0
6.9574752138280171e-01 6.9574752138280127e-01 9.4875440247585585e-01 0
7.7315038155164917e-01 6.9574752138280171e-01 9.4875440247585496e-01 0
8.3719950203504112e-01 6.9574752138280127e-01 9.4875440247585541e-01 0
8.9016752405376876e-01 6.9574752138280127e-01 9.4875440247585585e-01 0
9.3395044292577012e-01 6.9574752138280127e-01 9.4875440247585496e-01 0
9.7000000000000020e-01 6.9574752138280127e-01 9.4875440247585541e-01 0
1.9999999999999996e-01 7.7315038155164917e-01 9.4875440247585541e-01 0
3.5355965573916825e-01 7.7315038155164917e-01 9.4875440247585541e-01 0
4.8949204057623130e-01 7.7315038155164917e-01 9.4875440247585541e-01 0
6.0227394021057989e-01 7.7315038155164961e-01 9.4875440247585496e-01 0
6.9574752138280127e-01 7.7315038155164917e-01 9.4875440247585541e-01 0
7.7315038155164917e-01 7.7315038155164917e-01 9.4875440247585541e-01 0
8.3719950203504112e-01 7.7315038155164917e-01 9.4875440247585541e-01 0
8.9016752405376876e-01 7.7315038155164961e-01 9.4875440247585541e-01 0
9.3395044292577012e-01 7.7315038155164917e-01 9.4875440247585496e-01 0
9.7000000000000020e-01 7.7315038155164917e-01 9.4875440247585496e-01 0
1.9999999999999996e-01 8.3719950203504112e-01 9.4875440247585541e-01 0
3.5355965573916825e-01 8.3719950203504112e-01 9.4875440247585541e-01 0
4.8949204057623108e-01 8.3719950203504112e-01 9.4875440247585541e-01 0
6.0227394021057989e-01 8.3719950203504112e-01 9.4875440247585541e-01 0
6.9574752138280127e-01 8.3719950203504112e-01 9.4875440247585541e-01 0
7.7315038155164917e-01 8.3719950203504112e-01 9.4875440247585496e-01 0
8.3719950203504112e-01 8.3719950203504112e-01 9.4875440247585541e-01 0
8.9016752405376876e-01 8.3719950203504112e-01 9.4875440247585496e-01 0
9.3395044292577012e-01 8.3719950203504112e-01 9.4875440247585496e-01 0
9.7000000000000020e-01 8.3719950203504112e-01 9.4875440247585541e-01 0
1.9999999999999996e-01 8.9016752405376876e-01 9.4875440247585541e-01 0
3.5355965573916825e-01 8.9016752405376876e-01 9.4875440247585496e-01 0
4.8949204057623108e-01 8.9016752405376876e-01 9.4875440247585541e-01 0
6.0227394021058034e-01 8.9016752405376876e-01 9.4875440247585541e-01 0
6.9574752138280171e-01 8.9016752405376876e-01 9.4875440247585541e-01 0
7.7315038155164917e-01 8.9016752405376876e-01 9.4875440247585541e-01 0
8.3719950203504112e-01 8.9016752405376876e-01 9.4875440247585585e-01 0
8.9016752405376876e-01 8.9016752405376876e-01 9.4875440247585541e-01 0
9.3395044292577012e-01 8.9016752405376876e-01 9.4875440247585541e-01 0
9.7000000000000020e-01 8.9016752405376876e-01 9.4875440247585541e-01 0
1.9999999999999996e-01 9.3395044292577012e-01 9.4875440247585496e-01 0
3.5355965573916848e-01 9.3395044292577012e-01 9.4875440247585541e-01 0
4.8949204057623108e-01 9.3395044292577012e-01 9.4875440247585541e-01 0
6.0227394021057945e-01 9.3395044292577012e-01 9.4875440247585496e-01 0
6.9574752138280127e-01 9.3395044292577012e-01 9.4875440247585541e-01 0
7.7315038155164917e-01 9.3395044292577012e-01 9.4875440247585541e-01 0
8.3719950203504112e-01 9.3395044292577012e-01 9.4875440247585541e-01 0
8.9016752405376876e-01 9.3395044292577012e-01 9.4875440247585541e-01 0
9.3395044292577012e-01 9.3395044292577012e-01 9.4875440247585541e-01 0
9.6999999999999975e-01 9.3395044292577012e-01 9.4875440247585541e-01 0
1.9999999999999996e-01 9.7000000000000020e-01 9.4875440247585541e-01 0
3.5355965573916848e-01 9.7000000000000020e-01 9.4875440247585541e-01 0
4.8949204057623086e-01 9.7000000000000020e-01 9.4875440247585541e-01 0
6.0227394021057989e-01 9.7000000000000020e-01 9.4875440247585541e-01 0
6.9574752138280127e-01 9.7000000000000020e-01 9.4875440247585541e-01 0
7.7315038155164917e-01 9.7000000000000020e-01 9.4875440247585496e-01 0
8.3719950203504112e-01 9.7000000000000020e-01 9.4875440247585541e-01 0
8.9016752405376876e-01 9.7000000000000020e-01 9.4875440247585496e-01 0
9.3395044292577012e-01 9.7000000000000020e-01 9.4875440247585496e-01 0
9.7000000000000020e-01 9.7000000000000020e-01 9.4875440247585541e-01 0
1.9999999999999996e-01 1.9999999999999996e-01 8.2530218750051310e-01 0
3.5355965573916803e-01 1.9999999999999996e-01 8.2530218750051310e-01 0
4.8949204057623086e-01 1.9999999999999996e-01 8.2530218750051310e-01 0
6.0227394021057989e-01 1.9999999999999996e-01 8.2530218750051310e-01 0
6.9574752138280127e-01 1.9999999999999996e-01 8.2530218750051354e-01 0
7.7315038155164961e-01 1.9999999999999996e-01 8.2530218750051354e-01 0
8.3719950203504112e-01 1.9999999999999996e-01 8.2530218750051354e-01 0
8.9016752405376876e-01 1.9999999999999996e-01 8.2530218750051310e-01 0
9.3395044292577012e-01 1.9999999999999996e-01 8.2530218750051354e-01 0
9.7000000000000020e-01 1.9999999999999996e-01 8.2530218750051354e-01 0
1.9999999999999996e-01 3.5355965573916825e-01 8.2530218750051354e-01 0
3.5355965573916803e-01 3.5355965573916825e-01 8.2530218750051310e-01 0
4.8949204057623108e-01 3.5355965573916825e-01 8.2530218750051310e-01 0
6.0227394021057989e-01 3.5355965573916803e-01 8.2530218750051310e-01 0
6.9574752138280127e-01 3.5355965573916825e-01 8.2530218750051354e-01 0
7.7315038155164961e-01 3.5355965573916825e-01 8.2530218750051310e-01 0
8.3719950203504112e-01 3.5355965573916825e-01 8.2530218750051354e-01 0
8.9016752405376876e-01 3.5355965573916825e-01 8.2530218750051310e-01 0
9.3395044292577012e-01 3.5355965573916803e-01 8.2530218750051354e-01 0
9.7000000000000020e-01 3.5355965573916803e-01 8.2530218750051310e-01 0
1.9999999999999996e-01 4.8949204057623086e-01 8.2530218750051354e-01 0
3.5355965573916803e-01 4.8949204057623086e-01 8.2530218750051310e-01 0
4.8949204057623086e-01 4.8949204057623086e-01 8.2530218750051354e-01 0
6.0227394021057989e-01 4.8949204057623086e-01 8.2530218750051310e-01 0
6.9574752138280127e-01 4.8949204057623108e-01 8.2530218750051354e-01 0
7.7315038155164961e-01 4.8949204057623086e-01 8.2530218750051354e-01 0
8.3719950203504112e-01 4.8949204057623086e-01 8.2530218750051354e-01 0
8.9016752405376831e-01 4.8949204057623086e-01 8.2530218750051310e-01 0
9.3395044292577012e-01 4.8949204057623086e-01 8.2530218750051354e-01 0
9.6999999999999975e-01 4.8949204057623086e-01 8.2530218750051354e-01 0
1.9999999999999996e-01 6.0227394021057989e-01 8.2530218750051354e-01 0
3.5355965573916825e-01 6.0227394021057989e-01 8.2530218750051310e-01 0
4.8949204057623086e-01 6.0227394021057989e-01 8.2530218750051310e-01 0
6.0227394021057989e-01 6.0227394021057989e-01 8.2530218750051310e-01 0
6.9574752138280127e-01 6.0227394021057989e-01 8.2530218750051354e-01 0
7.7315038155164961e-01 6.0227394021057989e-01 8.2530218750051354e-01 0
8.3719950203504112e-01 6.0227394021057989e-01 8.2530218750051310e-01 0
8.9016752405376831e-01 6.0227394021057989e-01 8.2530218750051310e-01 0
9.3395044292576967e-01 6.0227394021057989e-01 8.2530218750051310e-01 0
9.6999999999999975e-01 6.0227394021057989e-01 8.2530218750051354e-01 0
1.9999999999999996e-01 6.9574752138280127e-01 8.2530218750051354e-01 0
3.5355965573916803e-01 6.9574752138280127e-01 8.2530218750051354e-01 0
4.8949204057623086e-01 6.9574752138280127e-01 8.2530218750051310e-01 0
6.0227394021057989e-01 6.9574752138280127e-01 8.2530218750051310e-01 0
6.9574752138280127e-01 6.9574752138280127e-01 8.2530218750051354e-01 0
7.7315038155164961e-01 6.9574752138280127e-01 8.2530218750051354e-01 0
8.3719950203504112e-01 6.9574752138280127e-01 8.2530218750051310e-01 0
8.9016752405376831e-01 6.9574752138280127e-01 8.2530218750051310e-01 0
9.3395044292577012e-01 6.9574752138280127e-01 8.2530218750051354e-01 0
9.7000000000000020e-01 6.9574752138280127e-01 8.2530218750051310e-01 0
1.9999999999999996e-01 7.7315038155164961e-01 8.2530218750051354e-01 0
3.5355965573916825e-01 7.7315038155164961e-01 8.2530218750051310e-01 0
4.8949204057623108e-01 7.7315038155164961e-01 8.2530218750051310e-01 0
6.0227394021057989e-01 7.7315038155164961e-01 8.2530218750051310e-01 0
6.9574752138280127e-01 7.7315038155164961e-01 8.2530218750051354e-01 0
7.7315038155164961e-01 7.7315038155164961e-01 8.2530218750051354e-01 0
8.3719950203504112e-01 7.7315038155164961e-01 8.2530218750051354e-01 0
8.9016752405376876e-01 7.7315038155164961e-01 8.2530218750051354e-01 0
9.3395044292577012e-01 7.7315038155164961e-01 8.2530218750051354e-01 0
9.6999999999999975e-01 7.7315038155164961e-01 8.2530218750051354e-01 0
1.9999999999999996e-01 8.3719950203504112e-01 8.2530218750051354e-01 0
3.5355965573916825e-01 8.3719950203504068e-01 8.2530218750051310e-01 0
4.8949204057623108e-01 8.3719950203504112e-01 8.2530218750051310e-01 0
6.0227394021057989e-01 8.3719950203504112e-01 8.2530218750051310e-01 0
6.9574752138280127e-01 8.3719950203504112e-01 8.2530218750051398e-01 0
7.7315038155164961e-01 8.3719950203504112e-01 8.2530218750051354e-01 0
8.3719950203504112e-01 8.3719950203504112e-01 8.2530218750051354e-01 0
8.9016752405376876e-01 8.3719950203504112e-01 8.2530218750051354e-01 0
9.3395044292577012e-01 8.3719950203504112e-01 8.2530218750051354e-01 0
9.7000000000000020e-01 8.3719950203504112e-01 8.2530218750051354e-01 0
1.9999999999999996e-01 8.9016752405376876e-01 8.2530218750051354e-01 0
3.5355965573916825e-01 8.9016752405376876e-01 8.2530218750051310e-01 0
4.8949204057623086e-01 8.9016752405376920e-01 8.2530218750051310e-01 0
6.0227394021058034e-01 8.9016752405376876e-01 8.2530218750051354e-01 0
6.9574752138280171e-01 8.9016752405376876e-01 8.2530218750051354e-01 0
7.7315038155164961e-01 8.9016752405376876e-01 8.2530218750051354e-01 0
8.3719950203504112e-01 8.9016752405376876e-01 8.2530218750051354e-01 0
8.9016752405376876e-01 8.9016752405376876e-01 8.2530218750051354e-01 0
9.3395044292577012e-01 8.9016752405376876e-01 8.2530218750051354e-01 0
9.6999999999999975e-01 8.9016752405376876e-01 8.2530218750051354e-01 0
1.9999999999999996e-01 9.3395044292577012e-01 8.2530218750051354e-01 0
3.5355965573916825e-01 9.3395044292577012e-01 8.2530218750051310e-01 0
4.8949204057623086e-01 9.3395044292577012e-01 8.2530218750051310e-01 0
6.0227394021057989e-01 9.3395044292577012e-01 8.2530218750051354e-01 0
6.9574752138280127e-01 9.3395044292577012e-01 8.2530218750051354e-01 0
7.7315038155164961e-01 9.3395044292577012e-01 8.2530218750051354e-01 0
8.3719950203504112e-01 9.3395044292577012e-01 8.2530218750051354e-01 0
8.9016752405376876e-01 9.3395044292577012e-01 8.2530218750051354e-01 0
9.3395044292577012e-01 9.3395044292577012e-01 8.2530218750051354e-01 0
9.6999999999999931e-01 9.3395044292577012e-01 8.2530218750051354e-01 0
1.9999999999999996e-01 9.7000000000000020e-01 8.2530218750051354e-01 0
3.5355965573916825e-01 9.7000000000000020e-01 8.2530218750051354e-01 0
4.8949204057623086e-01 9.6999999999999975e-01 8.2530218750051310e-01 0
6.0227394021057989e-01 9.7000000000000020e-01 8.2530218750051354e-01 0
6.9574752138280127e-01 9.7000000000000020e-01 8.2530218750051354e-01 0
7.7315038155164961e-01 9.6999999999999975e-01 8.2530218750051354e-01 0
8.3719950203504112e-01 9.6999999999999975e-01 8.2530218750051354e-01 0
8.9016752405376876e-01 9.6999999999999975e-01 8.2530218750051354e-01 0
9.3395044292577012e-01 9.6999999999999931e-01 8.2530218750051354e-01 0
9.7000000000000020e-01 9.6999999999999975e-01 8.2530218750051354e-01 0
1.9999999999999996e-01 1.9999999999999996e-01 7.0834516329464581e-01 0
3.5355965573916803e-01 1.9999999999999996e-01 7.0834516329464581e-01 0
4.8949204057623086e-01 1.9999999999999996e-01 7.0834516329464581e-01 0
6.0227394021057989e-01 2.0000000000000007e-01 7.0834516329464536e-01 0
6.9574752138280127e-01 2.0000000000000007e-01 7.0834516329464536e-01 0
7.7315038155164961e-01 1.9999999999999996e-01 7.0834516329464581e-01 0
8.3719950203504112e-01 2.0000000000000007e-01 7.0834516329464536e-01 0
8.9016752405376920e-01 1.9999999999999996e-01 7.0834516329464581e-01 0
9.3395044292577012e-01 1.9999999999999996e-01 7.0834516329464492e-01 0
9.6999999999999975e-01 1.9999999999999996e-01 7.0834516329464448e-01 0
2.0000000000000007e-01 3.5355965573916848e-01 7.0834516329464536e-01 0
3.5355965573916848e-01 3.5355965573916848e-01 7.0834516329464536e-01 0
4.8949204057623064e-01 3.5355965573916825e-01 7.0834516329464581e-01 0
6.0227394021057989e-01 3.5355965573916848e-01 7.0834516329464536e-01 0
6.9574752138280171e-01 3.5355965573916825e-01 7.0834516329464536e-01 0
7.7315038155164961e-01 3.5355965573916848e-01 7.0834516329464536e-01 0
8.3719950203504112e-01 3.5355965573916848e-01 7.0834516329464536e-01 0
8.9016752405376831e-01 3.5355965573916825e-01 7.0834516329464536e-01 0
9.3395044292577012e-01 3.5355965573916848e-01 7.0834516329464536e-01 0
9.6999999999999975e-01 3.5355965573916848e-01 7.0834516329464536e-01 0
2.0000000000000007e-01 4.8949204057623064e-01 7.0834516329464536e-01 0
3.5355965573916803e-01 4.8949204057623086e-01 7.0834516329464536e-01 0
4.8949204057623086e-01 4.8949204057623086e-01 7.0834516329464536e-01 0
6.0227394021057989e-01 4.8949204057623086e-01 7.0834516329464536e-01 0
6.9574752138280216e-01 4.8949204057623086e-01 7.0834516329464536e-01 0
7.7315038155164917e-01 4.8949204057623086e-01 7.0834516329464536e-01 0
8.3719950203504112e-01 4.8949204057623086e-01 7.0834516329464536e-01 0
8.9016752405376964e-01 4.8949204057623086e-01 7.0834516329464536e-01 0
9.3395044292577012e-01 4.8949204057623086e-01 7.0834516329464536e-01 0
9.6999999999999975e-01 4.8949204057623086e-01 7.0834516329464581e-01 0
2.0000000000000007e-01 6.0227394021057989e-01 7.0834516329464536e-01 0
3.5355965573916848e-01 6.0227394021057989e-01 7.0834516329464536e-01 0
4.8949204057623086e-01 6.0227394021057989e-01 7.0834516329464536e-01 0
6.0227394021057989e-01 6.0227394021057989e-01 7.0834516329464536e-01 0
6.9574752138280171e-01 6.0227394021057989e-01 7.0834516329464536e-01 0
7.7315038155164917e-01 6.0227394021057989e-01 7.0834516329464536e-01 0
8.3719950203504112e-01 6.0227394021057989e-01 7.0834516329464536e-01 0
8.9016752405376876e-01 6.0227394021057989e-01 7.0834516329464536e-01 0
9.3395044292576967e-01 6.0227394021057989e-01 7.0834516329464581e-01 0
9.6999999999999975e-01 6.0227394021057989e-01 7.0834516329464492e-01 0
2.0000000000000007e-01 6.9574752138280216e-01 7.0834516329464536e-01 0
3.5355965573916825e-01 6.9574752138280171e-01 7.0834516329464536e-01 0
4.8949204057623086e-01 6.9574752138280083e-01 7.0834516329464536e-01 0
6.0227394021057989e-01 6.9574752138280171e-01 7.0834516329464536e-01 0
6.9574752138280171e-01 6.9574752138280171e-01 7.0834516329464536e-01 0
7.7315038155164917e-01 6.9574752138280171e-01 7.0834516329464536e-01 0
8.3719950203504112e-01 6.9574752138280171e-01 7.0834516329464536e-01 0
8.9016752405376876e-01 6.9574752138280171e-01 7.0834516329464536e-01 0
9.3395044292577012e-01 6.9574752138280171e-01 7.0834516329464536e-01 0
9.6999999999999975e-01 6.9574752138280127e-01 7.0834516329464492e-01 0
2.0000000000000007e-01 7.7315038155164917e-01 7.0834516329464536e-01 0
3.5355965573916825e-01 7.7315038155164961e-01 7.0834516329464536e-01 0
4.8949204057623108e-01 7.7315038155164917e-01 7.0834516329464581e-01 0
6.0227394021057989e-01 7.7315038155164961e-01 7.0834516329464536e-01 0
6.9574752138280171e-01 7.7315038155164917e-01 7.0834516329464536e-01 0
7.7315038155164961e-01 7.7315038155165006e-01 7.0834516329464536e-01 0
8.3719950203504112e-01 7.7315038155165006e-01 7.0834516329464536e-01 0
8.9016752405376876e-01 7.7315038155165006e-01 7.0834516329464536e-01 0
9.3395044292577012e-01 7.7315038155165006e-01 7.0834516329464492e-01 0
9.6999999999999975e-01 7.7315038155165006e-01 7.0834516329464492e-01 0
2.0000000000000007e-01 8.3719950203504112e-01 7.0834516329464536e-01 0
3.5355965573916825e-01 8.3719950203504112e-01 7.0834516329464536e-01 0
4.8949204057623086e-01 8.3719950203504112e-01 7.0834516329464536e-01 0
6.0227394021057989e-01 8.3719950203504112e-01 7.0834516329464536e-01 0
6.9574752138280083e-01 8.3719950203504112e-01 7.0834516329464536e-01 0
7.7315038155164917e-01 8.3719950203504112e-01 7.0834516329464536e-01 0
8.3719950203504112e-01 8.3719950203504112e-01 7.0834516329464536e-01 0
8.9016752405376876e-01 8.3719950203504112e-01 7.0834516329464536e-01 0
9.3395044292577012e-01 8.3719950203504112e-01 7.0834516329464536e-01 0
9.6999999999999975e-01 8.3719950203504112e-01 7.0834516329464492e-01 0
2.0000000000000007e-01 8.9016752405376876e-01 7.0834516329464536e-01 0
3.5355965573916825e-01 8.9016752405376876e-01 7.0834516329464536e-01 0
4.8949204057623086e-01 8.9016752405376876e-01 7.0834516329464581e-01 0
6.0227394021057989e-01 8.9016752405376876e-01 7.0834516329464536e-01 0
6.9574752138280171e-01 8.9016752405376876e-01 7.0834516329464536e-01 0
7.7315038155164961e-01 8.9016752405376876e-01 7.0834516329464536e-01 0
8.3719950203504112e-01 8.9016752405376876e-01 7.0834516329464536e-01 0
8.9016752405376876e-01 8.9016752405376876e-01 7.0834516329464536e-01 0
9.3395044292577012e-01 8.9016752405376876e-01 7.0834516329464536e-01 0
9.6999999999999975e-01 8.9016752405376876e-01 7.0834516329464492e-01 0
2.0000000000000007e-01 9.3395044292577012e-01 7.0834516329464536e-01 0
3.5355965573916848e-01 9.3395044292577012e-01 7.0834516329464536e-01 0
4.8949204057623086e-01 9.3395044292577012e-01 7.0834516329464536e-01 0
6.0227394021057901e-01 9.3395044292577012e-01 7.0834516329464536e-01 0
6.9574752138280171e-01 9.3395044292577012e-01 7.0834516329464536e-01 0
7.7315038155164917e-01 9.3395044292577012e-01 7.0834516329464536e-01 0
8.3719950203504112e-01 9.3395044292577012e-01 7.0834516329464536e-01 0
8.9016752405376876e-01 9.3395044292577012e-01 7.0834516329464536e-01 0
9.3395044292577012e-01 9.3395044292577012e-01 7.0834516329464536e-01 0
9.6999999999999931e-01 9.3395044292577012e-01 7.0834516329464536e-01 0
1.9999999999999996e-01 9.6999999999999975e-01 7.0834516329464492e-01 0
3.5355965573916848e-01 9.6999999999999975e-01 7.0834516329464536e-01 0
4.8949204057623086e-01 9.6999999999999975e-01 7.0834516329464581e-01 0
6.0227394021057989e-01 9.6999999999999931e-01 7.0834516329464492e-01 0
6.9574752138280171e-01 9.7000000000000108e-01 7.0834516329464536e-01 0
7.7315038155164961e-01 9.6999999999999931e-01 7.0834516329464581e-01 0
8.3719950203504068e-01 9.6999999999999975e-01 7.0834516329464536e-01 0
8.9016752405376876e-01 9.6999999999999975e-01 7.0834516329464536e-01 0
9.3395044292577012e-01 9.6999999999999975e-01 7.0834516329464581e-01 0
9.6999999999999975e-01 9.6999999999999975e-01 7.0834516329464492e-01 0
2.0000000000000007e-01 2.0000000000000007e-01 5.9667640388386323e-01 0
3.5355965573916803e-01 2.0000000000000007e-01 5.9667640388386323e-01 0
4.8949204057623086e-01 2.0000000000000007e-01 5.9667640388386323e-01 0
6.0227394021057989e-01 2.0000000000000007e-01 5.9667640388386345e-01 0
6.9574752138280171e-01 2.0000000000000007e-01 5.9667640388386323e-01 0
7.7315038155164961e-01 2.0000000000000007e-01 5.9667640388386323e-01 0
8.3719950203504112e-01 2.0000000000000007e-01 5.9667640388386323e-01 0
8.9016752405376876e-01 2.0000000000000007e-01 5.9667640388386300e-01 0
9.3395044292576967e-01 2.0000000000000007e-01 5.9667640388386300e-01 0
9.7000000000000020e-01 2.0000000000000007e-01 5.9667640388386323e-01 0
2.0000000000000007e-01 3.5355965573916825e-01 5.9667640388386323e-01 0
3.5355965573916825e-01 3.5355965573916825e-01 5.9667640388386300e-01 0
4.8949204057623064e-01 3.5355965573916825e-01 5.9667640388386300e-01 0
6.0227394021057989e-01 3.5355965573916803e-01 5.9667640388386323e-01 0
6.9574752138280171e-01 3.5355965573916825e-01 5.9667640388386300e-01 0
7.7315038155164961e-01 3.5355965573916825e-01 5.9667640388386300e-01 0
8.3719950203504112e-01 3.5355965573916825e-01 5.9667640388386300e-01 0
8.9016752405376876e-01 3.5355965573916825e-01 5.9667640388386323e-01 0
9.3395044292577012e-01 3.5355965573916803e-01 5.9667640388386323e-01 0
9.7000000000000020e-01 3.5355965573916803e-01 5.9667640388386323e-01 0
2.0000000000000007e-01 4.8949204057623086e-01 5.9667640388386323e-01 0
3.5355965573916803e-01 4.8949204057623108e-01 5.9667640388386300e-01 0
4.8949204057623086e-01 4.8949204057623086e-01 5.9667640388386323e-01 0
6.0227394021057989e-01 4.8949204057623086e-01 5.9667640388386323e-01 0
6.9574752138280127e-01 4.8949204057623086e-01 5.9667640388386323e-01 0
7.7315038155164961e-01 4.8949204057623108e-01 5.9667640388386300e-01 0
8.3719950203504112e-01 4.8949204057623086e-01 5.9667640388386323e-01 0
8.9016752405376876e-01 4.8949204057623108e-01 5.9667640388386323e-01 0
9.3395044292577012e-01 4.8949204057623086e-01 5.9667640388386323e-01 0
9.7000000000000020e-01 4.8949204057623086e-01 5.9667640388386323e-01 0
1.9999999999999996e-01 6.0227394021057989e-01 5.9667640388386323e-01 0
3.5355965573916848e-01 6.0227394021057989e-01 5.9667640388386300e-01 0
4.8949204057623086e-01 6.0227394021057989e-01 5.9667640388386323e-01 0
6.0227394021057989e-01 6.0227394021057989e-01 5.9667640388386323e-01 0
6.9574752138280171e-01 6.0227394021057989e-01 5.9667640388386323e-01 0
7.7315038155164961e-01 6.0227394021057989e-01 5.9667640388386323e-01 0
8.3719950203504112e-01 6.0227394021057989e-01 5.9667640388386323e-01 0
8.9016752405376876e-01 6.0227394021057989e-01 5.9667640388386323e-01 0
9.3395044292576923e-01 6.0227394021057989e-01 5.9667640388386323e-01 0
9.7000000000000020e-01 6.0227394021057989e-01 5.9667640388386323e-01 0
2.0000000000000007e-01 6.9574752138280171e-01 5.9667640388386323e-01 0
3.5355965573916825e-01 6.9574752138280171e-01 5.9667640388386323e-01 0
4.8949204057623086e-01 6.9574752138280171e-01 5.9667640388386323e-01 0
6.0227394021057989e-01 6.9574752138280216e-01 5.9667640388386323e-01 0
6.9574752138280127e-01 6.9574752138280216e-01 5.9667640388386323e-01 0
7.7315038155164961e-01 6.9574752138280216e-01 5.9667640388386323e-01 0
8.3719950203504112e-01 6.9574752138280171e-01 5.9667640388386300e-01 0
8.9016752405376876e-01 6.9574752138280216e-01 5.9667640388386323e-01 0
9.3395044292577012e-01 6.9574752138280216e-01 5.9667640388386323e-01 0
9.7000000000000020e-01 6.9574752138280216e-01 5.9667640388386323e-01 0
2.0000000000000007e-01 7.7315038155164961e-01 5.9667640388386278e-01 0
3.5355965573916825e-01 7.7315038155164961e-01 5.9667640388386323e-01 0
4.8949204057623086e-01 7.7315038155164961e-01 5.9667640388386300e-01 0
6.0227394021057989e-01 7.7315038155164961e-01 5.9667640388386345e-01 0
6.9574752138280127e-01 7.7315038155164961e-01 5.9667640388386323e-01 0
7.7315038155164961e-01 7.7315038155164961e-01 5.9667640388386323e-01 0
8.3719950203504112e-01 7.7315038155164961e-01 5.9667640388386323e-01 0
8.9016752405376876e-01 7.7315038155164961e-01 5.9667640388386300e-01 0
9.3395044292577012e-01 7.7315038155164961e-01 5.9667640388386323e-01 0
9.7000000000000020e-01 7.7315038155164961e-01 5.9667640388386323e-01 0
2.0000000000000007e-01 8.3719950203504112e-01 5.9667640388386323e-01 0
3.5355965573916825e-01 8.3719950203504112e-01 5.9667640388386300e-01 0
4.8949204057623108e-01 8.3719950203504112e-01 5.9667640388386323e-01 0
6.0227394021057989e-01 8.3719950203504112e-01 5.9667640388386323e-01 0
6.9574752138280127e-01 8.3719950203504112e-01 5.9667640388386323e-01 0
7.7315038155164961e-01 8.3719950203504112e-01 5.9667640388386323e-01 0
8.3719950203504112e-01 8.3719950203504112e-01 5.9667640388386323e-01 0
8.9016752405376876e-01 8.3719950203504112e-01 5.9667640388386323e-01 0
9.3395044292577012e-01 8.3719950203504112e-01 5.9667640388386323e-01 0
9.7000000000000020e-01 8.3719950203504112e-01 5.9667640388386323e-01 0
1.9999999999999996e-01 8.9016752405376876e-01 5.9667640388386323e-01 0
3.5355965573916825e-01 8.9016752405376920e-01 5.9667640388386323e-01 0
4.8949204057623108e-01 8.9016752405376876e-01 5.9667640388386323e-01 0
6.0227394021058034e-01 8.9016752405376876e-01 5.9667640388386323e-01 0
6.9574752138280171e-01 8.9016752405376876e-01 5.9667640388386323e-01 0
7.7315038155164917e-01 8.9016752405376920e-01 5.9667640388386323e-01 0
8.3719950203504112e-01 8.9016752405376876e-01 5.9667640388386300e-01 0
8.9016752405376876e-01 8.9016752405376876e-01 5.9667640388386323e-01 0
9.3395044292577012e-01 8.9016752405376876e-01 5.9667640388386323e-01 0
9.7000000000000020e-01 8.9016752405376876e-01 5.9667640388386323e-01 0
2.0000000000000007e-01 9.3395044292577012e-01 5.9667640388386323e-01 0
3.5355965573916848e-01 9.3395044292577012e-01 5.9667640388386300e-01 0
4.8949204057623086e-01 9.3395044292577012e-01 5.9667640388386323e-01 0
6.0227394021057901e-01 9.3395044292577012e-01 5.9667640388386300e-01 0
6.9574752138280171e-01 9.3395044292577012e-01 5.9667640388386323e-01 0
7.7315038155164961e-01 9.3395044292576967e-01 5.9667640388386323e-01 0
8.3719950203504112e-01 9.3395044292577012e-01 5.9667640388386323e-01 0
8.9016752405376876e-01 9.3395044292576967e-01 5.9667640388386323e-01 0
9.3395044292577012e-01 9.3395044292576967e-01 5.9667640388386323e-01 0
9.7000000000000020e-01 9.3395044292576967e-01 5.9667640388386323e-01 0
2.0000000000000007e-01 9.7000000000000020e-01 5.9667640388386323e-01 0
3.5355965573916848e-01 9.7000000000000020e-01 5.9667640388386300e-01 0
4.8949204057623086e-01 9.7000000000000020e-01 5.9667640388386323e-01 0
6.0227394021057989e-01 9.7000000000000020e-01 5.9667640388386323e-01 0
6.9574752138280171e-01 9.6999999999999975e-01 5.9667640388386323e-01 0
7.7315038155164961e-01 9.7000000000000020e-01 5.9667640388386323e-01 0
8.3719950203504023e-01 9.7000000000000020e-01 5.9667640388386323e-01 0
8.9016752405376876e-01 9.7000000000000020e-01 5.9667640388386323e-01 0
9.3395044292577012e-01 9.7000000000000020e-01 5.9667640388386323e-01 0
9.7000000000000020e-01 9.7000000000000020e-01 5.9667640388386323e-01 0
2.0000000000000007e-01 2.0000000000000007e-01 4.8944613468587406e-01 0
3.5355965573916848e-01 2.0000000000000007e-01 4.8944613468587406e-01 0
4.8949204057623108e-01 2.0000000000000007e-01 4.8944613468587406e-01 0
6.0227394021057989e-01 2.0000000000000007e-01 4.8944613468587383e-01 0
6.9574752138280127e-01 2.0000000000000007e-01 4.8944613468587406e-01 0
7.7315038155164917e-01 2.0000000000000007e-01 4.8944613468587406e-01 0
8.3719950203504112e-01 2.0000000000000007e-01 4.8944613468587406e-01 0
8.9016752405376876e-01 2.0000000000000007e-01 4.8944613468587428e-01 0
9.3395044292577012e-01 2.0000000000000007e-01 4.8944613468587406e-01 0
9.7000000000000020e-01 2.0000000000000007e-01 4.8944613468587428e-01 0
2.0000000000000007e-01 3.5355965573916848e-01 4.8944613468587406e-01 0
3.5355965573916848e-01 3.5355965573916848e-01 4.8944613468587406e-01 0
4.8949204057623064e-01 3.5355965573916848e-01 4.8944613468587428e-01 0
6.0227394021057989e-01 3.5355965573916870e-01 4.8944613468587428e-01 0
6.9574752138280171e-01 3.5355965573916870e-01 4.8944613468587406e-01 0
7.7315038155164917e-01 3.5355965573916848e-01 4.8944613468587406e-01 0
8.3719950203504112e-01 3.5355965573916870e-01 4.8944613468587406e-01 0
8.9016752405376876e-01 3.5355965573916870e-01 4.8944613468587406e-01 0
9.3395044292577012e-01 3.5355965573916870e-01 4.8944613468587406e-01 0
9.7000000000000020e-01 3.5355965573916848e-01 4.8944613468587406e-01 0
2.0000000000000007e-01 4.8949204057623086e-01 4.8944613468587406e-01 0
3.5355965573916848e-01 4.8949204057623086e-01 4.8944613468587406e-01 0
4.8949204057623086e-01 4.8949204057623064e-01 4.8944613468587406e-01 0
6.0227394021057989e-01 4.8949204057623086e-01 4.8944613468587428e-01 0
6.9574752138280083e-01 4.8949204057623130e-01 4.8944613468587406e-01 0
7.7315038155164917e-01 4.8949204057623086e-01 4.8944613468587406e-01 0
8.3719950203504112e-01 4.8949204057623086e-01 4.8944613468587361e-01 0
8.9016752405376876e-01 4.8949204057623086e-01 4.8944613468587406e-01 0
9.3395044292577012e-01 4.8949204057623108e-01 4.8944613468587428e-01 0
9.7000000000000020e-01 4.8949204057623086e-01 4.8944613468587428e-01 0
2.0000000000000007e-01 6.0227394021057989e-01 4.8944613468587406e-01 0
3.5355965573916848e-01 6.0227394021057989e-01 4.8944613468587428e-01 0
4.8949204057623086e-01 6.0227394021057989e-01 4.8944613468587428e-01 0
6.0227394021057989e-01 6.0227394021057989e-01 4.8944613468587428e-01 0
6.9574752138280127e-01 6.0227394021057989e-01 4.8944613468587406e-01 0
7.7315038155164917e-01 6.0227394021057989e-01 4.8944613468587383e-01 0
8.3719950203504112e-01 6.0227394021057989e-01 4.8944613468587361e-01 0
8.9016752405376876e-01 6.0227394021057989e-01 4.8944613468587383e-01 0
9.3395044292576967e-01 6.0227394021057989e-01 4.8944613468587428e-01 0
9.7000000000000020e-01 6.0227394021057989e-01 4.8944613468587428e-01 0
2.0000000000000007e-01 6.9574752138280083e-01 4.8944613468587361e-01 0
3.5355965573916848e-01 6.9574752138280083e-01 4.8944613468587406e-01 0
4.8949204057623086e-01 6.9574752138280127e-01 4.8944613468587406e-01 0
6.0227394021057989e-01 6.9574752138280083e-01 4.8944613468587406e-01 0
6.9574752138280127e-01 6.9574752138280171e-01 4.8944613468587406e-01 0
7.7315038155164917e-01 6.9574752138280127e-01 4.8944613468587406e-01 0
8.3719950203504112e-01 6.9574752138280083e-01 4.8944613468587428e-01 0
8.9016752405376876e-01 6.9574752138280127e-01 4.8944613468587428e-01 0
9.3395044292577012e-01 6.9574752138280127e-01 4.8944613468587428e-01 0
9.7000000000000020e-01 6.9574752138280127e-01 4.8944613468587428e-01 0
2.0000000000000007e-01 7.7315038155164917e-01 4.8944613468587361e-01 0
3.5355965573916803e-01 7.7315038155164917e-01 4.8944613468587428e-01 0
4.8949204057623086e-01 7.7315038155164917e-01 4.8944613468587428e-01 0
6.0227394021057989e-01 7.7315038155164917e-01 4.8944613468587450e-01 0
6.9574752138280127e-01 7.7315038155164917e-01 4.8944613468587383e-01 0
7.7315038155164917e-01 7.7315038155164917e-01 4.8944613468587383e-01 0
8.3719950203504112e-01 7.7315038155164917e-01 4.8944613468587361e-01 0
8.9016752405376876e-01 7.7315038155164917e-01 4.8944613468587383e-01 0
9.3395044292577012e-01 7.7315038155164917e-01 4.8944613468587406e-01 0
9.7000000000000020e-01 7.7315038155164917e-01 4.8944613468587428e-01 0
1.9999999999999996e-01 8.3719950203504112e-01 4.8944613468587406e-01 0
3.5355965573916848e-01 8.3719950203504112e-01 4.8944613468587406e-01 0
4.8949204057623108e-01 8.3719950203504112e-01 4.8944613468587383e-01 0
6.0227394021057989e-01 8.3719950203504112e-01 4.8944613468587406e-01 0
6.9574752138280083e-01 8.3719950203504112e-01 4.8944613468587406e-01 0
7.7315038155164917e-01 8.3719950203504112e-01 4.8944613468587406e-01 0
8.3719950203504112e-01 8.3719950203504112e-01 4.8944613468587406e-01 0
8.9016752405376876e-01 8.3719950203504112e-01 4.8944613468587428e-01 0
9.3395044292577012e-01 8.3719950203504112e-01 4.8944613468587428e-01 0
9.6999999999999975e-01 8.3719950203504112e-01 4.8944613468587450e-01 0
2.0000000000000007e-01 8.9016752405376876e-01 4.8944613468587361e-01 0
3.5355965573916848e-01 8.9016752405376876e-01 4.8944613468587428e-01 0
4.8949204057623086e-01 8.9016752405376920e-01 4.8944613468587428e-01 0
6.0227394021057989e-01 8.9016752405376876e-01 4.8944613468587450e-01 0
6.9574752138280127e-01 8.9016752405376876e-01 4.8944613468587383e-01 0
7.7315038155164917e-01 8.9016752405376876e-01 4.8944613468587428e-01 0
8.3719950203504112e-01 8.9016752405376876e-01 4.8944613468587361e-01 0
8.9016752405376876e-01 8.9016752405376876e-01 4.8944613468587428e-01 0
9.3395044292577012e-01 8.9016752405376876e-01 4.8944613468587428e-01 0
9.7000000000000020e-01 8.9016752405376876e-01 4.8944613468587428e-01 0
2.0000000000000007e-01 9.3395044292577012e-01 4.8944613468587406e-01 0
3.5355965573916848e-01 9.3395044292577012e-01 4.8944613468587428e-01 0
4.8949204057623108e-01 9.3395044292577012e-01 4.8944613468587406e-01 0
6.0227394021057945e-01 9.3395044292577012e-01 4.8944613468587428e-01 0
6.9574752138280127e-01 9.3395044292577012e-01 4.8944613468587428e-01 0
7.7315038155164917e-01 9.3395044292577012e-01 4.8944613468587428e-01 0
8.3719950203504112e-01 9.3395044292577012e-01 4.8944613468587428e-01 0
8.9016752405376876e-01 9.3395044292577012e-01 4.8944613468587428e-01 0
9.3395044292577012e-01 9.3395044292577012e-01 4.8944613468587428e-01 0
9.6999999999999931e-01 9.3395044292577012e-01 4.8944613468587428e-01 0
2.0000000000000007e-01 9.7000000000000020e-01 4.8944613468587406e-01 0
3.5355965573916848e-01 9.7000000000000020e-01 4.8944613468587428e-01 0
4.8949204057623086e-01 9.7000000000000020e-01 4.8944613468587428e-01 0
6.0227394021057989e-01 9.7000000000000020e-01 4.8944613468587428e-01 0
6.9574752138280127e-01 9.7000000000000020e-01 4.8944613468587428e-01 0
7.7315038155164917e-01 9.7000000000000020e-01 4.8944613468587406e-01 0
8.3719950203504068e-01 9.7000000000000020e-01 4.8944613468587383e-01 0
8.9016752405376876e-01 9.7000000000000020e-01 4.8944613468587406e-01 0
9.3395044292577012e-01 9.7000000000000020e-01 4.8944613468587450e-01 0
9.7000000000000020e-01 9.7000000000000020e-01 4.8944613468587406e-01 0
2.0000000000000007e-01 1.9999999999999984e-01 3.8595107986722166e-01 0
3.5355965573916803e-01 2.0000000000000007e-01 3.8595107986722188e-01 0
4.8949204057623086e-01 1.9999999999999996e-01 3.8595107986722188e-01 0
6.0227394021057989e-01 2.0000000000000007e-01 3.8595107986722188e-01 0
6.9574752138280171e-01 2.0000000000000007e-01 3.8595107986722188e-01 0
7.7315038155164917e-01 2.0000000000000007e-01 3.8595107986722188e-01 0
8.3719950203504112e-01 2.0000000000000007e-01 3.8595107986722188e-01 0
8.9016752405376920e-01 2.0000000000000007e-01 3.8595107986722188e-01 0
9.3395044292577012e-01 2.0000000000000007e-01 3.8595107986722188e-01 0
9.6999999999999975e-01 2.0000000000000007e-01 3.8595107986722188e-01 0
1.9999999999999996e-01 3.5355965573916825e-01 3.8595107986722166e-01 0
3.5355965573916825e-01 3.5355965573916825e-01 3.8595107986722210e-01 0
4.8949204057623064e-01 3.5355965573916825e-01 3.8595107986722188e-01 0
6.0227394021057989e-01 3.5355965573916803e-01 3.8595107986722188e-01 0
6.9574752138280171e-01 3.5355965573916825e-01 3.8595107986722188e-01 0
7.7315038155164917e-01 3.5355965573916825e-01 3.8595107986722188e-01 0
8.3719950203504112e-01 3.5355965573916825e-01 3.8595107986722188e-01 0
8.9016752405376831e-01 3.5355965573916825e-01 3.8595107986722188e-01 0
9.3395044292577012e-01 3.5355965573916825e-01 3.8595107986722166e-01 0
9.6999999999999975e-01 3.5355965573916825e-01 3.8595107986722188e-01 0
2.0000000000000007e-01 4.8949204057623064e-01 3.8595107986722166e-01 0
3.5355965573916803e-01 4.8949204057623108e-01 3.8595107986722210e-01 0
4.8949204057623086e-01 4.8949204057623108e-01 3.8595107986722188e-01 0
6.0227394021057989e-01 4.8949204057623086e-01 3.8595107986722188e-01 0
6.9574752138280171e-01 4.8949204057623108e-01 3.8595107986722188e-01 0
7.7315038155164917e-01 4.8949204057623108e-01 3.8595107986722188e-01 0
8.3719950203504112e-01 4.8949204057623086e-01 3.8595107986722188e-01 0
8.9016752405376876e-01 4.8949204057623108e-01 3.8595107986722188e-01 0
9.3395044292577012e-01 4.8949204057623064e-01 3.8595107986722166e-01 0
9.6999999999999975e-01 4.8949204057623086e-01 3.8595107986722166e-01 0
1.9999999999999996e-01 6.0227394021057989e-01 3.8595107986722210e-01 0
3.5355965573916825e-01 6.0227394021057989e-01 3.8595107986722210e-01 0
4.8949204057623086e-01 6.0227394021057989e-01 3.8595107986722188e-01 0
6.0227394021057989e-01 6.0227394021057989e-01 3.8595107986722188e-01 0
6.9574752138280171e-01 6.0227394021058034e-01 3.8595107986722188e-01 0
7.7315038155164917e-01 6.0227394021057989e-01 3.8595107986722188e-01 0
8.3719950203504112e-01 6.0227394021057989e-01 3.8595107986722188e-01 0
8.9016752405376876e-01 6.0227394021057989e-01 3.8595107986722188e-01 0
9.3395044292577056e-01 6.0227394021058012e-01 3.8595107986722188e-01 0
9.7000000000000020e-01 6.0227394021057989e-01 3.8595107986722188e-01 0
1.9999999999999996e-01 6.9574752138280127e-01 3.8595107986722166e-01 0
3.5355965573916803e-01 6.9574752138280127e-01 3.8595107986722188e-01 0
4.8949204057623108e-01 6.9574752138280171e-01 3.8595107986722188e-01 0
6.0227394021057989e-01 6.9574752138280216e-01 3.8595107986722188e-01 0
6.9574752138280171e-01 6.9574752138280171e-01 3.8595107986722166e-01 0
7.7315038155164917e-01 6.9574752138280171e-01 3.8595107986722166e-01 0
8.3719950203504112e-01 6.9574752138280171e-01 3.8595107986722166e-01 0
8.9016752405376920e-01 6.9574752138280216e-01 3.8595107986722166e-01 0
9.3395044292577012e-01 6.9574752138280216e-01 3.8595107986722166e-01 0
9.6999999999999975e-01 6.9574752138280216e-01 3.8595107986722166e-01 0
1.9999999999999996e-01 7.7315038155164961e-01 3.8595107986722166e-01 0
3.5355965573916825e-01 7.7315038155164917e-01 3.8595107986722188e-01 0
4.8949204057623086e-01 7.7315038155164917e-01 3.8595107986722188e-01 0
6.0227394021057989e-01 7.7315038155164961e-01 3.8595107986722188e-01 0
6.9574752138280127e-01 7.7315038155164917e-01 3.8595107986722188e-01 0
7.7315038155164917e-01 7.7315038155164917e-01 3.8595107986722188e-01 0
8.3719950203504112e-01 7.7315038155164917e-01 3.8595107986722188e-01 0
8.9016752405376876e-01 7.7315038155164961e-01 3.8595107986722188e-01 0
9.3395044292577012e-01 7.7315038155164917e-01 3.8595107986722188e-01 0
9.6999999999999975e-01 7.7315038155164917e-01 3.8595107986722188e-01 0
1.9999999999999996e-01 8.3719950203504112e-01 3.8595107986722166e-01 0
3.5355965573916825e-01 8.3719950203504112e-01 3.8595107986722210e-01 0
4.8949204057623086e-01 8.3719950203504112e-01 3.8595107986722188e-01 0
6.0227394021057989e-01 8.3719950203504112e-01 3.8595107986722188e-01 0
6.9574752138280083e-01 8.3719950203504112e-01 3.8595107986722188e-01 0
7.7315038155164917e-01 8.3719950203504112e-01 3.8595107986722188e-01 0
8.3719950203504112e-01 8.3719950203504112e-01 3.8595107986722188e-01 0
8.9016752405376876e-01 8.3719950203504112e-01 3.8595107986722188e-01 0
9.3395044292577012e-01 8.3719950203504112e-01 3.8595107986722188e-01 0
9.6999999999999975e-01 8.3719950203504112e-01 3.8595107986722188e-01 0
2.0000000000000007e-01 8.9016752405376876e-01 3.8595107986722188e-01 0
3.5355965573916825e-01 8.9016752405376876e-01 3.8595107986722210e-01 0
4.8949204057623086e-01 8.9016752405376876e-01 3.8595107986722188e-01 0
6.0227394021057989e-01 8.9016752405376876e-01 3.8595107986722188e-01 0
6.9574752138280171e-01 8.9016752405376876e-01 3.8595107986722188e-01 0
7.7315038155164917e-01 8.9016752405376876e-01 3.8595107986722188e-01 0
8.3719950203504112e-01 8.9016752405376876e-01 3.8595107986722188e-01 0
8.9016752405376876e-01 8.9016752405376876e-01 3.8595107986722188e-01 0
9.3395044292577012e-01 8.9016752405376876e-01 3.8595107986722188e-01 0
9.6999999999999975e-01 8.9016752405376876e-01 3.8595107986722188e-01 0
2.0000000000000007e-01 9.3395044292577012e-01 3.8595107986722188e-01 0
3.5355965573916825e-01 9.3395044292577012e-01 3.8595107986722188e-01 0
4.8949204057623064e-01 9.3395044292577012e-01 3.8595107986722188e-01 0
6.0227394021057945e-01 9.3395044292577012e-01 3.8595107986722188e-01 0
6.9574752138280171e-01 9.3395044292577012e-01 3.8595107986722188e-01 0
7.7315038155164917e-01 9.3395044292577012e-01 3.8595107986722188e-01 0
8.3719950203504112e-01 9.3395044292577012e-01 3.8595107986722188e-01 0
8.9016752405376876e-01 9.3395044292577012e-01 3.8595107986722188e-01 0
9.3395044292577012e-01 9.3395044292577012e-01 3.8595107986722188e-01 0
9.6999999999999886e-01 9.3395044292577012e-01 3.8595107986722188e-01 0
2.0000000000000007e-01 9.6999999999999975e-01 3.8595107986722188e-01 0
3.5355965573916825e-01 9.6999999999999975e-01 3.8595107986722188e-01 0
4.8949204057623064e-01 9.6999999999999975e-01 3.8595107986722188e-01 0
6.0227394021057989e-01 9.6999999999999975e-01 3.8595107986722188e-01 0
6.9574752138280171e-01 9.6999999999999975e-01 3.8595107986722188e-01 0
7.7315038155164917e-01 9.6999999999999975e-01 3.8595107986722188e-01 0
8.3719950203504068e-01 9.6999999999999975e-01 3.8595107986722188e-01 0
8.9016752405376876e-01 9.6999999999999975e-01 3.8595107986722188e-01 0
9.3395044292577012e-01 9.6999999999999975e-01 3.8595107986722188e-01 0
9.6999999999999975e-01 9.6999999999999975e-01 3.8595107986722188e-01 0
1.9999999999999996e-01 1.9999999999999996e-01 2.8567381700256078e-01 0
3.5355965573916848e-01 1.9999999999999996e-01 2.8567381700256078e-01 0
4.8949204057623086e-01 1.9999999999999996e-01 2.8567381700256078e-01 0
6.0227394021057989e-01 1.9999999999999996e-01 2.8567381700256078e-01 0
6.9574752138280171e-01 1.9999999999999996e-01 2.8567381700256078e-01 0
7.7315038155164917e-01 1.9999999999999996e-01 2.8567381700256078e-01 0
8.3719950203504112e-01 1.9999999999999996e-01 2.8567381700256078e-01 0
8.9016752405376876e-01 1.9999999999999996e-01 2.8567381700256078e-01 0
9.3395044292577012e-01 1.9999999999999996e-01 2.8567381700256078e-01 0
9.6999999999999975e-01 1.9999999999999996e-01 2.8567381700256078e-01 0
1.9999999999999996e-01 3.5355965573916825e-01 2.8567381700256078e-01 0
3.5355965573916848e-01 3.5355965573916848e-01 2.8567381700256078e-01 0
4.8949204057623064e-01 3.5355965573916825e-01 2.8567381700256078e-01 0
6.0227394021057989e-01 3.5355965573916848e-01 2.8567381700256078e-01 0
6.9574752138280171e-01 3.5355965573916825e-01 2.8567381700256078e-01 0
7.7315038155164917e-01 3.5355965573916848e-01 2.8567381700256078e-01 0
8.3719950203504112e-01 3.5355965573916848e-01 2.8567381700256078e-01 0
8.9016752405376876e-01 3.5355965573916825e-01 2.8567381700256078e-01 0
9.3395044292577056e-01 3.5355965573916848e-01 2.8567381700256078e-01 0
9.7000000000000064e-01 3.5355965573916848e-01 2.8567381700256078e-01 0
1.9999999999999996e-01 4.8949204057623064e-01 2.8567381700256078e-01 0
3.5355965573916803e-01 4.8949204057623086e-01 2.8567381700256078e-01 0
4.8949204057623086e-01 4.8949204057623086e-01 2.8567381700256078e-01 0
6.0227394021057989e-01 4.8949204057623086e-01 2.8567381700256078e-01 0
6.9574752138280171e-01 4.8949204057623086e-01 2.8567381700256078e-01 0
7.7315038155164917e-01 4.8949204057623086e-01 2.8567381700256078e-01 0
8.3719950203504112e-01 4.8949204057623086e-01 2.8567381700256078e-01 0
8.9016752405376876e-01 4.8949204057623086e-01 2.8567381700256078e-01 0
9.3395044292577012e-01 4.8949204057623064e-01 2.8567381700256078e-01 0
9.6999999999999975e-01 4.8949204057623064e-01 2.8567381700256078e-01 0
1.9999999999999996e-01 6.0227394021057989e-01 2.8567381700256078e-01 0
3.5355965573916848e-01 6.0227394021057989e-01 2.8567381700256078e-01 0
4.8949204057623086e-01 6.0227394021057989e-01 2.8567381700256078e-01 0
6.0227394021057989e-01 6.0227394021057989e-01 2.8567381700256078e-01 0
6.9574752138280171e-01 6.0227394021057989e-01 2.8567381700256078e-01 0
7.7315038155164917e-01 6.0227394021057989e-01 2.8567381700256078e-01 0
8.3719950203504112e-01 6.0227394021057989e-01 2.8567381700256078e-01 0
8.9016752405376876e-01 6.0227394021057989e-01 2.8567381700256078e-01 0
9.3395044292576967e-01 6.0227394021057989e-01 2.8567381700256078e-01 0
9.7000000000000020e-01 6.0227394021057989e-01 2.8567381700256078e-01 0
1.9999999999999996e-01 6.9574752138280171e-01 2.8567381700256078e-01 0
3.5355965573916825e-01 6.9574752138280127e-01 2.8567381700256078e-01 0
4.8949204057623086e-01 6.9574752138280127e-01 2.8567381700256078e-01 0
6.0227394021057989e-01 6.9574752138280171e-01 2.8567381700256078e-01 0
6.9574752138280171e-01 6.9574752138280127e-01 2.8567381700256078e-01 0
7.7315038155164917e-01 6.9574752138280171e-01 2.8567381700256078e-01 0
8.3719950203504112e-01 6.9574752138280171e-01 2.8567381700256078e-01 0
8.9016752405376876e-01 6.9574752138280127e-01 2.8567381700256078e-01 0
9.3395044292577012e-01 6.9574752138280127e-01 2.8567381700256078e-01 0
9.6999999999999975e-01 6.9574752138280171e-01 2.8567381700256078e-01 0
1.9999999999999996e-01 7.7315038155164917e-01 2.8567381700256078e-01 0
3.5355965573916825e-01 7.7315038155164917e-01 2.8567381700256078e-01 0
4.8949204057623064e-01 7.7315038155164917e-01 2.8567381700256078e-01 0
6.0227394021057989e-01 7.7315038155164961e-01 2.8567381700256078e-01 0
6.9574752138280127e-01 7.7315038155164917e-01 2.8567381700256078e-01 0
7.7315038155164917e-01 7.7315038155164917e-01 2.8567381700256078e-01 0
8.3719950203504112e-01 7.7315038155164917e-01 2.8567381700256078e-01 0
8.9016752405376876e-01 7.7315038155164917e-01 2.8567381700256078e-01 0
9.3395044292577012e-01 7.7315038155164917e-01 2.8567381700256078e-01 0
9.6999999999999975e-01 7.7315038155164917e-01 2.8567381700256078e-01 0
1.9999999999999996e-01 8.3719950203504112e-01 2.8567381700256078e-01 0
3.5355965573916848e-01 8.3719950203504112e-01 2.8567381700256078e-01 0
4.8949204057623086e-01 8.3719950203504112e-01 2.8567381700256078e-01 0
6.0227394021057989e-01 8.3719950203504112e-01 2.8567381700256078e-01 0
6.9574752138280127e-01 8.3719950203504112e-01 2.8567381700256078e-01 0
7.7315038155164917e-01 8.3719950203504112e-01 2.8567381700256078e-01 0
8.3719950203504112e-01 8.3719950203504112e-01 2.8567381700256078e-01 0
8.9016752405376876e-01 8.3719950203504112e-01 2.8567381700256078e-01 0
9.3395044292577012e-01 8.3719950203504112e-01 2.8567381700256078e-01 0
9.6999999999999975e-01 8.3719950203504112e-01 2.8567381700256078e-01 0
1.9999999999999996e-01 8.9016752405376876e-01 2.8567381700256078e-01 0
3.5355965573916825e-01 8.9016752405376876e-01 2.8567381700256078e-01 0
4.8949204057623086e-01 8.9016752405376876e-01 2.8567381700256078e-01 0
6.0227394021057989e-01 8.9016752405376876e-01 2.8567381700256078e-01 0
6.9574752138280171e-01 8.9016752405376876e-01 2.8567381700256078e-01 0
7.7315038155164917e-01 8.9016752405376876e-01 2.8567381700256078e-01 0
8.3719950203504112e-01 8.9016752405376876e-01 2.8567381700256078e-01 0
8.9016752405376876e-01 8.9016752405376876e-01 2.8567381700256078e-01 0
9.3395044292577012e-01 8.9016752405376876e-01 2.8567381700256078e-01 0
9.6999999999999975e-01 8.9016752405376876e-01 2.8567381700256078e-01 0
1.9999999999999996e-01 9.3395044292577012e-01 2.8567381700256078e-01 0
3.5355965573916848e-01 9.3395044292577012e-01 2.8567381700256078e-01 0
4.8949204057623086e-01 9.3395044292577012e-01 2.8567381700256078e-01 0
6.0227394021057901e-01 9.3395044292577012e-01 2.8567381700256078e-01 0
6.9574752138280171e-01 9.3395044292577012e-01 2.8567381700256078e-01 0
7.7315038155164917e-01 9.3395044292577012e-01 2.8567381700256078e-01 0
8.3719950203504112e-01 9.3395044292577012e-01 2.8567381700256078e-01 0
8.9016752405376876e-01 9.3395044292577012e-01 2.8567381700256078e-01 0
9.3395044292577012e-01 9.3395044292577012e-01 2.8567381700256078e-01 0
9.6999999999999886e-01 9.3395044292577012e-01 2.8567381700256078e-01 0
1.9999999999999996e-01 9.6999999999999975e-01 2.8567381700256078e-01 0
3.5355965573916848e-01 9.6999999999999975e-01 2.8567381700256078e-01 0
4.8949204057623086e-01 9.7000000000000020e-01 2.8567381700256078e-01 0
6.0227394021057989e-01 9.6999999999999975e-01 2.8567381700256078e-01 0
6.9574752138280171e-01 9.7000000000000020e-01 2.8567381700256078e-01 0
7.7315038155164917e-01 9.6999999999999975e-01 2.8567381700256078e-01 0
8.3719950203504068e-01 9.7000000000000020e-01 2.8567381700256078e-01 0
8.9016752405376876e-01 9.6999999999999975e-01 2.8567381700256078e-01 0
9.3395044292577012e-01 9.6999999999999975e-01 2.8567381700256078e-01 0
9.6999999999999975e-01 9.7000000000000020e-01 2.8567381700256078e-01 0
1.9999999999999996e-01 1.9999999999999996e-01 1.8801855389028788e-01 0
3.5355965573916825e-01 1.9999999999999996e-01 1.8801855389028788e-01 0
4.8949204057623086e-01 1.9999999999999996e-01 1.8801855389028788e-01 0
6.0227394021057989e-01 1.9999999999999996e-01 1.8801855389028788e-01 0
6.9574752138280171e-01 1.9999999999999996e-01 1.8801855389028788e-01 0
7.7315038155164917e-01 1.9999999999999996e-01 1.8801855389028788e-01 0
8.3719950203504112e-01 1.9999999999999996e-01 1.8801855389028788e-01 0
8.9016752405376876e-01 1.9999999999999996e-01 1.8801855389028799e-01 0
9.3395044292577012e-01 1.9999999999999996e-01 1.8801855389028788e-01 0
9.6999999999999975e-01 1.9999999999999996e-01 1.8801855389028788e-01 0
1.9999999999999996e-01 3.5355965573916848e-01 1.8801855389028788e-01 0
3.5355965573916848e-01 3.5355965573916848e-01 1.8801855389028788e-01 0
4.8949204057623064e-01 3.5355965573916825e-01 1.8801855389028788e-01 0
6.0227394021058034e-01 3.5355965573916848e-01 1.8801855389028788e-01 0
6.9574752138280171e-01 3.5355965573916825e-01 1.8801855389028788e-01 0
7.7315038155164917e-01 3.5355965573916848e-01 1.8801855389028788e-01 0
8.3719950203504112e-01 3.5355965573916848e-01 1.8801855389028777e-01 0
8.9016752405376876e-01 3.5355965573916825e-01 1.8801855389028788e-01 0
9.3395044292577012e-01 3.5355965573916848e-01 1.8801855389028777e-01 0
9.7000000000000020e-01 3.5355965573916848e-01 1.8801855389028788e-01 0
1.9999999999999996e-01 4.8949204057623064e-01 1.8801855389028788e-01 0
3.5355965573916825e-01 4.8949204057623086e-01 1.8801855389028799e-01 0
4.8949204057623086e-01 4.8949204057623086e-01 1.8801855389028788e-01 0
6.0227394021057989e-01 4.8949204057623086e-01 1.8801855389028788e-01 0
6.9574752138280127e-01 4.8949204057623108e-01 1.8801855389028788e-01 0
7.7315038155164917e-01 4.8949204057623086e-01 1.8801855389028788e-01 0
8.3719950203504112e-01 4.8949204057623086e-01 1.8801855389028788e-01 0
8.9016752405376876e-01 4.8949204057623086e-01 1.8801855389028799e-01 0
9.3395044292577012e-01 4.8949204057623064e-01 1.8801855389028788e-01 0
9.6999999999999975e-01 4.8949204057623086e-01 1.8801855389028788e-01 0
1.9999999999999996e-01 6.0227394021057945e-01 1.8801855389028788e-01 0
3.5355965573916848e-01 6.0227394021057945e-01 1.8801855389028788e-01 0
4.8949204057623086e-01 6.0227394021057989e-01 1.8801855389028788e-01 0
6.0227394021057989e-01 6.0227394021057945e-01 1.8801855389028788e-01 0
6.9574752138280171e-01 6.0227394021057989e-01 1.8801855389028788e-01 0
7.7315038155164917e-01 6.0227394021057945e-01 1.8801855389028788e-01 0
8.3719950203504112e-01 6.0227394021057945e-01 1.8801855389028788e-01 0
8.9016752405376876e-01 6.0227394021057989e-01 1.8801855389028799e-01 0
9.3395044292576923e-01 6.0227394021057989e-01 1.8801855389028788e-01 0
9.6999999999999975e-01 6.0227394021057967e-01 1.8801855389028788e-01 0
1.9999999999999996e-01 6.9574752138280171e-01 1.8801855389028788e-01 0
3.5355965573916825e-01 6.9574752138280171e-01 1.8801855389028788e-01 0
4.8949204057623086e-01 6.9574752138280127e-01 1.8801855389028788e-01 0
6.0227394021057989e-01 6.9574752138280171e-01 1.8801855389028788e-01 0
6.9574752138280216e-01 6.9574752138280127e-01 1.8801855389028788e-01 0
7.7315038155164917e-01 6.9574752138280171e-01 1.8801855389028788e-01 0
8.3719950203504112e-01 6.9574752138280171e-01 1.8801855389028788e-01 0
8.9016752405376876e-01 6.9574752138280127e-01 1.8801855389028788e-01 0
9.3395044292577012e-01 6.9574752138280171e-01 1.8801855389028788e-01 0
9.6999999999999975e-01 6.9574752138280171e-01 1.8801855389028788e-01 0
1.9999999999999996e-01 7.7315038155164917e-01 1.8801855389028788e-01 0
3.5355965573916825e-01 7.7315038155164917e-01 1.8801855389028788e-01 0
4.8949204057623086e-01 7.7315038155164917e-01 1.8801855389028788e-01 0
6.0227394021057989e-01 7.7315038155164961e-01 1.8801855389028788e-01 0
6.9574752138280127e-01 7.7315038155164917e-01 1.8801855389028788e-01 0
7.7315038155164917e-01 7.7315038155164917e-01 1.8801855389028788e-01 0
8.3719950203504112e-01 7.7315038155164917e-01 1.8801855389028788e-01 0
8.9016752405376876e-01 7.7315038155164917e-01 1.8801855389028788e-01 0
9.3395044292577012e-01 7.7315038155164917e-01 1.8801855389028788e-01 0
9.6999999999999975e-01 7.7315038155164917e-01 1.8801855389028788e-01 0
1.9999999999999996e-01 8.3719950203504112e-01 1.8801855389028788e-01 0
3.5355965573916848e-01 8.3719950203504112e-01 1.8801855389028788e-01 0
4.8949204057623086e-01 8.3719950203504112e-01 1.8801855389028788e-01 0
6.0227394021057989e-01 8.3719950203504112e-01 1.8801855389028788e-01 0
6.9574752138280127e-01 8.3719950203504112e-01 1.8801855389028788e-01 0
7.7315038155164917e-01 8.3719950203504112e-01 1.8801855389028788e-01 0
8.3719950203504112e-01 8.3719950203504112e-01 1.8801855389028788e-01 0
8.9016752405376876e-01 8.3719950203504112e-01 1.8801855389028788e-01 0
9.3395044292577012e-01 8.3719950203504112e-01 1.8801855389028788e-01 0
9.6999999999999975e-01 8.3719950203504112e-01 1.8801855389028788e-01 0
1.9999999999999996e-01 8.9016752405376876e-01 1.8801855389028788e-01 0
3.5355965573916825e-01 8.9016752405376876e-01 1.8801855389028788e-01 0
4.8949204057623064e-01 8.9016752405376876e-01 1.8801855389028788e-01 0
6.0227394021058034e-01 8.9016752405376876e-01 1.8801855389028788e-01 0
6.9574752138280216e-01 8.9016752405376876e-01 1.8801855389028788e-01 0
7.7315038155164917e-01 8.9016752405376876e-01 1.8801855389028788e-01 0
8.3719950203504112e-01 8.9016752405376876e-01 1.8801855389028788e-01 0
8.9016752405376876e-01 8.9016752405376876e-01 1.8801855389028788e-01 0
9.3395044292577012e-01 8.9016752405376876e-01 1.8801855389028788e-01 0
9.6999999999999975e-01 8.9016752405376876e-01 1.8801855389028788e-01 0
1.9999999999999996e-01 9.3395044292577012e-01 1.8801855389028788e-01 0
3.5355965573916848e-01 9.3395044292577012e-01 1.8801855389028788e-01 0
4.8949204057623086e-01 9.3395044292577012e-01 1.8801855389028788e-01 0
6.0227394021057901e-01 9.3395044292577012e-01 1.8801855389028788e-01 0
6.9574752138280171e-01 9.3395044292577012e-01 1.8801855389028788e-01 0
7.7315038155164917e-01 9.3395044292577012e-01 1.8801855389028788e-01 0
8.3719950203504112e-01 9.3395044292577012e-01 1.8801855389028788e-01 0
8.9016752405376876e-01 9.3395044292577012e-01 1.8801855389028788e-01 0
9.3395044292577012e-01 9.3395044292577012e-01 1.8801855389028788e-01 0
9.6999999999999886e-01 9.3395044292577012e-01 1.8801855389028788e-01 0
1.9999999999999996e-01 9.6999999999999975e-01 1.8801855389028788e-01 0
3.5355965573916848e-01 9.7000000000000020e-01 1.8801855389028788e-01 0
4.8949204057623086e-01 9.7000000000000020e-01 1.8801855389028788e-01 0
6.0227394021057989e-01 9.6999999999999975e-01 1.8801855389028788e-01 0
6.9574752138280171e-01 9.7000000000000020e-01 1.8801855389028788e-01 0
7.7315038155164917e-01 9.6999999999999975e-01 1.8801855389028788e-01 0
8.3719950203504023e-01 9.7000000000000020e-01 1.8801855389028788e-01 0
8.9016752405376876e-01 9.6999999999999975e-01 1.8801855389028788e-01 0
9.3395044292577012e-01 9.6999999999999975e-01 1.8801855389028788e-01 0
9.6999999999999975e-01 9.6999999999999975e-01 1.8801855389028788e-01 0
1.9999999999999996e-01 1.9999999999999996e-01 9.2926025390625000e-02 0
3.5355965573916848e-01 1.9999999999999996e-01 9.2926025390625000e-02 0
4.8949204057623108e-01 1.9999999999999996e-01 9.2926025390625000e-02 0
6.0227394021057989e-01 1.9999999999999996e-01 9.2926025390625000e-02 0
6.9574752138280127e-01 1.9999999999999996e-01 9.2926025390625000e-02 0
7.7315038155164917e-01 1.9999999999999996e-01 9.2926025390625000e-02 0
8.3719950203504112e-01 1.9999999999999996e-01 9.2926025390625056e-02 0
8.9016752405376876e-01 1.9999999999999996e-01 9.2926025390625000e-02 0
9.3395044292577012e-01 1.9999999999999996e-01 9.2926025390625056e-02 0
9.7000000000000020e-01 1.9999999999999996e-01 9.2926025390625000e-02 0
1.9999999999999996e-01 3.5355965573916848e-01 9.2926025390625000e-02 0
3.5355965573916848e-01 3.5355965573916848e-01 9.2926025390625000e-02 0
4.8949204057623064e-01 3.5355965573916825e-01 9.2926025390625000e-02 0
6.0227394021057989e-01 3.5355965573916848e-01 9.2926025390625000e-02 0
6.9574752138280127e-01 3.5355965573916825e-01 9.2926025390625000e-02 0
7.7315038155164917e-01 3.5355965573916848e-01 9.2926025390625000e-02 0
8.3719950203504112e-01 3.5355965573916848e-01 9.2926025390625056e-02 0
8.9016752405376876e-01 3.5355965573916825e-01 9.2926025390625000e-02 0
9.3395044292577012e-01 3.5355965573916848e-01 9.2926025390625056e-02 0
9.7000000000000020e-01 3.5355965573916848e-01 9.2926025390625000e-02 0
1.9999999999999996e-01 4.8949204057623086e-01 9.2926025390625000e-02 0
3.5355965573916803e-01 4.8949204057623108e-01 9.2926025390625000e-02 0
4.8949204057623108e-01 4.8949204057623086e-01 9.2926025390625000e-02 0
6.0227394021057989e-01 4.8949204057623086e-01 9.2926025390625000e-02 0
6.9574752138280127e-01 4.8949204057623108e-01 9.2926025390625000e-02 0
7.7315038155164917e-01 4.8949204057623108e-01 9.2926025390625000e-02 0
8.3719950203504112e-01 4.8949204057623086e-01 9.2926025390625056e-02 0
8.9016752405376876e-01 4.8949204057623108e-01 9.2926025390625000e-02 0
9.3395044292577012e-01 4.8949204057623086e-01 9.2926025390625056e-02 0
9.7000000000000064e-01 4.8949204057623108e-01 9.2926025390625000e-02 0
1.9999999999999996e-01 6.0227394021057989e-01 9.2926025390625000e-02 0
3.5355965573916848e-01 6.0227394021057989e-01 9.2926025390625000e-02 0
4.8949204057623086e-01 6.0227394021057989e-01 9.2926025390625000e-02 0
6.0227394021057989e-01 6.0227394021057989e-01 9.2926025390625000e-02 0
6.9574752138280127e-01 6.0227394021057989e-01 9.2926025390625000e-02 0
7.7315038155164917e-01 6.0227394021057989e-01 9.2926025390625000e-02 0
8.3719950203504112e-01 6.0227394021057989e-01 9.2926025390625000e-02 0
8.9016752405376876e-01 6.0227394021057989e-01 9.2926025390625000e-02 0
9.3395044292576967e-01 6.0227394021057989e-01 9.2926025390625000e-02 0
9.7000000000000020e-01 6.0227394021057989e-01 9.2926025390625000e-02 0
1.9999999999999996e-01 6.9574752138280127e-01 9.2926025390625000e-02 0
3.5355965573916825e-01 6.9574752138280083e-01 9.2926025390625000e-02 0
4.8949204057623108e-01 6.9574752138280127e-01 9.2926025390625000e-02 0
6.0227394021057989e-01 6.9574752138280083e-01 9.2926025390625000e-02 0
6.9574752138280127e-01 6.9574752138280127e-01 9.2926025390625000e-02 0
7.7315038155164917e-01 6.9574752138280127e-01 9.2926025390625000e-02 0
8.3719950203504112e-01 6.9574752138280083e-01 9.2926025390625000e-02 0
8.9016752405376876e-01 6.9574752138280127e-01 9.2926025390625000e-02 0
9.3395044292577012e-01 6.9574752138280083e-01 9.2926025390625056e-02 0
9.7000000000000020e-01 6.9574752138280127e-01 9.2926025390625000e-02 0
1.9999999999999996e-01 7.7315038155164917e-01 9.2926025390625000e-02 0
3.5355965573916825e-01 7.7315038155164917e-01 9.2926025390625000e-02 0
4.8949204057623108e-01 7.7315038155164917e-01 9.2926025390625000e-02 0
6.0227394021057989e-01 7.7315038155164961e-01 9.2926025390625000e-02 0
6.9574752138280127e-01 7.7315038155164917e-01 9.2926025390625000e-02 0
7.7315038155164917e-01 7.7315038155164917e-01 9.2926025390625000e-02 0
8.3719950203504112e-01 7.7315038155164917e-01 9.2926025390625000e-02 0
8.9016752405376876e-01 7.7315038155164917e-01 9.2926025390625000e-02 0
9.3395044292577012e-01 7.7315038155164917e-01 9.2926025390625056e-02 0
9.6999999999999975e-01 7.7315038155164917e-01 9.2926025390625000e-02 0
1.9999999999999996e-01 8.3719950203504112e-01 9.2926025390625000e-02 0
3.5355965573916870e-01 8.3719950203504112e-01 9.2926025390625000e-02 0
4.8949204057623108e-01 8.3719950203504112e-01 9.2926025390625000e-02 0
6.0227394021057989e-01 8.3719950203504112e-01 9.2926025390625000e-02 0
6.9574752138280127e-01 8.3719950203504112e-01 9.2926025390625000e-02 0
7.7315038155164917e-01 8.3719950203504112e-01 9.2926025390625000e-02 0
8.3719950203504112e-01 8.3719950203504112e-01 9.2926025390625000e-02 0
8.9016752405376876e-01 8.3719950203504112e-01 9.2926025390625000e-02 0
9.3395044292577012e-01 8.3719950203504112e-01 9.2926025390625000e-02 0
9.6999999999999975e-01 8.3719950203504112e-01 9.2926025390625000e-02 0
1.9999999999999996e-01 8.9016752405376876e-01 9.2926025390625000e-02 0
3.5355965573916825e-01 8.9016752405376876e-01 9.2926025390625000e-02 0
4.8949204057623108e-01 8.9016752405376876e-01 9.2926025390625000e-02 0
6.0227394021058034e-01 8.9016752405376876e-01 9.2926025390625000e-02 0
6.9574752138280171e-01 8.9016752405376876e-01 9.2926025390625000e-02 0
7.7315038155164917e-01 8.9016752405376876e-01 9.2926025390625000e-02 0
8.3719950203504112e-01 8.9016752405376876e-01 9.2926025390625000e-02 0
8.9016752405376876e-01 8.9016752405376876e-01 9.2926025390625000e-02 0
9.3395044292577012e-01 8.9016752405376876e-01 9.2926025390625056e-02 0
9.6999999999999975e-01 8.9016752405376876e-01 9.2926025390625000e-02 0
1.9999999999999996e-01 9.3395044292577012e-01 9.2926025390625000e-02 0
3.5355965573916848e-01 9.3395044292577012e-01 9.2926025390625000e-02 0
4.8949204057623108e-01 9.3395044292577012e-01 9.2926025390625000e-02 0
6.0227394021057945e-01 9.3395044292577012e-01 9.2926025390625000e-02 0
6.9574752138280127e-01 9.3395044292577012e-01 9.2926025390625000e-02 0
7.7315038155164917e-01 9.3395044292577012e-01 9.2926025390625000e-02 0
8.3719950203504112e-01 9.3395044292577012e-01 9.2926025390625000e-02 0
8.9016752405376876e-01 9.3395044292577012e-01 9.2926025390625000e-02 0
9.3395044292577012e-01 9.3395044292577012e-01 9.2926025390625000e-02 0
9.6999999999999886e-01 9.3395044292577012e-01 9.2926025390625000e-02 0
1.9999999999999996e-01 9.6999999999999975e-01 9.2926025390625000e-02 0
3.5355965573916848e-01 9.7000000000000064e-01 9.2926025390625000e-02 0
4.8949204057623086e-01 9.7000000000000020e-01 9.2926025390625000e-02 0
6.0227394021057989e-01 9.6999999999999975e-01 9.2926025390625000e-02 0
6.9574752138280127e-01 9.7000000000000020e-01 9.2926025390625000e-02 0
7.7315038155164917e-01 9.6999999999999975e-01 9.2926025390625000e-02 0
8.3719950203504068e-01 9.6999999999999975e-01 9.2926025390625000e-02 0
8.9016752405376876e-01 9.6999999999999975e-01 9.2926025390625000e-02 0
9.3395044292577012e-01 9.6999999999999975e-01 9.2926025390625000e-02 0
9.6999999999999975e-01 9.6999999999999975e-01 9.2926025390625000e-02 0

Hexahedra
3751
1 9 699 318 59 279 1609 1038 0
59 279 1609 1038 60 280 1610 1068 0
60 280 1610 1068 61 281 1611 1098 0
61 281 1611 1098 62 282 1612 1128 0
62 282 1612 1128 63 283 1613 1158 0
63 283 1613 1158 64 284 1614 1188 0
64 284 1614 1188 65 285 1615 1218 0
65 285 1615 1218 66 286 1616 1248 0
66 286 1616 1248 67 287 1617 1278 0
67 287 1617 1278 68 288 1618 1308 0
68 288 1618 1308 5 29 709 378 0
9 10 700 699 279 269 1619 1609 0
279 269 1619 1609 280 270 1620 1610 0
280 270 1620 1610 281 271 1621 1611 0
281 271 1621 1611 282 272 1622 1612 0
282 272 1622 1612 283 273 1623 1613 0
283 273 1623 1613 284 274 1624 1614 0
284 274 1624 1614 285 275 1625 1615 0
285 275 1625 1615 286 276 1626 1616 0
286 276 1626 1616 287 277 1627 1617 0
287 277 1627 1617 288 278 1628 1618 0
288 278 1628 1618 29 30 710 709 0
10 11 701 700 269 259 1629 1619 0
269 259 1629 1619 270 260 1630 1620 0
270 260 1630 1620 271 261 1631 1621 0
271 261 1631 1621 272 262 1632 1622 0
272 262 1632 1622 273 263 1633 1623 0
273 263 1633 1623 274 264 1634 1624 0
274 264 1634 1624 275 265 1635 1625 0
275 265 1635 1625 276 266 1636 1626 0
276 266 1636 1626 277 267 1637 1627 0
277 267 1637 1627 278 268 1638 1628 0
278 268 1638 1628 30 31 711 710 0
11 12 702 701 259 249 1639 1629 0
259 249 1639 1629 260 250 1640 1630 0
260 250 1640 1630 261 251 1641 1631 0
261 251 1641 1631 262 252 1642 1632 0
262 252 1642 1632 263 253 1643 1633 0
263 253 1643 1633 264 254 1644 1634 0
264 254 1644 1634 265 255 1645 1635 0
265 255 1645 1635 266 256 1646 1636 0
266 256 1646 1636 267 257 1647 1637 0
267 257 1647 1637 268 258 1648 1638 0
268 258 1648 1638 31 32 712 711 0
12 13 703 702 249 239 1649 1639 0
249 239 1649 1639 250 240 1650 1640 0
250 240 1650 1640 251 241 1651 1641 0
251 241 1651 1641 252 242 1652 1642 0
252 242 1652 1642 253 243 1653 1643 0
253 243 1653 1643 254 244 1654 1644 0
254 244 1654 1644 255 245 1655 1645 0
255 245 1655 1645 256 246 1656 1646 0
256 246 1656 1646 257 247 1657 1647 0
257 247 1657 1647 258 248 1658 1648 0
258 248 1658 1648 32 33 713 712 0
13 14 704 703 239 229 1659 1649 0
239 229 1659 1649 240 230 1660 1650 0
240 230 1660 1650 241 231 1661 1651 0
241 231 1661 1651 242 232 1662 1652 0
242 232 1662 1652 243 233 1663 1653 0
243 233 1663 1653 244 234 1664 1654 0
244 234 1664 1654 245 235 1665 1655 0
245 235 1665 1655 246 236 1666 1656 0
246 236 1666 1656 247 237 1667 1657 0
247 237 1667 1657 248 238 1668 1658 0
248 238 1668 1658 33 34 714 713 0
14 15 705 704 229 219 1669 1659 0
229 219 1669 1659 230 220 1670 1660 0
230 220 1670 1660 231 221 1671 1661 0
231 221 1671 1661 232 222 1672 1662 0
232 222 1672 1662 233 223 1673 1663 0
233 223 1673 1663 234 224 1674 1664 0
234 224 1674 1664 235 225 1675 1665 0
235 225 1675 1665 236 226 1676 1666 0
236 226 1676 1666 237 227 1677 1667 0
237 227 1677 1667 238 228 1678 1668 0
238 228 1678 1668 34 35 715 714 0
15 16 706 705 219 209 1679 1669 0
219 209 1679 1669 220 210 1680 1670 0
220 210 1680 1670 221 211 1681 1671 0
221 211 1681 1671 222 212 1682 1672 0
222 212 1682 1672 223 213 1683 1673 0
223 213 1683 1673 224 214 1684 1674 0
224 214 1684 1674 225 215 1685 1675 0
225 215 1685 1675 226 216 1686 1676 0
226 216 1686 1676 227 217 1687 1677 0
227 217 1687 1677 228 218 1688 1678 0
228 218 1688 1678 35 36 716 715 0
16 17 707 706 209 199 1689 1679 0
209 199 1689 1679 210 200 1690 1680 0
210 200 1690 1680 211 201 1691 1681 0
211 201 1691 1681 212 202 1692 1682 0
212 202 1692 1682 213 203 1693 1683 0
213 203 1693 1683 214 204 1694 1684 0
214 204 1694 1684 215 205 1695 1685 0
215 205 1695 1685 216 206 1696 1686 0
216 206 1696 1686 217 207 1697 1687 0
217 207 1697 1687 218 208 1698 1688 0
218 208 1698 1688 36 37 717 716 0
17 18 708 707 199 189 1699 1689 0
199 189 1699 1689 200 190 1700 1690 0
200 190 1700 1690 201 191 1701 1691 0
201 191 1701 1691 202 192 1702 1692 0
202 192 1702 1692 203 193 1703 1693 0
203 193 1703 1693 204 194 1704 1694 0
204 194 1704 1694 205 195 1705 1695 0
205 195 1705 1695 206 196 1706 1696 0
206 196 1706 1696 207 197 1707 1697 0
207 197 1707 1697 208 198 1708 1698 0
208 198 1708 1698 37 38 718 717 0
18 3 348 708 189 79 1608 1699 0
189 79 1608 1699 190 80 1578 1700 0
190 80 1578 1700 191 81 1548 1701 0
191 81 1548 1701 192 82 1518 1702 0
192 82 1518 1702 193 83 1488 1703 0
193 83 1488 1703 194 84 1458 1704 0
194 84 1458 1704 195 85 1428 1705 0
195 85 1428 1705 196 86 1398 1706 0
196 86 1398 1706 197 87 1368 1707 0
197 87 1368 1707 198 88 1338 1708 0
198 88 1338 1708 38 7 408 718 0
318 699 689 317 1038 1609 1709 1037 0
1038 1609 1709 1037 1068 1610 1710 1067 0
1068 1610 1710 1067 1098 1611 1711 1097 0
1098 1611 1711 1097 1128 1612 1712 1127 0
1128 1612 1712 1127 1158 1613 1713 1157 0
1158 1613 1713 1157 1188 1614 1714 1187 0
1188 1614 1714 1187 1218 1615 1715 1217 0
1218 1615 1715 1217 1248 1616 1716 1247 0
1248 1616 1716 1247 1278 1617 1717 1277 0
1278 1617 1717 1277 1308 1618 1718 1307 0
1308 1618 1718 1307 378 709 719 377 0
699 700 690 689 1609 1619 1719 1709 0
1609 1619 1719 1709 1610 1620 1720 1710 0
1610 1620 1720 1710 1611 1621 1721 1711 0
1611 1621 1721 1711 1612 1622 1722 1712 0
1612 1622 1722 1712 1613 1623 1723 1713 0
1613 1623 1723 1713 1614 1624 1724 1714 0
1614 1624 1724 1714 1615 1625 1725 1715 0
1615 1625 1725 1715 1616 1626 1726 1716 0
1616 1626 1726 1716 1617 1627 1727 1717 0
1617 1627 1727 1717 1618 1628 1728 1718 0
1618 1628 1728 1718 709 710 720 719 0
700 701 691 690 1619 1629 1729 1719 0
1619 1629 1729 1719 1620 1630 1730 1720 0
1620 1630 1730 1720 1621 1631 1731 1721 0
1621 1631 1731 1721 1622 1632 1732 1722 0
1622 1632 1732 1722 1623 1633 1733 1723 0
1623 1633 1733 1723 1624 1634 1734 1724 0
1624 1634 1734 1724 1625 1635 1735 1725 0
1625 1635 1735 1725 1626 1636 1736 1726 0
1626 1636 1736 1726 1627 1637 1737 1727 0
1627 1637 1737 1727 1628 1638 1738 1728 0
1628 1638 1738 1728 710 711 721 720 0
701 702 692 691 1629 1639 1739 1729 0
1629 1639 1739 1729 1630 1640 1740 1730 0
1630 1640 1740 1730 1631 1641 1741 1731 0
1631 1641 1741 1731 1632 1642 1742 1732 0
1632 1642 1742 1732 1633 1643 1743 1733 0
1633 1643 1743 1733 1634 1644 1744 1734 0
1634 1644 1744 1734 1635 1645 1745 1735 0
1635 1645 1745 1735 1636 1646 1746 1736 0
1636 1646 1746 1736 1637 1647 1747 1737 0
1637 1647 1747 1737 1638 1648 1748 1738 0
1638 1648 1748 1738 711 712 722 721 0
702 703 693 692 1639 1649 1749 1739 0
1639 1649 1749 1739 1640 1650 1750 1740 0
1640 1650 1750 1740 1641 1651 1751 1741 0
1641 1651 1751 1741 1642 1652 1752 1742 0
1642 1652 1752 1742 1643 1653 1753 1743 0
1643 1653 1753 1743 1644 1654 1754 1744 0
1644 1654 1754 1744 1645 1655 1755 1745 0
1645 1655 1755 1745 1646 1656 1756 1746 0
1646 1656 1756 1746 1647 1657 1757 1747 0
1647 1657 1757 1747 1648 1658 1758 1748 0
1648 1658 1758 1748 712 713 723 722 0
703 704 694 693 1649 1659 1759 1749 0
1649 1659 1759 1749 1650 1660 1760 1750 0
1650 1660 1760 1750 1651 1661 1761 1751 0
1651 1661 1761 1751 1652 1662 1762 1752 0
1652 1662 1762 1752 1653 1663 1763 1753 0
1653 1663 1763 1753 1654 1664 1764 1754 0
1654 1664 1764 1754 1655 1665 1765 1755 0
1655 1665 1765 1755 1656 1666 1766 1756 0
1656 1666 1766 1756 1657 1667 1767 1757 0
1657 1667 1767 1757 1658 1668 1768 1758 0
1658 1668 1768 1758 713 714 724 723 0
704 705 695 694 1659 1669 1769 1759 0
1659 1669 1769 1759 1660 1670 1770 1760 0
1660 1670 1770 1760 1661 1671 1771 1761 0
1661 1671 1771 1761 1662 1672 1772 1762 0
1662 1672 1772 1762 1663 1673 1773 1763 0
1663 1673 1773 1763 1664 1674 1774 1764 0
1664 1674 1774 1764 1665 1675 1775 1765 0
1665 1675 1775 1765 1666 1676 1776 1766 0
1666 1676 1776 1766 1667 1677 1777 1767 0
1667 1677 1777 1767 1668 1678 1778 1768 0
1668 1678 1778 1768 714 715 725 724 0
705 706 696 695 1669 1679 1779 1769 0
1669 1679 1779 1769 1670 1680 1780 1770 0
1670 1680 1780 1770 1671 1681 1781 1771 0
1671 1681 1781 1771 1672 1682 1782 1772 0
1672 1682 1782 1772 1673 1683 1783 1773 0
1673 1683 1783 1773 1674 1684 1784 1774 0
1674 1684 1784 1774 1675 1685 1785 1775 0
1675 1685 1785 1775 1676 1686 1786 1776 0
1676 1686 1786 1776 1677 1687 1787 1777 0
1677 1687 1787 1777 1678 1688 1788 1778 0
1678 1688 1788 1778 715 716 726 725 0
706 707 697 696 1679 1689 1789 1779 0
1679 1689 1789 1779 1680 1690 1790 1780 0
1680 1690 1790 1780 1681 1691 1791 1781 0
1681 1691 1791 1781 1682 1692 1792 1782 0
1682 1692 1792 1782 1683 1693 1793 1783 0
1683 1693 1793 1783 1684 1694 1794 1784 0
1684 1694 1794 1784 1685 1695 1795 1785 0
1685 1695 1795 1785 1686 1696 1796 1786 0
1686 1696 1796 1786 1687 1697 1797 1787 0
1687 1697 1797 1787 1688 1698 1798 1788 0
1688 1698 1798 1788 716 717 727 726 0
707 708 698 697 1689 1699 1799 1789 0
1689 1699 1799 1789 1690 1700 1800 1790 0
1690 1700 1800 1790 1691 1701 1801 1791 0
1691 1701 1801 1791 1692 1702 1802 1792 0
1692 1702 1802 1792 1693 1703 1803 1793 0
1693 1703 1803 1793 1694 1704 1804 1794 0
1694 1704 1804 1794 1695 1705 1805 1795 0
1695 1705 1805 1795 1696 1706 1806 1796 0
1696 1706 1806 1796 1697 1707 1807 1797 0
1697 1707 1807 1797 1698 1708 1808 1798 0
1698 1708 1808 1798 717 718 728 727 0
708 348 347 698 1699 1608 1607 1799 0
1699 1608 1607 1799 1700 1578 1577 1800 0
1700 1578 1577 1800 1701 1548 1547 1801 0
1701 1548 1547 1801 1702 1518 1517 1802 0
1702 1518 1517 1802 1703 1488 1487 1803 0
1703 1488 1487 1803 1704 1458 1457 1804 0
1704 1458 1457 1804 1705 1428 1427 1805 0
1705 1428 1427 1805 1706 1398 1397 1806 0
1706 1398 1397 1806 1707 1368 1367 1807 0
1707 1368 1367 1807 1708 1338 1337 1808 0
1708 1338 1337 1808 718 408 407 728 0
317 689 679 316 1037 1709 1809 1036 0
1037 1709 1809 1036 1067 1710 1810 1066 0
1067 1710 1810 1066 1097 1711 1811 1096 0
1097 1711 1811 1096 1127 1712 1812 1126 0
1127 1712 1812 1126 1157 1713 1813 1156 0
1157 1713 1813 1156 1187 1714 1814 1186 0
1187 1714 1814 1186 1217 1715 1815 1216 0
1217 1715 1815 1216 1247 1716 1816 1246 0
1247 1716 1816 1246 1277 1717 1817 1276 0
1277 1717 1817 1276 1307 1718 1818 1306 0
1307 1718 1818 1306 377 719 729 376 0
689 690 680 679 1709 1719 1819 1809 0
1709 1719 1819 1809 1710 1720 1820 1810 0
1710 1720 1820 1810 1711 1721 1821 1811 0
1711 1721 1821 1811 1712 1722 1822 1812 0
1712 1722 1822 1812 1713 1723 1823 1813 0
1713 1723 1823 1813 1714 1724 1824 1814 0
1714 1724 1824 1814 1715 1725 1825 1815 0
1715 1725 1825 1815 1716 1726 1826 1816 0
1716 1726 1826 1816 1717 1727 1827 1817 0
1717 1727 1827 1817 1718 1728 1828 1818 0
1718 1728 1828 1818 719 720 730 729 0
690 691 681 680 1719 1729 1829 1819 0
1719 1729 1829 1819 1720 1730 1830 1820 0
1720 1730 1830 1820 1721 1731 1831 1821 0
1721 1731 1831 1821 1722 1732 1832 1822 0
1722 1732 1832 1822 1723 1733 1833 1823 0
1723 1733 1833 1823 1724 1734 1834 1824 0
1724 1734 1834 1824 1725 1735 1835 1825 0
1725 1735 1835 1825 1726 1736 1836 1826 0
1726 1736 1836 1826 1727 1737 1837 1827 0
1727 1737 1837 1827 1728 1738 1838 1828 0
1728 1738 1838 1828 720 721 731 730 0
691 692 682 681 1729 1739 1839 1829 0
1729 1739 1839 1829 1730 1740 1840 1830 0
1730 1740 1840 1830 1731 1741 1841 1831 0
1731 1741 1841 1831 1732 1742 1842 1832 0
1732 1742 1842 1832 1733 1743 1843 1833 0
1733 1743 1843 1833 1734 1744 1844 1834 0
1734 1744 1844 1834 1735 1745 1845 1835 0
1735 1745 1845 1835 1736 1746 1846 1836 0
1736 1746 1846 1836 1737 1747 1847 1837 0
1737 1747 1847 1837 1738 1748 1848 1838 0
1738 1748 1848 1838 721 722 732 731 0
692 693 683 682 1739 1749 1849 1839 0
1739 1749 1849 1839 1740 1750 1850 1840 0
1740 1750 1850 1840 1741 1751 1851 1841 0
1741 1751 1851 1841 1742 1752 1852 1842 0
1742 1752 1852 1842 1743 1753 1853 1843 0
1743 1753 1853 1843 1744 1754 1854 1844 0
1744 1754 1854 1844 1745 1755 1855 1845 0
1745 1755 1855 1845 1746 1756 1856 1846 0
1746 1756 1856 1846 1747 1757 1857 1847 0
1747 1757 1857 1847 1748 1758 1858 1848 0
1748 1758 1858 1848 722 723 733 732 0
693 694 684 683 1749 1759 1859 1849 0
1749 1759 1859 1849 1750 1760 1860 1850 0
1750 1760 1860 1850 1751 1761 1861 1851 0
1751 1761 1861 1851 1752 1762 1862 1852 0
1752 1762 1862 1852 1753 1763 1863 1853 0
1753 1763 1863 1853 1754 1764 1864 1854 0
1754 1764 1864 1854 1755 1765 1865 1855 0
1755 1765 1865 1855 1756 1766 1866 1856 0
1756 1766 1866 1856 1757 1767 1867 1857 0
1757 1767 1867 1857 1758 1768 1868 1858 0
1758 1768 1868 1858 723 724 734 733 0
694 695 685 684 1759 1769 1869 1859 0
1759 1769 1869 1859 1760 1770 1870 1860 0
1760 1770 1870 1860 1761 1771 1871 1861 0
1761 1771 1871 1861 1762 1772 1872 1862 0
1762 1772 1872 1862 1763 1773 1873 1863 0
1763 1773 1873 1863 1764 1774 1874 1864 0
1764 1774 1874 1864 1765 1775 1875 1865 0
1765 1775 1875 1865 1766 1776 1876 1866 0
1766 1776 1876 1866 1767 1777 1877 1867 0
1767 1777 1877 1867 1768 1778 1878 1868 0
1768 1778 1878 1868 724 725 735 734 0
695 696 686 685 1769 1779 1879 1869 0
1769 1779 1879 1869 1770 1780 1880 1870 0
1770 1780 1880 1870 1771 1781 1881 1871 0
1771 1781 1881 1871 1772 1782 1882 1872 0
1772 1782 1882 1872 1773 1783 1883 1873 0
1773 1783 1883 1873 1774 1784 1884 1874 0
1774 1784 1884 1874 1775 1785 1885 1875 0
1775 1785 1885 1875 1776 1786 1886 1876 0
1776 1786 1886 1876 1777 1787 1887 1877 0
1777 1787 1887 1877 1778 1788 1888 1878 0
1778 1788 1888 1878 725 726 736 735 0
696 697 687 686 1779 1789 1889 1879 0
1779 1789 1889 1879 1780 1790 1890 1880 0
1780 1790 1890 1880 1781 1791 1891 1881 0
1781 1791 1891 1881 1782 1792 1892 1882 0
1782 1792 1892 1882 1783 1793 1893 1883 0
1783 1793 1893 1883 1784 1794 1894 1884 0
1784 1794 1894 1884 1785 1795 1895 1885 0
1785 1795 1895 1885 1786 1796 1896 1886 0
1786 1796 1896 1886 1787 1797 1897 1887 0
1787 1797 1897 1887 1788 1798 1898 1888 0
1788 1798 1898 1888 726 727 737 736 0
697 698 688 687 1789 1799 1899 1889 0
1789 1799 1899 1889 1790 1800 1900 1890 0
1790 1800 1900 1890 1791 1801 1901 1891 0
1791 1801 1901 1891 1792 1802 1902 1892 0
1792 1802 1902 1892 1793 1803 1903 1893 0
1793 1803 1903 1893 1794 1804 1904 1894 0
1794 1804 1904 1894 1795 1805 1905 1895 0
1795 1805 1905 1895 1796 1806 1906 1896 0
1796 1806 1906 1896 1797 1807 1907 1897 0
1797 1807 1907 1897 1798 1808 1908 1898 0
1798 1808 1908 1898 727 728 738 737 0
698 347 346 688 1799 1607 1606 1899 0
1799 1607 1606 1899 1800 1577 1576 1900 0
1800 1577 1576 1900 1801 1547 1546 1901 0
1801 1547 1546 1901 1802 1517 1516 1902 0
1802 1517 1516 1902 1803 1487 1486 1903 0
1803 1487 1486 1903 1804 1457 1456 1904 0
1804 1457 1456 1904 1805 1427 1426 1905 0
1805 1427 1426 1905 1806 1397 1396 1906 0
1806 1397 1396 1906 1807 1367 1366 1907 0
1807 1367 1366 1907 1808 1337 1336 1908 0
1808 1337 1336 1908 728 407 406 738 0
316 679 669 315 1036 1809 1909 1035 0
1036 1809 1909 1035 1066 1810 1910 1065 0
1066 1810 1910 1065 1096 1811 1911 1095 0
1096 1811 1911 1095 1126 1812 1912 1125 0
1126 1812 1912 1125 1156 1813 1913 1155 0
1156 1813 1913 1155 1186 1814 1914 1185 0
1186 1814 1914 1185 1216 1815 1915 1215 0
1216 1815 1915 1215 1246 1816 1916 1245 0
1246 1816 1916 1245 1276 1817 1917 1275 0
1276 1817 1917 1275 1306 1818 1918 1305 0
1306 1818 1918 1305 376 729 739 375 0
679 680 670 669 1809 1819 1919 1909 0
1809 1819 1919 1909 1810 1820 1920 1910 0
1810 1820 1920 1910 1811 1821 1921 1911 0
1811 1821 1921 1911 1812 1822 1922 1912 0
1812 1822 1922 1912 1813 1823 1923 1913 0
1813 1823 1923 1913 1814 1824 1924 1914 0
1814 1824 1924 1914 1815 1825 1925 1915 0
1815 1825 1925 1915 1816 1826 1926 1916 0
1816 1826 1926 1916 1817 1827 1927 1917 0
1817 1827 1927 1917 1818 1828 1928 1918 0
1818 1828 1928 1918 729 730 740 739 0
680 681 671 670 1819 1829 1929 1919 0
1819 1829 1929 1919 1820 1830 1930 1920 0
1820 1830 1930 1920 1821 1831 1931 1921 0
1821 1831 1931 1921 1822 1832 1932 1922 0
1822 1832 1932 1922 1823 1833 1933 1923 0
1823 1833 1933 1923 1824 1834 1934 1924 0
1824 1834 1934 1924 1825 1835 1935 1925 0
1825 1835 1935 1925 1826 1836 1936 1926 0
1826 1836 1936 1926 1827 1837 1937 1927 0
1827 1837 1937 1927 1828 1838 1938 1928 0
1828 1838 1938 1928 730 731 741 740 0
681 682 672 671 1829 1839 1939 1929 0
1829 1839 1939 1929 1830 1840 1940 1930 0
1830 1840 1940 1930 1831 1841 1941 1931 0
1831 1841 1941 1931 1832 1842 1942 1932 0
1832 1842 1942 1932 1833 1843 1943 1933 0
1833 1843 1943 1933 1834 1844 1944 1934 0
1834 1844 1944 1934 1835 1845 1945 1935 0
1835 1845 1945 1935 1836 1846 1946 1936 0
1836 1846 1946 1936 1837 1847 1947 1937 0
1837 1847 1947 1937 1838 1848 1948 1938 0
1838 1848 1948 1938 731 732 742 741 0
682 683 673 672 1839 1849 1949 1939 0
1839 1849 1949 1939 1840 1850 1950 1940 0
1840 1850 1950 1940 1841 1851 1951 1941 0
1841 1851 1951 1941 1842 1852 1952 1942 0
1842 1852 1952 1942 1843 1853 1953 1943 0
1843 1853 1953 1943 1844 1854 1954 1944 0
1844 1854 1954 1944 1845 1855 1955 1945 0
1845 1855 1955 1945 1846 1856 1956 1946 0
1846 1856 1956 1946 1847 1857 1957 1947 0
1847 1857 1957 1947 1848 1858 1958 1948 0
1848 1858 1958 1948 732 733 743 742 0
683 684 674 673 1849 1859 1959 1949 0
1849 1859 1959 1949 1850 1860 1960 1950 0
1850 1860 1960 1950 1851 1861 1961 1951 0
1851 1861 1961 1951 1852 1862 1962 1952 0
1852 1862 1962 1952 1853 1863 1963 1953 0
1853 1863 1963 1953 1854 1864 1964 1954 0
1854 1864 1964 1954 1855 1865 1965 1955 0
1855 1865 1965 1955 1856 1866 1966 1956 0
1856 1866 1966 1956 1857 1867 1967 1957 0
1857 1867 1967 1957 1858 1868 1968 1958 0
1858 1868 1968 1958 733 734 744 743 0
684 685 675 674 1859 1869 1969 1959 0
1859 1869 1969 1959 1860 1870 1970 1960 0
1860 1870 1970 1960 1861 1871 1971 1961 0
1861 1871 1971 1961 1862 1872 1972 1962 0
1862 1872 1972 1962 1863 1873 1973 1963 0
1863 1873 1973 1963 1864 1874 1974 1964 0
1864 1874 1974 1964 1865 1875 1975 1965 0
1865 1875 1975 1965 1866 1876 1976 1966 0
1866 1876 1976 1966 1867 1877 1977 1967 0
1867 1877 1977 1967 1868 1878 1978 1968 0
1868 1878 1978 1968 734 735 745 744 0
685 686 676 675 1869 1879 1979 1969 0
1869 1879 1979 1969 1870 1880 1980 1970 0
1870 1880 1980 1970 1871 1881 1981 1971 0
1871 1881 1981 1971 1872 1882 1982 1972 0
1872 1882 1982 1972 1873 1883 1983 1973 0
1873 1883 1983 1973 1874 1884 1984 1974 0
1874 1884 1984 1974 1875 1885 1985 1975 0
1875 1885 1985 1975 1876 1886 1986 1976 0
1876 1886 1986 1976 1877 1887 1987 1977 0
1877 1887 1987 1977 1878 1888 1988 1978 0
1878 1888 1988 1978 735 736 746 745 0
686 687 677 676 1879 1889 1989 1979 0
1879 1889 1989 1979 1880 1890 1990 1980 0
1880 1890 1990 1980 1881 1891 1991 1981 0
1881 1891 1991 1981 1882 1892 1992 1982 0
1882 1892 1992 1982 1883 1893 1993 1983 0
1883 1893 1993 1983 1884 1894 1994 1984 0
1884 1894 1994 1984 1885 1895 1995 1985 0
1885 1895 1995 1985 1886 1896 1996 1986 0
1886 1896 1996 1986 1887 1897 1997 1987 0
1887 1897 1997 1987 1888 1898 1998 1988 0
1888 1898 1998 1988 736 737 747 746 0
687 688 678 677 1889 1899 1999 1989 0
1889 1899 1999 1989 1890 1900 2000 1990 0
1890 1900 2000 1990 1891 1901 2001 1991 0
1891 1901 2001 1991 1892 1902 2002 1992 0
1892 1902 2002 1992 1893 1903 2003 1993 0
1893 1903 2003 1993 1894 1904 2004 1994 0
1894 1904 2004 1994 1895 1905 2005 1995 0
1895 1905 2005 1995 1896 1906 2006 1996 0
1896 1906 2006 1996 1897 1907 2007 1997 0
1897 1907 2007 1997 1898 1908 2008 1998 0
1898 1908 2008 1998 737 738 748 747 0
688 346 345 678 1899 1606 1605 1999 0
1899 1606 1605 1999 1900 1576 1575 2000 0
1900 1576 1575 2000 1901 1546 1545 2001 0
1901 1546 1545 2001 1902 1516 1515 2002 0
1902 1516 1515 2002 1903 1486 1485 2003 0
1903 1486 1485 2003 1904 1456 1455 2004 0
1904 1456 1455 2004 1905 1426 1425 2005 0
1905 1426 1425 2005 1906 1396 1395 2006 0
1906 1396 1395 2006 1907 1366 1365 2007 0
1907 1366 1365 2007 1908 1336 1335 2008 0
1908 1336 1335 2008 738 406 405 748 0
315 669 659 314 1035 1909 2009 1034 0
1035 1909 2009 1034 1065 1910 2010 1064 0
1065 1910 2010 1064 1095 1911 2011 1094 0
1095 1911 2011 1094 1125 1912 2012 1124 0
1125 1912 2012 1124 1155 1913 2013 1154 0
1155 1913 2013 1154 1185 1914 2014 1184 0
1185 1914 2014 1184 1215 1915 2015 1214 0
1215 1915 2015 1214 1245 1916 2016 1244 0
1245 1916 2016 1244 1275 1917 2017 1274 0
1275 1917 2017 1274 1305 1918 2018 1304 0
1305 1918 2018 1304 375 739 749 374 0
669 670 660 659 1909 1919 2019 2009 0
1909 1919 2019 2009 1910 1920 2020 2010 0
1910 1920 2020 2010 1911 1921 2021 2011 0
1911 1921 2021 2011 1912 1922 2022 2012 0
1912 1922 2022 2012 1913 1923 2023 2013 0
1913 1923 2023 2013 1914 1924 2024 2014 0
1914 1924 2024 2014 1915 1925 2025 2015 0
1915 1925 2025 2015 1916 1926 2026 2016 0
1916 1926 2026 2016 1917 1927 2027 2017 0
1917 1927 2027 2017 1918 1928 2028 2018 0
1918 1928 2028 2018 739 740 750 749 0
670 671 661 660 1919 1929 2029 2019 0
1919 1929 2029 2019 1920 1930 2030 2020 0
1920 1930 2030 2020 1921 1931 2031 2021 0
1921 1931 2031 2021 1922 1932 2032 2022 0
1922 1932 2032 2022 1923 1933 2033 2023 0
1923 1933 2033 2023 1924 1934 2034 2024 0
1924 1934 2034 2024 1925 1935 2035 2025 0
1925 1935 2035 2025 1926 1936 2036 2026 0
1926 1936 2036 2026 1927 1937 2037 2027 0
1927 1937 2037 2027 1928 1938 2038 2028 0
1928 1938 2038 2028 740 741 751 750 0
671 672 662 661 1929 1939 2039 2029 0
1929 1939 2039 2029 1930 1940 2040 2030 0
1930 1940 2040 2030 1931 1941 2041 2031 0
1931 1941 2041 2031 1932 1942 2042 2032 0
1932 1942 2042 2032 1933 1943 2043 2033 0
1933 1943 2043 2033 1934 1944 2044 2034 0
1934 1944 2044 2034 1935 1945 2045 2035 0
1935 1945 2045 2035 1936 1946 2046 2036 0
1936 1946 2046 2036 1937 1947 2047 2037 0
1937 1947 2047 2037 1938 1948 2048 2038 0
1938 1948 2048 2038 741 742 752 751 0
672 673 663 662 1939 1949 2049 2039 0
1939 1949 2049 2039 1940 1950 2050 2040 0
1940 1950 2050 2040 1941 1951 2051 2041 0
1941 1951 2051 2041 1942 1952 2052 2042 0
1942 1952 2052 2042 1943 1953 2053 2043 0
1943 1953 2053 2043 1944 1954 2054 2044 0
1944 1954 2054 2044 1945 1955 2055 2045 0
1945 1955 2055 2045 1946 1956 2056 2046 0
1946 1956 2056 2046 1947 1957 2057 2047 0
1947 1957 2057 2047 1948 1958 2058 2048 0
1948 1958 2058 2048 742 743 753 752 0
673 674 664 663 1949 1959 2059 2049 0
1949 1959 2059 2049 1950 1960 2060 2050 0
1950 1960 2060 2050 1951 1961 2061 2051 0
1951 1961 2061 2051 1952 1962 2062 2052 0
1952 1962 2062 2052 1953 1963 2063 2053 0
1953 1963 2063 2053 1954 1964 2064 2054 0
1954 1964 2064 2054 1955 1965 2065 2055 0
1955 1965 2065 2055 1956 1966 2066 2056 0
1956 1966 2066 2056 1957 1967 2067 2057 0
1957 1967 2067 2057 1958 1968 2068 2058 0
1958 1968 2068 2058 743 744 754 753 0
674 675 665 664 1959 1969 2069 2059 0
1959 1969 2069 2059 1960 1970 2070 2060 0
1960 1970 2070 2060 1961 1971 2071 2061 0
1961 1971 2071 2061 1962 1972 2072 2062 0
1962 1972 2072 2062 1963 1973 2073 2063 0
1963 1973 2073 2063 1964 1974 2074 2064 0
1964 1974 2074 2064 1965 1975 2075 2065 0
1965 1975 2075 2065 1966 1976 2076 2066 0
1966 1976 2076 2066 1967 1977 2077 2067 0
1967 1977 2077 2067 1968 1978 2078 2068 0
1968 1978 2078 2068 744 745 755 754 0
675 676 666 665 1969 1979 2079 2069 0
1969 1979 2079 2069 1970 1980 2080 2070 0
1970 1980 2080 2070 1971 1981 2081 2071 0
1971 1981 2081 2071 1972 1982 2082 2072 0
1972 1982 2082 2072 1973 1983 2083 2073 0
1973 1983 2083 2073 1974 1984 2084 2074 0
1974 1984 2084 2074 1975 1985 2085 2075 0
1975 1985 2085 2075 1976 1986 2086 2076 0
1976 1986 2086 2076 1977 1987 2087 2077 0
1977 1987 2087 2077 1978 1988 2088 2078 0
1978 1988 2088 2078 745 746 756 755 0
676 677 667 666 1979 1989 2089 2079 0
1979 1989 2089 2079 1980 1990 2090 2080 0
1980 1990 2090 2080 1981 1991 2091 2081 0
1981 1991 2091 2081 1982 1992 2092 2082 0
1982 1992 2092 2082 1983 1993 2093 2083 0
1983 1993 2093 2083 1984 1994 2094 2084 0
1984 1994 2094 2084 1985 1995 2095 2085 0
1985 1995 2095 2085 1986 1996 2096 2086 0
1986 1996 2096 2086 1987 1997 2097 2087 0
1987 1997 2097 2087 1988 1998 2098 2088 0
1988 1998 2098 2088 746 747 757 756 0
677 678 668 667 1989 1999 2099 2089 0
1989 1999 2099 2089 1990 2000 2100 2090 0
1990 2000 2100 2090 1991 2001 2101 2091 0
1991 2001 2101 2091 1992 2002 2102 2092 0
1992 2002 2102 2092 1993 2003 2103 2093 0
1993 2003 2103 2093 1994 2004 2104 2094 0
1994 2004 2104 2094 1995 2005 2105 2095 0
1995 2005 2105 2095 1996 2006 2106 2096 0
1996 2006 2106 2096 1997 2007 2107 2097 0
1997 2007 2107 2097 1998 2008 2108 2098 0
1998 2008 2108 2098 747 748 758 757 0
678 345 344 668 1999 1605 1604 2099 0
1999 1605 1604 2099 2000 1575 1574 2100 0
2000 1575 1574 2100 2001 1545 1544 2101 0
2001 1545 1544 2101 2002 1515 1514 2102 0
2002 1515 1514 2102 2003 1485 1484 2103 0
2003 1485 1484 2103 2004 1455 1454 2104 0
2004 1455 1454 2104 2005 1425 1424 2105 0
2005 1425 1424 2105 2006 1395 1394 2106 0
2006 1395 1394 2106 2007 1365 1364 2107 0
2007 1365 1364 2107 2008 1335 1334 2108 0
2008 1335 1334 2108 748 405 404 758 0
314 659 649 313 1034 2009 2109 1033 0
1034 2009 2109 1033 1064 2010 2110 1063 0
1064 2010 2110 1063 1094 2011 2111 1093 0
1094 2011 2111 1093 1124 2012 2112 1123 0
1124 2012 2112 1123 1154 2013 2113 1153 0
1154 2013 2113 1153 1184 2014 2114 1183 0
1184 2014 2114 1183 1214 2015 2115 1213 0
1214 2015 2115 1213 1244 2016 2116 1243 0
1244 2016 2116 1243 1274 2017 2117 1273 0
1274 2017 2117 1273 1304 2018 2118 1303 0
1304 2018 2118 1303 374 749 759 373 0
659 660 650 649 2009 2019 2119 2109 0
2009 2019 2119 2109 2010 2020 2120 2110 0
2010 2020 2120 2110 2011 2021 2121 2111 0
2011 2021 2121 2111 2012 2022 2122 2112 0
2012 2022 2122 2112 2013 2023 2123 2113 0
2013 2023 2123 2113 2014 2024 2124 2114 0
2014 2024 2124 2114 2015 2025 2125 2115 0
2015 2025 2125 2115 2016 2026 2126 2116 0
2016 2026 2126 2116 2017 2027 2127 2117 0
2017 2027 2127 2117 2018 2028 2128 2118 0
2018 2028 2128 2118 749 750 760 759 0
660 661 651 650 2019 2029 2129 2119 0
2019 2029 2129 2119 2020 2030 2130 2120 0
2020 2030 2130 2120 2021 2031 2131 2121 0
2021 2031 2131 2121 2022 2032 2132 2122 0
2022 2032 2132 2122 2023 2033 2133 2123 0
2023 2033 2133 2123 2024 2034 2134 2124 0
2024 2034 2134 2124 2025 2035 2135 2125 0
2025 2035 2135 2125 2026 2036 2136 2126 0
2026 2036 2136 2126 2027 2037 2137 2127 0
2027 2037 2137 2127 2028 2038 2138 2128 0
2028 2038 2138 2128 750 751 761 760 0
661 662 652 651 2029 2039 2139 2129 0
2029 2039 2139 2129 2030 2040 2140 2130 0
2030 2040 2140 2130 2031 2041 2141 2131 0
2031 2041 2141 2131 2032 2042 2142 2132 0
2032 2042 2142 2132 2033 2043 2143 2133 0
2033 2043 2143 2133 2034 2044 2144 2134 0
2034 2044 2144 2134 2035 2045 2145 2135 0
2035 2045 2145 2135 2036 2046 2146 2136 0
2036 2046 2146 2136 2037 2047 2147 2137 0
2037 2047 2147 2137 2038 2048 2148 2138 0
2038 2048 2148 2138 751 752 762 761 0
662 663 653 652 2039 2049 2149 2139 0
2039 2049 2149 2139 2040 2050 2150 2140 0
2040 2050 2150 2140 2041 2051 2151 2141 0
2041 2051 2151 2141 2042 2052 2152 2142 0
2042 2052 2152 2142 2043 2053 2153 2143 0
2043 2053 2153 2143 2044 2054 2154 2144 0
2044 2054 2154 2144 2045 2055 2155 2145 0
2045 2055 2155 2145 2046 2056 2156 2146 0
2046 2056 2156 2146 2047 2057 2157 2147 0
2047 2057 2157 2147 2048 2058 2158 2148 0
2048 2058 2158 2148 752 753 763 762 0
663 664 654 653 2049 2059 2159 2149 0
2049 2059 2159 2149 2050 2060 2160 2150 0
2050 2060 2160 2150 2051 2061 2161 2151 0
2051 2061 2161 2151 2052 2062 2162 2152 0
2052 2062 2162 2152 2053 2063 2163 2153 0
2053 2063 2163 2153 2054 2064 2164 2154 0
2054 2064 2164 2154 2055 2065 2165 2155 0
2055 2065 2165 2155 2056 2066 2166 2156 0
2056 2066 2166 2156 2057 2067 2167 2157 0
2057 2067 2167 2157 2058 2068 2168 2158 0
2058 2068 2168 2158 753 754 764 763 0
664 665 655 654 2059 2069 2169 2159 0
2059 2069 2169 2159 2060 2070 2170 2160 0
2060 2070 2170 2160 2061 2071 2171 2161 0
2061 2071 2171 2161 2062 2072 2172 2162 0
2062 2072 2172 2162 2063 2073 2173 2163 0
2063 2073 2173 2163 2064 2074 2174 2164 0
2064 2074 2174 2164 2065 2075 2175 2165 0
2065 2075 2175 2165 2066 2076 2176 2166 0
2066 2076 2176 2166 2067 2077 2177 2167 0
2067 2077 2177 2167 2068 2078 2178 2168 0
2068 2078 2178 2168 754 755 765 764 0
665 666 656 655 2069 2079 2179 2169 0
2069 2079 2179 2169 2070 2080 2180 2170 0
2070 2080 2180 2170 2071 2081 2181 2171 0
2071 2081 2181 2171 2072 2082 2182 2172 0
2072 2082 2182 2172 2073 2083 2183 2173 0
2073 2083 2183 2173 2074 2084 2184 2174 0
2074 2084 2184 2174 2075 2085 2185 2175 0
2075 2085 2185 2175 2076 2086 2186 2176 0
2076 2086 2186 2176 2077 2087 2187 2177 0
2077 2087 2187 2177 2078 2088 2188 2178 0
2078 2088 2188 2178 755 756 766 765 0
666 667 657 656 2079 2089 2189 2179 0
2079 2089 2189 2179 2080 2090 2190 2180 0
2080 2090 2190 2180 2081 2091 2191 2181 0
2081 2091 2191 2181 2082 2092 2192 2182 0
2082 2092 2192 2182 2083 2093 2193 2183 0
2083 2093 2193 2183 2084 2094 2194 2184 0
2084 2094 2194 2184 2085 2095 2195 2185 0
2085 2095 2195 2185 2086 2096 2196 2186 0
2086 2096 2196 2186 2087 2097 2197 2187 0
2087 2097 2197 2187 2088 2098 2198 2188 0
2088 2098 2198 2188 756 757 767 766 0
667 668 658 657 2089 2099 2199 2189 0
2089 2099 2199 2189 2090 2100 2200 2190 0
2090 2100 2200 2190 2091 2101 2201 2191 0
2091 2101 2201 2191 2092 2102 2202 2192 0
2092 2102 2202 2192 2093 2103 2203 2193 0
2093 2103 2203 2193 2094 2104 2204 2194 0
2094 2104 2204 2194 2095 2105 2205 2195 0
2095 2105 2205 2195 2096 2106 2206 2196 0
2096 2106 2206 2196 2097 2107 2207 2197 0
2097 2107 2207 2197 2098 2108 2208 2198 0
2098 2108 2208 2198 757 758 768 767 0
668 344 343 658 2099 1604 1603 2199 0
2099 1604 1603 2199 2100 1574 1573 2200 0
2100 1574 1573 2200 2101 1544 1543 2201 0
2101 1544 1543 2201 2102 1514 1513 2202 0
2102 1514 1513 2202 2103 1484 1483 2203 0
2103 1484 1483 2203 2104 1454 1453 2204 0
2104 1454 1453 2204 2105 1424 1423 2205 0
2105 1424 1423 2205 2106 1394 1393 2206 0
2106 1394 1393 2206 2107 1364 1363 2207 0
2107 1364 1363 2207 2108 1334 1333 2208 0
2108 1334 1333 2208 758 404 403 768 0
313 649 639 312 1033 2109 2209 1032 0
1033 2109 2209 1032 1063 2110 2210 1062 0
1063 2110 2210 1062 1093 2111 2211 1092 0
1093 2111 2211 1092 1123 2112 2212 1122 0
1123 2112 2212 1122 1153 2113 2213 1152 0
1153 2113 2213 1152 1183 2114 2214 1182 0
1183 2114 2214 1182 1213 2115 2215 1212 0
1213 2115 2215 1212 1243 2116 2216 1242 0
1243 2116 2216 1242 1273 2117 2217 1272 0
1273 2117 2217 1272 1303 2118 2218 1302 0
1303 2118 2218 1302 373 759 769 372 0
649 650 640 639 2109 2119 2219 2209 0
2109 2119 2219 2209 2110 2120 2220 2210 0
2110 2120 2220 2210 2111 2121 2221 2211 0
2111 2121 2221 2211 2112 2122 2222 2212 0
2112 2122 2222 2212 2113 2123 2223 2213 0
2113 2123 2223 2213 2114 2124 2224 2214 0
2114 2124 2224 2214 2115 2125 2225 2215 0
2115 2125 2225 2215 2116 2126 2226 2216 0
2116 2126 2226 2216 2117 2127 2227 2217 0
2117 2127 2227 2217 2118 2128 2228 2218 0
2118 2128 2228 2218 759 760 770 769 0
650 651 641 640 2119 2129 2229 2219 0
2119 2129 2229 2219 2120 2130 2230 2220 0
2120 2130 2230 2220 2121 2131 2231 2221 0
2121 2131 2231 2221 2122 2132 2232 2222 0
2122 2132 2232 2222 2123 2133 2233 2223 0
2123 2133 2233 2223 2124 2134 2234 2224 0
2124 2134 2234 2224 2125 2135 2235 2225 0
2125 2135 2235 2225 2126 2136 2236 2226 0
2126 2136 2236 2226 2127 2137 2237 2227 0
2127 2137 2237 2227 2128 2138 2238 2228 0
2128 2138 2238 2228 760 761 771 770 0
651 652 642 641 2129 2139 2239 2229 0
2129 2139 2239 2229 2130 2140 2240 2230 0
2130 2140 2240 2230 2131 2141 2241 2231 0
2131 2141 2241 2231 2132 2142 2242 2232 0
2132 2142 2242 2232 2133 2143 2243 2233 0
2133 2143 2243 2233 2134 2144 2244 2234 0
2134 2144 2244 2234 2135 2145 2245 2235 0
2135 2145 2245 2235 2136 2146 2246 2236 0
2136 2146 2246 2236 2137 2147 2247 2237 0
2137 2147 2247 2237 2138 2148 2248 2238 0
2138 2148 2248 2238 761 762 772 771 0
652 653 643 642 2139 2149 2249 2239 0
2139 2149 2249 2239 2140 2150 2250 2240 0
2140 2150 2250 2240 2141 2151 2251 2241 0
2141 2151 2251 2241 2142 2152 2252 2242 0
2142 2152 2252 2242 2143 2153 2253 2243 0
2143 2153 2253 2243 2144 2154 2254 2244 0
2144 2154 2254 2244 2145 2155 2255 2245 0
2145 2155 2255 2245 2146 2156 2256 2246 0
2146 2156 2256 2246 2147 2157 2257 2247 0
2147 2157 2257 2247 2148 2158 2258 2248 0
2148 2158 2258 2248 762 763 773 772 0
653 654 644 643 2149 2159 2259 2249 0
2149 2159 2259 2249 2150 2160 2260 2250 0
2150 2160 2260 2250 2151 2161 2261 2251 0
2151 2161 2261 2251 2152 2162 2262 2252 0
2152 2162 2262 2252 2153 2163 2263 2253 0
2153 2163 2263 2253 2154 2164 2264 2254 0
2154 2164 2264 2254 2155 2165 2265 2255 0
2155 2165 2265 2255 2156 2166 2266 2256 0
2156 2166 2266 2256 2157 2167 2267 2257 0
2157 2167 2267 2257 2158 2168 2268 2258 0
2158 2168 2268 2258 763 764 774 773 0
654 655 645 644 2159 2169 2269 2259 0
2159 2169 2269 2259 2160 2170 2270 2260 0
2160 2170 2270 2260 2161 2171 2271 2261 0
2161 2171 2271 2261 2162 2172 2272 2262 0
2162 2172 2272 2262 2163 2173 2273 2263 0
2163 2173 2273 2263 2164 2174 2274 2264 0
2164 2174 2274 2264 2165 2175 2275 2265 0
2165 2175 2275 2265 2166 2176 2276 2266 0
2166 2176 2276 2266 2167 2177 2277 2267 0
2167 2177 2277 2267 2168 2178 2278 2268 0
2168 2178 2278 2268 764 765 775 774 0
655 656 646 645 2169 2179 2279 2269 0
2169 2179 2279 2269 2170 2180 2280 2270 0
2170 2180 2280 2270 2171 2181 2281 2271 0
2171 2181 2281 2271 2172 2182 2282 2272 0
2172 2182 2282 2272 2173 2183 2283 2273 0
2173 2183 2283 2273 2174 2184 2284 2274 0
2174 2184 2284 2274 2175 2185 2285 2275 0
2175 2185 2285 2275 2176 2186 2286 2276 0
2176 2186 2286 2276 2177 2187 2287 2277 0
2177 2187 2287 2277 2178 2188 2288 2278 0
2178 2188 2288 2278 765 766 776 775 0
656 657 647 646 2179 2189 2289 2279 0
2179 2189 2289 2279 2180 2190 2290 2280 0
2180 2190 2290 2280 2181 2191 2291 2281 0
2181 2191 2291 2281 2182 2192 2292 2282 0
2182 2192 2292 2282 2183 2193 2293 2283 0
2183 2193 2293 2283 2184 2194 2294 2284 0
2184 2194 2294 2284 2185 2195 2295 2285 0
2185 2195 2295 2285 2186 2196 2296 2286 0
2186 2196 2296 2286 2187 2197 2297 2287 0
2187 2197 2297 2287 2188 2198 2298 2288 0
2188 2198 2298 2288 766 767 777 776 0
657 658 648 647 2189 2199 2299 2289 0
2189 2199 2299 2289 2190 2200 2300 2290 0
2190 2200 2300 2290 2191 2201 2301 2291 0
2191 2201 2301 2291 2192 2202 2302 2292 0
2192 2202 2302 2292 2193 2203 2303 2293 0
2193 2203 2303 2293 2194 2204 2304 2294 0
2194 2204 2304 2294 2195 2205 2305 2295 0
2195 2205 2305 2295 2196 2206 2306 2296 0
2196 2206 2306 2296 2197 2207 2307 2297 0
2197 2207 2307 2297 2198 2208 2308 2298 0
2198 2208 2308 2298 767 768 778 777 0
658 343 342 648 2199 1603 1602 2299 0
2199 1603 1602 2299 2200 1573 1572 2300 0
2200 1573 1572 2300 2201 1543 1542 2301 0
2201 1543 1542 2301 2202 1513 1512 2302 0
2202 1513 1512 2302 2203 1483 1482 2303 0
2203 1483 1482 2303 2204 1453 1452 2304 0
2204 1453 1452 2304 2205 1423 1422 2305 0
2205 1423 1422 2305 2206 1393 1392 2306 0
2206 1393 1392 2306 2207 1363 1362 2307 0
2207 1363 1362 2307 2208 1333 1332 2308 0
2208 1333 1332 2308 768 403 402 778 0
312 639 629 311 1032 2209 2309 1031 0
1032 2209 2309 1031 1062 2210 2310 1061 0
1062 2210 2310 1061 1092 2211 2311 1091 0
1092 2211 2311 1091 1122 2212 2312 1121 0
1122 2212 2312 1121 1152 2213 2313 1151 0
1152 2213 2313 1151 1182 2214 2314 1181 0
1182 2214 2314 1181 1212 2215 2315 1211 0
1212 2215 2315 1211 1242 2216 2316 1241 0
1242 2216 2316 1241 1272 2217 2317 1271 0
1272 2217 2317 1271 1302 2218 2318 1301 0
1302 2218 2318 1301 372 769 779 371 0
639 640 630 629 2209 2219 2319 2309 0
2209 2219 2319 2309 2210 2220 2320 2310 0
2210 2220 2320 2310 2211 2221 2321 2311 0
2211 2221 2321 2311 2212 2222 2322 2312 0
2212 2222 2322 2312 2213 2223 2323 2313 0
2213 2223 2323 2313 2214 2224 2324 2314 0
2214 2224 2324 2314 2215 2225 2325 2315 0
2215 2225 2325 2315 2216 2226 2326 2316 0
2216 2226 2326 2316 2217 2227 2327 2317 0
2217 2227 2327 2317 2218 2228 2328 2318 0
2218 2228 2328 2318 769 770 780 779 0
640 641 631 630 2219 2229 2329 2319 0
2219 2229 2329 2319 2220 2230 2330 2320 0
2220 2230 2330 2320 2221 2231 2331 2321 0
2221 2231 2331 2321 2222 2232 2332 2322 0
2222 2232 2332 2322 2223 2233 2333 2323 0
2223 2233 2333 2323 2224 2234 2334 2324 0
2224 2234 2334 2324 2225 2235 2335 2325 0
2225 2235 2335 2325 2226 2236 2336 2326 0
2226 2236 2336 2326 2227 2237 2337 2327 0
2227 2237 2337 2327 2228 2238 2338 2328 0
2228 2238 2338 2328 770 771 781 780 0
641 642 632 631 2229 2239 2339 2329 0
2229 2239 2339 2329 2230 2240 2340 2330 0
2230 2240 2340 2330 2231 2241 2341 2331 0
2231 2241 2341 2331 2232 2242 2342 2332 0
2232 2242 2342 2332 2233 2243 2343 2333 0
2233 2243 2343 2333 2234 2244 2344 2334 0
2234 2244 2344 2334 2235 2245 2345 2335 0
2235 2245 2345 2335 2236 2246 2346 2336 0
2236 2246 2346 2336 2237 2247 2347 2337 0
2237 2247 2347 2337 2238 2248 2348 2338 0
2238 2248 2348 2338 771 772 782 781 0
642 643 633 632 2239 2249 2349 2339 0
2239 2249 2349 2339 2240 2250 2350 2340 0
2240 2250 2350 2340 2241 2251 2351 2341 0
2241 2251 2351 2341 2242 2252 2352 2342 0
2242 2252 2352 2342 2243 2253 2353 2343 0
2243 2253 2353 2343 2244 2254 2354 2344 0
2244 2254 2354 2344 2245 2255 2355 2345 0
2245 2255 2355 2345 2246 2256 2356 2346 0
2246 2256 2356 2346 2247 2257 2357 2347 0
2247 2257 2357 2347 2248 2258 2358 2348 0
2248 2258 2358 2348 772 773 783 782 0
643 644 634 633 2249 2259 2359 2349 0
2249 2259 2359 2349 2250 2260 2360 2350 0
2250 2260 2360 2350 2251 2261 2361 2351 0
2251 2261 2361 2351 2252 2262 2362 2352 0
2252 2262 2362 2352 2253 2263 2363 2353 0
2253 2263 2363 2353 2254 2264 2364 2354 0
2254 2264 2364 2354 2255 2265 2365 2355 0
2255 2265 2365 2355 2256 2266 2366 2356 0
2256 2266 2366 2356 2257 2267 2367 2357 0
2257 2267 2367 2357 2258 2268 2368 2358 0
2258 2268 2368 2358 773 774 784 783 0
644 645 635 634 2259 2269 2369 2359 0
2259 2269 2369 2359 2260 2270 2370 2360 0
2260 2270 2370 2360 2261 2271 2371 2361 0
2261 2271 2371 2361 2262 2272 2372 2362 0
2262 2272 2372 2362 2263 2273 2373 2363 0
2263 2273 2373 2363 2264 2274 2374 2364 0
2264 2274 2374 2364 2265 2275 2375 2365 0
2265 2275 2375 2365 2266 2276 2376 2366 0
2266 2276 2376 2366 2267 2277 2377 2367 0
2267 2277 2377 2367 2268 2278 2378 2368 0
2268 2278 2378 2368 774 775 785 784 0
645 646 636 635 2269 2279 2379 2369 0
2269 2279 2379 2369 2270 2280 2380 2370 0
2270 2280 2380 2370 2271 2281 2381 2371 0
2271 2281 2381 2371 2272 2282 2382 2372 0
2272 2282 2382 2372 2273 2283 2383 2373 0
2273 2283 2383 2373 2274 2284 2384 2374 0
2274 2284 2384 2374 2275 2285 2385 2375 0
2275 2285 2385 2375 2276 2286 2386 2376 0
2276 2286 2386 2376 2277 2287 2387 2377 0
2277 2287 2387 2377 2278 2288 2388 2378 0
2278 2288 2388 2378 775 776 786 785 0
646 647 637 636 2279 2289 2389 2379 0
2279 2289 2389 2379 2280 2290 2390 2380 0
2280 2290 2390 2380 2281 2291 2391 2381 0
2281 2291 2391 2381 2282 2292 2392 2382 0
2282 2292 2392 2382 2283 2293 2393 2383 0
2283 2293 2393 2383 2284 2294 2394 2384 0
2284 2294 2394 2384 2285 2295 2395 2385 0
2285 2295 2395 2385 2286 2296 2396 2386 0
2286 2296 2396 2386 2287 2297 2397 2387 0
2287 2297 2397 2387 2288 2298 2398 2388 0
2288 2298 2398 2388 776 777 787 786 0
647 648 638 637 2289 2299 2399 2389 0
2289 2299 2399 2389 2290 2300 2400 2390 0
2290 2300 2400 2390 2291 2301 2401 2391 0
2291 2301 2401 2391 2292 2302 2402 2392 0
2292 2302 2402 2392 2293 2303 2403 2393 0
2293 2303 2403 2393 2294 2304 2404 2394 0
2294 2304 2404 2394 2295 2305 2405 2395 0
2295 2305 2405 2395 2296 2306 2406 2396 0
2296 2306 2406 2396 2297 2307 2407 2397 0
2297 2307 2407 2397 2298 2308 2408 2398 0
2298 2308 2408 2398 777 778 788 787 0
648 342 341 638 2299 1602 1601 2399 0
2299 1602 1601 2399 2300 1572 1571 2400 0
2300 1572 1571 2400 2301 1542 1541 2401 0
2301 1542 1541 2401 2302 1512 1511 2402 0
2302 1512 1511 2402 2303 1482 1481 2403 0
2303 1482 1481 2403 2304 1452 1451 2404 0
2304 1452 1451 2404 2305 1422 1421 2405 0
2305 1422 1421 2405 2306 1392 1391 2406 0
2306 1392 1391 2406 2307 1362 1361 2407 0
2307 1362 1361 2407 2308 1332 1331 2408 0
2308 1332 1331 2408 778 402 401 788 0
311 629 619 310 1031 2309 2409 1030 0
1031 2309 2409 1030 1061 2310 2410 1060 0
1061 2310 2410 1060 1091 2311 2411 1090 0
1091 2311 2411 1090 1121 2312 2412 1120 0
1121 2312 2412 1120 1151 2313 2413 1150 0
1151 2313 2413 1150 1181 2314 2414 1180 0
1181 2314 2414 1180 1211 2315 2415 1210 0
1211 2315 2415 1210 1241 2316 2416 1240 0
1241 2316 2416 1240 1271 2317 2417 1270 0
1271 2317 2417 1270 1301 2318 2418 1300 0
1301 2318 2418 1300 371 779 789 370 0
629 630 620 619 2309 2319 2419 2409 0
2309 2319 2419 2409 2310 2320 2420 2410 0
2310 2320 2420 2410 2311 2321 2421 2411 0
2311 2321 2421 2411 2312 2322 2422 2412 0
2312 2322 2422 2412 2313 2323 2423 2413 0
2313 2323 2423 2413 2314 2324 2424 2414 0
2314 2324 2424 2414 2315 2325 2425 2415 0
2315 2325 2425 2415 2316 2326 2426 2416 0
2316 2326 2426 2416 2317 2327 2427 2417 0
2317 2327 2427 2417 2318 2328 2428 2418 0
2318 2328 2428 2418 779 780 790 789 0
630 631 621 620 2319 2329 2429 2419 0
2319 2329 2429 2419 2320 2330 2430 2420 0
2320 2330 2430 2420 2321 2331 2431 2421 0
2321 2331 2431 2421 2322 2332 2432 2422 0
2322 2332 2432 2422 2323 2333 2433 2423 0
2323 2333 2433 2423 2324 2334 2434 2424 0
2324 2334 2434 2424 2325 2335 2435 2425 0
2325 2335 2435 2425 2326 2336 2436 2426 0
2326 2336 2436 2426 2327 2337 2437 2427 0
2327 2337 2437 2427 2328 2338 2438 2428 0
2328 2338 2438 2428 780 781 791 790 0
631 632 622 621 2329 2339 2439 2429 0
2329 2339 2439 2429 2330 2340 2440 2430 0
2330 2340 2440 2430 2331 2341 2441 2431 0
2331 2341 2441 2431 2332 2342 2442 2432 0
2332 2342 2442 2432 2333 2343 2443 2433 0
2333 2343 2443 2433 2334 2344 2444 2434 0
2334 2344 2444 2434 2335 2345 2445 2435 0
2335 2345 2445 2435 2336 2346 2446 2436 0
2336 2346 2446 2436 2337 2347 2447 2437 0
2337 2347 2447 2437 2338 2348 2448 2438 0
2338 2348 2448 2438 781 782 792 791 0
632 633 623 622 2339 2349 2449 2439 0
2339 2349 2449 2439 2340 2350 2450 2440 0
2340 2350 2450 2440 2341 2351 2451 2441 0
2341 2351 2451 2441 2342 2352 2452 2442 0
2342 2352 2452 2442 2343 2353 2453 2443 0
2343 2353 2453 2443 2344 2354 2454 2444 0
2344 2354 2454 2444 2345 2355 2455 2445 0
2345 2355 2455 2445 2346 2356 2456 2446 0
2346 2356 2456 2446 2347 2357 2457 2447 0
2347 2357 2457 2447 2348 2358 2458 2448 0
2348 2358 2458 2448 782 783 793 792 0
633 634 624 623 2349 2359 2459 2449 0
2349 2359 2459 2449 2350 2360 2460 2450 0
2350 2360 2460 2450 2351 2361 2461 2451 0
2351 2361 2461 2451 2352 2362 2462 2452 0
2352 2362 2462 2452 2353 2363 2463 2453 0
2353 2363 2463 2453 2354 2364 2464 2454 0
2354 2364 2464 2454 2355 2365 2465 2455 0
2355 2365 2465 2455 2356 2366 2466 2456 0
2356 2366 2466 2456 2357 2367 2467 2457 0
2357 2367 2467 2457 2358 2368 2468 2458 0
2358 2368 2468 2458 783 784 794 793 0
634 635 625 624 2359 2369 2469 2459 0
2359 2369 2469 2459 2360 2370 2470 2460 0
2360 2370 2470 2460 2361 2371 2471 2461 0
2361 2371 2471 2461 2362 2372 2472 2462 0
2362 2372 2472 2462 2363 2373 2473 2463 0
2363 2373 2473 2463 2364 2374 2474 2464 0
2364 2374 2474 2464 2365 2375 2475 2465 0
2365 2375 2475 2465 2366 2376 2476 2466 0
2366 2376 2476 2466 2367 2377 2477 2467 0
2367 2377 2477 2467 2368 2378 2478 2468 0
2368 2378 2478 2468 784 785 795 794 0
635 636 626 625 2369 2379 2479 2469 0
2369 2379 2479 2469 2370 2380 2480 2470 0
2370 2380 2480 2470 2371 2381 2481 2471 0
2371 2381 2481 2471 2372 2382 2482 2472 0
2372 2382 2482 2472 2373 2383 2483 2473 0
2373 2383 2483 2473 2374 2384 2484 2474 0
2374 2384 2484 2474 2375 2385 2485 2475 0
2375 2385 2485 2475 2376 2386 2486 2476 0
2376 2386 2486 2476 2377 2387 2487 2477 0
2377 2387 2487 2477 2378 2388 2488 2478 0
2378 2388 2488 2478 785 786 796 795 0
636 637 627 626 2379 2389 2489 2479 0
2379 2389 2489 2479 2380 2390 2490 2480 0
2380 2390 2490 2480 2381 2391 2491 2481 0
2381 2391 2491 2481 2382 2392 2492 2482 0
2382 2392 2492 2482 2383 2393 2493 2483 0
2383 2393 2493 2483 2384 2394 2494 2484 0
2384 2394 2494 2484 2385 2395 2495 2485 0
2385 2395 2495 2485 2386 2396 2496 2486 0
2386 2396 2496 2486 2387 2397 2497 2487 0
2387 2397 2497 2487 2388 2398 2498 2488 0
2388 2398 2498 2488 786 787 797 796 0
637 638 628 627 2389 2399 2499 2489 0
2389 2399 2499 2489 2390 2400 2500 2490 0
2390 2400 2500 2490 2391 2401 2501 2491 0
2391 2401 2501 2491 2392 2402 2502 2492 0
2392 2402 2502 2492 2393 2403 2503 2493 0
2393 2403 2503 2493 2394 2404 2504 2494 0
2394 2404 2504 2494 2395 2405 2505 2495 0
2395 2405 2505 2495 2396 2406 2506 2496 0
2396 2406 2506 2496 2397 2407 2507 2497 0
2397 2407 2507 2497 2398 2408 2508 2498 0
2398 2408 2508 2498 787 788 798 797 0
638 341 340 628 2399 1601 1600 2499 0
2399 1601 1600 2499 2400 1571 1570 2500 0
2400 1571 1570 2500 2401 1541 1540 2501 0
2401 1541 1540 2501 2402 1511 1510 2502 0
2402 1511 1510 2502 2403 1481 1480 2503 0
2403 1481 1480 2503 2404 1451 1450 2504 0
2404 1451 1450 2504 2405 1421 1420 2505 0
2405 1421 1420 2505 2406 1391 1390 2506 0
2406 1391 1390 2506 2407 1361 1360 2507 0
2407 1361 1360 2507 2408 1331 1330 2508 0
2408 1331 1330 2508 788 401 400 798 0
310 619 609 309 1030 2409 2509 1029 0
1030 2409 2509 1029 1060 2410 2510 1059 0
1060 2410 2510 1059 1090 2411 2511 1089 0
1090 2411 2511 1089 1120 2412 2512 1119 0
1120 2412 2512 1119 1150 2413 2513 1149 0
1150 2413 2513 1149 1180 2414 2514 1179 0
1180 2414 2514 1179 1210 2415 2515 1209 0
1210 2415 2515 1209 1240 2416 2516 1239 0
1240 2416 2516 1239 1270 2417 2517 1269 0
1270 2417 2517 1269 1300 2418 2518 1299 0
1300 2418 2518 1299 370 789 799 369 0
619 620 610 609 2409 2419 2519 2509 0
2409 2419 2519 2509 2410 2420 2520 2510 0
2410 2420 2520 2510 2411 2421 2521 2511 0
2411 2421 2521 2511 2412 2422 2522 2512 0
2412 2422 2522 2512 2413 2423 2523 2513 0
2413 2423 2523 2513 2414 2424 2524 2514 0
2414 2424 2524 2514 2415 2425 2525 2515 0
2415 2425 2525 2515 2416 2426 2526 2516 0
2416 2426 2526 2516 2417 2427 2527 2517 0
2417 2427 2527 2517 2418 2428 2528 2518 0
2418 2428 2528 2518 789 790 800 799 0
620 621 611 610 2419 2429 2529 2519 0
2419 2429 2529 2519 2420 2430 2530 2520 0
2420 2430 2530 2520 2421 2431 2531 2521 0
2421 2431 2531 2521 2422 2432 2532 2522 0
2422 2432 2532 2522 2423 2433 2533 2523 0
2423 2433 2533 2523 2424 2434 2534 2524 0
2424 2434 2534 2524 2425 2435 2535 2525 0
2425 2435 2535 2525 2426 2436 2536 2526 0
2426 2436 2536 2526 2427 2437 2537 2527 0
2427 2437 2537 2527 2428 2438 2538 2528 0
2428 2438 2538 2528 790 791 801 800 0
621 622 612 611 2429 2439 2539 2529 0
2429 2439 2539 2529 2430 2440 2540 2530 0
2430 2440 2540 2530 2431 2441 2541 2531 0
2431 2441 2541 2531 2432 2442 2542 2532 0
2432 2442 2542 2532 2433 2443 2543 2533 0
2433 2443 2543 2533 2434 2444 2544 2534 0
2434 2444 2544 2534 2435 2445 2545 2535 0
2435 2445 2545 2535 2436 2446 2546 2536 0
2436 2446 2546 2536 2437 2447 2547 2537 0
2437 2447 2547 2537 2438 2448 2548 2538 0
2438 2448 2548 2538 791 792 802 801 0
622 623 613 612 2439 2449 2549 2539 0
2439 2449 2549 2539 2440 2450 2550 2540 0
2440 2450 2550 2540 2441 2451 2551 2541 0
2441 2451 2551 2541 2442 2452 2552 2542 0
2442 2452 2552 2542 2443 2453 2553 2543 0
2443 2453 2553 2543 2444 2454 2554 2544 0
2444 2454 2554 2544 2445 2455 2555 2545 0
2445 2455 2555 2545 2446 2456 2556 2546 0
2446 2456 2556 2546 2447 2457 2557 2547 0
2447 2457 2557 2547 2448 2458 2558 2548 0
2448 2458 2558 2548 792 793 803 802 0
623 624 614 613 2449 2459 2559 2549 0
2449 2459 2559 2549 2450 2460 2560 2550 0
2450 2460 2560 2550 2451 2461 2561 2551 0
2451 2461 2561 2551 2452 2462 2562 2552 0
2452 2462 2562 2552 2453 2463 2563 2553 0
2453 2463 2563 2553 2454 2464 2564 2554 0
2454 2464 2564 2554 2455 2465 2565 2555 0
2455 2465 2565 2555 2456 2466 2566 2556 0
2456 2466 2566 2556 2457 2467 2567 2557 0
2457 2467 2567 2557 2458 2468 2568 2558 0
2458 2468 2568 2558 793 794 804 803 0
624 625 615 614 2459 2469 2569 2559 0
2459 2469 2569 2559 2460 2470 2570 2560 0
2460 2470 2570 2560 2461 2471 2571 2561 0
2461 2471 2571 2561 2462 2472 2572 2562 0
2462 2472 2572 2562 2463 2473 2573 2563 0
2463 2473 2573 2563 2464 2474 2574 2564 0
2464 2474 2574 2564 2465 2475 2575 2565 0
2465 2475 2575 2565 2466 2476 2576 2566 0
2466 2476 2576 2566 2467 2477 2577 2567 0
2467 2477 2577 2567 2468 2478 2578 2568 0
2468 2478 2578 2568 794 795 805 804 0
625 626 616 615 2469 2479 2579 2569 0
2469 2479 2579 2569 2470 2480 2580 2570 0
2470 2480 2580 2570 2471 2481 2581 2571 0
2471 2481 2581 2571 2472 2482 2582 2572 0
2472 2482 2582 2572 2473 2483 2583 2573 0
2473 2483 2583 2573 2474 2484 2584 2574 0
2474 2484 2584 2574 2475 2485 2585 2575 0
2475 2485 2585 2575 2476 2486 2586 2576 0
2476 2486 2586 2576 2477 2487 2587 2577 0
2477 2487 2587 2577 2478 2488 2588 2578 0
2478 2488 2588 2578 795 796 806 805 0
626 627 617 616 2479 2489 2589 2579 0
2479 2489 2589 2579 2480 2490 2590 2580 0
2480 2490 2590 2580 2481 2491 2591 2581 0
2481 2491 2591 2581 2482 2492 2592 2582 0
2482 2492 2592 2582 2483 2493 2593 2583 0
2483 2493 2593 2583 2484 2494 2594 2584 0
2484 2494 2594 2584 2485 2495 2595 2585 0
2485 2495 2595 2585 2486 2496 2596 2586 0
2486 2496 2596 2586 2487 2497 2597 2587 0
2487 2497 2597 2587 2488 2498 2598 2588 0
2488 2498 2598 2588 796 797 807 806 0
627 628 618 617 2489 2499 2599 2589 0
2489 2499 2599 2589 2490 2500 2600 2590 0
2490 2500 2600 2590 2491 2501 2601 2591 0
2491 2501 2601 2591 2492 2502 2602 2592 0
2492 2502 2602 2592 2493 2503 2603 2593 0
2493 2503 2603 2593 2494 2504 2604 2594 0
2494 2504 2604 2594 2495 2505 2605 2595 0
2495 2505 2605 2595 2496 2506 2606 2596 0
2496 2506 2606 2596 2497 2507 2607 2597 0
2497 2507 2607 2597 2498 2508 2608 2598 0
2498 2508 2608 2598 797 798 808 807 0
628 340 339 618 2499 1600 1599 2599 0
2499 1600 1599 2599 2500 1570 1569 2600 0
2500 1570 1569 2600 2501 1540 1539 2601 0
2501 1540 1539 2601 2502 1510 1509 2602 0
2502 1510 1509 2602 2503 1480 1479 2603 0
2503 1480 1479 2603 2504 1450 1449 2604 0
2504 1450 1449 2604 2505 1420 1419 2605 0
2505 1420 1419 2605 2506 1390 1389 2606 0
2506 1390 1389 2606 2507 1360 1359 2607 0
2507 1360 1359 2607 2508 1330 1329 2608 0
2508 1330 1329 2608 798 400 399 808 0
309 609 599 308 1029 2509 2609 1028 0
1029 2509 2609 1028 1059 2510 2610 1058 0
1059 2510 2610 1058 1089 2511 2611 1088 0
1089 2511 2611 1088 1119 2512 2612 1118 0
1119 2512 2612 1118 1149 2513 2613 1148 0
1149 2513 2613 1148 1179 2514 2614 1178 0
1179 2514 2614 1178 1209 2515 2615 1208 0
1209 2515 2615 1208 1239 2516 2616 1238 0
1239 2516 2616 1238 1269 2517 2617 1268 0
1269 2517 2617 1268 1299 2518 2618 1298 0
1299 2518 2618 1298 369 799 809 368 0
609 610 600 599 2509 2519 2619 2609 0
2509 2519 2619 2609 2510 2520 2620 2610 0
2510 2520 2620 2610 2511 2521 2621 2611 0
2511 2521 2621 2611 2512 2522 2622 2612 0
2512 2522 2622 2612 2513 2523 2623 2613 0
2513 2523 2623 2613 2514 2524 2624 2614 0
2514 2524 2624 2614 2515 2525 2625 2615 0
2515 2525 2625 2615 2516 2526 2626 2616 0
2516 2526 2626 2616 2517 2527 2627 2617 0
2517 2527 2627 2617 2518 2528 2628 2618 0
2518 2528 2628 2618 799 800 810 809 0
610 611 601 600 2519 2529 2629 2619 0
2519 2529 2629 2619 2520 2530 2630 2620 0
2520 2530 2630 2620 2521 2531 2631 2621 0
2521 2531 2631 2621 2522 2532 2632 2622 0
2522 2532 2632 2622 2523 2533 2633 2623 0
2523 2533 2633 2623 2524 2534 2634 2624 0
2524 2534 2634 2624 2525 2535 2635 2625 0
2525 2535 2635 2625 2526 2536 2636 2626 0
2526 2536 2636 2626 2527 2537 2637 2627 0
2527 2537 2637 2627 2528 2538 2638 2628 0
2528 2538 2638 2628 800 801 811 810 0
611 612 602 601 2529 2539 2639 2629 0
2529 2539 2639 2629 2530 2540 2640 2630 0
2530 2540 2640 2630 2531 2541 2641 2631 0
2531 2541 2641 2631 2532 2542 2642 2632 0
2532 2542 2642 2632 2533 2543 2643 2633 0
2533 2543 2643 2633 2534 2544 2644 2634 0
2534 2544 2644 2634 2535 2545 2645 2635 0
2535 2545 2645 2635 2536 2546 2646 2636 0
2536 2546 2646 2636 2537 2547 2647 2637 0
2537 2547 2647 2637 2538 2548 2648 2638 0
2538 2548 2648 2638 801 802 812 811 0
612 613 603 602 2539 2549 2649 2639 0
2539 2549 2649 2639 2540 2550 2650 2640 0
2540 2550 2650 2640 2541 2551 2651 2641 0
2541 2551 2651 2641 2542 2552 2652 2642 0
2542 2552 2652 2642 2543 2553 2653 2643 0
2543 2553 2653 2643 2544 2554 2654 2644 0
2544 2554 2654 2644 2545 2555 2655 2645 0
2545 2555 2655 2645 2546 2556 2656 2646 0
2546 2556 2656 2646 2547 2557 2657 2647 0
2547 2557 2657 2647 2548 2558 2658 2648 0
2548 2558 2658 2648 802 803 813 812 0
613 614 604 603 2549 2559 2659 2649 0
2549 2559 2659 2649 2550 2560 2660 2650 0
2550 2560 2660 2650 2551 2561 2661 2651 0
2551 2561 2661 2651 2552 2562 2662 2652 0
2552 2562 2662 2652 2553 2563 2663 2653 0
2553 2563 2663 2653 2554 2564 2664 2654 0
2554 2564 2664 2654 2555 2565 2665 2655 0
2555 2565 2665 2655 2556 2566 2666 2656 0
2556 2566 2666 2656 2557 2567 2667 2657 0
2557 2567 2667 2657 2558 2568 2668 2658 0
2558 2568 2668 2658 803 804 814 813 0
614 615 605 604 2559 2569 2669 2659 0
2559 2569 2669 2659 2560 2570 2670 2660 0
2560 2570 2670 2660 2561 2571 2671 2661 0
2561 2571 2671 2661 2562 2572 2672 2662 0
2562 2572 2672 2662 2563 2573 2673 2663 0
2563 2573 2673 2663 2564 2574 2674 2664 0
2564 2574 2674 2664 2565 2575 2675 2665 0
2565 2575 2675 2665 2566 2576 2676 2666 0
2566 2576 2676 2666 2567 2577 2677 2667 0
2567 2577 2677 2667 2568 2578 2678 2668 0
2568 2578 2678 2668 804 805 815 814 0
615 616 606 605 2569 2579 2679 2669 0
2569 2579 2679 2669 2570 2580 2680 2670 0
2570 2580 2680 2670 2571 2581 2681 2671 0
2571 2581 2681 2671 2572 2582 2682 2672 0
2572 2582 2682 2672 2573 2583 2683 2673 0
2573 2583 2683 2673 2574 2584 2684 2674 0
2574 2584 2684 2674 2575 2585 2685 2675 0
2575 2585 2685 2675 2576 2586 2686 2676 0
2576 2586 2686 2676 2577 2587 2687 2677 0
2577 2587 2687 2677 2578 2588 2688 2678 0
2578 2588 2688 2678 805 806 816 815 0
616 617 607 606 2579 2589 2689 2679 0
2579 2589 2689 2679 2580 2590 2690 2680 0
2580 2590 2690 2680 2581 2591 2691 2681 0
2581 2591 2691 2681 2582 2592 2692 2682 0
2582 2592 2692 2682 2583 2593 2693 2683 0
2583 2593 2693 2683 2584 2594 2694 2684 0
2584 2594 2694 2684 2585 2595 2695 2685 0
2585 2595 2695 2685 2586 2596 2696 2686 0
2586 2596 2696 2686 2587 2597 2697 2687 0
2587 2597 2697 2687 2588 2598 2698 2688 0
2588 2598 2698 2688 806 807 817 816 0
617 618 608 607 2589 2599 2699 2689 0
2589 2599 2699 2689 2590 2600 2700 2690 0
2590 2600 2700 2690 2591 2601 2701 2691 0
2591 2601 2701 2691 2592 2602 2702 2692 0
2592 2602 2702 2692 2593 2603 2703 2693 0
2593 2603 2703 2693 2594 2604 2704 2694 0
2594 2604 2704 2694 2595 2605 2705 2695 0
2595 2605 2705 2695 2596 2606 2706 2696 0
2596 2606 2706 2696 2597 2607 2707 2697 0
2597 2607 2707 2697 2598 2608 2708 2698 0
2598 2608 2708 2698 807 808 818 817 0
618 339 338 608 2599 1599 1598 2699 0
2599 1599 1598 2699 2600 1569 1568 2700 0
2600 1569 1568 2700 2601 1539 1538 2701 0
2601 1539 1538 2701 2602 1509 1508 2702 0
2602 1509 1508 2702 2603 1479 1478 2703 0
2603 1479 1478 2703 2604 1449 1448 2704 0
2604 1449 1448 2704 2605 1419 1418 2705 0
2605 1419 1418 2705 2606 1389 1388 2706 0
2606 1389 1388 2706 2607 1359 1358 2707 0
2607 1359 1358 2707 2608 1329 1328 2708 0
2608 1329 1328 2708 808 399 398 818 0
308 599 589 307 1028 2609 2709 1027 0
1028 2609 2709 1027 1058 2610 2710 1057 0
1058 2610 2710 1057 1088 2611 2711 1087 0
1088 2611 2711 1087 1118 2612 2712 1117 0
1118 2612 2712 1117 1148 2613 2713 1147 0
1148 2613 2713 1147 1178 2614 2714 1177 0
1178 2614 2714 1177 1208 2615 2715 1207 0
1208 2615 2715 1207 1238 2616 2716 1237 0
1238 2616 2716 1237 1268 2617 2717 1267 0
1268 2617 2717 1267 1298 2618 2718 1297 0
1298 2618 2718 1297 368 809 819 367 0
599 600 590 589 2609 2619 2719 2709 0
2609 2619 2719 2709 2610 2620 2720 2710 0
2610 2620 2720 2710 2611 2621 2721 2711 0
2611 2621 2721 2711 2612 2622 2722 2712 0
2612 2622 2722 2712 2613 2623 2723 2713 0
2613 2623 2723 2713 2614 2624 2724 2714 0
2614 2624 2724 2714 2615 2625 2725 2715 0
2615 2625 2725 2715 2616 2626 2726 2716 0
2616 2626 2726 2716 2617 2627 2727 2717 0
2617 2627 2727 2717 2618 2628 2728 2718 0
2618 2628 2728 2718 809 810 820 819 0
600 601 591 590 2619 2629 2729 2719 0
2619 2629 2729 2719 2620 2630 2730 2720 0
2620 2630 2730 2720 2621 2631 2731 2721 0
2621 2631 2731 2721 2622 2632 2732 2722 0
2622 2632 2732 2722 2623 2633 2733 2723 0
2623 2633 2733 2723 2624 2634 2734 2724 0
2624 2634 2734 2724 2625 2635 2735 2725 0
2625 2635 2735 2725 2626 2636 2736 2726 0
2626 2636 2736 2726 2627 2637 2737 2727 0
2627 2637 2737 2727 2628 2638 2738 2728 0
2628 2638 2738 2728 810 811 821 820 0
601 602 592 591 2629 2639 2739 2729 0
2629 2639 2739 2729 2630 2640 2740 2730 0
2630 2640 2740 2730 2631 2641 2741 2731 0
2631 2641 2741 2731 2632 2642 2742 2732 0
2632 2642 2742 2732 2633 2643 2743 2733 0
2633 2643 2743 2733 2634 2644 2744 2734 0
2634 2644 2744 2734 2635 2645 2745 2735 0
2635 2645 2745 2735 2636 2646 2746 2736 0
2636 2646 2746 2736 2637 2647 2747 2737 0
2637 2647 2747 2737 2638 2648 2748 2738 0
2638 2648 2748 2738 811 812 822 821 0
602 603 593 592 2639 2649 2749 2739 0
2639 2649 2749 2739 2640 2650 2750 2740 0
2640 2650 2750 2740 2641 2651 2751 2741 0
2641 2651 2751 2741 2642 2652 2752 2742 0
2642 2652 2752 2742 2643 2653 2753 2743 0
2643 2653 2753 2743 2644 2654 2754 2744 0
2644 2654 2754 2744 2645 2655 2755 2745 0
2645 2655 2755 2745 2646 2656 2756 2746 0
2646 2656 2756 2746 2647 2657 2757 2747 0
2647 2657 2757 2747 2648 2658 2758 2748 0
2648 2658 2758 2748 812 813 823 822 0
603 604 594 593 2649 2659 2759 2749 0
2649 2659 2759 2749 2650 2660 2760 2750 0
2650 2660 2760 2750 2651 2661 2761 2751 0
2651 2661 2761 2751 2652 2662 2762 2752 0
2652 2662 2762 2752 2653 2663 2763 2753 0
2653 2663 2763 2753 2654 2664 2764 2754 0
2654 2664 2764 2754 2655 2665 2765 2755 0
2655 2665 2765 2755 2656 2666 2766 2756 0
2656 2666 2766 2756 2657 2667 2767 2757 0
2657 2667 2767 2757 2658 2668 2768 2758 0
2658 2668 2768 2758 813 814 824 823 0
604 605 595 594 2659 2669 2769 2759 0
2659 2669 2769 2759 2660 2670 2770 2760 0
2660 2670 2770 2760 2661 2671 2771 2761 0
2661 2671 2771 2761 2662 2672 2772 2762 0
2662 2672 2772 2762 2663 2673 2773 2763 0
2663 2673 2773 2763 2664 2674 2774 2764 0
2664 2674 2774 2764 2665 2675 2775 2765 0
2665 2675 2775 2765 2666 2676 2776 2766 0
2666 2676 2776 2766 2667 2677 2777 2767 0
2667 2677 2777 2767 2668 2678 2778 2768 0
2668 2678 2778 2768 814 815 825 824 0
605 606 596 595 2669 2679 2779 2769 0
2669 2679 2779 2769 2670 2680 2780 2770 0
2670 2680 2780 2770 2671 2681 2781 2771 0
2671 2681 2781 2771 2672 2682 2782 2772 0
2672 2682 2782 2772 2673 2683 2783 2773 0
2673 2683 2783 2773 2674 2684 2784 2774 0
2674 2684 2784 2774 2675 2685 2785 2775 0
2675 2685 2785 2775 2676 2686 2786 2776 0
2676 2686 2786 2776 2677 2687 2787 2777 0
2677 2687 2787 2777 2678 2688 2788 2778 0
2678 2688 2788 2778 815 816 826 825 0
606 607 597 596 2679 2689 2789 2779 0
2679 2689 2789 2779 2680 2690 2790 2780 0
2680 2690 2790 2780 2681 2691 2791 2781 0
2681 2691 2791 2781 2682 2692 2792 2782 0
2682 2692 2792 2782 2683 2693 2793 2783 0
2683 2693 2793 2783 2684 2694 2794 2784 0
2684 2694 2794 2784 2685 2695 2795 2785 0
2685 2695 2795 2785 2686 2696 2796 2786 0
2686 2696 2796 2786 2687 2697 2797 2787 0
2687 2697 2797 2787 2688 2698 2798 2788 0
2688 2698 2798 2788 816 817 827 826 0
607 608 598 597 2689 2699 2799 2789 0
2689 2699 2799 2789 2690 2700 2800 2790 0
2690 2700 2800 2790 2691 2701 2801 2791 0
2691 2701 2801 2791 2692 2702 2802 2792 0
2692 2702 2802 2792 2693 2703 2803 2793 0
2693 2703 2803 2793 2694 2704 2804 2794 0
2694 2704 2804 2794 2695 2705 2805 2795 0
2695 2705 2805 2795 2696 2706 2806 2796 0
2696 2706 2806 2796 2697 2707 2807 2797 0
2697 2707 2807 2797 2698 2708 2808 2798 0
2698 2708 2808 2798 817 818 828 827 0
608 338 337 598 2699 1598 1597 2799 0
2699 1598 1597 2799 2700 1568 1567 2800 0
2700 1568 1567 2800 2701 1538 1537 2801 0
2701 1538 1537 2801 2702 1508 1507 2802 0
2702 1508 1507 2802 2703 1478 1477 2803 0
2703 1478 1477 2803 2704 1448 1447 2804 0
2704 1448 1447 2804 2705 1418 1417 2805 0
2705 1418 1417 2805 2706 1388 1387 2806 0
2706 1388 1387 2806 2707 1358 1357 2807 0
2707 1358 1357 2807 2708 1328 1327 2808 0
2708 1328 1327 2808 818 398 397 828 0
307 589 579 306 1027 2709 2809 1026 0
1027 2709 2809 1026 1057 2710 2810 1056 0
1057 2710 2810 1056 1087 2711 2811 1086 0
1087 2711 2811 1086 1117 2712 2812 1116 0
1117 2712 2812 1116 1147 2713 2813 1146 0
1147 2713 2813 1146 1177 2714 2814 1176 0
1177 2714 2814 1176 1207 2715 2815 1206 0
1207 2715 2815 1206 1237 2716 2816 1236 0
1237 2716 2816 1236 1267 2717 2817 1266 0
1267 2717 2817 1266 1297 2718 2818 1296 0
1297 2718 2818 1296 367 819 829 366 0
589 590 580 579 2709 2719 2819 2809 0
2709 2719 2819 2809 2710 2720 2820 2810 0
2710 2720 2820 2810 2711 2721 2821 2811 0
2711 2721 2821 2811 2712 2722 2822 2812 0
2712 2722 2822 2812 2713 2723 2823 2813 0
2713 2723 2823 2813 2714 2724 2824 2814 0
2714 2724 2824 2814 2715 2725 2825 2815 0
2715 2725 2825 2815 2716 2726 2826 2816 0
2716 2726 2826 2816 2717 2727 2827 2817 0
2717 2727 2827 2817 2718 2728 2828 2818 0
2718 2728 2828 2818 819 820 830 829 0
590 591 581 580 2719 2729 2829 2819 0
2719 2729 2829 2819 2720 2730 2830 2820 0
2720 2730 2830 2820 2721 2731 2831 2821 0
2721 2731 2831 2821 2722 2732 2832 2822 0
2722 2732 2832 2822 2723 2733 2833 2823 0
2723 2733 2833 2823 2724 2734 2834 2824 0
2724 2734 2834 2824 2725 2735 2835 2825 0
2725 2735 2835 2825 2726 2736 2836 2826 0
2726 2736 2836 2826 2727 2737 2837 2827 0
2727 2737 2837 2827 2728 2738 2838 2828 0
2728 2738 2838 2828 820 821 831 830 0
591 592 582 581 2729 2739 2839 2829 0
2729 2739 2839 2829 2730 2740 2840 2830 0
2730 2740 2840 2830 2731 2741 2841 2831 0
2731 2741 2841 2831 2732 2742 2842 2832 0
2732 2742 2842 2832 2733 2743 2843 2833 0
2733 2743 2843 2833 2734 2744 2844 2834 0
2734 2744 2844 2834 2735 2745 2845 2835 0
2735 2745 2845 2835 2736 2746 2846 2836 0
2736 2746 2846 2836 2737 2747 2847 2837 0
2737 2747 2847 2837 2738 2748 2848 2838 0
2738 2748 2848 2838 821 822 832 831 0
592 593 583 582 2739 2749 2849 2839 0
2739 2749 2849 2839 2740 2750 2850 2840 0
2740 2750 2850 2840 2741 2751 2851 2841 0
2741 2751 2851 2841 2742 2752 2852 2842 0
2742 2752 2852 2842 2743 2753 2853 2843 0
2743 2753 2853 2843 2744 2754 2854 2844 0
2744 2754 2854 2844 2745 2755 2855 2845 0
2745 2755 2855 2845 2746 2756 2856 2846 0
2746 2756 2856 2846 2747 2757 2857 2847 0
2747 2757 2857 2847 2748 2758 2858 2848 0
2748 2758 2858 2848 822 823 833 832 0
593 594 584 583 2749 2759 2859 2849 0
2749 2759 2859 2849 2750 2760 2860 2850 0
2750 2760 2860 2850 2751 2761 2861 2851 0
2751 2761 2861 2851 2752 2762 2862 2852 0
2752 2762 2862 2852 2753 2763 2863 2853 0
2753 2763 2863 2853 2754 2764 2864 2854 0
2754 2764 2864 2854 2755 2765 2865 2855 0
2755 2765 2865 2855 2756 2766 2866 2856 0
2756 2766 2866 2856 2757 2767 2867 2857 0
2757 2767 2867 2857 2758 2768 2868 2858 0
2758 2768 2868 2858 823 824 834 833 0
594 595 585 584 2759 2769 2869 2859 0
2759 2769 2869 2859 2760 2770 2870 2860 0
2760 2770 2870 2860 2761 2771 2871 2861 0
2761 2771 2871 2861 2762 2772 2872 2862 0
2762 2772 2872 2862 2763 2773 2873 2863 0
2763 2773 2873 2863 2764 2774 2874 2864 0
2764 2774 2874 2864 2765 2775 2875 2865 0
2765 2775 2875 2865 2766 2776 2876 2866 0
2766 2776 2876 2866 2767 2777 2877 2867 0
2767 2777 2877 2867 2768 2778 2878 2868 0
2768 2778 2878 2868 824 825 835 834 0
595 596 586 585 2769 2779 2879 2869 0
2769 2779 2879 2869 2770 2780 2880 2870 0
2770 2780 2880 2870 2771 2781 2881 2871 0
2771 2781 2881 2871 2772 2782 2882 2872 0
2772 2782 2882 2872 2773 2783 2883 2873 0
2773 2783 2883 2873 2774 2784 2884 2874 0
2774 2784 2884 2874 2775 2785 2885 2875 0
2775 2785 2885 2875 2776 2786 2886 2876 0
2776 2786 2886 2876 2777 2787 2887 2877 0
2777 2787 2887 2877 2778 2788 2888 2878 0
2778 2788 2888 2878 825 826 836 835 0
596 597 587 586 2779 2789 2889 2879 0
2779 2789 2889 2879 2780 2790 2890 2880 0
2780 2790 2890 2880 2781 2791 2891 2881 0
2781 2791 2891 2881 2782 2792 2892 2882 0
2782 2792 2892 2882 2783 2793 2893 2883 0
2783 2793 2893 2883 2784 2794 2894 2884 0
2784 2794 2894 2884 2785 2795 2895 2885 0
2785 2795 2895 2885 2786 2796 2896 2886 0
2786 2796 2896 2886 2787 2797 2897 2887 0
2787 2797 2897 2887 2788 2798 2898 2888 0
2788 2798 2898 2888 826 827 837 836 0
597 598 588 587 2789 2799 2899 2889 0
2789 2799 2899 2889 2790 2800 2900 2890 0
2790 2800 2900 2890 2791 2801 2901 2891 0
2791 2801 2901 2891 2792 2802 2902 2892 0
2792 2802 2902 2892 2793 2803 2903 2893 0
2793 2803 2903 2893 2794 2804 2904 2894 0
2794 2804 2904 2894 2795 2805 2905 2895 0
2795 2805 2905 2895 2796 2806 2906 2896 0
2796 2806 2906 2896 2797 2807 2907 2897 0
2797 2807 2907 2897 2798 2808 2908 2898 0
2798 2808 2908 2898 827 828 838 837 0
598 337 336 588 2799 1597 1596 2899 0
2799 1597 1596 2899 2800 1567 1566 2900 0
2800 1567 1566 2900 2801 1537 1536 2901 0
2801 1537 1536 2901 2802 1507 1506 2902 0
2802 1507 1506 2902 2803 1477 1476 2903 0
2803 1477 1476 2903 2804 1447 1446 2904 0
2804 1447 1446 2904 2805 1417 1416 2905 0
2805 1417 1416 2905 2806 1387 1386 2906 0
2806 1387 1386 2906 2807 1357 1356 2907 0
2807 1357 1356 2907 2808 1327 1326 2908 0
2808 1327 1326 2908 828 397 396 838 0
306 579 569 305 1026 2809 2909 1025 0
1026 2809 2909 1025 1056 2810 2910 1055 0
1056 2810 2910 1055 1086 2811 2911 1085 0
1086 2811 2911 1085 1116 2812 2912 1115 0
1116 2812 2912 1115 1146 2813 2913 1145 0
1146 2813 2913 1145 1176 2814 2914 1175 0
1176 2814 2914 1175 1206 2815 2915 1205 0
1206 2815 2915 1205 1236 2816 2916 1235 0
1236 2816 2916 1235 1266 2817 2917 1265 0
1266 2817 2917 1265 1296 2818 2918 1295 0
1296 2818 2918 1295 366 829 839 365 0
579 580 570 569 2809 2819 2919 2909 0
2809 2819 2919 2909 2810 2820 2920 2910 0
2810 2820 2920 2910 2811 2821 2921 2911 0
2811 2821 2921 2911 2812 2822 2922 2912 0
2812 2822 2922 2912 2813 2823 2923 2913 0
2813 2823 2923 2913 2814 2824 2924 2914 0
2814 2824 2924 2914 2815 2825 2925 2915 0
2815 2825 2925 2915 2816 2826 2926 2916 0
2816 2826 2926 2916 2817 2827 2927 2917 0
2817 2827 2927 2917 2818 2828 2928 2918 0
2818 2828 2928 2918 829 830 840 839 0
580 581 571 570 2819 2829 2929 2919 0
2819 2829 2929 2919 2820 2830 2930 2920 0
2820 2830 2930 2920 2821 2831 2931 2921 0
2821 2831 2931 2921 2822 2832 2932 2922 0
2822 2832 2932 2922 2823 2833 2933 2923 0
2823 2833 2933 2923 2824 2834 2934 2924 0
2824 2834 2934 2924 2825 2835 2935 2925 0
2825 2835 2935 2925 2826 2836 2936 2926 0
2826 2836 2936 2926 2827 2837 2937 2927 0
2827 2837 2937 2927 2828 2838 2938 2928 0
2828 2838 2938 2928 830 831 841 840 0
581 582 572 571 2829 2839 2939 2929 0
2829 2839 2939 2929 2830 2840 2940 2930 0
2830 2840 2940 2930 2831 2841 2941 2931 0
2831 2841 2941 2931 2832 2842 2942 2932 0
2832 2842 2942 2932 2833 2843 2943 2933 0
2833 2843 2943 2933 2834 2844 2944 2934 0
2834 2844 2944 2934 2835 2845 2945 2935 0
2835 2845 2945 2935 2836 2846 2946 2936 0
2836 2846 2946 2936 2837 2847 2947 2937 0
2837 2847 2947 2937 2838 2848 2948 2938 0
2838 2848 2948 2938 831 832 842 841 0
582 583 573 572 2839 2849 2949 2939 0
2839 2849 2949 2939 2840 2850 2950 2940 0
2840 2850 2950 2940 2841 2851 2951 2941 0
2841 2851 2951 2941 2842 2852 2952 2942 0
2842 2852 2952 2942 2843 2853 2953 2943 0
2843 2853 2953 2943 2844 2854 2954 2944 0
2844 2854 2954 2944 2845 2855 2955 2945 0
2845 2855 2955 2945 2846 2856 2956 2946 0
2846 2856 2956 2946 2847 2857 2957 2947 0
2847 2857 2957 2947 2848 2858 2958 2948 0
2848 2858 2958 2948 832 833 843 842 0
583 584 574 573 2849 2859 2959 2949 0
2849 2859 2959 2949 2850 2860 2960 2950 0
2850 2860 2960 2950 2851 2861 2961 2951 0
2851 2861 2961 2951 2852 2862 2962 2952 0
2852 2862 2962 2952 2853 2863 2963 2953 0
2853 2863 2963 2953 2854 2864 2964 2954 0
2854 2864 2964 2954 2855 2865 2965 2955 0
2855 2865 2965 2955 2856 2866 2966 2956 0
2856 2866 2966 2956 2857 2867 2967 2957 0
2857 2867 2967 2957 2858 2868 2968 2958 0
2858 2868 2968 2958 833 834 844 843 0
584 585 575 574 2859 2869 2969 2959 0
2859 2869 2969 2959 2860 2870 2970 2960 0
2860 2870 2970 2960 2861 2871 2971 2961 0
2861 2871 2971 2961 2862 2872 2972 2962 0
2862 2872 2972 2962 2863 2873 2973 2963 0
2863 2873 2973 2963 2864 2874 2974 2964 0
2864 2874 2974 2964 2865 2875 2975 2965 0
2865 2875 2975 2965 2866 2876 2976 2966 0
2866 2876 2976 2966 2867 2877 2977 2967 0
2867 2877 2977 2967 2868 2878 2978 2968 0
2868 2878 2978 2968 834 835 845 844 0
585 586 576 575 2869 2879 2979 2969 0
2869 2879 2979 2969 2870 2880 2980 2970 0
2870 2880 2980 2970 2871 2881 2981 2971 0
2871 2881 2981 2971 2872 2882 2982 2972 0
2872 2882 2982 2972 2873 2883 2983 2973 0
2873 2883 2983 2973 2874 2884 2984 2974 0
2874 2884 2984 2974 2875 2885 2985 2975 0
2875 2885 2985 2975 2876 2886 2986 2976 0
2876 2886 2986 2976 2877 2887 2987 2977 0
2877 2887 2987 2977 2878 2888 2988 2978 0
2878 2888 2988 2978 835 836 846 845 0
586 587 577 576 2879 2889 2989 2979 0
2879 2889 2989 2979 2880 2890 2990 2980 0
2880 2890 2990 2980 2881 2891 2991 2981 0
2881 2891 2991 2981 2882 2892 2992 2982 0
2882 2892 2992 2982 2883 2893 2993 2983 0
2883 2893 2993 2983 2884 2894 2994 2984 0
2884 2894 2994 2984 2885 2895 2995 2985 0
2885 2895 2995 2985 2886 2896 2996 2986 0
2886 2896 2996 2986 2887 2897 2997 2987 0
2887 2897 2997 2987 2888 2898 2998 2988 0
2888 2898 2998 2988 836 837 847 846 0
587 588 578 577 2889 2899 2999 2989 0
2889 2899 2999 2989 2890 2900 3000 2990 0
2890 2900 3000 2990 2891 2901 3001 2991 0
2891 2901 3001 2991 2892 2902 3002 2992 0
2892 2902 3002 2992 2893 2903 3003 2993 0
2893 2903 3003 2993 2894 2904 3004 2994 0
2894 2904 3004 2994 2895 2905 3005 2995 0
2895 2905 3005 2995 2896 2906 3006 2996 0
2896 2906 3006 2996 2897 2907 3007 2997 0
2897 2907 3007 2997 2898 2908 3008 2998 0
2898 2908 3008 2998 837 838 848 847 0
588 336 335 578 2899 1596 1595 2999 0
2899 1596 1595 2999 2900 1566 1565 3000 0
2900 1566 1565 3000 2901 1536 1535 3001 0
2901 1536 1535 3001 2902 1506 1505 3002 0
2902 1506 1505 3002 2903 1476 1475 3003 0
2903 1476 1475 3003 2904 1446 1445 3004 0
2904 1446 1445 3004 2905 1416 1415 3005 0
2905 1416 1415 3005 2906 1386 1385 3006 0
2906 1386 1385 3006 2907 1356 1355 3007 0
2907 1356 1355 3007 2908 1326 1325 3008 0
2908 1326 1325 3008 838 396 395 848 0
305 569 559 304 1025 2909 3009 1024 0
1025 2909 3009 1024 1055 2910 3010 1054 0
1055 2910 3010 1054 1085 2911 3011 1084 0
1085 2911 3011 1084 1115 2912 3012 1114 0
1115 2912 3012 1114 1145 2913 3013 1144 0
1145 2913 3013 1144 1175 2914 3014 1174 0
1175 2914 3014 1174 1205 2915 3015 1204 0
1205 2915 3015 1204 1235 2916 3016 1234 0
1235 2916 3016 1234 1265 2917 3017 1264 0
1265 2917 3017 1264 1295 2918 3018 1294 0
1295 2918 3018 1294 365 839 849 364 0
569 570 560 559 2909 2919 3019 3009 0
2909 2919 3019 3009 2910 2920 3020 3010 0
2910 2920 3020 3010 2911 2921 3021 3011 0
2911 2921 3021 3011 2912 2922 3022 3012 0
2912 2922 3022 3012 2913 2923 3023 3013 0
2913 2923 3023 3013 2914 2924 3024 3014 0
2914 2924 3024 3014 2915 2925 3025 3015 0
2915 2925 3025 3015 2916 2926 3026 3016 0
2916 2926 3026 3016 2917 2927 3027 3017 0
2917 2927 3027 3017 2918 2928 3028 3018 0
2918 2928 3028 3018 839 840 850 849 0
570 571 561 560 2919 2929 3029 3019 0
2919 2929 3029 3019 2920 2930 3030 3020 0
2920 2930 3030 3020 2921 2931 3031 3021 0
2921 2931 3031 3021 2922 2932 3032 3022 0
2922 2932 3032 3022 2923 2933 3033 3023 0
2923 2933 3033 3023 2924 2934 3034 3024 0
2924 2934 3034 3024 2925 2935 3035 3025 0
2925 2935 3035 3025 2926 2936 3036 3026 0
2926 2936 3036 3026 2927 2937 3037 3027 0
2927 2937 3037 3027 2928 2938 3038 3028 0
2928 2938 3038 3028 840 841 851 850 0
571 572 562 561 2929 2939 3039 3029 0
2929 2939 3039 3029 2930 2940 3040 3030 0
2930 2940 3040 3030 2931 2941 3041 3031 0
2931 2941 3041 3031 2932 2942 3042 3032 0
2932 2942 3042 3032 2933 2943 3043 3033 0
2933 2943 3043 3033 2934 2944 3044 3034 0
2934 2944 3044 3034 2935 2945 3045 3035 0
2935 2945 3045 3035 2936 2946 3046 3036 0
2936 2946 3046 3036 2937 2947 3047 3037 0
2937 2947 3047 3037 2938 2948 3048 3038 0
2938 2948 3048 3038 841 842 852 851 0
572 573 563 562 2939 2949 3049 3039 0
2939 2949 3049 3039 2940 2950 3050 3040 0
2940 2950 3050 3040 2941 2951 3051 3041 0
2941 2951 3051 3041 2942 2952 3052 3042 0
2942 2952 3052 3042 2943 2953 3053 3043 0
2943 2953 3053 3043 2944 2954 3054 3044 0
2944 2954 3054 3044 2945 2955 3055 3045 0
2945 2955 3055 3045 2946 2956 3056 3046 0
2946 2956 3056 3046 2947 2957 3057 3047 0
2947 2957 3057 3047 2948 2958 3058 3048 0
2948 2958 3058 3048 842 843 853 852 0
573 574 564 563 2949 2959 3059 3049 0
2949 2959 3059 3049 2950 2960 3060 3050 0
2950 2960 3060 3050 2951 2961 3061 3051 0
2951 2961 3061 3051 2952 2962 3062 3052 0
2952 2962 3062 3052 2953 2963 3063 3053 0
2953 2963 3063 3053 2954 2964 3064 3054 0
2954 2964 3064 3054 2955 2965 3065 3055 0
2955 2965 3065 3055 2956 2966 3066 3056 0
2956 2966 3066 3056 2957 2967 3067 3057 0
2957 2967 3067 3057 2958 2968 3068 3058 0
2958 2968 3068 3058 843 844 854 853 0
574 575 565 564 2959 2969 3069 3059 0
2959 2969 3069 3059 2960 2970 3070 3060 0
2960 2970 3070 3060 2961 2971 3071 3061 0
2961 2971 3071 3061 2962 2972 3072 3062 0
2962 2972 3072 3062 2963 2973 3073 3063 0
2963 2973 3073 3063 2964 2974 3074 3064 0
2964 2974 3074 3064 2965 2975 3075 3065 0
2965 2975 3075 3065 2966 2976 3076 3066 0
2966 2976 3076 3066 2967 2977 3077 3067 0
2967 2977 3077 3067 2968 2978 3078 3068 0
2968 2978 3078 3068 844 845 855 854 0
575 576 566 565 2969 2979 3079 3069 0
2969 2979 3079 3069 2970 2980 3080 3070 0
2970 2980 3080 3070 2971 2981 3081 3071 0
2971 2981 3081 3071 2972 2982 3082 3072 0
2972 2982 3082 3072 2973 2983 3083 3073 0
2973 2983 3083 3073 2974 2984 3084 3074 0
2974 2984 3084 3074 2975 2985 3085 3075 0
2975 2985 3085 3075 2976 2986 3086 3076 0
2976 2986 3086 3076 2977 2987 3087 3077 0
2977 2987 3087 3077 2978 2988 3088 3078 0
2978 2988 3088 3078 845 846 856 855 0
576 577 567 566 2979 2989 3089 3079 0
2979 2989 3089 3079 2980 2990 3090 3080 0
2980 2990 3090 3080 2981 2991 3091 3081 0
2981 2991 3091 3081 2982 2992 3092 3082 0
2982 2992 3092 3082 2983 2993 3093 3083 0
2983 2993 3093 3083 2984 2994 3094 3084 0
2984 2994 3094 3084 2985 2995 3095 3085 0
2985 2995 3095 3085 2986 2996 3096 3086 0
2986 2996 3096 3086 2987 2997 3097 3087 0
2987 2997 3097 3087 2988 2998 3098 3088 0
2988 2998 3098 3088 846 847 857 856 0
577 578 568 567 2989 2999 3099 3089 0
2989 2999 3099 3089 2990 3000 3100 3090 0
2990 3000 3100 3090 2991 3001 3101 3091 0
2991 3001 3101 3091 2992 3002 3102 3092 0
2992 3002 3102 3092 2993 3003 3103 3093 0
2993 3003 3103 3093 2994 3004 3104 3094 0
2994 3004 3104 3094 2995 3005 3105 3095 0
2995 3005 3105 3095 2996 3006 3106 3096 0
2996 3006 3106 3096 2997 3007 3107 3097 0
2997 3007 3107 3097 2998 3008 3108 3098 0
2998 3008 3108 3098 847 848 858 857 0
578 335 334 568 2999 1595 1594 3099 0
2999 1595 1594 3099 3000 1565 1564 3100 0
3000 1565 1564 3100 3001 1535 1534 3101 0
3001 1535 1534 3101 3002 1505 1504 3102 0
3002 1505 1504 3102 3003 1475 1474 3103 0
3003 1475 1474 3103 3004 1445 1444 3104 0
3004 1445 1444 3104 3005 1415 1414 3105 0
3005 1415 1414 3105 3006 1385 1384 3106 0
3006 1385 1384 3106 3007 1355 1354 3107 0
3007 1355 1354 3107 3008 1325 1324 3108 0
3008 1325 1324 3108 848 395 394 858 0
304 559 549 303 1024 3009 3109 1023 0
1024 3009 3109 1023 1054 3010 3110 1053 0
1054 3010 3110 1053 1084 3011 3111 1083 0
1084 3011 3111 1083 1114 3012 3112 1113 0
1114 3012 3112 1113 1144 3013 3113 1143 0
1144 3013 3113 1143 1174 3014 3114 1173 0
1174 3014 3114 1173 1204 3015 3115 1203 0
1204 3015 3115 1203 1234 3016 3116 1233 0
1234 3016 3116 1233 1264 3017 3117 1263 0
1264 3017 3117 1263 1294 3018 3118 1293 0
1294 3018 3118 1293 364 849 859 363 0
559 560 550 549 3009 3019 3119 3109 0
3009 3019 3119 3109 3010 3020 3120 3110 0
3010 3020 3120 3110 3011 3021 3121 3111 0
3011 3021 3121 3111 3012 3022 3122 3112 0
3012 3022 3122 3112 3013 3023 3123 3113 0
3013 3023 3123 3113 3014 3024 3124 3114 0
3014 3024 3124 3114 3015 3025 3125 3115 0
3015 3025 3125 3115 3016 3026 3126 3116 0
3016 3026 3126 3116 3017 3027 3127 3117 0
3017 3027 3127 3117 3018 3028 3128 3118 0
3018 3028 3128 3118 849 850 860 859 0
560 561 551 550 3019 3029 3129 3119 0
3019 3029 3129 3119 3020 3030 3130 3120 0
3020 3030 3130 3120 3021 3031 3131 3121 0
3021 3031 3131 3121 3022 3032 3132 3122 0
3022 3032 3132 3122 3023 3033 3133 3123 0
3023 3033 3133 3123 3024 3034 3134 3124 0
3024 3034 3134 3124 3025 3035 3135 3125 0
3025 3035 3135 3125 3026 3036 3136 3126 0
3026 3036 3136 3126 3027 3037 3137 3127 0
3027 3037 3137 3127 3028 3038 3138 3128 0
3028 3038 3138 3128 850 851 861 860 0
561 562 552 551 3029 3039 3139 3129 0
3029 3039 3139 3129 3030 3040 3140 3130 0
3030 3040 3140 3130 3031 3041 3141 3131 0
3031 3041 3141 3131 3032 3042 3142 3132 0
3032 3042 3142 3132 3033 3043 3143 3133 0
3033 3043 3143 3133 3034 3044 3144 3134 0
3034 3044 3144 3134 3035 3045 3145 3135 0
3035 3045 3145 3135 3036 3046 3146 3136 0
3036 3046 3146 3136 3037 3047 3147 3137 0
3037 3047 3147 3137 3038 3048 3148 3138 0
3038 3048 3148 3138 851 852 862 861 0
562 563 553 552 3039 3049 3149 3139 0
3039 3049 3149 3139 3040 3050 3150 3140 0
3040 3050 3150 3140 3041 3051 3151 3141 0
3041 3051 3151 3141 3042 3052 3152 3142 0
3042 3052 3152 3142 3043 3053 3153 3143 0
3043 3053 3153 3143 3044 3054 3154 3144 0
3044 3054 3154 3144 3045 3055 3155 3145 0
3045 3055 3155 3145 3046 3056 3156 3146 0
3046 3056 3156 3146 3047 3057 3157 3147 0
3047 3057 3157 3147 3048 3058 3158 3148 0
3048 3058 3158 3148 852 853 863 862 0
563 564 554 553 3049 3059 3159 3149 0
3049 3059 3159 3149 3050 3060 3160 3150 0
3050 3060 3160 3150 3051 3061 3161 3151 0
3051 3061 3161 3151 3052 3062 3162 3152 0
3052 3062 3162 3152 3053 3063 3163 3153 0
3053 3063 3163 3153 3054 3064 3164 3154 0
3054 3064 3164 3154 3055 3065 3165 3155 0
3055 3065 3165 3155 3056 3066 3166 3156 0
3056 3066 3166 3156 3057 3067 3167 3157 0
3057 3067 3167 3157 3058 3068 3168 3158 0
3058 3068 3168 3158 853 854 864 863 0
564 565 555 554 3059 3069 3169 3159 0
3059 3069 3169 3159 3060 3070 3170 3160 0
3060 3070 3170 3160 3061 3071 3171 3161 0
3061 3071 3171 3161 3062 3072 3172 3162 0
3062 3072 3172 3162 3063 3073 3173 3163 0
3063 3073 3173 3163 3064 3074 3174 3164 0
3064 3074 3174 3164 3065 3075 3175 3165 0
3065 3075 3175 3165 3066 3076 3176 3166 0
3066 3076 3176 3166 3067 3077 3177 3167 0
3067 3077 3177 3167 3068 3078 3178 3168 0
3068 3078 3178 3168 854 855 865 864 0
565 566 556 555 3069 3079 3179 3169 0
3069 3079 3179 3169 3070 3080 3180 3170 0
3070 3080 3180 3170 3071 3081 3181 3171 0
3071 3081 3181 3171 3072 3082 3182 3172 0
3072 3082 3182 3172 3073 3083 3183 3173 0
3073 3083 3183 3173 3074 3084 3184 3174 0
3074 3084 3184 3174 3075 3085 3185 3175 0
3075 3085 3185 3175 3076 3086 3186 3176 0
3076 3086 3186 3176 3077 3087 3187 3177 0
3077 3087 3187 3177 3078 3088 3188 3178 0
3078 3088 3188 3178 855 856 866 865 0
566 567 557 556 3079 3089 3189 3179 0
3079 3089 3189 3179 3080 3090 3190 3180 0
3080 3090 3190 3180 3081 3091 3191 3181 0
3081 3091 3191 3181 3082 3092 3192 3182 0
3082 3092 3192 3182 3083 3093 3193 3183 0
3083 3093 3193 3183 3084 3094 3194 3184 0
3084 3094 3194 3184 3085 3095 3195 3185 0
3085 3095 3195 3185 3086 3096 3196 3186 0
3086 3096 3196 3186 3087 3097 3197 3187 0
3087 3097 3197 3187 3088 3098 3198 3188 0
3088 3098 3198 3188 856 857 867 866 0
567 568 558 557 3089 3099 3199 3189 0
3089 3099 3199 3189 3090 3100 3200 3190 0
3090 3100 3200 3190 3091 3101 3201 3191 0
3091 3101 3201 3191 3092 3102 3202 3192 0
3092 3102 3202 3192 3093 3103 3203 3193 0
3093 3103 3203 3193 3094 3104 3204 3194 0
3094 3104 3204 3194 3095 3105 3205 3195 0
3095 3105 3205 3195 3096 3106 3206 3196 0
3096 3106 3206 3196 3097 3107 3207 3197 0
3097 3107 3207 3197 3098 3108 3208 3198 0
3098 3108 3208 3198 857 858 868 867 0
568 334 333 558 3099 1594 1593 3199 0
3099 1594 1593 3199 3100 1564 1563 3200 0
3100 1564 1563 3200 3101 1534 1533 3201 0
3101 1534 1533 3201 3102 1504 1503 3202 0
3102 1504 1503 3202 3103 1474 1473 3203 0
3103 1474 1473 3203 3104 1444 1443 3204 0
3104 1444 1443 3204 3105 1414 1413 3205 0
3105 1414 1413 3205 3106 1384 1383 3206 0
3106 1384 1383 3206 3107 1354 1353 3207 0
3107 1354 1353 3207 3108 1324 1323 3208 0
3108 1324 1323 3208 858 394 393 868 0
303 549 539 302 1023 3109 3209 1022 0
1023 3109 3209 1022 1053 3110 3210 1052 0
1053 3110 3210 1052 1083 3111 3211 1082 0
1083 3111 3211 1082 1113 3112 3212 1112 0
1113 3112 3212 1112 1143 3113 3213 1142 0
1143 3113 3213 1142 1173 3114 3214 1172 0
1173 3114 3214 1172 1203 3115 3215 1202 0
1203 3115 3215 1202 1233 3116 3216 1232 0
1233 3116 3216 1232 1263 3117 3217 1262 0
1263 3117 3217 1262 1293 3118 3218 1292 0
1293 3118 3218 1292 363 859 869 362 0
549 550 540 539 3109 3119 3219 3209 0
3109 3119 3219 3209 3110 3120 3220 3210 0
3110 3120 3220 3210 3111 3121 3221 3211 0
3111 3121 3221 3211 3112 3122 3222 3212 0
3112 3122 3222 3212 3113 3123 3223 3213 0
3113 3123 3223 3213 3114 3124 3224 3214 0
3114 3124 3224 3214 3115 3125 3225 3215 0
3115 3125 3225 3215 3116 3126 3226 3216 0
3116 3126 3226 3216 3117 3127 3227 3217 0
3117 3127 3227 3217 3118 3128 3228 3218 0
3118 3128 3228 3218 859 860 870 869 0
550 551 541 540 3119 3129 3229 3219 0
3119 3129 3229 3219 3120 3130 3230 3220 0
3120 3130 3230 3220 3121 3131 3231 3221 0
3121 3131 3231 3221 3122 3132 3232 3222 0
3122 3132 3232 3222 3123 3133 3233 3223 0
3123 3133 3233 3223 3124 3134 3234 3224 0
3124 3134 3234 3224 3125 3135 3235 3225 0
3125 3135 3235 3225 3126 3136 3236 3226 0
3126 3136 3236 3226 3127 3137 3237 3227 0
3127 3137 3237 3227 3128 3138 3238 3228 0
3128 3138 3238 3228 860 861 871 870 0
551 552 542 541 3129 3139 3239 3229 0
3129 3139 3239 3229 3130 3140 3240 3230 0
3130 3140 3240 3230 3131 3141 3241 3231 0
3131 3141 3241 3231 3132 3142 3242 3232 0
3132 3142 3242 3232 3133 3143 3243 3233 0
3133 3143 3243 3233 3134 3144 3244 3234 0
3134 3144 3244 3234 3135 3145 3245 3235 0
3135 3145 3245 3235 3136 3146 3246 3236 0
3136 3146 3246 3236 3137 3147 3247 3237 0
3137 3147 3247 3237 3138 3148 3248 3238 0
3138 3148 3248 3238 861 862 872 871 0
552 553 543 542 3139 3149 3249 3239 0
3139 3149 3249 3239 3140 3150 3250 3240 0
3140 3150 3250 3240 3141 3151 3251 3241 0
3141 3151 3251 3241 3142 3152 3252 3242 0
3142 3152 3252 3242 3143 3153 3253 3243 0
3143 3153 3253 3243 3144 3154 3254 3244 0
3144 3154 3254 3244 3145 3155 3255 3245 0
3145 3155 3255 3245 3146 3156 3256 3246 0
3146 3156 3256 3246 3147 3157 3257 3247 0
3147 3157 3257 3247 3148 3158 3258 3248 0
3148 3158 3258 3248 862 863 873 872 0
553 554 544 543 3149 3159 3259 3249 0
3149 3159 3259 3249 3150 3160 3260 3250 0
3150 3160 3260 3250 3151 3161 3261 3251 0
3151 3161 3261 3251 3152 3162 3262 3252 0
3152 3162 3262 3252 3153 3163 3263 3253 0
3153 3163 3263 3253 3154 3164 3264 3254 0
3154 3164 3264 3254 3155 3165 3265 3255 0
3155 3165 3265 3255 3156 3166 3266 3256 0
3156 3166 3266 3256 3157 3167 3267 3257 0
3157 3167 3267 3257 3158 3168 3268 3258 0
3158 3168 3268 3258 863 864 874 873 0
554 555 545 544 3159 3169 3269 3259 0
3159 3169 3269 3259 3160 3170 3270 3260 0
3160 3170 3270 3260 3161 3171 3271 3261 0
3161 3171 3271 3261 3162 3172 3272 3262 0
3162 3172 3272 3262 3163 3173 3273 3263 0
3163 3173 3273 3263 3164 3174 3274 3264 0
3164 3174 3274 3264 3165 3175 3275 3265 0
3165 3175 3275 3265 3166 3176 3276 3266 0
3166 3176 3276 3266 3167 3177 3277 3267 0
3167 3177 3277 3267 3168 3178 3278 3268 0
3168 3178 3278 3268 864 865 875 874 0
555 556 546 545 3169 3179 3279 3269 0
3169 3179 3279 3269 3170 3180 3280 3270 0
3170 3180 3280 3270 3171 3181 3281 3271 0
3171 3181 3281 3271 3172 3182 3282 3272 0
3172 3182 3282 3272 3173 3183 3283 3273 0
3173 3183 3283 3273 3174 3184 3284 3274 0
3174 3184 3284 3274 3175 3185 3285 3275 0
3175 3185 3285 3275 3176 3186 3286 3276 0
3176 3186 3286 3276 3177 3187 3287 3277 0
3177 3187 3287 3277 3178 3188 3288 3278 0
3178 3188 3288 3278 865 866 876 875 0
556 557 547 546 3179 3189 3289 3279 0
3179 3189 3289 3279 3180 3190 3290 3280 0
3180 3190 3290 3280 3181 3191 3291 3281 0
3181 3191 3291 3281 3182 3192 3292 3282 0
3182 3192 3292 3282 3183 3193 3293 3283 0
3183 3193 3293 3283 3184 3194 3294 3284 0
3184 3194 3294 3284 3185 3195 3295 3285 0
3185 3195 3295 3285 3186 3196 3296 3286 0
3186 3196 3296 3286 3187 3197 3297 3287 0
3187 3197 3297 3287 3188 3198 3298 3288 0
3188 3198 3298 3288 866 867 877 876 0
557 558 548 547 3189 3199 3299 3289 0
3189 3199 3299 3289 3190 3200 3300 3290 0
3190 3200 3300 3290 3191 3201 3301 3291 0
3191 3201 3301 3291 3192 3202 3302 3292 0
3192 3202 3302 3292 3193 3203 3303 3293 0
3193 3203 3303 3293 3194 3204 3304 3294 0
3194 3204 3304 3294 3195 3205 3305 3295 0
3195 3205 3305 3295 3196 3206 3306 3296 0
3196 3206 3306 3296 3197 3207 3307 3297 0
3197 3207 3307 3297 3198 3208 3308 3298 0
3198 3208 3308 3298 867 868 878 877 0
558 333 332 548 3199 1593 1592 3299 0
3199 1593 1592 3299 3200 1563 1562 3300 0
3200 1563 1562 3300 3201 1533 1532 3301 0
3201 1533 1532 3301 3202 1503 1502 3302 0
3202 1503 1502 3302 3203 1473 1472 3303 0
3203 1473 1472 3303 3204 1443 1442 3304 0
3204 1443 1442 3304 3205 1413 1412 3305 0
3205 1413 1412 3305 3206 1383 1382 3306 0
3206 1383 1382 3306 3207 1353 1352 3307 0
3207 1353 1352 3307 3208 1323 1322 3308 0
3208 1323 1322 3308 868 393 392 878 0
302 539 529 301 1022 3209 3309 1021 0
1022 3209 3309 1021 1052 3210 3310 1051 0
1052 3210 3310 1051 1082 3211 3311 1081 0
1082 3211 3311 1081 1112 3212 3312 1111 0
1112 3212 3312 1111 1142 3213 3313 1141 0
1142 3213 3313 1141 1172 3214 3314 1171 0
1172 3214 3314 1171 1202 3215 3315 1201 0
1202 3215 3315 1201 1232 3216 3316 1231 0
1232 3216 3316 1231 1262 3217 3317 1261 0
1262 3217 3317 1261 1292 3218 3318 1291 0
1292 3218 3318 1291 362 869 879 361 0
539 540 530 529 3209 3219 3319 3309 0
3209 3219 3319 3309 3210 3220 3320 3310 0
3210 3220 3320 3310 3211 3221 3321 3311 0
3211 3221 3321 3311 3212 3222 3322 3312 0
3212 3222 3322 3312 3213 3223 3323 3313 0
3213 3223 3323 3313 3214 3224 3324 3314 0
3214 3224 3324 3314 3215 3225 3325 3315 0
3215 3225 3325 3315 3216 3226 3326 3316 0
3216 3226 3326 3316 3217 3227 3327 3317 0
3217 3227 3327 3317 3218 3228 3328 3318 0
3218 3228 3328 3318 869 870 880 879 0
540 541 531 530 3219 3229 3329 3319 0
3219 3229 3329 3319 3220 3230 3330 3320 0
3220 3230 3330 3320 3221 3231 3331 3321 0
3221 3231 3331 3321 3222 3232 3332 3322 0
3222 3232 3332 3322 3223 3233 3333 3323 0
3223 3233 3333 3323 3224 3234 3334 3324 0
3224 3234 3334 3324 3225 3235 3335 3325 0
3225 3235 3335 3325 3226 3236 3336 3326 0
3226 3236 3336 3326 3227 3237 3337 3327 0
3227 3237 3337 3327 3228 3238 3338 3328 0
3228 3238 3338 3328 870 871 881 880 0
541 542 532 531 3229 3239 3339 3329 0
3229 3239 3339 3329 3230 3240 3340 3330 0
3230 3240 3340 3330 3231 3241 3341 3331 0
3231 3241 3341 3331 3232 3242 3342 3332 0
3232 3242 3342 3332 3233 3243 3343 3333 0
3233 3243 3343 3333 3234 3244 3344 3334 0
3234 3244 3344 3334 3235 3245 3345 3335 0
3235 3245 3345 3335 3236 3246 3346 3336 0
3236 3246 3346 3336 3237 3247 3347 3337 0
3237 3247 3347 3337 3238 3248 3348 3338 0
3238 3248 3348 3338 871 872 882 881 0
542 543 533 532 3239 3249 3349 3339 0
3239 3249 3349 3339 3240 3250 3350 3340 0
3240 3250 3350 3340 3241 3251 3351 3341 0
3241 3251 3351 3341 3242 3252 3352 3342 0
3242 3252 3352 3342 3243 3253 3353 3343 0
3243 3253 3353 3343 3244 3254 3354 3344 0
3244 3254 3354 3344 3245 3255 3355 3345 0
3245 3255 3355 3345 3246 3256 3356 3346 0
3246 3256 3356 3346 3247 3257 3357 3347 0
3247 3257 3357 3347 3248 3258 3358 3348 0
3248 3258 3358 3348 872 873 883 882 0
543 544 534 533 3249 3259 3359 3349 0
3249 3259 3359 3349 3250 3260 3360 3350 0
3250 3260 3360 3350 3251 3261 3361 3351 0
3251 3261 3361 3351 3252 3262 3362 3352 0
3252 3262 3362 3352 3253 3263 3363 3353 0
3253 3263 3363 3353 3254 3264 3364 3354 0
3254 3264 3364 3354 3255 3265 3365 3355 0
3255 3265 3365 3355 3256 3266 3366 3356 0
3256 3266 3366 3356 3257 3267 3367 3357 0
3257 3267 3367 3357 3258 3268 3368 3358 0
3258 3268 3368 3358 873 874 884 883 0
544 545 535 534 3259 3269 3369 3359 0
3259 3269 3369 3359 3260 3270 3370 3360 0
3260 3270 3370 3360 3261 3271 3371 3361 0
3261 3271 3371 3361 3262 3272 3372 3362 0
3262 3272 3372 3362 3263 3273 3373 3363 0
3263 3273 3373 3363 3264 3274 3374 3364 0
3264 3274 3374 3364 3265 3275 3375 3365 0
3265 3275 3375 3365 3266 3276 3376 3366 0
3266 3276 3376 3366 3267 3277 3377 3367 0
3267 3277 3377 3367 3268 3278 3378 3368 0
3268 3278 3378 3368 874 875 885 884 0
545 546 536 535 3269 3279 3379 3369 0
3269 3279 3379 3369 3270 3280 3380 3370 0
3270 3280 3380 3370 3271 3281 3381 3371 0
3271 3281 3381 3371 3272 3282 3382 3372 0
3272 3282 3382 3372 3273 3283 3383 3373 0
3273 3283 3383 3373 3274 3284 3384 3374 0
3274 3284 3384 3374 3275 3285 3385 3375 0
3275 3285 3385 3375 3276 3286 3386 3376 0
3276 3286 3386 3376 3277 3287 3387 3377 0
3277 3287 3387 3377 3278 3288 3388 3378 0
3278 3288 3388 3378 875 876 886 885 0
546 547 537 536 3279 3289 3389 3379 0
3279 3289 3389 3379 3280 3290 3390 3380 0
3280 3290 3390 3380 3281 3291 3391 3381 0
3281 3291 3391 3381 3282 3292 3392 3382 0
3282 3292 3392 3382 3283 3293 3393 3383 0
3283 3293 3393 3383 3284 3294 3394 3384 0
3284 3294 3394 3384 3285 3295 3395 3385 0
3285 3295 3395 3385 3286 3296 3396 3386 0
3286 3296 3396 3386 3287 3297 3397 3387 0
3287 3297 3397 3387 3288 3298 3398 3388 0
3288 3298 3398 3388 876 877 887 886 0
547 548 538 537 3289 3299 3399 3389 0
3289 3299 3399 3389 3290 3300 3400 3390 0
3290 3300 3400 3390 3291 3301 3401 3391 0
3291 3301 3401 3391 3292 3302 3402 3392 0
3292 3302 3402 3392 3293 3303 3403 3393 0
3293 3303 3403 3393 3294 3304 3404 3394 0
3294 3304 3404 3394 3295 3305 3405 3395 0
3295 3305 3405 3395 3296 3306 3406 3396 0
3296 3306 3406 3396 3297 3307 3407 3397 0
3297 3307 3407 3397 3298 3308 3408 3398 0
3298 3308 3408 3398 877 878 888 887 0
548 332 331 538 3299 1592 1591 3399 0
3299 1592 1591 3399 3300 1562 1561 3400 0
3300 1562 1561 3400 3301 1532 1531 3401 0
3301 1532 1531 3401 3302 1502 1501 3402 0
3302 1502 1501 3402 3303 1472 1471 3403 0
3303 1472 1471 3403 3304 1442 1441 3404 0
3304 1442 1441 3404 3305 1412 1411 3405 0
3305 1412 1411 3405 3306 1382 1381 3406 0
3306 1382 1381 3406 3307 1352 1351 3407 0
3307 1352 1351 3407 3308 1322 1321 3408 0
3308 1322 1321 3408 878 392 391 888 0
301 529 519 300 1021 3309 3409 1020 0
1021 3309 3409 1020 1051 3310 3410 1050 0
1051 3310 3410 1050 1081 3311 3411 1080 0
1081 3311 3411 1080 1111 3312 3412 1110 0
1111 3312 3412 1110 1141 3313 3413 1140 0
1141 3313 3413 1140 1171 3314 3414 1170 0
1171 3314 3414 1170 1201 3315 3415 1200 0
1201 3315 3415 1200 1231 3316 3416 1230 0
1231 3316 3416 1230 1261 3317 3417 1260 0
1261 3317 3417 1260 1291 3318 3418 1290 0
1291 3318 3418 1290 361 879 889 360 0
529 530 520 519 3309 3319 3419 3409 0
3309 3319 3419 3409 3310 3320 3420 3410 0
3310 3320 3420 3410 3311 3321 3421 3411 0
3311 3321 3421 3411 3312 3322 3422 3412 0
3312 3322 3422 3412 3313 3323 3423 3413 0
3313 3323 3423 3413 3314 3324 3424 3414 0
3314 3324 3424 3414 3315 3325 3425 3415 0
3315 3325 3425 3415 3316 3326 3426 3416 0
3316 3326 3426 3416 3317 3327 3427 3417 0
3317 3327 3427 3417 3318 3328 3428 3418 0
3318 3328 3428 3418 879 880 890 889 0
530 531 521 520 3319 3329 3429 3419 0
3319 3329 3429 3419 3320 3330 3430 3420 0
3320 3330 3430 3420 3321 3331 3431 3421 0
3321 3331 3431 3421 3322 3332 3432 3422 0
3322 3332 3432 3422 3323 3333 3433 3423 0
3323 3333 3433 3423 3324 3334 3434 3424 0
3324 3334 3434 3424 3325 3335 3435 3425 0
3325 3335 3435 3425 3326 3336 3436 3426 0
3326 3336 3436 3426 3327 3337 3437 3427 0
3327 3337 3437 3427 3328 3338 3438 3428 0
3328 3338 3438 3428 880 881 891 890 0
531 532 522 521 3329 3339 3439 3429 0
3329 3339 3439 3429 3330 3340 3440 3430 0
3330 3340 3440 3430 3331 3341 3441 3431 0
3331 3341 3441 3431 3332 3342 3442 3432 0
3332 3342 3442 3432 3333 3343 3443 3433 0
3333 3343 3443 3433 3334 3344 3444 3434 0
3334 3344 3444 3434 3335 3345 3445 3435 0
3335 3345 3445 3435 3336 3346 3446 3436 0
3336 3346 3446 3436 3337 3347 3447 3437 0
3337 3347 3447 3437 3338 3348 3448 3438 0
3338 3348 3448 3438 881 882 892 891 0
532 533 523 522 3339 3349 3449 3439 0
3339 3349 3449 3439 3340 3350 3450 3440 0
3340 3350 3450 3440 3341 3351 3451 3441 0
3341 3351 3451 3441 3342 3352 3452 3442 0
3342 3352 3452 3442 3343 3353 3453 3443 0
3343 3353 3453 3443 3344 3354 3454 3444 0
3344 3354 3454 3444 3345 3355 3455 3445 0
3345 3355 3455 3445 3346 3356 3456 3446 0
3346 3356 3456 3446 3347 3357 3457 3447 0
3347 3357 3457 3447 3348 3358 3458 3448 0
3348 3358 3458 3448 882 883 893 892 0
533 534 524 523 3349 3359 3459 3449 0
3349 3359 3459 3449 3350 3360 3460 3450 0
3350 3360 3460 3450 3351 3361 3461 3451 0
3351 3361 3461 3451 3352 3362 3462 3452 0
3352 3362 3462 3452 3353 3363 3463 3453 0
3353 3363 3463 3453 3354 3364 3464 3454 0
3354 3364 3464 3454 3355 3365 3465 3455 0
3355 3365 3465 3455 3356 3366 3466 3456 0
3356 3366 3466 3456 3357 3367 3467 3457 0
3357 3367 3467 3457 3358 3368 3468 3458 0
3358 3368 3468 3458 883 884 894 893 0
534 535 525 524 3359 3369 3469 3459 0
3359 3369 3469 3459 3360 3370 3470 3460 0
3360 3370 3470 3460 3361 3371 3471 3461 0
3361 3371 3471 3461 3362 3372 3472 3462 0
3362 3372 3472 3462 3363 3373 3473 3463 0
3363 3373 3473 3463 3364 3374 3474 3464 0
3364 3374 3474 3464 3365 3375 3475 3465 0
3365 3375 3475 3465 3366 3376 3476 3466 0
3366 3376 3476 3466 3367 3377 3477 3467 0
3367 3377 3477 3467 3368 3378 3478 3468 0
3368 3378 3478 3468 884 885 895 894 0
535 536 526 525 3369 3379 3479 3469 0
3369 3379 3479 3469 3370 3380 3480 3470 0
3370 3380 3480 3470 3371 3381 3481 3471 0
3371 3381 3481 3471 3372 3382 3482 3472 0
3372 3382 3482 3472 3373 3383 3483 3473 0
3373 3383 3483 3473 3374 3384 3484 3474 0
3374 3384 3484 3474 3375 3385 3485 3475 0
3375 3385 3485 3475 3376 3386 3486 3476 0
3376 3386 3486 3476 3377 3387 3487 3477 0
3377 3387 3487 3477 3378 3388 3488 3478 0
3378 3388 3488 3478 885 886 896 895 0
536 537 527 526 3379 3389 3489 3479 0
3379 3389 3489 3479 3380 3390 3490 3480 0
3380 3390 3490 3480 3381 3391 3491 3481 0
3381 3391 3491 3481 3382 3392 3492 3482 0
3382 3392 3492 3482 3383 3393 3493 3483 0
3383 3393 3493 3483 3384 3394 3494 3484 0
3384 3394 3494 3484 3385 3395 3495 3485 0
3385 3395 3495 3485 3386 3396 3496 3486 0
3386 3396 3496 3486 3387 3397 3497 3487 0
3387 3397 3497 3487 3388 3398 3498 3488 0
3388 3398 3498 3488 886 887 897 896 0
537 538 528 527 3389 3399 3499 3489 0
3389 3399 3499 3489 3390 3400 3500 3490 0
3390 3400 3500 3490 3391 3401 3501 3491 0
3391 3401 3501 3491 3392 3402 3502 3492 0
3392 3402 3502 3492 3393 3403 3503 3493 0
3393 3403 3503 3493 3394 3404 3504 3494 0
3394 3404 3504 3494 3395 3405 3505 3495 0
3395 3405 3505 3495 3396 3406 3506 3496 0
3396 3406 3506 3496 3397 3407 3507 3497 0
3397 3407 3507 3497 3398 3408 3508 3498 0
3398 3408 3508 3498 887 888 898 897 0
538 331 330 528 3399 1591 1590 3499 0
3399 1591 1590 3499 3400 1561 1560 3500 0
3400 1561 1560 3500 3401 1531 1530 3501 0
3401 1531 1530 3501 3402 1501 1500 3502 0
3402 1501 1500 3502 3403 1471 1470 3503 0
3403 1471 1470 3503 3404 1441 1440 3504 0
3404 1441 1440 3504 3405 1411 1410 3505 0
3405 1411 1410 3505 3406 1381 1380 3506 0
3406 1381 1380 3506 3407 1351 1350 3507 0
3407 1351 1350 3507 3408 1321 1320 3508 0
3408 1321 1320 3508 888 391 390 898 0
300 519 509 299 1020 3409 3509 1019 0
1020 3409 3509 1019 1050 3410 3510 1049 0
1050 3410 3510 1049 1080 3411 3511 1079 0
1080 3411 3511 1079 1110 3412 3512 1109 0
1110 3412 3512 1109 1140 3413 3513 1139 0
1140 3413 3513 1139 1170 3414 3514 1169 0
1170 3414 3514 1169 1200 3415 3515 1199 0
1200 3415 3515 1199 1230 3416 3516 1229 0
1230 3416 3516 1229 1260 3417 3517 1259 0
1260 3417 3517 1259 1290 3418 3518 1289 0
1290 3418 3518 1289 360 889 899 359 0
519 520 510 509 3409 3419 3519 3509 0
3409 3419 3519 3509 3410 3420 3520 3510 0
3410 3420 3520 3510 3411 3421 3521 3511 0
3411 3421 3521 3511 3412 3422 3522 3512 0
3412 3422 3522 3512 3413 3423 3523 3513 0
3413 3423 3523 3513 3414 3424 3524 3514 0
3414 3424 3524 3514 3415 3425 3525 3515 0
3415 3425 3525 3515 3416 3426 3526 3516 0
3416 3426 3526 3516 3417 3427 3527 3517 0
3417 3427 3527 3517 3418 3428 3528 3518 0
3418 3428 3528 3518 889 890 900 899 0
520 521 511 510 3419 3429 3529 3519 0
3419 3429 3529 3519 3420 3430 3530 3520 0
3420 3430 3530 3520 3421 3431 3531 3521 0
3421 3431 3531 3521 3422 3432 3532 3522 0
3422 3432 3532 3522 3423 3433 3533 3523 0
3423 3433 3533 3523 3424 3434 3534 3524 0
3424 3434 3534 3524 3425 3435 3535 3525 0
3425 3435 3535 3525 3426 3436 3536 3526 0
3426 3436 3536 3526 3427 3437 3537 3527 0
3427 3437 3537 3527 3428 3438 3538 3528 0
3428 3438 3538 3528 890 891 901 900 0
521 522 512 511 3429 3439 3539 3529 0
3429 3439 3539 3529 3430 3440 3540 3530 0
3430 3440 3540 3530 3431 3441 3541 3531 0
3431 3441 3541 3531 3432 3442 3542 3532 0
3432 3442 3542 3532 3433 3443 3543 3533 0
3433 3443 3543 3533 3434 3444 3544 3534 0
3434 3444 3544 3534 3435 3445 3545 3535 0
3435 3445 3545 3535 3436 3446 3546 3536 0
3436 3446 3546 3536 3437 3447 3547 3537 0
3437 3447 3547 3537 3438 3448 3548 3538 0
3438 3448 3548 3538 891 892 902 901 0
522 523 513 512 3439 3449 3549 3539 0
3439 3449 3549 3539 3440 3450 3550 3540 0
3440 3450 3550 3540 3441 3451 3551 3541 0
3441 3451 3551 3541 3442 3452 3552 3542 0
3442 3452 3552 3542 3443 3453 3553 3543 0
3443 3453 3553 3543 3444 3454 3554 3544 0
3444 3454 3554 3544 3445 3455 3555 3545 0
3445 3455 3555 3545 3446 3456 3556 3546 0
3446 3456 3556 3546 3447 3457 3557 3547 0
3447 3457 3557 3547 3448 3458 3558 3548 0
3448 3458 3558 3548 892 893 903 902 0
523 524 514 513 3449 3459 3559 3549 0
3449 3459 3559 3549 3450 3460 3560 3550 0
3450 3460 3560 3550 3451 3461 3561 3551 0
3451 3461 3561 3551 3452 3462 3562 3552 0
3452 3462 3562 3552 3453 3463 3563 3553 0
3453 3463 3563 3553 3454 3464 3564 3554 0
3454 3464 3564 3554 3455 3465 3565 3555 0
3455 3465 3565 3555 3456 3466 3566 3556 0
3456 3466 3566 3556 3457 3467 3567 3557 0
3457 3467 3567 3557 3458 3468 3568 3558 0
3458 3468 3568 3558 893 894 904 903 0
524 525 515 514 3459 3469 3569 3559 0
3459 3469 3569 3559 3460 3470 3570 3560 0
3460 3470 3570 3560 3461 3471 3571 3561 0
3461 3471 3571 3561 3462 3472 3572 3562 0
3462 3472 3572 3562 3463 3473 3573 3563 0
3463 3473 3573 3563 3464 3474 3574 3564 0
3464 3474 3574 3564 3465 3475 3575 3565 0
3465 3475 3575 3565 3466 3476 3576 3566 0
3466 3476 3576 3566 3467 3477 3577 3567 0
3467 3477 3577 3567 3468 3478 3578 3568 0
3468 3478 3578 3568 894 895 905 904 0
525 526 516 515 3469 3479 3579 3569 0
3469 3479 3579 3569 3470 3480 3580 3570 0
3470 3480 3580 3570 3471 3481 3581 3571 0
3471 3481 3581 3571 3472 3482 3582 3572 0
3472 3482 3582 3572 3473 3483 3583 3573 0
3473 3483 3583 3573 3474 3484 3584 3574 0
3474 3484 3584 3574 3475 3485 3585 3575 0
3475 3485 3585 3575 3476 3486 3586 3576 0
3476 3486 3586 3576 3477 3487 3587 3577 0
3477 3487 3587 3577 3478 3488 3588 3578 0
3478 3488 3588 3578 895 896 906 905 0
526 527 517 516 3479 3489 3589 3579 0
3479 3489 3589 3579 3480 3490 3590 3580 0
3480 3490 3590 3580 3481 3491 3591 3581 0
3481 3491 3591 3581 3482 3492 3592 3582 0
3482 3492 3592 3582 3483 3493 3593 3583 0
3483 3493 3593 3583 3484 3494 3594 3584 0
3484 3494 3594 3584 3485 3495 3595 3585 0
3485 3495 3595 3585 3486 3496 3596 3586 0
3486 3496 3596 3586 3487 3497 3597 3587 0
3487 3497 3597 3587 3488 3498 3598 3588 0
3488 3498 3598 3588 896 897 907 906 0
527 528 518 517 3489 3499 3599 3589 0
3489 3499 3599 3589 3490 3500 3600 3590 0
3490 3500 3600 3590 3491 3501 3601 3591 0
3491 3501 3601 3591 3492 3502 3602 3592 0
3492 3502 3602 3592 3493 3503 3603 3593 0
3493 3503 3603 3593 3494 3504 3604 3594 0
3494 3504 3604 3594 3495 3505 3605 3595 0
3495 3505 3605 3595 3496 3506 3606 3596 0
3496 3506 3606 3596 3497 3507 3607 3597 0
3497 3507 3607 3597 3498 3508 3608 3598 0
3498 3508 3608 3598 897 898 908 907 0
528 330 329 518 3499 1590 1589 3599 0
3499 1590 1589 3599 3500 1560 1559 3600 0
3500 1560 1559 3600 3501 1530 1529 3601 0
3501 1530 1529 3601 3502 1500 1499 3602 0
3502 1500 1499 3602 3503 1470 1469 3603 0
3503 1470 1469 3603 3504 1440 1439 3604 0
3504 1440 1439 3604 3505 1410 1409 3605 0
3505 1410 1409 3605 3506 1380 1379 3606 0
3506 1380 1379 3606 3507 1350 1349 3607 0
3507 1350 1349 3607 3508 1320 1319 3608 0
3508 1320 1319 3608 898 390 389 908 0
299 509 499 298 1019 3509 3609 1018 0
1019 3509 3609 1018 1049 3510 3610 1048 0
1049 3510 3610 1048 1079 3511 3611 1078 0
1079 3511 3611 1078 1109 3512 3612 1108 0
1109 3512 3612 1108 1139 3513 3613 1138 0
1139 3513 3613 1138 1169 3514 3614 1168 0
1169 3514 3614 1168 1199 3515 3615 1198 0
1199 3515 3615 1198 1229 3516 3616 1228 0
1229 3516 3616 1228 1259 3517 3617 1258 0
1259 3517 3617 1258 1289 3518 3618 1288 0
1289 3518 3618 1288 359 899 909 358 0
509 510 500 499 3509 3519 3619 3609 0
3509 3519 3619 3609 3510 3520 3620 3610 0
3510 3520 3620 3610 3511 3521 3621 3611 0
3511 3521 3621 3611 3512 3522 3622 3612 0
3512 3522 3622 3612 3513 3523 3623 3613 0
3513 3523 3623 3613 3514 3524 3624 3614 0
3514 3524 3624 3614 3515 3525 3625 3615 0
3515 3525 3625 3615 3516 3526 3626 3616 0
3516 3526 3626 3616 3517 3527 3627 3617 0
3517 3527 3627 3617 3518 3528 3628 3618 0
3518 3528 3628 3618 899 900 910 909 0
510 511 501 500 3519 3529 3629 3619 0
3519 3529 3629 3619 3520 3530 3630 3620 0
3520 3530 3630 3620 3521 3531 3631 3621 0
3521 3531 3631 3621 3522 3532 3632 3622 0
3522 3532 3632 3622 3523 3533 3633 3623 0
3523 3533 3633 3623 3524 3534 3634 3624 0
3524 3534 3634 3624 3525 3535 3635 3625 0
3525 3535 3635 3625 3526 3536 3636 3626 0
3526 3536 3636 3626 3527 3537 3637 3627 0
3527 3537 3637 3627 3528 3538 3638 3628 0
3528 3538 3638 3628 900 901 911 910 0
511 512 502 501 3529 3539 3639 3629 0
3529 3539 3639 3629 3530 3540 3640 3630 0
3530 3540 3640 3630 3531 3541 3641 3631 0
3531 3541 3641 3631 3532 3542 3642 3632 0
3532 3542 3642 3632 3533 3543 3643 3633 0
3533 3543 3643 3633 3534 3544 3644 3634 0
3534 3544 3644 3634 3535 3545 3645 3635 0
3535 3545 3645 3635 3536 3546 3646 3636 0
3536 3546 3646 3636 3537 3547 3647 3637 0
3537 3547 3647 3637 3538 3548 3648 3638 0
3538 3548 3648 3638 901 902 912 911 0
512 513 503 502 3539 3549 3649 3639 0
3539 3549 3649 3639 3540 3550 3650 3640 0
3540 3550 3650 3640 3541 3551 3651 3641 0
3541 3551 3651 3641 3542 3552 3652 3642 0
3542 3552 3652 3642 3543 3553 3653 3643 0
3543 3553 3653 3643 3544 3554 3654 3644 0
3544 3554 3654 3644 3545 3555 3655 3645 0
3545 3555 3655 3645 3546 3556 3656 3646 0
3546 3556 3656 3646 3547 3557 3657 3647 0
3547 3557 3657 3647 3548 3558 3658 3648 0
3548 3558 3658 3648 902 903 913 912 0
513 514 504 503 3549 3559 3659 3649 0
3549 3559 3659 3649 3550 3560 3660 3650 0
3550 3560 3660 3650 3551 3561 3661 3651 0
3551 3561 3661 3651 3552 3562 3662 3652 0
3552 3562 3662 3652 3553 3563 3663 3653 0
3553 3563 3663 3653 3554 3564 3664 3654 0
3554 3564 3664 3654 3555 3565 3665 3655 0
3555 3565 3665 3655 3556 3566 3666 3656 0
3556 3566 3666 3656 3557 3567 3667 3657 0
3557 3567 3667 3657 3558 3568 3668 3658 0
3558 3568 3668 3658 903 904 914 913 0
514 515 505 504 3559 3569 3669 3659 0
3559 3569 3669 3659 3560 3570 3670 3660 0
3560 3570 3670 3660 3561 3571 3671 3661 0
3561 3571 3671 3661 3562 3572 3672 3662 0
3562 3572 3672 3662 3563 3573 3673 3663 0
3563 3573 3673 3663 3564 3574 3674 3664 0
3564 3574 3674 3664 3565 3575 3675 3665 0
3565 3575 3675 3665 3566 3576 3676 3666 0
3566 3576 3676 3666 3567 3577 3677 3667 0
3567 3577 3677 3667 3568 3578 3678 3668 0
3568 3578 3678 3668 904 905 915 914 0
515 516 506 505 3569 3579 3679 3669 0
3569 3579 3679 3669 3570 3580 3680 3670 0
3570 3580 3680 3670 3571 3581 3681 3671 0
3571 3581 3681 3671 3572 3582 3682 3672 0
3572 3582 3682 3672 3573 3583 3683 3673 0
3573 3583 3683 3673 3574 3584 3684 3674 0
3574 3584 3684 3674 3575 3585 3685 3675 0
3575 3585 3685 3675 3576 3586 3686 3676 0
3576 3586 3686 3676 3577 3587 3687 3677 0
3577 3587 3687 3677 3578 3588 3688 3678 0
3578 3588 3688 3678 905 906 916 915 0
516 517 507 506 3579 3589 3689 3679 0
3579 3589 3689 3679 3580 3590 3690 3680 0
3580 3590 3690 3680 3581 3591 3691 3681 0
3581 3591 3691 3681 3582 3592 3692 3682 0
3582 3592 3692 3682 3583 3593 3693 3683 0
3583 3593 3693 3683 3584 3594 3694 3684 0
3584 3594 3694 3684 3585 3595 3695 3685 0
3585 3595 3695 3685 3586 3596 3696 3686 0
3586 3596 3696 3686 3587 3597 3697 3687 0
3587 3597 3697 3687 3588 3598 3698 3688 0
3588 3598 3698 3688 906 907 917 916 0
517 518 508 507 3589 3599 3699 3689 0
3589 3599 3699 3689 3590 3600 3700 3690 0
3590 3600 3700 3690 3591 3601 3701 3691 0
3591 3601 3701 3691 3592 3602 3702 3692 0
3592 3602 3702 3692 3593 3603 3703 3693 0
3593 3603 3703 3693 3594 3604 3704 3694 0
3594 3604 3704 3694 3595 3605 3705 3695 0
3595 3605 3705 3695 3596 3606 3706 3696 0
3596 3606 3706 3696 3597 3607 3707 3697 0
3597 3607 3707 3697 3598 3608 3708 3698 0
3598 3608 3708 3698 907 908 918 917 0
518 329 328 508 3599 1589 1588 3699 0
3599 1589 1588 3699 3600 1559 1558 3700 0
3600 1559 1558 3700 3601 1529 1528 3701 0
3601 1529 1528 3701 3602 1499 1498 3702 0
3602 1499 1498 3702 3603 1469 1468 3703 0
3603 1469 1468 3703 3604 1439 1438 3704 0
3604 1439 1438 3704 3605 1409 1408 3705 0
3605 1409 1408 3705 3606 1379 1378 3706 0
3606 1379 1378 3706 3607 1349 1348 3707 0
3607 1349 1348 3707 3608 1319 1318 3708 0
3608 1319 1318 3708 908 389 388 918 0
298 499 489 297 1018 3609 3709 1017 0
1018 3609 3709 1017 1048 3610 3710 1047 0
1048 3610 3710 1047 1078 3611 3711 1077 0
1078 3611 3711 1077 1108 3612 3712 1107 0
1108 3612 3712 1107 1138 3613 3713 1137 0
1138 3613 3713 1137 1168 3614 3714 1167 0
1168 3614 3714 1167 1198 3615 3715 1197 0
1198 3615 3715 1197 1228 3616 3716 1227 0
1228 3616 3716 1227 1258 3617 3717 1257 0
1258 3617 3717 1257 1288 3618 3718 1287 0
1288 3618 3718 1287 358 909 919 357 0
499 500 490 489 3609 3619 3719 3709 0
3609 3619 3719 3709 3610 3620 3720 3710 0
3610 3620 3720 3710 3611 3621 3721 3711 0
3611 3621 3721 3711 3612 3622 3722 3712 0
3612 3622 3722 3712 3613 3623 3723 3713 0
3613 3623 3723 3713 3614 3624 3724 3714 0
3614 3624 3724 3714 3615 3625 3725 3715 0
3615 3625 3725 3715 3616 3626 3726 3716 0
3616 3626 3726 3716 3617 3627 3727 3717 0
3617 3627 3727 3717 3618 3628 3728 3718 0
3618 3628 3728 3718 909 910 920 919 0
500 501 491 490 3619 3629 3729 3719 0
3619 3629 3729 3719 3620 3630 3730 3720 0
3620 3630 3730 3720 3621 3631 3731 3721 0
3621 3631 3731 3721 3622 3632 3732 3722 0
3622 3632 3732 3722 3623 3633 3733 3723 0
3623 3633 3733 3723 3624 3634 3734 3724 0
3624 3634 3734 3724 3625 3635 3735 3725 0
3625 3635 3735 3725 3626 3636 3736 3726 0
3626 3636 3736 3726 3627 3637 3737 3727 0
3627 3637 3737 3727 3628 3638 3738 3728 0
3628 3638 3738 3728 910 911 921 920 0
501 502 492 491 3629 3639 3739 3729 0
3629 3639 3739 3729 3630 3640 3740 3730 0
3630 3640 3740 3730 3631 3641 3741 3731 0
3631 3641 3741 3731 3632 3642 3742 3732 0
3632 3642 3742 3732 3633 3643 3743 3733 0
3633 3643 3743 3733 3634 3644 3744 3734 0
3634 3644 3744 3734 3635 3645 3745 3735 0
3635 3645 3745 3735 3636 3646 3746 3736 0
3636 3646 3746 3736 3637 3647 3747 3737 0
3637 3647 3747 3737 3638 3648 3748 3738 0
3638 3648 3748 3738 911 912 922 921 0
502 503 493 492 3639 3649 3749 3739 0
3639 3649 3749 3739 3640 3650 3750 3740 0
3640 3650 3750 3740 3641 3651 3751 3741 0
3641 3651 3751 3741 3642 3652 3752 3742 0
3642 3652 3752 3742 3643 3653 3753 3743 0
3643 3653 3753 3743 3644 3654 3754 3744 0
3644 3654 3754 3744 3645 3655 3755 3745 0
3645 3655 3755 3745 3646 3656 3756 3746 0
3646 3656 3756 3746 3647 3657 3757 3747 0
3647 3657 3757 3747 3648 3658 3758 3748 0
3648 3658 3758 3748 912 913 923 922 0
503 504 494 493 3649 3659 3759 3749 0
3649 3659 3759 3749 3650 3660 3760 3750 0
3650 3660 3760 3750 3651 3661 3761 3751 0
3651 3661 3761 3751 3652 3662 3762 3752 0
3652 3662 3762 3752 3653 3663 3763 3753 0
3653 3663 3763 3753 3654 3664 3764 3754 0
3654 3664 3764 3754 3655 3665 3765 3755 0
3655 3665 3765 3755 3656 3666 3766 3756 0
3656 3666 3766 3756 3657 3667 3767 3757 0
3657 3667 3767 3757 3658 3668 3768 3758 0
3658 3668 3768 3758 913 914 924 923 0
504 505 495 494 3659 3669 3769 3759 0
3659 3669 3769 3759 3660 3670 3770 3760 0
3660 3670 3770 3760 3661 3671 3771 3761 0
3661 3671 3771 3761 3662 3672 3772 3762 0
3662 3672 3772 3762 3663 3673 3773 3763 0
3663 3673 3773 3763 3664 3674 3774 3764 0
3664 3674 3774 3764 3665 3675 3775 3765 0
3665 3675 3775 3765 3666 3676 3776 3766 0
3666 3676 3776 3766 3667 3677 3777 3767 0
3667 3677 3777 3767 3668 3678 3778 3768 0
3668 3678 3778 3768 914 915 925 924 0
505 506 496 495 3669 3679 3779 3769 0
3669 3679 3779 3769 3670 3680 3780 3770 0
3670 3680 3780 3770 3671 3681 3781 3771 0
3671 3681 3781 3771 3672 3682 3782 3772 0
3672 3682 3782 3772 3673 3683 3783 3773 0
3673 3683 3783 3773 3674 3684 3784 3774 0
3674 3684 3784 3774 3675 3685 3785 3775 0
3675 3685 3785 3775 3676 3686 3786 3776 0
3676 3686 3786 3776 3677 3687 3787 3777 0
3677 3687 3787 3777 3678 3688 3788 3778 0
3678 3688 3788 3778 915 916 926 925 0
506 507 497 496 3679 3689 3789 3779 0
3679 3689 3789 3779 3680 3690 3790 3780 0
3680 3690 3790 3780 3681 3691 3791 3781 0
3681 3691 3791 3781 3682 3692 3792 3782 0
3682 3692 3792 3782 3683 3693 3793 3783 0
3683 3693 3793 3783 3684 3694 3794 3784 0
3684 3694 3794 3784 3685 3695 3795 3785 0
3685 3695 3795 3785 3686 3696 3796 3786 0
3686 3696 3796 3786 3687 3697 3797 3787 0
3687 3697 3797 3787 3688 3698 3798 3788 0
3688 3698 3798 3788 916 917 927 926 0
507 508 498 497 3689 3699 3799 3789 0
3689 3699 3799 3789 3690 3700 3800 3790 0
3690 3700 3800 3790 3691 3701 3801 3791 0
3691 3701 3801 3791 3692 3702 3802 3792 0
3692 3702 3802 3792 3693 3703 3803 3793 0
3693 3703 3803 3793 3694 3704 3804 3794 0
3694 3704 3804 3794 3695 3705 3805 3795 0
3695 3705 3805 3795 3696 3706 3806 3796 0
3696 3706 3806 3796 3697 3707 3807 3797 0
3697 3707 3807 3797 3698 3708 3808 3798 0
3698 3708 3808 3798 917 918 928 927 0
508 328 327 498 3699 1588 1587 3799 0
3699 1588 1587 3799 3700 1558 1557 3800 0
3700 1558 1557 3800 3701 1528 1527 3801 0
3701 1528 1527 3801 3702 1498 1497 3802 0
3702 1498 1497 3802 3703 1468 1467 3803 0
3703 1468 1467 3803 3704 1438 1437 3804 0
3704 1438 1437 3804 3705 1408 1407 3805 0
3705 1408 1407 3805 3706 1378 1377 3806 0
3706 1378 1377 3806 3707 1348 1347 3807 0
3707 1348 1347 3807 3708 1318 1317 3808 0
3708 1318 1317 3808 918 388 387 928 0
297 489 479 296 1017 3709 3809 1016 0
1017 3709 3809 1016 1047 3710 3810 1046 0
1047 3710 3810 1046 1077 3711 3811 1076 0
1077 3711 3811 1076 1107 3712 3812 1106 0
1107 3712 3812 1106 1137 3713 3813 1136 0
1137 3713 3813 1136 1167 3714 3814 1166 0
1167 3714 3814 1166 1197 3715 3815 1196 0
1197 3715 3815 1196 1227 3716 3816 1226 0
1227 3716 3816 1226 1257 3717 3817 1256 0
1257 3717 3817 1256 1287 3718 3818 1286 0
1287 3718 3818 1286 357 919 929 356 0
489 490 480 479 3709 3719 3819 3809 0
3709 3719 3819 3809 3710 3720 3820 3810 0
3710 3720 3820 3810 3711 3721 3821 3811 0
3711 3721 3821 3811 3712 3722 3822 3812 0
3712 3722 3822 3812 3713 3723 3823 3813 0
3713 3723 3823 3813 3714 3724 3824 3814 0
3714 3724 3824 3814 3715 3725 3825 3815 0
3715 3725 3825 3815 3716 3726 3826 3816 0
3716 3726 3826 3816 3717 3727 3827 3817 0
3717 3727 3827 3817 3718 3728 3828 3818 0
3718 3728 3828 3818 919 920 930 929 0
490 491 481 480 3719 3729 3829 3819 0
3719 3729 3829 3819 3720 3730 3830 3820 0
3720 3730 3830 3820 3721 3731 3831 3821 0
3721 3731 3831 3821 3722 3732 3832 3822 0
3722 3732 3832 3822 3723 3733 3833 3823 0
3723 3733 3833 3823 3724 3734 3834 3824 0
3724 3734 3834 3824 3725 3735 3835 3825 0
3725 3735 3835 3825 3726 3736 3836 3826 0
3726 3736 3836 3826 3727 3737 3837 3827 0
3727 3737 3837 3827 3728 3738 3838 3828 0
3728 3738 3838 3828 920 921 931 930 0
491 492 482 481 3729 3739 3839 3829 0
3729 3739 3839 3829 3730 3740 3840 3830 0
3730 3740 3840 3830 3731 3741 3841 3831 0
3731 3741 3841 3831 3732 3742 3842 3832 0
3732 3742 3842 3832 3733 3743 3843 3833 0
3733 3743 3843 3833 3734 3744 3844 3834 0
3734 3744 3844 3834 3735 3745 3845 3835 0
3735 3745 3845 3835 3736 3746 3846 3836 0
3736 3746 3846 3836 3737 3747 3847 3837 0
3737 3747 3847 3837 3738 3748 3848 3838 0
3738 3748 3848 3838 921 922 932 931 0
492 493 483 482 3739 3749 3849 3839 0
3739 3749 3849 3839 3740 3750 3850 3840 0
3740 3750 3850 3840 3741 3751 3851 3841 0
3741 3751 3851 3841 3742 3752 3852 3842 0
3742 3752 3852 3842 3743 3753 3853 3843 0
3743 3753 3853 3843 3744 3754 3854 3844 0
3744 3754 3854 3844 3745 3755 3855 3845 0
3745 3755 3855 3845 3746 3756 3856 3846 0
3746 3756 3856 3846 3747 3757 3857 3847 0
3747 3757 3857 3847 3748 3758 3858 3848 0
3748 3758 3858 3848 922 923 933 932 0
493 494 484 483 3749 3759 3859 3849 0
3749 3759 3859 3849 3750 3760 3860 3850 0
3750 3760 3860 3850 3751 3761 3861 3851 0
3751 3761 3861 3851 3752 3762 3862 3852 0
3752 3762 3862 3852 3753 3763 3863 3853 0
3753 3763 3863 3853 3754 3764 3864 3854 0
3754 3764 3864 3854 3755 3765 3865 3855 0
3755 3765 3865 3855 3756 3766 3866 3856 0
3756 3766 3866 3856 3757 3767 3867 3857 0
3757 3767 3867 3857 3758 3768 3868 3858 0
3758 3768 3868 3858 923 924 934 933 0
494 495 485 484 3759 3769 3869 3859 0
3759 3769 3869 3859 3760 3770 3870 3860 0
3760 3770 3870 3860 3761 3771 3871 3861 0
3761 3771 3871 3861 3762 3772 3872 3862 0
3762 3772 3872 3862 3763 3773 3873 3863 0
3763 3773 3873 3863 3764 3774 3874 3864 0
3764 3774 3874 3864 3765 3775 3875 3865 0
3765 3775 3875 3865 3766 3776 3876 3866 0
3766 3776 3876 3866 3767 3777 3877 3867 0
3767 3777 3877 3867 3768 3778 3878 3868 0
3768 3778 3878 3868 924 925 935 934 0
495 496 486 485 3769 3779 3879 3869 0
3769 3779 3879 3869 3770 3780 3880 3870 0
3770 3780 3880 3870 3771 3781 3881 3871 0
3771 3781 3881 3871 3772 3782 3882 3872 0
3772 3782 3882 3872 3773 3783 3883 3873 0
3773 3783 3883 3873 3774 3784 3884 3874 0
3774 3784 3884 3874 3775 3785 3885 3875 0
3775 3785 3885 3875 3776 3786 3886 3876 0
3776 3786 3886 3876 3777 3787 3887 3877 0
3777 3787 3887 3877 3778 3788 3888 3878 0
3778 3788 3888 3878 925 926 936 935 0
496 497 487 486 3779 3789 3889 3879 0
3779 3789 3889 3879 3780 3790 3890 3880 0
3780 3790 3890 3880 3781 3791 3891 3881 0
3781 3791 3891 3881 3782 3792 3892 3882 0
3782 3792 3892 3882 3783 3793 3893 3883 0
3783 3793 3893 3883 3784 3794 3894 3884 0
3784 3794 3894 3884 3785 3795 3895 3885 0
3785 3795 3895 3885 3786 3796 3896 3886 0
3786 3796 3896 3886 3787 3797 3897 3887 0
3787 3797 3897 3887 3788 3798 3898 3888 0
3788 3798 3898 3888 926 927 937 936 0
497 498 488 487 3789 3799 3899 3889 0
3789 3799 3899 3889 3790 3800 3900 3890 0
3790 3800 3900 3890 3791 3801 3901 3891 0
3791 3801 3901 3891 3792 3802 3902 3892 0
3792 3802 3902 3892 3793 3803 3903 3893 0
3793 3803 3903 3893 3794 3804 3904 3894 0
3794 3804 3904 3894 3795 3805 3905 3895 0
3795 3805 3905 3895 3796 3806 3906 3896 0
3796 3806 3906 3896 3797 3807 3907 3897 0
3797 3807 3907 3897 3798 3808 3908 3898 0
3798 3808 3908 3898 927 928 938 937 0
498 327 326 488 3799 1587 1586 3899 0
3799 1587 1586 3899 3800 1557 1556 3900 0
3800 1557 1556 3900 3801 1527 1526 3901 0
3801 1527 1526 3901 3802 1497 1496 3902 0
3802 1497 1496 3902 3803 1467 1466 3903 0
3803 1467 1466 3903 3804 1437 1436 3904 0
3804 1437 1436 3904 3805 1407 1406 3905 0
3805 1407 1406 3905 3806 1377 1376 3906 0
3806 1377 1376 3906 3807 1347 1346 3907 0
3807 1347 1346 3907 3808 1317 1316 3908 0
3808 1317 1316 3908 928 387 386 938 0
296 479 469 295 1016 3809 3909 1015 0
1016 3809 3909 1015 1046 3810 3910 1045 0
1046 3810 3910 1045 1076 3811 3911 1075 0
1076 3811 3911 1075 1106 3812 3912 1105 0
1106 3812 3912 1105 1136 3813 3913 1135 0
1136 3813 3913 1135 1166 3814 3914 1165 0
1166 3814 3914 1165 1196 3815 3915 1195 0
1196 3815 3915 1195 1226 3816 3916 1225 0
1226 3816 3916 1225 1256 3817 3917 1255 0
1256 3817 3917 1255 1286 3818 3918 1285 0
1286 3818 3918 1285 356 929 939 355 0
479 480 470 469 3809 3819 3919 3909 0
3809 3819 3919 3909 3810 3820 3920 3910 0
3810 3820 3920 3910 3811 3821 3921 3911 0
3811 3821 3921 3911 3812 3822 3922 3912 0
3812 3822 3922 3912 3813 3823 3923 3913 0
3813 3823 3923 3913 3814 3824 3924 3914 0
3814 3824 3924 3914 3815 3825 3925 3915 0
3815 3825 3925 3915 3816 3826 3926 3916 0
3816 3826 3926 3916 3817 3827 3927 3917 0
3817 3827 3927 3917 3818 3828 3928 3918 0
3818 3828 3928 3918 929 930 940 939 0
480 481 471 470 3819 3829 3929 3919 0
3819 3829 3929 3919 3820 3830 3930 3920 0
3820 3830 3930 3920 3821 3831 3931 3921 0
3821 3831 3931 3921 3822 3832 3932 3922 0
3822 3832 3932 3922 3823 3833 3933 3923 0
3823 3833 3933 3923 3824 3834 3934 3924 0
3824 3834 3934 3924 3825 3835 3935 3925 0
3825 3835 3935 3925 3826 3836 3936 3926 0
3826 3836 3936 3926 3827 3837 3937 3927 0
3827 3837 3937 3927 3828 3838 3938 3928 0
3828 3838 3938 3928 930 931 941 940 0
481 482 472 471 3829 3839 3939 3929 0
3829 3839 3939 3929 3830 3840 3940 3930 0
3830 3840 3940 3930 3831 3841 3941 3931 0
3831 3841 3941 3931 3832 3842 3942 3932 0
3832 3842 3942 3932 3833 3843 3943 3933 0
3833 3843 3943 3933 3834 3844 3944 3934 0
3834 3844 3944 3934 3835 3845 3945 3935 0
3835 3845 3945 3935 3836 3846 3946 3936 0
3836 3846 3946 3936 3837 3847 3947 3937 0
3837 3847 3947 3937 3838 3848 3948 3938 0
3838 3848 3948 3938 931 932 942 941 0
482 483 473 472 3839 3849 3949 3939 0
3839 3849 3949 3939 3840 3850 3950 3940 0
3840 3850 3950 3940 3841 3851 3951 3941 0
3841 3851 3951 3941 3842 3852 3952 3942 0
3842 3852 3952 3942 3843 3853 3953 3943 0
3843 3853 3953 3943 3844 3854 3954 3944 0
3844 3854 3954 3944 3845 3855 3955 3945 0
3845 3855 3955 3945 3846 3856 3956 3946 0
3846 3856 3956 3946 3847 3857 3957 3947 0
3847 3857 3957 3947 3848 3858 3958 3948 0
3848 3858 3958 3948 932 933 943 942 0
483 484 474 473 3849 3859 3959 3949 0
3849 3859 3959 3949 3850 3860 3960 3950 0
3850 3860 3960 3950 3851 3861 3961 3951 0
3851 3861 3961 3951 3852 3862 3962 3952 0
3852 3862 3962 3952 3853 3863 3963 3953 0
3853 3863 3963 3953 3854 3864 3964 3954 0
3854 3864 3964 3954 3855 3865 3965 3955 0
3855 3865 3965 3955 3856 3866 3966 3956 0
3856 3866 3966 3956 3857 3867 3967 3957 0
3857 3867 3967 3957 3858 3868 3968 3958 0
3858 3868 3968 3958 933 934 944 943 0
484 485 475 474 3859 3869 3969 3959 0
3859 3869 3969 3959 3860 3870 3970 3960 0
3860 3870 3970 3960 3861 3871 3971 3961 0
3861 3871 3971 3961 3862 3872 3972 3962 0
3862 3872 3972 3962 3863 3873 3973 3963 0
3863 3873 3973 3963 3864 3874 3974 3964 0
3864 3874 3974 3964 3865 3875 3975 3965 0
3865 3875 3975 3965 3866 3876 3976 3966 0
3866 3876 3976 3966 3867 3877 3977 3967 0
3867 3877 3977 3967 3868 3878 3978 3968 0
3868 3878 3978 3968 934 935 945 944 0
485 486 476 475 3869 3879 3979 3969 0
3869 3879 3979 3969 3870 3880 3980 3970 0
3870 3880 3980 3970 3871 3881 3981 3971 0
3871 3881 3981 3971 3872 3882 3982 3972 0
3872 3882 3982 3972 3873 3883 3983 3973 0
3873 3883 3983 3973 3874 3884 3984 3974 0
3874 3884 3984 3974 3875 3885 3985 3975 0
3875 3885 3985 3975 3876 3886 3986 3976 0
3876 3886 3986 3976 3877 3887 3987 3977 0
3877 3887 3987 3977 3878 3888 3988 3978 0
3878 3888 3988 3978 935 936 946 945 0
486 487 477 476 3879 3889 3989 3979 0
3879 3889 3989 3979 3880 3890 3990 3980 0
3880 3890 3990 3980 3881 3891 3991 3981 0
3881 3891 3991 3981 3882 3892 3992 3982 0
3882 3892 3992 3982 3883 3893 3993 3983 0
3883 3893 3993 3983 3884 3894 3994 3984 0
3884 3894 3994 3984 3885 3895 3995 3985 0
3885 3895 3995 3985 3886 3896 3996 3986 0
3886 3896 3996 3986 3887 3897 3997 3987 0
3887 3897 3997 3987 3888 3898 3998 3988 0
3888 3898 3998 3988 936 937 947 946 0
487 488 478 477 3889 3899 3999 3989 0
3889 3899 3999 3989 3890 3900 4000 3990 0
3890 3900 4000 3990 3891 3901 4001 3991 0
3891 3901 4001 3991 3892 3902 4002 3992 0
3892 3902 4002 3992 3893 3903 4003 3993 0
3893 3903 4003 3993 3894 3904 4004 3994 0
3894 3904 4004 3994 3895 3905 4005 3995 0
3895 3905 4005 3995 3896 3906 4006 3996 0
3896 3906 4006 3996 3897 3907 4007 3997 0
3897 3907 4007 3997 3898 3908 4008 3998 0
3898 3908 4008 3998 937 938 948 947 0
488 326 325 478 3899 1586 1585 3999 0
3899 1586 1585 3999 3900 1556 1555 4000 0
3900 1556 1555 4000 3901 1526 1525 4001 0
3901 1526 1525 4001 3902 1496 1495 4002 0
3902 1496 1495 4002 3903 1466 1465 4003 0
3903 1466 1465 4003 3904 1436 1435 4004 0
3904 1436 1435 4004 3905 1406 1405 4005 0
3905 1406 1405 4005 3906 1376 1375 4006 0
3906 1376 1375 4006 3907 1346 1345 4007 0
3907 1346 1345 4007 3908 1316 1315 4008 0
3908 1316 1315 4008 938 386 385 948 0
295 469 459 294 1015 3909 4009 1014 0
1015 3909 4009 1014 1045 3910 4010 1044 0
1045 3910 4010 1044 1075 3911 4011 1074 0
1075 3911 4011 1074 1105 3912 4012 1104 0
1105 3912 4012 1104 1135 3913 4013 1134 0
1135 3913 4013 1134 1165 3914 4014 1164 0
1165 3914 4014 1164 1195 3915 4015 1194 0
1195 3915 4015 1194 1225 3916 4016 1224 0
1225 3916 4016 1224 1255 3917 4017 1254 0
1255 3917 4017 1254 1285 3918 4018 1284 0
1285 3918 4018 1284 355 939 949 354 0
469 470 460 459 3909 3919 4019 4009 0
3909 3919 4019 4009 3910 3920 4020 4010 0
3910 3920 4020 4010 3911 3921 4021 4011 0
3911 3921 4021 4011 3912 3922 4022 4012 0
3912 3922 4022 4012 3913 3923 4023 4013 0
3913 3923 4023 4013 3914 3924 4024 4014 0
3914 3924 4024 4014 3915 3925 4025 4015 0
3915 3925 4025 4015 3916 3926 4026 4016 0
3916 3926 4026 4016 3917 3927 4027 4017 0
3917 3927 4027 4017 3918 3928 4028 4018 0
3918 3928 4028 4018 939 940 950 949 0
470 471 461 460 3919 3929 4029 4019 0
3919 3929 4029 4019 3920 3930 4030 4020 0
3920 3930 4030 4020 3921 3931 4031 4021 0
3921 3931 4031 4021 3922 3932 4032 4022 0
3922 3932 4032 4022 3923 3933 4033 4023 0
3923 3933 4033 4023 3924 3934 4034 4024 0
3924 3934 4034 4024 3925 3935 4035 4025 0
3925 3935 4035 4025 3926 3936 4036 4026 0
3926 3936 4036 4026 3927 3937 4037 4027 0
3927 3937 4037 4027 3928 3938 4038 4028 0
3928 3938 4038 4028 940 941 951 950 0
471 472 462 461 3929 3939 4039 4029 0
3929 3939 4039 4029 3930 3940 4040 4030 0
3930 3940 4040 4030 3931 3941 4041 4031 0
3931 3941 4041 4031 3932 3942 4042 4032 0
3932 3942 4042 4032 3933 3943 4043 4033 0
3933 3943 4043 4033 3934 3944 4044 4034 0
3934 3944 4044 4034 3935 3945 4045 4035 0
3935 3945 4045 4035 3936 3946 4046 4036 0
3936 3946 4046 4036 3937 3947 4047 4037 0
3937 3947 4047 4037 3938 3948 4048 4038 0
3938 3948 4048 4038 941 942 952 951 0
472 473 463 462 3939 3949 4049 4039 0
3939 3949 4049 4039 3940 3950 4050 4040 0
3940 3950 4050 4040 3941 3951 4051 4041 0
3941 3951 4051 4041 3942 3952 4052 4042 0
3942 3952 4052 4042 3943 3953 4053 4043 0
3943 3953 4053 4043 3944 3954 4054 4044 0
3944 3954 4054 4044 3945 3955 4055 4045 0
3945 3955 4055 4045 3946 3956 4056 4046 0
3946 3956 4056 4046 3947 3957 4057 4047 0
3947 3957 4057 4047 3948 3958 4058 4048 0
3948 3958 4058 4048 942 943 953 952 0
473 474 464 463 3949 3959 4059 4049 0
3949 3959 4059 4049 3950 3960 4060 4050 0
3950 3960 4060 4050 3951 3961 4061 4051 0
3951 3961 4061 4051 3952 3962 4062 4052 0
3952 3962 4062 4052 3953 3963 4063 4053 0
3953 3963 4063 4053 3954 3964 4064 4054 0
3954 3964 4064 4054 3955 3965 4065 4055 0
3955 3965 4065 4055 3956 3966 4066 4056 0
3956 3966 4066 4056 3957 3967 4067 4057 0
3957 3967 4067 4057 3958 3968 4068 4058 0
3958 3968 4068 4058 943 944 954 953 0
474 475 465 464 3959 3969 4069 4059 0
3959 3969 4069 4059 3960 3970 4070 4060 0
3960 3970 4070 4060 3961 3971 4071 4061 0
3961 3971 4071 4061 3962 3972 4072 4062 0
3962 3972 4072 4062 3963 3973 4073 4063 0
3963 3973 4073 4063 3964 3974 4074 4064 0
3964 3974 4074 4064 3965 3975 4075 4065 0
3965 3975 4075 4065 3966 3976 4076 4066 0
3966 3976 4076 4066 3967 3977 4077 4067 0
3967 3977 4077 4067 3968 3978 4078 4068 0
3968 3978 4078 4068 944 945 955 954 0
475 476 466 465 3969 3979 4079 4069 0
3969 3979 4079 4069 3970 3980 4080 4070 0
3970 3980 4080 4070 3971 3981 4081 4071 0
3971 3981 4081 4071 3972 3982 4082 4072 0
3972 3982 4082 4072 3973 3983 4083 4073 0
3973 3983 4083 4073 3974 3984 4084 4074 0
3974 3984 4084 4074 3975 3985 4085 4075 0
3975 3985 4085 4075 3976 3986 4086 4076 0
3976 3986 4086 4076 3977 3987 4087 4077 0
3977 3987 4087 4077 3978 3988 4088 4078 0
3978 3988 4088 4078 945 946 956 955 0
476 477 467 466 3979 3989 4089 4079 0
3979 3989 4089 4079 3980 3990 4090 4080 0
3980 3990 4090 4080 3981 3991 4091 4081 0
3981 3991 4091 4081 3982 3992 4092 4082 0
3982 3992 4092 4082 3983 3993 4093 4083 0
3983 3993 4093 4083 3984 3994 4094 4084 0
3984 3994 4094 4084 3985 3995 4095 4085 0
3985 3995 4095 4085 3986 3996 4096 4086 0
3986 3996 4096 4086 3987 3997 4097 4087 0
3987 3997 4097 4087 3988 3998 4098 4088 0
3988 3998 4098 4088 946 947 957 956 0
477 478 468 467 3989 3999 4099 4089 0
3989 3999 4099 4089 3990 4000 4100 4090 0
3990 4000 4100 4090 3991 4001 4101 4091 0
3991 4001 4101 4091 3992 4002 4102 4092 0
3992 4002 4102 4092 3993 4003 4103 4093 0
3993 4003 4103 4093 3994 4004 4104 4094 0
3994 4004 4104 4094 3995 4005 4105 4095 0
3995 4005 4105 4095 3996 4006 4106 4096 0
3996 4006 4106 4096 3997 4007 4107 4097 0
3997 4007 4107 4097 3998 4008 4108 4098 0
3998 4008 4108 4098 947 948 958 957 0
478 325 324 468 3999 1585 1584 4099 0
3999 1585 1584 4099 4000 1555 1554 4100 0
4000 1555 1554 4100 4001 1525 1524 4101 0
4001 1525 1524 4101 4002 1495 1494 4102 0
4002 1495 1494 4102 4003 1465 1464 4103 0
4003 1465 1464 4103 4004 1435 1434 4104 0
4004 1435 1434 4104 4005 1405 1404 4105 0
4005 1405 1404 4105 4006 1375 1374 4106 0
4006 1375 1374 4106 4007 1345 1344 4107 0
4007 1345 1344 4107 4008 1315 1314 4108 0
4008 1315 1314 4108 948 385 384 958 0
294 459 449 293 1014 4009 4109 1013 0
1014 4009 4109 1013 1044 4010 4110 1043 0
1044 4010 4110 1043 1074 4011 4111 1073 0
1074 4011 4111 1073 1104 4012 4112 1103 0
1104 4012 4112 1103 1134 4013 4113 1133 0
1134 4013 4113 1133 1164 4014 4114 1163 0
1164 4014 4114 1163 1194 4015 4115 1193 0
1194 4015 4115 1193 1224 4016 4116 1223 0
1224 4016 4116 1223 1254 4017 4117 1253 0
1254 4017 4117 1253 1284 4018 4118 1283 0
1284 4018 4118 1283 354 949 959 353 0
459 460 450 449 4009 4019 4119 4109 0
4009 4019 4119 4109 4010 4020 4120 4110 0
4010 4020 4120 4110 4011 4021 4121 4111 0
4011 4021 4121 4111 4012 4022 4122 4112 0
4012 4022 4122 4112 4013 4023 4123 4113 0
4013 4023 4123 4113 4014 4024 4124 4114 0
4014 4024 4124 4114 4015 4025 4125 4115 0
4015 4025 4125 4115 4016 4026 4126 4116 0
4016 4026 4126 4116 4017 4027 4127 4117 0
4017 4027 4127 4117 4018 4028 4128 4118 0
4018 4028 4128 4118 949 950 960 959 0
460 461 451 450 4019 4029 4129 4119 0
4019 4029 4129 4119 4020 4030 4130 4120 0
4020 4030 4130 4120 4021 4031 4131 4121 0
4021 4031 4131 4121 4022 4032 4132 4122 0
4022 4032 4132 4122 4023 4033 4133 4123 0
4023 4033 4133 4123 4024 4034 4134 4124 0
4024 4034 4134 4124 4025 4035 4135 4125 0
4025 4035 4135 4125 4026 4036 4136 4126 0
4026 4036 4136 4126 4027 4037 4137 4127 0
4027 4037 4137 4127 4028 4038 4138 4128 0
4028 4038 4138 4128 950 951 961 960 0
461 462 452 451 4029 4039 4139 4129 0
4029 4039 4139 4129 4030 4040 4140 4130 0
4030 4040 4140 4130 4031 4041 4141 4131 0
4031 4041 4141 4131 4032 4042 4142 4132 0
4032 4042 4142 4132 4033 4043 4143 4133 0
4033 4043 4143 4133 4034 4044 4144 4134 0
4034 4044 4144 4134 4035 4045 4145 4135 0
4035 4045 4145 4135 4036 4046 4146 4136 0
4036 4046 4146 4136 4037 4047 4147 4137 0
4037 4047 4147 4137 4038 4048 4148 4138 0
4038 4048 4148 4138 951 952 962 961 0
462 463 453 452 4039 4049 4149 4139 0
4039 4049 4149 4139 4040 4050 4150 4140 0
4040 4050 4150 4140 4041 4051 4151 4141 0
4041 4051 4151 4141 4042 4052 4152 4142 0
4042 4052 4152 4142 4043 4053 4153 4143 0
4043 4053 4153 4143 4044 4054 4154 4144 0
4044 4054 4154 4144 4045 4055 4155 4145 0
4045 4055 4155 4145 4046 4056 4156 4146 0
4046 4056 4156 4146 4047 4057 4157 4147 0
4047 4057 4157 4147 4048 4058 4158 4148 0
4048 4058 4158 4148 952 953 963 962 0
463 464 454 453 4049 4059 4159 4149 0
4049 4059 4159 4149 4050 4060 4160 4150 0
4050 4060 4160 4150 4051 4061 4161 4151 0
4051 4061 4161 4151 4052 4062 4162 4152 0
4052 4062 4162 4152 4053 4063 4163 4153 0
4053 4063 4163 4153 4054 4064 4164 4154 0
4054 4064 4164 4154 4055 4065 4165 4155 0
4055 4065 4165 4155 4056 4066 4166 4156 0
4056 4066 4166 4156 4057 4067 4167 4157 0
4057 4067 4167 4157 4058 4068 4168 4158 0
4058 4068 4168 4158 953 954 964 963 0
464 465 455 454 4059 4069 4169 4159 0
4059 4069 4169 4159 4060 4070 4170 4160 0
4060 4070 4170 4160 4061 4071 4171 4161 0
4061 4071 4171 4161 4062 4072 4172 4162 0
4062 4072 4172 4162 4063 4073 4173 4163 0
4063 4073 4173 4163 4064 4074 4174 4164 0
4064 4074 4174 4164 4065 4075 4175 4165 0
4065 4075 4175 4165 4066 4076 4176 4166 0
4066 4076 4176 4166 4067 4077 4177 4167 0
4067 4077 4177 4167 4068 4078 4178 4168 0
4068 4078 4178 4168 954 955 965 964 0
465 466 456 455 4069 4079 4179 4169 0
4069 4079 4179 4169 4070 4080 4180 4170 0
4070 4080 4180 4170 4071 4081 4181 4171 0
4071 4081 4181 4171 4072 4082 4182 4172 0
4072 4082 4182 4172 4073 4083 4183 4173 0
4073 4083 4183 4173 4074 4084 4184 4174 0
4074 4084 4184 4174 4075 4085 4185 4175 0
4075 4085 4185 4175 4076 4086 4186 4176 0
4076 4086 4186 4176 4077 4087 4187 4177 0
4077 4087 4187 4177 4078 4088 4188 4178 0
4078 4088 4188 4178 955 956 966 965 0
466 467 457 456 4079 4089 4189 4179 0
4079 4089 4189 4179 4080 4090 4190 4180 0
4080 4090 4190 4180 4081 4091 4191 4181 0
4081 4091 4191 4181 4082 4092 4192 4182 0
4082 4092 4192 4182 4083 4093 4193 4183 0
4083 4093 4193 4183 4084 4094 4194 4184 0
4084 4094 4194 4184 4085 4095 4195 4185 0
4085 4095 4195 4185 4086 4096 4196 4186 0
4086 4096 4196 4186 4087 4097 4197 4187 0
4087 4097 4197 4187 4088 4098 4198 4188 0
4088 4098 4198 4188 956 957 967 966 0
467 468 458 457 4089 4099 4199 4189 0
4089 4099 4199 4189 4090 4100 4200 4190 0
4090 4100 4200 4190 4091 4101 4201 4191 0
4091 4101 4201 4191 4092 4102 4202 4192 0
4092 4102 4202 4192 4093 4103 4203 4193 0
4093 4103 4203 4193 4094 4104 4204 4194 0
4094 4104 4204 4194 4095 4105 4205 4195 0
4095 4105 4205 4195 4096 4106 4206 4196 0
4096 4106 4206 4196 4097 4107 4207 4197 0
4097 4107 4207 4197 4098 4108 4208 4198 0
4098 4108 4208 4198 957 958 968 967 0
468 324 323 458 4099 1584 1583 4199 0
4099 1584 1583 4199 4100 1554 1553 4200 0
4100 1554 1553 4200 4101 1524 1523 4201 0
4101 1524 1523 4201 4102 1494 1493 4202 0
4102 1494 1493 4202 4103 1464 1463 4203 0
4103 1464 1463 4203 4104 1434 1433 4204 0
4104 1434 1433 4204 4105 1404 1403 4205 0
4105 1404 1403 4205 4106 1374 1373 4206 0
4106 1374 1373 4206 4107 1344 1343 4207 0
4107 1344 1343 4207 4108 1314 1313 4208 0
4108 1314 1313 4208 958 384 383 968 0
293 449 439 292 1013 4109 4209 1012 0
1013 4109 4209 1012 1043 4110 4210 1042 0
1043 4110 4210 1042 1073 4111 4211 1072 0
1073 4111 4211 1072 1103 4112 4212 1102 0
1103 4112 4212 1102 1133 4113 4213 1132 0
1133 4113 4213 1132 1163 4114 4214 1162 0
1163 4114 4214 1162 1193 4115 4215 1192 0
1193 4115 4215 1192 1223 4116 4216 1222 0
1223 4116 4216 1222 1253 4117 4217 1252 0
1253 4117 4217 1252 1283 4118 4218 1282 0
1283 4118 4218 1282 353 959 969 352 0
449 450 440 439 4109 4119 4219 4209 0
4109 4119 4219 4209 4110 4120 4220 4210 0
4110 4120 4220 4210 4111 4121 4221 4211 0
4111 4121 4221 4211 4112 4122 4222 4212 0
4112 4122 4222 4212 4113 4123 4223 4213 0
4113 4123 4223 4213 4114 4124 4224 4214 0
4114 4124 4224 4214 4115 4125 4225 4215 0
4115 4125 4225 4215 4116 4126 4226 4216 0
4116 4126 4226 4216 4117 4127 4227 4217 0
4117 4127 4227 4217 4118 4128 4228 4218 0
4118 4128 4228 4218 959 960 970 969 0
450 451 441 440 4119 4129 4229 4219 0
4119 4129 4229 4219 4120 4130 4230 4220 0
4120 4130 4230 4220 4121 4131 4231 4221 0
4121 4131 4231 4221 4122 4132 4232 4222 0
4122 4132 4232 4222 4123 4133 4233 4223 0
4123 4133 4233 4223 4124 4134 4234 4224 0
4124 4134 4234 4224 4125 4135 4235 4225 0
4125 4135 4235 4225 4126 4136 4236 4226 0
4126 4136 4236 4226 4127 4137 4237 4227 0
4127 4137 4237 4227 4128 4138 4238 4228 0
4128 4138 4238 4228 960 961 971 970 0
451 452 442 441 4129 4139 4239 4229 0
4129 4139 4239 4229 4130 4140 4240 4230 0
4130 4140 4240 4230 4131 4141 4241 4231 0
4131 4141 4241 4231 4132 4142 4242 4232 0
4132 4142 4242 4232 4133 4143 4243 4233 0
4133 4143 4243 4233 4134 4144 4244 4234 0
4134 4144 4244 4234 4135 4145 4245 4235 0
4135 4145 4245 4235 4136 4146 4246 4236 0
4136 4146 4246 4236 4137 4147 4247 4237 0
4137 4147 4247 4237 4138 4148 4248 4238 0
4138 4148 4248 4238 961 962 972 971 0
452 453 443 442 4139 4149 4249 4239 0
4139 4149 4249 4239 4140 4150 4250 4240 0
4140 4150 4250 4240 4141 4151 4251 4241 0
4141 4151 4251 4241 4142 4152 4252 4242 0
4142 4152 4252 4242 4143 4153 4253 4243 0
4143 4153 4253 4243 4144 4154 4254 4244 0
4144 4154 4254 4244 4145 4155 4255 4245 0
4145 4155 4255 4245 4146 4156 4256 4246 0
4146 4156 4256 4246 4147 4157 4257 4247 0
4147 4157 4257 4247 4148 4158 4258 4248 0
4148 4158 4258 4248 962 963 973 972 0
453 454 444 443 4149 4159 4259 4249 0
4149 4159 4259 4249 4150 4160 4260 4250 0
4150 4160 4260 4250 4151 4161 4261 4251 0
4151 4161 4261 4251 4152 4162 4262 4252 0
4152 4162 4262 4252 4153 4163 4263 4253 0
4153 4163 4263 4253 4154 4164 4264 4254 0
4154 4164 4264 4254 4155 4165 4265 4255 0
4155 4165 4265 4255 4156 4166 4266 4256 0
4156 4166 4266 4256 4157 4167 4267 4257 0
4157 4167 4267 4257 4158 4168 4268 4258 0
4158 4168 4268 4258 963 964 974 973 0
454 455 445 444 4159 4169 4269 4259 0
4159 4169 4269 4259 4160 4170 4270 4260 0
4160 4170 4270 4260 4161 4171 4271 4261 0
4161 4171 4271 4261 4162 4172 4272 4262 0
4162 4172 4272 4262 4163 4173 4273 4263 0
4163 4173 4273 4263 4164 4174 4274 4264 0
4164 4174 4274 4264 4165 4175 4275 4265 0
4165 4175 4275 4265 4166 4176 4276 4266 0
4166 4176 4276 4266 4167 4177 4277 4267 0
4167 4177 4277 4267 4168 4178 4278 4268 0
4168 4178 4278 4268 964 965 975 974 0
455 456 446 445 4169 4179 4279 4269 0
4169 4179 4279 4269 4170 4180 4280 4270 0
4170 4180 4280 4270 4171 4181 4281 4271 0
4171 4181 4281 4271 4172 4182 4282 4272 0
4172 4182 4282 4272 4173 4183 4283 4273 0
4173 4183 4283 4273 4174 4184 4284 4274 0
4174 4184 4284 4274 4175 4185 4285 4275 0
4175 4185 4285 4275 4176 4186 4286 4276 0
4176 4186 4286 4276 4177 4187 4287 4277 0
4177 4187 4287 4277 4178 4188 4288 4278 0
4178 4188 4288 4278 965 966 976 975 0
456 457 447 446 4179 4189 4289 4279 0
4179 4189 4289 4279 4180 4190 4290 4280 0
4180 4190 4290 4280 4181 4191 4291 4281 0
4181 4191 4291 4281 4182 4192 4292 4282 0
4182 4192 4292 4282 4183 4193 4293 4283 0
4183 4193 4293 4283 4184 4194 4294 4284 0
4184 4194 4294 4284 4185 4195 4295 4285 0
4185 4195 4295 4285 4186 4196 4296 4286 0
4186 4196 4296 4286 4187 4197 4297 4287 0
4187 4197 4297 4287 4188 4198 4298 4288 0
4188 4198 4298 4288 966 967 977 976 0
457 458 448 447 4189 4199 4299 4289 0
4189 4199 4299 4289 4190 4200 4300 4290 0
4190 4200 4300 4290 4191 4201 4301 4291 0
4191 4201 4301 4291 4192 4202 4302 4292 0
4192 4202 4302 4292 4193 4203 4303 4293 0
4193 4203 4303 4293 4194 4204 4304 4294 0
4194 4204 4304 4294 4195 4205 4305 4295 0
4195 4205 4305 4295 4196 4206 4306 4296 0
4196 4206 4306 4296 4197 4207 4307 4297 0
4197 4207 4307 4297 4198 4208 4308 4298 0
4198 4208 4308 4298 967 968 978 977 0
458 323 322 448 4199 1583 1582 4299 0
4199 1583 1582 4299 4200 1553 1552 4300 0
4200 1553 1552 4300 4201 1523 1522 4301 0
4201 1523 1522 4301 4202 1493 1492 4302 0
4202 1493 1492 4302 4203 1463 1462 4303 0
4203 1463 1462 4303 4204 1433 1432 4304 0
4204 1433 1432 4304 4205 1403 1402 4305 0
4205 1403 1402 4305 4206 1373 1372 4306 0
4206 1373 1372 4306 4207 1343 1342 4307 0
4207 1343 1342 4307 4208 1313 1312 4308 0
4208 1313 1312 4308 968 383 382 978 0
292 439 429 291 1012 4209 4309 1011 0
1012 4209 4309 1011 1042 4210 4310 1041 0
1042 4210 4310 1041 1072 4211 4311 1071 0
1072 4211 4311 1071 1102 4212 4312 1101 0
1102 4212 4312 1101 1132 4213 4313 1131 0
1132 4213 4313 1131 1162 4214 4314 1161 0
1162 4214 4314 1161 1192 4215 4315 1191 0
1192 4215 4315 1191 1222 4216 4316 1221 0
1222 4216 4316 1221 1252 4217 4317 1251 0
1252 4217 4317 1251 1282 4218 4318 1281 0
1282 4218 4318 1281 352 969 979 351 0
439 440 430 429 4209 4219 4319 4309 0
4209 4219 4319 4309 4210 4220 4320 4310 0
4210 4220 4320 4310 4211 4221 4321 4311 0
4211 4221 4321 4311 4212 4222 4322 4312 0
4212 4222 4322 4312 4213 4223 4323 4313 0
4213 4223 4323 4313 4214 4224 4324 4314 0
4214 4224 4324 4314 4215 4225 4325 4315 0
4215 4225 4325 4315 4216 4226 4326 4316 0
4216 4226 4326 4316 4217 4227 4327 4317 0
4217 4227 4327 4317 4218 4228 4328 4318 0
4218 4228 4328 4318 969 970 980 979 0
440 441 431 430 4219 4229 4329 4319 0
4219 4229 4329 4319 4220 4230 4330 4320 0
4220 4230 4330 4320 4221 4231 4331 4321 0
4221 4231 4331 4321 4222 4232 4332 4322 0
4222 4232 4332 4322 4223 4233 4333 4323 0
4223 4233 4333 4323 4224 4234 4334 4324 0
4224 4234 4334 4324 4225 4235 4335 4325 0
4225 4235 4335 4325 4226 4236 4336 4326 0
4226 4236 4336 4326 4227 4237 4337 4327 0
4227 4237 4337 4327 4228 4238 4338 4328 0
4228 4238 4338 4328 970 971 981 980 0
441 442 432 431 4229 4239 4339 4329 0
4229 4239 4339 4329 4230 4240 4340 4330 0
4230 4240 4340 4330 4231 4241 4341 4331 0
4231 4241 4341 4331 4232 4242 4342 4332 0
4232 4242 4342 4332 4233 4243 4343 4333 0
4233 4243 4343 4333 4234 4244 4344 4334 0
4234 4244 4344 4334 4235 4245 4345 4335 0
4235 4245 4345 4335 4236 4246 4346 4336 0
4236 4246 4346 4336 4237 4247 4347 4337 0
4237 4247 4347 4337 4238 4248 4348 4338 0
4238 4248 4348 4338 971 972 982 981 0
442 443 433 432 4239 4249 4349 4339 0
4239 4249 4349 4339 4240 4250 4350 4340 0
4240 4250 4350 4340 4241 4251 4351 4341 0
4241 4251 4351 4341 4242 4252 4352 4342 0
4242 4252 4352 4342 4243 4253 4353 4343 0
4243 4253 4353 4343 4244 4254 4354 4344 0
4244 4254 4354 4344 4245 4255 4355 4345 0
4245 4255 4355 4345 4246 4256 4356 4346 0
4246 4256 4356 4346 4247 4257 4357 4347 0
4247 4257 4357 4347 4248 4258 4358 4348 0
4248 4258 4358 4348 972 973 983 982 0
443 444 434 433 4249 4259 4359 4349 0
4249 4259 4359 4349 4250 4260 4360 4350 0
4250 4260 4360 4350 4251 4261 4361 4351 0
4251 4261 4361 4351 4252 4262 4362 4352 0
4252 4262 4362 4352 4253 4263 4363 4353 0
4253 4263 4363 4353 4254 4264 4364 4354 0
4254 4264 4364 4354 4255 4265 4365 4355 0
4255 4265 4365 4355 4256 4266 4366 4356 0
4256 4266 4366 4356 4257 4267 4367 4357 0
4257 4267 4367 4357 4258 4268 4368 4358 0
4258 4268 4368 4358 973 974 984 983 0
444 445 435 434 4259 4269 4369 4359 0
4259 4269 4369 4359 4260 4270 4370 4360 0
4260 4270 4370 4360 4261 4271 4371 4361 0
4261 4271 4371 4361 4262 4272 4372 4362 0
4262 4272 4372 4362 4263 4273 4373 4363 0
4263 4273 4373 4363 4264 4274 4374 4364 0
4264 4274 4374 4364 4265 4275 4375 4365 0
4265 4275 4375 4365 4266 4276 4376 4366 0
4266 4276 4376 4366 4267 4277 4377 4367 0
4267 4277 4377 4367 4268 4278 4378 4368 0
4268 4278 4378 4368 974 975 985 984 0
445 446 436 435 4269 4279 4379 4369 0
4269 4279 4379 4369 4270 4280 4380 4370 0
4270 4280 4380 4370 4271 4281 4381 4371 0
4271 4281 4381 4371 4272 4282 4382 4372 0
4272 4282 4382 4372 4273 4283 4383 4373 0
4273 4283 4383 4373 4274 4284 4384 4374 0
4274 4284 4384 4374 4275 4285 4385 4375 0
4275 4285 4385 4375 4276 4286 4386 4376 0
4276 4286 4386 4376 4277 4287 4387 4377 0
4277 4287 4387 4377 4278 4288 4388 4378 0
4278 4288 4388 4378 975 976 986 985 0
446 447 437 436 4279 4289 4389 4379 0
4279 4289 4389 4379 4280 4290 4390 4380 0
4280 4290 4390 4380 4281 4291 4391 4381 0
4281 4291 4391 4381 4282 4292 4392 4382 0
4282 4292 4392 4382 4283 4293 4393 4383 0
4283 4293 4393 4383 4284 4294 4394 4384 0
4284 4294 4394 4384 4285 4295 4395 4385 0
4285 4295 4395 4385 4286 4296 4396 4386 0
4286 4296 4396 4386 4287 4297 4397 4387 0
4287 4297 4397 4387 4288 4298 4398 4388 0
4288 4298 4398 4388 976 977 987 986 0
447 448 438 437 4289 4299 4399 4389 0
4289 4299 4399 4389 4290 4300 4400 4390 0
4290 4300 4400 4390 4291 4301 4401 4391 0
4291 4301 4401 4391 4292 4302 4402 4392 0
4292 4302 4402 4392 4293 4303 4403 4393 0
4293 4303 4403 4393 4294 4304 4404 4394 0
4294 4304 4404 4394 4295 4305 4405 4395 0
4295 4305 4405 4395 4296 4306 4406 4396 0
4296 4306 4406 4396 4297 4307 4407 4397 0
4297 4307 4407 4397 4298 4308 4408 4398 0
4298 4308 4408 4398 977 978 988 987 0
448 322 321 438 4299 1582 1581 4399 0
4299 1582 1581 4399 4300 1552 1551 4400 0
4300 1552 1551 4400 4301 1522 1521 4401 0
4301 1522 1521 4401 4302 1492 1491 4402 0
4302 1492 1491 4402 4303 1462 1461 4403 0
4303 1462 1461 4403 4304 1432 1431 4404 0
4304 1432 1431 4404 4305 1402 1401 4405 0
4305 1402 1401 4405 4306 1372 1371 4406 0
4306 1372 1371 4406 4307 1342 1341 4407 0
4307 1342 1341 4407 4308 1312 1311 4408 0
4308 1312 1311 4408 978 382 381 988 0
291 429 419 290 1011 4309 4409 1010 0
1011 4309 4409 1010 1041 4310 4410 1040 0
1041 4310 4410 1040 1071 4311 4411 1070 0
1071 4311 4411 1070 1101 4312 4412 1100 0
1101 4312 4412 1100 1131 4313 4413 1130 0
1131 4313 4413 1130 1161 4314 4414 1160 0
1161 4314 4414 1160 1191 4315 4415 1190 0
1191 4315 4415 1190 1221 4316 4416 1220 0
1221 4316 4416 1220 1251 4317 4417 1250 0
1251 4317 4417 1250 1281 4318 4418 1280 0
1281 4318 4418 1280 351 979 989 350 0
429 430 420 419 4309 4319 4419 4409 0
4309 4319 4419 4409 4310 4320 4420 4410 0
4310 4320 4420 4410 4311 4321 4421 4411 0
4311 4321 4421 4411 4312 4322 4422 4412 0
4312 4322 4422 4412 4313 4323 4423 4413 0
4313 4323 4423 4413 4314 4324 4424 4414 0
4314 4324 4424 4414 4315 4325 4425 4415 0
4315 4325 4425 4415 4316 4326 4426 4416 0
4316 4326 4426 4416 4317 4327 4427 4417 0
4317 4327 4427 4417 4318 4328 4428 4418 0
4318 4328 4428 4418 979 980 990 989 0
430 431 421 420 4319 4329 4429 4419 0
4319 4329 4429 4419 4320 4330 4430 4420 0
4320 4330 4430 4420 4321 4331 4431 4421 0
4321 4331 4431 4421 4322 4332 4432 4422 0
4322 4332 4432 4422 4323 4333 4433 4423 0
4323 4333 4433 4423 4324 4334 4434 4424 0
4324 4334 4434 4424 4325 4335 4435 4425 0
4325 4335 4435 4425 4326 4336 4436 4426 0
4326 4336 4436 4426 4327 4337 4437 4427 0
4327 4337 4437 4427 4328 4338 4438 4428 0
4328 4338 4438 4428 980 981 991 990 0
431 432 422 421 4329 4339 4439 4429 0
4329 4339 4439 4429 4330 4340 4440 4430 0
4330 4340 4440 4430 4331 4341 4441 4431 0
4331 4341 4441 4431 4332 4342 4442 4432 0
4332 4342 4442 4432 4333 4343 4443 4433 0
4333 4343 4443 4433 4334 4344 4444 4434 0
4334 4344 4444 4434 4335 4345 4445 4435 0
4335 4345 4445 4435 4336 4346 4446 4436 0
4336 4346 4446 4436 4337 4347 4447 4437 0
4337 4347 4447 4437 4338 4348 4448 4438 0
4338 4348 4448 4438 981 982 992 991 0
432 433 423 422 4339 4349 4449 4439 0
4339 4349 4449 4439 4340 4350 4450 4440 0
4340 4350 4450 4440 4341 4351 4451 4441 0
4341 4351 4451 4441 4342 4352 4452 4442 0
4342 4352 4452 4442 4343 4353 4453 4443 0
4343 4353 4453 4443 4344 4354 4454 4444 0
4344 4354 4454 4444 4345 4355 4455 4445 0
4345 4355 4455 4445 4346 4356 4456 4446 0
4346 4356 4456 4446 4347 4357 4457 4447 0
4347 4357 4457 4447 4348 4358 4458 4448 0
4348 4358 4458 4448 982 983 993 992 0
433 434 424 423 4349 4359 4459 4449 0
4349 4359 4459 4449 4350 4360 4460 4450 0
4350 4360 4460 4450 4351 4361 4461 4451 0
4351 4361 4461 4451 4352 4362 4462 4452 0
4352 4362 4462 4452 4353 4363 4463 4453 0
4353 4363 4463 4453 4354 4364 4464 4454 0
4354 4364 4464 4454 4355 4365 4465 4455 0
4355 4365 4465 4455 4356 4366 4466 4456 0
4356 4366 4466 4456 4357 4367 4467 4457 0
4357 4367 4467 4457 4358 4368 4468 4458 0
4358 4368 4468 4458 983 984 994 993 0
434 435 425 424 4359 4369 4469 4459 0
4359 4369 4469 4459 4360 4370 4470 4460 0
4360 4370 4470 4460 4361 4371 4471 4461 0
4361 4371 4471 4461 4362 4372 4472 4462 0
4362 4372 4472 4462 4363 4373 4473 4463 0
4363 4373 4473 4463 4364 4374 4474 4464 0
4364 4374 4474 4464 4365 4375 4475 4465 0
4365 4375 4475 4465 4366 4376 4476 4466 0
4366 4376 4476 4466 4367 4377 4477 4467 0
4367 4377 4477 4467 4368 4378 4478 4468 0
4368 4378 4478 4468 984 985 995 994 0
435 436 426 425 4369 4379 4479 4469 0
4369 4379 4479 4469 4370 4380 4480 4470 0
4370 4380 4480 4470 4371 4381 4481 4471 0
4371 4381 4481 4471 4372 4382 4482 4472 0
4372 4382 4482 4472 4373 4383 4483 4473 0
4373 4383 4483 4473 4374 4384 4484 4474 0
4374 4384 4484 4474 4375 4385 4485 4475 0
4375 4385 4485 4475 4376 4386 4486 4476 0
4376 4386 4486 4476 4377 4387 4487 4477 0
4377 4387 4487 4477 4378 4388 4488 4478 0
4378 4388 4488 4478 985 986 996 995 0
436 437 427 426 4379 4389 4489 4479 0
4379 4389 4489 4479 4380 4390 4490 4480 0
4380 4390 4490 4480 4381 4391 4491 4481 0
4381 4391 4491 4481 4382 4392 4492 4482 0
4382 4392 4492 4482 4383 4393 4493 4483 0
4383 4393 4493 4483 4384 4394 4494 4484 0
4384 4394 4494 4484 4385 4395 4495 4485 0
4385 4395 4495 4485 4386 4396 4496 4486 0
4386 4396 4496 4486 4387 4397 4497 4487 0
4387 4397 4497 4487 4388 4398 4498 4488 0
4388 4398 4498 4488 986 987 997 996 0
437 438 428 427 4389 4399 4499 4489 0
4389 4399 4499 4489 4390 4400 4500 4490 0
4390 4400 4500 4490 4391 4401 4501 4491 0
4391 4401 4501 4491 4392 4402 4502 4492 0
4392 4402 4502 4492 4393 4403 4503 4493 0
4393 4403 4503 4493 4394 4404 4504 4494 0
4394 4404 4504 4494 4395 4405 4505 4495 0
4395 4405 4505 4495 4396 4406 4506 4496 0
4396 4406 4506 4496 4397 4407 4507 4497 0
4397 4407 4507 4497 4398 4408 4508 4498 0
4398 4408 4508 4498 987 988 998 997 0
438 321 320 428 4399 1581 1580 4499 0
4399 1581 1580 4499 4400 1551 1550 4500 0
4400 1551 1550 4500 4401 1521 1520 4501 0
4401 1521 1520 4501 4402 1491 1490 4502 0
4402 1491 1490 4502 4403 1461 1460 4503 0
4403 1461 1460 4503 4404 1431 1430 4504 0
4404 1431 1430 4504 4405 1401 1400 4505 0
4405 1401 1400 4505 4406 1371 1370 4506 0
4406 1371 1370 4506 4407 1341 1340 4507 0
4407 1341 1340 4507 4408 1311 1310 4508 0
4408 1311 1310 4508 988 381 380 998 0
290 419 409 289 1010 4409 4509 1009 0
1010 4409 4509 1009 1040 4410 4510 1039 0
1040 4410 4510 1039 1070 4411 4511 1069 0
1070 4411 4511 1069 1100 4412 4512 1099 0
1100 4412 4512 1099 1130 4413 4513 1129 0
1130 4413 4513 1129 1160 4414 4514 1159 0
1160 4414 4514 1159 1190 4415 4515 1189 0
1190 4415 4515 1189 1220 4416 4516 1219 0
1220 4416 4516 1219 1250 4417 4517 1249 0
1250 4417 4517 1249 1280 4418 4518 1279 0
1280 4418 4518 1279 350 989 999 349 0
419 420 410 409 4409 4419 4519 4509 0
4409 4419 4519 4509 4410 4420 4520 4510 0
4410 4420 4520 4510 4411 4421 4521 4511 0
4411 4421 4521 4511 4412 4422 4522 4512 0
4412 4422 4522 4512 4413 4423 4523 4513 0
4413 4423 4523 4513 4414 4424 4524 4514 0
4414 4424 4524 4514 4415 4425 4525 4515 0
4415 4425 4525 4515 4416 4426 4526 4516 0
4416 4426 4526 4516 4417 4427 4527 4517 0
4417 4427 4527 4517 4418 4428 4528 4518 0
4418 4428 4528 4518 989 990 1000 999 0
420 421 411 410 4419 4429 4529 4519 0
4419 4429 4529 4519 4420 4430 4530 4520 0
4420 4430 4530 4520 4421 4431 4531 4521 0
4421 4431 4531 4521 4422 4432 4532 4522 0
4422 4432 4532 4522 4423 4433 4533 4523 0
4423 4433 4533 4523 4424 4434 4534 4524 0
4424 4434 4534 4524 4425 4435 4535 4525 0
4425 4435 4535 4525 4426 4436 4536 4526 0
4426 4436 4536 4526 4427 4437 4537 4527 0
4427 4437 4537 4527 4428 4438 4538 4528 0
4428 4438 4538 4528 990 991 1001 1000 0
421 422 412 411 4429 4439 4539 4529 0
4429 4439 4539 4529 4430 4440 4540 4530 0
4430 4440 4540 4530 4431 4441 4541 4531 0
4431 4441 4541 4531 4432 4442 4542 4532 0
4432 4442 4542 4532 4433 4443 4543 4533 0
4433 4443 4543 4533 4434 4444 4544 4534 0
4434 4444 4544 4534 4435 4445 4545 4535 0
4435 4445 4545 4535 4436 4446 4546 4536 0
4436 4446 4546 4536 4437 4447 4547 4537 0
4437 4447 4547 4537 4438 4448 4548 4538 0
4438 4448 4548 4538 991 992 1002 1001 0
422 423 413 412 4439 4449 4549 4539 0
4439 4449 4549 4539 4440 4450 4550 4540 0
4440 4450 4550 4540 4441 4451 4551 4541 0
4441 4451 4551 4541 4442 4452 4552 4542 0
4442 4452 4552 4542 4443 4453 4553 4543 0
4443 4453 4553 4543 4444 4454 4554 4544 0
4444 4454 4554 4544 4445 4455 4555 4545 0
4445 4455 4555 4545 4446 4456 4556 4546 0
4446 4456 4556 4546 4447 4457 4557 4547 0
4447 4457 4557 4547 4448 4458 4558 4548 0
4448 4458 4558 4548 992 993 1003 1002 0
423 424 414 413 4449 4459 4559 4549 0
4449 4459 4559 4549 4450 4460 4560 4550 0
4450 4460 4560 4550 4451 4461 4561 4551 0
4451 4461 4561 4551 4452 4462 4562 4552 0
4452 4462 4562 4552 4453 4463 4563 4553 0
4453 4463 4563 4553 4454 4464 4564 4554 0
4454 4464 4564 4554 4455 4465 4565 4555 0
4455 4465 4565 4555 4456 4466 4566 4556 0
4456 4466 4566 4556 4457 4467 4567 4557 0
4457 4467 4567 4557 4458 4468 4568 4558 0
4458 4468 4568 4558 993 994 1004 1003 0
424 425 415 414 4459 4469 4569 4559 0
4459 4469 4569 4559 4460 4470 4570 4560 0
4460 4470 4570 4560 4461 4471 4571 4561 0
4461 4471 4571 4561 4462 4472 4572 4562 0
4462 4472 4572 4562 4463 4473 4573 4563 0
4463 4473 4573 4563 4464 4474 4574 4564 0
4464 4474 4574 4564 4465 4475 4575 4565 0
4465 4475 4575 4565 4466 4476 4576 4566 0
4466 4476 4576 4566 4467 4477 4577 4567 0
4467 4477 4577 4567 4468 4478 4578 4568 0
4468 4478 4578 4568 994 995 1005 1004 0
425 426 416 415 4469 4479 4579 4569 0
4469 4479 4579 4569 4470 4480 4580 4570 0
4470 4480 4580 4570 4471 4481 4581 4571 0
4471 4481 4581 4571 4472 4482 4582 4572 0
4472 4482 4582 4572 4473 4483 4583 4573 0
4473 4483 4583 4573 4474 4484 4584 4574 0
4474 4484 4584 4574 4475 4485 4585 4575 0
4475 4485 4585 4575 4476 4486 4586 4576 0
4476 4486 4586 4576 4477 4487 4587 4577 0
4477 4487 4587 4577 4478 4488 4588 4578 0
4478 4488 4588 4578 995 996 1006 1005 0
426 427 417 416 4479 4489 4589 4579 0
4479 4489 4589 4579 4480 4490 4590 4580 0
4480 4490 4590 4580 4481 4491 4591 4581 0
4481 4491 4591 4581 4482 4492 4592 4582 0
4482 4492 4592 4582 4483 4493 4593 4583 0
4483 4493 4593 4583 4484 4494 4594 4584 0
4484 4494 4594 4584 4485 4495 4595 4585 0
4485 4495 4595 4585 4486 4496 4596 4586 0
4486 4496 4596 4586 4487 4497 4597 4587 0
4487 4497 4597 4587 4488 4498 4598 4588 0
4488 4498 4598 4588 996 997 1007 1006 0
427 428 418 417 4489 4499 4599 4589 0
4489 4499 4599 4589 4490 4500 4600 4590 0
4490 4500 4600 4590 4491 4501 4601 4591 0
4491 4501 4601 4591 4492 4502 4602 4592 0
4492 4502 4602 4592 4493 4503 4603 4593 0
4493 4503 4603 4593 4494 4504 4604 4594 0
4494 4504 4604 4594 4495 4505 4605 4595 0
4495 4505 4605 4595 4496 4506 4606 4596 0
4496 4506 4606 4596 4497 4507 4607 4597 0
4497 4507 4607 4597 4498 4508 4608 4598 0
4498 4508 4608 4598 997 998 1008 1007 0
428 320 319 418 4499 1580 1579 4599 0
4499 1580 1579 4599 4500 1550 1549 4600 0
4500 1550 1549 4600 4501 1520 1519 4601 0
4501 1520 1519 4601 4502 1490 1489 4602 0
4502 1490 1489 4602 4503 1460 1459 4603 0
4503 1460 1459 4603 4504 1430 1429 4604 0
4504 1430 1429 4604 4505 1400 1399 4605 0
4505 1400 1399 4605 4506 1370 1369 4606 0
4506 1370 1369 4606 4507 1340 1339 4607 0
4507 1340 1339 4607 4508 1310 1309 4608 0
4508 1310 1309 4608 998 380 379 1008 0
289 409 19 2 1009 4509 89 49 0
1009 4509 89 49 1039 4510 90 50 0
1039 4510 90 50 1069 4511 91 51 0
1069 4511 91 51 1099 4512 92 52 0
1099 4512 92 52 1129 4513 93 53 0
1129 4513 93 53 1159 4514 94 54 0
1159 4514 94 54 1189 4515 95 55 0
1189 4515 95 55 1219 4516 96 56 0
1219 4516 96 56 1249 4517 97 57 0
1249 4517 97 57 1279 4518 98 58 0
1279 4518 98 58 349 999 39 6 0
409 410 20 19 4509 4519 99 89 0
4509 4519 99 89 4510 4520 100 90 0
4510 4520 100 90 4511 4521 101 91 0
4511 4521 101 91 4512 4522 102 92 0
4512 4522 102 92 4513 4523 103 93 0
4513 4523 103 93 4514 4524 104 94 0
4514 4524 104 94 4515 4525 105 95 0
4515 4525 105 95 4516 4526 106 96 0
4516 4526 106 96 4517 4527 107 97 0
4517 4527 107 97 4518 4528 108 98 0
4518 4528 108 98 999 1000 40 39 0
410 411 21 20 4519 4529 109 99 0
4519 4529 109 99 4520 4530 110 100 0
4520 4530 110 100 4521 4531 111 101 0
4521 4531 111 101 4522 4532 112 102 0
4522 4532 112 102 4523 4533 113 103 0
4523 4533 113 103 4524 4534 114 104 0
4524 4534 114 104 4525 4535 115 105 0
4525 4535 115 105 4526 4536 116 106 0
4526 4536 116 106 4527 4537 117 107 0
4527 4537 117 107 4528 4538 118 108 0
4528 4538 118 108 1000 1001 41 40 0
411 412 22 21 4529 4539 119 109 0
4529 4539 119 109 4530 4540 120 110 0
4530 4540 120 110 4531 4541 121 111 0
4531 4541 121 111 4532 4542 122 112 0
4532 4542 122 112 4533 4543 123 113 0
4533 4543 123 113 4534 4544 124 114 0
4534 4544 124 114 4535 4545 125 115 0
4535 4545 125 115 4536 4546 126 116 0
4536 4546 126 116 4537 4547 127 117 0
4537 4547 127 117 4538 4548 128 118 0
4538 4548 128 118 1001 1002 42 41 0
412 413 23 22 4539 4549 129 119 0
4539 4549 129 119 4540 4550 130 120 0
4540 4550 130 120 4541 4551 131 121 0
4541 4551 131 121 4542 4552 132 122 0
4542 4552 132 122 4543 4553 133 123 0
4543 4553 133 123 4544 4554 134 124 0
4544 4554 134 124 4545 4555 135 125 0
4545 4555 135 125 4546 4556 136 126 0
4546 4556 136 126 4547 4557 137 127 0
4547 4557 137 127 4548 4558 138 128 0
4548 4558 138 128 1002 1003 43 42 0
413 414 24 23 4549 4559 139 129 0
4549 4559 139 129 4550 4560 140 130 0
4550 4560 140 130 4551 4561 141 131 0
4551 4561 141 131 4552 4562 142 132 0
4552 4562 142 132 4553 4563 143 133 0
4553 4563 143 133 4554 4564 144 134 0
4554 4564 144 134 4555 4565 145 135 0
4555 4565 145 135 4556 4566 146 136 0
4556 4566 146 136 4557 4567 147 137 0
4557 4567 147 137 4558 4568 148 138 0
4558 4568 148 138 1003 1004 44 43 0
414 415 25 24 4559 4569 149 139 0
4559 4569 149 139 4560 4570 150 140 0
4560 4570 150 140 4561 4571 151 141 0
4561 4571 151 141 4562 4572 152 142 0
4562 4572 152 142 4563 4573 153 143 0
4563 4573 153 143 4564 4574 154 144 0
4564 4574 154 144 4565 4575 155 145 0
4565 4575 155 145 4566 4576 156 146 0
4566 4576 156 146 4567 4577 157 147 0
4567 4577 157 147 4568 4578 158 148 0
4568 4578 158 148 1004 1005 45 44 0
415 416 26 25 4569 4579 159 149 0
4569 4579 159 149 4570 4580 160 150 0
4570 4580 160 150 4571 4581 161 151 0
4571 4581 161 151 4572 4582 162 152 0
4572 4582 162 152 4573 4583 163 153 0
4573 4583 163 153 4574 4584 164 154 0
4574 4584 164 154 4575 4585 165 155 0
4575 4585 165 155 4576 4586 166 156 0
4576 4586 166 156 4577 4587 167 157 0
4577 4587 167 157 4578 4588 168 158 0
4578 4588 168 158 1005 1006 46 45 0
416 417 27 26 4579 4589 169 159 0
4579 4589 169 159 4580 4590 170 160 0
4580 4590 170 160 4581 4591 171 161 0
4581 4591 171 161 4582 4592 172 162 0
4582 4592 172 162 4583 4593 173 163 0
4583 4593 173 163 4584 4594 174 164 0
4584 4594 174 164 4585 4595 175 165 0
4585 4595 175 165 4586 4596 176 166 0
4586 4596 176 166 4587 4597 177 167 0
4587 4597 177 167 4588 4598 178 168 0
4588 4598 178 168 1006 1007 47 46 0
417 418 28 27 4589 4599 179 169 0
4589 4599 179 169 4590 4600 180 170 0
4590 4600 180 170 4591 4601 181 171 0
4591 4601 181 171 4592 4602 182 172 0
4592 4602 182 172 4593 4603 183 173 0
4593 4603 183 173 4594 4604 184 174 0
4594 4604 184 174 4595 4605 185 175 0
4595 4605 185 175 4596 4606 186 176 0
4596 4606 186 176 4597 4607 187 177 0
4597 4607 187 177 4598 4608 188 178 0
4598 4608 188 178 1007 1008 48 47 0
418 319 4 28 4599 1579 69 179 0
4599 1579 69 179 4600 1549 70 180 0
4600 1549 70 180 4601 1519 71 181 0
4601 1519 71 181 4602 1489 72 182 0
4602 1489 72 182 4603 1459 73 183 0
4603 1459 73 183 4604 1429 74 184 0
4604 1429 74 184 4605 1399 75 185 0
4605 1399 75 185 4606 1369 76 186 0
4606 1369 76 186 4607 1339 77 187 0
4607 1339 77 187 4608 1309 78 188 0
4608 1309 78 188 1008 379 8 48 0

Quadrilaterals
1606
2 19 89 49 0
49 89 90 50 0
50 90 91 51 0
51 91 92 52 0
52 92 93 53 0
53 93 94 54 0
54 94 95 55 0
55 95 96 56 0
56 96 97 57 0
57 97 98 58 0
58 98 39 6 0
19 20 99 89 0
89 99 100 90 0
90 100 101 91 0
91 101 102 92 0
92 102 103 93 0
93 103 104 94 0
94 104 105 95 0
95 105 106 96 0
96 106 107 97 0
97 107 108 98 0
98 108 40 39 0
20 21 109 99 0
99 109 110 100 0
100 110 111 101 0
101 111 112 102 0
102 112 113 103 0
103 113 114 104 0
104 114 115 105 0
105 115 116 106 0
106 116 117 107 0
107 117 118 108 0
108 118 41 40 0
21 22 119 109 0
109 119 120 110 0
110 120 121 111 0
111 121 122 112 0
112 122 123 113 0
113 123 124 114 0
114 124 125 115 0
115 125 126 116 0
116 126 127 117 0
117 127 128 118 0
118 128 42 41 0
22 23 129 119 0
119 129 130 120 0
120 130 131 121 0
121 131 132 122 0
122 132 133 123 0
123 133 134 124 0
124 134 135 125 0
125 135 136 126 0
126 136 137 127 0
127 137 138 128 0
128 138 43 42 0
23 24 139 129 0
129 139 140 130 0
130 140 141 131 0
131 141 142 132 0
132 142 143 133 0
133 143 144 134 0
134 144 145 135 0
135 145 146 136 0
136 146 147 137 0
137 147 148 138 0
138 148 44 43 0
24 25 149 139 0
139 149 150 140 0
140 150 151 141 0
141 151 152 142 0
142 152 153 143 0
143 153 154 144 0
144 154 155 145 0
145 155 156 146 0
146 156 157 147 0
147 157 158 148 0
148 158 45 44 0
25 26 159 149 0
149 159 160 150 0
150 160 161 151 0
151 161 162 152 0
152 162 163 153 0
153 163 164 154 0
154 164 165 155 0
155 165 166 156 0
156 166 167 157 0
157 167 168 158 0
158 168 46 45 0
26 27 169 159 0
159 169 170 160 0
160 170 171 161 0
161 171 172 162 0
162 172 173 163 0
163 173 174 164 0
164 174 175 165 0
165 175 176 166 0
166 176 177 167 0
167 177 178 168 0
168 178 47 46 0
27 28 179 169 0
169 179 180 170 0
170 180 181 171 0
171 181 182 172 0
172 182 183 173 0
173 183 184 174 0
174 184 185 175 0
175 185 186 176 0
176 186 187 177 0
177 187 188 178 0
178 188 48 47 0
28 4 69 179 0
179 69 70 180 0
180 70 71 181 0
181 71 72 182 0
182 72 73 183 0
183 73 74 184 0
184 74 75 185 0
185 75 76 186 0
186 76 77 187 0
187 77 78 188 0
188 78 8 48 0
3 18 189 79 1
79 189 190 80 1
80 190 191 81 1
81 191 192 82 1
82 192 193 83 1
83 193 194 84 1
84 194 195 85 1
85 195 196 86 1
86 196 197 87 1
87 197 198 88 1
88 198 38 7 1
18 17 199 189 1
189 199 200 190 1
190 200 201 191 1
191 201 202 192 1
192 202 203 193 1
193 203 204 194 1
194 204 205 195 1
195 205 206 196 1
196 206 207 197 1
197 207 208 198 1
198 208 37 38 1
17 16 209 199 1
199 209 210 200 1
200 210 211 201 1
201 211 212 202 1
202 212 213 203 1
203 213 214 204 1
204 214 215 205 1
205 215 216 206 1
206 216 217 207 1
207 217 218 208 1
208 218 36 37 1
16 15 219 209 1
209 219 220 210 1
210 220 221 211 1
211 221 222 212 1
212 222 223 213 1
213 223 224 214 1
214 224 225 215 1
215 225 226 216 1
216 226 227 217 1
217 227 228 218 1
218 228 35 36 1
15 14 229 219 1
219 229 230 220 1
220 230 231 221 1
221 231 232 222 1
222 232 233 223 1
223 233 234 224 1
224 234 235 225 1
225 235 236 226 1
226 236 237 227 1
227 237 238 228 1
228 238 34 35 1
14 13 239 229 1
229 239 240 230 1
230 240 241 231 1
231 241 242 232 1
232 242 243 233 1
233 243 244 234 1
234 244 245 235 1
235 245 246 236 1
236 246 247 237 1
237 247 248 238 1
238 248 33 34 1
13 12 249 239 1
239 249 250 240 1
240 250 251 241 1
241 251 252 242 1
242 252 253 243 1
243 253 254 244 1
244 254 255 245 1
245 255 256 246 1
246 256 257 247 1
247 257 258 248 1
248 258 32 33 1
12 11 259 249 1
249 259 260 250 1
250 260 261 251 1
251 261 262 252 1
252 262 263 253 1
253 263 264 254 1
254 264 265 255 1
255 265 266 256 1
256 266 267 257 1
257 267 268 258 1
258 268 31 32 1
11 10 269 259 1
259 269 270 260 1
260 270 271 261 1
261 271 272 262 1
262 272 273 263 1
263 273 274 264 1
264 274 275 265 1
265 275 276 266 1
266 276 277 267 1
267 277 278 268 1
268 278 30 31 1
10 9 279 269 1
269 279 280 270 1
270 280 281 271 1
271 281 282 272 1
272 282 283 273 1
273 283 284 274 1
274 284 285 275 1
275 285 286 276 1
276 286 287 277 1
277 287 288 278 1
278 288 29 30 1
9 1 59 279 1
279 59 60 280 1
280 60 61 281 1
281 61 62 282 1
282 62 63 283 1
283 63 64 284 1
284 64 65 285 1
285 65 66 286 1
286 66 67 287 1
287 67 68 288 1
288 68 5 29 1
2 289 409 19 3
19 409 410 20 3
20 410 411 21 3
21 411 412 22 3
22 412 413 23 3
23 413 414 24 3
24 414 415 25 3
25 415 416 26 3
26 416 417 27 3
27 417 418 28 3
28 418 319 4 3
289 290 419 409 3
409 419 420 410 3
410 420 421 411 3
411 421 422 412 3
412 422 423 413 3
413 423 424 414 3
414 424 425 415 3
415 425 426 416 3
416 426 427 417 3
417 427 428 418 3
418 428 320 319 3
290 291 429 419 3
419 429 430 420 3
420 430 431 421 3
421 431 432 422 3
422 432 433 423 3
423 433 434 424 3
424 434 435 425 3
425 435 436 426 3
426 436 437 427 3
427 437 438 428 3
428 438 321 320 3
291 292 439 429 3
429 439 440 430 3
430 440 441 431 3
431 441 442 432 3
432 442 443 433 3
433 443 444 434 3
434 444 445 435 3
435 445 446 436 3
436 446 447 437 3
437 447 448 438 3
438 448 322 321 3
292 293 449 439 3
439 449 450 440 3
440 450 451 441 3
441 451 452 442 3
442 452 453 443 3
443 453 454 444 3
444 454 455 445 3
445 455 456 446 3
446 456 457 447 3
447 457 458 448 3
448 458 323 322 3
293 294 459 449 3
449 459 460 450 3
450 460 461 451 3
451 461 462 452 3
452 462 463 453 3
453 463 464 454 3
454 464 465 455 3
455 465 466 456 3
456 466 467 457 3
457 467 468 458 3
458 468 324 323 3
294 295 469 459 3
459 469 470 460 3
460 470 471 461 3
461 471 472 462 3
462 472 473 463 3
463 473 474 464 3
464 474 475 465 3
465 475 476 466 3
466 476 477 467 3
467 477 478 468 3
468 478 325 324 3
295 296 479 469 3
469 479 480 470 3
470 480 481 471 3
471 481 482 472 3
472 482 483 473 3
473 483 484 474 3
474 484 485 475 3
475 485 486 476 3
476 486 487 477 3
477 487 488 478 3
478 488 326 325 3
296 297 489 479 3
479 489 490 480 3
480 490 491 481 3
481 491 492 482 3
482 492 493 483 3
483 493 494 484 3
484 494 495 485 3
485 495 496 486 3
486 496 497 487 3
487 497 498 488 3
488 498 327 326 3
297 298 499 489 3
489 499 500 490 3
490 500 501 491 3
491 501 502 492 3
492 502 503 493 3
493 503 504 494 3
494 504 505 495 3
495 505 506 496 3
496 506 507 497 3
497 507 508 498 3
498 508 328 327 3
298 299 509 499 3
499 509 510 500 3
500 510 511 501 3
501 511 512 502 3
502 512 513 503 3
503 513 514 504 3
504 514 515 505 3
505 515 516 506 3
506 516 517 507 3
507 517 518 508 3
508 518 329 328 3
299 300 519 509 3
509 519 520 510 3
510 520 521 511 3
511 521 522 512 3
512 522 523 513 3
513 523 524 514 3
514 524 525 515 3
515 525 526 516 3
516 526 527 517 3
517 527 528 518 3
518 528 330 329 3
300 301 529 519 3
519 529 530 520 3
520 530 531 521 3
521 531 532 522 3
522 532 533 523 3
523 533 534 524 3
524 534 535 525 3
525 535 536 526 3
526 536 537 527 3
527 537 538 528 3
528 538 331 330 3
301 302 539 529 3
529 539 540 530 3
530 540 541 531 3
531 541 542 532 3
532 542 543 533 3
533 543 544 534 3
534 544 545 535 3
535 545 546 536 3
536 546 547 537 3
537 547 548 538 3
538 548 332 331 3
302 303 549 539 3
539 549 550 540 3
540 550 551 541 3
541 551 552 542 3
542 552 553 543 3
543 553 554 544 3
544 554 555 545 3
545 555 556 546 3
546 556 557 547 3
547 557 558 548 3
548 558 333 332 3
303 304 559 549 3
549 559 560 550 3
550 560 561 551 3
551 561 562 552 3
552 562 563 553 3
553 563 564 554 3
554 564 565 555 3
555 565 566 556 3
556 566 567 557 3
557 567 568 558 3
558 568 334 333 3
304 305 569 559 3
559 569 570 560 3
560 570 571 561 3
561 571 572 562 3
562 572 573 563 3
563 573 574 564 3
564 574 575 565 3
565 575 576 566 3
566 576 577 567 3
567 577 578 568 3
568 578 335 334 3
305 306 579 569 3
569 579 580 570 3
570 580 581 571 3
571 581 582 572 3
572 582 583 573 3
573 583 584 574 3
574 584 585 575 3
575 585 586 576 3
576 586 587 577 3
577 587 588 578 3
578 588 336 335 3
306 307 589 579 3
579 589 590 580 3
580 590 591 581 3
581 591 592 582 3
582 592 593 583 3
583 593 594 584 3
584 594 595 585 3
585 595 596 586 3
586 596 597 587 3
587 597 598 588 3
588 598 337 336 3
307 308 599 589 3
589 599 600 590 3
590 600 601 591 3
591 601 602 592 3
592 602 603 593 3
593 603 604 594 3
594 604 605 595 3
595 605 606 596 3
596 606 607 597 3
597 607 608 598 3
598 608 338 337 3
308 309 609 599 3
599 609 610 600 3
600 610 611 601 3
601 611 612 602 3
602 612 613 603 3
603 613 614 604 3
604 614 615 605 3
605 615 616 606 3
606 616 617 607 3
607 617 618 608 3
608 618 339 338 3
309 310 619 609 3
609 619 620 610 3
610 620 621 611 3
611 621 622 612 3
612 622 623 613 3
613 623 624 614 3
614 624 625 615 3
615 625 626 616 3
616 626 627 617 3
617 627 628 618 3
618 628 340 339 3
310 311 629 619 3
619 629 630 620 3
620 630 631 621 3
621 631 632 622 3
622 632 633 623 3
623 633 634 624 3
624 634 635 625 3
625 635 636 626 3
626 636 637 627 3
627 637 638 628 3
628 638 341 340 3
311 312 639 629 3
629 639 640 630 3
630 640 641 631 3
631 641 642 632 3
632 642 643 633 3
633 643 644 634 3
634 644 645 635 3
635 645 646 636 3
636 646 647 637 3
637 647 648 638 3
638 648 342 341 3
312 313 649 639 3
639 649 650 640 3
640 650 651 641 3
641 651 652 642 3
642 652 653 643 3
643 653 654 644 3
644 654 655 645 3
645 655 656 646 3
646 656 657 647 3
647 657 658 648 3
648 658 343 342 3
313 314 659 649 3
649 659 660 650 3
650 660 661 651 3
651 661 662 652 3
652 662 663 653 3
653 663 664 654 3
654 664 665 655 3
655 665 666 656 3
656 666 667 657 3
657 667 668 658 3
658 668 344 343 3
314 315 669 659 3
659 669 670 660 3
660 670 671 661 3
661 671 672 662 3
662 672 673 663 3
663 673 674 664 3
664 674 675 665 3
665 675 676 666 3
666 676 677 667 3
667 677 678 668 3
668 678 345 344 3
315 316 679 669 3
669 679 680 670 3
670 680 681 671 3
671 681 682 672 3
672 682 683 673 3
673 683 684 674 3
674 684 685 675 3
675 685 686 676 3
676 686 687 677 3
677 687 688 678 3
678 688 346 345 3
316 317 689 679 3
679 689 690 680 3
680 690 691 681 3
681 691 692 682 3
682 692 693 683 3
683 693 694 684 3
684 694 695 685 3
685 695 696 686 3
686 696 697 687 3
687 697 698 688 3
688 698 347 346 3
317 318 699 689 3
689 699 700 690 3
690 700 701 691 3
691 701 702 692 3
692 702 703 693 3
693 703 704 694 3
694 704 705 695 3
695 705 706 696 3
696 706 707 697 3
697 707 708 698 3
698 708 348 347 3
318 1 9 699 3
699 9 10 700 3
700 10 11 701 3
701 11 12 702 3
702 12 13 703 3
703 13 14 704 3
704 14 15 705 3
705 15 16 706 3
706 16 17 707 3
707 17 18 708 3
708 18 3 348 3
5 378 709 29 2
29 709 710 30 2
30 710 711 31 2
31 711 712 32 2
32 712 713 33 2
33 713 714 34 2
34 714 715 35 2
35 715 716 36 2
36 716 717 37 2
37 717 718 38 2
38 718 408 7 2
378 377 719 709 2
709 719 720 710 2
710 720 721 711 2
711 721 722 712 2
712 722 723 713 2
713 723 724 714 2
714 724 725 715 2
715 725 726 716 2
716 726 727 717 2
717 727 728 718 2
718 728 407 408 2
377 376 729 719 2
719 729 730 720 2
720 730 731 721 2
721 731 732 722 2
722 732 733 723 2
723 733 734 724 2
724 734 735 725 2
725 735 736 726 2
726 736 737 727 2
727 737 738 728 2
728 738 406 407 2
376 375 739 729 2
729 739 740 730 2
730 740 741 731 2
731 741 742 732 2
732 742 743 733 2
733 743 744 734 2
734 744 745 735 2
735 745 746 736 2
736 746 747 737 2
737 747 748 738 2
738 748 405 406 2
375 374 749 739 2
739 749 750 740 2
740 750 751 741 2
741 751 752 742 2
742 752 753 743 2
743 753 754 744 2
744 754 755 745 2
745 755 756 746 2
746 756 757 747 2
747 757 758 748 2
748 758 404 405 2
374 373 759 749 2
749 759 760 750 2
750 760 761 751 2
751 761 762 752 2
752 762 763 753 2
753 763 764 754 2
754 764 765 755 2
755 765 766 756 2
756 766 767 757 2
757 767 768 758 2
758 768 403 404 2
373 372 769 759 2
759 769 770 760 2
760 770 771 761 2
761 771 772 762 2
762 772 773 763 2
763 773 774 764 2
764 774 775 765 2
765 775 776 766 2
766 776 777 767 2
767 777 778 768 2
768 778 402 403 2
372 371 779 769 2
769 779 780 770 2
770 780 781 771 2
771 781 782 772 2
772 782 783 773 2
773 783 784 774 2
774 784 785 775 2
775 785 786 776 2
776 786 787 777 2
777 787 788 778 2
778 788 401 402 2
371 370 789 779 2
779 789 790 780 2
780 790 791 781 2
781 791 792 782 2
782 792 793 783 2
783 793 794 784 2
784 794 795 785 2
785 795 796 786 2
786 796 797 787 2
787 797 798 788 2
788 798 400 401 2
370 369 799 789 2
789 799 800 790 2
790 800 801 791 2
791 801 802 792 2
792 802 803 793 2
793 803 804 794 2
794 804 805 795 2
795 805 806 796 2
796 806 807 797 2
797 807 808 798 2
798 808 399 400 2
369 368 809 799 2
799 809 810 800 2
800 810 811 801 2
801 811 812 802 2
802 812 813 803 2
803 813 814 804 2
804 814 815 805 2
805 815 816 806 2
806 816 817 807 2
807 817 818 808 2
808 818 398 399 2
368 367 819 809 2
809 819 820 810 2
810 820 821 811 2
811 821 822 812 2
812 822 823 813 2
813 823 824 814 2
814 824 825 815 2
815 825 826 816 2
816 826 827 817 2
817 827 828 818 2
818 828 397 398 2
367 366 829 819 2
819 829 830 820 2
820 830 831 821 2
821 831 832 822 2
822 832 833 823 2
823 833 834 824 2
824 834 835 825 2
825 835 836 826 2
826 836 837 827 2
827 837 838 828 2
828 838 396 397 2
366 365 839 829 2
829 839 840 830 2
830 840 841 831 2
831 841 842 832 2
832 842 843 833 2
833 843 844 834 2
834 844 845 835 2
835 845 846 836 2
836 846 847 837 2
837 847 848 838 2
838 848 395 396 2
365 364 849 839 2
839 849 850 840 2
840 850 851 841 2
841 851 852 842 2
842 852 853 843 2
843 853 854 844 2
844 854 855 845 2
845 855 856 846 2
846 856 857 847 2
847 857 858 848 2
848 858 394 395 2
364 363 859 849 2
849 859 860 850 2
850 860 861 851 2
851 861 862 852 2
852 862 863 853 2
853 863 864 854 2
854 864 865 855 2
855 865 866 856 2
856 866 867 857 2
857 867 868 858 2
858 868 393 394 2
363 362 869 859 2
859 869 870 860 2
860 870 871 861 2
861 871 872 862 2
862 872 873 863 2
863 873 874 864 2
864 874 875 865 2
865 875 876 866 2
866 876 877 867 2
867 877 878 868 2
868 878 392 393 2
362 361 879 869 2
869 879 880 870 2
870 880 881 871 2
871 881 882 872 2
872 882 883 873 2
873 883 884 874 2
874 884 885 875 2
875 885 886 876 2
876 886 887 877 2
877 887 888 878 2
878 888 391 392 2
361 360 889 879 2
879 889 890 880 2
880 890 891 881 2
881 891 892 882 2
882 892 893 883 2
883 893 894 884 2
884 894 895 885 2
885 895 896 886 2
886 896 897 887 2
887 897 898 888 2
888 898 390 391 2
360 359 899 889 2
889 899 900 890 2
890 900 901 891 2
891 901 902 892 2
892 902 903 893 2
893 903 904 894 2
894 904 905 895 2
895 905 906 896 2
896 906 907 897 2
897 907 908 898 2
898 908 389 390 2
359 358 909 899 2
899 909 910 900 2
900 910 911 901 2
901 911 912 902 2
902 912 913 903 2
903 913 914 904 2
904 914 915 905 2
905 915 916 906 2
906 916 917 907 2
907 917 918 908 2
908 918 388 389 2
358 357 919 909 2
909 919 920 910 2
910 920 921 911 2
911 921 922 912 2
912 922 923 913 2
913 923 924 914 2
914 924 925 915 2
915 925 926 916 2
916 926 927 917 2
917 927 928 918 2
918 928 387 388 2
357 356 929 919 2
919 929 930 920 2
920 930 931 921 2
921 931 932 922 2
922 932 933 923 2
923 933 934 924 2
924 934 935 925 2
925 935 936 926 2
926 936 937 927 2
927 937 938 928 2
928 938 386 387 2
356 355 939 929 2
929 939 940 930 2
930 940 941 931 2
931 941 942 932 2
932 942 943 933 2
933 943 944 934 2
934 944 945 935 2
935 945 946 936 2
936 946 947 937 2
937 947 948 938 2
938 948 385 386 2
355 354 949 939 2
939 949 950 940 2
940 950 951 941 2
941 951 952 942 2
942 952 953 943 2
943 953 954 944 2
944 954 955 945 2
945 955 956 946 2
946 956 957 947 2
947 957 958 948 2
948 958 384 385 2
354 353 959 949 2
949 959 960 950 2
950 960 961 951 2
951 961 962 952 2
952 962 963 953 2
953 963 964 954 2
954 964 965 955 2
955 965 966 956 2
956 966 967 957 2
957 967 968 958 2
958 968 383 384 2
353 352 969 959 2
959 969 970 960 2
960 970 971 961 2
961 971 972 962 2
962 972 973 963 2
963 973 974 964 2
964 974 975 965 2
965 975 976 966 2
966 976 977 967 2
967 977 978 968 2
968 978 382 383 2
352 351 979 969 2
969 979 980 970 2
970 980 981 971 2
971 981 982 972 2
972 982 983 973 2
973 983 984 974 2
974 984 985 975 2
975 985 986 976 2
976 986 987 977 2
977 987 988 978 2
978 988 381 382 2
351 350 989 979 2
979 989 990 980 2
980 990 991 981 2
981 991 992 982 2
982 992 993 983 2
983 993 994 984 2
984 994 995 985 2
985 995 996 986 2
986 996 997 987 2
987 997 998 988 2
988 998 380 381 2
350 349 999 989 2
989 999 1000 990 2
990 1000 1001 991 2
991 1001 1002 992 2
992 1002 1003 993 2
993 1003 1004 994 2
994 1004 1005 995 2
995 1005 1006 996 2
996 1006 1007 997 2
997 1007 1008 998 2
998 1008 379 380 2
349 6 39 999 2
999 39 40 1000 2
1000 40 41 1001 2
1001 41 42 1002 2
1002 42 43 1003 2
1003 43 44 1004 2
1004 44 45 1005 2
1005 45 46 1006 2
1006 46 47 1007 2
1007 47 48 1008 2
1008 48 8 379 2
2 49 1009 289 4
289 1009 1010 290 4
290 1010 1011 291 4
291 1011 1012 292 4
292 1012 1013 293 4
293 1013 1014 294 4
294 1014 1015 295 4
295 1015 1016 296 4
296 1016 1017 297 4
297 1017 1018 298 4
298 1018 1019 299 4
299 1019 1020 300 4
300 1020 1021 301 4
301 1021 1022 302 4
302 1022 1023 303 4
303 1023 1024 304 4
304 1024 1025 305 4
305 1025 1026 306 4
306 1026 1027 307 4
307 1027 1028 308 4
308 1028 1029 309 4
309 1029 1030 310 4
310 1030 1031 311 4
311 1031 1032 312 4
312 1032 1033 313 4
313 1033 1034 314 4
314 1034 1035 315 4
315 1035 1036 316 4
316 1036 1037 317 4
317 1037 1038 318 4
318 1038 59 1 4
49 50 1039 1009 4
1009 1039 1040 1010 4
1010 1040 1041 1011 4
1011 1041 1042 1012 4
1012 1042 1043 1013 4
1013 1043 1044 1014 4
1014 1044 1045 1015 4
1015 1045 1046 1016 4
1016 1046 1047 1017 4
1017 1047 1048 1018 4
1018 1048 1049 1019 4
1019 1049 1050 1020 4
1020 1050 1051 1021 4
1021 1051 1052 1022 4
1022 1052 1053 1023 4
1023 1053 1054 1024 4
1024 1054 1055 1025 4
1025 1055 1056 1026 4
1026 1056 1057 1027 4
1027 1057 1058 1028 4
1028 1058 1059 1029 4
1029 1059 1060 1030 4
1030 1060 1061 1031 4
1031 1061 1062 1032 4
1032 1062 1063 1033 4
1033 1063 1064 1034 4
1034 1064 1065 1035 4
1035 1065 1066 1036 4
1036 1066 1067 1037 4
1037 1067 1068 1038 4
1038 1068 60 59 4
50 51 1069 1039 4
1039 1069 1070 1040 4
1040 1070 1071 1041 4
1041 1071 1072 1042 4
1042 1072 1073 1043 4
1043 1073 1074 1044 4
1044 1074 1075 1045 4
1045 1075 1076 1046 4
1046 1076 1077 1047 4
1047 1077 1078 1048 4
1048 1078 1079 1049 4
1049 1079 1080 1050 4
1050 1080 1081 1051 4
1051 1081 1082 1052 4
1052 1082 1083 1053 4
1053 1083 1084 1054 4
1054 1084 1085 1055 4
1055 1085 1086 1056 4
1056 1086 1087 1057 4
1057 1087 1088 1058 4
1058 1088 1089 1059 4
1059 1089 1090 1060 4
1060 1090 1091 1061 4
1061 1091 1092 1062 4
1062 1092 1093 1063 4
1063 1093 1094 1064 4
1064 1094 1095 1065 4
1065 1095 1096 1066 4
1066 1096 1097 1067 4
1067 1097 1098 1068 4
1068 1098 61 60 4
51 52 1099 1069 4
1069 1099 1100 1070 4
1070 1100 1101 1071 4
1071 1101 1102 1072 4
1072 1102 1103 1073 4
1073 1103 1104 1074 4
1074 1104 1105 1075 4
1075 1105 1106 1076 4
1076 1106 1107 1077 4
1077 1107 1108 1078 4
1078 1108 1109 1079 4
1079 1109 1110 1080 4
1080 1110 1111 1081 4
1081 1111 1112 1082 4
1082 1112 1113 1083 4
1083 1113 1114 1084 4
1084 1114 1115 1085 4
1085 1115 1116 1086 4
1086 1116 1117 1087 4
1087 1117 1118 1088 4
1088 1118 1119 1089 4
1089 1119 1120 1090 4
1090 1120 1121 1091 4
1091 1121 1122 1092 4
1092 1122 1123 1093 4
1093 1123 1124 1094 4
1094 1124 1125 1095 4
1095 1125 1126 1096 4
1096 1126 1127 1097 4
1097 1127 1128 1098 4
1098 1128 62 61 4
52 53 1129 1099 4
1099 1129 1130 1100 4
1100 1130 1131 1101 4
1101 1131 1132 1102 4
1102 1132 1133 1103 4
1103 1133 1134 1104 4
1104 1134 1135 1105 4
1105 1135 1136 1106 4
1106 1136 1137 1107 4
1107 1137 1138 1108 4
1108 1138 1139 1109 4
1109 1139 1140 1110 4
1110 1140 1141 1111 4
1111 1141 1142 1112 4
1112 1142 1143 1113 4
1113 1143 1144 1114 4
1114 1144 1145 1115 4
1115 1145 1146 1116 4
1116 1146 1147 1117 4
1117 1147 1148 1118 4
1118 1148 1149 1119 4
1119 1149 1150 1120 4
1120 1150 1151 1121 4
1121 1151 1152 1122 4
1122 1152 1153 1123 4
1123 1153 1154 1124 4
1124 1154 1155 1125 4
1125 1155 1156 1126 4
1126 1156 1157 1127 4
1127 1157 1158 1128 4
1128 1158 63 62 4
53 54 1159 1129 4
1129 1159 1160 1130 4
1130 1160 1161 1131 4
1131 1161 1162 1132 4
1132 1162 1163 1133 4
1133 1163 1164 1134 4
1134 1164 1165 1135 4
1135 1165 1166 1136 4
1136 1166 1167 1137 4
1137 1167 1168 1138 4
1138 1168 1169 1139 4
1139 1169 1170 1140 4
1140 1170 1171 1141 4
1141 1171 1172 1142 4
1142 1172 1173 1143 4
1143 1173 1174 1144 4
1144 1174 1175 1145 4
1145 1175 1176 1146 4
1146 1176 1177 1147 4
1147 1177 1178 1148 4
1148 1178 1179 1149 4
1149 1179 1180 1150 4
1150 1180 1181 1151 4
1151 1181 1182 1152 4
1152 1182 1183 1153 4
1153 1183 1184 1154 4
1154 1184 1185 1155 4
1155 1185 1186 1156 4
1156 1186 1187 1157 4
1157 1187 1188 1158 4
1158 1188 64 63 4
54 55 1189 1159 4
1159 1189 1190 1160 4
1160 1190 1191 1161 4
1161 1191 1192 1162 4
1162 1192 1193 1163 4
1163 1193 1194 1164 4
1164 1194 1195 1165 4
1165 1195 1196 1166 4
1166 1196 1197 1167 4
1167 1197 1198 1168 4
1168 1198 1199 1169 4
1169 1199 1200 1170 4
1170 1200 1201 1171 4
1171 1201 1202 1172 4
1172 1202 1203 1173 4
1173 1203 1204 1174 4
1174 1204 1205 1175 4
1175 1205 1206 1176 4
1176 1206 1207 1177 4
1177 1207 1208 1178 4
1178 1208 1209 1179 4
1179 1209 1210 1180 4
1180 1210 1211 1181 4
1181 1211 1212 1182 4
1182 1212 1213 1183 4
1183 1213 1214 1184 4
1184 1214 1215 1185 4
1185 1215 1216 1186 4
1186 1216 1217 1187 4
1187 1217 1218 1188 4
1188 1218 65 64 4
55 56 1219 1189 4
1189 1219 1220 1190 4
1190 1220 1221 1191 4
1191 1221 1222 1192 4
1192 1222 1223 1193 4
1193 1223 1224 1194 4
1194 1224 1225 1195 4
1195 1225 1226 1196 4
1196 1226 1227 1197 4
1197 1227 1228 1198 4
1198 1228 1229 1199 4
1199 1229 1230 1200 4
1200 1230 1231 1201 4
1201 1231 1232 1202 4
1202 1232 1233 1203 4
1203 1233 1234 1204 4
1204 1234 1235 1205 4
1205 1235 1236 1206 4
1206 1236 1237 1207 4
1207 1237 1238 1208 4
1208 1238 1239 1209 4
1209 1239 1240 1210 4
1210 1240 1241 1211 4
1211 1241 1242 1212 4
1212 1242 1243 1213 4
1213 1243 1244 1214 4
1214 1244 1245 1215 4
1215 1245 1246 1216 4
1216 1246 1247 1217 4
1217 1247 1248 1218 4
1218 1248 66 65 4
56 57 1249 1219 4
1219 1249 1250 1220 4
1220 1250 1251 1221 4
1221 1251 1252 1222 4
1222 1252 1253 1223 4
1223 1253 1254 1224 4
1224 1254 1255 1225 4
1225 1255 1256 1226 4
1226 1256 1257 1227 4
1227 1257 1258 1228 4
1228 1258 1259 1229 4
1229 1259 1260 1230 4
1230 1260 1261 1231 4
1231 1261 1262 1232 4
1232 1262 1263 1233 4
1233 1263 1264 1234 4
1234 1264 1265 1235 4
1235 1265 1266 1236 4
1236 1266 1267 1237 4
1237 1267 1268 1238 4
1238 1268 1269 1239 4
1239 1269 1270 1240 4
1240 1270 1271 1241 4
1241 1271 1272 1242 4
1242 1272 1273 1243 4
1243 1273 1274 1244 4
1244 1274 1275 1245 4
1245 1275 1276 1246 4
1246 1276 1277 1247 4
1247 1277 1278 1248 4
1248 1278 67 66 4
57 58 1279 1249 4
1249 1279 1280 1250 4
1250 1280 1281 1251 4
1251 1281 1282 1252 4
1252 1282 1283 1253 4
1253 1283 1284 1254 4
1254 1284 1285 1255 4
1255 1285 1286 1256 4
1256 1286 1287 1257 4
1257 1287 1288 1258 4
1258 1288 1289 1259 4
1259 1289 1290 1260 4
1260 1290 1291 1261 4
1261 1291 1292 1262 4
1262 1292 1293 1263 4
1263 1293 1294 1264 4
1264 1294 1295 1265 4
1265 1295 1296 1266 4
1266 1296 1297 1267 4
1267 1297 1298 1268 4
1268 1298 1299 1269 4
1269 1299 1300 1270 4
1270 1300 1301 1271 4
1271 1301 1302 1272 4
1272 1302 1303 1273 4
1273 1303 1304 1274 4
1274 1304 1305 1275 4
1275 1305 1306 1276 4
1276 1306 1307 1277 4
1277 1307 1308 1278 4
1278 1308 68 67 4
58 6 349 1279 4
1279 349 350 1280 4
1280 350 351 1281 4
1281 351 352 1282 4
1282 352 353 1283 4
1283 353 354 1284 4
1284 354 355 1285 4
1285 355 356 1286 4
1286 356 357 1287 4
1287 357 358 1288 4
1288 358 359 1289 4
1289 359 360 1290 4
1290 360 361 1291 4
1291 361 362 1292 4
1292 362 363 1293 4
1293 363 364 1294 4
1294 364 365 1295 4
1295 365 366 1296 4
1296 366 367 1297 4
1297 367 368 1298 4
1298 368 369 1299 4
1299 369 370 1300 4
1300 370 371 1301 4
1301 371 372 1302 4
1302 372 373 1303 4
1303 373 374 1304 4
1304 374 375 1305 4
1305 375 376 1306 4
1306 376 377 1307 4
1307 377 378 1308 4
1308 378 5 68 4
8 78 1309 379 2
379 1309 1310 380 2
380 1310 1311 381 2
381 1311 1312 382 2
382 1312 1313 383 2
383 1313 1314 384 2
384 1314 1315 385 2
385 1315 1316 386 2
386 1316 1317 387 2
387 1317 1318 388 2
388 1318 1319 389 2
389 1319 1320 390 2
390 1320 1321 391 2
391 1321 1322 392 2
392 1322 1323 393 2
393 1323 1324 394 2
394 1324 1325 395 2
395 1325 1326 396 2
396 1326 1327 397 2
397 1327 1328 398 2
398 1328 1329 399 2
399 1329 1330 400 2
400 1330 1331 401 2
401 1331 1332 402 2
402 1332 1333 403 2
403 1333 1334 404 2
404 1334 1335 405 2
405 1335 1336 406 2
406 1336 1337 407 2
407 1337 1338 408 2
408 1338 88 7 2
78 77 1339 1309 2
1309 1339 1340 1310 2
1310 1340 1341 1311 2
1311 1341 1342 1312 2
1312 1342 1343 1313 2
1313 1343 1344 1314 2
1314 1344 1345 1315 2
1315 1345 1346 1316 2
1316 1346 1347 1317 2
1317 1347 1348 1318 2
1318 1348 1349 1319 2
1319 1349 1350 1320 2
1320 1350 1351 1321 2
1321 1351 1352 1322 2
1322 1352 1353 1323 2
1323 1353 1354 1324 2
1324 1354 1355 1325 2
1325 1355 1356 1326 2
1326 1356 1357 1327 2
1327 1357 1358 1328 2
1328 1358 1359 1329 2
1329 1359 1360 1330 2
1330 1360 1361 1331 2
1331 1361 1362 1332 2
1332 1362 1363 1333 2
1333 1363 1364 1334 2
1334 1364 1365 1335 2
1335 1365 1366 1336 2
1336 1366 1367 1337 2
1337 1367 1368 1338 2
1338 1368 87 88 2
77 76 1369 1339 2
1339 1369 1370 1340 2
1340 1370 1371 1341 2
1341 1371 1372 1342 2
1342 1372 1373 1343 2
1343 1373 1374 1344 2
1344 1374 1375 1345 2
1345 1375 1376 1346 2
1346 1376 1377 1347 2
1347 1377 1378 1348 2
1348 1378 1379 1349 2
1349 1379 1380 1350 2
1350 1380 1381 1351 2
1351 1381 1382 1352 2
1352 1382 1383 1353 2
1353 1383 1384 1354 2
1354 1384 1385 1355 2
1355 1385 1386 1356 2
1356 1386 1387 1357 2
1357 1387 1388 1358 2
1358 1388 1389 1359 2
1359 1389 1390 1360 2
1360 1390 1391 1361 2
1361 1391 1392 1362 2
1362 1392 1393 1363 2
1363 1393 1394 1364 2
1364 1394 1395 1365 2
1365 1395 1396 1366 2
1366 1396 1397 1367 2
1367 1397 1398 1368 2
1368 1398 86 87 2
76 75 1399 1369 2
1369 1399 1400 1370 2
1370 1400 1401 1371 2
1371 1401 1402 1372 2
1372 1402 1403 1373 2
1373 1403 1404 1374 2
1374 1404 1405 1375 2
1375 1405 1406 1376 2
1376 1406 1407 1377 2
1377 1407 1408 1378 2
1378 1408 1409 1379 2
1379 1409 1410 1380 2
1380 1410 1411 1381 2
1381 1411 1412 1382 2
1382 1412 1413 1383 2
1383 1413 1414 1384 2
1384 1414 1415 1385 2
1385 1415 1416 1386 2
1386 1416 1417 1387 2
1387 1417 1418 1388 2
1388 1418 1419 1389 2
1389 1419 1420 1390 2
1390 1420 1421 1391 2
1391 1421 1422 1392 2
1392 1422 1423 1393 2
1393 1423 1424 1394 2
1394 1424 1425 1395 2
1395 1425 1426 1396 2
1396 1426 1427 1397 2
1397 1427 1428 1398 2
1398 1428 85 86 2
75 74 1429 1399 2
1399 1429 1430 1400 2
1400 1430 1431 1401 2
1401 1431 1432 1402 2
1402 1432 1433 1403 2
1403 1433 1434 1404 2
1404 1434 1435 1405 2
1405 1435 1436 1406 2
1406 1436 1437 1407 2
1407 1437 1438 1408 2
1408 1438 1439 1409 2
1409 1439 1440 1410 2
1410 1440 1441 1411 2
1411 1441 1442 1412 2
1412 1442 1443 1413 2
1413 1443 1444 1414 2
1414 1444 1445 1415 2
1415 1445 1446 1416 2
1416 1446 1447 1417 2
1417 1447 1448 1418 2
1418 1448 1449 1419 2
1419 1449 1450 1420 2
1420 1450 1451 1421 2
1421 1451 1452 1422 2
1422 1452 1453 1423 2
1423 1453 1454 1424 2
1424 1454 1455 1425 2
1425 1455 1456 1426 2
1426 1456 1457 1427 2
1427 1457 1458 1428 2
1428 1458 84 85 2
74 73 1459 1429 2
1429 1459 1460 1430 2
1430 1460 1461 1431 2
1431 1461 1462 1432 2
1432 1462 1463 1433 2
1433 1463 1464 1434 2
1434 1464 1465 1435 2
1435 1465 1466 1436 2
1436 1466 1467 1437 2
1437 1467 1468 1438 2
1438 1468 1469 1439 2
1439 1469 1470 1440 2
1440 1470 1471 1441 2
1441 1471 1472 1442 2
1442 1472 1473 1443 2
1443 1473 1474 1444 2
1444 1474 1475 1445 2
1445 1475 1476 1446 2
1446 1476 1477 1447 2
1447 1477 1478 1448 2
1448 1478 1479 1449 2
1449 1479 1480 1450 2
1450 1480 1481 1451 2
1451 1481 1482 1452 2
1452 1482 1483 1453 2
1453 1483 1484 1454 2
1454 1484 1485 1455 2
1455 1485 1486 1456 2
1456 1486 1487 1457 2
1457 1487 1488 1458 2
1458 1488 83 84 2
73 72 1489 1459 2
1459 1489 1490 1460 2
1460 1490 1491 1461 2
1461 1491 1492 1462 2
1462 1492 1493 1463 2
1463 1493 1494 1464 2
1464 1494 1495 1465 2
1465 1495 1496 1466 2
1466 1496 1497 1467 2
1467 1497 1498 1468 2
1468 1498 1499 1469 2
1469 1499 1500 1470 2
1470 1500 1501 1471 2
1471 1501 1502 1472 2
1472 1502 1503 1473 2
1473 1503 1504 1474 2
1474 1504 1505 1475 2
1475 1505 1506 1476 2
1476 1506 1507 1477 2
1477 1507 1508 1478 2
1478 1508 1509 1479 2
1479 1509 1510 1480 2
1480 1510 1511 1481 2
1481 1511 1512 1482 2
1482 1512 1513 1483 2
1483 1513 1514 1484 2
1484 1514 1515 1485 2
1485 1515 1516 1486 2
1486 1516 1517 1487 2
1487 1517 1518 1488 2
1488 1518 82 83 2
72 71 1519 1489 2
1489 1519 1520 1490 2
1490 1520 1521 1491 2
1491 1521 1522 1492 2
1492 1522 1523 1493 2
1493 1523 1524 1494 2
1494 1524 1525 1495 2
1495 1525 1526 1496 2
1496 1526 1527 1497 2
1497 1527 1528 1498 2
1498 1528 1529 1499 2
1499 1529 1530 1500 2
1500 1530 1531 1501 2
1501 1531 1532 1502 2
1502 1532 1533 1503 2
1503 1533 1534 1504 2
1504 1534 1535 1505 2
1505 1535 1536 1506 2
1506 1536 1537 1507 2
1507 1537 1538 1508 2
1508 1538 1539 1509 2
1509 1539 1540 1510 2
1510 1540 1541 1511 2
1511 1541 1542 1512 2
1512 1542 1543 1513 2
1513 1543 1544 1514 2
1514 1544 1545 1515 2
1515 1545 1546 1516 2
1516 1546 1547 1517 2
1517 1547 1548 1518 2
1518 1548 81 82 2
71 70 1549 1519 2
1519 1549 1550 1520 2
1520 1550 1551 1521 2
1521 1551 1552 1522 2
1522 1552 1553 1523 2
1523 1553 1554 1524 2
1524 1554 1555 1525 2
1525 1555 1556 1526 2
1526 1556 1557 1527 2
1527 1557 1558 1528 2
1528 1558 1559 1529 2
1529 1559 1560 1530 2
1530 1560 1561 1531 2
1531 1561 1562 1532 2
1532 1562 1563 1533 2
1533 1563 1564 1534 2
1534 1564 1565 1535 2
1535 1565 1566 1536 2
1536 1566 1567 1537 2
1537 1567 1568 1538 2
1538 1568 1569 1539 2
1539 1569 1570 1540 2
1540 1570 1571 1541 2
1541 1571 1572 1542 2
1542 1572 1573 1543 2
1543 1573 1574 1544 2
1544 1574 1575 1545 2
1545 1575 1576 1546 2
1546 1576 1577 1547 2
1547 1577 1578 1548 2
1548 1578 80 81 2
70 69 1579 1549 2
1549 1579 1580 1550 2
1550 1580 1581 1551 2
1551 1581 1582 1552 2
1552 1582 1583 1553 2
1553 1583 1584 1554 2
1554 1584 1585 1555 2
1555 1585 1586 1556 2
1556 1586 1587 1557 2
1557 1587 1588 1558 2
1558 1588 1589 1559 2
1559 1589 1590 1560 2
1560 1590 1591 1561 2
1561 1591 1592 1562 2
1562 1592 1593 1563 2
1563 1593 1594 1564 2
1564 1594 1595 1565 2
1565 1595 1596 1566 2
1566 1596 1597 1567 2
1567 1597 1598 1568 2
1568 1598 1599 1569 2
1569 1599 1600 1570 2
1570 1600 1601 1571 2
1571 1601 1602 1572 2
1572 1602 1603 1573 2
1573 1603 1604 1574 2
1574 1604 1605 1575 2
1575 1605 1606 1576 2
1576 1606 1607 1577 2
1577 1607 1608 1578 2
1578 1608 79 80 2
69 4 319 1579 2
1579 319 320 1580 2
1580 320 321 1581 2
1581 321 322 1582 2
1582 322 323 1583 2
1583 323 324 1584 2
1584 324 325 1585 2
1585 325 326 1586 2
1586 326 327 1587 2
1587 327 328 1588 2
1588 328 329 1589 2
1589 329 330 1590 2
1590 330 331 1591 2
1591 331 332 1592 2
1592 332 333 1593 2
1593 333 334 1594 2
1594 334 335 1595 2
1595 335 336 1596 2
1596 336 337 1597 2
1597 337 338 1598 2
1598 338 339 1599 2
1599 339 340 1600 2
1600 340 341 1601 2
1601 341 342 1602 2
1602 342 343 1603 2
1603 343 344 1604 2
1604 344 345 1605 2
1605 345 346 1606 2
1606 346 347 1607 2
1607 347 348 1608 2
1608 348 3 79 2

Edges
212
1 9 0
9 10 0
10 11 0
11 12 0
12 13 0
13 14 0
14 15 0
15 16 0
16 17 0
17 18 0
18 3 0
2 19 0
19 20 0
20 21 0
21 22 0
22 23 0
23 24 0
24 25 0
25 26 0
26 27 0
27 28 0
28 4 0
5 29 0
29 30 0
30 31 0
31 32 0
32 33 0
33 34 0
34 35 0
35 36 0
36 37 0
37 38 0
38 7 0
6 39 0
39 40 0
40 41 0
41 42 0
42 43 0
43 44 0
44 45 0
45 46 0
46 47 0
47 48 0
48 8 0
2 49 0
49 50 0
50 51 0
51 52 0
52 53 0
53 54 0
54 55 0
55 56 0
56 57 0
57 58 0
58 6 0
1 59 0
59 60 0
60 61 0
61 62 0
62 63 0
63 64 0
64 65 0
65 66 0
66 67 0
67 68 0
68 5 0
4 69 0
69 70 0
70 71 0
71 72 0
72 73 0
73 74 0
74 75 0
75 76 0
76 77 0
77 78 0
78 8 0
3 79 0
79 80 0
80 81 0
81 82 0
82 83 0
83 84 0
84 85 0
85 86 0
86 87 0
87 88 0
88 7 0
2 289 0
289 290 0
290 291 0
291 292 0
292 293 0
293 294 0
294 295 0
295 296 0
296 297 0
297 298 0
298 299 0
299 300 0
300 301 0
301 302 0
302 303 0
303 304 0
304 305 0
305 306 0
306 307 0
307 308 0
308 309 0
309 310 0
310 311 0
311 312 0
312 313 0
313 314 0
314 315 0
315 316 0
316 317 0
317 318 0
318 1 0
4 319 0
319 320 0
320 321 0
321 322 0
322 323 0
323 324 0
324 325 0
325 326 0
326 327 0
327 328 0
328 329 0
329 330 0
330 331 0
331 332 0
332 333 0
333 334 0
334 335 0
335 336 0
336 337 0
337 338 0
338 339 0
339 340 0
340 341 0
341 342 0
342 343 0
343 344 0
344 345 0
345 346 0
346 347 0
347 348 0
348 3 0
6 349 0
349 350 0
350 351 0
351 352 0
352 353 0
353 354 0
354 355 0
355 356 0
356 357 0
357 358 0
358 359 0
359 360 0
360 361 0
361 362 0
362 363 0
363 364 0
364 365 0
365 366 0
366 367 0
367 368 0
368 369 0
369 370 0
370 371 0
371 372 0
372 373 0
373 374 0
374 375 0
375 376 0
376 377 0
377 378 0
378 5 0
8 379 0
379 380 0
380 381 0
381 382 0
382 383 0
383 384 0
384 385 0
385 386 0
386 387 0
387 388 0
388 389 0
389 390 0
390 391 0
391 392 0
392 393 0
393 394 0
394 395 0
395 396 0
396 397 0
397 398 0
398 399 0
399 400 0
400 401 0
401 402 0
402 403 0
403 404 0
404 405 0
405 406 0
406 407 0
407 408 0
408 7 0

End
