MeshVersionFormatted 2
Dimension 3

Vertices
3472
-2.1213203435596878e-01 2.1213203435595968e-01 0.0000000000000000e+00 0
-2.9999999999999999e-01 0.0000000000000000e+00 0.0000000000000000e+00 0
-1.7320508075688770e-01 1.7320508075688770e-01 1.7320508075688770e-01 0
-2.1213203435595973e-01 0.0000000000000000e+00 2.1213203435596872e-01 0
-7.0710678118655806e-02 7.0710678118653697e-02 0.0000000000000000e+00 0
-1.0000000000000003e-01 0.0000000000000000e+00 0.0000000000000000e+00 0
-5.7735026918962574e-02 5.7735026918962574e-02 5.7735026918962574e-02 0
-7.0710678118653641e-02 0.0000000000000000e+00 7.0710678118655834e-02 0
0.0000000000000000e+00 2.9999999999999999e-01 0.0000000000000000e+00 0
0.0000000000000000e+00 2.1213203435595973e-01 2.1213203435596872e-01 0
0.0000000000000000e+00 1.0000000000000001e-01 0.0000000000000000e+00 0
0.0000000000000000e+00 7.0710678118653641e-02 7.0710678118655834e-02 0
1.2246467991473531e-17 -2.9995195653237152e-33 2.9999999999999999e-01 0
6.1232339957367663e-18 -1.4997597826618578e-33 1.0000000000000001e-01 0
-2.3190313600882462e-01 1.9031798524908930e-01 0.0000000000000000e+00 0
-2.4944088369076625e-01 1.6667106990587666e-01 0.0000000000000000e+00 0
-2.6457637930450839e-01 1.4141902104779572e-01 0.0000000000000000e+00 0
-2.7716385975338725e-01 1.1480502970952389e-01 0.0000000000000000e+00 0
-2.8708210071966339e-01 8.7085403176336285e-02 0.0000000000000000e+00 0
-2.9423558412096951e-01 5.8527096604836751e-02 0.0000000000000000e+00 0
-2.9855541800165919e-01 2.9405142098867187e-02 0.0000000000000000e+00 0
-1.8210601170601545e-01 1.8210601170601548e-01 1.5386617887325701e-01 0
-1.8992959080400729e-01 1.8992959080400731e-01 1.3361699395677437e-01 0
-1.9662953321191276e-01 1.9662953321191279e-01 1.1257732159600609e-01 0
-2.0216620160371473e-01 2.0216620160371476e-01 9.0871633958305720e-02 0
-2.0650684066351158e-01 2.0650684066351160e-01 6.8628343403801195e-02 0
-2.0962577086824752e-01 2.0962577086824752e-01 4.5979042788926817e-02 0
-2.1150454040956024e-01 2.1150454040956024e-01 2.3057726953917498e-02 0
-1.8210601170601534e-01 1.5386617887325729e-01 1.8210601170601537e-01 0
-1.8992959080400715e-01 1.3361699395677479e-01 1.8992959080400718e-01 0
-1.9662953321191259e-01 1.1257732159600661e-01 1.9662953321191262e-01 0
-2.0216620160371462e-01 9.0871633958306386e-02 2.0216620160371465e-01 0
-2.0650684066351144e-01 6.8628343403802014e-02 2.0650684066351144e-01 0
-2.0962577086824744e-01 4.5979042788927775e-02 2.0962577086824746e-01 0
-2.1150454040956015e-01 2.3057726953918594e-02 2.1150454040956018e-01 0
-2.9855541800165902e-01 0.0000000000000000e+00 2.9405142098868822e-02 0
-2.9423558412096884e-01 0.0000000000000000e+00 5.8527096604839797e-02 0
-2.8708210071966206e-01 0.0000000000000000e+00 8.7085403176340656e-02 0
-2.7716385975338498e-01 0.0000000000000000e+00 1.1480502970952947e-01 0
-2.6457637930450489e-01 0.0000000000000000e+00 1.4141902104780232e-01 0
-2.4944088369076126e-01 0.0000000000000000e+00 1.6667106990588412e-01 0
-2.3190313600881801e-01 0.0000000000000000e+00 1.9031798524909738e-01 0
-1.6594825954226033e-01 1.6594825954226033e-01 0.0000000000000000e+00 0
-1.4681820092012371e-01 1.4681820092012371e-01 0.0000000000000000e+00 0
-1.3213461452025535e-01 1.3213461452025535e-01 0.0000000000000000e+00 0
-1.1975910096668577e-01 1.1975910096668577e-01 0.0000000000000000e+00 0
-1.0885612513584295e-01 1.0885612513584295e-01 0.0000000000000000e+00 0
-9.8998469943534922e-02 9.8998469943534922e-02 0.0000000000000000e+00 0
-9.2527361315626527e-02 9.2527361315626527e-02 0.0000000000000000e+00 0
-8.8271616717389118e-02 8.8271616717389118e-02 0.0000000000000000e+00 0
-8.4854607912899060e-02 8.4854607912899060e-02 0.0000000000000000e+00 0
-8.1919466231964555e-02 8.1919466231964555e-02 0.0000000000000000e+00 0
-7.9297879558978518e-02 7.9297879558978518e-02 0.0000000000000000e+00 0
-7.6912079940060385e-02 7.6912079940060385e-02 0.0000000000000000e+00 0
-7.4713731442823811e-02 7.4713731442823811e-02 0.0000000000000000e+00 0
-7.2653566304310996e-02 7.2653566304310996e-02 0.0000000000000000e+00 0
-7.7301045336274521e-02 6.3439328416363558e-02 0.0000000000000000e+00 0
-8.3146961230255126e-02 5.5557023301959330e-02 0.0000000000000000e+00 0
-8.8192126434835927e-02 4.7139673682598998e-02 0.0000000000000000e+00 0
-9.2387953251128932e-02 3.8268343236508379e-02 0.0000000000000000e+00 0
-9.5694033573221024e-02 2.9028467725445813e-02 0.0000000000000000e+00 0
-9.8078528040323090e-02 1.9509032201612597e-02 0.0000000000000000e+00 0
-9.9518472667219693e-02 9.8017140329560402e-03 0.0000000000000000e+00 0
-2.3468627929687502e-01 0.0000000000000000e+00 0.0000000000000000e+00 0
-2.0763229094445707e-01 0.0000000000000000e+00 0.0000000000000000e+00 0
-1.8686656391348608e-01 0.0000000000000000e+00 0.0000000000000000e+00 0
-1.6936494480469594e-01 0.0000000000000000e+00 0.0000000000000000e+00 0
-1.5394580851449194e-01 0.0000000000000000e+00 0.0000000000000000e+00 0
-1.4000497884833238e-01 0.0000000000000000e+00 0.0000000000000000e+00 0
-1.3085344926315479e-01 0.0000000000000000e+00 0.0000000000000000e+00 0
-1.2483491753433140e-01 0.0000000000000000e+00 0.0000000000000000e+00 0
-1.2000253734027327e-01 0.0000000000000000e+00 0.0000000000000000e+00 0
-1.1585162016760914e-01 0.0000000000000000e+00 0.0000000000000000e+00 0
-1.1214413673973572e-01 0.0000000000000000e+00 0.0000000000000000e+00 0
-1.0877010656155717e-01 0.0000000000000000e+00 0.0000000000000000e+00 0
-1.0566117230194266e-01 0.0000000000000000e+00 0.0000000000000000e+00 0
-1.0274765882232961e-01 0.0000000000000000e+00 0.0000000000000000e+00 0
-5.9321388479675809e-02 5.9321388479675809e-02 5.9321388479675809e-02 0
-6.1003506271418012e-02 6.1003506271418012e-02 6.1003506271418012e-02 0
-6.2798450303099287e-02 6.2798450303099287e-02 6.2798450303099287e-02 0
-6.4746447534724597e-02 6.4746447534724597e-02 6.4746447534724597e-02 0
-6.6886964089823378e-02 6.6886964089823378e-02 6.6886964089823378e-02 0
-6.9283497236844863e-02 6.9283497236844863e-02 6.9283497236844863e-02 0
-7.2073473242710948e-02 7.2073473242710948e-02 7.2073473242710948e-02 0
-7.5548274156473430e-02 7.5548274156473430e-02 7.5548274156473430e-02 0
-8.0831912225972538e-02 8.0831912225972538e-02 8.0831912225972538e-02 0
-8.8880653986456476e-02 8.8880653986456476e-02 8.8880653986456476e-02 0
-9.7782896474277292e-02 9.7782896474277292e-02 9.7782896474277292e-02 0
-1.0788746097799157e-01 1.0788746097799157e-01 1.0788746097799157e-01 0
-1.1987655906924095e-01 1.1987655906924095e-01 1.1987655906924095e-01 0
-1.3549618652716244e-01 1.3549618652716244e-01 1.3549618652716244e-01 0
-6.0702003902005142e-02 6.0702003902005176e-02 5.1288726291085676e-02 0
-6.3309863601335767e-02 6.3309863601335781e-02 4.4538997985591466e-02 0
-6.5543177737304267e-02 6.5543177737304281e-02 3.7525773865335371e-02 0
-6.7388733867904921e-02 6.7388733867904935e-02 3.0290544652768578e-02 0
-6.8835613554503863e-02 6.8835613554503877e-02 2.2876114467933736e-02 0
-6.9875256956082515e-02 6.9875256956082529e-02 1.5326347596308940e-02 0
-7.0501513469853408e-02 7.0501513469853422e-02 7.6859089846391662e-03 0
-6.0702003902005100e-02 5.1288726291085766e-02 6.0702003902005142e-02 0
-6.3309863601335725e-02 4.4538997985591598e-02 6.3309863601335739e-02 0
-6.5543177737304198e-02 3.7525773865335538e-02 6.5543177737304226e-02 0
-6.7388733867904865e-02 3.0290544652768800e-02 6.7388733867904893e-02 0
-6.8835613554503808e-02 2.2876114467934007e-02 6.8835613554503836e-02 0
-6.9875256956082474e-02 1.5326347596309259e-02 6.9875256956082488e-02 0
-7.0501513469853380e-02 7.6859089846395322e-03 7.0501513469853394e-02 0
-1.6594825954226033e-01 0.0000000000000000e+00 1.6594825954226033e-01 0
-1.4681820092012371e-01 0.0000000000000000e+00 1.4681820092012371e-01 0
-1.3213461452025535e-01 0.0000000000000000e+00 1.3213461452025535e-01 0
-1.1975910096668577e-01 0.0000000000000000e+00 1.1975910096668577e-01 0
-1.0885612513584295e-01 0.0000000000000000e+00 1.0885612513584295e-01 0
-9.8998469943534922e-02 0.0000000000000000e+00 9.8998469943534922e-02 0
-9.2527361315626527e-02 0.0000000000000000e+00 9.2527361315626527e-02 0
-8.8271616717389118e-02 0.0000000000000000e+00 8.8271616717389118e-02 0
-8.4854607912899060e-02 0.0000000000000000e+00 8.4854607912899060e-02 0
-8.1919466231964555e-02 0.0000000000000000e+00 8.1919466231964555e-02 0
-7.9297879558978518e-02 0.0000000000000000e+00 7.9297879558978518e-02 0
-7.6912079940060385e-02 0.0000000000000000e+00 7.6912079940060385e-02 0
-7.4713731442823811e-02 0.0000000000000000e+00 7.4713731442823811e-02 0
-7.2653566304310996e-02 0.0000000000000000e+00 7.2653566304310996e-02 0
-9.9518472667219693e-02 0.0000000000000000e+00 9.8017140329561860e-03 0
-9.8078528040322993e-02 0.0000000000000000e+00 1.9509032201613093e-02 0
-9.5694033573220774e-02 0.0000000000000000e+00 2.9028467725446636e-02 0
-9.2387953251128474e-02 0.0000000000000000e+00 3.8268343236509496e-02 0
-8.8192126434835177e-02 0.0000000000000000e+00 4.7139673682600386e-02 0
-8.3146961230254057e-02 0.0000000000000000e+00 5.5557023301960932e-02 0
-7.7301045336273078e-02 0.0000000000000000e+00 6.3439328416365320e-02 0
-2.9405142098868988e-02 2.9855541800165897e-01 0.0000000000000000e+00 0
-5.8527096604840088e-02 2.9423558412096884e-01 0.0000000000000000e+00 0
-8.7085403176341072e-02 2.8708210071966195e-01 0.0000000000000000e+00 0
-1.1480502970952998e-01 2.7716385975338476e-01 0.0000000000000000e+00 0
-1.4141902104780293e-01 2.6457637930450456e-01 0.0000000000000000e+00 0
-1.6667106990588482e-01 2.4944088369076078e-01 0.0000000000000000e+00 0
-1.9031798524909813e-01 2.3190313600881740e-01 0.0000000000000000e+00 0
0.0000000000000000e+00 2.9855541800165902e-01 2.9405142098868822e-02 0
0.0000000000000000e+00 2.9423558412096884e-01 5.8527096604839797e-02 0
0.0000000000000000e+00 2.8708210071966206e-01 8.7085403176340656e-02 0
0.0000000000000000e+00 2.7716385975338498e-01 1.1480502970952947e-01 0
0.0000000000000000e+00 2.6457637930450489e-01 1.4141902104780232e-01 0
0.0000000000000000e+00 2.4944088369076126e-01 1.6667106990588412e-01 0
0.0000000000000000e+00 2.3190313600881801e-01 1.9031798524909738e-01 0
-1.5386617887325729e-01 1.8210601170601531e-01 1.8210601170601540e-01 0
-1.3361699395677479e-01 1.8992959080400715e-01 1.8992959080400718e-01 0
-1.1257732159600661e-01 1.9662953321191259e-01 1.9662953321191262e-01 0
-9.0871633958306386e-02 2.0216620160371462e-01 2.0216620160371465e-01 0
-6.8628343403802014e-02 2.0650684066351144e-01 2.0650684066351144e-01 0
-4.5979042788927775e-02 2.0962577086824744e-01 2.0962577086824746e-01 0
-2.3057726953918594e-02 2.1150454040956015e-01 2.1150454040956018e-01 0
0.0000000000000000e+00 1.0274765882232961e-01 0.0000000000000000e+00 0
0.0000000000000000e+00 1.0566117230194268e-01 0.0000000000000000e+00 0
0.0000000000000000e+00 1.0877010656155717e-01 0.0000000000000000e+00 0
0.0000000000000000e+00 1.1214413673973571e-01 0.0000000000000000e+00 0
0.0000000000000000e+00 1.1585162016760912e-01 0.0000000000000000e+00 0
0.0000000000000000e+00 1.2000253734027326e-01 0.0000000000000000e+00 0
0.0000000000000000e+00 1.2483491753433140e-01 0.0000000000000000e+00 0
0.0000000000000000e+00 1.3085344926315479e-01 0.0000000000000000e+00 0
0.0000000000000000e+00 1.4000497884833238e-01 0.0000000000000000e+00 0
0.0000000000000000e+00 1.5394580851449194e-01 0.0000000000000000e+00 0
0.0000000000000000e+00 1.6936494480469594e-01 0.0000000000000000e+00 0
0.0000000000000000e+00 1.8686656391348608e-01 0.0000000000000000e+00 0
0.0000000000000000e+00 2.0763229094445707e-01 0.0000000000000000e+00 0
0.0000000000000000e+00 2.3468627929687499e-01 0.0000000000000000e+00 0
-9.8017140329562432e-03 9.9518472667219679e-02 0.0000000000000000e+00 0
-1.9509032201613194e-02 9.8078528040322979e-02 0.0000000000000000e+00 0
-2.9028467725446774e-02 9.5694033573220733e-02 0.0000000000000000e+00 0
-3.8268343236509669e-02 9.2387953251128391e-02 0.0000000000000000e+00 0
-4.7139673682600594e-02 8.8192126434835066e-02 0.0000000000000000e+00 0
-5.5557023301961161e-02 8.3146961230253905e-02 0.0000000000000000e+00 0
-6.3439328416365556e-02 7.7301045336272869e-02 0.0000000000000000e+00 0
0.0000000000000000e+00 1.6594825954226033e-01 1.6594825954226033e-01 0
0.0000000000000000e+00 1.4681820092012371e-01 1.4681820092012371e-01 0
0.0000000000000000e+00 1.3213461452025535e-01 1.3213461452025535e-01 0
0.0000000000000000e+00 1.1975910096668577e-01 1.1975910096668577e-01 0
0.0000000000000000e+00 1.0885612513584295e-01 1.0885612513584295e-01 0
0.0000000000000000e+00 9.8998469943534922e-02 9.8998469943534922e-02 0
0.0000000000000000e+00 9.2527361315626527e-02 9.2527361315626527e-02 0
0.0000000000000000e+00 8.8271616717389118e-02 8.8271616717389118e-02 0
0.0000000000000000e+00 8.4854607912899060e-02 8.4854607912899060e-02 0
0.0000000000000000e+00 8.1919466231964555e-02 8.1919466231964555e-02 0
0.0000000000000000e+00 7.9297879558978518e-02 7.9297879558978518e-02 0
0.0000000000000000e+00 7.6912079940060385e-02 7.6912079940060385e-02 0
0.0000000000000000e+00 7.4713731442823811e-02 7.4713731442823811e-02 0
0.0000000000000000e+00 7.2653566304310996e-02 7.2653566304310996e-02 0
0.0000000000000000e+00 9.9518472667219693e-02 9.8017140329561860e-03 0
0.0000000000000000e+00 9.8078528040322993e-02 1.9509032201613093e-02 0
0.0000000000000000e+00 9.5694033573220774e-02 2.9028467725446636e-02 0
0.0000000000000000e+00 9.2387953251128474e-02 3.8268343236509496e-02 0
0.0000000000000000e+00 8.8192126434835177e-02 4.7139673682600386e-02 0
0.0000000000000000e+00 8.3146961230254057e-02 5.5557023301960932e-02 0
0.0000000000000000e+00 7.7301045336273078e-02 6.3439328416365320e-02 0
-5.1288726291085766e-02 6.0702003902005100e-02 6.0702003902005142e-02 0
-4.4538997985591598e-02 6.3309863601335725e-02 6.3309863601335739e-02 0
-3.7525773865335538e-02 6.5543177737304198e-02 6.5543177737304226e-02 0
-3.0290544652768800e-02 6.7388733867904865e-02 6.7388733867904893e-02 0
-2.2876114467934007e-02 6.8835613554503808e-02 6.8835613554503836e-02 0
-1.5326347596309259e-02 6.9875256956082474e-02 6.9875256956082488e-02 0
-7.6859089846395322e-03 7.0501513469853380e-02 7.0501513469853394e-02 0
0.0000000000000000e+00 1.9031798524908944e-01 2.3190313600882451e-01 0
0.0000000000000000e+00 1.6667106990587688e-01 2.4944088369076609e-01 0
0.0000000000000000e+00 1.4141902104779608e-01 2.6457637930450822e-01 0
0.0000000000000000e+00 1.1480502970952440e-01 2.7716385975338709e-01 0
0.0000000000000000e+00 8.7085403176336965e-02 2.8708210071966317e-01 0
0.0000000000000000e+00 5.8527096604837563e-02 2.9423558412096934e-01 0
0.0000000000000000e+00 2.9405142098868152e-02 2.9855541800165908e-01 0
-1.9031798524908944e-01 0.0000000000000000e+00 2.3190313600882451e-01 0
-1.6667106990587688e-01 0.0000000000000000e+00 2.4944088369076609e-01 0
-1.4141902104779608e-01 0.0000000000000000e+00 2.6457637930450822e-01 0
-1.1480502970952440e-01 0.0000000000000000e+00 2.7716385975338709e-01 0
-8.7085403176336965e-02 0.0000000000000000e+00 2.8708210071966317e-01 0
-5.8527096604837563e-02 0.0000000000000000e+00 2.9423558412096934e-01 0
-2.9405142098868152e-02 0.0000000000000000e+00 2.9855541800165908e-01 0
0.0000000000000000e+00 0.0000000000000000e+00 1.0274765882232961e-01 0
0.0000000000000000e+00 0.0000000000000000e+00 1.0566117230194268e-01 0
0.0000000000000000e+00 0.0000000000000000e+00 1.0877010656155717e-01 0
0.0000000000000000e+00 0.0000000000000000e+00 1.1214413673973571e-01 0
0.0000000000000000e+00 0.0000000000000000e+00 1.1585162016760912e-01 0
0.0000000000000000e+00 0.0000000000000000e+00 1.2000253734027326e-01 0
0.0000000000000000e+00 0.0000000000000000e+00 1.2483491753433140e-01 0
0.0000000000000000e+00 0.0000000000000000e+00 1.3085344926315479e-01 0
0.0000000000000000e+00 0.0000000000000000e+00 1.4000497884833238e-01 0
0.0000000000000000e+00 0.0000000000000000e+00 1.5394580851449194e-01 0
0.0000000000000000e+00 0.0000000000000000e+00 1.6936494480469594e-01 0
0.0000000000000000e+00 0.0000000000000000e+00 1.8686656391348608e-01 0
0.0000000000000000e+00 0.0000000000000000e+00 2.0763229094445707e-01 0
0.0000000000000000e+00 0.0000000000000000e+00 2.3468627929687499e-01 0
0.0000000000000000e+00 6.3439328416363558e-02 7.7301045336274521e-02 0
0.0000000000000000e+00 5.5557023301959343e-02 8.3146961230255112e-02 0
0.0000000000000000e+00 4.7139673682599012e-02 8.8192126434835913e-02 0
0.0000000000000000e+00 3.8268343236508386e-02 9.2387953251128918e-02 0
0.0000000000000000e+00 2.9028467725445824e-02 9.5694033573221024e-02 0
0.0000000000000000e+00 1.9509032201612611e-02 9.8078528040323090e-02 0
0.0000000000000000e+00 9.8017140329560506e-03 9.9518472667219693e-02 0
-6.3439328416363558e-02 0.0000000000000000e+00 7.7301045336274521e-02 0
-5.5557023301959343e-02 0.0000000000000000e+00 8.3146961230255112e-02 0
-4.7139673682599012e-02 0.0000000000000000e+00 8.8192126434835913e-02 0
-3.8268343236508386e-02 0.0000000000000000e+00 9.2387953251128918e-02 0
-2.9028467725445824e-02 0.0000000000000000e+00 9.5694033573221024e-02 0
-1.9509032201612611e-02 0.0000000000000000e+00 9.8078528040323090e-02 0
-9.8017140329560506e-03 0.0000000000000000e+00 9.9518472667219693e-02 0
-2.3079280098822322e-01 1.9009904102901079e-01 2.4434353109114081e-02 0
-2.2815268861097623e-01 1.8861082319988520e-01 4.8706345084029545e-02 0
-2.2400486886628931e-01 1.8585777953958701e-01 7.2654693646114876e-02 0
-2.1838139419896735e-01 1.8185285515548352e-01 9.6120267059106479e-02 0
-2.1132405630435319e-01 1.7661744180535163e-01 1.1894714152600633e-01 0
-2.0288407852266768e-01 1.7018127013322459e-01 1.4098363726989899e-01 0
-1.9312174607920368e-01 1.6258224530939494e-01 1.6208332641414816e-01 0
-2.4802568373905520e-01 1.6680518357192459e-01 2.5676661373915225e-02 0
-2.4479538110904606e-01 1.6570267364937746e-01 5.1164883788832896e-02 0
-2.3978109041455667e-01 1.6336081141308423e-01 7.6277611224165320e-02 0
-2.3302699120707207e-01 1.5978617865537445e-01 1.0083054338687215e-01 0
-2.2458994812605229e-01 1.5499469678345443e-01 1.2464348827653284e-01 0
-2.1453903810693567e-01 1.4901158489710786e-01 1.4754168459998954e-01 0
-2.0295498853971003e-01 1.4187124660737291e-01 1.6935708433046473e-01 0
-2.6300689233317487e-01 1.4181279277582559e-01 2.6767636996314969e-02 0
-2.5934415609288114e-01 1.4105814436056818e-01 5.3321746126926382e-02 0
-2.5362572989967558e-01 1.3914599070251696e-01 7.9450502857262309e-02 0
-2.4590557575001462e-01 1.3607679794662220e-01 1.0494547572738887e-01 0
-2.3625355865793346e-01 1.3186069730749284e-01 1.2960328902865140e-01 0
-2.2475481980877421e-01 1.2651751782432086e-01 1.5322724515013014e-01 0
-2.1150902811577446e-01 1.2007673687953284e-01 1.7562889365330511e-01 0
-2.7555396706777086e-01 1.1533977778882426e-01 2.7690194886249821e-02 0
-2.7159504119180450e-01 1.1487068796263560e-01 5.5143981058795387e-02 0
-2.6532833811188017e-01 1.1338445260801687e-01 8.2126968174699902e-02 0
-2.5681485030993684e-01 1.1087681411495820e-01 1.0840878540045426e-01 0
-2.4613471893383762e-01 1.0735274568654105e-01 1.3376504823354118e-01 0
-2.3338648171390072e-01 1.0282654847722489e-01 1.5797927421490446e-01 0
-2.1868616366559196e-01 9.7321863046608170e-02 1.8084473117667307e-01 0
-2.8550347166788470e-01 8.7633406188608584e-02 2.8428045753581113e-02 0
-2.8135751164992895e-01 8.7374840318738337e-02 5.6600246619913974e-02 0
-2.7468684379452840e-01 8.6295275211563549e-02 8.4263060248016441e-02 0
-2.6555685523219563e-01 8.4388015830916679e-02 1.1116752863722237e-01 0
-2.5405505774525267e-01 8.1654310340428068e-02 1.3707151869329162e-01 0
-2.4029024842324370e-01 7.8103481717822831e-02 1.6174190136216873e-01 0
-2.2439147837858867e-01 7.3752980630026485e-02 1.8495664972976317e-01 0
-2.9271740734900570e-01 5.8969876230949743e-02 2.8966759090080119e-02 0
-2.8846478443153017e-01 5.8847824481377403e-02 5.7662827685431940e-02 0
-2.8152022338989163e-01 5.8148806721229795e-02 8.5820044857845154e-02 0
-2.7195141754245916e-01 5.6866346132858923e-02 1.1317528517368487e-01 0
-2.5985058519612797e-01 5.4999805807645727e-02 1.3947291756592417e-01 0
-2.4533357955296073e-01 5.2554512506680737e-02 1.6446719417232186e-01 0
-2.2853877743538056e-01 4.9541819831359246e-02 1.8792454681637186e-01 0
-2.9709022929578893e-01 2.9651372073575540e-02 2.9294910669431115e-02 0
-2.9278560029044881e-01 2.9606724353544410e-02 5.8309811658200254e-02 0
-2.8568343497755494e-01 2.9264287692773647e-02 8.6767369703476052e-02 0
-2.7585238643687260e-01 2.8620140617999099e-02 1.1439557879607164e-01 0
-2.6338719282256451e-01 2.7673457681521685e-02 1.4093036009674498e-01 0
-2.4840776382920299e-01 2.6426584072929696e-02 1.6611808608219422e-01 0
-2.3105802645167678e-01 2.4885077238528706e-02 1.8971800479419101e-01 0
-1.8141494715729392e-01 1.4888339947128787e-01 0.0000000000000000e+00 0
-1.9513450965970150e-01 1.3038471087546533e-01 0.0000000000000000e+00 0
-2.0697482016271257e-01 1.1063034623837892e-01 0.0000000000000000e+00 0
-2.1682185000361109e-01 8.9810550890317961e-02 0.0000000000000000e+00 0
-2.2458076690209508e-01 6.8125830841742202e-02 0.0000000000000000e+00 0
-2.3017684824697668e-01 4.5785021800793101e-02 0.0000000000000000e+00 0
-2.3355620071577554e-01 2.3003277971263565e-02 0.0000000000000000e+00 0
-1.6050193135572072e-01 1.3172053095067285e-01 0.0000000000000000e+00 0
-1.7263994045307871e-01 1.1535432026240325e-01 0.0000000000000000e+00 0
-1.8311533254928228e-01 9.7877184410920900e-02 0.0000000000000000e+00 0
-1.9182722389201323e-01 7.9457437768449865e-02 0.0000000000000000e+00 0
-1.9869171420523687e-01 6.0272472564414828e-02 0.0000000000000000e+00 0
-2.0364269469472462e-01 4.0507050501299498e-02 0.0000000000000000e+00 0
-2.0663248471188161e-01 2.0351523398450456e-02 0.0000000000000000e+00 0
-1.4444980728910276e-01 1.1854689318144973e-01 0.0000000000000000e+00 0
-1.5537386944945653e-01 1.0381750045698560e-01 0.0000000000000000e+00 0
-1.6480159631101540e-01 8.8088288450702046e-02 0.0000000000000000e+00 0
-1.7264219371038270e-01 7.1510738072681573e-02 0.0000000000000000e+00 0
-1.7882015240849602e-01 5.4244500195275366e-02 0.0000000000000000e+00 0
-1.8327597528587680e-01 3.6455858127928530e-02 0.0000000000000000e+00 0
-1.8596675033241533e-01 1.8316126218010511e-02 0.0000000000000000e+00 0
-1.3092087276723466e-01 1.0744398355684343e-01 0.0000000000000000e+00 0
-1.4082180499440383e-01 9.4094121850494983e-02 0.0000000000000000e+00 0
-1.4936654625844772e-01 7.9838082313647113e-02 0.0000000000000000e+00 0
-1.5647280602996294e-01 6.4813158400183535e-02 0.0000000000000000e+00 0
-1.6207214714267310e-01 4.9164048340849857e-02 0.0000000000000000e+00 0
-1.6611064488075145e-01 3.3041461620191157e-02 0.0000000000000000e+00 0
-1.6854940630331311e-01 1.6600667561829794e-02 0.0000000000000000e+00 0
-1.1900171923308206e-01 9.7662187046734322e-02 0.0000000000000000e+00 0
-1.2800126172114762e-01 8.5527708708785594e-02 0.0000000000000000e+00 0
-1.3576808208623131e-01 7.2569551781769825e-02 0.0000000000000000e+00 0
-1.4222738160244142e-01 5.8912510400543357e-02 0.0000000000000000e+00 0
-1.4731695368442455e-01 4.4688109339305580e-02 0.0000000000000000e+00 0
-1.5098778297078813e-01 3.0033337356124810e-02 0.0000000000000000e+00 0
-1.5320451736882509e-01 1.5089327916312329e-02 0.0000000000000000e+00 0
-1.0822531217259113e-01 8.8818218330853640e-02 0.0000000000000000e+00 0
-1.1640988548344994e-01 7.7782598722670959e-02 0.0000000000000000e+00 0
-1.2347336796098674e-01 6.5997890168495346e-02 0.0000000000000000e+00 0
-1.2934773440765032e-01 5.3577585853880526e-02 0.0000000000000000e+00 0
-1.3397641146330427e-01 4.0641300099005163e-02 0.0000000000000000e+00 0
-1.3731482243761015e-01 2.7313616407381846e-02 0.0000000000000000e+00 0
-1.3933081660792435e-01 1.3722887658613932e-02 0.0000000000000000e+00 0
-1.0115108413899043e-01 8.3012549422192189e-02 0.0000000000000000e+00 0
-1.0880066672728692e-01 7.2698281298548217e-02 0.0000000000000000e+00 0
-1.1540243941850536e-01 6.1683888985076173e-02 0.0000000000000000e+00 0
-1.2089282353273323e-01 5.0075447100834204e-02 0.0000000000000000e+00 0
-1.2521894366960112e-01 3.7984751286987299e-02 0.0000000000000000e+00 0
-1.2833913692729321e-01 2.5528241553669492e-02 0.0000000000000000e+00 0
-1.3022335413906685e-01 1.2825880899033497e-02 0.0000000000000000e+00 0
-9.6498696198714540e-02 7.9194433312900894e-02 0.0000000000000000e+00 0
-1.0379644048409153e-01 6.9354564223530007e-02 0.0000000000000000e+00 0
-1.1009456830670072e-01 5.8846772767625198e-02 0.0000000000000000e+00 0
-1.1533242525270343e-01 4.7772254721049949e-02 0.0000000000000000e+00 0
-1.1945956789640594e-01 3.6237663746540125e-02 0.0000000000000000e+00 0
-1.2243624959802346e-01 2.4354084260629103e-02 0.0000000000000000e+00 0
-1.2423380328554984e-01 1.2235961629991533e-02 0.0000000000000000e+00 0
-9.2763215794084558e-02 7.6128803771265102e-02 0.0000000000000000e+00 0
-9.9778463197639555e-02 6.6669837633077933e-02 0.0000000000000000e+00 0
-1.0583278945614505e-01 5.6568804513043684e-02 0.0000000000000000e+00 0
-1.1086788809810022e-01 4.5922982881894760e-02 0.0000000000000000e+00 0
-1.1483526837111821e-01 3.4834897821537154e-02 0.0000000000000000e+00 0
-1.1769672223437913e-01 2.3411333652465977e-02 0.0000000000000000e+00 0
-1.1942469232294994e-01 1.1762305542384771e-02 0.0000000000000000e+00 0
-8.9554513428572208e-02 7.3495489793807503e-02 0.0000000000000000e+00 0
-9.6327101705384444e-02 6.4363711612215907e-02 0.0000000000000000e+00 0
-1.0217200733502374e-01 5.4612075703014878e-02 0.0000000000000000e+00 0
-1.0703294068112612e-01 4.4334495650796509e-02 0.0000000000000000e+00 0
-1.1086308829831237e-01 3.3629950169760378e-02 0.0000000000000000e+00 0
-1.1362556377125715e-01 2.2601529884588689e-02 0.0000000000000000e+00 0
-1.1529376295103327e-01 1.1355444511375386e-02 0.0000000000000000e+00 0
-8.6688589983156789e-02 7.1143487206016667e-02 0.0000000000000000e+00 0
-9.3244441896992381e-02 6.2303944180276016e-02 0.0000000000000000e+00 0
-9.8902298862763000e-02 5.2864380113278937e-02 0.0000000000000000e+00 0
-1.0360767262498910e-01 4.2915703167181261e-02 0.0000000000000000e+00 0
-1.0731524786212157e-01 3.2553724539473916e-02 0.0000000000000000e+00 0
-1.0998931859785999e-01 2.1878235748775433e-02 0.0000000000000000e+00 0
-1.1160413206922334e-01 1.0992047587956017e-02 0.0000000000000000e+00 0
-8.4080429385463479e-02 6.9003025120414771e-02 0.0000000000000000e+00 0
-9.0439038332845167e-02 6.0429433447970207e-02 0.0000000000000000e+00 0
-9.5926669902074213e-02 5.1273873297333156e-02 0.0000000000000000e+00 0
-1.0049047520129450e-01 4.1624517717692516e-02 0.0000000000000000e+00 0
-1.0408650229064481e-01 3.1574295278154564e-02 0.0000000000000000e+00 0
-1.0668011946346612e-01 2.1219995114822459e-02 0.0000000000000000e+00 0
-1.0824634876856901e-01 1.0661334798505331e-02 0.0000000000000000e+00 0
-8.1677190703963842e-02 6.7030738105209098e-02 0.0000000000000000e+00 0
-8.7854053969329382e-02 5.8702202116913627e-02 0.0000000000000000e+00 0
-9.3184834669059108e-02 4.9808331832344378e-02 0.0000000000000000e+00 0
-9.7618194470913605e-02 4.0434780084225901e-02 0.0000000000000000e+00 0
-1.0111143769647996e-01 3.0671819299997065e-02 0.0000000000000000e+00 0
-1.0363092250389497e-01 2.0613472128987315e-02 0.0000000000000000e+00 0
-1.0515238487717271e-01 1.0356605952905332e-02 0.0000000000000000e+00 0
-7.9425014328209642e-02 6.5182424720422377e-02 0.0000000000000000e+00 0
-8.5431556045997226e-02 5.7083540754139295e-02 0.0000000000000000e+00 0
-9.0615345177422757e-02 4.8434911085356282e-02 0.0000000000000000e+00 0
-9.4926458999403357e-02 3.9319826745605635e-02 0.0000000000000000e+00 0
-9.8323379129138716e-02 2.9826070979891092e-02 0.0000000000000000e+00 0
-1.0077339136883401e-01 2.0045073846051295e-02 0.0000000000000000e+00 0
-1.0225290076130822e-01 1.0071031693322052e-02 0.0000000000000000e+00 0
-1.4245927441625980e-01 1.4245927441625980e-01 1.2036760343130708e-01 0
-1.4857956331390149e-01 1.4857956331390149e-01 1.0452691720849470e-01 0
-1.5382084516461708e-01 1.5382084516461708e-01 8.8067842461914680e-02 0
-1.5815211217985914e-01 1.5815211217985914e-01 7.1087752224341078e-02 0
-1.6154774028224048e-01 1.6154774028224050e-01 5.3687101892487800e-02 0
-1.6398764069936086e-01 1.6398764069936086e-01 3.5968834925883486e-02 0
-1.6545737881038414e-01 1.6545737881038414e-01 1.8037773826193870e-02 0
-1.2603696135092704e-01 1.2603696135092704e-01 1.0649195739441325e-01 0
-1.3145172018926440e-01 1.3145172018926440e-01 9.2477341881189126e-02 0
-1.3608880149376218e-01 1.3608880149376218e-01 7.7915623971232167e-02 0
-1.3992077196839420e-01 1.3992077196839420e-01 6.2892951802097127e-02 0
-1.4292496140888955e-01 1.4292496140888958e-01 4.7498200548847208e-02 0
-1.4508359682124020e-01 1.4508359682124022e-01 3.1822446632326973e-02 0
-1.4638390756797159e-01 1.4638390756797159e-01 1.5958428904712135e-02 0
-1.1343174891830728e-01 1.1343174891830729e-01 9.5841480495144543e-02 0
-1.1830496673013093e-01 1.1830496673013094e-01 8.3228495137171538e-02 0
-1.2247828411740942e-01 1.2247828411740944e-01 7.0123124204097165e-02 0
-1.2592701144375756e-01 1.2592701144375756e-01 5.6602899983308815e-02 0
-1.2863074579806721e-01 1.2863074579806724e-01 4.2747809063143641e-02 0
-1.3057349169955051e-01 1.3057349169955051e-01 2.8639819126659666e-02 0
-1.3174375572811858e-01 1.3174375572811861e-01 1.4362394025113107e-02 0
-1.0280791540397538e-01 1.0280791540397539e-01 8.6865122973928829e-02 0
-1.0722471554433056e-01 1.0722471554433058e-01 7.5433449354861612e-02 0
-1.1100716679802911e-01 1.1100716679802912e-01 6.3555506194560255e-02 0
-1.1413289191996059e-01 1.1413289191996061e-01 5.1301564232203264e-02 0
-1.1658339890255924e-01 1.1658339890255925e-01 3.8744118642075040e-02 0
-1.1834419037580858e-01 1.1834419037580859e-01 2.5957460147064487e-02 0
-1.1940484937469245e-01 1.1940484937469246e-01 1.3017235509573302e-02 0
-9.3448190691440322e-02 9.3448190691440336e-02 7.8956844365596621e-02 0
-9.7462881390498399e-02 9.7462881390498413e-02 6.8565920553172038e-02 0
-1.0090097489378351e-01 1.0090097489378352e-01 5.7769355978310420e-02 0
-1.0374213120062548e-01 1.0374213120062549e-01 4.6631023869147775e-02 0
-1.0596954183239220e-01 1.0596954183239221e-01 3.5216819374361247e-02 0
-1.0757002927261997e-01 1.0757002927261998e-01 2.3594269722879174e-02 0
-1.0853412492611927e-01 1.0853412492611927e-01 1.1832134728090735e-02 0
-8.4985827723516219e-02 8.4985827723516247e-02 7.1806770395413569e-02 0
-8.8636961143958207e-02 8.8636961143958221e-02 6.2356814708986498e-02 0
-9.1763712127637717e-02 9.1763712127637731e-02 5.2537951762835801e-02 0
-9.4347582597919283e-02 9.4347582597919297e-02 4.2408270634153311e-02 0
-9.6373286197102961e-02 9.6373286197102975e-02 3.2027699222150888e-02 0
-9.7828838721581185e-02 9.7828838721581199e-02 2.1457649710434221e-02 0
-9.8705629021222430e-02 9.8705629021222444e-02 1.0760655248246126e-02 0
-7.9430665877628509e-02 7.9430665877628523e-02 6.7113067435024112e-02 0
-8.2843140246146377e-02 8.2843140246146391e-02 5.8280815131393438e-02 0
-8.5765508825942804e-02 8.5765508825942818e-02 4.9103769465482811e-02 0
-8.8180482680921338e-02 8.8180482680921352e-02 3.9636222478743766e-02 0
-9.0073774657523989e-02 9.0073774657524003e-02 2.9934184838678907e-02 0
-9.1434183908526423e-02 9.1434183908526437e-02 2.0055054475830836e-02 0
-9.2253662158030852e-02 9.2253662158030866e-02 1.0057277013627047e-02 0
-7.5777296512754749e-02 7.5777296512754763e-02 6.4026239169885729e-02 0
-7.9032816017825150e-02 7.9032816017825164e-02 5.5600221405930607e-02 0
-8.1820771877744003e-02 8.1820771877744031e-02 4.6845268858911084e-02 0
-8.4124670351429079e-02 8.4124670351429107e-02 3.7813176437983473e-02 0
-8.5930881415015939e-02 8.5930881415015953e-02 2.8557378631104330e-02 0
-8.7228719398027732e-02 8.7228719398027746e-02 1.9132633382877226e-02 0
-8.8010506200547012e-02 8.8010506200547026e-02 9.5946981427380840e-03 0
-7.2843944898797849e-02 7.2843944898797863e-02 6.1547772918810625e-02 0
-7.5973442708268987e-02 7.5973442708269001e-02 5.3447927688642947e-02 0
-7.8653476338210196e-02 7.8653476338210210e-02 4.5031880794975575e-02 0
-8.0868190522969938e-02 8.0868190522969965e-02 3.6349422157510747e-02 0
-8.2604482859149689e-02 8.2604482859149703e-02 2.7451917806385839e-02 0
-8.3852081320334795e-02 8.3852081320334809e-02 1.8392005997160718e-02 0
-8.4603605027118597e-02 8.4603605027118611e-02 9.2232857992310402e-03 0
-7.0324254994678287e-02 7.0324254994678301e-02 5.9418820371553237e-02 0
-7.3345502708050916e-02 7.3345502708050944e-02 5.1599150772726476e-02 0
-7.5932833318002643e-02 7.5932833318002657e-02 4.3474217003424243e-02 0
-7.8070939996406130e-02 7.8070939996406144e-02 3.5092086737825490e-02 0
-7.9747173555207079e-02 7.9747173555207093e-02 2.6502349242498086e-02 0
-8.0951617279901564e-02 8.0951617279901578e-02 1.7755822002843299e-02 0
-8.1677145597510339e-02 8.1677145597510367e-02 8.9042500833123039e-03 0
-6.8073738259624358e-02 6.8073738259624372e-02 5.7517299343943881e-02 0
-7.0998300006822154e-02 7.0998300006822168e-02 4.9947874803469801e-02 0
-7.3502830865290497e-02 7.3502830865290511e-02 4.2082955156185695e-02 0
-7.5572513855999821e-02 7.5572513855999834e-02 3.3969069814611494e-02 0
-7.7195104590198835e-02 7.7195104590198849e-02 2.5654221089658050e-02 0
-7.8361003708070850e-02 7.8361003708070864e-02 1.7187600205611858e-02 0
-7.9063313669215582e-02 7.9063313669215596e-02 8.6192962814253538e-03 0
-6.6025634329211616e-02 6.6025634329211630e-02 5.5786802240879257e-02 0
-6.8862206103149387e-02 6.8862206103149401e-02 4.8445115570377624e-02 0
-7.1291384268696620e-02 7.1291384268696648e-02 4.0816824221374226e-02 0
-7.3298797638604307e-02 7.3298797638604321e-02 3.2947057696892407e-02 0
-7.4872570215535519e-02 7.4872570215535533e-02 2.4882374083915332e-02 0
-7.6003391451292784e-02 7.6003391451292798e-02 1.6670484612499870e-02 0
-7.6684571328670070e-02 7.6684571328670098e-02 8.3599713928163150e-03 0
-6.4138448933629633e-02 6.4138448933629646e-02 5.4192269457895785e-02 0
-6.6893944063932245e-02 6.6893944063932273e-02 4.7060427403114551e-02 0
-6.9253689961181489e-02 6.9253689961181517e-02 3.9650172581489347e-02 0
-7.1203726204264531e-02 7.1203726204264545e-02 3.2005344576758674e-02 0
-7.2732516242923664e-02 7.2732516242923692e-02 2.4171170723953084e-02 0
-7.3831015648791465e-02 7.3831015648791493e-02 1.6193998541330620e-02 0
-7.4492725622859107e-02 7.4492725622859135e-02 8.1210215352300608e-03 0
-6.2369887867549420e-02 6.2369887867549448e-02 5.2697965503883164e-02 0
-6.5049402653982638e-02 6.5049402653982652e-02 4.5762777693119761e-02 0
-6.7344080642838436e-02 6.7344080642838464e-02 3.8556854101593700e-02 0
-6.9240346359282612e-02 6.9240346359282626e-02 3.1122825475252025e-02 0
-7.0726981363238864e-02 7.0726981363238892e-02 2.3504672045318115e-02 0
-7.1795190618461777e-02 7.1795190618461804e-02 1.5747463338179779e-02 0
-7.2438654524583715e-02 7.2438654524583729e-02 7.8970915409318221e-03 0
-6.2369887867549406e-02 5.2697965503883254e-02 6.2369887867549420e-02 0
-6.5049402653982638e-02 4.5762777693119906e-02 6.5049402653982652e-02 0
-6.7344080642838380e-02 3.8556854101593881e-02 6.7344080642838394e-02 0
-6.9240346359282542e-02 3.1122825475252303e-02 6.9240346359282570e-02 0
-7.0726981363238808e-02 2.3504672045318392e-02 7.0726981363238836e-02 0
-7.1795190618461749e-02 1.5747463338180140e-02 7.1795190618461763e-02 0
-7.2438654524583715e-02 7.8970915409321829e-03 7.2438654524583701e-02 0
-6.4138448933629549e-02 5.4192269457895889e-02 6.4138448933629577e-02 0
-6.6893944063932190e-02 4.7060427403114710e-02 6.6893944063932204e-02 0
-6.9253689961181517e-02 3.9650172581489534e-02 6.9253689961181530e-02 0
-7.1203726204264545e-02 3.2005344576758910e-02 7.1203726204264572e-02 0
-7.2732516242923650e-02 2.4171170723953375e-02 7.2732516242923664e-02 0
-7.3831015648791451e-02 1.6193998541330940e-02 7.3831015648791465e-02 0
-7.4492725622859080e-02 8.1210215352304771e-03 7.4492725622859093e-02 0
-6.6025634329211519e-02 5.5786802240879355e-02 6.6025634329211533e-02 0
-6.8862206103149332e-02 4.8445115570377756e-02 6.8862206103149345e-02 0
-7.1291384268696606e-02 4.0816824221374434e-02 7.1291384268696620e-02 0
-7.3298797638604266e-02 3.2947057696892670e-02 7.3298797638604293e-02 0
-7.4872570215535450e-02 2.4882374083915582e-02 7.4872570215535478e-02 0
-7.6003391451292757e-02 1.6670484612500244e-02 7.6003391451292784e-02 0
-7.6684571328670070e-02 8.3599713928167035e-03 7.6684571328670098e-02 0
-6.8073738259624261e-02 5.7517299343943985e-02 6.8073738259624275e-02 0
-7.0998300006822085e-02 4.9947874803469960e-02 7.0998300006822113e-02 0
-7.3502830865290400e-02 4.2082955156185889e-02 7.3502830865290414e-02 0
-7.5572513855999807e-02 3.3969069814611744e-02 7.5572513855999821e-02 0
-7.7195104590198793e-02 2.5654221089658355e-02 7.7195104590198807e-02 0
-7.8361003708070809e-02 1.7187600205612219e-02 7.8361003708070837e-02 0
-7.9063313669215582e-02 8.6192962814257701e-03 7.9063313669215596e-02 0
-7.0324254994678245e-02 5.9418820371553327e-02 7.0324254994678273e-02 0
-7.3345502708050903e-02 5.1599150772726636e-02 7.3345502708050916e-02 0
-7.5932833318002615e-02 4.3474217003424437e-02 7.5932833318002643e-02 0
-7.8070939996406089e-02 3.5092086737825740e-02 7.8070939996406102e-02 0
-7.9747173555207010e-02 2.6502349242498335e-02 7.9747173555207038e-02 0
-8.0951617279901550e-02 1.7755822002843688e-02 8.0951617279901564e-02 0
-8.1677145597510284e-02 8.9042500833127203e-03 8.1677145597510298e-02 0
-7.2843944898797836e-02 6.1547772918810736e-02 7.2843944898797849e-02 0
-7.5973442708268932e-02 5.3447927688643100e-02 7.5973442708268946e-02 0
-7.8653476338210113e-02 4.5031880794975762e-02 7.8653476338210140e-02 0
-8.0868190522969924e-02 3.6349422157510997e-02 8.0868190522969938e-02 0
-8.2604482859149606e-02 2.7451917806386159e-02 8.2604482859149619e-02 0
-8.3852081320334712e-02 1.8392005997161093e-02 8.3852081320334740e-02 0
-8.4603605027118556e-02 9.2232857992314565e-03 8.4603605027118570e-02 0
-7.5777296512754708e-02 6.4026239169885854e-02 7.5777296512754735e-02 0
-7.9032816017825150e-02 5.5600221405930780e-02 7.9032816017825164e-02 0
-8.1820771877743947e-02 4.6845268858911285e-02 8.1820771877743961e-02 0
-8.4124670351429079e-02 3.7813176437983750e-02 8.4124670351429107e-02 0
-8.5930881415015842e-02 2.8557378631104649e-02 8.5930881415015856e-02 0
-8.7228719398027704e-02 1.9132633382877642e-02 8.7228719398027718e-02 0
-8.8010506200546984e-02 9.5946981427385419e-03 8.8010506200547012e-02 0
-7.9430665877628509e-02 6.7113067435024237e-02 7.9430665877628523e-02 0
-8.2843140246146335e-02 5.8280815131393618e-02 8.2843140246146349e-02 0
-8.5765508825942693e-02 4.9103769465483012e-02 8.5765508825942707e-02 0
-8.8180482680921296e-02 3.9636222478744050e-02 8.8180482680921310e-02 0
-9.0073774657523906e-02 2.9934184838679240e-02 9.0073774657523920e-02 0
-9.1434183908526409e-02 2.0055054475831252e-02 9.1434183908526423e-02 0
-9.2253662158030825e-02 1.0057277013627547e-02 9.2253662158030839e-02 0
-8.4985827723516108e-02 7.1806770395413708e-02 8.4985827723516122e-02 0
-8.8636961143958123e-02 6.2356814708986692e-02 8.8636961143958137e-02 0
-9.1763712127637620e-02 5.2537951762836051e-02 9.1763712127637634e-02 0
-9.4347582597919227e-02 4.2408270634153630e-02 9.4347582597919241e-02 0
-9.6373286197102837e-02 3.2027699222151262e-02 9.6373286197102850e-02 0
-9.7828838721581143e-02 2.1457649710434651e-02 9.7828838721581157e-02 0
-9.8705629021222430e-02 1.0760655248246653e-02 9.8705629021222444e-02 0
-9.3448190691440197e-02 7.8956844365596759e-02 9.3448190691440211e-02 0
-9.7462881390498315e-02 6.8565920553172247e-02 9.7462881390498329e-02 0
-1.0090097489378343e-01 5.7769355978310691e-02 1.0090097489378344e-01 0
-1.0374213120062541e-01 4.6631023869148108e-02 1.0374213120062542e-01 0
-1.0596954183239209e-01 3.5216819374361663e-02 1.0596954183239210e-01 0
-1.0757002927261991e-01 2.3594269722879660e-02 1.0757002927261992e-01 0
-1.0853412492611922e-01 1.1832134728091304e-02 1.0853412492611923e-01 0
-1.0280791540397533e-01 8.6865122973928982e-02 1.0280791540397534e-01 0
-1.0722471554433052e-01 7.5433449354861848e-02 1.0722471554433054e-01 0
-1.1100716679802901e-01 6.3555506194560532e-02 1.1100716679802902e-01 0
-1.1413289191996051e-01 5.1301564232203653e-02 1.1413289191996051e-01 0
-1.1658339890255916e-01 3.8744118642075470e-02 1.1658339890255917e-01 0
-1.1834419037580853e-01 2.5957460147064987e-02 1.1834419037580854e-01 0
-1.1940484937469242e-01 1.3017235509573899e-02 1.1940484937469242e-01 0
-1.1343174891830721e-01 9.5841480495144710e-02 1.1343174891830722e-01 0
-1.1830496673013087e-01 8.3228495137171787e-02 1.1830496673013088e-01 0
-1.2247828411740933e-01 7.0123124204097470e-02 1.2247828411740934e-01 0
-1.2592701144375748e-01 5.6602899983309224e-02 1.2592701144375751e-01 0
-1.2863074579806713e-01 4.2747809063144092e-02 1.2863074579806713e-01 0
-1.3057349169955046e-01 2.8639819126660221e-02 1.3057349169955046e-01 0
-1.3174375572811856e-01 1.4362394025113800e-02 1.3174375572811856e-01 0
-1.2603696135092696e-01 1.0649195739441343e-01 1.2603696135092696e-01 0
-1.3145172018926432e-01 9.2477341881189418e-02 1.3145172018926432e-01 0
-1.3608880149376207e-01 7.7915623971232500e-02 1.3608880149376207e-01 0
-1.3992077196839411e-01 6.2892951802097585e-02 1.3992077196839414e-01 0
-1.4292496140888944e-01 4.7498200548847742e-02 1.4292496140888944e-01 0
-1.4508359682124011e-01 3.1822446632327639e-02 1.4508359682124011e-01 0
-1.4638390756797154e-01 1.5958428904712885e-02 1.4638390756797154e-01 0
-1.4245927441625969e-01 1.2036760343130729e-01 1.4245927441625969e-01 0
-1.4857956331390137e-01 1.0452691720849501e-01 1.4857956331390137e-01 0
-1.5382084516461694e-01 8.8067842461915069e-02 1.5382084516461694e-01 0
-1.5815211217985906e-01 7.1087752224341591e-02 1.5815211217985903e-01 0
-1.6154774028224037e-01 5.3687101892488404e-02 1.6154774028224034e-01 0
-1.6398764069936081e-01 3.5968834925884180e-02 1.6398764069936081e-01 0
-1.6545737881038405e-01 1.8037773826194703e-02 1.6545737881038405e-01 0
-2.3355620071577543e-01 0.0000000000000000e+00 2.3003277971264675e-02 0
-2.3017684824697626e-01 0.0000000000000000e+00 4.5785021800795245e-02 0
-2.2458076690209419e-01 0.0000000000000000e+00 6.8125830841745283e-02 0
-2.1682185000360954e-01 0.0000000000000000e+00 8.9810550890321944e-02 0
-2.0697482016271018e-01 0.0000000000000000e+00 1.1063034623838358e-01 0
-1.9513450965969806e-01 0.0000000000000000e+00 1.3038471087547060e-01 0
-1.8141494715728929e-01 0.0000000000000000e+00 1.4888339947129353e-01 0
-2.0663248471188159e-01 0.0000000000000000e+00 2.0351523398451338e-02 0
-2.0364269469472435e-01 0.0000000000000000e+00 4.0507050501301267e-02 0
-1.9869171420523618e-01 0.0000000000000000e+00 6.0272472564417381e-02 0
-1.9182722389201204e-01 0.0000000000000000e+00 7.9457437768453126e-02 0
-1.8311533254928031e-01 0.0000000000000000e+00 9.7877184410924772e-02 0
-1.7263994045307587e-01 0.0000000000000000e+00 1.1535432026240763e-01 0
-1.6050193135571691e-01 0.0000000000000000e+00 1.3172053095067757e-01 0
-1.8596675033241528e-01 0.0000000000000000e+00 1.8316126218011236e-02 0
-1.8327597528587658e-01 0.0000000000000000e+00 3.6455858127929980e-02 0
-1.7882015240849553e-01 0.0000000000000000e+00 5.4244500195277504e-02 0
-1.7264219371038170e-01 0.0000000000000000e+00 7.1510738072684349e-02 0
-1.6480159631101376e-01 0.0000000000000000e+00 8.8088288450705349e-02 0
-1.5537386944945419e-01 0.0000000000000000e+00 1.0381750045698929e-01 0
-1.4444980728909948e-01 0.0000000000000000e+00 1.1854689318145370e-01 0
-1.6854940630331311e-01 0.0000000000000000e+00 1.6600667561830384e-02 0
-1.6611064488075136e-01 0.0000000000000000e+00 3.3041461620192371e-02 0
-1.6207214714267265e-01 0.0000000000000000e+00 4.9164048340851647e-02 0
-1.5647280602996222e-01 0.0000000000000000e+00 6.4813158400185880e-02 0
-1.4936654625844642e-01 0.0000000000000000e+00 7.9838082313649875e-02 0
-1.4082180499440178e-01 0.0000000000000000e+00 9.4094121850498091e-02 0
-1.3092087276723202e-01 0.0000000000000000e+00 1.0744398355684676e-01 0
-1.5320451736882509e-01 0.0000000000000000e+00 1.5089327916312782e-02 0
-1.5098778297078802e-01 0.0000000000000000e+00 3.0033337356125803e-02 0
-1.4731695368442424e-01 0.0000000000000000e+00 4.4688109339307072e-02 0
-1.4222738160244081e-01 0.0000000000000000e+00 5.8912510400545307e-02 0
-1.3576808208623023e-01 0.0000000000000000e+00 7.2569551781772157e-02 0
-1.2800126172114604e-01 0.0000000000000000e+00 8.5527708708788189e-02 0
-1.1900171923307984e-01 0.0000000000000000e+00 9.7662187046737084e-02 0
-1.3933081660792440e-01 0.0000000000000000e+00 1.3722887658614277e-02 0
-1.3731482243761012e-01 0.0000000000000000e+00 2.7313616407382647e-02 0
-1.3397641146330405e-01 0.0000000000000000e+00 4.0641300099006378e-02 0
-1.2934773440764996e-01 0.0000000000000000e+00 5.3577585853882101e-02 0
-1.2347336796098585e-01 0.0000000000000000e+00 6.5997890168497247e-02 0
-1.1640988548344877e-01 0.0000000000000000e+00 7.7782598722673083e-02 0
-1.0822531217258946e-01 0.0000000000000000e+00 8.8818218330855875e-02 0
-1.3022335413906694e-01 0.0000000000000000e+00 1.2825880899033769e-02 0
-1.2833913692729326e-01 0.0000000000000000e+00 2.5528241553670165e-02 0
-1.2521894366960101e-01 0.0000000000000000e+00 3.7984751286988326e-02 0
-1.2089282353273284e-01 0.0000000000000000e+00 5.0075447100835557e-02 0
-1.1540243941850475e-01 0.0000000000000000e+00 6.1683888985077817e-02 0
-1.0880066672728594e-01 0.0000000000000000e+00 7.2698281298550008e-02 0
-1.0115108413898888e-01 0.0000000000000000e+00 8.3012549422194146e-02 0
-1.2423380328554989e-01 0.0000000000000000e+00 1.2235961629991752e-02 0
-1.2243624959802346e-01 0.0000000000000000e+00 2.4354084260629686e-02 0
-1.1945956789640572e-01 0.0000000000000000e+00 3.6237663746541048e-02 0
-1.1533242525270324e-01 0.0000000000000000e+00 4.7772254721051156e-02 0
-1.1009456830670017e-01 0.0000000000000000e+00 5.8846772767626662e-02 0
-1.0379644048409067e-01 0.0000000000000000e+00 6.9354564223531631e-02 0
-9.6498696198713235e-02 0.0000000000000000e+00 7.9194433312902657e-02 0
-1.1942469232295005e-01 0.0000000000000000e+00 1.1762305542384952e-02 0
-1.1769672223437919e-01 0.0000000000000000e+00 2.3411333652466493e-02 0
-1.1483526837111821e-01 0.0000000000000000e+00 3.4834897821537980e-02 0
-1.1086788809810005e-01 0.0000000000000000e+00 4.5922982881895856e-02 0
-1.0583278945614455e-01 0.0000000000000000e+00 5.6568804513044996e-02 0
-9.9778463197638750e-02 0.0000000000000000e+00 6.6669837633079349e-02 0
-9.2763215794083309e-02 0.0000000000000000e+00 7.6128803771266657e-02 0
-1.1529376295103341e-01 0.0000000000000000e+00 1.1355444511375538e-02 0
-1.1362556377125721e-01 0.0000000000000000e+00 2.2601529884589133e-02 0
-1.1086308829831240e-01 0.0000000000000000e+00 3.3629950169761114e-02 0
-1.0703294068112604e-01 0.0000000000000000e+00 4.4334495650797487e-02 0
-1.0217200733502335e-01 0.0000000000000000e+00 5.4612075703016058e-02 0
-9.6327101705383722e-02 0.0000000000000000e+00 6.4363711612217211e-02 0
-8.9554513428571125e-02 0.0000000000000000e+00 7.3495489793808877e-02 0
-1.1160413206922346e-01 0.0000000000000000e+00 1.0992047587956136e-02 0
-1.0998931859786004e-01 0.0000000000000000e+00 2.1878235748775829e-02 0
-1.0731524786212165e-01 0.0000000000000000e+00 3.2553724539474582e-02 0
-1.0360767262498910e-01 0.0000000000000000e+00 4.2915703167182156e-02 0
-9.8902298862762639e-02 0.0000000000000000e+00 5.2864380113280006e-02 0
-9.3244441896991798e-02 0.0000000000000000e+00 6.2303944180277210e-02 0
-8.6688589983155928e-02 0.0000000000000000e+00 7.1143487206017930e-02 0
-1.0824634876856906e-01 0.0000000000000000e+00 1.0661334798505425e-02 0
-1.0668011946346628e-01 0.0000000000000000e+00 2.1219995114822813e-02 0
-1.0408650229064473e-01 0.0000000000000000e+00 3.1574295278155168e-02 0
-1.0049047520129448e-01 0.0000000000000000e+00 4.1624517717693342e-02 0
-9.5926669902073963e-02 0.0000000000000000e+00 5.1273873297334127e-02 0
-9.0439038332844612e-02 0.0000000000000000e+00 6.0429433447971297e-02 0
-8.4080429385462563e-02 0.0000000000000000e+00 6.9003025120415895e-02 0
-1.0515238487717282e-01 0.0000000000000000e+00 1.0356605952905404e-02 0
-1.0363092250389497e-01 0.0000000000000000e+00 2.0613472128987637e-02 0
-1.0111143769648001e-01 0.0000000000000000e+00 3.0671819299997606e-02 0
-9.7618194470913550e-02 0.0000000000000000e+00 4.0434780084226608e-02 0
-9.3184834669058858e-02 0.0000000000000000e+00 4.9808331832345266e-02 0
-8.7854053969328827e-02 0.0000000000000000e+00 5.8702202116914598e-02 0
-8.1677190703963093e-02 0.0000000000000000e+00 6.7030738105210125e-02 0
-1.0225290076130830e-01 0.0000000000000000e+00 1.0071031693322090e-02 0
-1.0077339136883415e-01 0.0000000000000000e+00 2.0045073846051569e-02 0
-9.8323379129138744e-02 0.0000000000000000e+00 2.9826070979891570e-02 0
-9.4926458999403246e-02 0.0000000000000000e+00 3.9319826745606280e-02 0
-9.0615345177422563e-02 0.0000000000000000e+00 4.8434911085357066e-02 0
-8.5431556045996809e-02 0.0000000000000000e+00 5.7083540754140162e-02 0
-7.9425014328208948e-02 0.0000000000000000e+00 6.5182424720423279e-02 0
-9.9030076208562606e-02 9.8837896835727752e-03 9.7649735082684860e-03 0
-9.7595199014610404e-02 9.8689060658083572e-03 1.9436610361964830e-02 0
-9.5227809098290525e-02 9.7547594579504293e-03 2.8922466047297285e-02 0
-9.1950790846999378e-02 9.5400427296284240e-03 3.8131871804675949e-02 0
-8.7795723684394089e-02 9.2244807590265189e-03 4.6976801268922889e-02 0
-8.2802577558507492e-02 8.8088553030587196e-03 5.5372711852654723e-02 0
-7.7019328194338141e-02 8.2950188701138069e-03 6.3239352830632978e-02 0
-9.7572469373504292e-02 1.9656625328519764e-02 9.6555839311127344e-03 0
-9.6154929115901219e-02 1.9615941428505694e-02 1.9220937765609795e-02 0
-9.3840076593614707e-02 1.9382935627512213e-02 2.8606674594650851e-02 0
-9.0650476223359075e-02 1.8955448988558755e-02 3.7725086005473314e-02 0
-8.6616867409964493e-02 1.8333269208911776e-02 4.6490961704380766e-02 0
-8.1777867849038913e-02 1.7518171873582837e-02 5.4822385795154339e-02 0
-7.6179603102589033e-02 1.6513941512164888e-02 6.2641502271775104e-02 0
-9.5167824365376852e-02 2.9211135490941249e-02 9.4760101778468553e-03 0
-9.3785839081877154e-02 2.9124947250658978e-02 1.8866738863793604e-02 0
-9.1562285404295868e-02 2.8765092888690870e-02 2.8087672075970550e-02 0
-8.8518958998717395e-02 2.8129340723282492e-02 3.7055823945189373e-02 0
-8.4685030399725386e-02 2.7218106800329669e-02 4.5690483564998913e-02 0
-8.0096765229730180e-02 2.6034498764785637e-02 5.3913941367700668e-02 0
-7.4797180438575681e-02 2.4584333485756140e-02 6.1652188489138685e-02 0
-9.1851322952731448e-02 3.8446590922205849e-02 9.2300659961663811e-03 0
-9.0531681410525811e-02 3.8290225945082065e-02 1.8381329061240955e-02 0
-8.8442780607176336e-02 3.7794812471926904e-02 2.7375659054765279e-02 0
-8.5604951360009562e-02 3.6958931340395886e-02 3.6136265673507292e-02 0
-8.2044907377961676e-02 3.5784240325173071e-02 4.4588354059013520e-02 0
-7.7795494567210979e-02 3.4275506516853398e-02 5.2659763368782711e-02 0
-7.2895387932163602e-02 3.2440610139329161e-02 6.0281582859173760e-02 0
-8.7668965116385222e-02 4.7270927895139973e-02 8.9225518409537987e-03 0
-8.6448053063430855e-02 4.7019374942355495e-02 1.7773927578687749e-02 0
-8.4541910040332666e-02 4.6381986524820173e-02 2.6483518888993932e-02 0
-8.1968523386573899e-02 4.5358918097710817e-02 3.4981848476457793e-02 0
-7.8751181462381373e-02 4.3953546811721797e-02 4.3201124301907499e-02 0
-7.4918264699694509e-02 4.2172482430483660e-02 5.1075780366403173e-02 0
-7.0502996120586983e-02 4.0025550835828309e-02 5.8542999737876626e-02 0
-8.2675229175459997e-02 5.5601725576203742e-02 8.5588897488925609e-03 0
-8.1598462505529726e-02 5.5234219791720579e-02 1.7054966453604083e-02 0
-7.9927032736538631e-02 5.4453596422202814e-02 2.5425878050131231e-02 0
-7.7675666369303301e-02 5.3262049449406546e-02 3.3610191051728001e-02 0
-7.4863318273019716e-02 5.1664886061709617e-02 4.1547841404615926e-02 0
-7.1513014088074645e-02 4.9670512679419056e-02 4.9180575293529372e-02 0
-6.7651662945652197e-02 4.7290397227059085e-02 5.6452376662057657e-02 0
-7.6930934853160118e-02 6.3366346113699498e-02 8.1447800963362262e-03 0
-7.6050899104012901e-02 6.2870273076616953e-02 1.6235439899887769e-02 0
-7.4668294720462991e-02 6.1952591913656790e-02 2.4218218735447619e-02 0
-7.2793805812652879e-02 6.0617617669997799e-02 3.2040072773384200e-02 0
-7.0441362901317570e-02 5.8872480934276272e-02 3.9649027494355511e-02 0
-6.7628040383060958e-02 5.6727091917119242e-02 4.6994523048689209e-02 0
-6.4373933277642723e-02 5.4194085664465382e-02 5.4027750215590066e-02 0
-2.9651370998775631e-02 2.9709022939728480e-01 2.9294910728002999e-02 0
-2.9606722233913942e-02 2.9278560048179281e-01 5.8309811773661797e-02 0
-2.9264284588617497e-02 2.8568343524419992e-01 8.6767369872489578e-02 0
-2.8620136618988583e-02 2.7585238676152746e-01 1.1439557901369730e-01 0
-2.7673452905254088e-02 2.6338719318539794e-01 1.4093036035651985e-01 0
-2.6426578663036382e-02 2.4840776420809363e-01 1.6611808637623571e-01 0
-2.4885071362356851e-02 2.3105802682250864e-01 1.8971800511332410e-01 0
-5.8969874111869193e-02 2.9271740776431510e-01 2.8966759207235650e-02 0
-5.8847820300167469e-02 2.8846478523833141e-01 5.7662827916453448e-02 0
-5.8148800593210523e-02 2.8152022455250419e-01 8.5820045196204800e-02 0
-5.6866338229850454e-02 2.7195141901355641e-01 1.1317528560971832e-01 0
-5.4999796355217102e-02 2.5985058691714880e-01 1.3947291808698176e-01 0
-5.2554501780549642e-02 2.4533358145471759e-01 1.6446719476296681e-01 0
-4.9541808152992167e-02 2.2853877943885964e-01 1.8792454745862330e-01 0
-8.7633403086673667e-02 2.8550347260250208e-01 2.8428045929344482e-02 0
-8.7374834194876377e-02 2.8135751348191818e-01 5.6600246966688091e-02 0
-8.6295266227900513e-02 2.7468684646088259e-01 8.4263060756367331e-02 0
-8.4388004229048755e-02 2.6555685864441303e-01 1.1116752929317658e-01 0
-8.1654296437577725e-02 2.5405506179001169e-01 1.3707151947854634e-01 0
-7.8103465901848662e-02 2.4029025296348819e-01 1.6174190225436827e-01 0
-7.3752963353353823e-02 2.2439148325501884e-01 1.8495665070283748e-01 0
-1.1533977379494091e-01 2.7555396871595206e-01 2.7690195120655105e-02 0
-1.1487068007245735e-01 2.7159504443497728e-01 5.5143981521593576e-02 0
-1.1338444101926090e-01 2.6532834285392842e-01 8.2126968853951834e-02 0
-1.1087679912224677e-01 2.5681485641223184e-01 1.0840878627846404e-01 0
-1.0735272767679302e-01 2.4613472621629323e-01 1.3376504928710894e-01 0
-1.0282652792372814e-01 2.3338648995666883e-01 1.5797927541565845e-01 0
-9.7321840501846946e-02 2.1868617261139081e-01 1.8084473249147742e-01 0
-1.4181278800834127e-01 2.6300689487396361e-01 2.6767637289403855e-02 0
-1.4105813493298230e-01 2.5934416110150060e-01 5.3321746706080773e-02 0
-1.3914597683381313e-01 2.5362573724175741e-01 7.9450503708528922e-02 0
-1.3607677996389608e-01 2.4590558523052419e-01 1.0494547683007019e-01 0
-1.3186067564102757e-01 2.3625357002275854e-01 1.2960329035558180e-01 0
-1.2651749300128753e-01 2.2475483274715374e-01 1.5322724666803911e-01 0
-1.2007670951639489e-01 2.1150904226355302e-01 1.7562889532326351e-01 0
-1.6680517817408969e-01 2.4802568733284938e-01 2.5676661725734393e-02 0
-1.6570266296008698e-01 2.4479538819920912e-01 5.1164884484715803e-02 0
-1.6336079565512901e-01 2.3978110082439935e-01 7.6277612248696017e-02 0
-1.5978615816462963e-01 2.3302700468192128e-01 1.0083054471716286e-01 0
-1.5499467200417050e-01 2.2458996433551856e-01 1.2464348988250493e-01 0
-1.4901155637588073e-01 2.1453905664815162e-01 1.4754168644474311e-01 0
-1.4187121498585953e-01 2.0295500894151838e-01 1.6935708637073385e-01 0
-1.9009903516611004e-01 2.3079280577389699e-01 2.4434353519712623e-02 0
-1.8861081156516493e-01 2.2815269805568478e-01 4.8706345897032523e-02 0
-1.8585776233918766e-01 2.2400488274860730e-01 7.2654694845224826e-02 0
-1.8185283270792774e-01 2.1838141220466001e-01 9.6120268620103227e-02 0
-1.7661741453762689e-01 2.1132407802939981e-01 1.1894714341701608e-01 0
-1.7018123857566397e-01 2.0288410347731098e-01 1.4098363945174877e-01 0
-1.6258221008941298e-01 1.9312177369298902e-01 1.6208332884080306e-01 0
-2.3003277971264779e-02 2.3355620071577543e-01 0.0000000000000000e+00 0
-4.5785021800795467e-02 2.3017684824697623e-01 0.0000000000000000e+00 0
-6.8125830841745616e-02 2.2458076690209414e-01 0.0000000000000000e+00 0
-8.9810550890322388e-02 2.1682185000360932e-01 0.0000000000000000e+00 0
-1.1063034623838408e-01 2.0697482016270996e-01 0.0000000000000000e+00 0
-1.3038471087547113e-01 1.9513450965969770e-01 0.0000000000000000e+00 0
-1.4888339947129409e-01 1.8141494715728879e-01 0.0000000000000000e+00 0
-2.0351523398451421e-02 2.0663248471188159e-01 0.0000000000000000e+00 0
-4.0507050501301545e-02 2.0364269469472432e-01 0.0000000000000000e+00 0
-6.0272472564417728e-02 1.9869171420523613e-01 0.0000000000000000e+00 0
-7.9457437768453515e-02 1.9182722389201187e-01 0.0000000000000000e+00 0
-9.7877184410925189e-02 1.8311533254928009e-01 0.0000000000000000e+00 0
-1.1535432026240813e-01 1.7263994045307551e-01 0.0000000000000000e+00 0
-1.3172053095067804e-01 1.6050193135571650e-01 0.0000000000000000e+00 0
-1.8316126218011264e-02 1.8596675033241528e-01 0.0000000000000000e+00 0
-3.6455858127930230e-02 1.8327597528587664e-01 0.0000000000000000e+00 0
-5.4244500195277767e-02 1.7882015240849547e-01 0.0000000000000000e+00 0
-7.1510738072684654e-02 1.7264219371038159e-01 0.0000000000000000e+00 0
-8.8088288450705765e-02 1.6480159631101360e-01 0.0000000000000000e+00 0
-1.0381750045698970e-01 1.5537386944945392e-01 0.0000000000000000e+00 0
-1.1854689318145420e-01 1.4444980728909915e-01 0.0000000000000000e+00 0
-1.6600667561830484e-02 1.6854940630331308e-01 0.0000000000000000e+00 0
-3.3041461620192614e-02 1.6611064488075139e-01 0.0000000000000000e+00 0
-4.9164048340851918e-02 1.6207214714267268e-01 0.0000000000000000e+00 0
-6.4813158400186116e-02 1.5647280602996205e-01 0.0000000000000000e+00 0
-7.9838082313650166e-02 1.4936654625844628e-01 0.0000000000000000e+00 0
-9.4094121850498480e-02 1.4082180499440164e-01 0.0000000000000000e+00 0
-1.0744398355684720e-01 1.3092087276723166e-01 0.0000000000000000e+00 0
-1.5089327916312789e-02 1.5320451736882507e-01 0.0000000000000000e+00 0
-3.0033337356125900e-02 1.5098778297078808e-01 0.0000000000000000e+00 0
-4.4688109339307280e-02 1.4731695368442424e-01 0.0000000000000000e+00 0
-5.8912510400545515e-02 1.4222738160244067e-01 0.0000000000000000e+00 0
-7.2569551781772407e-02 1.3576808208623009e-01 0.0000000000000000e+00 0
-8.5527708708788508e-02 1.2800126172114581e-01 0.0000000000000000e+00 0
-9.7662187046737459e-02 1.1900171923307953e-01 0.0000000000000000e+00 0
-1.3722887658614347e-02 1.3933081660792443e-01 0.0000000000000000e+00 0
-2.7313616407382779e-02 1.3731482243761009e-01 0.0000000000000000e+00 0
-4.0641300099006628e-02 1.3397641146330402e-01 0.0000000000000000e+00 0
-5.3577585853882337e-02 1.2934773440764985e-01 0.0000000000000000e+00 0
-6.5997890168497553e-02 1.2347336796098576e-01 0.0000000000000000e+00 0
-7.7782598722673374e-02 1.1640988548344849e-01 0.0000000000000000e+00 0
-8.8818218330856236e-02 1.0822531217258913e-01 0.0000000000000000e+00 0
-1.2825880899033859e-02 1.3022335413906697e-01 0.0000000000000000e+00 0
-2.5528241553670339e-02 1.2833913692729326e-01 0.0000000000000000e+00 0
-3.7984751286988527e-02 1.2521894366960096e-01 0.0000000000000000e+00 0
-5.0075447100835779e-02 1.2089282353273281e-01 0.0000000000000000e+00 0
-6.1683888985078067e-02 1.1540243941850466e-01 0.0000000000000000e+00 0
-7.2698281298550299e-02 1.0880066672728575e-01 0.0000000000000000e+00 0
-8.3012549422194465e-02 1.0115108413898863e-01 0.0000000000000000e+00 0
-1.2235961629991798e-02 1.2423380328554991e-01 0.0000000000000000e+00 0
-2.4354084260629849e-02 1.2243624959802352e-01 0.0000000000000000e+00 0
-3.6237663746541193e-02 1.1945956789640579e-01 0.0000000000000000e+00 0
-4.7772254721051344e-02 1.1533242525270315e-01 0.0000000000000000e+00 0
-5.8846772767626870e-02 1.1009456830670010e-01 0.0000000000000000e+00 0
-6.9354564223531895e-02 1.0379644048409051e-01 0.0000000000000000e+00 0
-7.9194433312902907e-02 9.6498696198712930e-02 0.0000000000000000e+00 0
-1.1762305542385054e-02 1.1942469232295003e-01 0.0000000000000000e+00 0
-2.3411333652466615e-02 1.1769672223437916e-01 0.0000000000000000e+00 0
-3.4834897821538091e-02 1.1483526837111815e-01 0.0000000000000000e+00 0
-4.5922982881896057e-02 1.1086788809809996e-01 0.0000000000000000e+00 0
-5.6568804513045162e-02 1.0583278945614445e-01 0.0000000000000000e+00 0
-6.6669837633079654e-02 9.9778463197638556e-02 0.0000000000000000e+00 0
-7.6128803771266962e-02 9.2763215794083073e-02 0.0000000000000000e+00 0
-1.1355444511375601e-02 1.1529376295103339e-01 0.0000000000000000e+00 0
-2.2601529884589189e-02 1.1362556377125721e-01 0.0000000000000000e+00 0
-3.3629950169761280e-02 1.1086308829831237e-01 0.0000000000000000e+00 0
-4.4334495650797723e-02 1.0703294068112597e-01 0.0000000000000000e+00 0
-5.4612075703016266e-02 1.0217200733502323e-01 0.0000000000000000e+00 0
-6.4363711612217434e-02 9.6327101705383611e-02 0.0000000000000000e+00 0
-7.3495489793809154e-02 8.9554513428570875e-02 0.0000000000000000e+00 0
-1.0992047587956300e-02 1.1160413206922346e-01 0.0000000000000000e+00 0
-2.1878235748775954e-02 1.0998931859786004e-01 0.0000000000000000e+00 0
-3.2553724539474804e-02 1.0731524786212158e-01 0.0000000000000000e+00 0
-4.2915703167182295e-02 1.0360767262498893e-01 0.0000000000000000e+00 0
-5.2864380113280207e-02 9.8902298862762583e-02 0.0000000000000000e+00 0
-6.2303944180277432e-02 9.3244441896991645e-02 0.0000000000000000e+00 0
-7.1143487206018263e-02 8.6688589983155692e-02 0.0000000000000000e+00 0
-1.0661334798505451e-02 1.0824634876856910e-01 0.0000000000000000e+00 0
-2.1219995114822920e-02 1.0668011946346630e-01 0.0000000000000000e+00 0
-3.1574295278155251e-02 1.0408650229064480e-01 0.0000000000000000e+00 0
-4.1624517717693543e-02 1.0049047520129444e-01 0.0000000000000000e+00 0
-5.1273873297334405e-02 9.5926669902073894e-02 0.0000000000000000e+00 0
-6.0429433447971526e-02 9.0439038332844446e-02 0.0000000000000000e+00 0
-6.9003025120416117e-02 8.4080429385462369e-02 0.0000000000000000e+00 0
-1.0356605952905440e-02 1.0515238487717281e-01 0.0000000000000000e+00 0
-2.0613472128987786e-02 1.0363092250389509e-01 0.0000000000000000e+00 0
-3.0671819299997571e-02 1.0111143769647998e-01 0.0000000000000000e+00 0
-4.0434780084226851e-02 9.7618194470913494e-02 0.0000000000000000e+00 0
-4.9808331832345454e-02 9.3184834669058789e-02 0.0000000000000000e+00 0
-5.8702202116914792e-02 8.7854053969328744e-02 0.0000000000000000e+00 0
-6.7030738105210402e-02 8.1677190703962940e-02 0.0000000000000000e+00 0
-1.0071031693322186e-02 1.0225290076130833e-01 0.0000000000000000e+00 0
-2.0045073846051809e-02 1.0077339136883416e-01 0.0000000000000000e+00 0
-2.9826070979891595e-02 9.8323379129138758e-02 0.0000000000000000e+00 0
-3.9319826745606579e-02 9.4926458999403232e-02 0.0000000000000000e+00 0
-4.8434911085357191e-02 9.0615345177422507e-02 0.0000000000000000e+00 0
-5.7083540754140322e-02 8.5431556045996671e-02 0.0000000000000000e+00 0
-6.5182424720423543e-02 7.9425014328208823e-02 0.0000000000000000e+00 0
0.0000000000000000e+00 1.8141494715728901e-01 1.4888339947129386e-01 0
0.0000000000000000e+00 1.9513450965969784e-01 1.3038471087547088e-01 0
0.0000000000000000e+00 2.0697482016270999e-01 1.1063034623838380e-01 0
0.0000000000000000e+00 2.1682185000360937e-01 8.9810550890322111e-02 0
0.0000000000000000e+00 2.2458076690209411e-01 6.8125830841745422e-02 0
0.0000000000000000e+00 2.3017684824697621e-01 4.5785021800795335e-02 0
0.0000000000000000e+00 2.3355620071577537e-01 2.3003277971264727e-02 0
0.0000000000000000e+00 1.6050193135571650e-01 1.3172053095067801e-01 0
0.0000000000000000e+00 1.7263994045307551e-01 1.1535432026240802e-01 0
0.0000000000000000e+00 1.8311533254928009e-01 9.7877184410925092e-02 0
0.0000000000000000e+00 1.9182722389201179e-01 7.9457437768453362e-02 0
0.0000000000000000e+00 1.9869171420523604e-01 6.0272472564417569e-02 0
0.0000000000000000e+00 2.0364269469472426e-01 4.0507050501301399e-02 0
0.0000000000000000e+00 2.0663248471188153e-01 2.0351523398451407e-02 0
0.0000000000000000e+00 1.4444980728909906e-01 1.1854689318145423e-01 0
0.0000000000000000e+00 1.5537386944945378e-01 1.0381750045698973e-01 0
0.0000000000000000e+00 1.6480159631101343e-01 8.8088288450705737e-02 0
0.0000000000000000e+00 1.7264219371038142e-01 7.1510738072684640e-02 0
0.0000000000000000e+00 1.7882015240849530e-01 5.4244500195277739e-02 0
0.0000000000000000e+00 1.8327597528587647e-01 3.6455858127930132e-02 0
0.0000000000000000e+00 1.8596675033241522e-01 1.8316126218011330e-02 0
0.0000000000000000e+00 1.3092087276723138e-01 1.0744398355684737e-01 0
0.0000000000000000e+00 1.4082180499440139e-01 9.4094121850498619e-02 0
0.0000000000000000e+00 1.4936654625844606e-01 7.9838082313650319e-02 0
0.0000000000000000e+00 1.5647280602996186e-01 6.4813158400186241e-02 0
0.0000000000000000e+00 1.6207214714267243e-01 4.9164048340851925e-02 0
0.0000000000000000e+00 1.6611064488075120e-01 3.3041461620192558e-02 0
0.0000000000000000e+00 1.6854940630331300e-01 1.6600667561830477e-02 0
0.0000000000000000e+00 1.1900171923307920e-01 9.7662187046737792e-02 0
0.0000000000000000e+00 1.2800126172114551e-01 8.5527708708788758e-02 0
0.0000000000000000e+00 1.3576808208622979e-01 7.2569551781772657e-02 0
0.0000000000000000e+00 1.4222738160244042e-01 5.8912510400545702e-02 0
0.0000000000000000e+00 1.4731695368442399e-01 4.4688109339307357e-02 0
0.0000000000000000e+00 1.5098778297078791e-01 3.0033337356126014e-02 0
0.0000000000000000e+00 1.5320451736882501e-01 1.5089327916312895e-02 0
0.0000000000000000e+00 1.0822531217258867e-01 8.8818218330856638e-02 0
0.0000000000000000e+00 1.1640988548344811e-01 7.7782598722673735e-02 0
0.0000000000000000e+00 1.2347336796098540e-01 6.5997890168497789e-02 0
0.0000000000000000e+00 1.2934773440764952e-01 5.3577585853882552e-02 0
0.0000000000000000e+00 1.3397641146330375e-01 4.0641300099006697e-02 0
0.0000000000000000e+00 1.3731482243760990e-01 2.7313616407382873e-02 0
0.0000000000000000e+00 1.3933081660792435e-01 1.3722887658614397e-02 0
0.0000000000000000e+00 1.0115108413898816e-01 8.3012549422194937e-02 0
0.0000000000000000e+00 1.0880066672728533e-01 7.2698281298550702e-02 0
0.0000000000000000e+00 1.1540243941850425e-01 6.1683888985078407e-02 0
0.0000000000000000e+00 1.2089282353273248e-01 5.0075447100836022e-02 0
0.0000000000000000e+00 1.2521894366960068e-01 3.7984751286988694e-02 0
0.0000000000000000e+00 1.2833913692729304e-01 2.5528241553670398e-02 0
0.0000000000000000e+00 1.3022335413906683e-01 1.2825880899033897e-02 0
0.0000000000000000e+00 9.6498696198712458e-02 7.9194433312903489e-02 0
0.0000000000000000e+00 1.0379644048408998e-01 6.9354564223532339e-02 0
0.0000000000000000e+00 1.1009456830669970e-01 5.8846772767627259e-02 0
0.0000000000000000e+00 1.1533242525270282e-01 4.7772254721051628e-02 0
0.0000000000000000e+00 1.1945956789640552e-01 3.6237663746541401e-02 0
0.0000000000000000e+00 1.2243624959802328e-01 2.4354084260629929e-02 0
0.0000000000000000e+00 1.2423380328554981e-01 1.2235961629991885e-02 0
0.0000000000000000e+00 9.2763215794082546e-02 7.6128803771267503e-02 0
0.0000000000000000e+00 9.9778463197638056e-02 6.6669837633080084e-02 0
0.0000000000000000e+00 1.0583278945614398e-01 5.6568804513045599e-02 0
0.0000000000000000e+00 1.1086788809809958e-01 4.5922982881896349e-02 0
0.0000000000000000e+00 1.1483526837111785e-01 3.4834897821538348e-02 0
0.0000000000000000e+00 1.1769672223437896e-01 2.3411333652466747e-02 0
0.0000000000000000e+00 1.1942469232294994e-01 1.1762305542385089e-02 0
0.0000000000000000e+00 8.9554513428570293e-02 7.3495489793809765e-02 0
0.0000000000000000e+00 9.6327101705383042e-02 6.4363711612217961e-02 0
0.0000000000000000e+00 1.0217200733502277e-01 5.4612075703016690e-02 0
0.0000000000000000e+00 1.0703294068112558e-01 4.4334495650797993e-02 0
0.0000000000000000e+00 1.1086308829831207e-01 3.3629950169761502e-02 0
0.0000000000000000e+00 1.1362556377125699e-01 2.2601529884589397e-02 0
0.0000000000000000e+00 1.1529376295103325e-01 1.1355444511375672e-02 0
0.0000000000000000e+00 8.6688589983155109e-02 7.1143487206018818e-02 0
0.0000000000000000e+00 9.3244441896991076e-02 6.2303944180277966e-02 0
0.0000000000000000e+00 9.8902298862762111e-02 5.2864380113280651e-02 0
0.0000000000000000e+00 1.0360767262498859e-01 4.2915703167182677e-02 0
0.0000000000000000e+00 1.0731524786212125e-01 3.2553724539474971e-02 0
0.0000000000000000e+00 1.0998931859785981e-01 2.1878235748776100e-02 0
0.0000000000000000e+00 1.1160413206922332e-01 1.0992047587956280e-02 0
0.0000000000000000e+00 8.4080429385461730e-02 6.9003025120416797e-02 0
0.0000000000000000e+00 9.0439038332843863e-02 6.0429433447972088e-02 0
0.0000000000000000e+00 9.5926669902073394e-02 5.1273873297334779e-02 0
0.0000000000000000e+00 1.0049047520129402e-01 4.1624517717693862e-02 0
0.0000000000000000e+00 1.0408650229064448e-01 3.1574295278155556e-02 0
0.0000000000000000e+00 1.0668011946346602e-01 2.1219995114823084e-02 0
0.0000000000000000e+00 1.0824634876856898e-01 1.0661334798505569e-02 0
0.0000000000000000e+00 8.1677190703962260e-02 6.7030738105211055e-02 0
0.0000000000000000e+00 8.7854053969328133e-02 5.8702202116915389e-02 0
0.0000000000000000e+00 9.3184834669058261e-02 4.9808331832345933e-02 0
0.0000000000000000e+00 9.7618194470913092e-02 4.0434780084227143e-02 0
0.0000000000000000e+00 1.0111143769647962e-01 3.0671819299998005e-02 0
0.0000000000000000e+00 1.0363092250389484e-01 2.0613472128987915e-02 0
0.0000000000000000e+00 1.0515238487717271e-01 1.0356605952905551e-02 0
0.0000000000000000e+00 7.9425014328208116e-02 6.5182424720424223e-02 0
0.0000000000000000e+00 8.5431556045996115e-02 5.7083540754140981e-02 0
0.0000000000000000e+00 9.0615345177421980e-02 4.8434911085357739e-02 0
0.0000000000000000e+00 9.4926458999402843e-02 3.9319826745606822e-02 0
0.0000000000000000e+00 9.8323379129138383e-02 2.9826070979891983e-02 0
0.0000000000000000e+00 1.0077339136883391e-01 2.0045073846051850e-02 0
0.0000000000000000e+00 1.0225290076130822e-01 1.0071031693322239e-02 0
-1.2036760343130730e-01 1.4245927441625969e-01 1.4245927441625972e-01 0
-1.0452691720849502e-01 1.4857956331390137e-01 1.4857956331390137e-01 0
-8.8067842461915083e-02 1.5382084516461694e-01 1.5382084516461694e-01 0
-7.1087752224341605e-02 1.5815211217985906e-01 1.5815211217985906e-01 0
-5.3687101892488417e-02 1.6154774028224037e-01 1.6154774028224037e-01 0
-3.5968834925884208e-02 1.6398764069936081e-01 1.6398764069936081e-01 0
-1.8037773826194731e-02 1.6545737881038408e-01 1.6545737881038405e-01 0
-1.0649195739441344e-01 1.2603696135092696e-01 1.2603696135092696e-01 0
-9.2477341881189418e-02 1.3145172018926432e-01 1.3145172018926432e-01 0
-7.7915623971232514e-02 1.3608880149376207e-01 1.3608880149376207e-01 0
-6.2892951802097585e-02 1.3992077196839411e-01 1.3992077196839411e-01 0
-4.7498200548847763e-02 1.4292496140888947e-01 1.4292496140888947e-01 0
-3.1822446632327639e-02 1.4508359682124014e-01 1.4508359682124011e-01 0
-1.5958428904712899e-02 1.4638390756797154e-01 1.4638390756797154e-01 0
-9.5841480495144710e-02 1.1343174891830719e-01 1.1343174891830721e-01 0
-8.3228495137171787e-02 1.1830496673013088e-01 1.1830496673013088e-01 0
-7.0123124204097484e-02 1.2247828411740934e-01 1.2247828411740935e-01 0
-5.6602899983309224e-02 1.2592701144375748e-01 1.2592701144375748e-01 0
-4.2747809063144099e-02 1.2863074579806716e-01 1.2863074579806716e-01 0
-2.8639819126660249e-02 1.3057349169955046e-01 1.3057349169955046e-01 0
-1.4362394025113773e-02 1.3174375572811856e-01 1.3174375572811856e-01 0
-8.6865122973928982e-02 1.0280791540397534e-01 1.0280791540397535e-01 0
-7.5433449354861848e-02 1.0722471554433050e-01 1.0722471554433051e-01 0
-6.3555506194560546e-02 1.1100716679802899e-01 1.1100716679802899e-01 0
-5.1301564232203646e-02 1.1413289191996051e-01 1.1413289191996052e-01 0
-3.8744118642075484e-02 1.1658339890255914e-01 1.1658339890255916e-01 0
-2.5957460147065015e-02 1.1834419037580853e-01 1.1834419037580854e-01 0
-1.3017235509573899e-02 1.1940484937469244e-01 1.1940484937469242e-01 0
-7.8956844365596759e-02 9.3448190691440197e-02 9.3448190691440211e-02 0
-6.8565920553172247e-02 9.7462881390498315e-02 9.7462881390498329e-02 0
-5.7769355978310705e-02 1.0090097489378343e-01 1.0090097489378344e-01 0
-4.6631023869148115e-02 1.0374213120062539e-01 1.0374213120062541e-01 0
-3.5216819374361663e-02 1.0596954183239206e-01 1.0596954183239207e-01 0
-2.3594269722879646e-02 1.0757002927261994e-01 1.0757002927261995e-01 0
-1.1832134728091304e-02 1.0853412492611925e-01 1.0853412492611923e-01 0
-7.1806770395413694e-02 8.4985827723516150e-02 8.4985827723516164e-02 0
-6.2356814708986678e-02 8.8636961143958096e-02 8.8636961143958110e-02 0
-5.2537951762836051e-02 9.1763712127637606e-02 9.1763712127637620e-02 0
-4.2408270634153609e-02 9.4347582597919227e-02 9.4347582597919241e-02 0
-3.2027699222151290e-02 9.6373286197102823e-02 9.6373286197102837e-02 0
-2.1457649710434651e-02 9.7828838721581157e-02 9.7828838721581143e-02 0
-1.0760655248246612e-02 9.8705629021222444e-02 9.8705629021222430e-02 0
-6.7113067435024237e-02 7.9430665877628509e-02 7.9430665877628523e-02 0
-5.8280815131393618e-02 8.2843140246146335e-02 8.2843140246146349e-02 0
-4.9103769465483005e-02 8.5765508825942666e-02 8.5765508825942680e-02 0
-3.9636222478744036e-02 8.8180482680921254e-02 8.8180482680921268e-02 0
-2.9934184838679198e-02 9.0073774657523906e-02 9.0073774657523920e-02 0
-2.0055054475831252e-02 9.1434183908526354e-02 9.1434183908526354e-02 0
-1.0057277013627519e-02 9.2253662158030797e-02 9.2253662158030783e-02 0
-6.4026239169885840e-02 7.5777296512754694e-02 7.5777296512754708e-02 0
-5.5600221405930787e-02 7.9032816017825108e-02 7.9032816017825122e-02 0
-4.6845268858911278e-02 8.1820771877743975e-02 8.1820771877743989e-02 0
-3.7813176437983737e-02 8.4124670351429079e-02 8.4124670351429107e-02 0
-2.8557378631104635e-02 8.5930881415015842e-02 8.5930881415015856e-02 0
-1.9132633382877628e-02 8.7228719398027704e-02 8.7228719398027690e-02 0
-9.5946981427385142e-03 8.8010506200546998e-02 8.8010506200546998e-02 0
-6.1547772918810736e-02 7.2843944898797808e-02 7.2843944898797836e-02 0
-5.3447927688643086e-02 7.5973442708268946e-02 7.5973442708268960e-02 0
-4.5031880794975762e-02 7.8653476338210113e-02 7.8653476338210140e-02 0
-3.6349422157510997e-02 8.0868190522969924e-02 8.0868190522969938e-02 0
-2.7451917806386145e-02 8.2604482859149606e-02 8.2604482859149619e-02 0
-1.8392005997161051e-02 8.3852081320334712e-02 8.3852081320334698e-02 0
-9.2232857992314565e-03 8.4603605027118584e-02 8.4603605027118584e-02 0
-5.9418820371553341e-02 7.0324254994678176e-02 7.0324254994678190e-02 0
-5.1599150772726629e-02 7.3345502708050916e-02 7.3345502708050944e-02 0
-4.3474217003424437e-02 7.5932833318002615e-02 7.5932833318002643e-02 0
-3.5092086737825712e-02 7.8070939996406102e-02 7.8070939996406130e-02 0
-2.6502349242498349e-02 7.9747173555207038e-02 7.9747173555207052e-02 0
-1.7755822002843674e-02 8.0951617279901536e-02 8.0951617279901536e-02 0
-8.9042500833127203e-03 8.1677145597510242e-02 8.1677145597510228e-02 0
-5.7517299343943978e-02 6.8073738259624275e-02 6.8073738259624289e-02 0
-4.9947874803469967e-02 7.0998300006822154e-02 7.0998300006822168e-02 0
-4.2082955156185889e-02 7.3502830865290442e-02 7.3502830865290456e-02 0
-3.3969069814611716e-02 7.5572513855999807e-02 7.5572513855999821e-02 0
-2.5654221089658341e-02 7.7195104590198765e-02 7.7195104590198793e-02 0
-1.7187600205612233e-02 7.8361003708070767e-02 7.8361003708070753e-02 0
-8.6192962814257562e-03 7.9063313669215582e-02 7.9063313669215568e-02 0
-5.5786802240879348e-02 6.6025634329211519e-02 6.6025634329211533e-02 0
-4.8445115570377749e-02 6.8862206103149332e-02 6.8862206103149345e-02 0
-4.0816824221374406e-02 7.1291384268696592e-02 7.1291384268696606e-02 0
-3.2947057696892643e-02 7.3298797638604307e-02 7.3298797638604321e-02 0
-2.4882374083915568e-02 7.4872570215535436e-02 7.4872570215535450e-02 0
-1.6670484612500203e-02 7.6003391451292771e-02 7.6003391451292771e-02 0
-8.3599713928166897e-03 7.6684571328670070e-02 7.6684571328670056e-02 0
-5.4192269457895882e-02 6.4138448933629591e-02 6.4138448933629619e-02 0
-4.7060427403114696e-02 6.6893944063932190e-02 6.6893944063932204e-02 0
-3.9650172581489521e-02 6.9253689961181475e-02 6.9253689961181489e-02 0
-3.2005344576758910e-02 7.1203726204264531e-02 7.1203726204264545e-02 0
-2.4171170723953361e-02 7.2732516242923609e-02 7.2732516242923623e-02 0
-1.6193998541330940e-02 7.3831015648791465e-02 7.3831015648791451e-02 0
-8.1210215352304632e-03 7.4492725622859093e-02 7.4492725622859080e-02 0
-5.2697965503883268e-02 6.2369887867549365e-02 6.2369887867549378e-02 0
-4.5762777693119899e-02 6.5049402653982638e-02 6.5049402653982652e-02 0
-3.8556854101593860e-02 6.7344080642838394e-02 6.7344080642838422e-02 0
-3.1122825475252289e-02 6.9240346359282542e-02 6.9240346359282570e-02 0
-2.3504672045318378e-02 7.0726981363238808e-02 7.0726981363238836e-02 0
-1.5747463338180126e-02 7.1795190618461721e-02 7.1795190618461707e-02 0
-7.8970915409321690e-03 7.2438654524583659e-02 7.2438654524583646e-02 0
-6.3366347351323835e-02 7.6930933497903115e-02 8.1447832686070733e-03 0
-6.2870275190911845e-02 7.6050896015227243e-02 1.6235446181122010e-02 0
-6.1952594520632565e-02 7.4668289552628053e-02 2.4218227999731643e-02 0
-6.0617620367792245e-02 7.2793798257834469e-02 3.2040084833594211e-02 0
-5.8872483308551715e-02 7.0441352693576792e-02 3.9649042104235283e-02 0
-5.6727093546636513e-02 6.7628027302391702e-02 4.6994539905590237e-02 0
-5.4194086126778993e-02 6.4373917153395799e-02 5.4027768963848560e-02 0
-5.5601726737745438e-02 8.2675228112892546e-02 8.5588924670349700e-03 0
-5.5234221820133690e-02 8.1598460008772078e-02 1.7054971829970681e-02 0
-5.4453598997256457e-02 7.9927028464151895e-02 2.5425885965618667e-02 0
-5.3262052230137594e-02 7.7675660015375098e-02 3.3610201329506414e-02 0
-5.1664888691556207e-02 7.4863309572052866e-02 4.1547853812298030e-02 0
-4.9670514791602872e-02 7.1513002819363458e-02 4.9180589546027963e-02 0
-4.7290398450151892e-02 6.7651648937096839e-02 5.6452392425101673e-02 0
-4.7270928940432576e-02 8.7668964322305837e-02 8.9225541053469994e-03 0
-4.7019376807548662e-02 8.6448051128973177e-02 1.7773932053211927e-02 0
-4.6381988958553950e-02 8.4541906644861359e-02 2.6483525465846237e-02 0
-4.5358920826791993e-02 8.1968518240597213e-02 3.4981856995729928e-02 0
-4.3953549545610711e-02 7.8751174312597150e-02 4.3201134553718441e-02 0
-4.2172484866075263e-02 7.4918255333538186e-02 5.1075792093705524e-02 0
-4.0025552662468357e-02 7.0502984370222718e-02 5.8543012639905238e-02 0
-3.8446591814207384e-02 9.1851322397376214e-02 9.2300678071711700e-03 0
-3.8290227570771593e-02 9.0531679996970496e-02 1.8381332636799152e-02 0
-3.7794814648902476e-02 8.8442778052504264e-02 2.7375664302635258e-02 0
-3.6958933865356779e-02 8.5604947406395251e-02 3.6136272456971659e-02 0
-3.5784242977464083e-02 8.2044901797464972e-02 4.4588362198831027e-02 0
-3.4275509062315704e-02 7.7795487166136920e-02 5.2659772645754388e-02 0
-3.2440612334405927e-02 7.2895378554928253e-02 6.0281593017292578e-02 0
-2.9211136196537629e-02 9.5167824013586616e-02 9.4760115357852420e-03 0
-2.9124948563464228e-02 9.3785838135227090e-02 1.8866741542951915e-02 0
-2.8765094690262075e-02 9.1562283633517788e-02 2.8087676003462771e-02 0
-2.8129342877266379e-02 8.8518956192717713e-02 3.7055829013056867e-02 0
-2.7218109154918586e-02 8.4685026369683974e-02 4.5690489631835515e-02 0
-2.6034501155450654e-02 8.0096759812866208e-02 5.3913948260787409e-02 0
-2.4584335738217861e-02 7.4797173501526662e-02 6.1652196007061282e-02 0
-1.9656625819387052e-02 9.7572469185045349e-02 9.6555848362479980e-03 0
-1.9615942360278093e-02 9.6154928569031753e-02 1.9220939550465523e-02 0
-1.9382936935947524e-02 9.3840075526445424e-02 2.8606677208793386e-02 0
-1.8955450596305830e-02 9.0650474485227325e-02 3.7725089374236895e-02 0
-1.8333271026909570e-02 8.6616864864428211e-02 4.6490965730034715e-02 0
-1.7518173802666678e-02 8.1777864376656920e-02 5.4822390358435391e-02 0
-1.6513943444857210e-02 7.6179598603446516e-02 6.2641507233764979e-02 0
-9.8837899370633267e-03 9.9030076138641579e-02 9.7649739607874996e-03 0
-9.8689065563522978e-03 9.7595198787351373e-02 1.9436611254006135e-02 0
-9.7547601617414582e-03 9.5227808629607974e-02 2.8922467353074556e-02 0
-9.5400436159130859e-03 9.1950790057792803e-02 3.8131873486024662e-02 0
-9.2244817906437359e-03 8.7795722502126902e-02 4.6976803275910667e-02 0
-8.8088564370886382e-03 8.2802575918688670e-02 5.5372714124382244e-02 0
-8.2950200586286577e-03 7.7019326041884217e-02 6.3239355296214758e-02 0
-2.9199873174997826e-02 2.9199873174997806e-02 2.9714429964771000e-01 0
-5.8218749765855581e-02 2.8820761428301634e-02 2.9288212797368435e-01 0
-8.6741072664769103e-02 2.8268104388910791e-02 2.8579170839480783e-01 0
-1.1445495130337188e-01 2.7544361169534234e-02 2.7593726151048359e-01 0
-1.4105940029423661e-01 2.6654096061311628e-02 2.6342324261876493e-01 0
-1.6627107134396327e-01 2.5603829667870424e-02 2.4839157542169049e-01 0
-1.8983006896297311e-01 2.4401810542266970e-02 2.3101752435642661e-01 0
-2.8820761428301648e-02 5.8218749765855574e-02 2.9288212797368435e-01 0
-5.7537686829765192e-02 5.7537686829765199e-02 2.8875392497515895e-01 0
-8.5815818612207176e-02 5.6482711352247812e-02 2.8186051265513479e-01 0
-1.1332240988319411e-01 5.5058921078940885e-02 2.7226190814707868e-01 0
-1.3973764429851743e-01 5.3277547218598002e-02 2.6006709466649386e-01 0
-1.6476449463612866e-01 5.1155425223482591e-02 2.4542979398904652e-01 0
-1.8813691210441980e-01 4.8714155109322241e-02 2.2854197294107426e-01 0
-2.8268104388910819e-02 8.6741072664769173e-02 2.8579170839480783e-01 0
-5.6482711352247833e-02 8.5815818612207162e-02 2.8186051265513479e-01 0
-8.4306271936264096e-02 8.4306271936264027e-02 2.7529058288364566e-01 0
-1.1140264314722235e-01 8.2220325534213226e-02 2.6613768836611740e-01 0
-1.3744964395199397e-01 7.9576841420933978e-02 2.5450957091421456e-01 0
-1.6215051361470317e-01 7.6404610711125129e-02 2.4056089955886301e-01 0
-1.8524321239625063e-01 7.2740693966907660e-02 2.2448550889162142e-01 0
-2.7544361169534241e-02 1.1445495130337188e-01 2.7593726151048359e-01 0
-5.5058921078940906e-02 1.1332240988319420e-01 2.7226190814707862e-01 0
-8.2220325534213268e-02 1.1140264314722233e-01 2.6613768836611740e-01 0
-1.0870655102047407e-01 1.0870655102047408e-01 2.5761554986154489e-01 0
-1.3420943284690309e-01 1.0526024377810131e-01 2.4679568313624792e-01 0
-1.5844601924289350e-01 1.0110352527961408e-01 2.3382244580474953e-01 0
-1.8116767268996503e-01 9.6287504486383221e-02 2.1887665670849060e-01 0
-2.6654096061311663e-02 1.4105940029423661e-01 2.6342324261876493e-01 0
-5.3277547218597975e-02 1.3973764429851743e-01 2.6006709466649386e-01 0
-7.9576841420934019e-02 1.3744964395199394e-01 2.5450957091421456e-01 0
-1.0526024377810130e-01 1.3420943284690315e-01 2.4679568313624789e-01 0
-1.3004857722179794e-01 1.3004857722179794e-01 2.3701209911135784e-01 0
-1.5368493502622907e-01 1.2501440425929067e-01 2.2528279888548614e-01 0
-1.7594244846634813e-01 1.1916728827768319e-01 2.1176263181262642e-01 0
-2.5603829667870462e-02 1.6627107134396324e-01 2.4839157542169052e-01 0
-5.1155425223482591e-02 1.6476449463612866e-01 2.4542979398904652e-01 0
-7.6404610711125087e-02 1.6215051361470315e-01 2.4056089955886301e-01 0
-1.0110352527961408e-01 1.5844601924289356e-01 2.3382244580474953e-01 0
-1.2501440425929064e-01 1.5368493502622910e-01 2.2528279888548614e-01 0
-1.4791656630823574e-01 1.4791656630823577e-01 2.1503808691290616e-01 0
-1.6961205794657480e-01 1.4120316821805989e-01 2.0320781255726864e-01 0
-2.4401810542266936e-02 1.8983006896297311e-01 2.3101752435642661e-01 0
-4.8714155109322206e-02 1.8813691210441982e-01 2.2854197294107420e-01 0
-7.2740693966907674e-02 1.8524321239625063e-01 2.2448550889162142e-01 0
-9.6287504486383194e-02 1.8116767268996503e-01 2.1887665670849060e-01 0
-1.1916728827768318e-01 1.7594244846634818e-01 2.1176263181262639e-01 0
-1.4120316821805995e-01 1.6961205794657480e-01 2.0320781255726864e-01 0
-1.6223185261969658e-01 1.6223185261969661e-01 1.9329162421367893e-01 0
0.0000000000000000e+00 2.3003277971264266e-02 2.3355620071577537e-01 0
0.0000000000000000e+00 4.5785021800793760e-02 2.3017684824697646e-01 0
0.0000000000000000e+00 6.8125830841742785e-02 2.2458076690209477e-01 0
0.0000000000000000e+00 8.9810550890318502e-02 2.1682185000361076e-01 0
0.0000000000000000e+00 1.1063034623837936e-01 2.0697482016271224e-01 0
0.0000000000000000e+00 1.3038471087546566e-01 1.9513450965970111e-01 0
0.0000000000000000e+00 1.4888339947128817e-01 1.8141494715729353e-01 0
0.0000000000000000e+00 2.0351523398451032e-02 2.0663248471188148e-01 0
0.0000000000000000e+00 4.0507050501300074e-02 2.0364269469472446e-01 0
0.0000000000000000e+00 6.0272472564415376e-02 1.9869171420523657e-01 0
0.0000000000000000e+00 7.9457437768450351e-02 1.9182722389201290e-01 0
0.0000000000000000e+00 9.7877184410921400e-02 1.8311533254928186e-01 0
0.0000000000000000e+00 1.1535432026240375e-01 1.7263994045307823e-01 0
0.0000000000000000e+00 1.3172053095067329e-01 1.6050193135572025e-01 0
0.0000000000000000e+00 1.8316126218011024e-02 1.8596675033241519e-01 0
0.0000000000000000e+00 3.6455858127929022e-02 1.8327597528587661e-01 0
0.0000000000000000e+00 5.4244500195275880e-02 1.7882015240849572e-01 0
0.0000000000000000e+00 7.1510738072682128e-02 1.7264219371038231e-01 0
0.0000000000000000e+00 8.8088288450702587e-02 1.6480159631101496e-01 0
0.0000000000000000e+00 1.0381750045698611e-01 1.5537386944945603e-01 0
0.0000000000000000e+00 1.1854689318145029e-01 1.4444980728910209e-01 0
0.0000000000000000e+00 1.6600667561830228e-02 1.6854940630331294e-01 0
0.0000000000000000e+00 3.3041461620191621e-02 1.6611064488075122e-01 0
0.0000000000000000e+00 4.9164048340850364e-02 1.6207214714267273e-01 0
0.0000000000000000e+00 6.4813158400184062e-02 1.5647280602996255e-01 0
0.0000000000000000e+00 7.9838082313647640e-02 1.4936654625844717e-01 0
0.0000000000000000e+00 9.4094121850495566e-02 1.4082180499440317e-01 0
0.0000000000000000e+00 1.0744398355684404e-01 1.3092087276723402e-01 0
0.0000000000000000e+00 1.5089327916312699e-02 1.5320451736882490e-01 0
0.0000000000000000e+00 3.0033337356125230e-02 1.5098778297078783e-01 0
0.0000000000000000e+00 4.4688109339306059e-02 1.4731695368442416e-01 0
0.0000000000000000e+00 5.8912510400543884e-02 1.4222738160244092e-01 0
0.0000000000000000e+00 7.2569551781770422e-02 1.3576808208623070e-01 0
0.0000000000000000e+00 8.5527708708786232e-02 1.2800126172114701e-01 0
0.0000000000000000e+00 9.7662187046735016e-02 1.1900171923308131e-01 0
0.0000000000000000e+00 1.3722887658614243e-02 1.3933081660792429e-01 0
0.0000000000000000e+00 2.7313616407382231e-02 1.3731482243760987e-01 0
0.0000000000000000e+00 4.0641300099005601e-02 1.3397641146330388e-01 0
0.0000000000000000e+00 5.3577585853881032e-02 1.2934773440764985e-01 0
0.0000000000000000e+00 6.5997890168495957e-02 1.2347336796098612e-01 0
0.0000000000000000e+00 7.7782598722671625e-02 1.1640988548344927e-01 0
0.0000000000000000e+00 8.8818218330854348e-02 1.0822531217259038e-01 0
0.0000000000000000e+00 1.2825880899033769e-02 1.3022335413906677e-01 0
0.0000000000000000e+00 2.5528241553669853e-02 1.2833913692729298e-01 0
0.0000000000000000e+00 3.7984751286987736e-02 1.2521894366960076e-01 0
0.0000000000000000e+00 5.0075447100834725e-02 1.2089282353273273e-01 0
0.0000000000000000e+00 6.1683888985076804e-02 1.1540243941850482e-01 0
0.0000000000000000e+00 7.2698281298548897e-02 1.0880066672728624e-01 0
0.0000000000000000e+00 8.3012549422192938e-02 1.0115108413898957e-01 0
0.0000000000000000e+00 1.2235961629991781e-02 1.2423380328554973e-01 0
0.0000000000000000e+00 2.4354084260629443e-02 1.2243624959802323e-01 0
0.0000000000000000e+00 3.6237663746540562e-02 1.1945956789640552e-01 0
0.0000000000000000e+00 4.7772254721050463e-02 1.1533242525270301e-01 0
0.0000000000000000e+00 5.8846772767625830e-02 1.1009456830670014e-01 0
0.0000000000000000e+00 6.9354564223530715e-02 1.0379644048409083e-01 0
0.0000000000000000e+00 7.9194433312901685e-02 9.6498696198713665e-02 0
0.0000000000000000e+00 1.1762305542385004e-02 1.1942469232294982e-01 0
0.0000000000000000e+00 2.3411333652466310e-02 1.1769672223437884e-01 0
0.0000000000000000e+00 3.4834897821537592e-02 1.1483526837111784e-01 0
0.0000000000000000e+00 4.5922982881895280e-02 1.1086788809809971e-01 0
0.0000000000000000e+00 5.6568804513044309e-02 1.0583278945614441e-01 0
0.0000000000000000e+00 6.6669837633078613e-02 9.9778463197638737e-02 0
0.0000000000000000e+00 7.6128803771265963e-02 9.2763215794083614e-02 0
0.0000000000000000e+00 1.1355444511375599e-02 1.1529376295103314e-01 0
0.0000000000000000e+00 2.2601529884589001e-02 1.1362556377125686e-01 0
0.0000000000000000e+00 3.3629950169760794e-02 1.1086308829831197e-01 0
0.0000000000000000e+00 4.4334495650797029e-02 1.0703294068112568e-01 0
0.0000000000000000e+00 5.4612075703015496e-02 1.0217200733502310e-01 0
0.0000000000000000e+00 6.4363711612216642e-02 9.6327101705383653e-02 0
0.0000000000000000e+00 7.3495489793808308e-02 8.9554513428571278e-02 0
0.0000000000000000e+00 1.0992047587956218e-02 1.1160413206922325e-01 0
0.0000000000000000e+00 2.1878235748775742e-02 1.0998931859785971e-01 0
0.0000000000000000e+00 3.2553724539474325e-02 1.0731524786212120e-01 0
0.0000000000000000e+00 4.2915703167181796e-02 1.0360767262498861e-01 0
0.0000000000000000e+00 5.2864380113279569e-02 9.8902298862762375e-02 0
0.0000000000000000e+00 6.2303944180276745e-02 9.3244441896991576e-02 0
0.0000000000000000e+00 7.1143487206017486e-02 8.6688589983155942e-02 0
0.0000000000000000e+00 1.0661334798505517e-02 1.0824634876856885e-01 0
0.0000000000000000e+00 2.1219995114822757e-02 1.0668011946346587e-01 0
0.0000000000000000e+00 3.1574295278154980e-02 1.0408650229064438e-01 0
0.0000000000000000e+00 4.1624517717693051e-02 1.0049047520129399e-01 0
0.0000000000000000e+00 5.1273873297333787e-02 9.5926669902073561e-02 0
0.0000000000000000e+00 6.0429433447970957e-02 9.0439038332844349e-02 0
0.0000000000000000e+00 6.9003025120415604e-02 8.4080429385462535e-02 0
0.0000000000000000e+00 1.0356605952905504e-02 1.0515238487717260e-01 0
0.0000000000000000e+00 2.0613472128987610e-02 1.0363092250389466e-01 0
0.0000000000000000e+00 3.0671819299997471e-02 1.0111143769647954e-01 0
0.0000000000000000e+00 4.0434780084226414e-02 9.7618194470913050e-02 0
0.0000000000000000e+00 4.9808331832345037e-02 9.3184834669058442e-02 0
0.0000000000000000e+00 5.8702202116914390e-02 8.7854053969328522e-02 0
0.0000000000000000e+00 6.7030738105209972e-02 8.1677190703962899e-02 0
0.0000000000000000e+00 1.0071031693322210e-02 1.0225290076130812e-01 0
0.0000000000000000e+00 2.0045073846051583e-02 1.0077339136883381e-01 0
0.0000000000000000e+00 2.9826070979891491e-02 9.8323379129138258e-02 0
0.0000000000000000e+00 3.9319826745606155e-02 9.4926458999402788e-02 0
0.0000000000000000e+00 4.8434911085356913e-02 9.0615345177422091e-02 0
0.0000000000000000e+00 5.7083540754140044e-02 8.5431556045996393e-02 0
0.0000000000000000e+00 6.5182424720423252e-02 7.9425014328208726e-02 0
-1.4888339947128792e-01 0.0000000000000000e+00 1.8141494715729378e-01 0
-1.3038471087546544e-01 0.0000000000000000e+00 1.9513450965970139e-01 0
-1.1063034623837920e-01 0.0000000000000000e+00 2.0697482016271246e-01 0
-8.9810550890318364e-02 0.0000000000000000e+00 2.1682185000361093e-01 0
-6.8125830841742591e-02 0.0000000000000000e+00 2.2458076690209491e-01 0
-4.5785021800793635e-02 0.0000000000000000e+00 2.3017684824697657e-01 0
-2.3003277971264169e-02 0.0000000000000000e+00 2.3355620071577543e-01 0
-1.3172053095067293e-01 0.0000000000000000e+00 1.6050193135572063e-01 0
-1.1535432026240339e-01 0.0000000000000000e+00 1.7263994045307862e-01 0
-9.7877184410921109e-02 0.0000000000000000e+00 1.8311533254928219e-01 0
-7.9457437768450129e-02 0.0000000000000000e+00 1.9182722389201309e-01 0
-6.0272472564415203e-02 0.0000000000000000e+00 1.9869171420523674e-01 0
-4.0507050501299935e-02 0.0000000000000000e+00 2.0364269469472457e-01 0
-2.0351523398450977e-02 0.0000000000000000e+00 2.0663248471188156e-01 0
-1.1854689318144987e-01 0.0000000000000000e+00 1.4444980728910262e-01 0
-1.0381750045698573e-01 0.0000000000000000e+00 1.5537386944945650e-01 0
-8.8088288450702268e-02 0.0000000000000000e+00 1.6480159631101535e-01 0
-7.1510738072681823e-02 0.0000000000000000e+00 1.7264219371038264e-01 0
-5.4244500195275658e-02 0.0000000000000000e+00 1.7882015240849594e-01 0
-3.6455858127928897e-02 0.0000000000000000e+00 1.8327597528587675e-01 0
-1.8316126218010986e-02 0.0000000000000000e+00 1.8596675033241528e-01 0
-1.0744398355684343e-01 0.0000000000000000e+00 1.3092087276723463e-01 0
-9.4094121850495122e-02 0.0000000000000000e+00 1.4082180499440369e-01 0
-7.9838082313647196e-02 0.0000000000000000e+00 1.4936654625844764e-01 0
-6.4813158400183812e-02 0.0000000000000000e+00 1.5647280602996289e-01 0
-4.9164048340850142e-02 0.0000000000000000e+00 1.6207214714267298e-01 0
-3.3041461620191392e-02 0.0000000000000000e+00 1.6611064488075142e-01 0
-1.6600667561830151e-02 0.0000000000000000e+00 1.6854940630331303e-01 0
-9.7662187046734350e-02 0.0000000000000000e+00 1.1900171923308200e-01 0
-8.5527708708785677e-02 0.0000000000000000e+00 1.2800126172114762e-01 0
-7.2569551781769992e-02 0.0000000000000000e+00 1.3576808208623120e-01 0
-5.8912510400543572e-02 0.0000000000000000e+00 1.4222738160244136e-01 0
-4.4688109339305726e-02 0.0000000000000000e+00 1.4731695368442446e-01 0
-3.0033337356125012e-02 0.0000000000000000e+00 1.5098778297078808e-01 0
-1.5089327916312623e-02 0.0000000000000000e+00 1.5320451736882501e-01 0
-8.8818218330853654e-02 0.0000000000000000e+00 1.0822531217259113e-01 0
-7.7782598722671015e-02 0.0000000000000000e+00 1.1640988548344992e-01 0
-6.5997890168495388e-02 0.0000000000000000e+00 1.2347336796098668e-01 0
-5.3577585853880616e-02 0.0000000000000000e+00 1.2934773440765029e-01 0
-4.0641300099005184e-02 0.0000000000000000e+00 1.3397641146330422e-01 0
-2.7313616407382002e-02 0.0000000000000000e+00 1.3731482243761009e-01 0
-1.3722887658614069e-02 0.0000000000000000e+00 1.3933081660792437e-01 0
-8.3012549422192189e-02 0.0000000000000000e+00 1.0115108413899036e-01 0
-7.2698281298548190e-02 0.0000000000000000e+00 1.0880066672728694e-01 0
-6.1683888985076235e-02 0.0000000000000000e+00 1.1540243941850539e-01 0
-5.0075447100834336e-02 0.0000000000000000e+00 1.2089282353273319e-01 0
-3.7984751286987362e-02 0.0000000000000000e+00 1.2521894366960110e-01 0
-2.5528241553669617e-02 0.0000000000000000e+00 1.2833913692729321e-01 0
-1.2825880899033637e-02 0.0000000000000000e+00 1.3022335413906688e-01 0
-7.9194433312900908e-02 0.0000000000000000e+00 9.6498696198714470e-02 0
-6.9354564223530119e-02 0.0000000000000000e+00 1.0379644048409152e-01 0
-5.8846772767625288e-02 0.0000000000000000e+00 1.1009456830670072e-01 0
-4.7772254721050067e-02 0.0000000000000000e+00 1.1533242525270343e-01 0
-3.6237663746540250e-02 0.0000000000000000e+00 1.1945956789640588e-01 0
-2.4354084260629238e-02 0.0000000000000000e+00 1.2243624959802345e-01 0
-1.2235961629991743e-02 0.0000000000000000e+00 1.2423380328554984e-01 0
-7.6128803771265130e-02 0.0000000000000000e+00 9.2763215794084475e-02 0
-6.6669837633077905e-02 0.0000000000000000e+00 9.9778463197639500e-02 0
-5.6568804513043747e-02 0.0000000000000000e+00 1.0583278945614501e-01 0
-4.5922982881894781e-02 0.0000000000000000e+00 1.1086788809810023e-01 0
-3.4834897821537203e-02 0.0000000000000000e+00 1.1483526837111818e-01 0
-2.3411333652466004e-02 0.0000000000000000e+00 1.1769672223437912e-01 0
-1.1762305542384888e-02 0.0000000000000000e+00 1.1942469232294994e-01 0
-7.3495489793807545e-02 0.0000000000000000e+00 8.9554513428572180e-02 0
-6.4363711612215990e-02 0.0000000000000000e+00 9.6327101705384402e-02 0
-5.4612075703014906e-02 0.0000000000000000e+00 1.0217200733502371e-01 0
-4.4334495650796557e-02 0.0000000000000000e+00 1.0703294068112618e-01 0
-3.3629950169760559e-02 0.0000000000000000e+00 1.1086308829831237e-01 0
-2.2601529884588856e-02 0.0000000000000000e+00 1.1362556377125711e-01 0
-1.1355444511375434e-02 0.0000000000000000e+00 1.1529376295103327e-01 0
-7.1143487206016681e-02 0.0000000000000000e+00 8.6688589983156802e-02 0
-6.2303944180276016e-02 0.0000000000000000e+00 9.3244441896992339e-02 0
-5.2864380113278986e-02 0.0000000000000000e+00 9.8902298862763013e-02 0
-4.2915703167181407e-02 0.0000000000000000e+00 1.0360767262498916e-01 0
-3.2553724539473805e-02 0.0000000000000000e+00 1.0731524786212157e-01 0
-2.1878235748775565e-02 0.0000000000000000e+00 1.0998931859785999e-01 0
-1.0992047587956133e-02 0.0000000000000000e+00 1.1160413206922339e-01 0
-6.9003025120414785e-02 0.0000000000000000e+00 8.4080429385463437e-02 0
-6.0429433447970304e-02 0.0000000000000000e+00 9.0439038332845126e-02 0
-5.1273873297333128e-02 0.0000000000000000e+00 9.5926669902074255e-02 0
-4.1624517717692544e-02 0.0000000000000000e+00 1.0049047520129455e-01 0
-3.1574295278154640e-02 0.0000000000000000e+00 1.0408650229064477e-01 0
-2.1219995114822476e-02 0.0000000000000000e+00 1.0668011946346612e-01 0
-1.0661334798505395e-02 0.0000000000000000e+00 1.0824634876856899e-01 0
-6.7030738105209070e-02 0.0000000000000000e+00 8.1677190703963828e-02 0
-5.8702202116913599e-02 0.0000000000000000e+00 8.7854053969329340e-02 0
-4.9808331832344455e-02 0.0000000000000000e+00 9.3184834669059108e-02 0
-4.0434780084225963e-02 0.0000000000000000e+00 9.7618194470913563e-02 0
-3.0671819299997016e-02 0.0000000000000000e+00 1.0111143769647996e-01 0
-2.0613472128987287e-02 0.0000000000000000e+00 1.0363092250389491e-01 0
-1.0356605952905329e-02 0.0000000000000000e+00 1.0515238487717272e-01 0
-6.5182424720422377e-02 0.0000000000000000e+00 7.9425014328209670e-02 0
-5.7083540754139239e-02 0.0000000000000000e+00 8.5431556045997170e-02 0
-4.8434911085356303e-02 0.0000000000000000e+00 9.0615345177422743e-02 0
-3.9319826745605690e-02 0.0000000000000000e+00 9.4926458999403315e-02 0
-2.9826070979891151e-02 0.0000000000000000e+00 9.8323379129138674e-02 0
-2.0045073846051309e-02 0.0000000000000000e+00 1.0077339136883406e-01 0
-1.0071031693322074e-02 0.0000000000000000e+00 1.0225290076130825e-01 0
-9.7332910583325608e-03 9.7332910583325539e-03 9.9048099882570018e-02 0
-9.6069204761005059e-03 1.9406249921951835e-02 9.7627375991228130e-02 0
-9.4227014629702215e-03 2.8913690888256342e-02 9.5263902798269295e-02 0
-9.1814537231780496e-03 3.8151650434457313e-02 9.1979087170161206e-02 0
-8.8846986871038564e-03 4.7019800098078865e-02 8.7807747539588324e-02 0
-8.5346098892901297e-03 5.5423690447987749e-02 8.2797191807230178e-02 0
-8.1339368474223003e-03 6.3276689654324397e-02 7.7005841452142218e-02 0
-1.9406249921951842e-02 9.6069204761004921e-03 9.7627375991228130e-02 0
-1.9179228943255033e-02 1.9179228943255036e-02 9.6251308325053006e-02 0
-1.8827570450749249e-02 2.8605272870735700e-02 9.3953504218378281e-02 0
-1.8352973692980265e-02 3.7774136627731374e-02 9.0753969382359578e-02 0
-1.7759182406199309e-02 4.6579214766172494e-02 8.6689031555497953e-02 0
-1.7051808407827513e-02 5.4921498212042910e-02 8.1809931329682173e-02 0
-1.6238051703107392e-02 6.2712304034806612e-02 7.6180657647024752e-02 0
-2.8913690888256346e-02 9.4227014629702129e-03 9.5263902798269295e-02 0
-2.8605272870735707e-02 1.8827570450749238e-02 9.3953504218378281e-02 0
-2.8102090645421324e-02 2.8102090645421327e-02 9.1763527627881925e-02 0
-2.7406775178071049e-02 3.7134214382407431e-02 8.8712562788705832e-02 0
-2.6525613806977967e-02 4.5816547983997966e-02 8.4836523638071551e-02 0
-2.5468203570375034e-02 5.4050171204901055e-02 8.0186966519621011e-02 0
-2.4246897988969215e-02 6.1747737465416862e-02 7.4828502963873847e-02 0
-3.8151650434457313e-02 9.1814537231780461e-03 9.1979087170161206e-02 0
-3.7774136627731388e-02 1.8352973692980279e-02 9.0753969382359564e-02 0
-3.7134214382407431e-02 2.7406775178071038e-02 8.8712562788705832e-02 0
-3.6235517006824688e-02 3.6235517006824695e-02 8.5871849953848320e-02 0
-3.5086747926033751e-02 4.4736477615634367e-02 8.2265227712082667e-02 0
-3.3701175093204659e-02 5.2815339747631182e-02 7.7940815268249863e-02 0
-3.2095834828794398e-02 6.0389224229988339e-02 7.2958885569496881e-02 0
-4.7019800098078865e-02 8.8846986871038529e-03 8.7807747539588324e-02 0
-4.6579214766172494e-02 1.7759182406199295e-02 8.6689031555497953e-02 0
-4.5816547983997959e-02 2.6525613806977977e-02 8.4836523638071551e-02 0
-4.4736477615634360e-02 3.5086747926033765e-02 8.2265227712082667e-02 0
-4.3349525740599297e-02 4.3349525740599304e-02 7.9004033037119309e-02 0
-4.1671468086430206e-02 5.1228311675409699e-02 7.5094266295162068e-02 0
-3.9722429425894393e-02 5.8647482822116050e-02 7.0587543937542144e-02 0
-5.5423690447987756e-02 8.5346098892901418e-03 8.2797191807230164e-02 0
-5.4921498212042910e-02 1.7051808407827510e-02 8.1809931329682173e-02 0
-5.4050171204901062e-02 2.5468203570375048e-02 8.0186966519621011e-02 0
-5.2815339747631189e-02 3.3701175093204673e-02 7.7940815268249863e-02 0
-5.1228311675409692e-02 4.1671468086430227e-02 7.5094266295162068e-02 0
-4.9305522102745289e-02 4.9305522102745247e-02 7.1679362304302038e-02 0
-4.7067722739353286e-02 5.6537352648858279e-02 6.7735937519089559e-02 0
-6.3276689654324383e-02 8.1339368474222951e-03 7.7005841452142218e-02 0
-6.2712304034806599e-02 1.6238051703107385e-02 7.6180657647024766e-02 0
-6.1747737465416862e-02 2.4246897988969212e-02 7.4828502963873833e-02 0
-6.0389224229988325e-02 3.2095834828794398e-02 7.2958885569496881e-02 0
-5.8647482822116043e-02 3.9722429425894400e-02 7.0587543937542144e-02 0
-5.6537352648858258e-02 4.7067722739353293e-02 6.7735937519089573e-02 0
-5.4077284206565525e-02 5.4077284206565539e-02 6.4430541404559658e-02 0
-2.3241000169000259e-01 2.3195900297591901e-02 2.2917046363962634e-02 0
-2.0561841631650279e-01 2.0521940578918971e-02 2.0275232901554842e-02 0
-1.8505410094289454e-01 1.8469499479053873e-02 1.8247466181451198e-02 0
-1.6772223414308823e-01 1.6739675990596621e-02 1.6538438574384799e-02 0
-1.5245265167253519e-01 1.5215680755600210e-02 1.5032764760249312e-02 0
-1.3864703738332246e-01 1.3837798260546215e-02 1.3671447123476441e-02 0
-1.2958427063020972e-01 1.2933280185198508e-02 1.2777803134841219e-02 0
-1.2362411405235429e-01 1.2338421076116698e-02 1.2190095402509281e-02 0
-1.1883860424730014e-01 1.1860798707987390e-02 1.1718214994865250e-02 0
-1.1472794779394885e-01 1.1450530721963829e-02 1.1312879237148646e-02 0
-1.1105642411748395e-01 1.1084090801363550e-02 1.0950844645286541e-02 0
-1.0771511944942919e-01 1.0750608703696055e-02 1.0621371658488078e-02 0
-1.0463633947244233e-01 1.0443328133085912e-02 1.0317785204845768e-02 0
-1.0175108484347306e-01 1.0155362544322737e-02 1.0033281528970539e-02 0
-2.2904254352614339e-01 2.3160972598872953e-02 4.5615044596707510e-02 0
-2.0263914931304194e-01 2.0491039068580234e-02 4.0356668921259622e-02 0
-1.8237279635324322e-01 1.8441688334830085e-02 3.6320517486571474e-02 0
-1.6529205606913522e-01 1.6714469446277788e-02 3.2918797673441191e-02 0
-1.5024371907007644e-01 1.5192768895028401e-02 2.9921841729325160e-02 0
-1.3663813838679739e-01 1.3816961081373723e-02 2.7212218340079350e-02 0
-1.2770668472670488e-01 1.2913804941338355e-02 2.5433472081413999e-02 0
-1.2183288661050284e-01 1.2319841513225932e-02 2.4263674104402305e-02 0
-1.1711671546452490e-01 1.1842938302388063e-02 2.3324423664284472e-02 0
-1.1306561952154942e-01 1.1433288057980634e-02 2.2517626470199587e-02 0
-1.0944729363149869e-01 1.1067399886959851e-02 2.1797017722228668e-02 0
-1.0615440210952154e-01 1.0734419914188720e-02 2.1141220950749107e-02 0
-1.0312023148114963e-01 1.0427602016764778e-02 2.0536949814295324e-02 0
-1.0027678215510855e-01 1.0140070018567419e-02 1.9970661834433821e-02 0
-2.2348660720246849e-01 2.2893088301878479e-02 6.7877040295982932e-02 0
-1.9772368578151822e-01 2.0254035553748155e-02 6.0052363547177634e-02 0
-1.7794893808891071e-01 1.8228387864611381e-02 5.4046406149892395e-02 0
-1.6128252898258499e-01 1.6521146203821085e-02 4.8984508794016751e-02 0
-1.4659922271924281e-01 1.5017045829769496e-02 4.4524916528174932e-02 0
-1.3332367552251961e-01 1.3657150779825523e-02 4.0492886783543861e-02 0
-1.2460887404803173e-01 1.2764440655656323e-02 3.7846040047737450e-02 0
-1.1887755791159538e-01 1.2177347082178040e-02 3.6105333107710219e-02 0
-1.1427578793986598e-01 1.1705959792991140e-02 3.4707690273933584e-02 0
-1.1032296029940236e-01 1.1301047614088636e-02 3.3507143254245864e-02 0
-1.0679240491593917e-01 1.0939391351007459e-02 3.2434848145784761e-02 0
-1.0357938976933656e-01 1.0610262665875864e-02 3.1458995892835823e-02 0
-1.0061881966817471e-01 1.0306993462285079e-02 3.0559815879231830e-02 0
-9.7844344501837821e-02 1.0022787094819838e-02 2.9717156346585838e-02 0
-2.1579589918079134e-01 2.2389179695652218e-02 8.9490246504968118e-02 0
-1.9091954105539388e-01 1.9808215965477396e-02 7.9174059301680644e-02 0
-1.7182528938249758e-01 1.7827155443106861e-02 7.1255702692914008e-02 0
-1.5573241098493412e-01 1.6157492414103414e-02 6.4582010934974926e-02 0
-1.4155439215300325e-01 1.4686499265247323e-02 5.8702408474492235e-02 0
-1.2873568805573637e-01 1.3356537291870210e-02 5.3386511730107389e-02 0
-1.2032078359172593e-01 1.2483476890302672e-02 4.9896863876071895e-02 0
-1.1478669565153155e-01 1.1909306017651611e-02 4.7601886174644809e-02 0
-1.1034328351061057e-01 1.1448294581969335e-02 4.5759210038691406e-02 0
-1.0652648205453885e-01 1.1052295052064592e-02 4.4176388383683318e-02 0
-1.0311742146449437e-01 1.0698599318447896e-02 4.2762656234589316e-02 0
-1.0001497379781721e-01 1.0376715188058105e-02 4.1476075990145592e-02 0
-9.7156283943181598e-02 1.0080121338048337e-02 4.0290581732991826e-02 0
-9.4477285054814397e-02 9.8021707260978058e-03 3.9179605041368332e-02 0
-2.0604453195685379e-01 2.1648601051650264e-02 1.1024807759502164e-01 0
-1.8229228415261389e-01 1.9153009017774232e-02 9.7538985164040803e-02 0
-1.6406086156716210e-01 1.7237476923908167e-02 8.7783915383006311e-02 0
-1.4869518650911673e-01 1.5623042088686326e-02 7.9562218380406891e-02 0
-1.3515784253892371e-01 1.4200705640772450e-02 7.2318804737827258e-02 0
-1.2291838872849414e-01 1.2914735416815384e-02 6.5769851937086232e-02 0
-1.1488373610488045e-01 1.2070553626203032e-02 6.1470758070858444e-02 0
-1.0959972196328649e-01 1.1515374861341195e-02 5.8643445696652807e-02 0
-1.0535709827474232e-01 1.1069612507936685e-02 5.6373349112448484e-02 0
-1.0171277005164758e-01 1.0686711632308332e-02 5.4423381908591834e-02 0
-9.8457757742119068e-02 1.0344715251301491e-02 5.2681725596872453e-02 0
-9.5495503162604578e-02 1.0033478226836409e-02 5.1096714882710614e-02 0
-9.2765991492106126e-02 9.7466949447904995e-03 4.9636237693448021e-02 0
-9.0208050930910666e-02 9.4779382300466952e-03 4.8267562892935573e-02 0
-1.9432630941383511e-01 2.0673186991435742e-02 1.2995212387424021e-01 0
-1.7192490551149847e-01 1.8290037846755022e-02 1.1497160355178915e-01 0
-1.5473034504644684e-01 1.6460813114050926e-02 1.0347306249582211e-01 0
-1.4023855058369739e-01 1.4919119221589651e-02 9.3781945706692738e-02 0
-1.2747110589633531e-01 1.3560868416457227e-02 8.5243955612917977e-02 0
-1.1592773742817369e-01 1.2332839637030392e-02 7.7524543620672182e-02 0
-1.0835003362009799e-01 1.1526693806724851e-02 7.2457095777256120e-02 0
-1.0336653327995865e-01 1.0996529508768491e-02 6.9124473034151479e-02 0
-9.9365197169119623e-02 1.0570851690909412e-02 6.6448654269099461e-02 0
-9.5928130111253340e-02 1.0205203026438434e-02 6.4150179890686887e-02 0
-9.2858237692910961e-02 9.8786158391831087e-03 6.2097246692338598e-02 0
-9.0064453212209961e-02 9.5814020964805624e-03 6.0228955518617816e-02 0
-8.7490175026375905e-02 9.3075402937343420e-03 5.8507455078437520e-02 0
-8.5077710313908483e-02 9.0508928424783974e-03 5.6894164375324657e-02 0
-1.8075382387441075e-01 1.9467285044912651e-02 1.4841404804791530e-01 0
-1.5991701813203280e-01 1.7223148815587529e-02 1.3130528816265691e-01 0
-1.4392339033094315e-01 1.5500625698055659e-02 1.1817318235305430e-01 0
-1.3044375720637447e-01 1.4048861285272676e-02 1.0710527639275685e-01 0
-1.1856803879439720e-01 1.2769839430047551e-02 9.7354318530619766e-02 0
-1.0783090252238492e-01 1.1613443540718971e-02 8.8538231813472368e-02 0
-1.0078245400056357e-01 1.0854321490827101e-02 8.2750866186782845e-02 0
-9.6147020035921460e-02 1.0355082527460438e-02 7.8944787287475254e-02 0
-9.2425152263035215e-02 9.9542351800714288e-03 7.5888822623875779e-02 0
-8.9228142873779281e-02 9.6099153891866726e-03 7.3263810581820965e-02 0
-8.6372663268578009e-02 9.3023785568449001e-03 7.0919223051147728e-02 0
-8.3774007185940025e-02 9.0225017688810374e-03 6.8785509108045706e-02 0
-8.1379526254346746e-02 8.7646147647282152e-03 6.6819440037048788e-02 0
-7.9135557135572743e-02 8.5229379713084585e-03 6.4976953750153194e-02 0
-2.2898919747120328e-01 4.6131402784083064e-02 2.2660335586170789e-02 0
-2.0259195307609068e-01 4.0813501624033008e-02 2.0048114047059688e-02 0
-1.8233032050871556e-01 3.6731660439333444e-02 1.8043061087067727e-02 0
-1.6525355863143693e-01 3.3291432723220341e-02 1.6353176926190822e-02 0
-1.5020872665649865e-01 3.0260550854842652e-02 1.4864368717690181e-02 0
-1.3660631495384995e-01 2.7520254182573839e-02 1.3518299699967477e-02 0
-1.2767694158744752e-01 2.5721372288958391e-02 1.2634665746008286e-02 0
-1.2180451158282352e-01 2.4538332049361081e-02 1.2053541143932714e-02 0
-1.1708943891660595e-01 2.3588449174236387e-02 1.1586946442121784e-02 0
-1.1303928654560097e-01 2.2772518932815677e-02 1.1186150999163365e-02 0
-1.0942180342771318e-01 2.2043752801732736e-02 1.0828171689790195e-02 0
-1.0612967887847258e-01 2.1380532326997215e-02 1.0502389250977955e-02 0
-1.0309621496216070e-01 2.0769420764060298e-02 1.0202203380752291e-02 0
-1.0025342792581121e-01 2.0196722331902117e-02 9.9208865350881789e-03 0
-2.2566242353881338e-01 4.6035923219512109e-02 4.5108913377814780e-02 0
-1.9964868060999219e-01 4.0729028683733168e-02 3.9908881167135674e-02 0
-1.7968141080574296e-01 3.6655635811798676e-02 3.5917512203987284e-02 0
-1.6285274161273966e-01 3.3222528441238922e-02 3.2553535627993388e-02 0
-1.4802648226743420e-01 3.0197919682671090e-02 2.9589831928359525e-02 0
-1.3462168758703941e-01 2.7463294687057244e-02 2.6910272731272014e-02 0
-1.2582204093482835e-01 2.5668135994854360e-02 2.5151262266714991e-02 0
-1.2003492610491567e-01 2.4487544330178398e-02 2.3994443595723045e-02 0
-1.1538835442516843e-01 2.3539627456976922e-02 2.3065614458369452e-02 0
-1.1139704302065745e-01 2.2725385971576341e-02 2.2267768953280163e-02 0
-1.0783211501266032e-01 2.1998128190262409e-02 2.1555155604210785e-02 0
-1.0458781873567996e-01 2.1336280403426625e-02 2.0906635120732271e-02 0
-1.0159842524741858e-01 2.0726433676965306e-02 2.0309068577851939e-02 0
-9.8796938468796003e-02 2.0154920576439625e-02 1.9749063755535909e-02 0
-2.2022977994302373e-01 4.5489090334087143e-02 6.7135954428572259e-02 0
-1.9484229741599079e-01 4.0245233208883388e-02 5.9396705165056907e-02 0
-1.7535572392847076e-01 3.6220225722633684e-02 5.3456319018019949e-02 0
-1.5893219171091955e-01 3.2827898171120223e-02 4.8449685946636817e-02 0
-1.4446286289883314e-01 2.9839216922107725e-02 4.4038782178086211e-02 0
-1.3138077810779958e-01 2.7137074893218691e-02 4.0050772930755568e-02 0
-1.2279297602801653e-01 2.5363239812172020e-02 3.7432823677598828e-02 0
-1.1714518143619845e-01 2.4196671686306973e-02 3.5711121256389020e-02 0
-1.1261047231521737e-01 2.3260014547913516e-02 3.4328737469913079e-02 0
-1.0871524859369341e-01 2.2455444947732557e-02 3.3141297664255664e-02 0
-1.0523614342375315e-01 2.1736825824497367e-02 3.2080709553737735e-02 0
-1.0206995102807492e-01 2.1082839729729477e-02 3.1115511364421103e-02 0
-9.9152524836952860e-02 2.0480237005994176e-02 3.0226148329824815e-02 0
-9.6418481649219345e-02 1.9915512566091753e-02 2.9392688702445241e-02 0
-2.1274422231981160e-01 4.4485837394419830e-02 8.8535618996347404e-02 0
-1.8821965454616518e-01 3.9357632545561877e-02 7.8329474948925032e-02 0
-1.6939542525671253e-01 3.5421395837573158e-02 7.0495583747127555e-02 0
-1.5353012516155262e-01 3.2103885428112863e-02 6.3893080509505457e-02 0
-1.3955260554284543e-01 2.9181118978353557e-02 5.8076195989016866e-02 0
-1.2691517783662576e-01 2.6538572180453676e-02 5.2817004114607463e-02 0
-1.1861927319511428e-01 2.4803858696370265e-02 4.9364580465130231e-02 0
-1.1316344585614158e-01 2.3663019009714625e-02 4.7094083376930607e-02 0
-1.0878287046616897e-01 2.2747019667219183e-02 4.5271063136439471e-02 0
-1.0502004451246089e-01 2.1960194697282290e-02 4.3705125499398201e-02 0
-1.0165919333546886e-01 2.1257424582790771e-02 4.2306473684168719e-02 0
-9.8600619098754783e-02 2.0617862027557325e-02 4.1033617439453024e-02 0
-9.5782355559918320e-02 2.0028549592834122e-02 3.9860768894009066e-02 0
-9.3141241877919556e-02 1.9476280043563429e-02 3.8761643032428628e-02 0
-2.0327789189687973e-01 4.3025666154842240e-02 1.0910793008806985e-01 0
-1.7984457698071493e-01 3.8065785884514064e-02 9.6530266333753334e-02 0
-1.6185795650017659e-01 3.4258749433611985e-02 8.6876076762620130e-02 0
-1.4669860377271149e-01 3.1050130645664240e-02 7.8739402885224685e-02 0
-1.3334303224969363e-01 2.8223299020136122e-02 7.1570895635430093e-02 0
-1.2126792348923149e-01 2.5667489314281366e-02 6.5089667591969269e-02 0
-1.1334115602187961e-01 2.3989714841934837e-02 6.0835031992196253e-02 0
-1.0812809288688935e-01 2.2886321272407133e-02 5.8036957734392436e-02 0
-1.0394243695302480e-01 2.2000388046184989e-02 5.5790336924841755e-02 0
-1.0034704288280966e-01 2.1239389264035978e-02 5.3860534938173860e-02 0
-9.7135737193604244e-02 2.0559686380049388e-02 5.2136889635934158e-02 0
-9.4213258235161301e-02 1.9941116374982318e-02 5.0568270010419553e-02 0
-9.1520397034432377e-02 1.9371147115916212e-02 4.9122896069899946e-02 0
-8.8996803174965000e-02 1.8837004872760563e-02 4.7768375161082927e-02 0
-1.9192141918480554e-01 4.1112743673831970e-02 1.2866064221785373e-01 0
-1.6979724758775905e-01 3.6373379916836118e-02 1.1382899537415836e-01 0
-1.5281548126976013e-01 3.2735604488080966e-02 1.0244472456854115e-01 0
-1.3850303242321449e-01 2.9669641044449455e-02 9.2849916201173666e-02 0
-1.2589359337419442e-01 2.6968490487790764e-02 8.4396774981769201e-02 0
-1.1449308178523521e-01 2.4526312203332956e-02 7.6754076994945047e-02 0
-1.0700915711281922e-01 2.2923131664032190e-02 7.1736988456321094e-02 0
-1.0208733091121752e-01 2.1868795025221370e-02 6.8437484665727299e-02 0
-9.8135514001902013e-02 2.1022250432483111e-02 6.5788257663811606e-02 0
-9.4740982939906515e-02 2.0295085692476941e-02 6.3512625073880252e-02 0
-9.1709082486524873e-02 1.9645602431124239e-02 6.1480093523826718e-02 0
-8.8949872951012310e-02 1.9054534077979177e-02 5.9630369062100841e-02 0
-8.6407453173652560e-02 1.8509905679350340e-02 5.7925976556337549e-02 0
-8.4024844320067210e-02 1.7999511425796130e-02 5.6328718420455226e-02 0
-1.7878305464072530e-01 3.8755951731575825e-02 1.4701103791525894e-01 0
-1.5817343800180872e-01 3.4288272554813065e-02 1.3006400777593380e-01 0
-1.4235419287751477e-01 3.0859033026870417e-02 1.1705604025282301e-01 0
-1.2902153169300373e-01 2.7968826295300425e-02 1.0609275962077724e-01 0
-1.1727529732250269e-01 2.5422519509400818e-02 9.6433977927352754e-02 0
-1.0665523083525202e-01 2.3120339379988142e-02 8.7701230007082021e-02 0
-9.9683633377853242e-02 2.1609061352119374e-02 8.1968572563727027e-02 0
-9.5098740753357169e-02 2.0615164684120460e-02 7.8198472670350627e-02 0
-9.1417453471213050e-02 1.9817148358913267e-02 7.5171396154807446e-02 0
-8.8255301905458550e-02 1.9131668422454257e-02 7.2571198449588342e-02 0
-8.5430956335842190e-02 1.8519416864823071e-02 7.0248774392375146e-02 0
-8.2860634075236084e-02 1.7962231573972254e-02 6.8135230526837398e-02 0
-8.0492260790987202e-02 1.7448824061827600e-02 6.6187746780169754e-02 0
-7.8272758250180707e-02 1.6967688218397649e-02 6.4362677584931499e-02 0
-2.2334582512906320e-01 6.8554526832658391e-02 2.2238905961835351e-02 0
-1.9759913320320299e-01 6.0651749677776062e-02 1.9675265213232686e-02 0
-1.7783684272246780e-01 5.4585845048589932e-02 1.7707501225997908e-02 0
-1.6118093271290024e-01 4.9473423402484007e-02 1.6049044686084188e-02 0
-1.4650687627969233e-01 4.4969318631131475e-02 1.4587924588488947e-02 0
-1.3323969208747977e-01 4.0897044008599309e-02 1.3266889089547367e-02 0
-1.2453038055046550e-01 3.8223778314984594e-02 1.2399688518194008e-02 0
-1.1880267488838409e-01 3.6465696865665531e-02 1.1829371381002277e-02 0
-1.1420380382714479e-01 3.5054103746609000e-02 1.1371454174235941e-02 0
-1.1025346629235411e-01 3.3841573713084119e-02 1.0978112524594665e-02 0
-1.0672513500181602e-01 3.2758575710932464e-02 1.0626790735487130e-02 0
-1.0351414391190700e-01 3.1772983188874226e-02 1.0307067035634929e-02 0
-1.0055543883828366e-01 3.0864828194392013e-02 1.0012463872180754e-02 0
-9.7782711467949979e-02 3.0013757828455764e-02 9.7363788166007111e-03 0
-2.2010249248029079e-01 6.8352254084560221e-02 4.4277667686252201e-02 0
-1.9472968325579254e-01 6.0472794441593286e-02 3.9173458289602323e-02 0
-1.7525437249933834e-01 5.4424787546418468e-02 3.5255639679679179e-02 0
-1.5884033265491465e-01 4.9327450338392143e-02 3.1953652277748115e-02 0
-1.4437936673737300e-01 4.4836635137859598e-02 2.9044561783752629e-02 0
-1.3130484305003370e-01 4.0776375951189159e-02 2.6414379762078624e-02 0
-1.2272200449579479e-01 3.8110997852459388e-02 2.4687783199165286e-02 0
-1.1707747418189834e-01 3.6358103704305408e-02 2.3552281630815200e-02 0
-1.1254538600447728e-01 3.4950675556464486e-02 2.2640568353150106e-02 0
-1.0865241362063704e-01 3.3741723149253791e-02 2.1857425026501405e-02 0
-1.0517531928271423e-01 3.2661920583127307e-02 2.1157943253094634e-02 0
-1.0201095686363409e-01 3.1679236097690439e-02 2.0521373283606231e-02 0
-9.9095216868734015e-02 3.0773760656799307e-02 1.9934818308614044e-02 0
-9.6362753886631070e-02 2.9925201413599972e-02 1.9385132891211312e-02 0
-2.1488411249161476e-01 6.7507723910382927e-02 6.5917942180723971e-02 0
-1.9011286414295969e-01 5.9725619498005617e-02 5.8319100694228354e-02 0
-1.7109929118196632e-01 5.3752339187211839e-02 5.2486486811030575e-02 0
-1.5507440982990983e-01 4.8717982495841111e-02 4.7570685575652555e-02 0
-1.4095629721039798e-01 4.4282653885657899e-02 4.3239805743753051e-02 0
-1.2819175582935333e-01 4.0272561523526623e-02 3.9324148154068497e-02 0
-1.1981240675994936e-01 3.7640115695684470e-02 3.6753694519991956e-02 0
-1.1430170193495737e-01 3.5908879557308468e-02 3.5063227739529745e-02 0
-1.0987706448990447e-01 3.4518840989220492e-02 3.3705923573549124e-02 0
-1.0607639011911169e-01 3.3324825880467937e-02 3.2540026656326992e-02 0
-1.0268173379176959e-01 3.2258364892645011e-02 3.1498680052815892e-02 0
-9.9592394859898181e-02 3.1287822036077592e-02 3.0550992777998998e-02 0
-9.6745783793117435e-02 3.0393534262150357e-02 2.9677764833822895e-02 0
-9.4078104446526700e-02 2.9555459453738955e-02 2.8859426080514103e-02 0
-2.0774183668988422e-01 6.6015698865376671e-02 8.6964972731783691e-02 0
-1.8379393077669881e-01 5.8405591159954751e-02 7.6939886754203074e-02 0
-1.6541232764009001e-01 5.2564329707908725e-02 6.9244969607029444e-02 0
-1.4992007850159089e-01 4.7641240191413914e-02 6.2759595471913843e-02 0
-1.3627122124881597e-01 4.3303939296459371e-02 5.7045903095184647e-02 0
-1.2393094546958527e-01 3.9382476261862684e-02 5.1880009838282837e-02 0
-1.1583010774419389e-01 3.6808211613510694e-02 4.8488832547797317e-02 0
-1.1050256676576725e-01 3.5115238507726368e-02 4.6258614316966346e-02 0
-1.0622499464898533e-01 3.3755921971056008e-02 4.4467934647457991e-02 0
-1.0255064643054596e-01 3.2588296467977923e-02 4.2929776908950085e-02 0
-9.9268821098590032e-02 3.1545405939799598e-02 4.1555937324164294e-02 0
-9.6282165075725124e-02 3.0596313601812114e-02 4.0305661683228342e-02 0
-9.3530169171473276e-02 2.9721790989598887e-02 3.9153619594450823e-02 0
-9.0951157686080475e-02 2.8902238948242606e-02 3.8073992341364146e-02 0
-1.9874412443762002e-01 6.3877155369645361e-02 1.0722934166363401e-01 0
-1.7583345070234707e-01 5.6513573287026997e-02 9.4868234363670034e-02 0
-1.5824799192692068e-01 5.0861536570446730e-02 8.5380266207261468e-02 0
-1.4342674339168682e-01 4.6097928070009980e-02 7.7383685854349515e-02 0
-1.3036904571610552e-01 4.1901131862479651e-02 7.0338602679434120e-02 0
-1.1856325220722169e-01 3.8106702656355157e-02 6.3968965452229576e-02 0
-1.1081327812674707e-01 3.5615830020345407e-02 5.9787584219725909e-02 0
-1.0571648370929349e-01 3.3977699929331556e-02 5.7037685923064074e-02 0
-1.0162418188123545e-01 3.2662417770197141e-02 5.4829746401731577e-02 0
-9.8108977106019790e-02 3.1532616909750927e-02 5.2933170861882262e-02 0
-9.4969294258209658e-02 3.0523510297244677e-02 5.1239202495081904e-02 0
-9.2111996340496050e-02 2.9605163329595841e-02 4.9697590643901585e-02 0
-8.9479194937664264e-02 2.8758970438850062e-02 4.8277102489954649e-02 0
-8.7011885649096149e-02 2.7965967374884909e-02 4.6945903101818259e-02 0
-1.8797608632443319e-01 6.1099386668370281e-02 1.2652867504683796e-01 0
-1.6630672318218054e-01 5.4056018376701709e-02 1.1194279317806111e-01 0
-1.4967405246149607e-01 4.8649766942786471e-02 1.0074716326030297e-01 0
-1.3565582582867980e-01 4.4093309407655795e-02 9.1311343834797554e-02 0
-1.2330560007786362e-01 4.0079015684429925e-02 8.2998273779550602e-02 0
-1.1213944976371593e-01 3.6449591573237586e-02 7.5482217661888618e-02 0
-1.0480937275972546e-01 3.4067037383413518e-02 7.0548263831894997e-02 0
-9.9988724952971064e-02 3.2500143253461400e-02 6.7303433839489946e-02 0
-9.6118145875963512e-02 3.1242057643726381e-02 6.4698105348275053e-02 0
-9.2793396474279366e-02 3.0161387466211775e-02 6.2460180694103140e-02 0
-8.9823823053313101e-02 2.9196163009188772e-02 6.0461328820398619e-02 0
-8.7121334820100843e-02 2.8317751410035674e-02 5.8642254865034826e-02 0
-8.4631179779764365e-02 2.7508356185205821e-02 5.6966104670179041e-02 0
-8.2297550416611992e-02 2.6749837766688711e-02 5.5395313595563656e-02 0
-1.7553867740641671e-01 5.7696044195369445e-02 1.4468928401516762e-01 0
-1.5530306543613087e-01 5.1045004159643220e-02 1.2800989672414209e-01 0
-1.3977089365407075e-01 4.5939890634243002e-02 1.1520736280502314e-01 0
-1.2668018153710603e-01 4.1637235962175417e-02 1.0441722422978295e-01 0
-1.1514710719623411e-01 3.7846545604563187e-02 9.4910982764485896e-02 0
-1.0471976406318206e-01 3.4419286930794296e-02 8.6316150308320183e-02 0
-9.7874680846322559e-02 3.2169445285774589e-02 8.0674028183180230e-02 0
-9.3372990703307512e-02 3.0689829971269011e-02 7.6963469121769268e-02 0
-8.9758508090760858e-02 2.9501821988125995e-02 7.3984198940078211e-02 0
-8.6653740389501688e-02 2.8481347079186911e-02 7.1425065911929209e-02 0
-8.3880648486917009e-02 2.7569887356895237e-02 6.9139319678766770e-02 0
-8.1356970108251880e-02 2.6740404860470343e-02 6.7059154812117161e-02 0
-7.9031575918708380e-02 2.5976094402441766e-02 6.5142427492545646e-02 0
-7.6852350901100985e-02 2.5259826821295905e-02 6.3346181442940686e-02 0
-2.1556245111699590e-01 9.0228877133925134e-02 2.1661696373897005e-02 0
-1.9071300514601253e-01 7.9827540224576443e-02 1.9164595814014730e-02 0
-1.7163941033320984e-01 7.1843825579508414e-02 1.7247905826574622e-02 0
-1.5556394180031430e-01 6.5115049236505629e-02 1.5632495103907545e-02 0
-1.4140126126791119e-01 5.9186916596083161e-02 1.4209298887452863e-02 0
-1.2859642491375639e-01 5.3827142493104774e-02 1.2922551325092818e-02 0
-1.2019062400128588e-01 5.0308691120562604e-02 1.2077859246673851e-02 0
-1.1466252303991015e-01 4.7994770696127204e-02 1.1522344889458171e-02 0
-1.1022391794482200e-01 4.6136885129765964e-02 1.1076313083317180e-02 0
-1.0641124564421728e-01 4.4540998880638394e-02 1.0693180753219952e-02 0
-1.0300587310065218e-01 4.3115597800516603e-02 1.0350977643537977e-02 0
-9.9906781775375486e-02 4.1818398135595125e-02 1.0039552483696951e-02 0
-9.7051184556020409e-02 4.0623118820692333e-02 9.7525958479805358e-03 0
-9.4375083906671708e-02 3.9502972138560882e-02 9.4836766761972786e-03 0
-2.1246543264018602e-01 8.9861913424980483e-02 4.3138453134423507e-02 0
-1.8797300250732407e-01 7.9502878787752307e-02 3.8165571339694282e-02 0
-1.6917344098468129e-01 7.1551633936941583e-02 3.4348555358115235e-02 0
-1.5332893119743252e-01 6.4850223549909741e-02 3.1131525694664181e-02 0
-1.3936972808928350e-01 5.8946200644832664e-02 2.8297283986965988e-02 0
-1.2674886080181663e-01 5.3608224761120121e-02 2.5734774639094918e-02 0
-1.1846382733266647e-01 5.0104082942119155e-02 2.4052602152168853e-02 0
-1.1301514945381136e-01 4.7799573239816179e-02 2.2946316214753945e-02 0
-1.0864031448542810e-01 4.5949243700288966e-02 2.2058060657783804e-02 0
-1.0488241943814613e-01 4.4359847925892926e-02 2.1295067040337123e-02 0
-1.0152597240922528e-01 4.2940243956748114e-02 2.0613582425109064e-02 0
-9.8471406208903101e-02 4.1648320007217687e-02 1.9993390938760951e-02 0
-9.5656835796978479e-02 4.0457901897300363e-02 1.9421927597413520e-02 0
-9.3019183100044645e-02 3.9342310855484702e-02 1.8886385186707502e-02 0
-2.0756306861548679e-01 8.8699249388524276e-02 6.4246909614751074e-02 0
-1.8363576955327066e-01 7.8474243169498248e-02 5.6840703218699301e-02 0
-1.6526998353895178e-01 7.0625874002321426e-02 5.1155949519834820e-02 0
-1.4979106527248498e-01 6.4011168551159681e-02 4.6364766730211115e-02 0
-1.3615395267781627e-01 5.8183533734230575e-02 4.2143677243274252e-02 0
-1.2382429553993246e-01 5.2914622245913062e-02 3.8327283871072898e-02 0
-1.1573042847645781e-01 4.9455818105721305e-02 3.5821992744881445e-02 0
-1.1040747177539434e-01 4.7181124868074353e-02 3.4174380289216738e-02 0
-1.0613358045189114e-01 4.5354735468726218e-02 3.2851484580267043e-02 0
-1.0246239396067836e-01 4.3785903792144282e-02 3.1715143834008114e-02 0
-9.9183392595284137e-02 4.2384667101526968e-02 3.0700195977925435e-02 0
-9.6199306549760055e-02 4.1109458466642823e-02 2.9776533131598226e-02 0
-9.3449678700973315e-02 3.9934442357187766e-02 2.8925442028189668e-02 0
-9.0872886420279131e-02 3.8833285179909804e-02 2.8127848642452699e-02 0
-2.0090307270180785e-01 8.6737554362436825e-02 8.4806849560670416e-02 0
-1.7774351964175805e-01 7.6738686664344913e-02 7.5030550026206760e-02 0
-1.5996702950878644e-01 6.9063893782325664e-02 6.7526592943755431e-02 0
-1.4498477731340609e-01 6.2595480634082823e-02 6.1202162382287539e-02 0
-1.3178523348270116e-01 5.6896731090161384e-02 5.5630263223756221e-02 0
-1.1985119329059457e-01 5.1744348024944875e-02 5.0592568788468517e-02 0
-1.1201703101301691e-01 4.8362039569519399e-02 4.7285548276086026e-02 0
-1.0686486996742289e-01 4.6137653955488661e-02 4.5110676010592765e-02 0
-1.0272811334386145e-01 4.4351657391956151e-02 4.3364434546076885e-02 0
-9.9174722795454640e-02 4.2817522347076642e-02 4.1864448329845386e-02 0
-9.6000933480231088e-02 4.1447275720025739e-02 4.0524702483953789e-02 0
-9.3112596650931245e-02 4.0200269884083567e-02 3.9305454170895149e-02 0
-9.0451195048778382e-02 3.9051240693303513e-02 3.8182001607856342e-02 0
-8.7957083306609452e-02 3.7974436954062885e-02 3.7129166805705965e-02 0
-1.9254813832289297e-01 8.3980718834977958e-02 1.0464273975082672e-01 0
-1.7035171906997737e-01 7.4299651282745988e-02 9.2579813523302523e-02 0
-1.5331449789331342e-01 6.6868791051002269e-02 8.3320719079539224e-02 0
-1.3895531098589303e-01 6.0605967445901993e-02 7.5517036405420707e-02 0
-1.2630469514482340e-01 5.5088344754636392e-02 6.8641898398486278e-02 0
-1.1486695458055995e-01 5.0099723041114153e-02 6.2425912880094747e-02 0
-1.0735859075516102e-01 4.6824916570206709e-02 5.8345397104862001e-02 0
-1.0242069206903248e-01 4.4671229968697435e-02 5.5661833288057100e-02 0
-9.8455970291985828e-02 4.2941998829564315e-02 5.3507154834554260e-02 0
-9.5050354208753296e-02 4.1456624139932313e-02 5.1656329478301871e-02 0
-9.2008552923621867e-02 4.0129928902007644e-02 5.0003223899278859e-02 0
-8.9240333043016040e-02 3.8922557417525677e-02 4.8498799612603588e-02 0
-8.6689610859017358e-02 3.7810048526388876e-02 4.7112577214211832e-02 0
-8.4299221469841312e-02 3.6767469500958397e-02 4.5813489711487659e-02 0
-1.8257535032178807e-01 8.0439930434684975e-02 1.2358522863493887e-01 0
-1.6152856655174941e-01 7.1167034980975014e-02 1.0933866453637203e-01 0
-1.4537376671391211e-01 6.4049473855786410e-02 9.8403483470042075e-02 0
-1.3175829574490211e-01 5.8050702726280906e-02 8.9187173652277296e-02 0
-1.1976290256319128e-01 5.2765713432168626e-02 8.1067494193507339e-02 0
-1.0891756531618330e-01 4.7987421435132183e-02 7.3726287387362172e-02 0
-1.0179808770588367e-01 4.4850686992156760e-02 6.8907114290338439e-02 0
-9.7115941241577131e-02 4.2787803886744760e-02 6.5737770201880680e-02 0
-9.3356567218269237e-02 4.1131480399488024e-02 6.3193050610577228e-02 0
-9.0127340715974336e-02 3.9708731913101425e-02 6.1007187779638372e-02 0
-8.7243085684110266e-02 3.8437972652943797e-02 5.9054836074169725e-02 0
-8.4618242253682696e-02 3.7281506231344380e-02 5.7278080034440598e-02 0
-8.2199631501544745e-02 3.6215902816930060e-02 5.5640922857063846e-02 0
-7.9933049309753923e-02 3.5217280892964761e-02 5.4106673784481640e-02 0
-1.7107547362886566e-01 7.6133682890333704e-02 1.4147259219518149e-01 0
-1.5135436388595502e-01 6.7357199588114813e-02 1.2516402214361894e-01 0
-1.3621710662338576e-01 6.0620667651615057e-02 1.1264611500384042e-01 0
-1.2345923349107829e-01 5.4943032773193623e-02 1.0209586350179295e-01 0
-1.1221939428663702e-01 4.9940968366911032e-02 9.2800965424374826e-02 0
-1.0205717242965223e-01 4.5418475890374094e-02 8.4397213850823799e-02 0
-9.5386129442799839e-02 4.2449662362852247e-02 7.8880527757274943e-02 0
-9.0998897395192901e-02 4.0497212966710924e-02 7.5252462089896388e-02 0
-8.7476315109539987e-02 3.8929558559136851e-02 7.2339427239582421e-02 0
-8.4450487936500507e-02 3.7582975024752940e-02 6.9837189025874491e-02 0
-8.1747903511657977e-02 3.6380244175085938e-02 6.7602259653877644e-02 0
-7.9288391126534852e-02 3.5285687648550002e-02 6.5568341149880305e-02 0
-7.7022121439467683e-02 3.4277129898699216e-02 6.3694226638624007e-02 0
-7.4898304487954731e-02 3.3331967874101531e-02 6.1937914849785808e-02 0
-2.0574703029866526e-01 1.1093838798797534e-01 2.0939992457511374e-02 0
-1.8202907909536425e-01 9.8149715431485873e-02 1.8526088827806139e-02 0
-1.6382398142156374e-01 8.8333562635929758e-02 1.6673257991902807e-02 0
-1.4848049333419844e-01 8.0060384091047626e-02 1.5111668575137509e-02 0
-1.3496269635121050e-01 7.2771614592420986e-02 1.3735889574533429e-02 0
-1.2274091546447674e-01 6.6181654419307595e-02 1.2492013111888391e-02 0
-1.1471786432283565e-01 6.1855641051840438e-02 1.1675463988141878e-02 0
-1.0944147993173381e-01 5.9010624984407817e-02 1.1138457932086405e-02 0
-1.0520498229798575e-01 5.6726313807614143e-02 1.0707286751756161e-02 0
-1.0156591623246813e-01 5.4764136555269516e-02 1.0336919399660943e-02 0
-9.8315603935298423e-02 5.3011574568842618e-02 1.0006117612248462e-02 0
-9.5357626646254801e-02 5.1416639042799056e-02 9.7050683330167052e-03 0
-9.2632056201584489e-02 4.9947016829322038e-02 9.4276723499904930e-03 0
-9.0077809129416819e-02 4.8569771840733911e-02 9.1677128692655568e-03 0
-2.0288171717326120e-01 1.1034803475533289e-01 4.1712944665601534e-02 0
-1.7949407138557494e-01 9.7627415892752978e-02 3.6904393320811871e-02 0
-1.6154250498443401e-01 8.7863498812418089e-02 3.3213511838215803e-02 0
-1.4641269628135600e-01 7.9634345193333678e-02 3.0102789936317487e-02 0
-1.3308315339807469e-01 7.2384362182221329e-02 2.7362206641243766e-02 0
-1.2103157778669288e-01 6.5829469849848693e-02 2.4884376224321048e-02 0
-1.1312025877651311e-01 6.1526476947426412e-02 2.3257791658657365e-02 0
-1.0791735536714975e-01 5.8696600360011369e-02 2.2188063289542197e-02 0
-1.0373985684760306e-01 5.6424444925960576e-02 2.1329160418069822e-02 0
-1.0015146983184475e-01 5.4472709211589282e-02 2.0591380165756623e-02 0
-9.6946422648216790e-02 5.2729473315611175e-02 1.9932415424933347e-02 0
-9.4029639301662582e-02 5.1143025085932048e-02 1.9332718362182519e-02 0
-9.1342026211352123e-02 4.9681223326050711e-02 1.8780139207486619e-02 0
-8.8823350577607707e-02 4.8311307214519844e-02 1.8262293964930926e-02 0
-1.9840826297112346e-01 1.0885217940168762e-01 6.2153148870310843e-02 0
-1.7553630450583818e-01 9.6303997958952392e-02 5.4988308033609518e-02 0
-1.5798056226307333e-01 8.6672438013683073e-02 4.9488818379915062e-02 0
-1.4318435919988576e-01 7.8554836673061873e-02 4.4853778486144927e-02 0
-1.3014872688548812e-01 7.1403132556857207e-02 4.0770252762705933e-02 0
-1.1836288322567445e-01 6.4937096649896386e-02 3.7078234255546696e-02 0
-1.1062600532658640e-01 6.0692434006537788e-02 3.4654589651430562e-02 0
-1.0553782365331571e-01 5.7900918494356940e-02 3.3060672283465001e-02 0
-1.0145243714219587e-01 5.5659563811807811e-02 3.1780889262128714e-02 0
-9.7943172484826924e-02 5.3734285322076442e-02 3.0681581445438172e-02 0
-9.4808795184576522e-02 5.2014680281116471e-02 2.9699710369004137e-02 0
-9.1956325630340896e-02 5.0449737533395406e-02 2.8806149357224003e-02 0
-8.9327973228804952e-02 4.9007751580160047e-02 2.7982795001786950e-02 0
-8.6864833287081666e-02 4.7656405697187099e-02 2.7211194892956925e-02 0
-1.9236888149521836e-01 1.0645118661046393e-01 8.2097551679165104e-02 0
-1.7019312596936725e-01 9.4179784286521462e-02 7.2633575895467040e-02 0
-1.5317176557116097e-01 8.4760670637667040e-02 6.5369347967519753e-02 0
-1.3882594632974748e-01 7.6822121740303978e-02 5.9246964189443863e-02 0
-1.2618710756271634e-01 6.9828164973560480e-02 5.3853070669748093e-02 0
-1.1476001494786137e-01 6.3504752420316557e-02 4.8976315618088490e-02 0
-1.0725864102380700e-01 5.9353715613607083e-02 4.5774944594722283e-02 0
-1.0232533926791121e-01 5.6623773422395801e-02 4.3669553042355758e-02 0
-9.8364308443344428e-02 5.4431856993251704e-02 4.1979098809196383e-02 0
-9.4961862813887687e-02 5.2549044966589076e-02 4.0527032700107601e-02 0
-9.1922893289628438e-02 5.0867369785830868e-02 3.9230087757173848e-02 0
-8.9157250479648981e-02 4.9336945464277915e-02 3.8049790808576484e-02 0
-8.6608902887084338e-02 4.7926765841168478e-02 3.6962229220139864e-02 0
-8.4220738827739783e-02 4.6605227012259998e-02 3.5943029364748746e-02 0
-1.8481822728679098e-01 1.0315298193105016e-01 1.0138705475311233e-01 0
-1.6351288989615792e-01 9.1261786803016109e-02 8.9699438962407119e-02 0
-1.4715963303829860e-01 8.2134507346687896e-02 8.0728420124404260e-02 0
-1.3337689996627089e-01 7.4441920022107533e-02 7.3167531238292061e-02 0
-1.2123414686622414e-01 6.7664658350218815e-02 6.6506297469840325e-02 0
-1.1025557780373219e-01 6.1537165292723850e-02 6.0483708163625277e-02 0
-1.0304863948052778e-01 5.7514740850170359e-02 5.6530148330024343e-02 0
-9.8308974207945043e-02 5.4869380977924098e-02 5.3930077480789623e-02 0
-9.4503417367560738e-02 5.2745377113064845e-02 5.1842436933043273e-02 0
-9.1234520756378557e-02 5.0920900610100517e-02 5.0049195786445289e-02 0
-8.8314833489862660e-02 4.9291329091827318e-02 4.8447522817161304e-02 0
-8.5657744620899340e-02 4.7808322198575282e-02 4.6989905260921339e-02 0
-8.3209421938729433e-02 4.6441834439368279e-02 4.5646812010802146e-02 0
-8.0914995443577775e-02 4.5161241099749311e-02 4.4388142652806564e-02 0
-1.7582290525120969e-01 9.8973077402278953e-02 1.1986778394863379e-01 0
-1.5555452316777241e-01 8.7563729376633287e-02 1.0604976125642662e-01 0
-1.3999719815449158e-01 7.8806299469603325e-02 9.5443514088862869e-02 0
-1.2688528657402987e-01 7.1425426053701474e-02 8.6504433948613901e-02 0
-1.1533353525162221e-01 6.4922788073003279e-02 7.8628997159892466e-02 0
-1.0488930578892314e-01 5.9043589214944875e-02 7.1508616306399236e-02 0
-9.8033137453813868e-02 5.5184158781097170e-02 6.6834405545711656e-02 0
-9.3524157148506037e-02 5.2645992422664434e-02 6.3760396385978385e-02 0
-8.9903821142231000e-02 5.0608056030142901e-02 6.1292222809903790e-02 0
-8.6794025493755450e-02 4.8857509750916739e-02 5.9172111462985982e-02 0
-8.4016442768972632e-02 4.7293970646186512e-02 5.7278487148892610e-02 0
-8.1488677475310911e-02 4.5871057172194779e-02 5.5555176524265448e-02 0
-7.9159517477704777e-02 4.4559941321373309e-02 5.3967265581585766e-02 0
-7.6976763362459344e-02 4.3331239333581323e-02 5.2479167233537655e-02 0
-1.6546088515982582e-01 9.3934532843470475e-02 1.3739231678596603e-01 0
-1.4638700742373362e-01 8.3106013569352460e-02 1.2155411473486361e-01 0
-1.3174654357307153e-01 7.4794408179907207e-02 1.0939724617373831e-01 0
-1.1940737425296349e-01 6.7789281343188124e-02 9.9151282582138012e-02 0
-1.0853641812759030e-01 6.1617680604186431e-02 9.0124465802426112e-02 0
-9.8707712757860611e-02 5.6037780858139763e-02 8.1963093285500888e-02 0
-9.2255608390398314e-02 5.2374826871102148e-02 7.6605518174630821e-02 0
-8.8012362002805711e-02 4.9965873855432302e-02 7.3082092336992532e-02 0
-8.4605388221524386e-02 4.8031685025690024e-02 7.0253074563189910e-02 0
-8.1678866423234242e-02 4.6370255811485295e-02 6.7823005324538443e-02 0
-7.9064978788972506e-02 4.4886313583292037e-02 6.5652535267892470e-02 0
-7.6686185752687708e-02 4.3535837995739873e-02 6.3677278570344109e-02 0
-7.4494293334277040e-02 4.2291468621669603e-02 6.1857216835787765e-02 0
-7.2440178459653226e-02 4.1125317573682860e-02 6.0151560184811964e-02 0
-1.9402741670155044e-01 1.3048962558815141e-01 2.0086534599032271e-02 0
-1.7166047034239740e-01 1.1544714030132741e-01 1.7771014628218666e-02 0
-1.5449235832282421e-01 1.0390103703313186e-01 1.5993699763500069e-02 0
-1.4002285494663730e-01 9.4169834206024705e-02 1.4495756168638053e-02 0
-1.2727504897382086e-01 8.5596527832135005e-02 1.3176049900283975e-02 0
-1.1574943636235496e-01 7.7845185501103753e-02 1.1982870207840654e-02 0
-1.0818338847804831e-01 7.2756776821994412e-02 1.1199601240547103e-02 0
-1.0320755369221646e-01 6.9410369120483817e-02 1.0684481982287369e-02 0
-9.9212372383658320e-02 6.6723482180837401e-02 1.0270884079451509e-02 0
-9.5780592176879009e-02 6.4415500463567116e-02 9.9156118184712642e-03 0
-9.2715421826449596e-02 6.2354075575360352e-02 9.5982925453617675e-03 0
-8.9925934708084021e-02 6.0478056459383533e-02 9.3095131551318121e-03 0
-8.7355616242906053e-02 5.8749435257631100e-02 9.0434230218653378e-03 0
-8.4946862351750141e-02 5.7129471388380565e-02 8.7940587300131372e-03 0
-1.9150039130264418e-01 1.2962714494055028e-01 4.0025655718634021e-02 0
-1.6942475362739395e-01 1.1468408362067722e-01 3.5411609187187859e-02 0
-1.5248024030731266e-01 1.0321429482896977e-01 3.1870023025026090e-02 0
-1.3819918876167769e-01 9.3547410814201704e-02 2.8885129119858619e-02 0
-1.2561741111123298e-01 8.5030770085205154e-02 2.6255401798661163e-02 0
-1.1424190888976415e-01 7.7330660591637290e-02 2.3877799061175112e-02 0
-1.0677440174571445e-01 7.2275883973101585e-02 2.2317009472968531e-02 0
-1.0186337258240707e-01 6.8951594500219759e-02 2.1290551374220451e-02 0
-9.7920224796452404e-02 6.6282466657769962e-02 2.0466390929461849e-02 0
-9.4533140336666321e-02 6.3989739646993005e-02 1.9758453721337062e-02 0
-9.1507890980653483e-02 6.1941939837092758e-02 1.9126143955104584e-02 0
-8.8754734338883395e-02 6.0078320351830389e-02 1.8550704502783393e-02 0
-8.6217891882333392e-02 5.8361124547806897e-02 1.8020477049802835e-02 0
-8.3840509771420102e-02 5.6751867900875469e-02 1.7523578530079423e-02 0
-1.8757777403234144e-01 1.2779513430073453e-01 5.9671031735172131e-02 0
-1.6595432495980206e-01 1.1306326167144687e-01 5.2792320750219085e-02 0
-1.4935689632712779e-01 1.0175557418042752e-01 4.7512454699500273e-02 0
-1.3536837217475162e-01 9.2225311205579918e-02 4.3062516374331367e-02 0
-1.2304431466535409e-01 8.3829035250925332e-02 3.9142067352313778e-02 0
-1.1190182371768542e-01 7.6237750582906993e-02 3.5597490600272633e-02 0
-1.0458727802693002e-01 7.1254412582765353e-02 3.3270634897274054e-02 0
-9.9776844436348378e-02 6.7977104938163307e-02 3.1740371049406094e-02 0
-9.5914466525032993e-02 6.5345699594603512e-02 3.0511696508287431e-02 0
-9.2596761759354329e-02 6.3085375449940223e-02 2.9456289845828279e-02 0
-8.9633480410756528e-02 6.1066516976167495e-02 2.8513630055721370e-02 0
-8.6936718337206759e-02 5.9229235826164489e-02 2.7655753644012016e-02 0
-8.4451839554938846e-02 5.7536308967142680e-02 2.6865280166884317e-02 0
-8.2123154795860076e-02 5.5949795772627514e-02 2.6124494116563160e-02 0
-1.8229412600050066e-01 1.2499874253986221e-01 7.8878486796956193e-02 0
-1.6127976133703209e-01 1.1058922978591373e-01 6.9785593651354061e-02 0
-1.4514984530962788e-01 9.9528974839398876e-02 6.2806196213767540e-02 0
-1.3155534673284508e-01 9.0207251163106961e-02 5.6923871199125564e-02 0
-1.1957843048015848e-01 8.1994700830996470e-02 5.1741472328469984e-02 0
-1.0874979869028062e-01 7.4569527128014734e-02 4.7055934918452585e-02 0
-1.0164128746353368e-01 6.9695233528196260e-02 4.3980089702846892e-02 0
-9.6966353075279288e-02 6.6489639270639306e-02 4.1957250586088124e-02 0
-9.3212769748945656e-02 6.3915813809818339e-02 4.0333079089778234e-02 0
-8.9988517338619567e-02 6.1704949623697603e-02 3.8937948515475870e-02 0
-8.7108705026948535e-02 5.9730267405198767e-02 3.7691856803984083e-02 0
-8.4487904735835284e-02 5.7933189271973190e-02 3.6557839317151175e-02 0
-8.2073019455512042e-02 5.6277306698152979e-02 3.5512921035560752e-02 0
-7.9809928560559185e-02 5.4725509266424943e-02 3.4533684022396788e-02 0
-1.7569393170584702e-01 1.2125042479451936e-01 9.7507058919343859e-02 0
-1.5544041920539353e-01 1.0727300731590128e-01 8.6266715606296424e-02 0
-1.3989450758141675e-01 9.6544414097853193e-02 7.7639008004275395e-02 0
-1.2679221535076374e-01 8.7502219148676452e-02 7.0367466198521300e-02 0
-1.1524893879087966e-01 7.9535936976878718e-02 6.3961150677317474e-02 0
-1.0481237157453333e-01 7.2333420523337133e-02 5.8169039382113708e-02 0
-9.7961233160588579e-02 6.7605291424082864e-02 5.4366778028374613e-02 0
-9.3455560798487158e-02 6.4495822702272221e-02 5.1866209092245930e-02 0
-8.9837880795362812e-02 6.1999178048334519e-02 4.9858460301464402e-02 0
-8.6730366600052428e-02 5.9854610619469423e-02 4.8133844563592987e-02 0
-8.3954821605595115e-02 5.7939142815188638e-02 4.6593465895062719e-02 0
-8.1428910767589624e-02 5.6195953316785480e-02 4.5191629793957133e-02 0
-7.9101459521955991e-02 5.4589725373823866e-02 4.3899935277032398e-02 0
-7.6920306750286827e-02 5.3084461391905535e-02 4.2689433840739949e-02 0
-1.6783122917670423e-01 1.1656990967123176e-01 1.1542003449353166e-01 0
-1.4848410723720945e-01 1.0313204861776154e-01 1.0211473296599211e-01 0
-1.3363391037170569e-01 9.2817600674579059e-02 9.1902033234384839e-02 0
-1.2111797539659180e-01 8.4124452635515073e-02 8.3294639883386090e-02 0
-1.1009128660962780e-01 7.6465684976817466e-02 7.5711423133126177e-02 0
-1.0012177941625283e-01 6.9541200143615256e-02 6.8855245780046703e-02 0
-9.3577244964958228e-02 6.4995586336498018e-02 6.4354472770801946e-02 0
-8.9273211646933415e-02 6.2006149360910562e-02 6.1394525484585960e-02 0
-8.5817431018415241e-02 5.9605880211704293e-02 5.9017934102195302e-02 0
-8.2848985122226493e-02 5.7544097398607941e-02 5.6976490013482900e-02 0
-8.0197652053203727e-02 5.5702570503836701e-02 5.5153129099978132e-02 0
-7.7784781446681051e-02 5.4026671625861195e-02 5.3493762344182516e-02 0
-7.5561488916237596e-02 5.2482447311839181e-02 5.1964771231499812e-02 0
-7.3477947671665517e-02 5.1035289546911861e-02 5.0531889142329478e-02 0
-1.5876917044943833e-01 1.1098411070592190e-01 1.3248595161685378e-01 0
-1.4046669747611312e-01 9.8190164718437889e-02 1.1721333838588255e-01 0
-1.2641833784776924e-01 8.8369964215492924e-02 1.0549059668611382e-01 0
-1.1457820150427017e-01 8.0093374211292506e-02 9.5610520740104898e-02 0
-1.0414689941500710e-01 7.2801599176100962e-02 8.6906055363380807e-02 0
-9.4715696338148692e-02 6.6208921621642713e-02 7.9036128872816747e-02 0
-8.8524534402413979e-02 6.1881124415166883e-02 7.3869875010150410e-02 0
-8.4452897611898253e-02 5.9034935200494520e-02 7.0472272182971252e-02 0
-8.1183712057943669e-02 5.6749682084081376e-02 6.7744279817207459e-02 0
-7.8375547569309034e-02 5.4786695724591911e-02 6.5400989367530360e-02 0
-7.5867373382428327e-02 5.3033411066233327e-02 6.3308027704482794e-02 0
-7.3584785863617053e-02 5.1437817865798680e-02 6.1403308249824623e-02 0
-7.1481540141721367e-02 4.9967589651089217e-02 5.9648241681114267e-02 0
-6.9510499826947514e-02 4.8589776753175218e-02 5.8003494742595862e-02 0
-1.8054634623019028e-01 1.4871212183074323e-01 1.9114689998465433e-02 0
-1.5973346055869353e-01 1.3156899757019669e-01 1.6911200405697650e-02 0
-1.4375819299551057e-01 1.1841051482764370e-01 1.5219876272525586e-02 0
-1.3029403411319251e-01 1.0732037805245243e-01 1.3794406760953254e-02 0
-1.1843194869418416e-01 9.7549834575832495e-02 1.2538551028986988e-02 0
-1.0770713835465212e-01 8.8716040011094122e-02 1.1403100215458935e-02 0
-1.0066678125482381e-01 8.2917049976460461e-02 1.0657727668677203e-02 0
-9.6036668638874390e-02 7.9103326249324951e-02 1.0167531108545291e-02 0
-9.2319073466214874e-02 7.6041223425083321e-02 9.7739440585622173e-03 0
-8.9125734154423875e-02 7.3410938826773492e-02 9.4358607167916823e-03 0
-8.6273532560036614e-02 7.1061641995932262e-02 9.1338941068316130e-03 0
-8.3677859661983767e-02 6.8923642309901556e-02 8.8590865521578632e-03 0
-8.1286127527606167e-02 6.6953624224724173e-02 8.6058704940882649e-03 0
-7.9044734422691498e-02 6.5107437150006969e-02 8.3685710413389236e-03 0
-1.7848101961946194e-01 1.4754790734084083e-01 3.8102366923156203e-02 0
-1.5790621941094507e-01 1.3053899044853345e-01 3.3710029469935010e-02 0
-1.4211369820182573e-01 1.1748352074561413e-01 3.0338619702422812e-02 0
-1.2880356027324430e-01 1.0648020467167851e-01 2.7497152629170379e-02 0
-1.1707716916128513e-01 9.6786151273899168e-02 2.4993786066667439e-02 0
-1.0647504346411180e-01 8.8021513316910882e-02 2.2730429275276756e-02 0
-9.9515223330954639e-02 8.2267921494363044e-02 2.1244637028025919e-02 0
-9.4938076100162139e-02 7.8484054041780105e-02 2.0267501162454057e-02 0
-9.1263007724690925e-02 7.5445923321751929e-02 1.9482942366979145e-02 0
-8.8106198074403896e-02 7.2836230277717406e-02 1.8809022177275092e-02 0
-8.5286623754668944e-02 7.0505325248748918e-02 1.8207095462983797e-02 0
-8.2720643614911771e-02 6.8384063195065542e-02 1.7659306392963474e-02 0
-8.0356271293177239e-02 6.6429467674560538e-02 1.7154556845125096e-02 0
-7.8140518223168282e-02 6.4597733735970081e-02 1.6681534745378902e-02 0
-1.7523623239368102e-01 1.4539423544824370e-01 5.6836861675318817e-02 0
-1.5503548270602480e-01 1.2863358793406343e-01 5.0284862534991898e-02 0
-1.3953007003376167e-01 1.1576868141425717e-01 4.5255769453304923e-02 0
-1.2646191083520231e-01 1.0492597441709628e-01 4.1017185779010035e-02 0
-1.1494870588586897e-01 9.5373419541758819e-02 3.7282942738686903e-02 0
-1.0453932717039488e-01 8.6736713964525924e-02 3.3906719506892738e-02 0
-9.7706036788171857e-02 8.1067104012947477e-02 3.1690380341159383e-02 0
-9.3212102239319639e-02 7.7338467497485186e-02 3.0232798035748312e-02 0
-8.9603846723565694e-02 7.4344682624362168e-02 2.9062480725606799e-02 0
-8.6504427972921988e-02 7.1773081768869040e-02 2.8057201748156790e-02 0
-8.3736113603816553e-02 6.9476199620115614e-02 2.7159314607977200e-02 0
-8.1216783064447573e-02 6.7385900408701849e-02 2.6342183967611343e-02 0
-7.8895395106570398e-02 6.5459834994930743e-02 2.5589254886287646e-02 0
-7.6719924497704872e-02 6.3654837823220123e-02 2.4883653273501824e-02 0
-1.7083705877044231e-01 1.4226123295296172e-01 7.5193687498208372e-02 0
-1.5114343416814230e-01 1.2586174943878714e-01 6.6525563349075306e-02 0
-1.3602727357050443e-01 1.1327406019799469e-01 5.9872204235930759e-02 0
-1.2328718097598118e-01 1.0266499545282137e-01 5.4264668471900868e-02 0
-1.1206300663852764e-01 9.3318282203001757e-02 4.9324362225929286e-02 0
-1.0191494778252480e-01 8.4867683226394125e-02 4.4857706858370955e-02 0
-9.5253202170764606e-02 7.9320243913321820e-02 4.1925547889222411e-02 0
-9.0872084570634948e-02 7.5671953296032712e-02 3.9997204476733453e-02 0
-8.7354411677541377e-02 7.2742679493798756e-02 3.8448905168244854e-02 0
-8.4332801573743843e-02 7.0226492347746222e-02 3.7118947273803563e-02 0
-8.1633983717512182e-02 6.7979104178487515e-02 3.5931065981957416e-02 0
-7.9177899133593882e-02 6.5933847428814252e-02 3.4850023435239491e-02 0
-7.6914787927049477e-02 6.4049285512358611e-02 3.3853917878351347e-02 0
-7.4793930920910051e-02 6.2283183019268412e-02 3.2920425329212966e-02 0
-1.6531619186020474e-01 1.3816563436268164e-01 9.3050867165267503e-02 0
-1.4625899812828980e-01 1.2223828036287171e-01 8.2324215898362613e-02 0
-1.3163134035531254e-01 1.1001298177926627e-01 7.4090800948102220e-02 0
-1.1930296416051051e-01 9.9709344493541630e-02 6.7151574008965320e-02 0
-1.0844151690794840e-01 9.0631716497762471e-02 6.1038031869914466e-02 0
-9.8621408749740791e-02 8.2424404280001223e-02 5.5510624367099776e-02 0
-9.2174948066153839e-02 7.7036671815415070e-02 5.1882129184052578e-02 0
-8.7935413264712353e-02 7.3493412900856925e-02 4.9495838107375845e-02 0
-8.4531419578280531e-02 7.0648470816539327e-02 4.7579844929012266e-02 0
-8.1607457621391211e-02 6.8204722916167221e-02 4.5934045412542979e-02 0
-7.8995856366061518e-02 6.6022035460441664e-02 4.4464063194373071e-02 0
-7.6619144070436962e-02 6.4035660203904443e-02 4.3126292045295930e-02 0
-7.4429168909899535e-02 6.2205353490159099e-02 4.1893628928116849e-02 0
-7.2376850778529900e-02 6.0490095836887192e-02 4.0738448307421349e-02 0
-1.5871370303036081e-01 1.3313069759017748e-01 1.1028974349300824e-01 0
-1.4041762662824508e-01 1.1778375751021924e-01 9.7575841486034653e-02 0
-1.2637417679175655e-01 1.0600396503342552e-01 8.7817080037032758e-02 0
-1.1453817848333947e-01 9.6075805966230110e-02 7.9592271649671698e-02 0
-1.0411052205260152e-01 8.7328978783194122e-02 7.2346116839809765e-02 0
-9.4682615107482215e-02 7.9420751916070009e-02 6.5794685680654219e-02 0
-8.8493616934439689e-02 7.4229355573536521e-02 6.1493964883254038e-02 0
-8.4423403149148757e-02 7.0815217716730439e-02 5.8665582552732243e-02 0
-8.1155360149985784e-02 6.8073949098007291e-02 5.6394626882634080e-02 0
-7.8348177092884802e-02 6.5719254614668599e-02 5.4443921741312490e-02 0
-7.5840879493272673e-02 6.3616107186872606e-02 5.2701606324434214e-02 0
-7.3559089720953152e-02 6.1702118081164686e-02 5.1115995785421059e-02 0
-7.1456579066993375e-02 5.9938510173402404e-02 4.9654965899255415e-02 0
-6.9486227615399410e-02 5.8285758785647124e-02 4.8285773143153493e-02 0
-1.5107675264690701e-01 1.2718607537652132e-01 1.2679576779290919e-01 0
-1.3366104350724339e-01 1.1252441533365160e-01 1.1217909629346112e-01 0
-1.2029333382488450e-01 1.0127062065077203e-01 1.0095983329589336e-01 0
-1.0902685792117073e-01 9.1785779220730668e-02 9.1504095609853231e-02 0
-9.9100957557906100e-02 8.3429520191682927e-02 8.3173477328242706e-02 0
-9.0126700917120273e-02 7.5874415834490616e-02 7.5641555416928519e-02 0
-8.4235503827718383e-02 7.0914828586122969e-02 7.0697186404805934e-02 0
-8.0361139845904317e-02 6.7653140696864039e-02 6.7445506835669355e-02 0
-7.7250347942851544e-02 6.5034276717171269e-02 6.4834678704272175e-02 0
-7.4578240407346813e-02 6.2784725351253262e-02 6.2592029970048590e-02 0
-7.2191588495663095e-02 6.0775488822946866e-02 6.0588958679821142e-02 0
-7.0019593466828400e-02 5.8946964214950742e-02 5.8766044804749146e-02 0
-6.8018251036482291e-02 5.7262105900667326e-02 5.7086356390818715e-02 0
-6.6142708596142047e-02 5.5683154079887554e-02 5.5512249501809413e-02 0
-1.4871211828665598e-01 1.8054634901042388e-01 1.9114691310939458e-02 0
-1.3156899498659624e-01 1.5973346250824438e-01 1.6911202091742926e-02 0
-1.1841051298128041e-01 1.4375819430745773e-01 1.5219878245311513e-02 0
-1.0732037682744205e-01 1.3029403488775937e-01 1.3794408975407887e-02 0
-9.7549833898241567e-02 1.1843194899531206e-01 1.2538553456354615e-02 0
-8.8716039828438675e-02 1.0770713822773215e-01 1.1403102835326598e-02 0
-8.2917050118708036e-02 1.0066678084690939e-01 1.0657730414912490e-02 0
-7.9103326605246105e-02 9.6036668046163287e-02 1.0167533937886629e-02 0
-7.6041223952566489e-02 9.2319072725127294e-02 9.7739469546308175e-03 0
-7.3410939501625000e-02 8.9125733285884023e-02 9.4358636701776313e-03 0
-7.1061642802409120e-02 8.6273531577659934e-02 9.1338971114118608e-03 0
-6.8923643236165039e-02 8.3677858576008735e-02 8.8590896033279298e-03 0
-6.6953625261363003e-02 8.1286126346172494e-02 8.6058735881876097e-03 0
-6.5107438290083086e-02 7.9044733151799440e-02 8.3685741756691148e-03 0
-1.4754790019612135e-01 1.7848102497112017e-01 3.8102369521911830e-02 0
-1.3053898516364193e-01 1.5790622306719920e-01 3.3710032808377921e-02 0
-1.1748351688826353e-01 1.4211370055674488e-01 3.0338623608624771e-02 0
-1.0648020201747754e-01 1.2880356153138173e-01 2.7497157013886858e-02 0
-9.6786149679687461e-02 1.1707716945314472e-01 2.4993790872960955e-02 0
-8.8021512681062231e-02 1.0647504288233528e-01 2.2730434462728683e-02 0
-8.2267921487636703e-02 9.9515222175675044e-02 2.1244642465691209e-02 0
-7.8484054448798024e-02 9.4938074567716579e-02 2.0267506764672948e-02 0
-7.5445924060972086e-02 9.1263005889412385e-02 1.9482948101320889e-02 0
-7.2836231302292526e-02 8.8106195978997881e-02 1.8809028025107713e-02 0
-7.0505326528195272e-02 8.5286621426924669e-02 1.8207101412183319e-02 0
-6.8384064706459718e-02 8.2720641075725465e-02 1.7659312434412905e-02 0
-6.6429469399678559e-02 8.0356268559162169e-02 1.7154562971576387e-02 0
-6.4597735661377831e-02 7.8140515306570624e-02 1.6681540951488993e-02 0
-1.4539422471631469e-01 1.7523624005481364e-01 5.6836865508261447e-02 0
-1.2863357988147633e-01 1.5503548779024501e-01 5.0284867458910115e-02 0
-1.1576867541824221e-01 1.3953007314003080e-01 4.5255775214619209e-02 0
-1.0492597015438676e-01 1.2646191227442921e-01 4.1017192246092377e-02 0
-9.5373416806111999e-02 1.1494870585641170e-01 3.7282949827559281e-02 0
-8.6736712609534888e-02 1.0453932581306341e-01 3.3906727157941199e-02 0
-8.1067103564295306e-02 9.7706034559150279e-02 3.1690388361251251e-02 0
-7.7338467644889358e-02 9.3212099437028351e-02 3.0232806298542705e-02 0
-7.4344683250350180e-02 8.9603843460986599e-02 2.9062489183271145e-02 0
-7.1773082805950822e-02 8.6504424314964912e-02 2.8057210373210462e-02 0
-6.9476201024374906e-02 8.3736109592719127e-02 2.7159323382538389e-02 0
-6.7385902147114429e-02 8.1216778731971057e-02 2.6342192878233250e-02 0
-6.5459837041242419e-02 7.8895390477965677e-02 2.5589263922280045e-02 0
-6.3654840158077014e-02 7.6719919591585806e-02 2.4883662426984129e-02 0
-1.4226121871709074e-01 1.7083706842887164e-01 7.5193692487918573e-02 0
-1.2586173860432576e-01 1.5114344036900340e-01 6.6525569759013498e-02 0
-1.1327405197434032e-01 1.3602727711745272e-01 5.9872211735987946e-02 0
-1.0266498942958835e-01 1.2328718228617835e-01 5.4264676890724173e-02 0
-9.3318278118366293e-02 1.1206300597811991e-01 4.9324371454196630e-02 0
-8.4867680894493702e-02 1.0191494534044365e-01 4.4857716818477000e-02 0
-7.9320242732013407e-02 9.5253198559094865e-02 4.1925558329747745e-02 0
-7.5671952871414511e-02 9.0872080189781490e-02 3.9997215233208067e-02 0
-7.2742679676740030e-02 8.7354406679097496e-02 3.8448916178400405e-02 0
-7.0226493052568673e-02 8.4332796044802094e-02 3.7118958501865890e-02 0
-6.7979105349439850e-02 8.1633977714744732e-02 3.5931077404648057e-02 0
-6.5933849023972257e-02 7.9177892699616809e-02 3.4850035035053489e-02 0
-6.4049287498392782e-02 7.6914781095742762e-02 3.3853929641372224e-02 0
-6.2283185371609151e-02 7.4793923717248911e-02 3.2920437245181761e-02 0
-1.3816561677510553e-01 1.6531620315700346e-01 9.3050873209860940e-02 0
-1.2223826678496702e-01 1.4625900510554246e-01 8.2324223663436780e-02 0
-1.1001297127904969e-01 1.3163134401702775e-01 7.4090810033759280e-02 0
-9.9709336587239850e-02 1.1930296502784860e-01 6.7151584207626597e-02 0
-9.0631710876730720e-02 1.0844151531340651e-01 6.1038043049145674e-02 0
-8.2424400725139485e-02 9.8621404929351453e-02 5.5510636432888977e-02 0
-7.7036669616901532e-02 9.2174942784595426e-02 5.1882141831827405e-02 0
-7.3493411594349883e-02 8.7935407022211559e-02 4.9495851137895230e-02 0
-7.0648470226239268e-02 8.4531412564222752e-02 4.7579858266843716e-02 0
-6.8204722941074575e-02 8.1607449944581856e-02 4.5934059014349271e-02 0
-6.6022036034835169e-02 7.8995848097300925e-02 4.4464077031954458e-02 0
-6.4035661278362771e-02 7.6619135262965377e-02 4.3126306097446582e-02 0
-6.2205355025392567e-02 7.4429159606043377e-02 4.1893643177978168e-02 0
-6.0490097803932497e-02 7.2376841009490711e-02 4.0738462742565568e-02 0
-1.3313067687047603e-01 1.5871371556386360e-01 1.1028975046726897e-01 0
-1.1778374127973162e-01 1.4041763401671375e-01 9.7575850445388801e-02 0
-1.0600395224870662e-01 1.2637418023107083e-01 8.7817090520077357e-02 0
-9.6075796085649146e-02 1.1453817859425625e-01 7.9592283416902221e-02 0
-8.7328971461193339e-02 1.0411051923115988e-01 7.2346129738423304e-02 0
-7.9420746907346129e-02 9.4682609634821724e-02 6.5794699602179790e-02 0
-7.4229352083375194e-02 8.8493609721372712e-02 6.1493979476275412e-02 0
-7.0815215225256412e-02 8.4423394791498185e-02 5.8665597587364865e-02 0
-6.8073947408396063e-02 8.1155350873329785e-02 5.6394642271843848e-02 0
-6.5719253613841483e-02 7.8348167026821625e-02 5.4443937435096845e-02 0
-6.3616106801248185e-02 7.5840868722133137e-02 5.2701622290256211e-02 0
-6.1702118255411220e-02 7.3559078308152170e-02 5.1116011998813410e-02 0
-5.9938510863531136e-02 7.1456567062946147e-02 4.9654982340766540e-02 0
-5.8285759959230826e-02 6.9486215057270040e-02 4.8285789798444390e-02 0
-1.2718605180925757e-01 1.5107676597722336e-01 1.2679577554968735e-01 0
-1.1252439659312974e-01 1.3366105092111880e-01 1.1217910625806160e-01 0
-1.0127060561509427e-01 1.2029333669749992e-01 1.0095984495514376e-01 0
-9.1785767307542399e-02 1.0902685696635434e-01 9.1504108697376130e-02 0
-8.3429511029445486e-02 9.9100953231076427e-02 8.3173491674090771e-02 0
-7.5874409159457118e-02 9.0126693541568270e-02 7.5641570900460142e-02 0
-7.0914823543827332e-02 8.4235494450816878e-02 7.0697202635175760e-02 0
-6.7653136728343527e-02 8.0361129152809158e-02 6.7445523557199571e-02 0
-6.5034273610802829e-02 7.7250336192962399e-02 6.4834695820163296e-02 0
-6.2784722985456093e-02 7.4578227749692971e-02 6.2592047424687797e-02 0
-6.0775487118607308e-02 7.2191575027219068e-02 6.0588976437020825e-02 0
-5.8946963112576856e-02 7.0019579260517162e-02 5.8766062837296740e-02 0
-5.7262105352962944e-02 6.8018236150277855e-02 5.7086374677080332e-02 0
-5.5683154051987427e-02 6.6142693072780756e-02 5.5512268025837003e-02 0
-1.3048962233240724e-01 1.9402741877471863e-01 2.0086535723618314e-02 0
-1.1544713793286898e-01 1.7166047178570065e-01 1.7771016072897154e-02 0
-1.0390103534572392e-01 1.5449235928266436e-01 1.5993701453870655e-02 0
-9.4169833092614896e-02 1.4002285549900845e-01 1.4495758066081076e-02 0
-8.5596527224424346e-02 1.2727504916720717e-01 1.3176051980160315e-02 0
-7.7845185350608498e-02 1.1574943623117390e-01 1.1982872452659526e-02 0
-7.2756776971640597e-02 1.0818338813380346e-01 1.1199603593643380e-02 0
-6.9410369467518995e-02 1.0320755320784947e-01 1.0684484406592601e-02 0
-6.6723482686359414e-02 9.9212371786784770e-02 1.0270886560931614e-02 0
-6.4415501105226092e-02 9.5780591483364763e-02 9.9156143490634202e-03 0
-6.2354076338613229e-02 9.2715421046618618e-02 9.5982951198194527e-03 0
-6.0478057333293950e-02 8.9925933849699491e-02 9.3095157695097172e-03 0
-5.8749436233504732e-02 8.7355615312140034e-02 9.0434256730269613e-03 0
-5.7129472459808261e-02 8.4946861353152298e-02 8.7940614156463426e-03 0
-1.2962713840446610e-01 1.9150039526201634e-01 4.0025657943015963e-02 0
-1.1468407880491555e-01 1.6942475628994447e-01 3.5411612044698587e-02 0
-1.0321429133366938e-01 1.5248024197446680e-01 3.1870026368505056e-02 0
-9.3547408431802870e-02 1.3819918958989902e-01 2.8885132872917788e-02 0
-8.5030768683286073e-02 1.2561741120034425e-01 2.6255405912565422e-02 0
-7.7330660076194629e-02 1.1424190831062764e-01 2.3877803501328496e-02 0
-7.2275884039590760e-02 1.0677440072790334e-01 2.2317014127289869e-02 0
-6.8951594949418410e-02 1.0186337127610018e-01 2.1290556169389976e-02 0
-6.6282467414252366e-02 9.7920223258507244e-02 2.0466395837720780e-02 0
-6.3989740667425965e-02 9.4533138599748656e-02 1.9758458726737482e-02 0
-6.1941941093278996e-02 9.1507889066019310e-02 1.9126149047269073e-02 0
-6.0078321822566200e-02 8.8754732262516428e-02 1.8550709673908344e-02 0
-5.8361126216235126e-02 8.6217889656941049e-02 1.8020482293684359e-02 0
-5.6751869754569612e-02 8.3840507406369669e-02 1.7523583842144225e-02 0
-1.2779512452976749e-01 1.8757777964742595e-01 5.9671035010072954e-02 0
-1.1306325438038434e-01 1.6595432858882270e-01 5.2792324957259301e-02 0
-1.0175556879285580e-01 1.4935689843171307e-01 4.7512459622019082e-02 0
-9.2225307422294622e-02 1.3536837299452309e-01 4.3062521899864703e-02 0
-8.3829032881035576e-02 1.2304431435318935e-01 3.9142073409110065e-02 0
-7.6237749490903672e-02 1.1190182238210872e-01 3.5597497137397266e-02 0
-7.1254412329637196e-02 1.0458727601952927e-01 3.3270641749712643e-02 0
-6.7977105236724122e-02 9.9776841987120446e-02 3.1740378109211889e-02 0
-6.5345700336124579e-02 9.5914463721054499e-02 3.0511703734591861e-02 0
-6.3085376571955093e-02 9.2596758650652422e-02 2.9456297215151681e-02 0
-6.1066518438029016e-02 8.9633477029883835e-02 2.8513637552785312e-02 0
-5.9229237597306528e-02 8.6936714708642865e-02 2.7655761257327424e-02 0
-5.7536311023265313e-02 8.4451835698144517e-02 2.6865287887317402e-02 0
-5.5949798095817321e-02 8.2123150725181504e-02 2.6124501937380695e-02 0
-1.2499872964885322e-01 1.8229413299989128e-01 7.8878491049215543e-02 0
-1.1058922004283561e-01 1.6127976565418545e-01 6.9785599113939528e-02 0
-9.9528967512565902e-02 1.4514984756798671e-01 6.2806202605358435e-02 0
-9.0207245872716335e-02 1.3155534725602558e-01 5.6923878373694115e-02 0
-8.1994697334735883e-02 1.1957842947462605e-01 5.1741480192851241e-02 0
-7.4569525253872282e-02 1.0874979630260034e-01 4.7055943406510758e-02 0
-6.9695232718901712e-02 1.0164128416853541e-01 4.3980098600321094e-02 0
-6.6489639161645187e-02 9.6966349183580491e-02 4.1957259752816028e-02 0
-6.3915814263107218e-02 9.3212765378145934e-02 4.0333088472694512e-02 0
-6.1704950559976296e-02 8.9988512556281819e-02 3.8937958084093560e-02 0
-5.9730268772870437e-02 8.7108699877036566e-02 3.7691866538465027e-02 0
-5.7933191032238152e-02 8.4487899251408871e-02 3.6557849202577597e-02 0
-5.6277308820165323e-02 8.2073013662853800e-02 3.5512931060072916e-02 0
-5.4725511727445969e-02 7.9809922479043977e-02 3.4533694177252133e-02 0
-1.2125040896619882e-01 1.7569393978034614e-01 9.7507064052815451e-02 0
-1.0727299519521194e-01 1.5544042391025981e-01 8.6266722200914664e-02 0
-9.6544404823016183e-02 1.3989450969986728e-01 7.7639015720420534e-02 0
-8.7502212272360047e-02 1.2679221528934992e-01 7.0367474859903412e-02 0
-7.9535932213687682e-02 1.1524893680897907e-01 6.3961160171464804e-02 0
-7.2333417670675915e-02 1.0481236785627235e-01 5.8169049629185038e-02 0
-6.7605289825599019e-02 9.7961228302484826e-02 5.4366788769706798e-02 0
-6.4495821928601871e-02 9.3455555190762374e-02 5.1866220158630238e-02 0
-6.1999177936920891e-02 8.9837874585754540e-02 4.9858471628838608e-02 0
-5.9854611076920833e-02 8.6730359873438578e-02 4.8133856115152251e-02 0
-5.7939143780734531e-02 8.3954814417206147e-02 4.6593477646857812e-02 0
-5.6195954744727411e-02 8.1428903158958010e-02 4.5191641727978654e-02 0
-5.4589727227831675e-02 7.9101451526099903e-02 4.3899947378963022e-02 0
-5.3084463645197699e-02 7.6920298391546321e-02 4.2689446100025147e-02 0
-1.1656989115391608e-01 1.6783123798293254e-01 1.1542004039026538e-01 0
-1.0313203424422535e-01 1.4848411201105094e-01 1.0211474054112069e-01 0
-9.2817589481667961e-02 1.3363391205042330e-01 9.1902042097792624e-02 0
-8.4124444123275355e-02 1.2111797446669953e-01 8.3294649832571982e-02 0
-7.6465678826281275e-02 1.1009128338151902e-01 7.5711434038895686e-02 0
-6.9541196128354743e-02 1.0012177411026851e-01 6.8855257550687582e-02 0
-6.4995583722950279e-02 9.3577238294941856e-02 6.4354485109192061e-02 0
-6.2006147669203565e-02 8.9273204079857005e-02 6.1394538196358039e-02 0
-5.9605879260158701e-02 8.5817422731074372e-02 5.9017947113762126e-02 0
-5.7544097082846080e-02 8.2848976216192916e-02 5.6976503282567370e-02 0
-5.5702570755939151e-02 8.0197642594571211e-02 5.5153142599070198e-02 0
-5.4026672394753894e-02 7.7784771485150561e-02 5.3493776052595060e-02 0
-5.2482448556918110e-02 7.5561478491321776e-02 5.1964785132786656e-02 0
-5.1035291238245045e-02 7.3477936812491457e-02 5.0531903224367042e-02 0
-1.1098408981042623e-01 1.5876917961390158e-01 1.3248595813855041e-01 0
-9.8190148265830224e-02 1.4046670198588868e-01 1.1721334676385808e-01 0
-8.8369951173095818e-02 1.2641833878476361e-01 1.0549060648890646e-01 0
-8.0093364043064164e-02 1.1457819943007919e-01 9.5610531743751448e-02 0
-7.2801591540049948e-02 1.0414689468792587e-01 8.6906067424994071e-02 0
-6.6208916274996948e-02 9.4715689212522269e-02 7.9036141890964251e-02 0
-6.1881120571412984e-02 8.8524525702250390e-02 7.3869888656219906e-02 0
-5.9034932345122082e-02 8.4452887876235283e-02 7.0472286241995474e-02 0
-5.6749680022297078e-02 8.1183701490860904e-02 6.7744294207800121e-02 0
-5.4786694344483744e-02 7.8375536288053355e-02 6.5401004042933614e-02 0
-5.3033410294979350e-02 7.5867361463293509e-02 6.3308042634270839e-02 0
-5.1437817648638168e-02 7.3584773363974121e-02 6.1403323411117844e-02 0
-4.9967589944487245e-02 7.1481527107180531e-02 5.9648257055723547e-02 0
-4.8589777525039263e-02 6.9510486291131490e-02 5.8003510317112594e-02 0
-1.1093838511876497e-01 2.0574703175038744e-01 2.0939993394366391e-02 0
-9.8149713348568979e-02 1.8202908009597940e-01 1.8526090031319338e-02 0
-8.8333561156545143e-02 1.6382398207592436e-01 1.6673259400093857e-02 0
-8.0060383120327455e-02 1.4848049369673161e-01 1.5111670155833666e-02 0
-7.2771614069840673e-02 1.3496269645664011e-01 1.3735891307208647e-02 0
-6.6181654301901593e-02 1.2274091533745246e-01 1.2492014981971701e-02 0
-6.1855641200413175e-02 1.1471786404321604e-01 1.1675465948427437e-02 0
-5.9010625307902298e-02 1.0944147955175915e-01 1.1138459951693769e-02 0
-5.6726314271556222e-02 1.0520498183743432e-01 1.0707288818993976e-02 0
-5.4764137139853342e-02 1.0156591570270312e-01 1.0336921507812361e-02 0
-5.3011575261180249e-02 9.8315603343713698e-02 1.0006119756942773e-02 0
-5.1416639833199079e-02 9.5357625998410356e-02 9.7050705109672231e-03 0
-4.9947017710079644e-02 9.2632055501900623e-02 9.4276745585842696e-03 0
-4.8569772806169420e-02 9.0077808381152202e-02 9.1677151065764559e-03 0
-1.1034802901561730e-01 2.0288171991448667e-01 4.1712946516861443e-02 0
-9.7627411680610343e-02 1.7949407318761124e-01 3.6904395698998282e-02 0
-8.7863495772788736e-02 1.6154250606558040e-01 3.3213514620853105e-02 0
-7.9634343141913644e-02 1.4641269675492724e-01 3.0102793059831184e-02 0
-7.2384361001425479e-02 1.3308315333636483e-01 2.7362210065073680e-02 0
-6.5829469456206158e-02 1.2103157724102209e-01 2.4884379919674376e-02 0
-6.1526477070514701e-02 1.1312025791314362e-01 2.3257795532253628e-02 0
-5.8696600822929296e-02 1.0791735429484484e-01 2.2188067280360539e-02 0
-5.6424445661733408e-02 1.0373985560754018e-01 2.1329164503007668e-02 0
-5.4472710181739020e-02 1.0015146844768119e-01 2.0591384331541299e-02 0
-5.2729474495099765e-02 9.6946421135346683e-02 1.9932419662928129e-02 0
-5.1143026455931523e-02 9.4029637671661725e-02 1.9332722665892754e-02 0
-4.9681224871592600e-02 9.1342024473423544e-02 1.8780143571749078e-02 0
-4.8311308924569973e-02 8.8823348738535424e-02 1.8262298385939464e-02 0
-1.0885217085685062e-01 1.9840826680665480e-01 6.2153151591374051e-02 0
-9.6303991619344831e-02 1.7553630688890198e-01 5.4988311529172412e-02 0
-8.6672433366734997e-02 1.5798056353127188e-01 4.9488822469957727e-02 0
-7.8554833452708722e-02 1.4318435952846176e-01 4.4853783077222611e-02 0
-7.1403130593351322e-02 1.3014872638624531e-01 4.0770257795201589e-02 0
-6.4937095822737850e-02 1.1836288197798001e-01 3.7078239687139469e-02 0
-6.0692433925340267e-02 1.1062600358756680e-01 3.4654595345012612e-02 0
-5.7900918903743076e-02 1.0553782159117486e-01 3.3060678149345199e-02 0
-5.5659564615091695e-02 1.0145243482061517e-01 3.1780895266349932e-02 0
-5.3734286463710618e-02 9.7943169940392816e-02 3.0681587568491570e-02 0
-5.2014681724955714e-02 9.4808792441096135e-02 2.9699716598195119e-02 0
-5.0449739252259124e-02 9.1956322705716409e-02 2.8806155683006471e-02 0
-4.9007753552439720e-02 8.9327970137268675e-02 2.7982801416571765e-02 0
-4.7656407906953524e-02 8.6864830039125374e-02 2.7211201391149631e-02 0
-1.0645117539156584e-01 1.9236888619917469e-01 8.2097555203872213e-02 0
-9.4179775869308036e-02 1.7019312869479963e-01 7.2633580423415889e-02 0
-8.4760664370932021e-02 1.5317176677794586e-01 6.5369353265523150e-02 0
-7.6822117286019509e-02 1.3882594625659639e-01 5.9246970136459048e-02 0
-6.9828162116066711e-02 1.2618710636192665e-01 5.3853077188550452e-02 0
-6.3504751006521531e-02 1.1476001272754505e-01 4.8976322653857984e-02 0
-5.9353715147535485e-02 1.0725863813421732e-01 4.5774951969857536e-02 0
-5.6623773579597414e-02 1.0232533593817172e-01 4.3669560640676008e-02 0
-5.4431857650889953e-02 9.8364304760201193e-02 4.1979106586715553e-02 0
-5.2549046054092274e-02 9.4961858827177892e-02 4.0527040631555031e-02 0
-5.0867371257277388e-02 9.1922889031781307e-02 3.9230095826105746e-02 0
-4.9336947285135713e-02 8.9157245975050897e-02 3.8049799002627366e-02 0
-4.7926767983984514e-02 8.6608898155122377e-02 3.6962237529479219e-02 0
-4.6605229456796543e-02 8.4220733882705623e-02 3.5943037782129816e-02 0
-1.0315296823297609e-01 1.8481823260532426e-01 1.0138705899462863e-01 0
-9.1261776405576200e-02 1.6351289271022140e-01 8.9699444411191487e-02 0
-8.2134499482703183e-02 1.4715963393001563e-01 8.0728426499846767e-02 0
-7.4441914293351258e-02 1.3337689923780977e-01 7.3167538394733916e-02 0
-6.7664654502624239e-02 1.2123414471036686e-01 6.6506305314352004e-02 0
-6.1537163145935131e-02 1.1025557435732991e-01 6.0483716630238105e-02 0
-5.7514739819884336e-02 1.0304863518694057e-01 5.6530157205018722e-02 0
-5.4869380681909552e-02 9.8308969357204123e-02 5.3930086624357471e-02 0
-5.2745377406609201e-02 9.4503412069471715e-02 5.1842446292253153e-02 0
-5.0920901410064084e-02 9.1234515074026523e-02 5.0049205330887414e-02 0
-4.9291330344110429e-02 8.8314827464297641e-02 4.8447532527047615e-02 0
-4.7808323862496005e-02 8.5657738282990087e-02 4.6989915121371739e-02 0
-4.6441836482584431e-02 8.3209415313016732e-02 4.5646822009986904e-02 0
-4.5161243498419212e-02 8.0914988548152267e-02 4.4388152782005169e-02 0
-9.8973061481057778e-02 1.7582291090562707e-01 1.1986778880061016e-01 0
-8.7563717142684488e-02 1.5555452580505669e-01 1.0604976748942713e-01 0
-7.8806290065880219e-02 1.3999719847592629e-01 9.5443521381890828e-02 0
-7.1425419035328619e-02 1.2688528494363732e-01 8.6504442135046378e-02 0
-6.4922783156152603e-02 1.1533353190164619e-01 7.8629006133425161e-02 0
-5.9043586198133324e-02 1.0488930088422865e-01 7.1508625991569041e-02 0
-5.5184157011576113e-02 9.8033131528516393e-02 6.6834415698039273e-02 0
-5.2645991473427828e-02 9.3524150552005691e-02 6.3760406845533801e-02 0
-5.0608055739526481e-02 8.9903814006810578e-02 6.1292233516137551e-02 0
-4.8857510026041717e-02 8.6794017895413772e-02 5.9172122381111469e-02 0
-4.7293971426616011e-02 8.4016434757162528e-02 5.7278498256273902e-02 0
-4.5871058412481375e-02 8.1488669087219801e-02 5.5555187803880718e-02 0
-4.4559942985386194e-02 7.9159508742896983e-02 5.3967277019902643e-02 0
-4.3331241394686082e-02 7.6976754302728795e-02 5.2479178820580702e-02 0
-9.3934515012798092e-02 1.6546089085008359e-01 1.3739232212396607e-01 0
-8.3105999687179549e-02 1.4638700961075102e-01 1.2155412159222517e-01 0
-7.4794397328469125e-02 1.3174654307112021e-01 1.0939725419731056e-01 0
-6.7789273046091864e-02 1.1940737148471486e-01 9.9151291588607249e-02 0
-6.1617674557495894e-02 1.0853641336270686e-01 9.0124475674839444e-02 0
-5.6037776846097814e-02 9.8707706187769195e-02 8.1963103940836113e-02 0
-5.2374824194715730e-02 9.2255600635268775e-02 7.6605529343919176e-02 0
-4.9965872057443822e-02 8.8012353468332277e-02 7.3082103844283763e-02 0
-4.8031683932982100e-02 8.4605379061302555e-02 7.0253086341869359e-02 0
-4.6370255324599097e-02 8.1678856725507176e-02 6.7823017336334890e-02 0
-4.4886313637508973e-02 7.9064968611160691e-02 6.5652547487902502e-02 0
-4.3535838542392707e-02 7.6686175137970325e-02 6.3677290979840762e-02 0
-4.2291469622067951e-02 7.4494282316981519e-02 6.1857229419883281e-02 0
-4.1125318999305230e-02 7.2440167065084993e-02 6.0151572932531511e-02 0
-9.0228874735621301e-02 2.1556245204556845e-01 2.1661697123170218e-02 0
-7.9827538487185407e-02 1.9071300577651318e-01 1.9164596776554438e-02 0
-7.1843824349411778e-02 1.7163941073492056e-01 1.7247906952810539e-02 0
-6.5115048433963096e-02 1.5556394200919815e-01 1.5632496368108678e-02 0
-5.9186916170221010e-02 1.4140126130691222e-01 1.4209300273203038e-02 0
-5.3827142407808837e-02 1.2859642479916228e-01 1.2922552820738523e-02 0
-5.0308691258833138e-02 1.2019062378586309e-01 1.2077860814461029e-02 0
-4.7994770981426849e-02 1.1466252275817729e-01 1.1522346504689439e-02 0
-4.6136885533117844e-02 1.1022391760984745e-01 1.1076314736642077e-02 0
-4.4540999385394714e-02 1.0641124526350948e-01 1.0693182439266539e-02 0
-4.3115598395844501e-02 1.0300587267909633e-01 1.0350979358810644e-02 0
-4.1818398813348645e-02 9.9906781316645765e-02 1.0039554225567088e-02 0
-4.0623119574395294e-02 9.7051184063037477e-02 9.7525976143583923e-03 0
-3.9502972963439326e-02 9.4375083381588787e-02 9.4836784655423570e-03 0
-8.9861908642388355e-02 2.1246543436261500e-01 4.3138454613751445e-02 0
-7.9502875292370628e-02 1.8797300359983815e-01 3.8165573240085085e-02 0
-7.1551631429579182e-02 1.6917344159369413e-01 3.4348557581699676e-02 0
-6.4850221875262515e-02 1.5332893139894399e-01 3.1131528190640342e-02 0
-5.8946199703817453e-02 1.3936972793178171e-01 2.8297286722922504e-02 0
-5.3608224483400219e-02 1.2674886031972171e-01 2.5734777592023736e-02 0
-5.0104083099822810e-02 1.1846382663749067e-01 2.4052605247530223e-02 0
-4.7799573683877494e-02 1.1301514861850259e-01 2.2946319403786580e-02 0
-4.5949244374271697e-02 1.0864031353760378e-01 2.2058063922026611e-02 0
-4.4359848797373508e-02 1.0488241839367352e-01 2.1295070369184030e-02 0
-4.2940245004628175e-02 1.0152597127842894e-01 2.0613585811658480e-02 0
-4.1648321215631931e-02 9.8471404999547207e-02 1.9993394377823090e-02 0
-4.0457903253635574e-02 9.5656834515235323e-02 1.9421931084862509e-02 0
-3.9342312350442943e-02 9.3019181750464197e-02 1.8886388719501823e-02 0
-8.8699242295226050e-02 2.0756307097465321e-01 6.4246911785970334e-02 0
-7.8474237938289393e-02 1.8363577092541039e-01 5.6840706007915215e-02 0
-7.0625870200389435e-02 1.6526998415348310e-01 5.1155952783404152e-02 0
-6.4011165953840432e-02 1.4979106524849461e-01 4.6364770393571564e-02 0
-5.8183532198189586e-02 1.3615395209128045e-01 4.2143681258855398e-02 0
-5.2914621669400447e-02 1.2382429444478521e-01 3.8327288205105697e-02 0
-4.9455818159096054e-02 1.1573042704742986e-01 3.5821997287963467e-02 0
-4.7181125335696517e-02 1.1040747012678870e-01 3.4174384969780564e-02 0
-4.5354736268954601e-02 1.0613357862698297e-01 3.2851489371217457e-02 0
-4.3785904878074655e-02 1.0246239198432983e-01 3.1715148719778333e-02 0
-4.2384668442638371e-02 9.9183390483673306e-02 3.0700200948386006e-02 0
-4.1109460039984225e-02 9.6199304315052581e-02 2.9776538179132089e-02 0
-3.9934444144512832e-02 9.3449676352840516e-02 2.8925447146741154e-02 0
-3.8833287167768099e-02 9.0872883965850970e-02 2.8127853827557864e-02 0
-8.6737545090448842e-02 2.0090307552015707e-01 8.4806852367216412e-02 0
-7.6738679761971212e-02 1.7774352109984504e-01 7.5030553631583202e-02 0
-6.9063888698787712e-02 1.5996702992278239e-01 6.7526597162287094e-02 0
-6.2595477083482759e-02 1.4498477684742855e-01 6.1202167117594436e-02 0
-5.6896728890098086e-02 1.3178523224145666e-01 5.5630268414348150e-02 0
-5.1744347045935835e-02 1.1985119134841166e-01 5.0592574390695172e-02 0
-4.8362039392077755e-02 1.1201702861069923e-01 4.7285554148532388e-02 0
-4.6137654305200282e-02 1.0686486726249644e-01 4.5110682060749960e-02 0
-4.4351658164928032e-02 1.0272811039596497e-01 4.3364440738921109e-02 0
-4.2817523483620501e-02 9.9174719638851994e-02 4.1864454645254873e-02 0
-4.1447277181301895e-02 9.6000930137217722e-02 4.0524708908835166e-02 0
-4.0200271640885549e-02 9.3112593138273358e-02 3.9305460695402472e-02 0
-3.9051242722411977e-02 9.0451191379804730e-02 3.8182008224161956e-02 0
-3.7974439238361163e-02 8.7957079491145618e-02 3.7129173508039737e-02 0
-8.3980707572804375e-02 1.9254814140471077e-01 1.0464274311854121e-01 0
-7.4299642815525063e-02 1.7035172041182450e-01 9.2579817849573587e-02 0
-6.6868784729092468e-02 1.5331449789961799e-01 8.3320724141566022e-02 0
-6.0605962932087754e-02 1.3895530986658533e-01 7.5517042087551889e-02 0
-5.5088341833776033e-02 1.2630469303383768e-01 6.8641904626936590e-02 0
-5.0099721560483507e-02 1.1486695157297327e-01 6.2425919602486141e-02 0
-4.6824916035022229e-02 1.0735858715899577e-01 5.8345404151503577e-02 0
-4.4671230055288627e-02 1.0242068808578692e-01 5.5661840547942765e-02 0
-4.2941999415389662e-02 9.8455965997946870e-02 5.3507162265657160e-02 0
-4.1456625154589671e-02 9.5050349647749111e-02 5.1656337056477042e-02 0
-4.0129930299685770e-02 9.2008548124171807e-02 5.0003231608814785e-02 0
-3.8922559163775558e-02 8.9240328026566174e-02 4.8498807441685582e-02 0
-3.7810050593823322e-02 8.6689605642617018e-02 4.7112585153447212e-02 0
-3.6767471869388474e-02 8.4299216066059168e-02 4.5813497753952520e-02 0
-8.0439917424583784e-02 1.8257535345576759e-01 1.2358523247313213e-01 0
-7.1167025095468545e-02 1.6152856756958728e-01 1.0933866946703474e-01 0
-6.4049466368613306e-02 1.4537376610747138e-01 9.8403489239247577e-02 0
-5.8050697260453588e-02 1.3175829376949860e-01 8.9187180128217358e-02 0
-5.2765709747171263e-02 1.1976289938171508e-01 8.1067501292088839e-02 0
-4.7987419360228017e-02 1.0891756104426642e-01 7.3726295048889501e-02 0
-4.4850685974206536e-02 1.0179808271814145e-01 6.8907122321414577e-02 0
-4.2787803563903604e-02 9.7115935783070206e-02 6.5737778475991687e-02 0
-4.1131480634761630e-02 9.3356561381777226e-02 6.3193059079825004e-02 0
-3.9708732627784335e-02 9.0127334554800986e-02 6.1007196416504761e-02 0
-3.8437973795821673e-02 8.7243079232940501e-02 5.9054844860748301e-02 0
-3.7281507763905208e-02 8.4618235538598902e-02 5.7278088957266216e-02 0
-3.6215904708556595e-02 8.2199624543282612e-02 5.5640931905431595e-02 0
-3.5217283121086934e-02 7.9933042123598974e-02 5.4106682950500223e-02 0
-7.6133668424827272e-02 1.7107547659093619e-01 1.4147259639793475e-01 0
-6.7357188469164664e-02 1.5135436436946992e-01 1.2516402754260697e-01 0
-6.0620659101368490e-02 1.3621710520444497e-01 1.1264612132101770e-01 0
-5.4943026387883148e-02 1.2345923046872370e-01 1.0209587059283198e-01 0
-4.9940963888935180e-02 1.1221938985165558e-01 9.2800973197195213e-02 0
-4.5418473136867532e-02 1.0205716671747933e-01 8.4397222240059938e-02 0
-4.2449660741382483e-02 9.5386122892208103e-02 7.8880536551160313e-02 0
-4.0497212089728618e-02 9.0998890293212231e-02 7.5252471149900635e-02 0
-3.8929558279916052e-02 8.7476307564840039e-02 7.2339436513257971e-02 0
-3.7582975258997203e-02 8.4450480011513507e-02 6.9837198483089502e-02 0
-3.6380244867942918e-02 8.1747895247009289e-02 6.7602269275024773e-02 0
-3.5285688758771749e-02 7.9288382552773790e-02 6.5568350920215485e-02 0
-3.4277131393493629e-02 7.7022112580881041e-02 6.3694236546425559e-02 0
-3.3331969729295183e-02 7.4898295362446077e-02 6.1937924886413032e-02 0
-6.8554524974145825e-02 2.2334582564357808e-01 2.2238906523660000e-02 0
-6.0651748334307726e-02 1.9759913354370595e-01 1.9675265934970085e-02 0
-5.4585844100452002e-02 1.7783684292940505e-01 1.7707502070478935e-02 0
-4.9473422787535665e-02 1.6118093280726659e-01 1.6049045634015095e-02 0
-4.4969318309727141e-02 1.4650687627488251e-01 1.4587925627560464e-02 0
-4.0897043952595580e-02 1.3323969199300212e-01 1.3266890211021405e-02 0
-3.8223778433204347e-02 1.2453038039712505e-01 1.2399689693761581e-02 0
-3.6465697098463951e-02 1.1880267469633227e-01 1.1829372592144650e-02 0
-3.5054104071404510e-02 1.1420380360401100e-01 1.1371455413941918e-02 0
-3.3841574116903361e-02 1.1025346604252151e-01 1.0978113788836178e-02 0
-3.2758576185333510e-02 1.0672513472813666e-01 1.0626792021643128e-02 0
-3.1772983727508752e-02 1.0351414361652572e-01 1.0307068341734400e-02 0
-3.0864828792213195e-02 1.0055543852290583e-01 1.0012465196656745e-02 0
-3.0013758481743424e-02 9.7782711133832301e-02 9.7363801582981239e-03 0
-6.8352250389282165e-02 2.2010249340486177e-01 4.4277668794709818e-02 0
-6.0472791752272465e-02 1.9472968380449751e-01 3.9173459713561468e-02 0
-5.4424785629236389e-02 1.7525437275954125e-01 3.5255641345806554e-02 0
-4.9327449071978474e-02 1.5884033267196412e-01 3.1953654147978044e-02 0
-4.4836634444780629e-02 1.4437936654020150e-01 2.9044563833799289e-02 0
-4.0776375776476637e-02 1.3130484265917980e-01 2.6414381974702181e-02 0
-3.8110998018031139e-02 1.2272200397779709e-01 2.4687785518513250e-02 0
-3.6358104093666146e-02 1.1707747358028386e-01 2.3552284020350825e-02 0
-3.4950676125509159e-02 1.1254538533572578e-01 2.2640570799040582e-02 0
-3.3741723872643431e-02 1.0865241289421601e-01 2.1857427520799569e-02 0
-3.2661921444373507e-02 1.0517531850478440e-01 2.1157945790629178e-02 0
-3.1679237084394227e-02 1.0201095603882820e-01 2.0521375860488404e-02 0
-3.0773761759103499e-02 9.9095216000735231e-02 1.9934820921752375e-02 0
-2.9925202624238326e-02 9.6362752978154331e-02 1.9385135538326825e-02 0
-6.7507718448840348e-02 2.1488411370893923e-01 6.5917943805659157e-02 0
-5.9725615495380774e-02 1.9011286476007361e-01 5.8319102781670656e-02 0
-5.3752336304402959e-02 1.7109929133837920e-01 5.2486489253477653e-02 0
-4.8717980556827356e-02 1.5507440959803803e-01 4.7570688317302212e-02 0
-4.4282652778138989e-02 1.4095629663644244e-01 4.3239808749003711e-02 0
-4.0272561167783161e-02 1.2819175494611135e-01 3.9324151397647569e-02 0
-3.7640115833447840e-02 1.1981240567367468e-01 3.6753697920022838e-02 0
-3.5908880019628123e-02 1.1430170071515777e-01 3.5063231242451698e-02 0
-3.4518841712131848e-02 1.0987706316289525e-01 3.3705927159084048e-02 0
-3.3324826827222362e-02 1.0607638870001168e-01 3.2540030312824819e-02 0
-3.2258366039329855e-02 1.0268173229041655e-01 3.1498683772695768e-02 0
-3.1287823364710823e-02 9.9592393283690239e-02 3.0550996555560289e-02 0
-3.0393535758436410e-02 9.6745782147935555e-02 2.9677768664533588e-02 0
-2.9555461107139636e-02 9.4078102736706803e-02 2.8859429961033398e-02 0
-6.6015691755739347e-02 2.0774183807142577e-01 8.6964974828530411e-02 0
-5.8405585911070451e-02 1.8379393131710275e-01 7.6939889447748988e-02 0
-5.2564325887275609e-02 1.6541232753486512e-01 6.9244972758658402e-02 0
-4.7641237574529011e-02 1.4992007785222161e-01 6.2759599009620914e-02 0
-4.3303937740091086e-02 1.3627122012004900e-01 5.7045906973031274e-02 0
-3.9382475664334324e-02 1.2393094390738296e-01 5.1880014023658078e-02 0
-3.6808211645417616e-02 1.1583010589746068e-01 4.8488836935051405e-02 0
-3.5115238953583400e-02 1.1050256473191133e-01 4.6258618836986592e-02 0
-3.3755922749280506e-02 1.0622499246488559e-01 4.4467939274078466e-02 0
-3.2588297531699423e-02 1.0255064411738973e-01 4.2929781627138064e-02 0
-3.1545407258519079e-02 9.9268818670164072e-02 4.1555942124137657e-02 0
-3.0596315152594797e-02 9.6282162542396854e-02 4.0305666557631403e-02 0
-2.9721792754211690e-02 9.3530166541485160e-02 3.9153624537435677e-02 0
-2.8902240913244726e-02 9.0951154965507958e-02 3.8073997348619826e-02 0
-6.3877146775965149e-02 1.9874412584540169e-01 1.0722934417368774e-01 0
-5.6513566892489570e-02 1.7583345101785097e-01 9.4868237588163096e-02 0
-5.0861531863896886e-02 1.5824799140402923e-01 8.5380269980133927e-02 0
-4.6097924786117517e-02 1.4342674216218498e-01 7.7383690089403268e-02 0
-4.1901129831965533e-02 1.3036904386407150e-01 7.0338607321674906e-02 0
-3.8106701759051911e-02 1.1856324979234073e-01 6.3968970462618624e-02 0
-3.5615829866944254e-02 1.1081327534238228e-01 5.9787589471787750e-02 0
-3.3977700265159921e-02 1.0571648068193651e-01 5.7037691334062779e-02 0
-3.2662418498836110e-02 1.0162417865877588e-01 5.4829751940343313e-02 0
-3.1532617975806337e-02 9.8108973715971048e-02 5.2933176510111091e-02 0
-3.0523511664671002e-02 9.4969290718475097e-02 5.1239208241217610e-02 0
-2.9605164971287581e-02 9.2111992664538345e-02 4.9697596479138406e-02 0
-2.8758972333258276e-02 8.9479191136186437e-02 4.8277108407291935e-02 0
-2.7965969506124455e-02 8.7011881729988139e-02 4.6945909096095334e-02 0
-6.1099376798113475e-02 1.8797608761299789e-01 1.2652867789873906e-01 0
-5.4056010969255858e-02 1.6630672312384787e-01 1.1194279684170194e-01 0
-4.8649761425711008e-02 1.4967405136933026e-01 1.0074716754700774e-01 0
-4.4093305483808590e-02 1.3565582386518665e-01 9.1311348646628487e-02 0
-4.0079013164235872e-02 1.2330559734672025e-01 8.2998279054024127e-02 0
-3.6449590322121819e-02 1.1213944633852080e-01 7.5482223354648992e-02 0
-3.4067036965390624e-02 1.0480936887891668e-01 7.0548269799241781e-02 0
-3.2500143383324673e-02 9.9988720772526241e-02 6.7303439987419472e-02 0
-3.1242058213496682e-02 9.6118141454936135e-02 6.4698111641197403e-02 0
-3.0161388413853324e-02 9.2793391846596351e-02 6.2460187111571447e-02 0
-2.9196164294334359e-02 8.9823818241050957e-02 6.0461335349107886e-02 0
-2.8317753002329998e-02 8.7121329839860762e-02 5.8642261494979919e-02 0
-2.7508358060516269e-02 8.4631174644744289e-02 5.6966111393405988e-02 0
-2.6749839907225639e-02 8.2297545136541139e-02 5.5395320406208981e-02 0
-5.7696033296299215e-02 1.7553867842493509e-01 1.4468928712558410e-01 0
-5.1044995902277929e-02 1.5530306485664042e-01 1.2800990071987989e-01 0
-4.5939884404560954e-02 1.3977089184800306e-01 1.1520736748030364e-01 0
-4.1637231441450706e-02 1.2668017869726322e-01 1.0441722947779081e-01 0
-3.7846542589450347e-02 1.1514710344562296e-01 9.4910988517073358e-02 0
-3.4419285276943115e-02 1.0471975948912227e-01 8.6316156517110554e-02 0
-3.2169444525530597e-02 9.7874675731705774e-02 8.0674034691447627e-02 0
-3.0689829798708601e-02 9.3372985233191819e-02 7.6963475826988592e-02 0
-2.9501822287426607e-02 8.9758502335209045e-02 7.3984205803433567e-02 0
-2.8481347783806621e-02 8.6653734388766057e-02 7.1425072911120074e-02 0
-2.7569888423534639e-02 8.3880642267189887e-02 6.9139326799282197e-02 0
-2.6740406256569177e-02 8.1356963689229511e-02 6.7059162043045184e-02 0
-2.5976096102114557e-02 7.9031569316049460e-02 6.5142434825211232e-02 0
-2.5259828805460655e-02 7.6852344126348449e-02 6.3346188870948839e-02 0
-4.6131401517330944e-02 2.2898919768933956e-01 2.2660335960655788e-02 0
-4.0813500710328243e-02 2.0259195321255530e-01 2.0048114528134688e-02 0
-3.6731659796615759e-02 1.8233032058249188e-01 1.8043061649957601e-02 0
-3.3291432308894114e-02 1.6525355865237884e-01 1.6353177558035302e-02 0
-3.0260550641731859e-02 1.5020872663089285e-01 1.4864369410284517e-02 0
-2.7520254151387175e-02 1.3660631488615899e-01 1.3518300447487266e-02 0
-2.5721372377196766e-02 1.2767694149212971e-01 1.2634666529584157e-02 0
-2.4538332216139658e-02 1.2180451146933680e-01 1.2053541951221013e-02 0
-2.3588449404076200e-02 1.1708943878853090e-01 1.1586947268449180e-02 0
-2.2772519216823744e-02 1.1303928640499511e-01 1.1186151841844946e-02 0
-2.2043753134122553e-02 1.0942180327591500e-01 1.0828172547078893e-02 0
-2.1380532703417186e-02 1.0612967871648882e-01 1.0502390121559995e-02 0
-2.0769421181051087e-02 1.0309621479079156e-01 1.0202204263583210e-02 0
-2.0196722786913535e-02 1.0025342774564672e-01 9.9208874293980516e-03 0
-4.6035920708042952e-02 2.2566242390354696e-01 4.5108914116269813e-02 0
-4.0729026863896595e-02 1.9964868079161524e-01 3.9908882115777838e-02 0
-3.6655634522835906e-02 1.7968141084681633e-01 3.5917513313961938e-02 0
-3.3222527599703414e-02 1.6285274153535584e-01 3.2553536873941163e-02 0
-3.0197919235324236e-02 1.4802648208568825e-01 2.9589833294101198e-02 0
-2.7463294596106413e-02 1.3462168731093704e-01 2.6910274205322354e-02 0
-2.5668136137861522e-02 1.2582204059678531e-01 2.5151263811865152e-02 0
-2.4487544627048760e-02 1.2003492572613716e-01 2.3994445187632232e-02 0
-2.3539627877386574e-02 1.1538835401368269e-01 2.3065616087822247e-02 0
-2.2725386498103753e-02 1.1139704258107680e-01 2.2267770614982134e-02 0
-2.1998128811571344e-02 1.0783211454798619e-01 2.1555157294716812e-02 0
-2.1336281110992270e-02 1.0458781824816921e-01 2.0906636837451739e-02 0
-2.0726434464010610e-02 1.0159842473886554e-01 2.0309070318725267e-02 0
-2.0154921437968668e-02 9.8796937940523244e-02 1.9749065519044803e-02 0
-4.5489086634581524e-02 2.2022978037745844e-01 6.7135955510131240e-02 0
-4.0245230515306388e-02 1.9484229754880333e-01 5.9396706554460971e-02 0
-3.6220223801173471e-02 1.7535572382976805e-01 5.3456320643715444e-02 0
-3.2827896900409895e-02 1.5893219141709286e-01 4.8449687771481759e-02 0
-2.9839216224715748e-02 1.4446286243310003e-01 4.4038784178384222e-02 0
-2.7137074714178366e-02 1.3138077748664145e-01 4.0050775089685089e-02 0
-2.5363239973406351e-02 1.2279297530482908e-01 3.7432825940662856e-02 0
-2.4196672071323949e-02 1.1714518064591090e-01 3.5711123587937377e-02 0
-2.3260015112609313e-02 1.1261047147105385e-01 3.4328739856448742e-02 0
-2.2455445666768825e-02 1.0871524770325180e-01 3.3141300098024212e-02 0
-2.1736826681386330e-02 1.0523614249197716e-01 3.2080712029693412e-02 0
-2.1082840712072511e-02 1.0206995005868230e-01 3.1115513878769638e-02 0
-2.0480238103934470e-02 9.9152523832899020e-02 3.0226150879549649e-02 0
-1.9915513772363128e-02 9.6418480612683044e-02 2.9392691285322695e-02 0
-4.4485832597326400e-02 2.1274422274287452e-01 8.8535620390118530e-02 0
-3.9357629034987643e-02 1.8821965453511580e-01 7.8329476739406489e-02 0
-3.5421393314487570e-02 1.6939542491245357e-01 7.0495585842110353e-02 0
-3.2103883737295349e-02 1.5353012453646026e-01 6.3893082861125994e-02 0
-2.9181118020774041e-02 1.3955260467033526e-01 5.8076198566738235e-02 0
-2.6538571885813211e-02 1.2691517674041891e-01 5.2817006896752394e-02 0
-2.4803858836919573e-02 1.1861927195206079e-01 4.9364583381469984e-02 0
-2.3663019436467814e-02 1.1316344451651389e-01 4.7094086381523959e-02 0
-2.2747020323770260e-02 1.0878286904900031e-01 4.5271066211893224e-02 0
-2.1960195551225109e-02 1.0502004302868589e-01 4.3705128635719528e-02 0
-2.1257425613038436e-02 1.0165919179220317e-01 4.2306476874855281e-02 0
-2.0617863218252867e-02 9.8600617501348853e-02 4.1033620679615190e-02 0
-2.0028550931371264e-02 9.5782353912625906e-02 3.9860772179759557e-02 0
-1.9476281520649161e-02 9.3141240183876650e-02 3.8761646360901875e-02 0
-4.3025660382981695e-02 2.0327789222457604e-01 1.0910793175361888e-01 0
-3.8065781637203353e-02 1.7984457673127480e-01 9.6530268473368874e-02 0
-3.4258746356494188e-02 1.6185795580774553e-01 8.6876079266113154e-02 0
-3.1050128554799952e-02 1.4669860270692203e-01 7.8739405695398279e-02 0
-2.8223297798172883e-02 1.3334303085497101e-01 7.1570898715793030e-02 0
-2.5667488877913563e-02 1.2126792179711221e-01 6.5089670916617104e-02 0
-2.3989714921275218e-02 1.1334115413453272e-01 6.0835035477206145e-02 0
-2.2886321690904599e-02 1.0812809087115044e-01 5.8036961324864966e-02 0
-2.2000388736997320e-02 1.0394243483419779e-01 5.5790340599992078e-02 0
-2.1239390188761323e-02 1.0034704067543204e-01 5.3860538686060611e-02 0
-2.0559687513699326e-02 9.7135734907135562e-02 5.2136893448787053e-02 0
-1.9941117698766019e-02 9.4213255876715252e-02 5.0568273882395570e-02 0
-1.9371148614895028e-02 9.1520394609664102e-02 4.9122899996353775e-02 0
-1.8837006535922088e-02 8.8996800688043387e-02 4.7768379138590195e-02 0
-4.1112737080497147e-02 1.9192141933153672e-01 1.2866064410583711e-01 0
-3.6373375035371483e-02 1.6979724700753079e-01 1.1382899779951999e-01 0
-3.2735600920589927e-02 1.5281548013154234e-01 1.0244472740637639e-01 0
-2.9669638584392172e-02 1.3850303081471632e-01 9.2849919386646718e-02 0
-2.6968489003395768e-02 1.2589359135137307e-01 8.4396778473515316e-02 0
-2.4526311601058934e-02 1.1449307938781411e-01 7.6754080763600380e-02 0
-2.2923131640831027e-02 1.0700915446949011e-01 7.1736992406754962e-02 0
-2.1868795382849256e-02 1.0208732810616628e-01 6.8437488735708318e-02 0
-2.1022251095884986e-02 9.8135511067001469e-02 6.5788261829779149e-02 0
-2.0295086618532562e-02 9.4740979893467914e-02 6.3512629322298286e-02 0
-1.9645603591774884e-02 9.1709079340463684e-02 6.1480097845887094e-02 0
-1.9054535452125175e-02 8.8949869714288643e-02 5.9630373451180246e-02 0
-1.8509907250217519e-02 8.6407449853389662e-02 5.7925981007170307e-02 0
-1.7999513181019000e-02 8.4024840921516186e-02 5.6328722929159553e-02 0
-3.8755944498153588e-02 1.7878305452065202e-01 1.4701103996820170e-01 0
-3.4288267162558034e-02 1.5817343700212622e-01 1.3006401041320725e-01 0
-3.0859029047833136e-02 1.4235419120267373e-01 1.1705604333860914e-01 0
-2.7968823507341006e-02 1.2902152944913053e-01 1.0609276308457544e-01 0
-2.5422517770795183e-02 1.1727529457730540e-01 9.6433981724184215e-02 0
-2.3120338590129838e-02 1.0665522763679508e-01 8.7701234105017234e-02 0
-2.1609061185071138e-02 9.9683629881851643e-02 8.1968576859323211e-02 0
-2.0615164926665167e-02 9.5098737061674321e-02 7.8198477095939356e-02 0
-1.9817148930327003e-02 9.1417449622414548e-02 7.5171400684769241e-02 0
-1.9131669276359897e-02 8.8255297921700837e-02 7.2571203069204587e-02 0
-1.8519417971042625e-02 8.5430952231542567e-02 7.0248779092068281e-02 0
-1.7962232909812387e-02 8.2860629861236296e-02 6.8135235299405100e-02 0
-1.7448825609247209e-02 8.0492256475906354e-02 6.6187751619886409e-02 0
-1.6967689964097289e-02 7.8272753840372356e-02 6.4362682487576234e-02 0
-2.3195899656570651e-02 2.3241000173551829e-01 2.2917046551185330e-02 0
-2.0521940117575355e-02 2.0561841633883116e-01 2.0275233142066758e-02 0
-1.8469499155624694e-02 1.8505410094742503e-01 1.8247466462866124e-02 0
-1.6739675783403629e-02 1.6772223413261822e-01 1.6538438890273274e-02 0
-1.5215680650812531e-02 1.5245265164884969e-01 1.5032765106509444e-02 0
-1.3837798248345891e-02 1.3864703734768885e-01 1.3671447497196329e-02 0
-1.2933280233777607e-02 1.2958427058673239e-01 1.2777803526587202e-02 0
-1.2338421164667539e-02 1.2362411400371842e-01 1.2190095806110197e-02 0
-1.1860798828632307e-02 1.1883860419452263e-01 1.1718215407984692e-02 0
-1.1450530870176813e-02 1.1472794773761380e-01 1.1312879658444283e-02 0
-1.1084090974199663e-02 1.1105642405797117e-01 1.0950845073884941e-02 0
-1.0750608898940493e-02 1.0771511938702460e-01 1.0621372093732408e-02 0
-1.0443328348978181e-02 1.0463633940737316e-01 1.0317785646213898e-02 0
-1.0155362779564997e-02 1.0175108477590677e-01 1.0033281976077522e-02 0
-2.3160971331644090e-02 2.2904254358078402e-01 4.5615044965775703e-02 0
-2.0491038154429389e-02 2.0263914931105831e-01 4.0356669395375772e-02 0
-1.8441687691690002e-02 1.8237279630779668e-01 3.6320518041318833e-02 0
-1.6714469031549072e-02 1.6529205598705754e-01 3.2918798296145593e-02 0
-1.5192768681532728e-02 1.5024371895572636e-01 2.9921842411900545e-02 0
-1.3816961049818041e-02 1.3663813824326898e-01 2.7212219076785588e-02 0
-1.2913805029218121e-02 1.2770668456402218e-01 2.5433472853654673e-02 0
-1.2319841679652707e-02 1.2183288643522344e-01 2.4263674900012341e-02 0
-1.1842938531881640e-02 1.1711671527913103e-01 2.3324424478658165e-02 0
-1.1433288341647266e-02 1.1306561932746773e-01 2.2517627300690866e-02 0
-1.1067400219012431e-02 1.0944729342965720e-01 2.1797018567115745e-02 0
-1.0734420290275229e-02 1.0615440190061809e-01 2.1141221808737204e-02 0
-1.0427602433425599e-02 1.0312023126573922e-01 2.0536950684355071e-02 0
-1.0140070473252161e-02 1.0027678193360007e-01 1.9970662715806470e-02 0
-2.2893086441278847e-02 2.2348660722897795e-01 6.7877040836227837e-02 0
-2.0254034208249179e-02 1.9772368570856003e-01 6.0052364241192702e-02 0
-1.8228386914486278e-02 1.7794893793960442e-01 5.4046406961936105e-02 0
-1.6521145586922192e-02 1.6128252876893190e-01 4.8984509705536528e-02 0
-1.5017045506446801e-02 1.4659922244889906e-01 4.4524917527334257e-02 0
-1.3657150721932521e-02 1.3332367520092059e-01 4.0492887861940413e-02 0
-1.2764440772006010e-02 1.2460887369278567e-01 3.7846041178149645e-02 0
-1.2177347313118939e-02 1.1887755753422141e-01 3.6105334272330591e-02 0
-1.1705960115939315e-02 1.1427578754472506e-01 3.4707691466020346e-02 0
-1.1301048016069140e-02 1.1032295988899998e-01 3.3507144469925657e-02 0
-1.0939391823577515e-02 1.0679240449190580e-01 3.2434849382537281e-02 0
-1.0610263202686470e-02 1.0357938933289812e-01 3.1458997148765724e-02 0
-1.0306994058288967e-02 1.0061881922030591e-01 3.0559817152832389e-02 0
-1.0022787746296270e-02 9.7844344043257092e-02 2.9717157636746261e-02 0
-2.2389177292026143e-02 2.1579589914169361e-01 8.9490247200599837e-02 0
-1.9808214222684827e-02 1.9091954086562424e-01 7.9174060195310231e-02 0
-1.7827154207547734e-02 1.7182528907707706e-01 7.1255703738519999e-02 0
-1.6157491606047167e-02 1.5573241058204179e-01 6.4582012108668652e-02 0
-1.4686498833826167e-02 1.4155439166423672e-01 5.8702409761032637e-02 0
-1.3356537200974371e-02 1.2873568748932929e-01 5.3386513118675399e-02 0
-1.2483477022946450e-02 1.2032078297435117e-01 4.9896865331616469e-02 0
-1.1909306297306868e-02 1.1478669500063776e-01 4.7601887674236731e-02 0
-1.1448294979662644e-02 1.1034328283280370e-01 4.5759211573649650e-02 0
-1.1052295551150136e-02 1.0652648135361437e-01 4.4176389949020484e-02 0
-1.0698599908094242e-02 1.0311742074292163e-01 4.2762657827060208e-02 0
-1.0376715860120032e-02 1.0001497305745355e-01 4.1476077607309703e-02 0
-1.0080122086050580e-02 9.7156283185503289e-02 4.0290583372909056e-02 0
-9.8021715452669411e-03 9.4477284280909901e-02 3.9179606702608408e-02 0
-2.1648598172055819e-02 2.0604453181510540e-01 1.1024807842538153e-01 0
-1.9153006923811958e-02 1.8229228380185991e-01 9.7538986230746083e-02 0
-1.7237475432970578e-02 1.6406086105598239e-01 8.7783916631122588e-02 0
-1.5623041105985697e-02 1.4869518586272806e-01 7.9562219781418447e-02 0
-1.4200705105834571e-02 1.3515784177341450e-01 7.2318806273541481e-02 0
-1.2914735286711158e-02 1.2291838785528508e-01 6.5769853594588423e-02 0
-1.2070553761853960e-02 1.1488373516097117e-01 6.1470759808308961e-02 0
-1.1515375171766800e-02 1.0959972097288118e-01 5.8643447486681655e-02 0
-1.1069612958691844e-02 1.0535709724700426e-01 5.6373350944693340e-02 0
-1.0686712203603718e-02 1.0171276899184151e-01 5.4423383777099377e-02 0
-1.0344715930260082e-02 9.8457756653670847e-02 5.2681727497768782e-02 0
-1.0033479003774833e-02 9.5495502048090319e-02 5.1096716813082727e-02 0
-9.7466958120105800e-03 9.2765990353573691e-02 4.9636239650979963e-02 0
-9.4779391818735417e-03 9.0208049769869902e-02 4.8267564875920155e-02 0
-2.0673183718582511e-02 1.9432630913347837e-01 1.2995212481413210e-01 0
-1.8290035459097874e-02 1.7192490495807089e-01 1.1497160475920265e-01 0
-1.6460811405840332e-02 1.5473034428341942e-01 1.0347306390857608e-01 0
-1.4919118086025335e-02 1.4023854964401639e-01 9.3781947292510270e-02 0
-1.3560867785401089e-02 1.2747110480102047e-01 8.5243957351206601e-02 0
-1.2332839462112805e-02 1.1592773619214625e-01 7.7524545496813868e-02 0
-1.1526693931241810e-02 1.0835003229169926e-01 7.2457097743892029e-02 0
-1.0996529830209489e-02 1.0336653189081163e-01 6.9124475060301310e-02 0
-1.0570852170464055e-02 9.9365195731196732e-02 6.6448656343033957e-02 0
-1.0205203641809484e-02 9.5928128631432907e-02 6.4150182005667383e-02 0
-9.8786165758616047e-03 9.2858236175668907e-02 6.2097248843980324e-02 0
-9.5814029435559965e-03 9.0064451660911926e-02 6.0228957703623409e-02 0
-9.3075412425329129e-03 8.7490173443697777e-02 5.8507457294185578e-02 0
-9.0508938866060047e-03 8.5077708701822630e-02 5.6894166619882863e-02 0
-1.9467281475845824e-02 1.8075382342121626e-01 1.4841404906801148e-01 0
-1.7223146202160394e-02 1.5991701733751362e-01 1.3130528947310294e-01 0
-1.5500623818145251e-02 1.4392338927443460e-01 1.1817318388636344e-01 0
-1.4048860023579579e-02 1.3044375592905777e-01 1.0710527811389781e-01 0
-1.2769838713011267e-02 1.1856803732254612e-01 9.7354320417242624e-02 0
-1.1613443316120610e-02 1.0783090087465025e-01 8.8538233849711601e-02 0
-1.0854321589492212e-02 1.0078245223736937e-01 8.2750868321238430e-02 0
-1.0355082838720737e-02 9.6147018196794887e-02 7.8944789486523420e-02 0
-9.9542356620280180e-03 9.2425150362941244e-02 7.5888824874786209e-02 0
-9.6099160177678944e-03 8.9228140921315369e-02 7.3263812877280038e-02 0
-9.3023793163871764e-03 8.6372661269338930e-02 7.0919225386396390e-02 0
-9.0225026476056236e-03 8.3774005144132691e-02 6.8785511479505235e-02 0
-8.7646157532710253e-03 8.1379524173315870e-02 6.6819442441874266e-02 0
-8.5229390627665769e-03 7.9135555017783632e-02 6.4976956186247131e-02 0
-1.9089233747572903e-02 1.4850170861196210e-01 1.8072214414528553e-01 0
-1.6888679420278226e-02 1.3138284036308606e-01 1.5988899276814117e-01 0
-1.5199608297670947e-02 1.1824297571523473e-01 1.4389816993428650e-01 0
-1.3776037652085578e-02 1.0716853050728392e-01 1.3042090087181357e-01 0
-1.2521854843822414e-02 9.7411811489554634e-02 1.1854726522688913e-01 0
-1.1387916562770238e-02 8.8590515966461059e-02 1.0781201203705282e-01 0
-1.0643536925738752e-02 8.2799730992224652e-02 1.0076479967424479e-01 0
-1.0153993355774209e-02 7.8991403348430134e-02 9.6130178673400124e-02 0
-9.7609306025621644e-03 7.5933633130119083e-02 9.2408963642798880e-02 0
-9.4232976211488483e-03 7.3307070152964282e-02 8.9212514946007349e-02 0
-9.1217332604969642e-03 7.0961097370323495e-02 8.6357536135674762e-02 0
-8.8472917765909619e-03 6.8826122765634240e-02 8.3759335806118940e-02 0
-8.5944130272860506e-03 6.6858892082621052e-02 8.1365274819308941e-02 0
-8.3574296808131658e-03 6.5015317200089406e-02 7.9121699248511201e-02 0
-3.8108479372325477e-02 1.4717717300062955e-01 1.7878555097569482e-01 0
-3.3715438755907198e-02 1.3021099357152049e-01 1.5817564472907275e-01 0
-3.0343489264092013e-02 1.1718832770082027e-01 1.4235617731169292e-01 0
-2.7501567304325750e-02 1.0621265911430217e-01 1.2902332877573891e-01 0
-2.4997799981349822e-02 9.6542963484448630e-02 1.1727692934637024e-01 0
-2.2734080852316707e-02 8.7800347999232253e-02 1.0665671362523815e-01 0
-2.1248050746650399e-02 8.2061212941940465e-02 9.9685018202487652e-02 0
-2.0270758452756166e-02 7.8286853025729630e-02 9.5100061150775073e-02 0
-1.9486074058354258e-02 7.5256356066314201e-02 9.1418722138936870e-02 0
-1.8812045981703940e-02 7.2653220268760033e-02 8.8256526138418112e-02 0
-1.8210022905801683e-02 7.0328171989432031e-02 8.5432140880909502e-02 0
-1.7662146140990577e-02 6.8212239925866669e-02 8.2861782501964049e-02 0
-1.7157315788498766e-02 6.6262555620734992e-02 8.0493375937175926e-02 0
-1.6684217963302217e-02 6.4435424189305007e-02 7.8273842207772004e-02 0
-5.6904142735220514e-02 1.4491346760758761e-01 1.7561222945946925e-01 0
-5.0344389777462167e-02 1.2820824190581254e-01 1.5536813498333346e-01 0
-4.5309345127594824e-02 1.1538587529594369e-01 1.3982945231649324e-01 0
-4.1065745395868547e-02 1.0457902147645093e-01 1.2673325274294617e-01 0
-3.7327083148802662e-02 9.5058053680541099e-02 1.1519534388702685e-01 0
-3.3946864400832971e-02 8.6449906777780139e-02 1.0476362974709585e-01 0
-3.1727902357884641e-02 8.0799044315454843e-02 9.7915677160211378e-02 0
-3.0268595109163104e-02 7.7082737144268276e-02 9.3412099967127016e-02 0
-2.9096892813070693e-02 7.4098851708710528e-02 8.9796102210390472e-02 0
-2.8090424160608210e-02 7.1535754270526997e-02 8.6690033030815628e-02 0
-2.7191474435893745e-02 6.9246467136909906e-02 8.3915778684104020e-02 0
-2.6373376780473787e-02 6.7163079840484252e-02 8.1391042412223724e-02 0
-2.5619556662000956e-02 6.5243383275885136e-02 7.9064673447623079e-02 0
-2.4913120020704310e-02 6.3444354621474186e-02 7.6884534927177950e-02 0
-7.5324520568967879e-02 1.4172522344160515e-01 1.7122449395951839e-01 0
-6.6641317152774660e-02 1.2538752975230888e-01 1.5148620555549253e-01 0
-5.9976383703915864e-02 1.1284726829258873e-01 1.3633576253329188e-01 0
-5.4359092942393883e-02 1.0227817628510305e-01 1.2356677627490048e-01 0
-4.9410192426663335e-02 9.2966679496484350e-02 1.1231714627312550e-01 0
-4.4935766763249146e-02 8.4547920609866795e-02 1.0214607230955364e-01 0
-4.1998506943282332e-02 7.9021382888200153e-02 9.5469218311645121e-02 0
-4.0066808940480592e-02 7.5386838267128137e-02 9.1078164634648962e-02 0
-3.8515816175096321e-02 7.2468601356092899e-02 8.7552513898583040e-02 0
-3.7183544655477990e-02 6.9961894677091629e-02 8.4524050988494304e-02 0
-3.5993596898162811e-02 6.7722974196543495e-02 8.1819112396843974e-02 0
-3.4910673745100942e-02 6.5685423546655880e-02 7.9357457580066543e-02 0
-3.3912835340199288e-02 6.3807962265454377e-02 7.7089213791163347e-02 0
-3.2977718866068026e-02 6.2048514077279932e-02 7.4963546825520644e-02 0
-9.3223091665958324e-02 1.3763759533649711e-01 1.6565928051406575e-01 0
-8.2476590235779412e-02 1.2177111216481573e-01 1.4656253459894497e-01 0
-7.4227938971128199e-02 1.0959253597143959e-01 1.3190451790700808e-01 0
-6.7275870672250160e-02 9.9328276911019864e-02 1.1955055482880939e-01 0
-6.1151015141291426e-02 9.0285341603903890e-02 1.0866656522517210e-01 0
-5.5613378915767009e-02 8.2109395920182626e-02 9.8826075959313586e-02 0
-5.1978169034905014e-02 7.6742254178754743e-02 9.2366235992419166e-02 0
-4.9587462016448147e-02 7.3212536816949531e-02 8.8117902263941006e-02 0
-4.7667923204272544e-02 7.0378467472739958e-02 8.4706843771231055e-02 0
-4.6019078059833657e-02 6.7944059036941507e-02 8.1776813288165801e-02 0
-4.4546375571719893e-02 6.5769713330446705e-02 7.9159791794538414e-02 0
-4.3206128815384548e-02 6.3790929561286486e-02 7.6778146760050736e-02 0
-4.1971184598211725e-02 6.1967617875428205e-02 7.4583626423555982e-02 0
-4.0813866262458531e-02 6.0258915557952097e-02 7.2527048816007883e-02 0
-1.1046148724675714e-01 1.3268540934455808e-01 1.5896695151040835e-01 0
-9.7727791019104115e-02 1.1738980054417053e-01 1.4064167886359241e-01 0
-8.7953836195355795e-02 1.0564940822257141e-01 1.2657581897650916e-01 0
-7.9716222638332834e-02 9.5754456107774721e-02 1.1472093319214982e-01 0
-7.2458786320456631e-02 8.7036884647974155e-02 1.0427663666863402e-01 0
-6.5897155265623092e-02 7.9155108617440850e-02 9.4833684996321221e-02 0
-6.1589738694061896e-02 7.3981076063104445e-02 8.8634810634464378e-02 0
-5.8756952866959311e-02 7.0578357555296234e-02 8.4558101743061914e-02 0
-5.6482461555508595e-02 6.7846257723647996e-02 8.1284843714129862e-02 0
-5.4528719369538847e-02 6.5499439043576940e-02 7.8473181051584961e-02 0
-5.2783691349099882e-02 6.3403326063562221e-02 7.5961882393349972e-02 0
-5.1195612179692734e-02 6.1495738723246429e-02 7.3676451419983663e-02 0
-4.9732307622228578e-02 5.9738029597267039e-02 7.1570585652381530e-02 0
-4.8360983175670669e-02 5.8090806206826190e-02 6.9597089982220556e-02 0
-1.2691196624918483e-01 1.2691196624918494e-01 1.5120964035319423e-01 0
-1.1228190407863670e-01 1.1228190407863686e-01 1.3377860918620471e-01 0
-1.0105236285453895e-01 1.0105236285453911e-01 1.2039913883355702e-01 0
-9.1587962548328072e-02 9.1587962548328128e-02 1.0912275088719964e-01 0
-8.3249712394476705e-02 8.3249712394476844e-02 9.9188117895514183e-02 0
-7.5710890315154405e-02 7.5710890315154600e-02 9.0205965865319981e-02 0
-7.0761991652130096e-02 7.0761991652130179e-02 8.4309585806791709e-02 0
-6.7507333144071979e-02 6.7507333144072063e-02 8.0431813229305482e-02 0
-6.4894113172589390e-02 6.4894113172589474e-02 7.7318284507547186e-02 0
-6.2649409895948693e-02 6.2649409895948693e-02 7.4643826099944771e-02 0
-6.0644503545746159e-02 6.0644503545746270e-02 7.2255074454881496e-02 0
-5.8819919657077308e-02 5.8819919657077419e-02 7.0081168543927819e-02 0
-5.7138692441710270e-02 5.7138692441710437e-02 6.8078065368546381e-02 0
-5.5563143476943355e-02 5.5563143476943411e-02 6.6200872859736859e-02 0
-2.0029558401678062e-02 1.3007179696139787e-01 1.9431364881468749e-01 0
-1.7720606036305236e-02 1.1507747820311959e-01 1.7191370618703006e-01 0
-1.5948332243536992e-02 1.0356834593420033e-01 1.5472026734703093e-01 0
-1.4454637328292302e-02 9.3868302735958864e-02 1.4022941820415469e-01 0
-1.3138674197625426e-02 8.5322448368723186e-02 1.2746280635493618e-01 0
-1.1948878770288239e-02 7.7595926088669887e-02 1.1592019087672645e-01 0
-1.1167831421290388e-02 7.2523810660125143e-02 1.0834298137279141e-01 0
-1.0654173217172193e-02 6.9188118265228249e-02 1.0335980611329842e-01 0
-1.0241748419241990e-02 6.6509834825203590e-02 9.9358731015169344e-02 0
-9.8874838317275573e-03 6.4209243340673905e-02 9.5921888161959235e-02 0
-9.5710645844484729e-03 6.2154419202198996e-02 9.2852195996961651e-02 0
-9.2831042711940190e-03 6.0284407160623638e-02 9.0058593758701289e-02 0
-9.0177688604214240e-03 5.8561321060343535e-02 8.7484483496607507e-02 0
-8.7691118508645589e-03 5.6946544368242397e-02 8.5072176152562795e-02 0
-4.0018254705161876e-02 1.2889322068794146e-01 1.9199668393296132e-01 0
-3.5405060444631667e-02 1.1403476495868231e-01 1.6986383463990773e-01 0
-3.1864128456818033e-02 1.0262991655865006e-01 1.5287540761576079e-01 0
-2.8879785898119445e-02 9.3017765132737573e-02 1.3855734504127692e-01 0
-2.6250544319772015e-02 8.4549344470801036e-02 1.2594296023063073e-01 0
-2.3873380754636950e-02 7.6892831954957330e-02 1.1453797705395741e-01 0
-2.2312879463386830e-02 7.1866674797459507e-02 1.0705111698470782e-01 0
-2.1286610964023581e-02 6.8561207001622659e-02 1.0212736031030223e-01 0
-2.0462602751794928e-02 6.5907191399743936e-02 9.8173993391954095e-02 0
-1.9754796308344709e-02 6.3627445498975949e-02 9.4778130903445612e-02 0
-1.9122603337471761e-02 6.1591240054424706e-02 9.1745041257042859e-02 0
-1.8547270175866423e-02 5.9738172130442635e-02 8.8984749485232273e-02 0
-1.8017140662391629e-02 5.8030698856634921e-02 8.6441332502356527e-02 0
-1.7520333925911818e-02 5.6430553603021572e-02 8.4057789125404125e-02 0
-5.9770379363066700e-02 1.2684833575437165e-01 1.8818780820593106e-01 0
-5.2880214535567405e-02 1.1222560873213611e-01 1.6649403562355519e-01 0
-4.7591556902451343e-02 1.0100169771995410e-01 1.4984262904167445e-01 0
-4.3134208919713049e-02 9.1542042628023568e-02 1.3580861158651703e-01 0
-3.9207231900530340e-02 8.3207973064851420e-02 1.2344447393187619e-01 0
-3.5656753021753612e-02 7.5672930762908652e-02 1.1226574551491530e-01 0
-3.3326022837197461e-02 7.0726513354253090e-02 1.0492741155041557e-01 0
-3.1793210924553172e-02 6.7473486650802827e-02 1.0010133352805117e-01 0
-3.0562490499435935e-02 6.4861576882642713e-02 9.6226394439740903e-02 0
-2.9505326463864251e-02 6.2617999044244227e-02 9.2897899876239476e-02 0
-2.8561097037115443e-02 6.0614097904085285e-02 8.9924981381210134e-02 0
-2.7701792162811087e-02 5.8790428816274803e-02 8.7219448931872140e-02 0
-2.6910002456703316e-02 5.7110044526305387e-02 8.4726488857997939e-02 0
-2.6167982912665172e-02 5.5535285502496701e-02 8.2390230779556067e-02 0
-7.9092033905566850e-02 1.2395035575171809e-01 1.8291639940670779e-01 0
-6.9974521921223276e-02 1.0966169988810420e-01 1.6183030032225548e-01 0
-6.2976227895138848e-02 9.8694210605631272e-02 1.4564532337793729e-01 0
-5.7077976595139773e-02 8.9450671011987559e-02 1.3200441875940222e-01 0
-5.1881546476118284e-02 8.1307001794166195e-02 1.1998661822749457e-01 0
-4.7183323060880383e-02 7.3944105242345570e-02 1.0912102193053153e-01 0
-4.4099150051673336e-02 6.9110693799829037e-02 1.0198824516232891e-01 0
-4.2070834135702506e-02 6.5931985819432076e-02 9.7297352465705755e-02 0
-4.0442265225333576e-02 6.3379747802043085e-02 9.3530955945595295e-02 0
-3.9043357361000203e-02 6.1187426794657773e-02 9.0295697260111107e-02 0
-3.7793891879421046e-02 5.9229306826139333e-02 8.7406054450491238e-02 0
-3.6656804061375489e-02 5.7447301324346778e-02 8.4776307822222063e-02 0
-3.5609056683010190e-02 5.5805307132600873e-02 8.2353179114124486e-02 0
-3.4627168403881692e-02 5.4266525089750217e-02 8.0082362955163744e-02 0
-9.7797217980427287e-02 1.2022581861762471e-01 1.7623593953340438e-01 0
-8.6523423858042958e-02 1.0636651714381928e-01 1.5591994547657739e-01 0
-7.7870040545416713e-02 9.5728585778728781e-02 1.4032607512181344e-01 0
-7.0576858923888680e-02 8.6762801793434763e-02 1.2718336266229335e-01 0
-6.4151478465513195e-02 7.8863838597033026e-02 1.1560447539611346e-01 0
-5.8342130080195925e-02 7.1722186925514853e-02 1.0513571164285251e-01 0
-5.4528553349688397e-02 6.7034012826552802e-02 9.8263437646078644e-02 0
-5.2020542821040155e-02 6.3950820634227773e-02 9.3743865402577176e-02 0
-5.0006819050658236e-02 6.1475273847074907e-02 9.0115024951256395e-02 0
-4.8277070925757365e-02 5.9348829060474534e-02 8.6997924155924444e-02 0
-4.6732108152301416e-02 5.7449547894729391e-02 8.4213816677748021e-02 0
-4.5326100243375189e-02 5.5721089199029711e-02 8.1680113470867510e-02 0
-4.4030561695551848e-02 5.4128434666730757e-02 7.9345482099011017e-02 0
-4.2816457855701068e-02 5.2635890900689569e-02 7.7157600528084958e-02 0
-1.1571329531083058e-01 1.1571329531083063e-01 1.6822162841569455e-01 0
-1.0237418510405499e-01 1.0237418510405522e-01 1.4882950208680101e-01 0
-9.2135534973004030e-02 9.2135534973004141e-02 1.3394476137314870e-01 0
-8.3506270294981255e-02 8.3506270294981311e-02 1.2139971240303982e-01 0
-7.5903784643362393e-02 7.5903784643362504e-02 1.1034737383739029e-01 0
-6.9030185791007947e-02 6.9030185791008170e-02 1.0035467603275799e-01 0
-6.4517976348649031e-02 6.4517976348649170e-02 9.3794917985013215e-02 0
-6.1550507856833359e-02 6.1550507856833414e-02 8.9480872821710467e-02 0
-5.9167877572163241e-02 5.9167877572163463e-02 8.6017053514490127e-02 0
-5.7121246188128805e-02 5.7121246188128943e-02 8.3041702555344710e-02 0
-5.5293252127143033e-02 5.5293252127143228e-02 8.0384202076707378e-02 0
-5.3629668931887919e-02 5.3629668931888030e-02 7.7965718761034197e-02 0
-5.2096792663353847e-02 5.2096792663354013e-02 7.5737254509282537e-02 0
-5.0660269630696753e-02 5.0660269630696947e-02 7.3648866626445958e-02 0
-1.3268540934455780e-01 1.1046148724675714e-01 1.5896695151040835e-01 0
-1.1738980054417053e-01 9.7727791019104226e-02 1.4064167886359247e-01 0
-1.0564940822257118e-01 8.7953836195355906e-02 1.2657581897650916e-01 0
-9.5754456107774555e-02 7.9716222638332890e-02 1.1472093319214999e-01 0
-8.7036884647973933e-02 7.2458786320456658e-02 1.0427663666863402e-01 0
-7.9155108617440684e-02 6.5897155265623286e-02 9.4833684996321443e-02 0
-7.3981076063104334e-02 6.1589738694062007e-02 8.8634810634464434e-02 0
-7.0578357555296067e-02 5.8756952866959367e-02 8.4558101743062081e-02 0
-6.7846257723647774e-02 5.6482461555508678e-02 8.1284843714129973e-02 0
-6.5499439043576663e-02 5.4528719369538903e-02 7.8473181051584961e-02 0
-6.3403326063561916e-02 5.2783691349099993e-02 7.5961882393349944e-02 0
-6.1495738723246207e-02 5.1195612179692790e-02 7.3676451419983802e-02 0
-5.9738029597266790e-02 4.9732307622228744e-02 7.1570585652381669e-02 0
-5.8090806206825996e-02 4.8360983175670752e-02 6.9597089982220695e-02 0
-2.0851168775502228e-02 1.1034901938300801e-01 2.0607273563505479e-01 0
-1.8447503427545739e-02 9.7628288141143826e-02 1.8231723784317366e-01 0
-1.6602531150657511e-02 8.7864284802268877e-02 1.6408332067705850e-01 0
-1.5047565027476908e-02 7.9635058483388754e-02 1.4871554315467145e-01 0
-1.3677621227938419e-02 7.2385011422884671e-02 1.3517634688818392e-01 0
-1.2439020517617694e-02 6.5830061181842953e-02 1.2293521836999838e-01 0
-1.1625934688713528e-02 6.1527030264975968e-02 1.1489946637583470e-01 0
-1.1091206279219879e-02 5.8697128677243915e-02 1.0961472922979937e-01 0
-1.0661863859562505e-02 5.6424953170018666e-02 1.0537152502884767e-01 0
-1.0293067376020038e-02 5.4473200213195128e-02 1.0172669815729718e-01 0
-9.9636686445791905e-03 5.2729948916739738e-02 9.8471240468878063e-02 0
-9.6638962296360723e-03 5.1143486671711369e-02 9.5508580568113344e-02 0
-9.3876767882891607e-03 4.9681671997659993e-02 9.2778695422259361e-02 0
-9.1288198944173768e-03 4.8311743783715333e-02 9.0220404861548753e-02 0
-4.1678364422654074e-02 1.0931502606042937e-01 2.0344726271609370e-01 0
-3.6873797282996335e-02 9.6713490722941609e-02 1.7999442221624506e-01 0
-3.3185973941592783e-02 8.7040978131428665e-02 1.6199281455763792e-01 0
-3.0077829480024521e-02 7.8888861379188047e-02 1.4682083044569538e-01 0
-2.7339516940786734e-02 7.1706748771485224e-02 1.3345413052149513e-01 0
-2.4863739571435922e-02 6.5213219781098647e-02 1.2136896029309968e-01 0
-2.3238502739446928e-02 6.0950509161229016e-02 1.1343558792319425e-01 0
-2.2169660711550257e-02 5.8147124341490247e-02 1.0821818105361675e-01 0
-2.1311469498326380e-02 5.5896239592581914e-02 1.0402903746230802e-01 0
-2.0574300546102806e-02 5.3962774967960814e-02 1.0043064756465464e-01 0
-1.9915881801467139e-02 5.2235858299671478e-02 9.7216666085950587e-02 0
-1.9316681627684171e-02 5.0664261536702254e-02 9.4291752000097206e-02 0
-1.8764560321630389e-02 4.9216144370977349e-02 9.1596646998740316e-02 0
-1.8247144148356709e-02 4.7859052670066987e-02 8.9070950379024738e-02 0
-6.2251976104254314e-02 1.0752515176591110e-01 1.9909968081100571e-01 0
-5.5075739634507209e-02 9.5129948210840476e-02 1.7614801758736515e-01 0
-4.9567503078060654e-02 8.5615808921469833e-02 1.5853109666611781e-01 0
-4.4925091183294769e-02 7.7597171204514537e-02 1.4368333143384349e-01 0
-4.0835070638583659e-02 7.0532655227395324e-02 1.3060227223021798e-01 0
-3.7137179999849543e-02 6.4145448314031989e-02 1.1877535697514302e-01 0
-3.4709680604654056e-02 5.9952533370369376e-02 1.1101151741536880e-01 0
-3.3113228121415955e-02 5.7195049892900945e-02 1.0590560432258056e-01 0
-3.1831409613455180e-02 5.4981020102521150e-02 1.0180598095696686e-01 0
-3.0730353354786827e-02 5.3079213144331533e-02 9.8284487128582898e-02 0
-2.9746920618751296e-02 5.1380572220601134e-02 9.5139187073917442e-02 0
-2.8851938403956875e-02 4.9834708065021410e-02 9.2276777164251256e-02 0
-2.8027274508738681e-02 4.8410301708174203e-02 8.9639265416201291e-02 0
-2.7254447174922286e-02 4.7075430406767066e-02 8.7167541864370923e-02 0
-8.2343783233881473e-02 1.0499037480461082e-01 1.9306520207259004e-01 0
-7.2851418536730106e-02 9.2887373361195180e-02 1.7080917694927278e-01 0
-6.5565400238365129e-02 8.3597518536261156e-02 1.5372620432117495e-01 0
-5.9424651258689482e-02 7.5767910621283796e-02 1.3932845750802708e-01 0
-5.4014577776174050e-02 6.8869932166292641e-02 1.2664386992765431e-01 0
-4.9123194012410915e-02 6.2633296023257540e-02 1.1517541465783437e-01 0
-4.5912219895483275e-02 5.8539224038896498e-02 1.0764688800544936e-01 0
-4.3800512838942679e-02 5.5846744939241577e-02 1.0269572917380876e-01 0
-4.2104987781425920e-02 5.3684908255424491e-02 9.8720360603253232e-02 0
-4.0648565936434844e-02 5.1827934123632041e-02 9.5305599139021147e-02 0
-3.9347730571697437e-02 5.0169336629818151e-02 9.2255629454693289e-02 0
-3.8163893108131647e-02 4.8659914374412611e-02 8.9479975845540294e-02 0
-3.7073069181274634e-02 4.7269086695275381e-02 8.6922403997449410e-02 0
-3.6050812050891765e-02 4.5965683389639800e-02 8.4525595499023554e-02 0
-1.0173538905345281e-01 1.0173538905345281e-01 1.8541162562929070e-01 0
-9.0007613408762732e-02 9.0007613408762899e-02 1.6403788373348760e-01 0
-8.1005769224249458e-02 8.1005769224249624e-02 1.4763212188954133e-01 0
-7.3418900343662913e-02 7.3418900343663079e-02 1.3380513694680152e-01 0
-6.6734777888562913e-02 6.6734777888563135e-02 1.2162339741805023e-01 0
-6.0691494343977997e-02 6.0691494343978247e-02 1.1060957974294905e-01 0
-5.6724349670792901e-02 5.6724349670793150e-02 1.0337950228607345e-01 0
-5.4115344709800561e-02 5.4115344709800756e-02 9.8624619490684295e-02 0
-5.2020530813693705e-02 5.2020530813693899e-02 9.4806844245691302e-02 0
-5.0221127905458740e-02 5.0221127905458962e-02 9.1527452271256304e-02 0
-4.8613951422564305e-02 4.8613951422564555e-02 8.8598390839053354e-02 0
-4.7151325341979217e-02 4.7151325341979466e-02 8.5932770922402868e-02 0
-4.5803617084849313e-02 4.5803617084849535e-02 8.3476587472834624e-02 0
-4.4540622809048663e-02 4.4540622809048858e-02 8.1174794320860222e-02 0
-1.2022581861762466e-01 9.7797217980427287e-02 1.7623593953340455e-01 0
-1.0636651714381906e-01 8.6523423858042986e-02 1.5591994547657734e-01 0
-9.5728585778728614e-02 7.7870040545416824e-02 1.4032607512181350e-01 0
-8.6762801793434569e-02 7.0576858923888708e-02 1.2718336266229341e-01 0
-7.8863838597032776e-02 6.4151478465513306e-02 1.1560447539611357e-01 0
-7.1722186925514630e-02 5.8342130080196036e-02 1.0513571164285263e-01 0
-6.7034012826552553e-02 5.4528553349688619e-02 9.8263437646078755e-02 0
-6.3950820634227495e-02 5.2020542821040294e-02 9.3743865402577287e-02 0
-6.1475273847074657e-02 5.0006819050658402e-02 9.0115024951256562e-02 0
-5.9348829060474229e-02 4.8277070925757531e-02 8.6997924155924583e-02 0
-5.7449547894729058e-02 4.6732108152301666e-02 8.4213816677748243e-02 0
-5.5721089199029433e-02 4.5326100243375383e-02 8.1680113470867677e-02 0
-5.4128434666730507e-02 4.4030561695552028e-02 7.9345482099011183e-02 0
-5.2635890900689236e-02 4.2816457855701262e-02 7.7157600528085124e-02 0
-1.3763759533649694e-01 9.3223091665958324e-02 1.6565928051406581e-01 0
-1.2177111216481551e-01 8.2476590235779551e-02 1.4656253459894508e-01 0
-1.0959253597143936e-01 7.4227938971128171e-02 1.3190451790700813e-01 0
-9.9328276911019642e-02 6.7275870672250215e-02 1.1955055482880955e-01 0
-9.0285341603903724e-02 6.1151015141291482e-02 1.0866656522517221e-01 0
-8.2109395920182321e-02 5.5613378915767175e-02 9.8826075959313864e-02 0
-7.6742254178754521e-02 5.1978169034905125e-02 9.2366235992419388e-02 0
-7.3212536816949253e-02 4.9587462016448203e-02 8.8117902263941228e-02 0
-7.0378467472739653e-02 4.7667923204272600e-02 8.4706843771231277e-02 0
-6.7944059036941257e-02 4.6019078059833712e-02 8.1776813288166050e-02 0
-6.5769713330446344e-02 4.4546375571720004e-02 7.9159791794538692e-02 0
-6.3790929561286153e-02 4.3206128815384645e-02 7.6778146760051014e-02 0
-6.1967617875427872e-02 4.1971184598211808e-02 7.4583626423556315e-02 0
-6.0258915557951764e-02 4.0813866262458587e-02 7.2527048816008133e-02 0
-2.1547612128290775e-02 8.9536688894976568e-02 2.1586229741088225e-01 0
-1.9063662707439595e-02 7.9215145830183520e-02 1.9097828588120613e-01 0
-1.7157067089809547e-02 7.1292678243154106e-02 1.7187815971387149e-01 0
-1.5550164030529084e-02 6.4615521700398471e-02 1.5578033021760751e-01 0
-1.4134463167530274e-02 5.8732866722947474e-02 1.4159794940835452e-01 0
-1.2854492343104706e-02 5.3414210121051270e-02 1.2877530153747385e-01 0
-1.2014248889278704e-02 4.9922750544308392e-02 1.2035780816292019e-01 0
-1.1461660183782071e-02 4.7626581357840897e-02 1.1482201761770189e-01 0
-1.1017977432536553e-02 4.5782948558539954e-02 1.1037723842661551e-01 0
-1.0636862893240926e-02 4.4199305149001222e-02 1.0655926270200944e-01 0
-1.0296462018016275e-02 4.2784839031683661e-02 1.0314915328806645e-01 0
-9.9866769986007298e-03 4.1497590832551848e-02 1.0004575112933201e-01 0
-9.7012316382701844e-03 4.0311481101586694e-02 9.7186181776618252e-02 0
-9.4337287464209621e-03 3.9199927623483968e-02 9.4506358673490498e-02 0
-4.3071911100389285e-02 8.8650715788139711e-02 2.1298711405768633e-01 0
-3.8106699735168115e-02 7.8431305264647033e-02 1.8843454575162555e-01 0
-3.4295571316017945e-02 7.0587231164226494e-02 1.6958882419991356e-01 0
-3.1083503765136120e-02 6.3976145650007088e-02 1.5370541015250477e-01 0
-2.8253633738110240e-02 5.8151700040929455e-02 1.3971193192466852e-01 0
-2.5695076936896807e-02 5.2885671995795164e-02 1.2706007563779503e-01 0
-2.4015499119623890e-02 4.9428760706762914e-02 1.1875469928004534e-01 0
-2.2910919574729266e-02 4.7155312308533870e-02 1.1329264283760138e-01 0
-2.2024034108968957e-02 4.5329922411658979e-02 1.0890706599584654e-01 0
-2.1262217372252590e-02 4.3761949287552893e-02 1.0513994389587977e-01 0
-2.0581783914063387e-02 4.2361479432057508e-02 1.0177525552089139e-01 0
-1.9962549043069003e-02 4.1086968662691500e-02 9.8713189206035667e-02 0
-1.9391967156269882e-02 3.9912595587798402e-02 9.5891707959947392e-02 0
-1.8857250793815103e-02 3.8812041025341998e-02 9.3247578828708377e-02 0
-6.4319940940673864e-02 8.7148906080196042e-02 2.0819621287771917e-01 0
-5.6905315176225213e-02 7.7102620046417880e-02 1.8419592647373118e-01 0
-5.1214099054755102e-02 6.9391430452671710e-02 1.6577411784284951e-01 0
-4.6417469653086740e-02 6.2892341692421277e-02 1.5024798300192377e-01 0
-4.2191581635630193e-02 5.7166566566501431e-02 1.3656927203900016e-01 0
-3.8370849791068015e-02 5.1989748991583595e-02 1.2420200476814175e-01 0
-3.5862710652303773e-02 4.8591400376154420e-02 1.1608344833876405e-01 0
-3.4213225192364319e-02 4.6356465901299937e-02 1.1074425459987336e-01 0
-3.2888825616829168e-02 4.4561999480265443e-02 1.0645732628603044e-01 0
-3.1751193079489232e-02 4.3020588998532214e-02 1.0277494128292358e-01 0
-3.0735091431647585e-02 4.1643844154233473e-02 9.9485937719090423e-02 0
-2.9810378566274026e-02 4.0390924554541560e-02 9.6492749078763818e-02 0
-2.8958319943307415e-02 3.9236446241568190e-02 9.3734733821643768e-02 0
-2.8159819854167142e-02 3.8154535899988365e-02 9.1150081346684592e-02 0
-8.5039786647302412e-02 8.5039786647302495e-02 2.0152944962008346e-01 0
-7.5236634096837757e-02 7.5236634096837895e-02 1.7829768933556323e-01 0
-6.7712065546939537e-02 6.7712065546939648e-02 1.6046577537770196e-01 0
-6.1370263378304313e-02 6.1370263378304396e-02 1.4543681127710745e-01 0
-5.5783059625562043e-02 5.5783059625562154e-02 1.3219611369780387e-01 0
-5.0731527920988367e-02 5.0731527920988562e-02 1.2022486536455773e-01 0
-4.7415423861766753e-02 4.7415423861766975e-02 1.1236627761069184e-01 0
-4.5234577773607870e-02 4.5234577773608092e-02 1.0719805307509195e-01 0
-4.3483539826555506e-02 4.3483539826555728e-02 1.0304839880565070e-01 0
-4.1979433528515575e-02 4.1979433528515839e-02 9.9483929439432017e-02 0
-4.0636007740483343e-02 4.0636007740483565e-02 9.6300244833184667e-02 0
-3.9413410461454051e-02 3.9413410461454301e-02 9.3402902701181678e-02 0
-3.8286872059080490e-02 3.8286872059080754e-02 9.0733203338601631e-02 0
-3.7231145386679182e-02 3.7231145386679432e-02 8.8231315415003175e-02 0
-1.0499037480461065e-01 8.2343783233881557e-02 1.9306520207259015e-01 0
-9.2887373361194958e-02 7.2851418536730245e-02 1.7080917694927289e-01 0
-8.3597518536260962e-02 6.5565400238365323e-02 1.5372620432117495e-01 0
-7.5767910621283574e-02 5.9424651258689565e-02 1.3932845750802719e-01 0
-6.8869932166292447e-02 5.4014577776174189e-02 1.2664386992765436e-01 0
-6.2633296023257262e-02 4.9123194012411053e-02 1.1517541465783449e-01 0
-5.8539224038896193e-02 4.5912219895483442e-02 1.0764688800544947e-01 0
-5.5846744939241300e-02 4.3800512838942915e-02 1.0269572917380898e-01 0
-5.3684908255424130e-02 4.2104987781426101e-02 9.8720360603253343e-02 0
-5.1827934123631736e-02 4.0648565936435052e-02 9.5305599139021202e-02 0
-5.0169336629817846e-02 3.9347730571697617e-02 9.2255629454693400e-02 0
-4.8659914374412222e-02 3.8163893108131841e-02 8.9479975845540460e-02 0
-4.7269086695275075e-02 3.7073069181274787e-02 8.6922403997449521e-02 0
-4.5965683389639467e-02 3.6050812050891987e-02 8.4525595499023665e-02 0
-1.2395035575171787e-01 7.9092033905566822e-02 1.8291639940670779e-01 0
-1.0966169988810393e-01 6.9974521921223359e-02 1.6183030032225576e-01 0
-9.8694210605630994e-02 6.2976227895138903e-02 1.4564532337793756e-01 0
-8.9450671011987393e-02 5.7077976595139829e-02 1.3200441875940233e-01 0
-8.1307001794165890e-02 5.1881546476118395e-02 1.1998661822749473e-01 0
-7.3944105242345209e-02 4.7183323060880522e-02 1.0912102193053175e-01 0
-6.9110693799828815e-02 4.4099150051673447e-02 1.0198824516232924e-01 0
-6.5931985819431799e-02 4.2070834135702589e-02 9.7297352465705866e-02 0
-6.3379747802042752e-02 4.0442265225333729e-02 9.3530955945595462e-02 0
-6.1187426794657440e-02 3.9043357361000341e-02 9.0295697260111329e-02 0
-5.9229306826139028e-02 3.7793891879421199e-02 8.7406054450491516e-02 0
-5.7447301324346445e-02 3.6656804061375628e-02 8.4776307822222313e-02 0
-5.5805307132600512e-02 3.5609056683010329e-02 8.2353179114124819e-02 0
-5.4266525089749856e-02 3.4627168403881858e-02 8.0082362955163994e-02 0
-1.4172522344160510e-01 7.5324520568967934e-02 1.7122449395951844e-01 0
-1.2538752975230871e-01 6.6641317152774660e-02 1.5148620555549269e-01 0
-1.1284726829258851e-01 5.9976383703915892e-02 1.3633576253329222e-01 0
-1.0227817628510283e-01 5.4359092942393938e-02 1.2356677627490070e-01 0
-9.2966679496484128e-02 4.9410192426663363e-02 1.1231714627312589e-01 0
-8.4547920609866434e-02 4.4935766763249257e-02 1.0214607230955386e-01 0
-7.9021382888199820e-02 4.1998506943282415e-02 9.5469218311645454e-02 0
-7.5386838267127720e-02 4.0066808940480675e-02 9.1078164634649295e-02 0
-7.2468601356092510e-02 3.8515816175096376e-02 8.7552513898583345e-02 0
-6.9961894677091269e-02 3.7183544655478046e-02 8.4524050988494692e-02 0
-6.7722974196543162e-02 3.5993596898162866e-02 8.1819112396844473e-02 0
-6.5685423546655408e-02 3.4910673745101012e-02 7.9357457580066848e-02 0
-6.3807962265453905e-02 3.3912835340199385e-02 7.7089213791163846e-02 0
-6.2048514077279487e-02 3.2977718866068109e-02 7.4963546825520977e-02 0
-2.2113787472696822e-02 6.7856465353047485e-02 2.2357130899025102e-01 0
-1.9564570916421775e-02 6.0034158787884651e-02 1.9779862382314828e-01 0
-1.7607878451678119e-02 5.4030020663450723e-02 1.7801638180901003e-01 0
-1.5958753131870659e-02 4.8969656613895296e-02 1.6134365639308862e-01 0
-1.4505853951076252e-02 4.4511415209306848e-02 1.4665478538525600e-01 0
-1.3192251190172789e-02 4.0480606812375197e-02 1.3337420696281338e-01 0
-1.2329929878066144e-02 3.7834561836569663e-02 1.2465610271423472e-01 0
-1.1762821600805051e-02 3.6094382176486112e-02 1.1892261449820540e-01 0
-1.1307480841563213e-02 3.4697162704630830e-02 1.1431910052729499e-01 0
-1.0916352308407873e-02 3.3496979344299196e-02 1.1036477482669149e-01 0
-1.0567007213210321e-02 3.2425009046230593e-02 1.0683288141770020e-01 0
-1.0249082422250019e-02 3.1449452390035562e-02 1.0361864858837588e-01 0
-9.9561368282865062e-03 3.0550544748291553e-02 1.0065695647723472e-01 0
-9.6816051510191931e-03 2.9708140466808586e-02 9.7881429828001465e-02 0
-4.4185724572860741e-02 6.7132650583047154e-02 2.2049598331914588e-01 0
-3.9092115856071863e-02 5.9393783392421129e-02 1.9507781323121709e-01 0
-3.5182433969705579e-02 5.3453690511619883e-02 1.7556768500919662e-01 0
-3.1887304301976324e-02 4.8447304608753711e-02 1.5912430056153470e-01 0
-2.8984255554041174e-02 4.4036618598630353e-02 1.4463748169668034e-01 0
-2.6359536027226058e-02 4.0048806232181017e-02 1.3153958370820801e-01 0
-2.4636525347255619e-02 3.7430986222494897e-02 1.2294140097335199e-01 0
-2.3503382045910737e-02 3.5709368798653218e-02 1.1728677951162747e-01 0
-2.2593562260426345e-02 3.4327053257991513e-02 1.1274658898215495e-01 0
-2.1812045405390876e-02 3.3139672074112739e-02 1.0884665684123451e-01 0
-2.1114016351058161e-02 3.2079136322932245e-02 1.0536334624243177e-01 0
-2.0478768442231982e-02 3.1113985783723347e-02 1.0219332665664749e-01 0
-1.9893431654235558e-02 3.0224666655388838e-02 9.9272373975893835e-02 0
-1.9344887851269379e-02 2.9391248174419876e-02 9.6535025965922561e-02 0
-6.5951750940373671e-02 6.5951750940373782e-02 2.1535640874143758e-01 0
-5.8349014610375588e-02 5.8349014610375699e-02 1.9053071466522209e-01 0
-5.2513411176951463e-02 5.2513411176951574e-02 1.7147535100402644e-01 0
-4.7595090310582983e-02 4.7595090310583094e-02 1.5541524791780492e-01 0
-4.3261990653568810e-02 4.3261990653568963e-02 1.4126610452816268e-01 0
-3.9344326064060839e-02 3.9344326064061061e-02 1.2847350744590030e-01 0
-3.6772554924591749e-02 3.6772554924591971e-02 1.2007574106663210e-01 0
-3.5081221682634445e-02 3.5081221682634611e-02 1.1455292404086032e-01 0
-3.3723221820168792e-02 3.3723221820169041e-02 1.1011856150640137e-01 0
-3.2556727313690470e-02 3.2556727313690623e-02 1.0630953347985317e-01 0
-3.1514846960125339e-02 3.1514846960125686e-02 1.0290741590021740e-01 0
-3.0566673941049866e-02 3.0566673941050088e-02 9.9811286785491338e-02 0
-2.9692998417306396e-02 2.9692998417306660e-02 9.6958419037237453e-02 0
-2.8874240218299027e-02 2.8874240218299277e-02 9.4284876290430586e-02 0
-8.7148906080196015e-02 6.4319940940673920e-02 2.0819621287771928e-01 0
-7.7102620046417741e-02 5.6905315176225268e-02 1.8419592647373118e-01 0
-6.9391430452671543e-02 5.1214099054755186e-02 1.6577411784284946e-01 0
-6.2892341692421166e-02 4.6417469653086851e-02 1.5024798300192382e-01 0
-5.7166566566501292e-02 4.2191581635630332e-02 1.3656927203900043e-01 0
-5.1989748991583346e-02 3.8370849791068196e-02 1.2420200476814186e-01 0
-4.8591400376154142e-02 3.5862710652303939e-02 1.1608344833876411e-01 0
-4.6356465901299659e-02 3.4213225192364458e-02 1.1074425459987342e-01 0
-4.4561999480265096e-02 3.2888825616829376e-02 1.0645732628603061e-01 0
-4.3020588998531922e-02 3.1751193079489357e-02 1.0277494128292375e-01 0
-4.1643844154233264e-02 3.0735091431647849e-02 9.9485937719090645e-02 0
-4.0390924554541213e-02 2.9810378566274207e-02 9.6492749078764040e-02 0
-3.9236446241567940e-02 2.8958319943307650e-02 9.3734733821643934e-02 0
-3.8154535899988073e-02 2.8159819854167295e-02 9.1150081346684758e-02 0
-1.0752515176591099e-01 6.2251976104254370e-02 1.9909968081100560e-01 0
-9.5129948210840309e-02 5.5075739634507209e-02 1.7614801758736531e-01 0
-8.5615808921469611e-02 4.9567503078060682e-02 1.5853109666611803e-01 0
-7.7597171204514259e-02 4.4925091183294824e-02 1.4368333143384376e-01 0
-7.0532655227395047e-02 4.0835070638583770e-02 1.3060227223021825e-01 0
-6.4145448314031656e-02 3.7137179999849668e-02 1.1877535697514335e-01 0
-5.9952533370369071e-02 3.4709680604654208e-02 1.1101151741536897e-01 0
-5.7195049892900668e-02 3.3113228121416108e-02 1.0590560432258084e-01 0
-5.4981020102520817e-02 3.1831409613455347e-02 1.0180598095696719e-01 0
-5.3079213144331172e-02 3.0730353354786910e-02 9.8284487128583176e-02 0
-5.1380572220600801e-02 2.9746920618751532e-02 9.5139187073917664e-02 0
-4.9834708065020994e-02 2.8851938403957000e-02 9.2276777164251589e-02 0
-4.8410301708173897e-02 2.8027274508738848e-02 8.9639265416201597e-02 0
-4.7075430406766705e-02 2.7254447174922466e-02 8.7167541864371145e-02 0
-1.2684833575437160e-01 5.9770379363066728e-02 1.8818780820593128e-01 0
-1.1222560873213594e-01 5.2880214535567460e-02 1.6649403562355536e-01 0
-1.0100169771995393e-01 4.7591556902451426e-02 1.4984262904167467e-01 0
-9.1542042628023346e-02 4.3134208919713118e-02 1.3580861158651725e-01 0
-8.3207973064851143e-02 3.9207231900530437e-02 1.2344447393187657e-01 0
-7.5672930762908291e-02 3.5656753021753682e-02 1.1226574551491564e-01 0
-7.0726513354252729e-02 3.3326022837197627e-02 1.0492741155041596e-01 0
-6.7473486650802494e-02 3.1793210924553270e-02 1.0010133352805156e-01 0
-6.4861576882642269e-02 3.0562490499436074e-02 9.6226394439741347e-02 0
-6.2617999044243838e-02 2.9505326463864320e-02 9.2897899876239920e-02 0
-6.0614097904084896e-02 2.8561097037115610e-02 8.9924981381210523e-02 0
-5.8790428816274415e-02 2.7701792162811198e-02 8.7219448931872556e-02 0
-5.7110044526304887e-02 2.6910002456703469e-02 8.4726488857998439e-02 0
-5.5535285502496201e-02 2.6167982912665269e-02 8.2390230779556373e-02 0
-1.4491346760758761e-01 5.6904142735220514e-02 1.7561222945946919e-01 0
-1.2820824190581231e-01 5.0344389777462167e-02 1.5536813498333379e-01 0
-1.1538587529594346e-01 4.5309345127594797e-02 1.3982945231649363e-01 0
-1.0457902147645065e-01 4.1065745395868547e-02 1.2673325274294645e-01 0
-9.5058053680540766e-02 3.7327083148802676e-02 1.1519534388702729e-01 0
-8.6449906777779639e-02 3.3946864400833013e-02 1.0476362974709624e-01 0
-8.0799044315454316e-02 3.1727902357884710e-02 9.7915677160211712e-02 0
-7.7082737144267721e-02 3.0268595109163132e-02 9.3412099967127404e-02 0
-7.4098851708709945e-02 2.9096892813070749e-02 8.9796102210390916e-02 0
-7.1535754270526553e-02 2.8090424160608210e-02 8.6690033030816016e-02 0
-6.9246467136909434e-02 2.7191474435893828e-02 8.3915778684104519e-02 0
-6.7163079840483808e-02 2.6373376780473842e-02 8.1391042412224168e-02 0
-6.5243383275884609e-02 2.5619556662001025e-02 7.9064673447623635e-02 0
-6.3444354621473659e-02 2.4913120020704366e-02 7.6884534927178533e-02 0
-2.2546124220369633e-02 4.5543805892880845e-02 2.2911805628898507e-01 0
-1.9947069073739394e-02 4.0293641299355004e-02 2.0270595735954666e-01 0
-1.7952122191589967e-02 3.6263792413614576e-02 1.8243292295370828e-01 0
-1.6270755561778469e-02 3.2867384468974761e-02 1.6534655146181693e-01 0
-1.4789451400277057e-02 2.9875108344691467e-02 1.5029325330117949e-01 0
-1.3450166980540412e-02 2.7169716098482982e-02 1.3668318710670130e-01 0
-1.2570986810945636e-02 2.5393747395502098e-02 1.2774878890963143e-01 0
-1.1992791253928783e-02 2.4225776086574710e-02 1.2187305430958156e-01 0
-1.1528548331582733e-02 2.3287992308936883e-02 1.1715532832820269e-01 0
-1.1129773019776065e-02 2.2482454948356476e-02 1.1310289681296137e-01 0
-1.0773598035195727e-02 2.1762971448528443e-02 1.0948337802701896e-01 0
-1.0449457639138446e-02 2.1108198719709051e-02 1.0618940089891099e-01 0
-1.0150784797163012e-02 2.0504871167379091e-02 1.0315422995995704e-01 0
-9.8708858741161434e-03 1.9939467460015632e-02 1.0030984320066011e-01 0
-4.5011018804753999e-02 4.5011018804754097e-02 2.2588861428263118e-01 0
-3.9822272440362294e-02 3.9822272440362419e-02 1.9984879653932164e-01 0
-3.5839566111361021e-02 3.5839566111361132e-02 1.7986151258880245e-01 0
-3.2482890513709700e-02 3.2482890513709881e-02 1.6301597521852440e-01 0
-2.9525619063539010e-02 2.9525619063539205e-02 1.4817485480677978e-01 0
-2.6851875425277089e-02 2.6851875425277283e-02 1.3475662386173415e-01 0
-2.5096682614326196e-02 2.5096682614326377e-02 1.2594815690424632e-01 0
-2.3942374635032779e-02 2.3942374635032931e-02 1.2015524137329542e-01 0
-2.3015561374205781e-02 2.3015561374206017e-02 1.1550401221327367e-01 0
-2.2219447466415784e-02 2.2219447466415895e-02 1.1150870012709502e-01 0
-2.1508380731750695e-02 2.1508380731750813e-02 1.0794019882183237e-01 0
-2.0861267759263238e-02 2.0861267759263467e-02 1.0469265063205330e-01 0
-2.0264998139916439e-02 2.0264998139916696e-02 1.0170026073220856e-01 0
-1.9706208719368942e-02 1.9706208719369137e-02 9.8895965889854276e-02 0
-6.7132650583047015e-02 4.4185724572860852e-02 2.2049598331914588e-01 0
-5.9393783392421018e-02 3.9092115856071974e-02 1.9507781323121709e-01 0
-5.3453690511619745e-02 3.5182433969705662e-02 1.7556768500919667e-01 0
-4.8447304608753572e-02 3.1887304301976463e-02 1.5912430056153481e-01 0
-4.4036618598630103e-02 2.8984255554041299e-02 1.4463748169668045e-01 0
-4.0048806232180670e-02 2.6359536027226196e-02 1.3153958370820817e-01 0
-3.7430986222494605e-02 2.4636525347255744e-02 1.2294140097335227e-01 0
-3.5709368798652982e-02 2.3503382045910862e-02 1.1728677951162764e-01 0
-3.4327053257991222e-02 2.2593562260426539e-02 1.1274658898215512e-01 0
-3.3139672074112558e-02 2.1812045405390973e-02 1.0884665684123462e-01 0
-3.2079136322931870e-02 2.1114016351058223e-02 1.0536334624243188e-01 0
-3.1113985783723069e-02 2.0478768442232162e-02 1.0219332665664749e-01 0
-3.0224666655388505e-02 1.9893431654235738e-02 9.9272373975893946e-02 0
-2.9391248174419626e-02 1.9344887851269546e-02 9.6535025965922727e-02 0
-8.8650715788139545e-02 4.3071911100389326e-02 2.1298711405768656e-01 0
-7.8431305264646811e-02 3.8106699735168198e-02 1.8843454575162555e-01 0
-7.0587231164226188e-02 3.4295571316018014e-02 1.6958882419991383e-01 0
-6.3976145650006866e-02 3.1083503765136203e-02 1.5370541015250500e-01 0
-5.8151700040929122e-02 2.8253633738110323e-02 1.3971193192466885e-01 0
-5.2885671995794803e-02 2.5695076936896932e-02 1.2706007563779531e-01 0
-4.9428760706762664e-02 2.4015499119623987e-02 1.1875469928004562e-01 0
-4.7155312308533565e-02 2.2910919574729419e-02 1.1329264283760154e-01 0
-4.5329922411658619e-02 2.2024034108969123e-02 1.0890706599584682e-01 0
-4.3761949287552601e-02 2.1262217372252680e-02 1.0513994389588005e-01 0
-4.2361479432057245e-02 2.0581783914063484e-02 1.0177525552089162e-01 0
-4.1086968662691153e-02 1.9962549043069197e-02 9.8713189206036001e-02 0
-3.9912595587798069e-02 1.9391967156270055e-02 9.5891707959947614e-02 0
-3.8812041025341706e-02 1.8857250793815256e-02 9.3247578828708710e-02 0
-1.0931502606042925e-01 4.1678364422654102e-02 2.0344726271609404e-01 0
-9.6713490722941331e-02 3.6873797282996362e-02 1.7999442221624529e-01 0
-8.7040978131428470e-02 3.3185973941592811e-02 1.6199281455763814e-01 0
-7.8888861379187630e-02 3.0077829480024576e-02 1.4682083044569583e-01 0
-7.1706748771484946e-02 2.7339516940786818e-02 1.3345413052149535e-01 0
-6.5213219781098203e-02 2.4863739571436005e-02 1.2136896029310007e-01 0
-6.0950509161228628e-02 2.3238502739447026e-02 1.1343558792319458e-01 0
-5.8147124341489859e-02 2.2169660711550347e-02 1.0821818105361719e-01 0
-5.5896239592581498e-02 2.1311469498326512e-02 1.0402903746230846e-01 0
-5.3962774967960425e-02 2.0574300546102861e-02 1.0043064756465503e-01 0
-5.2235858299671034e-02 1.9915881801467188e-02 9.7216666085950865e-02 0
-5.0664261536701755e-02 1.9316681627684268e-02 9.4291752000097651e-02 0
-4.9216144370976905e-02 1.8764560321630486e-02 9.1596646998740705e-02 0
-4.7859052670066571e-02 1.8247144148356806e-02 8.9070950379025321e-02 0
-1.2889322068794123e-01 4.0018254705161918e-02 1.9199668393296165e-01 0
-1.1403476495868203e-01 3.5405060444631695e-02 1.6986383463990806e-01 0
-1.0262991655864984e-01 3.1864128456818047e-02 1.5287540761576113e-01 0
-9.3017765132737296e-02 2.8879785898119459e-02 1.3855734504127715e-01 0
-8.4549344470800508e-02 2.6250544319772084e-02 1.2594296023063101e-01 0
-7.6892831954956858e-02 2.3873380754636991e-02 1.1453797705395780e-01 0
-7.1866674797459063e-02 2.2312879463386878e-02 1.0705111698470843e-01 0
-6.8561207001622243e-02 2.1286610964023615e-02 1.0212736031030278e-01 0
-6.5907191399743437e-02 2.0462602751795032e-02 9.8173993391954539e-02 0
-6.3627445498975449e-02 1.9754796308344744e-02 9.4778130903446056e-02 0
-6.1591240054424123e-02 1.9122603337471816e-02 9.1745041257043414e-02 0
-5.9738172130442052e-02 1.8547270175866527e-02 8.8984749485232745e-02 0
-5.8030698856634283e-02 1.8017140662391740e-02 8.6441332502357082e-02 0
-5.6430553603021044e-02 1.7520333925911902e-02 8.4057789125404625e-02 0
-1.4717717300062932e-01 3.8108479372325491e-02 1.7878555097569504e-01 0
-1.3021099357152027e-01 3.3715438755907282e-02 1.5817564472907319e-01 0
-1.1718832770081988e-01 3.0343489264092000e-02 1.4235617731169320e-01 0
-1.0621265911430178e-01 2.7501567304325777e-02 1.2902332877573935e-01 0
-9.6542963484448019e-02 2.4997799981349864e-02 1.1727692934637068e-01 0
-8.7800347999231698e-02 2.2734080852316749e-02 1.0665671362523871e-01 0
-8.2061212941939882e-02 2.1248050746650440e-02 9.9685018202488318e-02 0
-7.8286853025728964e-02 2.0270758452756187e-02 9.5100061150775683e-02 0
-7.5256356066313507e-02 1.9486074058354327e-02 9.1418722138937536e-02 0
-7.2653220268759505e-02 1.8812045981703926e-02 8.8256526138418723e-02 0
-7.0328171989431448e-02 1.8210022905801690e-02 8.5432140880910223e-02 0
-6.8212239925866003e-02 1.7662146140990660e-02 8.2861782501964742e-02 0
-6.6262555620734270e-02 1.7157315788498807e-02 8.0493375937176648e-02 0
-6.4435424189304369e-02 1.6684217963302238e-02 7.8273842207772670e-02 0
-2.2842698637935768e-02 2.2842698637935852e-02 2.3245230032865660e-01 0
-2.0209455208707629e-02 2.0209455208707684e-02 2.0565583892313466e-01 0
-1.8188266556404438e-02 1.8188266556404466e-02 1.8508778087215683e-01 0
-1.6484783028625140e-02 1.6484783028625202e-02 1.6775275969621511e-01 0
-1.4983993614818641e-02 1.4983993614818711e-02 1.5248039818246417e-01 0
-1.3627092087464883e-02 1.3627092087465049e-02 1.3867227129026760e-01 0
-1.2736347076650188e-02 1.2736347076650299e-02 1.2960785512595785e-01 0
-1.2150545866045817e-02 1.2150545866045852e-02 1.2364661380772873e-01 0
-1.1680196236712868e-02 1.1680196236712966e-02 1.1886023304641247e-01 0
-1.1276175386707103e-02 1.1276175386707249e-02 1.1474882845918927e-01 0
-1.0915315233732827e-02 1.0915315233732896e-02 1.1107663657041955e-01 0
-1.0586911056094703e-02 1.0586911056094810e-02 1.0773472378946913e-01 0
-1.0284309435794170e-02 1.0284309435794316e-02 1.0465538347872266e-01 0
-1.0000728688799719e-02 1.0000728688799830e-02 1.0176960373734345e-01 0
-4.5543805892880707e-02 2.2546124220369695e-02 2.2911805628898485e-01 0
-4.0293641299354893e-02 1.9947069073739429e-02 2.0270595735954655e-01 0
-3.6263792413614410e-02 1.7952122191589981e-02 1.8243292295370839e-01 0
-3.2867384468974553e-02 1.6270755561778538e-02 1.6534655146181709e-01 0
-2.9875108344691245e-02 1.4789451400277105e-02 1.5029325330117965e-01 0
-2.7169716098482774e-02 1.3450166980540544e-02 1.3668318710670130e-01 0
-2.5393747395501917e-02 1.2570986810945733e-02 1.2774878890963143e-01 0
-2.4225776086574516e-02 1.1992791253928818e-02 1.2187305430958167e-01 0
-2.3287992308936620e-02 1.1528548331582809e-02 1.1715532832820286e-01 0
-2.2482454948356378e-02 1.1129773019776180e-02 1.1310289681296154e-01 0
-2.1762971448528311e-02 1.0773598035195786e-02 1.0948337802701907e-01 0
-2.1108198719708815e-02 1.0449457639138540e-02 1.0618940089891116e-01 0
-2.0504871167378813e-02 1.0150784797163137e-02 1.0315422995995732e-01 0
-1.9939467460015417e-02 9.8708858741162406e-03 1.0030984320066033e-01 0
-6.7856465353047235e-02 2.2113787472696843e-02 2.2357130899025091e-01 0
-6.0034158787884484e-02 1.9564570916421796e-02 1.9779862382314839e-01 0
-5.4030020663450529e-02 1.7607878451678147e-02 1.7801638180901025e-01 0
-4.8969656613895046e-02 1.5958753131870694e-02 1.6134365639308879e-01 0
-4.4511415209306515e-02 1.4505853951076286e-02 1.4665478538525617e-01 0
-4.0480606812374836e-02 1.3192251190172900e-02 1.3337420696281344e-01 0
-3.7834561836569358e-02 1.2329929878066227e-02 1.2465610271423494e-01 0
-3.6094382176485820e-02 1.1762821600805079e-02 1.1892261449820568e-01 0
-3.4697162704630496e-02 1.1307480841563279e-02 1.1431910052729527e-01 0
-3.3496979344298988e-02 1.0916352308407984e-02 1.1036477482669182e-01 0
-3.2425009046230135e-02 1.0567007213210366e-02 1.0683288141770042e-01 0
-3.1449452390035271e-02 1.0249082422250089e-02 1.0361864858837611e-01 0
-3.0550544748291150e-02 9.9561368282866103e-03 1.0065695647723494e-01 0
-2.9708140466808294e-02 9.6816051510192833e-03 9.7881429828001798e-02 0
-8.9536688894976402e-02 2.1547612128290809e-02 2.1586229741088236e-01 0
-7.9215145830183298e-02 1.9063662707439609e-02 1.9097828588120613e-01 0
-7.1292678243153773e-02 1.7157067089809561e-02 1.7187815971387160e-01 0
-6.4615521700398165e-02 1.5550164030529119e-02 1.5578033021760773e-01 0
-5.8732866722947141e-02 1.4134463167530316e-02 1.4159794940835496e-01 0
-5.3414210121050854e-02 1.2854492343104811e-02 1.2877530153747424e-01 0
-4.9922750544308114e-02 1.2014248889278781e-02 1.2035780816292052e-01 0
-4.7626581357840536e-02 1.1461660183782092e-02 1.1482201761770228e-01 0
-4.5782948558539510e-02 1.1017977432536623e-02 1.1037723842661590e-01 0
-4.4199305149000848e-02 1.0636862893241016e-02 1.0655926270200994e-01 0
-4.2784839031683328e-02 1.0296462018016324e-02 1.0314915328806695e-01 0
-4.1497590832551418e-02 9.9866769986008061e-03 1.0004575112933256e-01 0
-4.0311481101586277e-02 9.7012316382702746e-03 9.7186181776618585e-02 0
-3.9199927623483594e-02 9.4337287464210350e-03 9.4506358673490942e-02 0
-1.1034901938300790e-01 2.0851168775502228e-02 2.0607273563505513e-01 0
-9.7628288141143604e-02 1.8447503427545732e-02 1.8231723784317400e-01 0
-8.7864284802268600e-02 1.6602531150657518e-02 1.6408332067705883e-01 0
-7.9635058483388393e-02 1.5047565027476929e-02 1.4871554315467178e-01 0
-7.2385011422884282e-02 1.3677621227938433e-02 1.3517634688818425e-01 0
-6.5830061181842481e-02 1.2439020517617777e-02 1.2293521836999877e-01 0
-6.1527030264975496e-02 1.1625934688713584e-02 1.1489946637583520e-01 0
-5.8697128677243443e-02 1.1091206279219914e-02 1.0961472922979987e-01 0
-5.6424953170018138e-02 1.0661863859562543e-02 1.0537152502884817e-01 0
-5.4473200213194628e-02 1.0293067376020096e-02 1.0172669815729773e-01 0
-5.2729948916739267e-02 9.9636686445792287e-03 9.8471240468878618e-02 0
-5.1143486671710758e-02 9.6638962296361139e-03 9.5508580568114065e-02 0
-4.9681671997659493e-02 9.3876767882892370e-03 9.2778695422259916e-02 0
-4.8311743783714917e-02 9.1288198944174531e-03 9.0220404861549308e-02 0
-1.3007179696139770e-01 2.0029558401678055e-02 1.9431364881468771e-01 0
-1.1507747820311920e-01 1.7720606036305209e-02 1.7191370618703039e-01 0
-1.0356834593420000e-01 1.5948332243537006e-02 1.5472026734703109e-01 0
-9.3868302735958531e-02 1.4454637328292309e-02 1.4022941820415502e-01 0
-8.5322448368722659e-02 1.3138674197625454e-02 1.2746280635493656e-01 0
-7.7595926088669304e-02 1.1948878770288301e-02 1.1592019087672695e-01 0
-7.2523810660124532e-02 1.1167831421290440e-02 1.0834298137279197e-01 0
-6.9188118265227666e-02 1.0654173217172228e-02 1.0335980611329904e-01 0
-6.6509834825203062e-02 1.0241748419242025e-02 9.9358731015170010e-02 0
-6.4209243340673378e-02 9.8874838317275990e-03 9.5921888161959956e-02 0
-6.2154419202198358e-02 9.5710645844485284e-03 9.2852195996962317e-02 0
-6.0284407160623082e-02 9.2831042711940641e-03 9.0058593758701955e-02 0
-5.8561321060342841e-02 9.0177688604214969e-03 8.7484483496608201e-02 0
-5.6946544368241758e-02 8.7691118508646110e-03 8.5072176152563433e-02 0
-1.4850170861196188e-01 1.9089233747572910e-02 1.8072214414528576e-01 0
-1.3138284036308567e-01 1.6888679420278246e-02 1.5988899276814150e-01 0
-1.1824297571523434e-01 1.5199608297670981e-02 1.4389816993428689e-01 0
-1.0716853050728342e-01 1.3776037652085599e-02 1.3042090087181396e-01 0
-9.7411811489553912e-02 1.2521854843822434e-02 1.1854726522688969e-01 0
-8.8590515966460393e-02 1.1387916562770301e-02 1.0781201203705348e-01 0
-8.2799730992224041e-02 1.0643536925738786e-02 1.0076479967424556e-01 0
-7.8991403348429468e-02 1.0153993355774233e-02 9.6130178673400846e-02 0
-7.5933633130118305e-02 9.7609306025621748e-03 9.2408963642799657e-02 0
-7.3307070152963644e-02 9.4232976211488656e-03 8.9212514946008126e-02 0
-7.0961097370322801e-02 9.1217332604969885e-03 8.6357536135675539e-02 0
-6.8826122765633491e-02 8.8472917765909861e-03 8.3759335806119828e-02 0
-6.6858892082620219e-02 8.5944130272860852e-03 8.1365274819309691e-02 0
-6.5015317200088713e-02 8.3574296808131866e-03 7.9121699248512034e-02 0

Hexahedra
2880
2 36 281 21 64 582 1415 294 0
64 582 1415 294 65 589 1416 301 0
65 589 1416 301 66 596 1417 308 0
66 596 1417 308 67 603 1418 315 0
67 603 1418 315 68 610 1419 322 0
68 610 1419 322 69 617 1420 329 0
69 617 1420 329 70 624 1421 336 0
70 624 1421 336 71 631 1422 343 0
71 631 1422 343 72 638 1423 350 0
72 638 1423 350 73 645 1424 357 0
73 645 1424 357 74 652 1425 364 0
74 652 1425 364 75 659 1426 371 0
75 659 1426 371 76 666 1427 378 0
76 666 1427 378 77 673 1428 385 0
77 673 1428 385 6 120 680 63 0
36 37 282 281 582 583 1429 1415 0
582 583 1429 1415 589 590 1430 1416 0
589 590 1430 1416 596 597 1431 1417 0
596 597 1431 1417 603 604 1432 1418 0
603 604 1432 1418 610 611 1433 1419 0
610 611 1433 1419 617 618 1434 1420 0
617 618 1434 1420 624 625 1435 1421 0
624 625 1435 1421 631 632 1436 1422 0
631 632 1436 1422 638 639 1437 1423 0
638 639 1437 1423 645 646 1438 1424 0
645 646 1438 1424 652 653 1439 1425 0
652 653 1439 1425 659 660 1440 1426 0
659 660 1440 1426 666 667 1441 1427 0
666 667 1441 1427 673 674 1442 1428 0
673 674 1442 1428 120 121 681 680 0
37 38 283 282 583 584 1443 1429 0
583 584 1443 1429 590 591 1444 1430 0
590 591 1444 1430 597 598 1445 1431 0
597 598 1445 1431 604 605 1446 1432 0
604 605 1446 1432 611 612 1447 1433 0
611 612 1447 1433 618 619 1448 1434 0
618 619 1448 1434 625 626 1449 1435 0
625 626 1449 1435 632 633 1450 1436 0
632 633 1450 1436 639 640 1451 1437 0
639 640 1451 1437 646 647 1452 1438 0
646 647 1452 1438 653 654 1453 1439 0
653 654 1453 1439 660 661 1454 1440 0
660 661 1454 1440 667 668 1455 1441 0
667 668 1455 1441 674 675 1456 1442 0
674 675 1456 1442 121 122 682 681 0
38 39 284 283 584 585 1457 1443 0
584 585 1457 1443 591 592 1458 1444 0
591 592 1458 1444 598 599 1459 1445 0
598 599 1459 1445 605 606 1460 1446 0
605 606 1460 1446 612 613 1461 1447 0
612 613 1461 1447 619 620 1462 1448 0
619 620 1462 1448 626 627 1463 1449 0
626 627 1463 1449 633 634 1464 1450 0
633 634 1464 1450 640 641 1465 1451 0
640 641 1465 1451 647 648 1466 1452 0
647 648 1466 1452 654 655 1467 1453 0
654 655 1467 1453 661 662 1468 1454 0
661 662 1468 1454 668 669 1469 1455 0
668 669 1469 1455 675 676 1470 1456 0
675 676 1470 1456 122 123 683 682 0
39 40 285 284 585 586 1471 1457 0
585 586 1471 1457 592 593 1472 1458 0
592 593 1472 1458 599 600 1473 1459 0
599 600 1473 1459 606 607 1474 1460 0
606 607 1474 1460 613 614 1475 1461 0
613 614 1475 1461 620 621 1476 1462 0
620 621 1476 1462 627 628 1477 1463 0
627 628 1477 1463 634 635 1478 1464 0
634 635 1478 1464 641 642 1479 1465 0
641 642 1479 1465 648 649 1480 1466 0
648 649 1480 1466 655 656 1481 1467 0
655 656 1481 1467 662 663 1482 1468 0
662 663 1482 1468 669 670 1483 1469 0
669 670 1483 1469 676 677 1484 1470 0
676 677 1484 1470 123 124 684 683 0
40 41 286 285 586 587 1485 1471 0
586 587 1485 1471 593 594 1486 1472 0
593 594 1486 1472 600 601 1487 1473 0
600 601 1487 1473 607 608 1488 1474 0
607 608 1488 1474 614 615 1489 1475 0
614 615 1489 1475 621 622 1490 1476 0
621 622 1490 1476 628 629 1491 1477 0
628 629 1491 1477 635 636 1492 1478 0
635 636 1492 1478 642 643 1493 1479 0
642 643 1493 1479 649 650 1494 1480 0
649 650 1494 1480 656 657 1495 1481 0
656 657 1495 1481 663 664 1496 1482 0
663 664 1496 1482 670 671 1497 1483 0
670 671 1497 1483 677 678 1498 1484 0
677 678 1498 1484 124 125 685 684 0
41 42 287 286 587 588 1499 1485 0
587 588 1499 1485 594 595 1500 1486 0
594 595 1500 1486 601 602 1501 1487 0
601 602 1501 1487 608 609 1502 1488 0
608 609 1502 1488 615 616 1503 1489 0
615 616 1503 1489 622 623 1504 1490 0
622 623 1504 1490 629 630 1505 1491 0
629 630 1505 1491 636 637 1506 1492 0
636 637 1506 1492 643 644 1507 1493 0
643 644 1507 1493 650 651 1508 1494 0
650 651 1508 1494 657 658 1509 1495 0
657 658 1509 1495 664 665 1510 1496 0
664 665 1510 1496 671 672 1511 1497 0
671 672 1511 1497 678 679 1512 1498 0
678 679 1512 1498 125 126 686 685 0
42 4 35 287 588 106 581 1499 0
588 106 581 1499 595 107 574 1500 0
595 107 574 1500 602 108 567 1501 0
602 108 567 1501 609 109 560 1502 0
609 109 560 1502 616 110 553 1503 0
616 110 553 1503 623 111 546 1504 0
623 111 546 1504 630 112 539 1505 0
630 112 539 1505 637 113 532 1506 0
637 113 532 1506 644 114 525 1507 0
644 114 525 1507 651 115 518 1508 0
651 115 518 1508 658 116 511 1509 0
658 116 511 1509 665 117 504 1510 0
665 117 504 1510 672 118 497 1511 0
672 118 497 1511 679 119 490 1512 0
679 119 490 1512 126 8 105 686 0
21 281 274 20 294 1415 1513 293 0
294 1415 1513 293 301 1416 1514 300 0
301 1416 1514 300 308 1417 1515 307 0
308 1417 1515 307 315 1418 1516 314 0
315 1418 1516 314 322 1419 1517 321 0
322 1419 1517 321 329 1420 1518 328 0
329 1420 1518 328 336 1421 1519 335 0
336 1421 1519 335 343 1422 1520 342 0
343 1422 1520 342 350 1423 1521 349 0
350 1423 1521 349 357 1424 1522 356 0
357 1424 1522 356 364 1425 1523 363 0
364 1425 1523 363 371 1426 1524 370 0
371 1426 1524 370 378 1427 1525 377 0
378 1427 1525 377 385 1428 1526 384 0
385 1428 1526 384 63 680 687 62 0
281 282 275 274 1415 1429 1527 1513 0
1415 1429 1527 1513 1416 1430 1528 1514 0
1416 1430 1528 1514 1417 1431 1529 1515 0
1417 1431 1529 1515 1418 1432 1530 1516 0
1418 1432 1530 1516 1419 1433 1531 1517 0
1419 1433 1531 1517 1420 1434 1532 1518 0
1420 1434 1532 1518 1421 1435 1533 1519 0
1421 1435 1533 1519 1422 1436 1534 1520 0
1422 1436 1534 1520 1423 1437 1535 1521 0
1423 1437 1535 1521 1424 1438 1536 1522 0
1424 1438 1536 1522 1425 1439 1537 1523 0
1425 1439 1537 1523 1426 1440 1538 1524 0
1426 1440 1538 1524 1427 1441 1539 1525 0
1427 1441 1539 1525 1428 1442 1540 1526 0
1428 1442 1540 1526 680 681 688 687 0
282 283 276 275 1429 1443 1541 1527 0
1429 1443 1541 1527 1430 1444 1542 1528 0
1430 1444 1542 1528 1431 1445 1543 1529 0
1431 1445 1543 1529 1432 1446 1544 1530 0
1432 1446 1544 1530 1433 1447 1545 1531 0
1433 1447 1545 1531 1434 1448 1546 1532 0
1434 1448 1546 1532 1435 1449 1547 1533 0
1435 1449 1547 1533 1436 1450 1548 1534 0
1436 1450 1548 1534 1437 1451 1549 1535 0
1437 1451 1549 1535 1438 1452 1550 1536 0
1438 1452 1550 1536 1439 1453 1551 1537 0
1439 1453 1551 1537 1440 1454 1552 1538 0
1440 1454 1552 1538 1441 1455 1553 1539 0
1441 1455 1553 1539 1442 1456 1554 1540 0
1442 1456 1554 1540 681 682 689 688 0
283 284 277 276 1443 1457 1555 1541 0
1443 1457 1555 1541 1444 1458 1556 1542 0
1444 1458 1556 1542 1445 1459 1557 1543 0
1445 1459 1557 1543 1446 1460 1558 1544 0
1446 1460 1558 1544 1447 1461 1559 1545 0
1447 1461 1559 1545 1448 1462 1560 1546 0
1448 1462 1560 1546 1449 1463 1561 1547 0
1449 1463 1561 1547 1450 1464 1562 1548 0
1450 1464 1562 1548 1451 1465 1563 1549 0
1451 1465 1563 1549 1452 1466 1564 1550 0
1452 1466 1564 1550 1453 1467 1565 1551 0
1453 1467 1565 1551 1454 1468 1566 1552 0
1454 1468 1566 1552 1455 1469 1567 1553 0
1455 1469 1567 1553 1456 1470 1568 1554 0
1456 1470 1568 1554 682 683 690 689 0
284 285 278 277 1457 1471 1569 1555 0
1457 1471 1569 1555 1458 1472 1570 1556 0
1458 1472 1570 1556 1459 1473 1571 1557 0
1459 1473 1571 1557 1460 1474 1572 1558 0
1460 1474 1572 1558 1461 1475 1573 1559 0
1461 1475 1573 1559 1462 1476 1574 1560 0
1462 1476 1574 1560 1463 1477 1575 1561 0
1463 1477 1575 1561 1464 1478 1576 1562 0
1464 1478 1576 1562 1465 1479 1577 1563 0
1465 1479 1577 1563 1466 1480 1578 1564 0
1466 1480 1578 1564 1467 1481 1579 1565 0
1467 1481 1579 1565 1468 1482 1580 1566 0
1468 1482 1580 1566 1469 1483 1581 1567 0
1469 1483 1581 1567 1470 1484 1582 1568 0
1470 1484 1582 1568 683 684 691 690 0
285 286 279 278 1471 1485 1583 1569 0
1471 1485 1583 1569 1472 1486 1584 1570 0
1472 1486 1584 1570 1473 1487 1585 1571 0
1473 1487 1585 1571 1474 1488 1586 1572 0
1474 1488 1586 1572 1475 1489 1587 1573 0
1475 1489 1587 1573 1476 1490 1588 1574 0
1476 1490 1588 1574 1477 1491 1589 1575 0
1477 1491 1589 1575 1478 1492 1590 1576 0
1478 1492 1590 1576 1479 1493 1591 1577 0
1479 1493 1591 1577 1480 1494 1592 1578 0
1480 1494 1592 1578 1481 1495 1593 1579 0
1481 1495 1593 1579 1482 1496 1594 1580 0
1482 1496 1594 1580 1483 1497 1595 1581 0
1483 1497 1595 1581 1484 1498 1596 1582 0
1484 1498 1596 1582 684 685 692 691 0
286 287 280 279 1485 1499 1597 1583 0
1485 1499 1597 1583 1486 1500 1598 1584 0
1486 1500 1598 1584 1487 1501 1599 1585 0
1487 1501 1599 1585 1488 1502 1600 1586 0
1488 1502 1600 1586 1489 1503 1601 1587 0
1489 1503 1601 1587 1490 1504 1602 1588 0
1490 1504 1602 1588 1491 1505 1603 1589 0
1491 1505 1603 1589 1492 1506 1604 1590 0
1492 1506 1604 1590 1493 1507 1605 1591 0
1493 1507 1605 1591 1494 1508 1606 1592 0
1494 1508 1606 1592 1495 1509 1607 1593 0
1495 1509 1607 1593 1496 1510 1608 1594 0
1496 1510 1608 1594 1497 1511 1609 1595 0
1497 1511 1609 1595 1498 1512 1610 1596 0
1498 1512 1610 1596 685 686 693 692 0
287 35 34 280 1499 581 580 1597 0
1499 581 580 1597 1500 574 573 1598 0
1500 574 573 1598 1501 567 566 1599 0
1501 567 566 1599 1502 560 559 1600 0
1502 560 559 1600 1503 553 552 1601 0
1503 553 552 1601 1504 546 545 1602 0
1504 546 545 1602 1505 539 538 1603 0
1505 539 538 1603 1506 532 531 1604 0
1506 532 531 1604 1507 525 524 1605 0
1507 525 524 1605 1508 518 517 1606 0
1508 518 517 1606 1509 511 510 1607 0
1509 511 510 1607 1510 504 503 1608 0
1510 504 503 1608 1511 497 496 1609 0
1511 497 496 1609 1512 490 489 1610 0
1512 490 489 1610 686 105 104 693 0
20 274 267 19 293 1513 1611 292 0
293 1513 1611 292 300 1514 1612 299 0
300 1514 1612 299 307 1515 1613 306 0
307 1515 1613 306 314 1516 1614 313 0
314 1516 1614 313 321 1517 1615 320 0
321 1517 1615 320 328 1518 1616 327 0
328 1518 1616 327 335 1519 1617 334 0
335 1519 1617 334 342 1520 1618 341 0
342 1520 1618 341 349 1521 1619 348 0
349 1521 1619 348 356 1522 1620 355 0
356 1522 1620 355 363 1523 1621 362 0
363 1523 1621 362 370 1524 1622 369 0
370 1524 1622 369 377 1525 1623 376 0
377 1525 1623 376 384 1526 1624 383 0
384 1526 1624 383 62 687 694 61 0
274 275 268 267 1513 1527 1625 1611 0
1513 1527 1625 1611 1514 1528 1626 1612 0
1514 1528 1626 1612 1515 1529 1627 1613 0
1515 1529 1627 1613 1516 1530 1628 1614 0
1516 1530 1628 1614 1517 1531 1629 1615 0
1517 1531 1629 1615 1518 1532 1630 1616 0
1518 1532 1630 1616 1519 1533 1631 1617 0
1519 1533 1631 1617 1520 1534 1632 1618 0
1520 1534 1632 1618 1521 1535 1633 1619 0
1521 1535 1633 1619 1522 1536 1634 1620 0
1522 1536 1634 1620 1523 1537 1635 1621 0
1523 1537 1635 1621 1524 1538 1636 1622 0
1524 1538 1636 1622 1525 1539 1637 1623 0
1525 1539 1637 1623 1526 1540 1638 1624 0
1526 1540 1638 1624 687 688 695 694 0
275 276 269 268 1527 1541 1639 1625 0
1527 1541 1639 1625 1528 1542 1640 1626 0
1528 1542 1640 1626 1529 1543 1641 1627 0
1529 1543 1641 1627 1530 1544 1642 1628 0
1530 1544 1642 1628 1531 1545 1643 1629 0
1531 1545 1643 1629 1532 1546 1644 1630 0
1532 1546 1644 1630 1533 1547 1645 1631 0
1533 1547 1645 1631 1534 1548 1646 1632 0
1534 1548 1646 1632 1535 1549 1647 1633 0
1535 1549 1647 1633 1536 1550 1648 1634 0
1536 1550 1648 1634 1537 1551 1649 1635 0
1537 1551 1649 1635 1538 1552 1650 1636 0
1538 1552 1650 1636 1539 1553 1651 1637 0
1539 1553 1651 1637 1540 1554 1652 1638 0
1540 1554 1652 1638 688 689 696 695 0
276 277 270 269 1541 1555 1653 1639 0
1541 1555 1653 1639 1542 1556 1654 1640 0
1542 1556 1654 1640 1543 1557 1655 1641 0
1543 1557 1655 1641 1544 1558 1656 1642 0
1544 1558 1656 1642 1545 1559 1657 1643 0
1545 1559 1657 1643 1546 1560 1658 1644 0
1546 1560 1658 1644 1547 1561 1659 1645 0
1547 1561 1659 1645 1548 1562 1660 1646 0
1548 1562 1660 1646 1549 1563 1661 1647 0
1549 1563 1661 1647 1550 1564 1662 1648 0
1550 1564 1662 1648 1551 1565 1663 1649 0
1551 1565 1663 1649 1552 1566 1664 1650 0
1552 1566 1664 1650 1553 1567 1665 1651 0
1553 1567 1665 1651 1554 1568 1666 1652 0
1554 1568 1666 1652 689 690 697 696 0
277 278 271 270 1555 1569 1667 1653 0
1555 1569 1667 1653 1556 1570 1668 1654 0
1556 1570 1668 1654 1557 1571 1669 1655 0
1557 1571 1669 1655 1558 1572 1670 1656 0
1558 1572 1670 1656 1559 1573 1671 1657 0
1559 1573 1671 1657 1560 1574 1672 1658 0
1560 1574 1672 1658 1561 1575 1673 1659 0
1561 1575 1673 1659 1562 1576 1674 1660 0
1562 1576 1674 1660 1563 1577 1675 1661 0
1563 1577 1675 1661 1564 1578 1676 1662 0
1564 1578 1676 1662 1565 1579 1677 1663 0
1565 1579 1677 1663 1566 1580 1678 1664 0
1566 1580 1678 1664 1567 1581 1679 1665 0
1567 1581 1679 1665 1568 1582 1680 1666 0
1568 1582 1680 1666 690 691 698 697 0
278 279 272 271 1569 1583 1681 1667 0
1569 1583 1681 1667 1570 1584 1682 1668 0
1570 1584 1682 1668 1571 1585 1683 1669 0
1571 1585 1683 1669 1572 1586 1684 1670 0
1572 1586 1684 1670 1573 1587 1685 1671 0
1573 1587 1685 1671 1574 1588 1686 1672 0
1574 1588 1686 1672 1575 1589 1687 1673 0
1575 1589 1687 1673 1576 1590 1688 1674 0
1576 1590 1688 1674 1577 1591 1689 1675 0
1577 1591 1689 1675 1578 1592 1690 1676 0
1578 1592 1690 1676 1579 1593 1691 1677 0
1579 1593 1691 1677 1580 1594 1692 1678 0
1580 1594 1692 1678 1581 1595 1693 1679 0
1581 1595 1693 1679 1582 1596 1694 1680 0
1582 1596 1694 1680 691 692 699 698 0
279 280 273 272 1583 1597 1695 1681 0
1583 1597 1695 1681 1584 1598 1696 1682 0
1584 1598 1696 1682 1585 1599 1697 1683 0
1585 1599 1697 1683 1586 1600 1698 1684 0
1586 1600 1698 1684 1587 1601 1699 1685 0
1587 1601 1699 1685 1588 1602 1700 1686 0
1588 1602 1700 1686 1589 1603 1701 1687 0
1589 1603 1701 1687 1590 1604 1702 1688 0
1590 1604 1702 1688 1591 1605 1703 1689 0
1591 1605 1703 1689 1592 1606 1704 1690 0
1592 1606 1704 1690 1593 1607 1705 1691 0
1593 1607 1705 1691 1594 1608 1706 1692 0
1594 1608 1706 1692 1595 1609 1707 1693 0
1595 1609 1707 1693 1596 1610 1708 1694 0
1596 1610 1708 1694 692 693 700 699 0
280 34 33 273 1597 580 579 1695 0
1597 580 579 1695 1598 573 572 1696 0
1598 573 572 1696 1599 566 565 1697 0
1599 566 565 1697 1600 559 558 1698 0
1600 559 558 1698 1601 552 551 1699 0
1601 552 551 1699 1602 545 544 1700 0
1602 545 544 1700 1603 538 537 1701 0
1603 538 537 1701 1604 531 530 1702 0
1604 531 530 1702 1605 524 523 1703 0
1605 524 523 1703 1606 517 516 1704 0
1606 517 516 1704 1607 510 509 1705 0
1607 510 509 1705 1608 503 502 1706 0
1608 503 502 1706 1609 496 495 1707 0
1609 496 495 1707 1610 489 488 1708 0
1610 489 488 1708 693 104 103 700 0
19 267 260 18 292 1611 1709 291 0
292 1611 1709 291 299 1612 1710 298 0
299 1612 1710 298 306 1613 1711 305 0
306 1613 1711 305 313 1614 1712 312 0
313 1614 1712 312 320 1615 1713 319 0
320 1615 1713 319 327 1616 1714 326 0
327 1616 1714 326 334 1617 1715 333 0
334 1617 1715 333 341 1618 1716 340 0
341 1618 1716 340 348 1619 1717 347 0
348 1619 1717 347 355 1620 1718 354 0
355 1620 1718 354 362 1621 1719 361 0
362 1621 1719 361 369 1622 1720 368 0
369 1622 1720 368 376 1623 1721 375 0
376 1623 1721 375 383 1624 1722 382 0
383 1624 1722 382 61 694 701 60 0
267 268 261 260 1611 1625 1723 1709 0
1611 1625 1723 1709 1612 1626 1724 1710 0
1612 1626 1724 1710 1613 1627 1725 1711 0
1613 1627 1725 1711 1614 1628 1726 1712 0
1614 1628 1726 1712 1615 1629 1727 1713 0
1615 1629 1727 1713 1616 1630 1728 1714 0
1616 1630 1728 1714 1617 1631 1729 1715 0
1617 1631 1729 1715 1618 1632 1730 1716 0
1618 1632 1730 1716 1619 1633 1731 1717 0
1619 1633 1731 1717 1620 1634 1732 1718 0
1620 1634 1732 1718 1621 1635 1733 1719 0
1621 1635 1733 1719 1622 1636 1734 1720 0
1622 1636 1734 1720 1623 1637 1735 1721 0
1623 1637 1735 1721 1624 1638 1736 1722 0
1624 1638 1736 1722 694 695 702 701 0
268 269 262 261 1625 1639 1737 1723 0
1625 1639 1737 1723 1626 1640 1738 1724 0
1626 1640 1738 1724 1627 1641 1739 1725 0
1627 1641 1739 1725 1628 1642 1740 1726 0
1628 1642 1740 1726 1629 1643 1741 1727 0
1629 1643 1741 1727 1630 1644 1742 1728 0
1630 1644 1742 1728 1631 1645 1743 1729 0
1631 1645 1743 1729 1632 1646 1744 1730 0
1632 1646 1744 1730 1633 1647 1745 1731 0
1633 1647 1745 1731 1634 1648 1746 1732 0
1634 1648 1746 1732 1635 1649 1747 1733 0
1635 1649 1747 1733 1636 1650 1748 1734 0
1636 1650 1748 1734 1637 1651 1749 1735 0
1637 1651 1749 1735 1638 1652 1750 1736 0
1638 1652 1750 1736 695 696 703 702 0
269 270 263 262 1639 1653 1751 1737 0
1639 1653 1751 1737 1640 1654 1752 1738 0
1640 1654 1752 1738 1641 1655 1753 1739 0
1641 1655 1753 1739 1642 1656 1754 1740 0
1642 1656 1754 1740 1643 1657 1755 1741 0
1643 1657 1755 1741 1644 1658 1756 1742 0
1644 1658 1756 1742 1645 1659 1757 1743 0
1645 1659 1757 1743 1646 1660 1758 1744 0
1646 1660 1758 1744 1647 1661 1759 1745 0
1647 1661 1759 1745 1648 1662 1760 1746 0
1648 1662 1760 1746 1649 1663 1761 1747 0
1649 1663 1761 1747 1650 1664 1762 1748 0
1650 1664 1762 1748 1651 1665 1763 1749 0
1651 1665 1763 1749 1652 1666 1764 1750 0
1652 1666 1764 1750 696 697 704 703 0
270 271 264 263 1653 1667 1765 1751 0
1653 1667 1765 1751 1654 1668 1766 1752 0
1654 1668 1766 1752 1655 1669 1767 1753 0
1655 1669 1767 1753 1656 1670 1768 1754 0
1656 1670 1768 1754 1657 1671 1769 1755 0
1657 1671 1769 1755 1658 1672 1770 1756 0
1658 1672 1770 1756 1659 1673 1771 1757 0
1659 1673 1771 1757 1660 1674 1772 1758 0
1660 1674 1772 1758 1661 1675 1773 1759 0
1661 1675 1773 1759 1662 1676 1774 1760 0
1662 1676 1774 1760 1663 1677 1775 1761 0
1663 1677 1775 1761 1664 1678 1776 1762 0
1664 1678 1776 1762 1665 1679 1777 1763 0
1665 1679 1777 1763 1666 1680 1778 1764 0
1666 1680 1778 1764 697 698 705 704 0
271 272 265 264 1667 1681 1779 1765 0
1667 1681 1779 1765 1668 1682 1780 1766 0
1668 1682 1780 1766 1669 1683 1781 1767 0
1669 1683 1781 1767 1670 1684 1782 1768 0
1670 1684 1782 1768 1671 1685 1783 1769 0
1671 1685 1783 1769 1672 1686 1784 1770 0
1672 1686 1784 1770 1673 1687 1785 1771 0
1673 1687 1785 1771 1674 1688 1786 1772 0
1674 1688 1786 1772 1675 1689 1787 1773 0
1675 1689 1787 1773 1676 1690 1788 1774 0
1676 1690 1788 1774 1677 1691 1789 1775 0
1677 1691 1789 1775 1678 1692 1790 1776 0
1678 1692 1790 1776 1679 1693 1791 1777 0
1679 1693 1791 1777 1680 1694 1792 1778 0
1680 1694 1792 1778 698 699 706 705 0
272 273 266 265 1681 1695 1793 1779 0
1681 1695 1793 1779 1682 1696 1794 1780 0
1682 1696 1794 1780 1683 1697 1795 1781 0
1683 1697 1795 1781 1684 1698 1796 1782 0
1684 1698 1796 1782 1685 1699 1797 1783 0
1685 1699 1797 1783 1686 1700 1798 1784 0
1686 1700 1798 1784 1687 1701 1799 1785 0
1687 1701 1799 1785 1688 1702 1800 1786 0
1688 1702 1800 1786 1689 1703 1801 1787 0
1689 1703 1801 1787 1690 1704 1802 1788 0
1690 1704 1802 1788 1691 1705 1803 1789 0
1691 1705 1803 1789 1692 1706 1804 1790 0
1692 1706 1804 1790 1693 1707 1805 1791 0
1693 1707 1805 1791 1694 1708 1806 1792 0
1694 1708 1806 1792 699 700 707 706 0
273 33 32 266 1695 579 578 1793 0
1695 579 578 1793 1696 572 571 1794 0
1696 572 571 1794 1697 565 564 1795 0
1697 565 564 1795 1698 558 557 1796 0
1698 558 557 1796 1699 551 550 1797 0
1699 551 550 1797 1700 544 543 1798 0
1700 544 543 1798 1701 537 536 1799 0
1701 537 536 1799 1702 530 529 1800 0
1702 530 529 1800 1703 523 522 1801 0
1703 523 522 1801 1704 516 515 1802 0
1704 516 515 1802 1705 509 508 1803 0
1705 509 508 1803 1706 502 501 1804 0
1706 502 501 1804 1707 495 494 1805 0
1707 495 494 1805 1708 488 487 1806 0
1708 488 487 1806 700 103 102 707 0
18 260 253 17 291 1709 1807 290 0
291 1709 1807 290 298 1710 1808 297 0
298 1710 1808 297 305 1711 1809 304 0
305 1711 1809 304 312 1712 1810 311 0
312 1712 1810 311 319 1713 1811 318 0
319 1713 1811 318 326 1714 1812 325 0
326 1714 1812 325 333 1715 1813 332 0
333 1715 1813 332 340 1716 1814 339 0
340 1716 1814 339 347 1717 1815 346 0
347 1717 1815 346 354 1718 1816 353 0
354 1718 1816 353 361 1719 1817 360 0
361 1719 1817 360 368 1720 1818 367 0
368 1720 1818 367 375 1721 1819 374 0
375 1721 1819 374 382 1722 1820 381 0
382 1722 1820 381 60 701 708 59 0
260 261 254 253 1709 1723 1821 1807 0
1709 1723 1821 1807 1710 1724 1822 1808 0
1710 1724 1822 1808 1711 1725 1823 1809 0
1711 1725 1823 1809 1712 1726 1824 1810 0
1712 1726 1824 1810 1713 1727 1825 1811 0
1713 1727 1825 1811 1714 1728 1826 1812 0
1714 1728 1826 1812 1715 1729 1827 1813 0
1715 1729 1827 1813 1716 1730 1828 1814 0
1716 1730 1828 1814 1717 1731 1829 1815 0
1717 1731 1829 1815 1718 1732 1830 1816 0
1718 1732 1830 1816 1719 1733 1831 1817 0
1719 1733 1831 1817 1720 1734 1832 1818 0
1720 1734 1832 1818 1721 1735 1833 1819 0
1721 1735 1833 1819 1722 1736 1834 1820 0
1722 1736 1834 1820 701 702 709 708 0
261 262 255 254 1723 1737 1835 1821 0
1723 1737 1835 1821 1724 1738 1836 1822 0
1724 1738 1836 1822 1725 1739 1837 1823 0
1725 1739 1837 1823 1726 1740 1838 1824 0
1726 1740 1838 1824 1727 1741 1839 1825 0
1727 1741 1839 1825 1728 1742 1840 1826 0
1728 1742 1840 1826 1729 1743 1841 1827 0
1729 1743 1841 1827 1730 1744 1842 1828 0
1730 1744 1842 1828 1731 1745 1843 1829 0
1731 1745 1843 1829 1732 1746 1844 1830 0
1732 1746 1844 1830 1733 1747 1845 1831 0
1733 1747 1845 1831 1734 1748 1846 1832 0
1734 1748 1846 1832 1735 1749 1847 1833 0
1735 1749 1847 1833 1736 1750 1848 1834 0
1736 1750 1848 1834 702 703 710 709 0
262 263 256 255 1737 1751 1849 1835 0
1737 1751 1849 1835 1738 1752 1850 1836 0
1738 1752 1850 1836 1739 1753 1851 1837 0
1739 1753 1851 1837 1740 1754 1852 1838 0
1740 1754 1852 1838 1741 1755 1853 1839 0
1741 1755 1853 1839 1742 1756 1854 1840 0
1742 1756 1854 1840 1743 1757 1855 1841 0
1743 1757 1855 1841 1744 1758 1856 1842 0
1744 1758 1856 1842 1745 1759 1857 1843 0
1745 1759 1857 1843 1746 1760 1858 1844 0
1746 1760 1858 1844 1747 1761 1859 1845 0
1747 1761 1859 1845 1748 1762 1860 1846 0
1748 1762 1860 1846 1749 1763 1861 1847 0
1749 1763 1861 1847 1750 1764 1862 1848 0
1750 1764 1862 1848 703 704 711 710 0
263 264 257 256 1751 1765 1863 1849 0
1751 1765 1863 1849 1752 1766 1864 1850 0
1752 1766 1864 1850 1753 1767 1865 1851 0
1753 1767 1865 1851 1754 1768 1866 1852 0
1754 1768 1866 1852 1755 1769 1867 1853 0
1755 1769 1867 1853 1756 1770 1868 1854 0
1756 1770 1868 1854 1757 1771 1869 1855 0
1757 1771 1869 1855 1758 1772 1870 1856 0
1758 1772 1870 1856 1759 1773 1871 1857 0
1759 1773 1871 1857 1760 1774 1872 1858 0
1760 1774 1872 1858 1761 1775 1873 1859 0
1761 1775 1873 1859 1762 1776 1874 1860 0
1762 1776 1874 1860 1763 1777 1875 1861 0
1763 1777 1875 1861 1764 1778 1876 1862 0
1764 1778 1876 1862 704 705 712 711 0
264 265 258 257 1765 1779 1877 1863 0
1765 1779 1877 1863 1766 1780 1878 1864 0
1766 1780 1878 1864 1767 1781 1879 1865 0
1767 1781 1879 1865 1768 1782 1880 1866 0
1768 1782 1880 1866 1769 1783 1881 1867 0
1769 1783 1881 1867 1770 1784 1882 1868 0
1770 1784 1882 1868 1771 1785 1883 1869 0
1771 1785 1883 1869 1772 1786 1884 1870 0
1772 1786 1884 1870 1773 1787 1885 1871 0
1773 1787 1885 1871 1774 1788 1886 1872 0
1774 1788 1886 1872 1775 1789 1887 1873 0
1775 1789 1887 1873 1776 1790 1888 1874 0
1776 1790 1888 1874 1777 1791 1889 1875 0
1777 1791 1889 1875 1778 1792 1890 1876 0
1778 1792 1890 1876 705 706 713 712 0
265 266 259 258 1779 1793 1891 1877 0
1779 1793 1891 1877 1780 1794 1892 1878 0
1780 1794 1892 1878 1781 1795 1893 1879 0
1781 1795 1893 1879 1782 1796 1894 1880 0
1782 1796 1894 1880 1783 1797 1895 1881 0
1783 1797 1895 1881 1784 1798 1896 1882 0
1784 1798 1896 1882 1785 1799 1897 1883 0
1785 1799 1897 1883 1786 1800 1898 1884 0
1786 1800 1898 1884 1787 1801 1899 1885 0
1787 1801 1899 1885 1788 1802 1900 1886 0
1788 1802 1900 1886 1789 1803 1901 1887 0
1789 1803 1901 1887 1790 1804 1902 1888 0
1790 1804 1902 1888 1791 1805 1903 1889 0
1791 1805 1903 1889 1792 1806 1904 1890 0
1792 1806 1904 1890 706 707 714 713 0
266 32 31 259 1793 578 577 1891 0
1793 578 577 1891 1794 571 570 1892 0
1794 571 570 1892 1795 564 563 1893 0
1795 564 563 1893 1796 557 556 1894 0
1796 557 556 1894 1797 550 549 1895 0
1797 550 549 1895 1798 543 542 1896 0
1798 543 542 1896 1799 536 535 1897 0
1799 536 535 1897 1800 529 528 1898 0
1800 529 528 1898 1801 522 521 1899 0
1801 522 521 1899 1802 515 514 1900 0
1802 515 514 1900 1803 508 507 1901 0
1803 508 507 1901 1804 501 500 1902 0
1804 501 500 1902 1805 494 493 1903 0
1805 494 493 1903 1806 487 486 1904 0
1806 487 486 1904 707 102 101 714 0
17 253 246 16 290 1807 1905 289 0
290 1807 1905 289 297 1808 1906 296 0
297 1808 1906 296 304 1809 1907 303 0
304 1809 1907 303 311 1810 1908 310 0
311 1810 1908 310 318 1811 1909 317 0
318 1811 1909 317 325 1812 1910 324 0
325 1812 1910 324 332 1813 1911 331 0
332 1813 1911 331 339 1814 1912 338 0
339 1814 1912 338 346 1815 1913 345 0
346 1815 1913 345 353 1816 1914 352 0
353 1816 1914 352 360 1817 1915 359 0
360 1817 1915 359 367 1818 1916 366 0
367 1818 1916 366 374 1819 1917 373 0
374 1819 1917 373 381 1820 1918 380 0
381 1820 1918 380 59 708 715 58 0
253 254 247 246 1807 1821 1919 1905 0
1807 1821 1919 1905 1808 1822 1920 1906 0
1808 1822 1920 1906 1809 1823 1921 1907 0
1809 1823 1921 1907 1810 1824 1922 1908 0
1810 1824 1922 1908 1811 1825 1923 1909 0
1811 1825 1923 1909 1812 1826 1924 1910 0
1812 1826 1924 1910 1813 1827 1925 1911 0
1813 1827 1925 1911 1814 1828 1926 1912 0
1814 1828 1926 1912 1815 1829 1927 1913 0
1815 1829 1927 1913 1816 1830 1928 1914 0
1816 1830 1928 1914 1817 1831 1929 1915 0
1817 1831 1929 1915 1818 1832 1930 1916 0
1818 1832 1930 1916 1819 1833 1931 1917 0
1819 1833 1931 1917 1820 1834 1932 1918 0
1820 1834 1932 1918 708 709 716 715 0
254 255 248 247 1821 1835 1933 1919 0
1821 1835 1933 1919 1822 1836 1934 1920 0
1822 1836 1934 1920 1823 1837 1935 1921 0
1823 1837 1935 1921 1824 1838 1936 1922 0
1824 1838 1936 1922 1825 1839 1937 1923 0
1825 1839 1937 1923 1826 1840 1938 1924 0
1826 1840 1938 1924 1827 1841 1939 1925 0
1827 1841 1939 1925 1828 1842 1940 1926 0
1828 1842 1940 1926 1829 1843 1941 1927 0
1829 1843 1941 1927 1830 1844 1942 1928 0
1830 1844 1942 1928 1831 1845 1943 1929 0
1831 1845 1943 1929 1832 1846 1944 1930 0
1832 1846 1944 1930 1833 1847 1945 1931 0
1833 1847 1945 1931 1834 1848 1946 1932 0
1834 1848 1946 1932 709 710 717 716 0
255 256 249 248 1835 1849 1947 1933 0
1835 1849 1947 1933 1836 1850 1948 1934 0
1836 1850 1948 1934 1837 1851 1949 1935 0
1837 1851 1949 1935 1838 1852 1950 1936 0
1838 1852 1950 1936 1839 1853 1951 1937 0
1839 1853 1951 1937 1840 1854 1952 1938 0
1840 1854 1952 1938 1841 1855 1953 1939 0
1841 1855 1953 1939 1842 1856 1954 1940 0
1842 1856 1954 1940 1843 1857 1955 1941 0
1843 1857 1955 1941 1844 1858 1956 1942 0
1844 1858 1956 1942 1845 1859 1957 1943 0
1845 1859 1957 1943 1846 1860 1958 1944 0
1846 1860 1958 1944 1847 1861 1959 1945 0
1847 1861 1959 1945 1848 1862 1960 1946 0
1848 1862 1960 1946 710 711 718 717 0
256 257 250 249 1849 1863 1961 1947 0
1849 1863 1961 1947 1850 1864 1962 1948 0
1850 1864 1962 1948 1851 1865 1963 1949 0
1851 1865 1963 1949 1852 1866 1964 1950 0
1852 1866 1964 1950 1853 1867 1965 1951 0
1853 1867 1965 1951 1854 1868 1966 1952 0
1854 1868 1966 1952 1855 1869 1967 1953 0
1855 1869 1967 1953 1856 1870 1968 1954 0
1856 1870 1968 1954 1857 1871 1969 1955 0
1857 1871 1969 1955 1858 1872 1970 1956 0
1858 1872 1970 1956 1859 1873 1971 1957 0
1859 1873 1971 1957 1860 1874 1972 1958 0
1860 1874 1972 1958 1861 1875 1973 1959 0
1861 1875 1973 1959 1862 1876 1974 1960 0
1862 1876 1974 1960 711 712 719 718 0
257 258 251 250 1863 1877 1975 1961 0
1863 1877 1975 1961 1864 1878 1976 1962 0
1864 1878 1976 1962 1865 1879 1977 1963 0
1865 1879 1977 1963 1866 1880 1978 1964 0
1866 1880 1978 1964 1867 1881 1979 1965 0
1867 1881 1979 1965 1868 1882 1980 1966 0
1868 1882 1980 1966 1869 1883 1981 1967 0
1869 1883 1981 1967 1870 1884 1982 1968 0
1870 1884 1982 1968 1871 1885 1983 1969 0
1871 1885 1983 1969 1872 1886 1984 1970 0
1872 1886 1984 1970 1873 1887 1985 1971 0
1873 1887 1985 1971 1874 1888 1986 1972 0
1874 1888 1986 1972 1875 1889 1987 1973 0
1875 1889 1987 1973 1876 1890 1988 1974 0
1876 1890 1988 1974 712 713 720 719 0
258 259 252 251 1877 1891 1989 1975 0
1877 1891 1989 1975 1878 1892 1990 1976 0
1878 1892 1990 1976 1879 1893 1991 1977 0
1879 1893 1991 1977 1880 1894 1992 1978 0
1880 1894 1992 1978 1881 1895 1993 1979 0
1881 1895 1993 1979 1882 1896 1994 1980 0
1882 1896 1994 1980 1883 1897 1995 1981 0
1883 1897 1995 1981 1884 1898 1996 1982 0
1884 1898 1996 1982 1885 1899 1997 1983 0
1885 1899 1997 1983 1886 1900 1998 1984 0
1886 1900 1998 1984 1887 1901 1999 1985 0
1887 1901 1999 1985 1888 1902 2000 1986 0
1888 1902 2000 1986 1889 1903 2001 1987 0
1889 1903 2001 1987 1890 1904 2002 1988 0
1890 1904 2002 1988 713 714 721 720 0
259 31 30 252 1891 577 576 1989 0
1891 577 576 1989 1892 570 569 1990 0
1892 570 569 1990 1893 563 562 1991 0
1893 563 562 1991 1894 556 555 1992 0
1894 556 555 1992 1895 549 548 1993 0
1895 549 548 1993 1896 542 541 1994 0
1896 542 541 1994 1897 535 534 1995 0
1897 535 534 1995 1898 528 527 1996 0
1898 528 527 1996 1899 521 520 1997 0
1899 521 520 1997 1900 514 513 1998 0
1900 514 513 1998 1901 507 506 1999 0
1901 507 506 1999 1902 500 499 2000 0
1902 500 499 2000 1903 493 492 2001 0
1903 493 492 2001 1904 486 485 2002 0
1904 486 485 2002 714 101 100 721 0
16 246 239 15 289 1905 2003 288 0
289 1905 2003 288 296 1906 2004 295 0
296 1906 2004 295 303 1907 2005 302 0
303 1907 2005 302 310 1908 2006 309 0
310 1908 2006 309 317 1909 2007 316 0
317 1909 2007 316 324 1910 2008 323 0
324 1910 2008 323 331 1911 2009 330 0
331 1911 2009 330 338 1912 2010 337 0
338 1912 2010 337 345 1913 2011 344 0
345 1913 2011 344 352 1914 2012 351 0
352 1914 2012 351 359 1915 2013 358 0
359 1915 2013 358 366 1916 2014 365 0
366 1916 2014 365 373 1917 2015 372 0
373 1917 2015 372 380 1918 2016 379 0
380 1918 2016 379 58 715 722 57 0
246 247 240 239 1905 1919 2017 2003 0
1905 1919 2017 2003 1906 1920 2018 2004 0
1906 1920 2018 2004 1907 1921 2019 2005 0
1907 1921 2019 2005 1908 1922 2020 2006 0
1908 1922 2020 2006 1909 1923 2021 2007 0
1909 1923 2021 2007 1910 1924 2022 2008 0
1910 1924 2022 2008 1911 1925 2023 2009 0
1911 1925 2023 2009 1912 1926 2024 2010 0
1912 1926 2024 2010 1913 1927 2025 2011 0
1913 1927 2025 2011 1914 1928 2026 2012 0
1914 1928 2026 2012 1915 1929 2027 2013 0
1915 1929 2027 2013 1916 1930 2028 2014 0
1916 1930 2028 2014 1917 1931 2029 2015 0
1917 1931 2029 2015 1918 1932 2030 2016 0
1918 1932 2030 2016 715 716 723 722 0
247 248 241 240 1919 1933 2031 2017 0
1919 1933 2031 2017 1920 1934 2032 2018 0
1920 1934 2032 2018 1921 1935 2033 2019 0
1921 1935 2033 2019 1922 1936 2034 2020 0
1922 1936 2034 2020 1923 1937 2035 2021 0
1923 1937 2035 2021 1924 1938 2036 2022 0
1924 1938 2036 2022 1925 1939 2037 2023 0
1925 1939 2037 2023 1926 1940 2038 2024 0
1926 1940 2038 2024 1927 1941 2039 2025 0
1927 1941 2039 2025 1928 1942 2040 2026 0
1928 1942 2040 2026 1929 1943 2041 2027 0
1929 1943 2041 2027 1930 1944 2042 2028 0
1930 1944 2042 2028 1931 1945 2043 2029 0
1931 1945 2043 2029 1932 1946 2044 2030 0
1932 1946 2044 2030 716 717 724 723 0
248 249 242 241 1933 1947 2045 2031 0
1933 1947 2045 2031 1934 1948 2046 2032 0
1934 1948 2046 2032 1935 1949 2047 2033 0
1935 1949 2047 2033 1936 1950 2048 2034 0
1936 1950 2048 2034 1937 1951 2049 2035 0
1937 1951 2049 2035 1938 1952 2050 2036 0
1938 1952 2050 2036 1939 1953 2051 2037 0
1939 1953 2051 2037 1940 1954 2052 2038 0
1940 1954 2052 2038 1941 1955 2053 2039 0
1941 1955 2053 2039 1942 1956 2054 2040 0
1942 1956 2054 2040 1943 1957 2055 2041 0
1943 1957 2055 2041 1944 1958 2056 2042 0
1944 1958 2056 2042 1945 1959 2057 2043 0
1945 1959 2057 2043 1946 1960 2058 2044 0
1946 1960 2058 2044 717 718 725 724 0
249 250 243 242 1947 1961 2059 2045 0
1947 1961 2059 2045 1948 1962 2060 2046 0
1948 1962 2060 2046 1949 1963 2061 2047 0
1949 1963 2061 2047 1950 1964 2062 2048 0
1950 1964 2062 2048 1951 1965 2063 2049 0
1951 1965 2063 2049 1952 1966 2064 2050 0
1952 1966 2064 2050 1953 1967 2065 2051 0
1953 1967 2065 2051 1954 1968 2066 2052 0
1954 1968 2066 2052 1955 1969 2067 2053 0
1955 1969 2067 2053 1956 1970 2068 2054 0
1956 1970 2068 2054 1957 1971 2069 2055 0
1957 1971 2069 2055 1958 1972 2070 2056 0
1958 1972 2070 2056 1959 1973 2071 2057 0
1959 1973 2071 2057 1960 1974 2072 2058 0
1960 1974 2072 2058 718 719 726 725 0
250 251 244 243 1961 1975 2073 2059 0
1961 1975 2073 2059 1962 1976 2074 2060 0
1962 1976 2074 2060 1963 1977 2075 2061 0
1963 1977 2075 2061 1964 1978 2076 2062 0
1964 1978 2076 2062 1965 1979 2077 2063 0
1965 1979 2077 2063 1966 1980 2078 2064 0
1966 1980 2078 2064 1967 1981 2079 2065 0
1967 1981 2079 2065 1968 1982 2080 2066 0
1968 1982 2080 2066 1969 1983 2081 2067 0
1969 1983 2081 2067 1970 1984 2082 2068 0
1970 1984 2082 2068 1971 1985 2083 2069 0
1971 1985 2083 2069 1972 1986 2084 2070 0
1972 1986 2084 2070 1973 1987 2085 2071 0
1973 1987 2085 2071 1974 1988 2086 2072 0
1974 1988 2086 2072 719 720 727 726 0
251 252 245 244 1975 1989 2087 2073 0
1975 1989 2087 2073 1976 1990 2088 2074 0
1976 1990 2088 2074 1977 1991 2089 2075 0
1977 1991 2089 2075 1978 1992 2090 2076 0
1978 1992 2090 2076 1979 1993 2091 2077 0
1979 1993 2091 2077 1980 1994 2092 2078 0
1980 1994 2092 2078 1981 1995 2093 2079 0
1981 1995 2093 2079 1982 1996 2094 2080 0
1982 1996 2094 2080 1983 1997 2095 2081 0
1983 1997 2095 2081 1984 1998 2096 2082 0
1984 1998 2096 2082 1985 1999 2097 2083 0
1985 1999 2097 2083 1986 2000 2098 2084 0
1986 2000 2098 2084 1987 2001 2099 2085 0
1987 2001 2099 2085 1988 2002 2100 2086 0
1988 2002 2100 2086 720 721 728 727 0
252 30 29 245 1989 576 575 2087 0
1989 576 575 2087 1990 569 568 2088 0
1990 569 568 2088 1991 562 561 2089 0
1991 562 561 2089 1992 555 554 2090 0
1992 555 554 2090 1993 548 547 2091 0
1993 548 547 2091 1994 541 540 2092 0
1994 541 540 2092 1995 534 533 2093 0
1995 534 533 2093 1996 527 526 2094 0
1996 527 526 2094 1997 520 519 2095 0
1997 520 519 2095 1998 513 512 2096 0
1998 513 512 2096 1999 506 505 2097 0
1999 506 505 2097 2000 499 498 2098 0
2000 499 498 2098 2001 492 491 2099 0
2001 492 491 2099 2002 485 484 2100 0
2002 485 484 2100 721 100 99 728 0
15 239 28 1 288 2003 392 43 0
288 2003 392 43 295 2004 399 44 0
295 2004 399 44 302 2005 406 45 0
302 2005 406 45 309 2006 413 46 0
309 2006 413 46 316 2007 420 47 0
316 2007 420 47 323 2008 427 48 0
323 2008 427 48 330 2009 434 49 0
330 2009 434 49 337 2010 441 50 0
337 2010 441 50 344 2011 448 51 0
344 2011 448 51 351 2012 455 52 0
351 2012 455 52 358 2013 462 53 0
358 2013 462 53 365 2014 469 54 0
365 2014 469 54 372 2015 476 55 0
372 2015 476 55 379 2016 483 56 0
379 2016 483 56 57 722 98 5 0
239 240 27 28 2003 2017 391 392 0
2003 2017 391 392 2004 2018 398 399 0
2004 2018 398 399 2005 2019 405 406 0
2005 2019 405 406 2006 2020 412 413 0
2006 2020 412 413 2007 2021 419 420 0
2007 2021 419 420 2008 2022 426 427 0
2008 2022 426 427 2009 2023 433 434 0
2009 2023 433 434 2010 2024 440 441 0
2010 2024 440 441 2011 2025 447 448 0
2011 2025 447 448 2012 2026 454 455 0
2012 2026 454 455 2013 2027 461 462 0
2013 2027 461 462 2014 2028 468 469 0
2014 2028 468 469 2015 2029 475 476 0
2015 2029 475 476 2016 2030 482 483 0
2016 2030 482 483 722 723 97 98 0
240 241 26 27 2017 2031 390 391 0
2017 2031 390 391 2018 2032 397 398 0
2018 2032 397 398 2019 2033 404 405 0
2019 2033 404 405 2020 2034 411 412 0
2020 2034 411 412 2021 2035 418 419 0
2021 2035 418 419 2022 2036 425 426 0
2022 2036 425 426 2023 2037 432 433 0
2023 2037 432 433 2024 2038 439 440 0
2024 2038 439 440 2025 2039 446 447 0
2025 2039 446 447 2026 2040 453 454 0
2026 2040 453 454 2027 2041 460 461 0
2027 2041 460 461 2028 2042 467 468 0
2028 2042 467 468 2029 2043 474 475 0
2029 2043 474 475 2030 2044 481 482 0
2030 2044 481 482 723 724 96 97 0
241 242 25 26 2031 2045 389 390 0
2031 2045 389 390 2032 2046 396 397 0
2032 2046 396 397 2033 2047 403 404 0
2033 2047 403 404 2034 2048 410 411 0
2034 2048 410 411 2035 2049 417 418 0
2035 2049 417 418 2036 2050 424 425 0
2036 2050 424 425 2037 2051 431 432 0
2037 2051 431 432 2038 2052 438 439 0
2038 2052 438 439 2039 2053 445 446 0
2039 2053 445 446 2040 2054 452 453 0
2040 2054 452 453 2041 2055 459 460 0
2041 2055 459 460 2042 2056 466 467 0
2042 2056 466 467 2043 2057 473 474 0
2043 2057 473 474 2044 2058 480 481 0
2044 2058 480 481 724 725 95 96 0
242 243 24 25 2045 2059 388 389 0
2045 2059 388 389 2046 2060 395 396 0
2046 2060 395 396 2047 2061 402 403 0
2047 2061 402 403 2048 2062 409 410 0
2048 2062 409 410 2049 2063 416 417 0
2049 2063 416 417 2050 2064 423 424 0
2050 2064 423 424 2051 2065 430 431 0
2051 2065 430 431 2052 2066 437 438 0
2052 2066 437 438 2053 2067 444 445 0
2053 2067 444 445 2054 2068 451 452 0
2054 2068 451 452 2055 2069 458 459 0
2055 2069 458 459 2056 2070 465 466 0
2056 2070 465 466 2057 2071 472 473 0
2057 2071 472 473 2058 2072 479 480 0
2058 2072 479 480 725 726 94 95 0
243 244 23 24 2059 2073 387 388 0
2059 2073 387 388 2060 2074 394 395 0
2060 2074 394 395 2061 2075 401 402 0
2061 2075 401 402 2062 2076 408 409 0
2062 2076 408 409 2063 2077 415 416 0
2063 2077 415 416 2064 2078 422 423 0
2064 2078 422 423 2065 2079 429 430 0
2065 2079 429 430 2066 2080 436 437 0
2066 2080 436 437 2067 2081 443 444 0
2067 2081 443 444 2068 2082 450 451 0
2068 2082 450 451 2069 2083 457 458 0
2069 2083 457 458 2070 2084 464 465 0
2070 2084 464 465 2071 2085 471 472 0
2071 2085 471 472 2072 2086 478 479 0
2072 2086 478 479 726 727 93 94 0
244 245 22 23 2073 2087 386 387 0
2073 2087 386 387 2074 2088 393 394 0
2074 2088 393 394 2075 2089 400 401 0
2075 2089 400 401 2076 2090 407 408 0
2076 2090 407 408 2077 2091 414 415 0
2077 2091 414 415 2078 2092 421 422 0
2078 2092 421 422 2079 2093 428 429 0
2079 2093 428 429 2080 2094 435 436 0
2080 2094 435 436 2081 2095 442 443 0
2081 2095 442 443 2082 2096 449 450 0
2082 2096 449 450 2083 2097 456 457 0
2083 2097 456 457 2084 2098 463 464 0
2084 2098 463 464 2085 2099 470 471 0
2085 2099 470 471 2086 2100 477 478 0
2086 2100 477 478 727 728 92 93 0
245 29 3 22 2087 575 91 386 0
2087 575 91 386 2088 568 90 393 0
2088 568 90 393 2089 561 89 400 0
2089 561 89 400 2090 554 88 407 0
2090 554 88 407 2091 547 87 414 0
2091 547 87 414 2092 540 86 421 0
2092 540 86 421 2093 533 85 428 0
2093 533 85 428 2094 526 84 435 0
2094 526 84 435 2095 519 83 442 0
2095 519 83 442 2096 512 82 449 0
2096 512 82 449 2097 505 81 456 0
2097 505 81 456 2098 498 80 463 0
2098 498 80 463 2099 491 79 470 0
2099 491 79 470 2100 484 78 477 0
2100 484 78 477 728 99 7 92 0
1 28 771 133 43 392 2101 784 0
43 392 2101 784 44 399 2102 791 0
44 399 2102 791 45 406 2103 798 0
45 406 2103 798 46 413 2104 805 0
46 413 2104 805 47 420 2105 812 0
47 420 2105 812 48 427 2106 819 0
48 427 2106 819 49 434 2107 826 0
49 434 2107 826 50 441 2108 833 0
50 441 2108 833 51 448 2109 840 0
51 448 2109 840 52 455 2110 847 0
52 455 2110 847 53 462 2111 854 0
53 462 2111 854 54 469 2112 861 0
54 469 2112 861 55 476 2113 868 0
55 476 2113 868 56 483 2114 875 0
56 483 2114 875 5 98 1072 168 0
28 27 772 771 392 391 2115 2101 0
392 391 2115 2101 399 398 2116 2102 0
399 398 2116 2102 406 405 2117 2103 0
406 405 2117 2103 413 412 2118 2104 0
413 412 2118 2104 420 419 2119 2105 0
420 419 2119 2105 427 426 2120 2106 0
427 426 2120 2106 434 433 2121 2107 0
434 433 2121 2107 441 440 2122 2108 0
441 440 2122 2108 448 447 2123 2109 0
448 447 2123 2109 455 454 2124 2110 0
455 454 2124 2110 462 461 2125 2111 0
462 461 2125 2111 469 468 2126 2112 0
469 468 2126 2112 476 475 2127 2113 0
476 475 2127 2113 483 482 2128 2114 0
483 482 2128 2114 98 97 1073 1072 0
27 26 773 772 391 390 2129 2115 0
391 390 2129 2115 398 397 2130 2116 0
398 397 2130 2116 405 404 2131 2117 0
405 404 2131 2117 412 411 2132 2118 0
412 411 2132 2118 419 418 2133 2119 0
419 418 2133 2119 426 425 2134 2120 0
426 425 2134 2120 433 432 2135 2121 0
433 432 2135 2121 440 439 2136 2122 0
440 439 2136 2122 447 446 2137 2123 0
447 446 2137 2123 454 453 2138 2124 0
454 453 2138 2124 461 460 2139 2125 0
461 460 2139 2125 468 467 2140 2126 0
468 467 2140 2126 475 474 2141 2127 0
475 474 2141 2127 482 481 2142 2128 0
482 481 2142 2128 97 96 1074 1073 0
26 25 774 773 390 389 2143 2129 0
390 389 2143 2129 397 396 2144 2130 0
397 396 2144 2130 404 403 2145 2131 0
404 403 2145 2131 411 410 2146 2132 0
411 410 2146 2132 418 417 2147 2133 0
418 417 2147 2133 425 424 2148 2134 0
425 424 2148 2134 432 431 2149 2135 0
432 431 2149 2135 439 438 2150 2136 0
439 438 2150 2136 446 445 2151 2137 0
446 445 2151 2137 453 452 2152 2138 0
453 452 2152 2138 460 459 2153 2139 0
460 459 2153 2139 467 466 2154 2140 0
467 466 2154 2140 474 473 2155 2141 0
474 473 2155 2141 481 480 2156 2142 0
481 480 2156 2142 96 95 1075 1074 0
25 24 775 774 389 388 2157 2143 0
389 388 2157 2143 396 395 2158 2144 0
396 395 2158 2144 403 402 2159 2145 0
403 402 2159 2145 410 409 2160 2146 0
410 409 2160 2146 417 416 2161 2147 0
417 416 2161 2147 424 423 2162 2148 0
424 423 2162 2148 431 430 2163 2149 0
431 430 2163 2149 438 437 2164 2150 0
438 437 2164 2150 445 444 2165 2151 0
445 444 2165 2151 452 451 2166 2152 0
452 451 2166 2152 459 458 2167 2153 0
459 458 2167 2153 466 465 2168 2154 0
466 465 2168 2154 473 472 2169 2155 0
473 472 2169 2155 480 479 2170 2156 0
480 479 2170 2156 95 94 1076 1075 0
24 23 776 775 388 387 2171 2157 0
388 387 2171 2157 395 394 2172 2158 0
395 394 2172 2158 402 401 2173 2159 0
402 401 2173 2159 409 408 2174 2160 0
409 408 2174 2160 416 415 2175 2161 0
416 415 2175 2161 423 422 2176 2162 0
423 422 2176 2162 430 429 2177 2163 0
430 429 2177 2163 437 436 2178 2164 0
437 436 2178 2164 444 443 2179 2165 0
444 443 2179 2165 451 450 2180 2166 0
451 450 2180 2166 458 457 2181 2167 0
458 457 2181 2167 465 464 2182 2168 0
465 464 2182 2168 472 471 2183 2169 0
472 471 2183 2169 479 478 2184 2170 0
479 478 2184 2170 94 93 1077 1076 0
23 22 777 776 387 386 2185 2171 0
387 386 2185 2171 394 393 2186 2172 0
394 393 2186 2172 401 400 2187 2173 0
401 400 2187 2173 408 407 2188 2174 0
408 407 2188 2174 415 414 2189 2175 0
415 414 2189 2175 422 421 2190 2176 0
422 421 2190 2176 429 428 2191 2177 0
429 428 2191 2177 436 435 2192 2178 0
436 435 2192 2178 443 442 2193 2179 0
443 442 2193 2179 450 449 2194 2180 0
450 449 2194 2180 457 456 2195 2181 0
457 456 2195 2181 464 463 2196 2182 0
464 463 2196 2182 471 470 2197 2183 0
471 470 2197 2183 478 477 2198 2184 0
478 477 2198 2184 93 92 1078 1077 0
22 3 141 777 386 91 974 2185 0
386 91 974 2185 393 90 981 2186 0
393 90 981 2186 400 89 988 2187 0
400 89 988 2187 407 88 995 2188 0
407 88 995 2188 414 87 1002 2189 0
414 87 1002 2189 421 86 1009 2190 0
421 86 1009 2190 428 85 1016 2191 0
428 85 1016 2191 435 84 1023 2192 0
435 84 1023 2192 442 83 1030 2193 0
442 83 1030 2193 449 82 1037 2194 0
449 82 1037 2194 456 81 1044 2195 0
456 81 1044 2195 463 80 1051 2196 0
463 80 1051 2196 470 79 1058 2197 0
470 79 1058 2197 477 78 1065 2198 0
477 78 1065 2198 92 7 190 1078 0
133 771 764 132 784 2101 2199 783 0
784 2101 2199 783 791 2102 2200 790 0
791 2102 2200 790 798 2103 2201 797 0
798 2103 2201 797 805 2104 2202 804 0
805 2104 2202 804 812 2105 2203 811 0
812 2105 2203 811 819 2106 2204 818 0
819 2106 2204 818 826 2107 2205 825 0
826 2107 2205 825 833 2108 2206 832 0
833 2108 2206 832 840 2109 2207 839 0
840 2109 2207 839 847 2110 2208 846 0
847 2110 2208 846 854 2111 2209 853 0
854 2111 2209 853 861 2112 2210 860 0
861 2112 2210 860 868 2113 2211 867 0
868 2113 2211 867 875 2114 2212 874 0
875 2114 2212 874 168 1072 1079 167 0
771 772 765 764 2101 2115 2213 2199 0
2101 2115 2213 2199 2102 2116 2214 2200 0
2102 2116 2214 2200 2103 2117 2215 2201 0
2103 2117 2215 2201 2104 2118 2216 2202 0
2104 2118 2216 2202 2105 2119 2217 2203 0
2105 2119 2217 2203 2106 2120 2218 2204 0
2106 2120 2218 2204 2107 2121 2219 2205 0
2107 2121 2219 2205 2108 2122 2220 2206 0
2108 2122 2220 2206 2109 2123 2221 2207 0
2109 2123 2221 2207 2110 2124 2222 2208 0
2110 2124 2222 2208 2111 2125 2223 2209 0
2111 2125 2223 2209 2112 2126 2224 2210 0
2112 2126 2224 2210 2113 2127 2225 2211 0
2113 2127 2225 2211 2114 2128 2226 2212 0
2114 2128 2226 2212 1072 1073 1080 1079 0
772 773 766 765 2115 2129 2227 2213 0
2115 2129 2227 2213 2116 2130 2228 2214 0
2116 2130 2228 2214 2117 2131 2229 2215 0
2117 2131 2229 2215 2118 2132 2230 2216 0
2118 2132 2230 2216 2119 2133 2231 2217 0
2119 2133 2231 2217 2120 2134 2232 2218 0
2120 2134 2232 2218 2121 2135 2233 2219 0
2121 2135 2233 2219 2122 2136 2234 2220 0
2122 2136 2234 2220 2123 2137 2235 2221 0
2123 2137 2235 2221 2124 2138 2236 2222 0
2124 2138 2236 2222 2125 2139 2237 2223 0
2125 2139 2237 2223 2126 2140 2238 2224 0
2126 2140 2238 2224 2127 2141 2239 2225 0
2127 2141 2239 2225 2128 2142 2240 2226 0
2128 2142 2240 2226 1073 1074 1081 1080 0
773 774 767 766 2129 2143 2241 2227 0
2129 2143 2241 2227 2130 2144 2242 2228 0
2130 2144 2242 2228 2131 2145 2243 2229 0
2131 2145 2243 2229 2132 2146 2244 2230 0
2132 2146 2244 2230 2133 2147 2245 2231 0
2133 2147 2245 2231 2134 2148 2246 2232 0
2134 2148 2246 2232 2135 2149 2247 2233 0
2135 2149 2247 2233 2136 2150 2248 2234 0
2136 2150 2248 2234 2137 2151 2249 2235 0
2137 2151 2249 2235 2138 2152 2250 2236 0
2138 2152 2250 2236 2139 2153 2251 2237 0
2139 2153 2251 2237 2140 2154 2252 2238 0
2140 2154 2252 2238 2141 2155 2253 2239 0
2141 2155 2253 2239 2142 2156 2254 2240 0
2142 2156 2254 2240 1074 1075 1082 1081 0
774 775 768 767 2143 2157 2255 2241 0
2143 2157 2255 2241 2144 2158 2256 2242 0
2144 2158 2256 2242 2145 2159 2257 2243 0
2145 2159 2257 2243 2146 2160 2258 2244 0
2146 2160 2258 2244 2147 2161 2259 2245 0
2147 2161 2259 2245 2148 2162 2260 2246 0
2148 2162 2260 2246 2149 2163 2261 2247 0
2149 2163 2261 2247 2150 2164 2262 2248 0
2150 2164 2262 2248 2151 2165 2263 2249 0
2151 2165 2263 2249 2152 2166 2264 2250 0
2152 2166 2264 2250 2153 2167 2265 2251 0
2153 2167 2265 2251 2154 2168 2266 2252 0
2154 2168 2266 2252 2155 2169 2267 2253 0
2155 2169 2267 2253 2156 2170 2268 2254 0
2156 2170 2268 2254 1075 1076 1083 1082 0
775 776 769 768 2157 2171 2269 2255 0
2157 2171 2269 2255 2158 2172 2270 2256 0
2158 2172 2270 2256 2159 2173 2271 2257 0
2159 2173 2271 2257 2160 2174 2272 2258 0
2160 2174 2272 2258 2161 2175 2273 2259 0
2161 2175 2273 2259 2162 2176 2274 2260 0
2162 2176 2274 2260 2163 2177 2275 2261 0
2163 2177 2275 2261 2164 2178 2276 2262 0
2164 2178 2276 2262 2165 2179 2277 2263 0
2165 2179 2277 2263 2166 2180 2278 2264 0
2166 2180 2278 2264 2167 2181 2279 2265 0
2167 2181 2279 2265 2168 2182 2280 2266 0
2168 2182 2280 2266 2169 2183 2281 2267 0
2169 2183 2281 2267 2170 2184 2282 2268 0
2170 2184 2282 2268 1076 1077 1084 1083 0
776 777 770 769 2171 2185 2283 2269 0
2171 2185 2283 2269 2172 2186 2284 2270 0
2172 2186 2284 2270 2173 2187 2285 2271 0
2173 2187 2285 2271 2174 2188 2286 2272 0
2174 2188 2286 2272 2175 2189 2287 2273 0
2175 2189 2287 2273 2176 2190 2288 2274 0
2176 2190 2288 2274 2177 2191 2289 2275 0
2177 2191 2289 2275 2178 2192 2290 2276 0
2178 2192 2290 2276 2179 2193 2291 2277 0
2179 2193 2291 2277 2180 2194 2292 2278 0
2180 2194 2292 2278 2181 2195 2293 2279 0
2181 2195 2293 2279 2182 2196 2294 2280 0
2182 2196 2294 2280 2183 2197 2295 2281 0
2183 2197 2295 2281 2184 2198 2296 2282 0
2184 2198 2296 2282 1077 1078 1085 1084 0
777 141 142 770 2185 974 975 2283 0
2185 974 975 2283 2186 981 982 2284 0
2186 981 982 2284 2187 988 989 2285 0
2187 988 989 2285 2188 995 996 2286 0
2188 995 996 2286 2189 1002 1003 2287 0
2189 1002 1003 2287 2190 1009 1010 2288 0
2190 1009 1010 2288 2191 1016 1017 2289 0
2191 1016 1017 2289 2192 1023 1024 2290 0
2192 1023 1024 2290 2193 1030 1031 2291 0
2193 1030 1031 2291 2194 1037 1038 2292 0
2194 1037 1038 2292 2195 1044 1045 2293 0
2195 1044 1045 2293 2196 1051 1052 2294 0
2196 1051 1052 2294 2197 1058 1059 2295 0
2197 1058 1059 2295 2198 1065 1066 2296 0
2198 1065 1066 2296 1078 190 191 1085 0
132 764 757 131 783 2199 2297 782 0
783 2199 2297 782 790 2200 2298 789 0
790 2200 2298 789 797 2201 2299 796 0
797 2201 2299 796 804 2202 2300 803 0
804 2202 2300 803 811 2203 2301 810 0
811 2203 2301 810 818 2204 2302 817 0
818 2204 2302 817 825 2205 2303 824 0
825 2205 2303 824 832 2206 2304 831 0
832 2206 2304 831 839 2207 2305 838 0
839 2207 2305 838 846 2208 2306 845 0
846 2208 2306 845 853 2209 2307 852 0
853 2209 2307 852 860 2210 2308 859 0
860 2210 2308 859 867 2211 2309 866 0
867 2211 2309 866 874 2212 2310 873 0
874 2212 2310 873 167 1079 1086 166 0
764 765 758 757 2199 2213 2311 2297 0
2199 2213 2311 2297 2200 2214 2312 2298 0
2200 2214 2312 2298 2201 2215 2313 2299 0
2201 2215 2313 2299 2202 2216 2314 2300 0
2202 2216 2314 2300 2203 2217 2315 2301 0
2203 2217 2315 2301 2204 2218 2316 2302 0
2204 2218 2316 2302 2205 2219 2317 2303 0
2205 2219 2317 2303 2206 2220 2318 2304 0
2206 2220 2318 2304 2207 2221 2319 2305 0
2207 2221 2319 2305 2208 2222 2320 2306 0
2208 2222 2320 2306 2209 2223 2321 2307 0
2209 2223 2321 2307 2210 2224 2322 2308 0
2210 2224 2322 2308 2211 2225 2323 2309 0
2211 2225 2323 2309 2212 2226 2324 2310 0
2212 2226 2324 2310 1079 1080 1087 1086 0
765 766 759 758 2213 2227 2325 2311 0
2213 2227 2325 2311 2214 2228 2326 2312 0
2214 2228 2326 2312 2215 2229 2327 2313 0
2215 2229 2327 2313 2216 2230 2328 2314 0
2216 2230 2328 2314 2217 2231 2329 2315 0
2217 2231 2329 2315 2218 2232 2330 2316 0
2218 2232 2330 2316 2219 2233 2331 2317 0
2219 2233 2331 2317 2220 2234 2332 2318 0
2220 2234 2332 2318 2221 2235 2333 2319 0
2221 2235 2333 2319 2222 2236 2334 2320 0
2222 2236 2334 2320 2223 2237 2335 2321 0
2223 2237 2335 2321 2224 2238 2336 2322 0
2224 2238 2336 2322 2225 2239 2337 2323 0
2225 2239 2337 2323 2226 2240 2338 2324 0
2226 2240 2338 2324 1080 1081 1088 1087 0
766 767 760 759 2227 2241 2339 2325 0
2227 2241 2339 2325 2228 2242 2340 2326 0
2228 2242 2340 2326 2229 2243 2341 2327 0
2229 2243 2341 2327 2230 2244 2342 2328 0
2230 2244 2342 2328 2231 2245 2343 2329 0
2231 2245 2343 2329 2232 2246 2344 2330 0
2232 2246 2344 2330 2233 2247 2345 2331 0
2233 2247 2345 2331 2234 2248 2346 2332 0
2234 2248 2346 2332 2235 2249 2347 2333 0
2235 2249 2347 2333 2236 2250 2348 2334 0
2236 2250 2348 2334 2237 2251 2349 2335 0
2237 2251 2349 2335 2238 2252 2350 2336 0
2238 2252 2350 2336 2239 2253 2351 2337 0
2239 2253 2351 2337 2240 2254 2352 2338 0
2240 2254 2352 2338 1081 1082 1089 1088 0
767 768 761 760 2241 2255 2353 2339 0
2241 2255 2353 2339 2242 2256 2354 2340 0
2242 2256 2354 2340 2243 2257 2355 2341 0
2243 2257 2355 2341 2244 2258 2356 2342 0
2244 2258 2356 2342 2245 2259 2357 2343 0
2245 2259 2357 2343 2246 2260 2358 2344 0
2246 2260 2358 2344 2247 2261 2359 2345 0
2247 2261 2359 2345 2248 2262 2360 2346 0
2248 2262 2360 2346 2249 2263 2361 2347 0
2249 2263 2361 2347 2250 2264 2362 2348 0
2250 2264 2362 2348 2251 2265 2363 2349 0
2251 2265 2363 2349 2252 2266 2364 2350 0
2252 2266 2364 2350 2253 2267 2365 2351 0
2253 2267 2365 2351 2254 2268 2366 2352 0
2254 2268 2366 2352 1082 1083 1090 1089 0
768 769 762 761 2255 2269 2367 2353 0
2255 2269 2367 2353 2256 2270 2368 2354 0
2256 2270 2368 2354 2257 2271 2369 2355 0
2257 2271 2369 2355 2258 2272 2370 2356 0
2258 2272 2370 2356 2259 2273 2371 2357 0
2259 2273 2371 2357 2260 2274 2372 2358 0
2260 2274 2372 2358 2261 2275 2373 2359 0
2261 2275 2373 2359 2262 2276 2374 2360 0
2262 2276 2374 2360 2263 2277 2375 2361 0
2263 2277 2375 2361 2264 2278 2376 2362 0
2264 2278 2376 2362 2265 2279 2377 2363 0
2265 2279 2377 2363 2266 2280 2378 2364 0
2266 2280 2378 2364 2267 2281 2379 2365 0
2267 2281 2379 2365 2268 2282 2380 2366 0
2268 2282 2380 2366 1083 1084 1091 1090 0
769 770 763 762 2269 2283 2381 2367 0
2269 2283 2381 2367 2270 2284 2382 2368 0
2270 2284 2382 2368 2271 2285 2383 2369 0
2271 2285 2383 2369 2272 2286 2384 2370 0
2272 2286 2384 2370 2273 2287 2385 2371 0
2273 2287 2385 2371 2274 2288 2386 2372 0
2274 2288 2386 2372 2275 2289 2387 2373 0
2275 2289 2387 2373 2276 2290 2388 2374 0
2276 2290 2388 2374 2277 2291 2389 2375 0
2277 2291 2389 2375 2278 2292 2390 2376 0
2278 2292 2390 2376 2279 2293 2391 2377 0
2279 2293 2391 2377 2280 2294 2392 2378 0
2280 2294 2392 2378 2281 2295 2393 2379 0
2281 2295 2393 2379 2282 2296 2394 2380 0
2282 2296 2394 2380 1084 1085 1092 1091 0
770 142 143 763 2283 975 976 2381 0
2283 975 976 2381 2284 982 983 2382 0
2284 982 983 2382 2285 989 990 2383 0
2285 989 990 2383 2286 996 997 2384 0
2286 996 997 2384 2287 1003 1004 2385 0
2287 1003 1004 2385 2288 1010 1011 2386 0
2288 1010 1011 2386 2289 1017 1018 2387 0
2289 1017 1018 2387 2290 1024 1025 2388 0
2290 1024 1025 2388 2291 1031 1032 2389 0
2291 1031 1032 2389 2292 1038 1039 2390 0
2292 1038 1039 2390 2293 1045 1046 2391 0
2293 1045 1046 2391 2294 1052 1053 2392 0
2294 1052 1053 2392 2295 1059 1060 2393 0
2295 1059 1060 2393 2296 1066 1067 2394 0
2296 1066 1067 2394 1085 191 192 1092 0
131 757 750 130 782 2297 2395 781 0
782 2297 2395 781 789 2298 2396 788 0
789 2298 2396 788 796 2299 2397 795 0
796 2299 2397 795 803 2300 2398 802 0
803 2300 2398 802 810 2301 2399 809 0
810 2301 2399 809 817 2302 2400 816 0
817 2302 2400 816 824 2303 2401 823 0
824 2303 2401 823 831 2304 2402 830 0
831 2304 2402 830 838 2305 2403 837 0
838 2305 2403 837 845 2306 2404 844 0
845 2306 2404 844 852 2307 2405 851 0
852 2307 2405 851 859 2308 2406 858 0
859 2308 2406 858 866 2309 2407 865 0
866 2309 2407 865 873 2310 2408 872 0
873 2310 2408 872 166 1086 1093 165 0
757 758 751 750 2297 2311 2409 2395 0
2297 2311 2409 2395 2298 2312 2410 2396 0
2298 2312 2410 2396 2299 2313 2411 2397 0
2299 2313 2411 2397 2300 2314 2412 2398 0
2300 2314 2412 2398 2301 2315 2413 2399 0
2301 2315 2413 2399 2302 2316 2414 2400 0
2302 2316 2414 2400 2303 2317 2415 2401 0
2303 2317 2415 2401 2304 2318 2416 2402 0
2304 2318 2416 2402 2305 2319 2417 2403 0
2305 2319 2417 2403 2306 2320 2418 2404 0
2306 2320 2418 2404 2307 2321 2419 2405 0
2307 2321 2419 2405 2308 2322 2420 2406 0
2308 2322 2420 2406 2309 2323 2421 2407 0
2309 2323 2421 2407 2310 2324 2422 2408 0
2310 2324 2422 2408 1086 1087 1094 1093 0
758 759 752 751 2311 2325 2423 2409 0
2311 2325 2423 2409 2312 2326 2424 2410 0
2312 2326 2424 2410 2313 2327 2425 2411 0
2313 2327 2425 2411 2314 2328 2426 2412 0
2314 2328 2426 2412 2315 2329 2427 2413 0
2315 2329 2427 2413 2316 2330 2428 2414 0
2316 2330 2428 2414 2317 2331 2429 2415 0
2317 2331 2429 2415 2318 2332 2430 2416 0
2318 2332 2430 2416 2319 2333 2431 2417 0
2319 2333 2431 2417 2320 2334 2432 2418 0
2320 2334 2432 2418 2321 2335 2433 2419 0
2321 2335 2433 2419 2322 2336 2434 2420 0
2322 2336 2434 2420 2323 2337 2435 2421 0
2323 2337 2435 2421 2324 2338 2436 2422 0
2324 2338 2436 2422 1087 1088 1095 1094 0
759 760 753 752 2325 2339 2437 2423 0
2325 2339 2437 2423 2326 2340 2438 2424 0
2326 2340 2438 2424 2327 2341 2439 2425 0
2327 2341 2439 2425 2328 2342 2440 2426 0
2328 2342 2440 2426 2329 2343 2441 2427 0
2329 2343 2441 2427 2330 2344 2442 2428 0
2330 2344 2442 2428 2331 2345 2443 2429 0
2331 2345 2443 2429 2332 2346 2444 2430 0
2332 2346 2444 2430 2333 2347 2445 2431 0
2333 2347 2445 2431 2334 2348 2446 2432 0
2334 2348 2446 2432 2335 2349 2447 2433 0
2335 2349 2447 2433 2336 2350 2448 2434 0
2336 2350 2448 2434 2337 2351 2449 2435 0
2337 2351 2449 2435 2338 2352 2450 2436 0
2338 2352 2450 2436 1088 1089 1096 1095 0
760 761 754 753 2339 2353 2451 2437 0
2339 2353 2451 2437 2340 2354 2452 2438 0
2340 2354 2452 2438 2341 2355 2453 2439 0
2341 2355 2453 2439 2342 2356 2454 2440 0
2342 2356 2454 2440 2343 2357 2455 2441 0
2343 2357 2455 2441 2344 2358 2456 2442 0
2344 2358 2456 2442 2345 2359 2457 2443 0
2345 2359 2457 2443 2346 2360 2458 2444 0
2346 2360 2458 2444 2347 2361 2459 2445 0
2347 2361 2459 2445 2348 2362 2460 2446 0
2348 2362 2460 2446 2349 2363 2461 2447 0
2349 2363 2461 2447 2350 2364 2462 2448 0
2350 2364 2462 2448 2351 2365 2463 2449 0
2351 2365 2463 2449 2352 2366 2464 2450 0
2352 2366 2464 2450 1089 1090 1097 1096 0
761 762 755 754 2353 2367 2465 2451 0
2353 2367 2465 2451 2354 2368 2466 2452 0
2354 2368 2466 2452 2355 2369 2467 2453 0
2355 2369 2467 2453 2356 2370 2468 2454 0
2356 2370 2468 2454 2357 2371 2469 2455 0
2357 2371 2469 2455 2358 2372 2470 2456 0
2358 2372 2470 2456 2359 2373 2471 2457 0
2359 2373 2471 2457 2360 2374 2472 2458 0
2360 2374 2472 2458 2361 2375 2473 2459 0
2361 2375 2473 2459 2362 2376 2474 2460 0
2362 2376 2474 2460 2363 2377 2475 2461 0
2363 2377 2475 2461 2364 2378 2476 2462 0
2364 2378 2476 2462 2365 2379 2477 2463 0
2365 2379 2477 2463 2366 2380 2478 2464 0
2366 2380 2478 2464 1090 1091 1098 1097 0
762 763 756 755 2367 2381 2479 2465 0
2367 2381 2479 2465 2368 2382 2480 2466 0
2368 2382 2480 2466 2369 2383 2481 2467 0
2369 2383 2481 2467 2370 2384 2482 2468 0
2370 2384 2482 2468 2371 2385 2483 2469 0
2371 2385 2483 2469 2372 2386 2484 2470 0
2372 2386 2484 2470 2373 2387 2485 2471 0
2373 2387 2485 2471 2374 2388 2486 2472 0
2374 2388 2486 2472 2375 2389 2487 2473 0
2375 2389 2487 2473 2376 2390 2488 2474 0
2376 2390 2488 2474 2377 2391 2489 2475 0
2377 2391 2489 2475 2378 2392 2490 2476 0
2378 2392 2490 2476 2379 2393 2491 2477 0
2379 2393 2491 2477 2380 2394 2492 2478 0
2380 2394 2492 2478 1091 1092 1099 1098 0
763 143 144 756 2381 976 977 2479 0
2381 976 977 2479 2382 983 984 2480 0
2382 983 984 2480 2383 990 991 2481 0
2383 990 991 2481 2384 997 998 2482 0
2384 997 998 2482 2385 1004 1005 2483 0
2385 1004 1005 2483 2386 1011 1012 2484 0
2386 1011 1012 2484 2387 1018 1019 2485 0
2387 1018 1019 2485 2388 1025 1026 2486 0
2388 1025 1026 2486 2389 1032 1033 2487 0
2389 1032 1033 2487 2390 1039 1040 2488 0
2390 1039 1040 2488 2391 1046 1047 2489 0
2391 1046 1047 2489 2392 1053 1054 2490 0
2392 1053 1054 2490 2393 1060 1061 2491 0
2393 1060 1061 2491 2394 1067 1068 2492 0
2394 1067 1068 2492 1092 192 193 1099 0
130 750 743 129 781 2395 2493 780 0
781 2395 2493 780 788 2396 2494 787 0
788 2396 2494 787 795 2397 2495 794 0
795 2397 2495 794 802 2398 2496 801 0
802 2398 2496 801 809 2399 2497 808 0
809 2399 2497 808 816 2400 2498 815 0
816 2400 2498 815 823 2401 2499 822 0
823 2401 2499 822 830 2402 2500 829 0
830 2402 2500 829 837 2403 2501 836 0
837 2403 2501 836 844 2404 2502 843 0
844 2404 2502 843 851 2405 2503 850 0
851 2405 2503 850 858 2406 2504 857 0
858 2406 2504 857 865 2407 2505 864 0
865 2407 2505 864 872 2408 2506 871 0
872 2408 2506 871 165 1093 1100 164 0
750 751 744 743 2395 2409 2507 2493 0
2395 2409 2507 2493 2396 2410 2508 2494 0
2396 2410 2508 2494 2397 2411 2509 2495 0
2397 2411 2509 2495 2398 2412 2510 2496 0
2398 2412 2510 2496 2399 2413 2511 2497 0
2399 2413 2511 2497 2400 2414 2512 2498 0
2400 2414 2512 2498 2401 2415 2513 2499 0
2401 2415 2513 2499 2402 2416 2514 2500 0
2402 2416 2514 2500 2403 2417 2515 2501 0
2403 2417 2515 2501 2404 2418 2516 2502 0
2404 2418 2516 2502 2405 2419 2517 2503 0
2405 2419 2517 2503 2406 2420 2518 2504 0
2406 2420 2518 2504 2407 2421 2519 2505 0
2407 2421 2519 2505 2408 2422 2520 2506 0
2408 2422 2520 2506 1093 1094 1101 1100 0
751 752 745 744 2409 2423 2521 2507 0
2409 2423 2521 2507 2410 2424 2522 2508 0
2410 2424 2522 2508 2411 2425 2523 2509 0
2411 2425 2523 2509 2412 2426 2524 2510 0
2412 2426 2524 2510 2413 2427 2525 2511 0
2413 2427 2525 2511 2414 2428 2526 2512 0
2414 2428 2526 2512 2415 2429 2527 2513 0
2415 2429 2527 2513 2416 2430 2528 2514 0
2416 2430 2528 2514 2417 2431 2529 2515 0
2417 2431 2529 2515 2418 2432 2530 2516 0
2418 2432 2530 2516 2419 2433 2531 2517 0
2419 2433 2531 2517 2420 2434 2532 2518 0
2420 2434 2532 2518 2421 2435 2533 2519 0
2421 2435 2533 2519 2422 2436 2534 2520 0
2422 2436 2534 2520 1094 1095 1102 1101 0
752 753 746 745 2423 2437 2535 2521 0
2423 2437 2535 2521 2424 2438 2536 2522 0
2424 2438 2536 2522 2425 2439 2537 2523 0
2425 2439 2537 2523 2426 2440 2538 2524 0
2426 2440 2538 2524 2427 2441 2539 2525 0
2427 2441 2539 2525 2428 2442 2540 2526 0
2428 2442 2540 2526 2429 2443 2541 2527 0
2429 2443 2541 2527 2430 2444 2542 2528 0
2430 2444 2542 2528 2431 2445 2543 2529 0
2431 2445 2543 2529 2432 2446 2544 2530 0
2432 2446 2544 2530 2433 2447 2545 2531 0
2433 2447 2545 2531 2434 2448 2546 2532 0
2434 2448 2546 2532 2435 2449 2547 2533 0
2435 2449 2547 2533 2436 2450 2548 2534 0
2436 2450 2548 2534 1095 1096 1103 1102 0
753 754 747 746 2437 2451 2549 2535 0
2437 2451 2549 2535 2438 2452 2550 2536 0
2438 2452 2550 2536 2439 2453 2551 2537 0
2439 2453 2551 2537 2440 2454 2552 2538 0
2440 2454 2552 2538 2441 2455 2553 2539 0
2441 2455 2553 2539 2442 2456 2554 2540 0
2442 2456 2554 2540 2443 2457 2555 2541 0
2443 2457 2555 2541 2444 2458 2556 2542 0
2444 2458 2556 2542 2445 2459 2557 2543 0
2445 2459 2557 2543 2446 2460 2558 2544 0
2446 2460 2558 2544 2447 2461 2559 2545 0
2447 2461 2559 2545 2448 2462 2560 2546 0
2448 2462 2560 2546 2449 2463 2561 2547 0
2449 2463 2561 2547 2450 2464 2562 2548 0
2450 2464 2562 2548 1096 1097 1104 1103 0
754 755 748 747 2451 2465 2563 2549 0
2451 2465 2563 2549 2452 2466 2564 2550 0
2452 2466 2564 2550 2453 2467 2565 2551 0
2453 2467 2565 2551 2454 2468 2566 2552 0
2454 2468 2566 2552 2455 2469 2567 2553 0
2455 2469 2567 2553 2456 2470 2568 2554 0
2456 2470 2568 2554 2457 2471 2569 2555 0
2457 2471 2569 2555 2458 2472 2570 2556 0
2458 2472 2570 2556 2459 2473 2571 2557 0
2459 2473 2571 2557 2460 2474 2572 2558 0
2460 2474 2572 2558 2461 2475 2573 2559 0
2461 2475 2573 2559 2462 2476 2574 2560 0
2462 2476 2574 2560 2463 2477 2575 2561 0
2463 2477 2575 2561 2464 2478 2576 2562 0
2464 2478 2576 2562 1097 1098 1105 1104 0
755 756 749 748 2465 2479 2577 2563 0
2465 2479 2577 2563 2466 2480 2578 2564 0
2466 2480 2578 2564 2467 2481 2579 2565 0
2467 2481 2579 2565 2468 2482 2580 2566 0
2468 2482 2580 2566 2469 2483 2581 2567 0
2469 2483 2581 2567 2470 2484 2582 2568 0
2470 2484 2582 2568 2471 2485 2583 2569 0
2471 2485 2583 2569 2472 2486 2584 2570 0
2472 2486 2584 2570 2473 2487 2585 2571 0
2473 2487 2585 2571 2474 2488 2586 2572 0
2474 2488 2586 2572 2475 2489 2587 2573 0
2475 2489 2587 2573 2476 2490 2588 2574 0
2476 2490 2588 2574 2477 2491 2589 2575 0
2477 2491 2589 2575 2478 2492 2590 2576 0
2478 2492 2590 2576 1098 1099 1106 1105 0
756 144 145 749 2479 977 978 2577 0
2479 977 978 2577 2480 984 985 2578 0
2480 984 985 2578 2481 991 992 2579 0
2481 991 992 2579 2482 998 999 2580 0
2482 998 999 2580 2483 1005 1006 2581 0
2483 1005 1006 2581 2484 1012 1013 2582 0
2484 1012 1013 2582 2485 1019 1020 2583 0
2485 1019 1020 2583 2486 1026 1027 2584 0
2486 1026 1027 2584 2487 1033 1034 2585 0
2487 1033 1034 2585 2488 1040 1041 2586 0
2488 1040 1041 2586 2489 1047 1048 2587 0
2489 1047 1048 2587 2490 1054 1055 2588 0
2490 1054 1055 2588 2491 1061 1062 2589 0
2491 1061 1062 2589 2492 1068 1069 2590 0
2492 1068 1069 2590 1099 193 194 1106 0
129 743 736 128 780 2493 2591 779 0
780 2493 2591 779 787 2494 2592 786 0
787 2494 2592 786 794 2495 2593 793 0
794 2495 2593 793 801 2496 2594 800 0
801 2496 2594 800 808 2497 2595 807 0
808 2497 2595 807 815 2498 2596 814 0
815 2498 2596 814 822 2499 2597 821 0
822 2499 2597 821 829 2500 2598 828 0
829 2500 2598 828 836 2501 2599 835 0
836 2501 2599 835 843 2502 2600 842 0
843 2502 2600 842 850 2503 2601 849 0
850 2503 2601 849 857 2504 2602 856 0
857 2504 2602 856 864 2505 2603 863 0
864 2505 2603 863 871 2506 2604 870 0
871 2506 2604 870 164 1100 1107 163 0
743 744 737 736 2493 2507 2605 2591 0
2493 2507 2605 2591 2494 2508 2606 2592 0
2494 2508 2606 2592 2495 2509 2607 2593 0
2495 2509 2607 2593 2496 2510 2608 2594 0
2496 2510 2608 2594 2497 2511 2609 2595 0
2497 2511 2609 2595 2498 2512 2610 2596 0
2498 2512 2610 2596 2499 2513 2611 2597 0
2499 2513 2611 2597 2500 2514 2612 2598 0
2500 2514 2612 2598 2501 2515 2613 2599 0
2501 2515 2613 2599 2502 2516 2614 2600 0
2502 2516 2614 2600 2503 2517 2615 2601 0
2503 2517 2615 2601 2504 2518 2616 2602 0
2504 2518 2616 2602 2505 2519 2617 2603 0
2505 2519 2617 2603 2506 2520 2618 2604 0
2506 2520 2618 2604 1100 1101 1108 1107 0
744 745 738 737 2507 2521 2619 2605 0
2507 2521 2619 2605 2508 2522 2620 2606 0
2508 2522 2620 2606 2509 2523 2621 2607 0
2509 2523 2621 2607 2510 2524 2622 2608 0
2510 2524 2622 2608 2511 2525 2623 2609 0
2511 2525 2623 2609 2512 2526 2624 2610 0
2512 2526 2624 2610 2513 2527 2625 2611 0
2513 2527 2625 2611 2514 2528 2626 2612 0
2514 2528 2626 2612 2515 2529 2627 2613 0
2515 2529 2627 2613 2516 2530 2628 2614 0
2516 2530 2628 2614 2517 2531 2629 2615 0
2517 2531 2629 2615 2518 2532 2630 2616 0
2518 2532 2630 2616 2519 2533 2631 2617 0
2519 2533 2631 2617 2520 2534 2632 2618 0
2520 2534 2632 2618 1101 1102 1109 1108 0
745 746 739 738 2521 2535 2633 2619 0
2521 2535 2633 2619 2522 2536 2634 2620 0
2522 2536 2634 2620 2523 2537 2635 2621 0
2523 2537 2635 2621 2524 2538 2636 2622 0
2524 2538 2636 2622 2525 2539 2637 2623 0
2525 2539 2637 2623 2526 2540 2638 2624 0
2526 2540 2638 2624 2527 2541 2639 2625 0
2527 2541 2639 2625 2528 2542 2640 2626 0
2528 2542 2640 2626 2529 2543 2641 2627 0
2529 2543 2641 2627 2530 2544 2642 2628 0
2530 2544 2642 2628 2531 2545 2643 2629 0
2531 2545 2643 2629 2532 2546 2644 2630 0
2532 2546 2644 2630 2533 2547 2645 2631 0
2533 2547 2645 2631 2534 2548 2646 2632 0
2534 2548 2646 2632 1102 1103 1110 1109 0
746 747 740 739 2535 2549 2647 2633 0
2535 2549 2647 2633 2536 2550 2648 2634 0
2536 2550 2648 2634 2537 2551 2649 2635 0
2537 2551 2649 2635 2538 2552 2650 2636 0
2538 2552 2650 2636 2539 2553 2651 2637 0
2539 2553 2651 2637 2540 2554 2652 2638 0
2540 2554 2652 2638 2541 2555 2653 2639 0
2541 2555 2653 2639 2542 2556 2654 2640 0
2542 2556 2654 2640 2543 2557 2655 2641 0
2543 2557 2655 2641 2544 2558 2656 2642 0
2544 2558 2656 2642 2545 2559 2657 2643 0
2545 2559 2657 2643 2546 2560 2658 2644 0
2546 2560 2658 2644 2547 2561 2659 2645 0
2547 2561 2659 2645 2548 2562 2660 2646 0
2548 2562 2660 2646 1103 1104 1111 1110 0
747 748 741 740 2549 2563 2661 2647 0
2549 2563 2661 2647 2550 2564 2662 2648 0
2550 2564 2662 2648 2551 2565 2663 2649 0
2551 2565 2663 2649 2552 2566 2664 2650 0
2552 2566 2664 2650 2553 2567 2665 2651 0
2553 2567 2665 2651 2554 2568 2666 2652 0
2554 2568 2666 2652 2555 2569 2667 2653 0
2555 2569 2667 2653 2556 2570 2668 2654 0
2556 2570 2668 2654 2557 2571 2669 2655 0
2557 2571 2669 2655 2558 2572 2670 2656 0
2558 2572 2670 2656 2559 2573 2671 2657 0
2559 2573 2671 2657 2560 2574 2672 2658 0
2560 2574 2672 2658 2561 2575 2673 2659 0
2561 2575 2673 2659 2562 2576 2674 2660 0
2562 2576 2674 2660 1104 1105 1112 1111 0
748 749 742 741 2563 2577 2675 2661 0
2563 2577 2675 2661 2564 2578 2676 2662 0
2564 2578 2676 2662 2565 2579 2677 2663 0
2565 2579 2677 2663 2566 2580 2678 2664 0
2566 2580 2678 2664 2567 2581 2679 2665 0
2567 2581 2679 2665 2568 2582 2680 2666 0
2568 2582 2680 2666 2569 2583 2681 2667 0
2569 2583 2681 2667 2570 2584 2682 2668 0
2570 2584 2682 2668 2571 2585 2683 2669 0
2571 2585 2683 2669 2572 2586 2684 2670 0
2572 2586 2684 2670 2573 2587 2685 2671 0
2573 2587 2685 2671 2574 2588 2686 2672 0
2574 2588 2686 2672 2575 2589 2687 2673 0
2575 2589 2687 2673 2576 2590 2688 2674 0
2576 2590 2688 2674 1105 1106 1113 1112 0
749 145 146 742 2577 978 979 2675 0
2577 978 979 2675 2578 985 986 2676 0
2578 985 986 2676 2579 992 993 2677 0
2579 992 993 2677 2580 999 1000 2678 0
2580 999 1000 2678 2581 1006 1007 2679 0
2581 1006 1007 2679 2582 1013 1014 2680 0
2582 1013 1014 2680 2583 1020 1021 2681 0
2583 1020 1021 2681 2584 1027 1028 2682 0
2584 1027 1028 2682 2585 1034 1035 2683 0
2585 1034 1035 2683 2586 1041 1042 2684 0
2586 1041 1042 2684 2587 1048 1049 2685 0
2587 1048 1049 2685 2588 1055 1056 2686 0
2588 1055 1056 2686 2589 1062 1063 2687 0
2589 1062 1063 2687 2590 1069 1070 2688 0
2590 1069 1070 2688 1106 194 195 1113 0
128 736 729 127 779 2591 2689 778 0
779 2591 2689 778 786 2592 2690 785 0
786 2592 2690 785 793 2593 2691 792 0
793 2593 2691 792 800 2594 2692 799 0
800 2594 2692 799 807 2595 2693 806 0
807 2595 2693 806 814 2596 2694 813 0
814 2596 2694 813 821 2597 2695 820 0
821 2597 2695 820 828 2598 2696 827 0
828 2598 2696 827 835 2599 2697 834 0
835 2599 2697 834 842 2600 2698 841 0
842 2600 2698 841 849 2601 2699 848 0
849 2601 2699 848 856 2602 2700 855 0
856 2602 2700 855 863 2603 2701 862 0
863 2603 2701 862 870 2604 2702 869 0
870 2604 2702 869 163 1107 1114 162 0
736 737 730 729 2591 2605 2703 2689 0
2591 2605 2703 2689 2592 2606 2704 2690 0
2592 2606 2704 2690 2593 2607 2705 2691 0
2593 2607 2705 2691 2594 2608 2706 2692 0
2594 2608 2706 2692 2595 2609 2707 2693 0
2595 2609 2707 2693 2596 2610 2708 2694 0
2596 2610 2708 2694 2597 2611 2709 2695 0
2597 2611 2709 2695 2598 2612 2710 2696 0
2598 2612 2710 2696 2599 2613 2711 2697 0
2599 2613 2711 2697 2600 2614 2712 2698 0
2600 2614 2712 2698 2601 2615 2713 2699 0
2601 2615 2713 2699 2602 2616 2714 2700 0
2602 2616 2714 2700 2603 2617 2715 2701 0
2603 2617 2715 2701 2604 2618 2716 2702 0
2604 2618 2716 2702 1107 1108 1115 1114 0
737 738 731 730 2605 2619 2717 2703 0
2605 2619 2717 2703 2606 2620 2718 2704 0
2606 2620 2718 2704 2607 2621 2719 2705 0
2607 2621 2719 2705 2608 2622 2720 2706 0
2608 2622 2720 2706 2609 2623 2721 2707 0
2609 2623 2721 2707 2610 2624 2722 2708 0
2610 2624 2722 2708 2611 2625 2723 2709 0
2611 2625 2723 2709 2612 2626 2724 2710 0
2612 2626 2724 2710 2613 2627 2725 2711 0
2613 2627 2725 2711 2614 2628 2726 2712 0
2614 2628 2726 2712 2615 2629 2727 2713 0
2615 2629 2727 2713 2616 2630 2728 2714 0
2616 2630 2728 2714 2617 2631 2729 2715 0
2617 2631 2729 2715 2618 2632 2730 2716 0
2618 2632 2730 2716 1108 1109 1116 1115 0
738 739 732 731 2619 2633 2731 2717 0
2619 2633 2731 2717 2620 2634 2732 2718 0
2620 2634 2732 2718 2621 2635 2733 2719 0
2621 2635 2733 2719 2622 2636 2734 2720 0
2622 2636 2734 2720 2623 2637 2735 2721 0
2623 2637 2735 2721 2624 2638 2736 2722 0
2624 2638 2736 2722 2625 2639 2737 2723 0
2625 2639 2737 2723 2626 2640 2738 2724 0
2626 2640 2738 2724 2627 2641 2739 2725 0
2627 2641 2739 2725 2628 2642 2740 2726 0
2628 2642 2740 2726 2629 2643 2741 2727 0
2629 2643 2741 2727 2630 2644 2742 2728 0
2630 2644 2742 2728 2631 2645 2743 2729 0
2631 2645 2743 2729 2632 2646 2744 2730 0
2632 2646 2744 2730 1109 1110 1117 1116 0
739 740 733 732 2633 2647 2745 2731 0
2633 2647 2745 2731 2634 2648 2746 2732 0
2634 2648 2746 2732 2635 2649 2747 2733 0
2635 2649 2747 2733 2636 2650 2748 2734 0
2636 2650 2748 2734 2637 2651 2749 2735 0
2637 2651 2749 2735 2638 2652 2750 2736 0
2638 2652 2750 2736 2639 2653 2751 2737 0
2639 2653 2751 2737 2640 2654 2752 2738 0
2640 2654 2752 2738 2641 2655 2753 2739 0
2641 2655 2753 2739 2642 2656 2754 2740 0
2642 2656 2754 2740 2643 2657 2755 2741 0
2643 2657 2755 2741 2644 2658 2756 2742 0
2644 2658 2756 2742 2645 2659 2757 2743 0
2645 2659 2757 2743 2646 2660 2758 2744 0
2646 2660 2758 2744 1110 1111 1118 1117 0
740 741 734 733 2647 2661 2759 2745 0
2647 2661 2759 2745 2648 2662 2760 2746 0
2648 2662 2760 2746 2649 2663 2761 2747 0
2649 2663 2761 2747 2650 2664 2762 2748 0
2650 2664 2762 2748 2651 2665 2763 2749 0
2651 2665 2763 2749 2652 2666 2764 2750 0
2652 2666 2764 2750 2653 2667 2765 2751 0
2653 2667 2765 2751 2654 2668 2766 2752 0
2654 2668 2766 2752 2655 2669 2767 2753 0
2655 2669 2767 2753 2656 2670 2768 2754 0
2656 2670 2768 2754 2657 2671 2769 2755 0
2657 2671 2769 2755 2658 2672 2770 2756 0
2658 2672 2770 2756 2659 2673 2771 2757 0
2659 2673 2771 2757 2660 2674 2772 2758 0
2660 2674 2772 2758 1111 1112 1119 1118 0
741 742 735 734 2661 2675 2773 2759 0
2661 2675 2773 2759 2662 2676 2774 2760 0
2662 2676 2774 2760 2663 2677 2775 2761 0
2663 2677 2775 2761 2664 2678 2776 2762 0
2664 2678 2776 2762 2665 2679 2777 2763 0
2665 2679 2777 2763 2666 2680 2778 2764 0
2666 2680 2778 2764 2667 2681 2779 2765 0
2667 2681 2779 2765 2668 2682 2780 2766 0
2668 2682 2780 2766 2669 2683 2781 2767 0
2669 2683 2781 2767 2670 2684 2782 2768 0
2670 2684 2782 2768 2671 2685 2783 2769 0
2671 2685 2783 2769 2672 2686 2784 2770 0
2672 2686 2784 2770 2673 2687 2785 2771 0
2673 2687 2785 2771 2674 2688 2786 2772 0
2674 2688 2786 2772 1112 1113 1120 1119 0
742 146 147 735 2675 979 980 2773 0
2675 979 980 2773 2676 986 987 2774 0
2676 986 987 2774 2677 993 994 2775 0
2677 993 994 2775 2678 1000 1001 2776 0
2678 1000 1001 2776 2679 1007 1008 2777 0
2679 1007 1008 2777 2680 1014 1015 2778 0
2680 1014 1015 2778 2681 1021 1022 2779 0
2681 1021 1022 2779 2682 1028 1029 2780 0
2682 1028 1029 2780 2683 1035 1036 2781 0
2683 1035 1036 2781 2684 1042 1043 2782 0
2684 1042 1043 2782 2685 1049 1050 2783 0
2685 1049 1050 2783 2686 1056 1057 2784 0
2686 1056 1057 2784 2687 1063 1064 2785 0
2687 1063 1064 2785 2688 1070 1071 2786 0
2688 1070 1071 2786 1113 195 196 1120 0
127 729 134 9 778 2689 882 161 0
778 2689 882 161 785 2690 889 160 0
785 2690 889 160 792 2691 896 159 0
792 2691 896 159 799 2692 903 158 0
799 2692 903 158 806 2693 910 157 0
806 2693 910 157 813 2694 917 156 0
813 2694 917 156 820 2695 924 155 0
820 2695 924 155 827 2696 931 154 0
827 2696 931 154 834 2697 938 153 0
834 2697 938 153 841 2698 945 152 0
841 2698 945 152 848 2699 952 151 0
848 2699 952 151 855 2700 959 150 0
855 2700 959 150 862 2701 966 149 0
862 2701 966 149 869 2702 973 148 0
869 2702 973 148 162 1114 183 11 0
729 730 135 134 2689 2703 881 882 0
2689 2703 881 882 2690 2704 888 889 0
2690 2704 888 889 2691 2705 895 896 0
2691 2705 895 896 2692 2706 902 903 0
2692 2706 902 903 2693 2707 909 910 0
2693 2707 909 910 2694 2708 916 917 0
2694 2708 916 917 2695 2709 923 924 0
2695 2709 923 924 2696 2710 930 931 0
2696 2710 930 931 2697 2711 937 938 0
2697 2711 937 938 2698 2712 944 945 0
2698 2712 944 945 2699 2713 951 952 0
2699 2713 951 952 2700 2714 958 959 0
2700 2714 958 959 2701 2715 965 966 0
2701 2715 965 966 2702 2716 972 973 0
2702 2716 972 973 1114 1115 184 183 0
730 731 136 135 2703 2717 880 881 0
2703 2717 880 881 2704 2718 887 888 0
2704 2718 887 888 2705 2719 894 895 0
2705 2719 894 895 2706 2720 901 902 0
2706 2720 901 902 2707 2721 908 909 0
2707 2721 908 909 2708 2722 915 916 0
2708 2722 915 916 2709 2723 922 923 0
2709 2723 922 923 2710 2724 929 930 0
2710 2724 929 930 2711 2725 936 937 0
2711 2725 936 937 2712 2726 943 944 0
2712 2726 943 944 2713 2727 950 951 0
2713 2727 950 951 2714 2728 957 958 0
2714 2728 957 958 2715 2729 964 965 0
2715 2729 964 965 2716 2730 971 972 0
2716 2730 971 972 1115 1116 185 184 0
731 732 137 136 2717 2731 879 880 0
2717 2731 879 880 2718 2732 886 887 0
2718 2732 886 887 2719 2733 893 894 0
2719 2733 893 894 2720 2734 900 901 0
2720 2734 900 901 2721 2735 907 908 0
2721 2735 907 908 2722 2736 914 915 0
2722 2736 914 915 2723 2737 921 922 0
2723 2737 921 922 2724 2738 928 929 0
2724 2738 928 929 2725 2739 935 936 0
2725 2739 935 936 2726 2740 942 943 0
2726 2740 942 943 2727 2741 949 950 0
2727 2741 949 950 2728 2742 956 957 0
2728 2742 956 957 2729 2743 963 964 0
2729 2743 963 964 2730 2744 970 971 0
2730 2744 970 971 1116 1117 186 185 0
732 733 138 137 2731 2745 878 879 0
2731 2745 878 879 2732 2746 885 886 0
2732 2746 885 886 2733 2747 892 893 0
2733 2747 892 893 2734 2748 899 900 0
2734 2748 899 900 2735 2749 906 907 0
2735 2749 906 907 2736 2750 913 914 0
2736 2750 913 914 2737 2751 920 921 0
2737 2751 920 921 2738 2752 927 928 0
2738 2752 927 928 2739 2753 934 935 0
2739 2753 934 935 2740 2754 941 942 0
2740 2754 941 942 2741 2755 948 949 0
2741 2755 948 949 2742 2756 955 956 0
2742 2756 955 956 2743 2757 962 963 0
2743 2757 962 963 2744 2758 969 970 0
2744 2758 969 970 1117 1118 187 186 0
733 734 139 138 2745 2759 877 878 0
2745 2759 877 878 2746 2760 884 885 0
2746 2760 884 885 2747 2761 891 892 0
2747 2761 891 892 2748 2762 898 899 0
2748 2762 898 899 2749 2763 905 906 0
2749 2763 905 906 2750 2764 912 913 0
2750 2764 912 913 2751 2765 919 920 0
2751 2765 919 920 2752 2766 926 927 0
2752 2766 926 927 2753 2767 933 934 0
2753 2767 933 934 2754 2768 940 941 0
2754 2768 940 941 2755 2769 947 948 0
2755 2769 947 948 2756 2770 954 955 0
2756 2770 954 955 2757 2771 961 962 0
2757 2771 961 962 2758 2772 968 969 0
2758 2772 968 969 1118 1119 188 187 0
734 735 140 139 2759 2773 876 877 0
2759 2773 876 877 2760 2774 883 884 0
2760 2774 883 884 2761 2775 890 891 0
2761 2775 890 891 2762 2776 897 898 0
2762 2776 897 898 2763 2777 904 905 0
2763 2777 904 905 2764 2778 911 912 0
2764 2778 911 912 2765 2779 918 919 0
2765 2779 918 919 2766 2780 925 926 0
2766 2780 925 926 2767 2781 932 933 0
2767 2781 932 933 2768 2782 939 940 0
2768 2782 939 940 2769 2783 946 947 0
2769 2783 946 947 2770 2784 953 954 0
2770 2784 953 954 2771 2785 960 961 0
2771 2785 960 961 2772 2786 967 968 0
2772 2786 967 968 1119 1120 189 188 0
735 147 10 140 2773 980 169 876 0
2773 980 169 876 2774 987 170 883 0
2774 987 170 883 2775 994 171 890 0
2775 994 171 890 2776 1001 172 897 0
2776 1001 172 897 2777 1008 173 904 0
2777 1008 173 904 2778 1015 174 911 0
2778 1015 174 911 2779 1022 175 918 0
2779 1022 175 918 2780 1029 176 925 0
2780 1029 176 925 2781 1036 177 932 0
2781 1036 177 932 2782 1043 178 939 0
2782 1043 178 939 2783 1050 179 946 0
2783 1050 179 946 2784 1057 180 953 0
2784 1057 180 953 2785 1064 181 960 0
2785 1064 181 960 2786 1071 182 967 0
2786 1071 182 967 1120 196 12 189 0
10 147 1163 197 169 980 2787 1176 0
169 980 2787 1176 170 987 2788 1183 0
170 987 2788 1183 171 994 2789 1190 0
171 994 2789 1190 172 1001 2790 1197 0
172 1001 2790 1197 173 1008 2791 1204 0
173 1008 2791 1204 174 1015 2792 1211 0
174 1015 2792 1211 175 1022 2793 1218 0
175 1022 2793 1218 176 1029 2794 1225 0
176 1029 2794 1225 177 1036 2795 1232 0
177 1036 2795 1232 178 1043 2796 1239 0
178 1043 2796 1239 179 1050 2797 1246 0
179 1050 2797 1246 180 1057 2798 1253 0
180 1057 2798 1253 181 1064 2799 1260 0
181 1064 2799 1260 182 1071 2800 1267 0
182 1071 2800 1267 12 196 1372 225 0
147 146 1164 1163 980 979 2801 2787 0
980 979 2801 2787 987 986 2802 2788 0
987 986 2802 2788 994 993 2803 2789 0
994 993 2803 2789 1001 1000 2804 2790 0
1001 1000 2804 2790 1008 1007 2805 2791 0
1008 1007 2805 2791 1015 1014 2806 2792 0
1015 1014 2806 2792 1022 1021 2807 2793 0
1022 1021 2807 2793 1029 1028 2808 2794 0
1029 1028 2808 2794 1036 1035 2809 2795 0
1036 1035 2809 2795 1043 1042 2810 2796 0
1043 1042 2810 2796 1050 1049 2811 2797 0
1050 1049 2811 2797 1057 1056 2812 2798 0
1057 1056 2812 2798 1064 1063 2813 2799 0
1064 1063 2813 2799 1071 1070 2814 2800 0
1071 1070 2814 2800 196 195 1379 1372 0
146 145 1165 1164 979 978 2815 2801 0
979 978 2815 2801 986 985 2816 2802 0
986 985 2816 2802 993 992 2817 2803 0
993 992 2817 2803 1000 999 2818 2804 0
1000 999 2818 2804 1007 1006 2819 2805 0
1007 1006 2819 2805 1014 1013 2820 2806 0
1014 1013 2820 2806 1021 1020 2821 2807 0
1021 1020 2821 2807 1028 1027 2822 2808 0
1028 1027 2822 2808 1035 1034 2823 2809 0
1035 1034 2823 2809 1042 1041 2824 2810 0
1042 1041 2824 2810 1049 1048 2825 2811 0
1049 1048 2825 2811 1056 1055 2826 2812 0
1056 1055 2826 2812 1063 1062 2827 2813 0
1063 1062 2827 2813 1070 1069 2828 2814 0
1070 1069 2828 2814 195 194 1386 1379 0
145 144 1166 1165 978 977 2829 2815 0
978 977 2829 2815 985 984 2830 2816 0
985 984 2830 2816 992 991 2831 2817 0
992 991 2831 2817 999 998 2832 2818 0
999 998 2832 2818 1006 1005 2833 2819 0
1006 1005 2833 2819 1013 1012 2834 2820 0
1013 1012 2834 2820 1020 1019 2835 2821 0
1020 1019 2835 2821 1027 1026 2836 2822 0
1027 1026 2836 2822 1034 1033 2837 2823 0
1034 1033 2837 2823 1041 1040 2838 2824 0
1041 1040 2838 2824 1048 1047 2839 2825 0
1048 1047 2839 2825 1055 1054 2840 2826 0
1055 1054 2840 2826 1062 1061 2841 2827 0
1062 1061 2841 2827 1069 1068 2842 2828 0
1069 1068 2842 2828 194 193 1393 1386 0
144 143 1167 1166 977 976 2843 2829 0
977 976 2843 2829 984 983 2844 2830 0
984 983 2844 2830 991 990 2845 2831 0
991 990 2845 2831 998 997 2846 2832 0
998 997 2846 2832 1005 1004 2847 2833 0
1005 1004 2847 2833 1012 1011 2848 2834 0
1012 1011 2848 2834 1019 1018 2849 2835 0
1019 1018 2849 2835 1026 1025 2850 2836 0
1026 1025 2850 2836 1033 1032 2851 2837 0
1033 1032 2851 2837 1040 1039 2852 2838 0
1040 1039 2852 2838 1047 1046 2853 2839 0
1047 1046 2853 2839 1054 1053 2854 2840 0
1054 1053 2854 2840 1061 1060 2855 2841 0
1061 1060 2855 2841 1068 1067 2856 2842 0
1068 1067 2856 2842 193 192 1400 1393 0
143 142 1168 1167 976 975 2857 2843 0
976 975 2857 2843 983 982 2858 2844 0
983 982 2858 2844 990 989 2859 2845 0
990 989 2859 2845 997 996 2860 2846 0
997 996 2860 2846 1004 1003 2861 2847 0
1004 1003 2861 2847 1011 1010 2862 2848 0
1011 1010 2862 2848 1018 1017 2863 2849 0
1018 1017 2863 2849 1025 1024 2864 2850 0
1025 1024 2864 2850 1032 1031 2865 2851 0
1032 1031 2865 2851 1039 1038 2866 2852 0
1039 1038 2866 2852 1046 1045 2867 2853 0
1046 1045 2867 2853 1053 1052 2868 2854 0
1053 1052 2868 2854 1060 1059 2869 2855 0
1060 1059 2869 2855 1067 1066 2870 2856 0
1067 1066 2870 2856 192 191 1407 1400 0
142 141 1169 1168 975 974 2871 2857 0
975 974 2871 2857 982 981 2872 2858 0
982 981 2872 2858 989 988 2873 2859 0
989 988 2873 2859 996 995 2874 2860 0
996 995 2874 2860 1003 1002 2875 2861 0
1003 1002 2875 2861 1010 1009 2876 2862 0
1010 1009 2876 2862 1017 1016 2877 2863 0
1017 1016 2877 2863 1024 1023 2878 2864 0
1024 1023 2878 2864 1031 1030 2879 2865 0
1031 1030 2879 2865 1038 1037 2880 2866 0
1038 1037 2880 2866 1045 1044 2881 2867 0
1045 1044 2881 2867 1052 1051 2882 2868 0
1052 1051 2882 2868 1059 1058 2883 2869 0
1059 1058 2883 2869 1066 1065 2884 2870 0
1066 1065 2884 2870 191 190 1414 1407 0
141 3 29 1169 974 91 575 2871 0
974 91 575 2871 981 90 568 2872 0
981 90 568 2872 988 89 561 2873 0
988 89 561 2873 995 88 554 2874 0
995 88 554 2874 1002 87 547 2875 0
1002 87 547 2875 1009 86 540 2876 0
1009 86 540 2876 1016 85 533 2877 0
1016 85 533 2877 1023 84 526 2878 0
1023 84 526 2878 1030 83 519 2879 0
1030 83 519 2879 1037 82 512 2880 0
1037 82 512 2880 1044 81 505 2881 0
1044 81 505 2881 1051 80 498 2882 0
1051 80 498 2882 1058 79 491 2883 0
1058 79 491 2883 1065 78 484 2884 0
1065 78 484 2884 190 7 99 1414 0
197 1163 1156 198 1176 2787 2885 1175 0
1176 2787 2885 1175 1183 2788 2886 1182 0
1183 2788 2886 1182 1190 2789 2887 1189 0
1190 2789 2887 1189 1197 2790 2888 1196 0
1197 2790 2888 1196 1204 2791 2889 1203 0
1204 2791 2889 1203 1211 2792 2890 1210 0
1211 2792 2890 1210 1218 2793 2891 1217 0
1218 2793 2891 1217 1225 2794 2892 1224 0
1225 2794 2892 1224 1232 2795 2893 1231 0
1232 2795 2893 1231 1239 2796 2894 1238 0
1239 2796 2894 1238 1246 2797 2895 1245 0
1246 2797 2895 1245 1253 2798 2896 1252 0
1253 2798 2896 1252 1260 2799 2897 1259 0
1260 2799 2897 1259 1267 2800 2898 1266 0
1267 2800 2898 1266 225 1372 1371 226 0
1163 1164 1157 1156 2787 2801 2899 2885 0
2787 2801 2899 2885 2788 2802 2900 2886 0
2788 2802 2900 2886 2789 2803 2901 2887 0
2789 2803 2901 2887 2790 2804 2902 2888 0
2790 2804 2902 2888 2791 2805 2903 2889 0
2791 2805 2903 2889 2792 2806 2904 2890 0
2792 2806 2904 2890 2793 2807 2905 2891 0
2793 2807 2905 2891 2794 2808 2906 2892 0
2794 2808 2906 2892 2795 2809 2907 2893 0
2795 2809 2907 2893 2796 2810 2908 2894 0
2796 2810 2908 2894 2797 2811 2909 2895 0
2797 2811 2909 2895 2798 2812 2910 2896 0
2798 2812 2910 2896 2799 2813 2911 2897 0
2799 2813 2911 2897 2800 2814 2912 2898 0
2800 2814 2912 2898 1372 1379 1378 1371 0
1164 1165 1158 1157 2801 2815 2913 2899 0
2801 2815 2913 2899 2802 2816 2914 2900 0
2802 2816 2914 2900 2803 2817 2915 2901 0
2803 2817 2915 2901 2804 2818 2916 2902 0
2804 2818 2916 2902 2805 2819 2917 2903 0
2805 2819 2917 2903 2806 2820 2918 2904 0
2806 2820 2918 2904 2807 2821 2919 2905 0
2807 2821 2919 2905 2808 2822 2920 2906 0
2808 2822 2920 2906 2809 2823 2921 2907 0
2809 2823 2921 2907 2810 2824 2922 2908 0
2810 2824 2922 2908 2811 2825 2923 2909 0
2811 2825 2923 2909 2812 2826 2924 2910 0
2812 2826 2924 2910 2813 2827 2925 2911 0
2813 2827 2925 2911 2814 2828 2926 2912 0
2814 2828 2926 2912 1379 1386 1385 1378 0
1165 1166 1159 1158 2815 2829 2927 2913 0
2815 2829 2927 2913 2816 2830 2928 2914 0
2816 2830 2928 2914 2817 2831 2929 2915 0
2817 2831 2929 2915 2818 2832 2930 2916 0
2818 2832 2930 2916 2819 2833 2931 2917 0
2819 2833 2931 2917 2820 2834 2932 2918 0
2820 2834 2932 2918 2821 2835 2933 2919 0
2821 2835 2933 2919 2822 2836 2934 2920 0
2822 2836 2934 2920 2823 2837 2935 2921 0
2823 2837 2935 2921 2824 2838 2936 2922 0
2824 2838 2936 2922 2825 2839 2937 2923 0
2825 2839 2937 2923 2826 2840 2938 2924 0
2826 2840 2938 2924 2827 2841 2939 2925 0
2827 2841 2939 2925 2828 2842 2940 2926 0
2828 2842 2940 2926 1386 1393 1392 1385 0
1166 1167 1160 1159 2829 2843 2941 2927 0
2829 2843 2941 2927 2830 2844 2942 2928 0
2830 2844 2942 2928 2831 2845 2943 2929 0
2831 2845 2943 2929 2832 2846 2944 2930 0
2832 2846 2944 2930 2833 2847 2945 2931 0
2833 2847 2945 2931 2834 2848 2946 2932 0
2834 2848 2946 2932 2835 2849 2947 2933 0
2835 2849 2947 2933 2836 2850 2948 2934 0
2836 2850 2948 2934 2837 2851 2949 2935 0
2837 2851 2949 2935 2838 2852 2950 2936 0
2838 2852 2950 2936 2839 2853 2951 2937 0
2839 2853 2951 2937 2840 2854 2952 2938 0
2840 2854 2952 2938 2841 2855 2953 2939 0
2841 2855 2953 2939 2842 2856 2954 2940 0
2842 2856 2954 2940 1393 1400 1399 1392 0
1167 1168 1161 1160 2843 2857 2955 2941 0
2843 2857 2955 2941 2844 2858 2956 2942 0
2844 2858 2956 2942 2845 2859 2957 2943 0
2845 2859 2957 2943 2846 2860 2958 2944 0
2846 2860 2958 2944 2847 2861 2959 2945 0
2847 2861 2959 2945 2848 2862 2960 2946 0
2848 2862 2960 2946 2849 2863 2961 2947 0
2849 2863 2961 2947 2850 2864 2962 2948 0
2850 2864 2962 2948 2851 2865 2963 2949 0
2851 2865 2963 2949 2852 2866 2964 2950 0
2852 2866 2964 2950 2853 2867 2965 2951 0
2853 2867 2965 2951 2854 2868 2966 2952 0
2854 2868 2966 2952 2855 2869 2967 2953 0
2855 2869 2967 2953 2856 2870 2968 2954 0
2856 2870 2968 2954 1400 1407 1406 1399 0
1168 1169 1162 1161 2857 2871 2969 2955 0
2857 2871 2969 2955 2858 2872 2970 2956 0
2858 2872 2970 2956 2859 2873 2971 2957 0
2859 2873 2971 2957 2860 2874 2972 2958 0
2860 2874 2972 2958 2861 2875 2973 2959 0
2861 2875 2973 2959 2862 2876 2974 2960 0
2862 2876 2974 2960 2863 2877 2975 2961 0
2863 2877 2975 2961 2864 2878 2976 2962 0
2864 2878 2976 2962 2865 2879 2977 2963 0
2865 2879 2977 2963 2866 2880 2978 2964 0
2866 2880 2978 2964 2867 2881 2979 2965 0
2867 2881 2979 2965 2868 2882 2980 2966 0
2868 2882 2980 2966 2869 2883 2981 2967 0
2869 2883 2981 2967 2870 2884 2982 2968 0
2870 2884 2982 2968 1407 1414 1413 1406 0
1169 29 30 1162 2871 575 576 2969 0
2871 575 576 2969 2872 568 569 2970 0
2872 568 569 2970 2873 561 562 2971 0
2873 561 562 2971 2874 554 555 2972 0
2874 554 555 2972 2875 547 548 2973 0
2875 547 548 2973 2876 540 541 2974 0
2876 540 541 2974 2877 533 534 2975 0
2877 533 534 2975 2878 526 527 2976 0
2878 526 527 2976 2879 519 520 2977 0
2879 519 520 2977 2880 512 513 2978 0
2880 512 513 2978 2881 505 506 2979 0
2881 505 506 2979 2882 498 499 2980 0
2882 498 499 2980 2883 491 492 2981 0
2883 491 492 2981 2884 484 485 2982 0
2884 484 485 2982 1414 99 100 1413 0
198 1156 1149 199 1175 2885 2983 1174 0
1175 2885 2983 1174 1182 2886 2984 1181 0
1182 2886 2984 1181 1189 2887 2985 1188 0
1189 2887 2985 1188 1196 2888 2986 1195 0
1196 2888 2986 1195 1203 2889 2987 1202 0
1203 2889 2987 1202 1210 2890 2988 1209 0
1210 2890 2988 1209 1217 2891 2989 1216 0
1217 2891 2989 1216 1224 2892 2990 1223 0
1224 2892 2990 1223 1231 2893 2991 1230 0
1231 2893 2991 1230 1238 2894 2992 1237 0
1238 2894 2992 1237 1245 2895 2993 1244 0
1245 2895 2993 1244 1252 2896 2994 1251 0
1252 2896 2994 1251 1259 2897 2995 1258 0
1259 2897 2995 1258 1266 2898 2996 1265 0
1266 2898 2996 1265 226 1371 1370 227 0
1156 1157 1150 1149 2885 2899 2997 2983 0
2885 2899 2997 2983 2886 2900 2998 2984 0
2886 2900 2998 2984 2887 2901 2999 2985 0
2887 2901 2999 2985 2888 2902 3000 2986 0
2888 2902 3000 2986 2889 2903 3001 2987 0
2889 2903 3001 2987 2890 2904 3002 2988 0
2890 2904 3002 2988 2891 2905 3003 2989 0
2891 2905 3003 2989 2892 2906 3004 2990 0
2892 2906 3004 2990 2893 2907 3005 2991 0
2893 2907 3005 2991 2894 2908 3006 2992 0
2894 2908 3006 2992 2895 2909 3007 2993 0
2895 2909 3007 2993 2896 2910 3008 2994 0
2896 2910 3008 2994 2897 2911 3009 2995 0
2897 2911 3009 2995 2898 2912 3010 2996 0
2898 2912 3010 2996 1371 1378 1377 1370 0
1157 1158 1151 1150 2899 2913 3011 2997 0
2899 2913 3011 2997 2900 2914 3012 2998 0
2900 2914 3012 2998 2901 2915 3013 2999 0
2901 2915 3013 2999 2902 2916 3014 3000 0
2902 2916 3014 3000 2903 2917 3015 3001 0
2903 2917 3015 3001 2904 2918 3016 3002 0
2904 2918 3016 3002 2905 2919 3017 3003 0
2905 2919 3017 3003 2906 2920 3018 3004 0
2906 2920 3018 3004 2907 2921 3019 3005 0
2907 2921 3019 3005 2908 2922 3020 3006 0
2908 2922 3020 3006 2909 2923 3021 3007 0
2909 2923 3021 3007 2910 2924 3022 3008 0
2910 2924 3022 3008 2911 2925 3023 3009 0
2911 2925 3023 3009 2912 2926 3024 3010 0
2912 2926 3024 3010 1378 1385 1384 1377 0
1158 1159 1152 1151 2913 2927 3025 3011 0
2913 2927 3025 3011 2914 2928 3026 3012 0
2914 2928 3026 3012 2915 2929 3027 3013 0
2915 2929 3027 3013 2916 2930 3028 3014 0
2916 2930 3028 3014 2917 2931 3029 3015 0
2917 2931 3029 3015 2918 2932 3030 3016 0
2918 2932 3030 3016 2919 2933 3031 3017 0
2919 2933 3031 3017 2920 2934 3032 3018 0
2920 2934 3032 3018 2921 2935 3033 3019 0
2921 2935 3033 3019 2922 2936 3034 3020 0
2922 2936 3034 3020 2923 2937 3035 3021 0
2923 2937 3035 3021 2924 2938 3036 3022 0
2924 2938 3036 3022 2925 2939 3037 3023 0
2925 2939 3037 3023 2926 2940 3038 3024 0
2926 2940 3038 3024 1385 1392 1391 1384 0
1159 1160 1153 1152 2927 2941 3039 3025 0
2927 2941 3039 3025 2928 2942 3040 3026 0
2928 2942 3040 3026 2929 2943 3041 3027 0
2929 2943 3041 3027 2930 2944 3042 3028 0
2930 2944 3042 3028 2931 2945 3043 3029 0
2931 2945 3043 3029 2932 2946 3044 3030 0
2932 2946 3044 3030 2933 2947 3045 3031 0
2933 2947 3045 3031 2934 2948 3046 3032 0
2934 2948 3046 3032 2935 2949 3047 3033 0
2935 2949 3047 3033 2936 2950 3048 3034 0
2936 2950 3048 3034 2937 2951 3049 3035 0
2937 2951 3049 3035 2938 2952 3050 3036 0
2938 2952 3050 3036 2939 2953 3051 3037 0
2939 2953 3051 3037 2940 2954 3052 3038 0
2940 2954 3052 3038 1392 1399 1398 1391 0
1160 1161 1154 1153 2941 2955 3053 3039 0
2941 2955 3053 3039 2942 2956 3054 3040 0
2942 2956 3054 3040 2943 2957 3055 3041 0
2943 2957 3055 3041 2944 2958 3056 3042 0
2944 2958 3056 3042 2945 2959 3057 3043 0
2945 2959 3057 3043 2946 2960 3058 3044 0
2946 2960 3058 3044 2947 2961 3059 3045 0
2947 2961 3059 3045 2948 2962 3060 3046 0
2948 2962 3060 3046 2949 2963 3061 3047 0
2949 2963 3061 3047 2950 2964 3062 3048 0
2950 2964 3062 3048 2951 2965 3063 3049 0
2951 2965 3063 3049 2952 2966 3064 3050 0
2952 2966 3064 3050 2953 2967 3065 3051 0
2953 2967 3065 3051 2954 2968 3066 3052 0
2954 2968 3066 3052 1399 1406 1405 1398 0
1161 1162 1155 1154 2955 2969 3067 3053 0
2955 2969 3067 3053 2956 2970 3068 3054 0
2956 2970 3068 3054 2957 2971 3069 3055 0
2957 2971 3069 3055 2958 2972 3070 3056 0
2958 2972 3070 3056 2959 2973 3071 3057 0
2959 2973 3071 3057 2960 2974 3072 3058 0
2960 2974 3072 3058 2961 2975 3073 3059 0
2961 2975 3073 3059 2962 2976 3074 3060 0
2962 2976 3074 3060 2963 2977 3075 3061 0
2963 2977 3075 3061 2964 2978 3076 3062 0
2964 2978 3076 3062 2965 2979 3077 3063 0
2965 2979 3077 3063 2966 2980 3078 3064 0
2966 2980 3078 3064 2967 2981 3079 3065 0
2967 2981 3079 3065 2968 2982 3080 3066 0
2968 2982 3080 3066 1406 1413 1412 1405 0
1162 30 31 1155 2969 576 577 3067 0
2969 576 577 3067 2970 569 570 3068 0
2970 569 570 3068 2971 562 563 3069 0
2971 562 563 3069 2972 555 556 3070 0
2972 555 556 3070 2973 548 549 3071 0
2973 548 549 3071 2974 541 542 3072 0
2974 541 542 3072 2975 534 535 3073 0
2975 534 535 3073 2976 527 528 3074 0
2976 527 528 3074 2977 520 521 3075 0
2977 520 521 3075 2978 513 514 3076 0
2978 513 514 3076 2979 506 507 3077 0
2979 506 507 3077 2980 499 500 3078 0
2980 499 500 3078 2981 492 493 3079 0
2981 492 493 3079 2982 485 486 3080 0
2982 485 486 3080 1413 100 101 1412 0
199 1149 1142 200 1174 2983 3081 1173 0
1174 2983 3081 1173 1181 2984 3082 1180 0
1181 2984 3082 1180 1188 2985 3083 1187 0
1188 2985 3083 1187 1195 2986 3084 1194 0
1195 2986 3084 1194 1202 2987 3085 1201 0
1202 2987 3085 1201 1209 2988 3086 1208 0
1209 2988 3086 1208 1216 2989 3087 1215 0
1216 2989 3087 1215 1223 2990 3088 1222 0
1223 2990 3088 1222 1230 2991 3089 1229 0
1230 2991 3089 1229 1237 2992 3090 1236 0
1237 2992 3090 1236 1244 2993 3091 1243 0
1244 2993 3091 1243 1251 2994 3092 1250 0
1251 2994 3092 1250 1258 2995 3093 1257 0
1258 2995 3093 1257 1265 2996 3094 1264 0
1265 2996 3094 1264 227 1370 1369 228 0
1149 1150 1143 1142 2983 2997 3095 3081 0
2983 2997 3095 3081 2984 2998 3096 3082 0
2984 2998 3096 3082 2985 2999 3097 3083 0
2985 2999 3097 3083 2986 3000 3098 3084 0
2986 3000 3098 3084 2987 3001 3099 3085 0
2987 3001 3099 3085 2988 3002 3100 3086 0
2988 3002 3100 3086 2989 3003 3101 3087 0
2989 3003 3101 3087 2990 3004 3102 3088 0
2990 3004 3102 3088 2991 3005 3103 3089 0
2991 3005 3103 3089 2992 3006 3104 3090 0
2992 3006 3104 3090 2993 3007 3105 3091 0
2993 3007 3105 3091 2994 3008 3106 3092 0
2994 3008 3106 3092 2995 3009 3107 3093 0
2995 3009 3107 3093 2996 3010 3108 3094 0
2996 3010 3108 3094 1370 1377 1376 1369 0
1150 1151 1144 1143 2997 3011 3109 3095 0
2997 3011 3109 3095 2998 3012 3110 3096 0
2998 3012 3110 3096 2999 3013 3111 3097 0
2999 3013 3111 3097 3000 3014 3112 3098 0
3000 3014 3112 3098 3001 3015 3113 3099 0
3001 3015 3113 3099 3002 3016 3114 3100 0
3002 3016 3114 3100 3003 3017 3115 3101 0
3003 3017 3115 3101 3004 3018 3116 3102 0
3004 3018 3116 3102 3005 3019 3117 3103 0
3005 3019 3117 3103 3006 3020 3118 3104 0
3006 3020 3118 3104 3007 3021 3119 3105 0
3007 3021 3119 3105 3008 3022 3120 3106 0
3008 3022 3120 3106 3009 3023 3121 3107 0
3009 3023 3121 3107 3010 3024 3122 3108 0
3010 3024 3122 3108 1377 1384 1383 1376 0
1151 1152 1145 1144 3011 3025 3123 3109 0
3011 3025 3123 3109 3012 3026 3124 3110 0
3012 3026 3124 3110 3013 3027 3125 3111 0
3013 3027 3125 3111 3014 3028 3126 3112 0
3014 3028 3126 3112 3015 3029 3127 3113 0
3015 3029 3127 3113 3016 3030 3128 3114 0
3016 3030 3128 3114 3017 3031 3129 3115 0
3017 3031 3129 3115 3018 3032 3130 3116 0
3018 3032 3130 3116 3019 3033 3131 3117 0
3019 3033 3131 3117 3020 3034 3132 3118 0
3020 3034 3132 3118 3021 3035 3133 3119 0
3021 3035 3133 3119 3022 3036 3134 3120 0
3022 3036 3134 3120 3023 3037 3135 3121 0
3023 3037 3135 3121 3024 3038 3136 3122 0
3024 3038 3136 3122 1384 1391 1390 1383 0
1152 1153 1146 1145 3025 3039 3137 3123 0
3025 3039 3137 3123 3026 3040 3138 3124 0
3026 3040 3138 3124 3027 3041 3139 3125 0
3027 3041 3139 3125 3028 3042 3140 3126 0
3028 3042 3140 3126 3029 3043 3141 3127 0
3029 3043 3141 3127 3030 3044 3142 3128 0
3030 3044 3142 3128 3031 3045 3143 3129 0
3031 3045 3143 3129 3032 3046 3144 3130 0
3032 3046 3144 3130 3033 3047 3145 3131 0
3033 3047 3145 3131 3034 3048 3146 3132 0
3034 3048 3146 3132 3035 3049 3147 3133 0
3035 3049 3147 3133 3036 3050 3148 3134 0
3036 3050 3148 3134 3037 3051 3149 3135 0
3037 3051 3149 3135 3038 3052 3150 3136 0
3038 3052 3150 3136 1391 1398 1397 1390 0
1153 1154 1147 1146 3039 3053 3151 3137 0
3039 3053 3151 3137 3040 3054 3152 3138 0
3040 3054 3152 3138 3041 3055 3153 3139 0
3041 3055 3153 3139 3042 3056 3154 3140 0
3042 3056 3154 3140 3043 3057 3155 3141 0
3043 3057 3155 3141 3044 3058 3156 3142 0
3044 3058 3156 3142 3045 3059 3157 3143 0
3045 3059 3157 3143 3046 3060 3158 3144 0
3046 3060 3158 3144 3047 3061 3159 3145 0
3047 3061 3159 3145 3048 3062 3160 3146 0
3048 3062 3160 3146 3049 3063 3161 3147 0
3049 3063 3161 3147 3050 3064 3162 3148 0
3050 3064 3162 3148 3051 3065 3163 3149 0
3051 3065 3163 3149 3052 3066 3164 3150 0
3052 3066 3164 3150 1398 1405 1404 1397 0
1154 1155 1148 1147 3053 3067 3165 3151 0
3053 3067 3165 3151 3054 3068 3166 3152 0
3054 3068 3166 3152 3055 3069 3167 3153 0
3055 3069 3167 3153 3056 3070 3168 3154 0
3056 3070 3168 3154 3057 3071 3169 3155 0
3057 3071 3169 3155 3058 3072 3170 3156 0
3058 3072 3170 3156 3059 3073 3171 3157 0
3059 3073 3171 3157 3060 3074 3172 3158 0
3060 3074 3172 3158 3061 3075 3173 3159 0
3061 3075 3173 3159 3062 3076 3174 3160 0
3062 3076 3174 3160 3063 3077 3175 3161 0
3063 3077 3175 3161 3064 3078 3176 3162 0
3064 3078 3176 3162 3065 3079 3177 3163 0
3065 3079 3177 3163 3066 3080 3178 3164 0
3066 3080 3178 3164 1405 1412 1411 1404 0
1155 31 32 1148 3067 577 578 3165 0
3067 577 578 3165 3068 570 571 3166 0
3068 570 571 3166 3069 563 564 3167 0
3069 563 564 3167 3070 556 557 3168 0
3070 556 557 3168 3071 549 550 3169 0
3071 549 550 3169 3072 542 543 3170 0
3072 542 543 3170 3073 535 536 3171 0
3073 535 536 3171 3074 528 529 3172 0
3074 528 529 3172 3075 521 522 3173 0
3075 521 522 3173 3076 514 515 3174 0
3076 514 515 3174 3077 507 508 3175 0
3077 507 508 3175 3078 500 501 3176 0
3078 500 501 3176 3079 493 494 3177 0
3079 493 494 3177 3080 486 487 3178 0
3080 486 487 3178 1412 101 102 1411 0
200 1142 1135 201 1173 3081 3179 1172 0
1173 3081 3179 1172 1180 3082 3180 1179 0
1180 3082 3180 1179 1187 3083 3181 1186 0
1187 3083 3181 1186 1194 3084 3182 1193 0
1194 3084 3182 1193 1201 3085 3183 1200 0
1201 3085 3183 1200 1208 3086 3184 1207 0
1208 3086 3184 1207 1215 3087 3185 1214 0
1215 3087 3185 1214 1222 3088 3186 1221 0
1222 3088 3186 1221 1229 3089 3187 1228 0
1229 3089 3187 1228 1236 3090 3188 1235 0
1236 3090 3188 1235 1243 3091 3189 1242 0
1243 3091 3189 1242 1250 3092 3190 1249 0
1250 3092 3190 1249 1257 3093 3191 1256 0
1257 3093 3191 1256 1264 3094 3192 1263 0
1264 3094 3192 1263 228 1369 1368 229 0
1142 1143 1136 1135 3081 3095 3193 3179 0
3081 3095 3193 3179 3082 3096 3194 3180 0
3082 3096 3194 3180 3083 3097 3195 3181 0
3083 3097 3195 3181 3084 3098 3196 3182 0
3084 3098 3196 3182 3085 3099 3197 3183 0
3085 3099 3197 3183 3086 3100 3198 3184 0
3086 3100 3198 3184 3087 3101 3199 3185 0
3087 3101 3199 3185 3088 3102 3200 3186 0
3088 3102 3200 3186 3089 3103 3201 3187 0
3089 3103 3201 3187 3090 3104 3202 3188 0
3090 3104 3202 3188 3091 3105 3203 3189 0
3091 3105 3203 3189 3092 3106 3204 3190 0
3092 3106 3204 3190 3093 3107 3205 3191 0
3093 3107 3205 3191 3094 3108 3206 3192 0
3094 3108 3206 3192 1369 1376 1375 1368 0
1143 1144 1137 1136 3095 3109 3207 3193 0
3095 3109 3207 3193 3096 3110 3208 3194 0
3096 3110 3208 3194 3097 3111 3209 3195 0
3097 3111 3209 3195 3098 3112 3210 3196 0
3098 3112 3210 3196 3099 3113 3211 3197 0
3099 3113 3211 3197 3100 3114 3212 3198 0
3100 3114 3212 3198 3101 3115 3213 3199 0
3101 3115 3213 3199 3102 3116 3214 3200 0
3102 3116 3214 3200 3103 3117 3215 3201 0
3103 3117 3215 3201 3104 3118 3216 3202 0
3104 3118 3216 3202 3105 3119 3217 3203 0
3105 3119 3217 3203 3106 3120 3218 3204 0
3106 3120 3218 3204 3107 3121 3219 3205 0
3107 3121 3219 3205 3108 3122 3220 3206 0
3108 3122 3220 3206 1376 1383 1382 1375 0
1144 1145 1138 1137 3109 3123 3221 3207 0
3109 3123 3221 3207 3110 3124 3222 3208 0
3110 3124 3222 3208 3111 3125 3223 3209 0
3111 3125 3223 3209 3112 3126 3224 3210 0
3112 3126 3224 3210 3113 3127 3225 3211 0
3113 3127 3225 3211 3114 3128 3226 3212 0
3114 3128 3226 3212 3115 3129 3227 3213 0
3115 3129 3227 3213 3116 3130 3228 3214 0
3116 3130 3228 3214 3117 3131 3229 3215 0
3117 3131 3229 3215 3118 3132 3230 3216 0
3118 3132 3230 3216 3119 3133 3231 3217 0
3119 3133 3231 3217 3120 3134 3232 3218 0
3120 3134 3232 3218 3121 3135 3233 3219 0
3121 3135 3233 3219 3122 3136 3234 3220 0
3122 3136 3234 3220 1383 1390 1389 1382 0
1145 1146 1139 1138 3123 3137 3235 3221 0
3123 3137 3235 3221 3124 3138 3236 3222 0
3124 3138 3236 3222 3125 3139 3237 3223 0
3125 3139 3237 3223 3126 3140 3238 3224 0
3126 3140 3238 3224 3127 3141 3239 3225 0
3127 3141 3239 3225 3128 3142 3240 3226 0
3128 3142 3240 3226 3129 3143 3241 3227 0
3129 3143 3241 3227 3130 3144 3242 3228 0
3130 3144 3242 3228 3131 3145 3243 3229 0
3131 3145 3243 3229 3132 3146 3244 3230 0
3132 3146 3244 3230 3133 3147 3245 3231 0
3133 3147 3245 3231 3134 3148 3246 3232 0
3134 3148 3246 3232 3135 3149 3247 3233 0
3135 3149 3247 3233 3136 3150 3248 3234 0
3136 3150 3248 3234 1390 1397 1396 1389 0
1146 1147 1140 1139 3137 3151 3249 3235 0
3137 3151 3249 3235 3138 3152 3250 3236 0
3138 3152 3250 3236 3139 3153 3251 3237 0
3139 3153 3251 3237 3140 3154 3252 3238 0
3140 3154 3252 3238 3141 3155 3253 3239 0
3141 3155 3253 3239 3142 3156 3254 3240 0
3142 3156 3254 3240 3143 3157 3255 3241 0
3143 3157 3255 3241 3144 3158 3256 3242 0
3144 3158 3256 3242 3145 3159 3257 3243 0
3145 3159 3257 3243 3146 3160 3258 3244 0
3146 3160 3258 3244 3147 3161 3259 3245 0
3147 3161 3259 3245 3148 3162 3260 3246 0
3148 3162 3260 3246 3149 3163 3261 3247 0
3149 3163 3261 3247 3150 3164 3262 3248 0
3150 3164 3262 3248 1397 1404 1403 1396 0
1147 1148 1141 1140 3151 3165 3263 3249 0
3151 3165 3263 3249 3152 3166 3264 3250 0
3152 3166 3264 3250 3153 3167 3265 3251 0
3153 3167 3265 3251 3154 3168 3266 3252 0
3154 3168 3266 3252 3155 3169 3267 3253 0
3155 3169 3267 3253 3156 3170 3268 3254 0
3156 3170 3268 3254 3157 3171 3269 3255 0
3157 3171 3269 3255 3158 3172 3270 3256 0
3158 3172 3270 3256 3159 3173 3271 3257 0
3159 3173 3271 3257 3160 3174 3272 3258 0
3160 3174 3272 3258 3161 3175 3273 3259 0
3161 3175 3273 3259 3162 3176 3274 3260 0
3162 3176 3274 3260 3163 3177 3275 3261 0
3163 3177 3275 3261 3164 3178 3276 3262 0
3164 3178 3276 3262 1404 1411 1410 1403 0
1148 32 33 1141 3165 578 579 3263 0
3165 578 579 3263 3166 571 572 3264 0
3166 571 572 3264 3167 564 565 3265 0
3167 564 565 3265 3168 557 558 3266 0
3168 557 558 3266 3169 550 551 3267 0
3169 550 551 3267 3170 543 544 3268 0
3170 543 544 3268 3171 536 537 3269 0
3171 536 537 3269 3172 529 530 3270 0
3172 529 530 3270 3173 522 523 3271 0
3173 522 523 3271 3174 515 516 3272 0
3174 515 516 3272 3175 508 509 3273 0
3175 508 509 3273 3176 501 502 3274 0
3176 501 502 3274 3177 494 495 3275 0
3177 494 495 3275 3178 487 488 3276 0
3178 487 488 3276 1411 102 103 1410 0
201 1135 1128 202 1172 3179 3277 1171 0
1172 3179 3277 1171 1179 3180 3278 1178 0
1179 3180 3278 1178 1186 3181 3279 1185 0
1186 3181 3279 1185 1193 3182 3280 1192 0
1193 3182 3280 1192 1200 3183 3281 1199 0
1200 3183 3281 1199 1207 3184 3282 1206 0
1207 3184 3282 1206 1214 3185 3283 1213 0
1214 3185 3283 1213 1221 3186 3284 1220 0
1221 3186 3284 1220 1228 3187 3285 1227 0
1228 3187 3285 1227 1235 3188 3286 1234 0
1235 3188 3286 1234 1242 3189 3287 1241 0
1242 3189 3287 1241 1249 3190 3288 1248 0
1249 3190 3288 1248 1256 3191 3289 1255 0
1256 3191 3289 1255 1263 3192 3290 1262 0
1263 3192 3290 1262 229 1368 1367 230 0
1135 1136 1129 1128 3179 3193 3291 3277 0
3179 3193 3291 3277 3180 3194 3292 3278 0
3180 3194 3292 3278 3181 3195 3293 3279 0
3181 3195 3293 3279 3182 3196 3294 3280 0
3182 3196 3294 3280 3183 3197 3295 3281 0
3183 3197 3295 3281 3184 3198 3296 3282 0
3184 3198 3296 3282 3185 3199 3297 3283 0
3185 3199 3297 3283 3186 3200 3298 3284 0
3186 3200 3298 3284 3187 3201 3299 3285 0
3187 3201 3299 3285 3188 3202 3300 3286 0
3188 3202 3300 3286 3189 3203 3301 3287 0
3189 3203 3301 3287 3190 3204 3302 3288 0
3190 3204 3302 3288 3191 3205 3303 3289 0
3191 3205 3303 3289 3192 3206 3304 3290 0
3192 3206 3304 3290 1368 1375 1374 1367 0
1136 1137 1130 1129 3193 3207 3305 3291 0
3193 3207 3305 3291 3194 3208 3306 3292 0
3194 3208 3306 3292 3195 3209 3307 3293 0
3195 3209 3307 3293 3196 3210 3308 3294 0
3196 3210 3308 3294 3197 3211 3309 3295 0
3197 3211 3309 3295 3198 3212 3310 3296 0
3198 3212 3310 3296 3199 3213 3311 3297 0
3199 3213 3311 3297 3200 3214 3312 3298 0
3200 3214 3312 3298 3201 3215 3313 3299 0
3201 3215 3313 3299 3202 3216 3314 3300 0
3202 3216 3314 3300 3203 3217 3315 3301 0
3203 3217 3315 3301 3204 3218 3316 3302 0
3204 3218 3316 3302 3205 3219 3317 3303 0
3205 3219 3317 3303 3206 3220 3318 3304 0
3206 3220 3318 3304 1375 1382 1381 1374 0
1137 1138 1131 1130 3207 3221 3319 3305 0
3207 3221 3319 3305 3208 3222 3320 3306 0
3208 3222 3320 3306 3209 3223 3321 3307 0
3209 3223 3321 3307 3210 3224 3322 3308 0
3210 3224 3322 3308 3211 3225 3323 3309 0
3211 3225 3323 3309 3212 3226 3324 3310 0
3212 3226 3324 3310 3213 3227 3325 3311 0
3213 3227 3325 3311 3214 3228 3326 3312 0
3214 3228 3326 3312 3215 3229 3327 3313 0
3215 3229 3327 3313 3216 3230 3328 3314 0
3216 3230 3328 3314 3217 3231 3329 3315 0
3217 3231 3329 3315 3218 3232 3330 3316 0
3218 3232 3330 3316 3219 3233 3331 3317 0
3219 3233 3331 3317 3220 3234 3332 3318 0
3220 3234 3332 3318 1382 1389 1388 1381 0
1138 1139 1132 1131 3221 3235 3333 3319 0
3221 3235 3333 3319 3222 3236 3334 3320 0
3222 3236 3334 3320 3223 3237 3335 3321 0
3223 3237 3335 3321 3224 3238 3336 3322 0
3224 3238 3336 3322 3225 3239 3337 3323 0
3225 3239 3337 3323 3226 3240 3338 3324 0
3226 3240 3338 3324 3227 3241 3339 3325 0
3227 3241 3339 3325 3228 3242 3340 3326 0
3228 3242 3340 3326 3229 3243 3341 3327 0
3229 3243 3341 3327 3230 3244 3342 3328 0
3230 3244 3342 3328 3231 3245 3343 3329 0
3231 3245 3343 3329 3232 3246 3344 3330 0
3232 3246 3344 3330 3233 3247 3345 3331 0
3233 3247 3345 3331 3234 3248 3346 3332 0
3234 3248 3346 3332 1389 1396 1395 1388 0
1139 1140 1133 1132 3235 3249 3347 3333 0
3235 3249 3347 3333 3236 3250 3348 3334 0
3236 3250 3348 3334 3237 3251 3349 3335 0
3237 3251 3349 3335 3238 3252 3350 3336 0
3238 3252 3350 3336 3239 3253 3351 3337 0
3239 3253 3351 3337 3240 3254 3352 3338 0
3240 3254 3352 3338 3241 3255 3353 3339 0
3241 3255 3353 3339 3242 3256 3354 3340 0
3242 3256 3354 3340 3243 3257 3355 3341 0
3243 3257 3355 3341 3244 3258 3356 3342 0
3244 3258 3356 3342 3245 3259 3357 3343 0
3245 3259 3357 3343 3246 3260 3358 3344 0
3246 3260 3358 3344 3247 3261 3359 3345 0
3247 3261 3359 3345 3248 3262 3360 3346 0
3248 3262 3360 3346 1396 1403 1402 1395 0
1140 1141 1134 1133 3249 3263 3361 3347 0
3249 3263 3361 3347 3250 3264 3362 3348 0
3250 3264 3362 3348 3251 3265 3363 3349 0
3251 3265 3363 3349 3252 3266 3364 3350 0
3252 3266 3364 3350 3253 3267 3365 3351 0
3253 3267 3365 3351 3254 3268 3366 3352 0
3254 3268 3366 3352 3255 3269 3367 3353 0
3255 3269 3367 3353 3256 3270 3368 3354 0
3256 3270 3368 3354 3257 3271 3369 3355 0
3257 3271 3369 3355 3258 3272 3370 3356 0
3258 3272 3370 3356 3259 3273 3371 3357 0
3259 3273 3371 3357 3260 3274 3372 3358 0
3260 3274 3372 3358 3261 3275 3373 3359 0
3261 3275 3373 3359 3262 3276 3374 3360 0
3262 3276 3374 3360 1403 1410 1409 1402 0
1141 33 34 1134 3263 579 580 3361 0
3263 579 580 3361 3264 572 573 3362 0
3264 572 573 3362 3265 565 566 3363 0
3265 565 566 3363 3266 558 559 3364 0
3266 558 559 3364 3267 551 552 3365 0
3267 551 552 3365 3268 544 545 3366 0
3268 544 545 3366 3269 537 538 3367 0
3269 537 538 3367 3270 530 531 3368 0
3270 530 531 3368 3271 523 524 3369 0
3271 523 524 3369 3272 516 517 3370 0
3272 516 517 3370 3273 509 510 3371 0
3273 509 510 3371 3274 502 503 3372 0
3274 502 503 3372 3275 495 496 3373 0
3275 495 496 3373 3276 488 489 3374 0
3276 488 489 3374 1410 103 104 1409 0
202 1128 1121 203 1171 3277 3375 1170 0
1171 3277 3375 1170 1178 3278 3376 1177 0
1178 3278 3376 1177 1185 3279 3377 1184 0
1185 3279 3377 1184 1192 3280 3378 1191 0
1192 3280 3378 1191 1199 3281 3379 1198 0
1199 3281 3379 1198 1206 3282 3380 1205 0
1206 3282 3380 1205 1213 3283 3381 1212 0
1213 3283 3381 1212 1220 3284 3382 1219 0
1220 3284 3382 1219 1227 3285 3383 1226 0
1227 3285 3383 1226 1234 3286 3384 1233 0
1234 3286 3384 1233 1241 3287 3385 1240 0
1241 3287 3385 1240 1248 3288 3386 1247 0
1248 3288 3386 1247 1255 3289 3387 1254 0
1255 3289 3387 1254 1262 3290 3388 1261 0
1262 3290 3388 1261 230 1367 1366 231 0
1128 1129 1122 1121 3277 3291 3389 3375 0
3277 3291 3389 3375 3278 3292 3390 3376 0
3278 3292 3390 3376 3279 3293 3391 3377 0
3279 3293 3391 3377 3280 3294 3392 3378 0
3280 3294 3392 3378 3281 3295 3393 3379 0
3281 3295 3393 3379 3282 3296 3394 3380 0
3282 3296 3394 3380 3283 3297 3395 3381 0
3283 3297 3395 3381 3284 3298 3396 3382 0
3284 3298 3396 3382 3285 3299 3397 3383 0
3285 3299 3397 3383 3286 3300 3398 3384 0
3286 3300 3398 3384 3287 3301 3399 3385 0
3287 3301 3399 3385 3288 3302 3400 3386 0
3288 3302 3400 3386 3289 3303 3401 3387 0
3289 3303 3401 3387 3290 3304 3402 3388 0
3290 3304 3402 3388 1367 1374 1373 1366 0
1129 1130 1123 1122 3291 3305 3403 3389 0
3291 3305 3403 3389 3292 3306 3404 3390 0
3292 3306 3404 3390 3293 3307 3405 3391 0
3293 3307 3405 3391 3294 3308 3406 3392 0
3294 3308 3406 3392 3295 3309 3407 3393 0
3295 3309 3407 3393 3296 3310 3408 3394 0
3296 3310 3408 3394 3297 3311 3409 3395 0
3297 3311 3409 3395 3298 3312 3410 3396 0
3298 3312 3410 3396 3299 3313 3411 3397 0
3299 3313 3411 3397 3300 3314 3412 3398 0
3300 3314 3412 3398 3301 3315 3413 3399 0
3301 3315 3413 3399 3302 3316 3414 3400 0
3302 3316 3414 3400 3303 3317 3415 3401 0
3303 3317 3415 3401 3304 3318 3416 3402 0
3304 3318 3416 3402 1374 1381 1380 1373 0
1130 1131 1124 1123 3305 3319 3417 3403 0
3305 3319 3417 3403 3306 3320 3418 3404 0
3306 3320 3418 3404 3307 3321 3419 3405 0
3307 3321 3419 3405 3308 3322 3420 3406 0
3308 3322 3420 3406 3309 3323 3421 3407 0
3309 3323 3421 3407 3310 3324 3422 3408 0
3310 3324 3422 3408 3311 3325 3423 3409 0
3311 3325 3423 3409 3312 3326 3424 3410 0
3312 3326 3424 3410 3313 3327 3425 3411 0
3313 3327 3425 3411 3314 3328 3426 3412 0
3314 3328 3426 3412 3315 3329 3427 3413 0
3315 3329 3427 3413 3316 3330 3428 3414 0
3316 3330 3428 3414 3317 3331 3429 3415 0
3317 3331 3429 3415 3318 3332 3430 3416 0
3318 3332 3430 3416 1381 1388 1387 1380 0
1131 1132 1125 1124 3319 3333 3431 3417 0
3319 3333 3431 3417 3320 3334 3432 3418 0
3320 3334 3432 3418 3321 3335 3433 3419 0
3321 3335 3433 3419 3322 3336 3434 3420 0
3322 3336 3434 3420 3323 3337 3435 3421 0
3323 3337 3435 3421 3324 3338 3436 3422 0
3324 3338 3436 3422 3325 3339 3437 3423 0
3325 3339 3437 3423 3326 3340 3438 3424 0
3326 3340 3438 3424 3327 3341 3439 3425 0
3327 3341 3439 3425 3328 3342 3440 3426 0
3328 3342 3440 3426 3329 3343 3441 3427 0
3329 3343 3441 3427 3330 3344 3442 3428 0
3330 3344 3442 3428 3331 3345 3443 3429 0
3331 3345 3443 3429 3332 3346 3444 3430 0
3332 3346 3444 3430 1388 1395 1394 1387 0
1132 1133 1126 1125 3333 3347 3445 3431 0
3333 3347 3445 3431 3334 3348 3446 3432 0
3334 3348 3446 3432 3335 3349 3447 3433 0
3335 3349 3447 3433 3336 3350 3448 3434 0
3336 3350 3448 3434 3337 3351 3449 3435 0
3337 3351 3449 3435 3338 3352 3450 3436 0
3338 3352 3450 3436 3339 3353 3451 3437 0
3339 3353 3451 3437 3340 3354 3452 3438 0
3340 3354 3452 3438 3341 3355 3453 3439 0
3341 3355 3453 3439 3342 3356 3454 3440 0
3342 3356 3454 3440 3343 3357 3455 3441 0
3343 3357 3455 3441 3344 3358 3456 3442 0
3344 3358 3456 3442 3345 3359 3457 3443 0
3345 3359 3457 3443 3346 3360 3458 3444 0
3346 3360 3458 3444 1395 1402 1401 1394 0
1133 1134 1127 1126 3347 3361 3459 3445 0
3347 3361 3459 3445 3348 3362 3460 3446 0
3348 3362 3460 3446 3349 3363 3461 3447 0
3349 3363 3461 3447 3350 3364 3462 3448 0
3350 3364 3462 3448 3351 3365 3463 3449 0
3351 3365 3463 3449 3352 3366 3464 3450 0
3352 3366 3464 3450 3353 3367 3465 3451 0
3353 3367 3465 3451 3354 3368 3466 3452 0
3354 3368 3466 3452 3355 3369 3467 3453 0
3355 3369 3467 3453 3356 3370 3468 3454 0
3356 3370 3468 3454 3357 3371 3469 3455 0
3357 3371 3469 3455 3358 3372 3470 3456 0
3358 3372 3470 3456 3359 3373 3471 3457 0
3359 3373 3471 3457 3360 3374 3472 3458 0
3360 3374 3472 3458 1402 1409 1408 1401 0
1134 34 35 1127 3361 580 581 3459 0
3361 580 581 3459 3362 573 574 3460 0
3362 573 574 3460 3363 566 567 3461 0
3363 566 567 3461 3364 559 560 3462 0
3364 559 560 3462 3365 552 553 3463 0
3365 552 553 3463 3366 545 546 3464 0
3366 545 546 3464 3367 538 539 3465 0
3367 538 539 3465 3368 531 532 3466 0
3368 531 532 3466 3369 524 525 3467 0
3369 524 525 3467 3370 517 518 3468 0
3370 517 518 3468 3371 510 511 3469 0
3371 510 511 3469 3372 503 504 3470 0
3372 503 504 3470 3373 496 497 3471 0
3373 496 497 3471 3374 489 490 3472 0
3374 489 490 3472 1409 104 105 1408 0
203 1121 210 13 1170 3375 1274 224 0
1170 3375 1274 224 1177 3376 1281 223 0
1177 3376 1281 223 1184 3377 1288 222 0
1184 3377 1288 222 1191 3378 1295 221 0
1191 3378 1295 221 1198 3379 1302 220 0
1198 3379 1302 220 1205 3380 1309 219 0
1205 3380 1309 219 1212 3381 1316 218 0
1212 3381 1316 218 1219 3382 1323 217 0
1219 3382 1323 217 1226 3383 1330 216 0
1226 3383 1330 216 1233 3384 1337 215 0
1233 3384 1337 215 1240 3385 1344 214 0
1240 3385 1344 214 1247 3386 1351 213 0
1247 3386 1351 213 1254 3387 1358 212 0
1254 3387 1358 212 1261 3388 1365 211 0
1261 3388 1365 211 231 1366 238 14 0
1121 1122 209 210 3375 3389 1273 1274 0
3375 3389 1273 1274 3376 3390 1280 1281 0
3376 3390 1280 1281 3377 3391 1287 1288 0
3377 3391 1287 1288 3378 3392 1294 1295 0
3378 3392 1294 1295 3379 3393 1301 1302 0
3379 3393 1301 1302 3380 3394 1308 1309 0
3380 3394 1308 1309 3381 3395 1315 1316 0
3381 3395 1315 1316 3382 3396 1322 1323 0
3382 3396 1322 1323 3383 3397 1329 1330 0
3383 3397 1329 1330 3384 3398 1336 1337 0
3384 3398 1336 1337 3385 3399 1343 1344 0
3385 3399 1343 1344 3386 3400 1350 1351 0
3386 3400 1350 1351 3387 3401 1357 1358 0
3387 3401 1357 1358 3388 3402 1364 1365 0
3388 3402 1364 1365 1366 1373 237 238 0
1122 1123 208 209 3389 3403 1272 1273 0
3389 3403 1272 1273 3390 3404 1279 1280 0
3390 3404 1279 1280 3391 3405 1286 1287 0
3391 3405 1286 1287 3392 3406 1293 1294 0
3392 3406 1293 1294 3393 3407 1300 1301 0
3393 3407 1300 1301 3394 3408 1307 1308 0
3394 3408 1307 1308 3395 3409 1314 1315 0
3395 3409 1314 1315 3396 3410 1321 1322 0
3396 3410 1321 1322 3397 3411 1328 1329 0
3397 3411 1328 1329 3398 3412 1335 1336 0
3398 3412 1335 1336 3399 3413 1342 1343 0
3399 3413 1342 1343 3400 3414 1349 1350 0
3400 3414 1349 1350 3401 3415 1356 1357 0
3401 3415 1356 1357 3402 3416 1363 1364 0
3402 3416 1363 1364 1373 1380 236 237 0
1123 1124 207 208 3403 3417 1271 1272 0
3403 3417 1271 1272 3404 3418 1278 1279 0
3404 3418 1278 1279 3405 3419 1285 1286 0
3405 3419 1285 1286 3406 3420 1292 1293 0
3406 3420 1292 1293 3407 3421 1299 1300 0
3407 3421 1299 1300 3408 3422 1306 1307 0
3408 3422 1306 1307 3409 3423 1313 1314 0
3409 3423 1313 1314 3410 3424 1320 1321 0
3410 3424 1320 1321 3411 3425 1327 1328 0
3411 3425 1327 1328 3412 3426 1334 1335 0
3412 3426 1334 1335 3413 3427 1341 1342 0
3413 3427 1341 1342 3414 3428 1348 1349 0
3414 3428 1348 1349 3415 3429 1355 1356 0
3415 3429 1355 1356 3416 3430 1362 1363 0
3416 3430 1362 1363 1380 1387 235 236 0
1124 1125 206 207 3417 3431 1270 1271 0
3417 3431 1270 1271 3418 3432 1277 1278 0
3418 3432 1277 1278 3419 3433 1284 1285 0
3419 3433 1284 1285 3420 3434 1291 1292 0
3420 3434 1291 1292 3421 3435 1298 1299 0
3421 3435 1298 1299 3422 3436 1305 1306 0
3422 3436 1305 1306 3423 3437 1312 1313 0
3423 3437 1312 1313 3424 3438 1319 1320 0
3424 3438 1319 1320 3425 3439 1326 1327 0
3425 3439 1326 1327 3426 3440 1333 1334 0
3426 3440 1333 1334 3427 3441 1340 1341 0
3427 3441 1340 1341 3428 3442 1347 1348 0
3428 3442 1347 1348 3429 3443 1354 1355 0
3429 3443 1354 1355 3430 3444 1361 1362 0
3430 3444 1361 1362 1387 1394 234 235 0
1125 1126 205 206 3431 3445 1269 1270 0
3431 3445 1269 1270 3432 3446 1276 1277 0
3432 3446 1276 1277 3433 3447 1283 1284 0
3433 3447 1283 1284 3434 3448 1290 1291 0
3434 3448 1290 1291 3435 3449 1297 1298 0
3435 3449 1297 1298 3436 3450 1304 1305 0
3436 3450 1304 1305 3437 3451 1311 1312 0
3437 3451 1311 1312 3438 3452 1318 1319 0
3438 3452 1318 1319 3439 3453 1325 1326 0
3439 3453 1325 1326 3440 3454 1332 1333 0
3440 3454 1332 1333 3441 3455 1339 1340 0
3441 3455 1339 1340 3442 3456 1346 1347 0
3442 3456 1346 1347 3443 3457 1353 1354 0
3443 3457 1353 1354 3444 3458 1360 1361 0
3444 3458 1360 1361 1394 1401 233 234 0
1126 1127 204 205 3445 3459 1268 1269 0
3445 3459 1268 1269 3446 3460 1275 1276 0
3446 3460 1275 1276 3447 3461 1282 1283 0
3447 3461 1282 1283 3448 3462 1289 1290 0
3448 3462 1289 1290 3449 3463 1296 1297 0
3449 3463 1296 1297 3450 3464 1303 1304 0
3450 3464 1303 1304 3451 3465 1310 1311 0
3451 3465 1310 1311 3452 3466 1317 1318 0
3452 3466 1317 1318 3453 3467 1324 1325 0
3453 3467 1324 1325 3454 3468 1331 1332 0
3454 3468 1331 1332 3455 3469 1338 1339 0
3455 3469 1338 1339 3456 3470 1345 1346 0
3456 3470 1345 1346 3457 3471 1352 1353 0
3457 3471 1352 1353 3458 3472 1359 1360 0
3458 3472 1359 1360 1401 1408 232 233 0
1127 35 4 204 3459 581 106 1268 0
3459 581 106 1268 3460 574 107 1275 0
3460 574 107 1275 3461 567 108 1282 0
3461 567 108 1282 3462 560 109 1289 0
3462 560 109 1289 3463 553 110 1296 0
3463 553 110 1296 3464 546 111 1303 0
3464 546 111 1303 3465 539 112 1310 0
3465 539 112 1310 3466 532 113 1317 0
3466 532 113 1317 3467 525 114 1324 0
3467 525 114 1324 3468 518 115 1331 0
3468 518 115 1331 3469 511 116 1338 0
3469 511 116 1338 3470 504 117 1345 0
3470 504 117 1345 3471 497 118 1352 0
3471 497 118 1352 3472 490 119 1359 0
3472 490 119 1359 1408 105 8 232 0

Quadrilaterals
1104
1 15 239 28 0
28 239 240 27 0
27 240 241 26 0
26 241 242 25 0
25 242 243 24 0
24 243 244 23 0
23 244 245 22 0
22 245 29 3 0
15 16 246 239 0
239 246 247 240 0
240 247 248 241 0
241 248 249 242 0
242 249 250 243 0
243 250 251 244 0
244 251 252 245 0
245 252 30 29 0
16 17 253 246 0
246 253 254 247 0
247 254 255 248 0
248 255 256 249 0
249 256 257 250 0
250 257 258 251 0
251 258 259 252 0
252 259 31 30 0
17 18 260 253 0
253 260 261 254 0
254 261 262 255 0
255 262 263 256 0
256 263 264 257 0
257 264 265 258 0
258 265 266 259 0
259 266 32 31 0
18 19 267 260 0
260 267 268 261 0
261 268 269 262 0
262 269 270 263 0
263 270 271 264 0
264 271 272 265 0
265 272 273 266 0
266 273 33 32 0
19 20 274 267 0
267 274 275 268 0
268 275 276 269 0
269 276 277 270 0
270 277 278 271 0
271 278 279 272 0
272 279 280 273 0
273 280 34 33 0
20 21 281 274 0
274 281 282 275 0
275 282 283 276 0
276 283 284 277 0
277 284 285 278 0
278 285 286 279 0
279 286 287 280 0
280 287 35 34 0
21 2 36 281 0
281 36 37 282 0
282 37 38 283 0
283 38 39 284 0
284 39 40 285 0
285 40 41 286 0
286 41 42 287 0
287 42 4 35 0
1 43 288 15 2
15 288 289 16 2
16 289 290 17 2
17 290 291 18 2
18 291 292 19 2
19 292 293 20 2
20 293 294 21 2
21 294 64 2 2
43 44 295 288 2
288 295 296 289 2
289 296 297 290 2
290 297 298 291 2
291 298 299 292 2
292 299 300 293 2
293 300 301 294 2
294 301 65 64 2
44 45 302 295 2
295 302 303 296 2
296 303 304 297 2
297 304 305 298 2
298 305 306 299 2
299 306 307 300 2
300 307 308 301 2
301 308 66 65 2
45 46 309 302 2
302 309 310 303 2
303 310 311 304 2
304 311 312 305 2
305 312 313 306 2
306 313 314 307 2
307 314 315 308 2
308 315 67 66 2
46 47 316 309 2
309 316 317 310 2
310 317 318 311 2
311 318 319 312 2
312 319 320 313 2
313 320 321 314 2
314 321 322 315 2
315 322 68 67 2
47 48 323 316 2
316 323 324 317 2
317 324 325 318 2
318 325 326 319 2
319 326 327 320 2
320 327 328 321 2
321 328 329 322 2
322 329 69 68 2
48 49 330 323 2
323 330 331 324 2
324 331 332 325 2
325 332 333 326 2
326 333 334 327 2
327 334 335 328 2
328 335 336 329 2
329 336 70 69 2
49 50 337 330 2
330 337 338 331 2
331 338 339 332 2
332 339 340 333 2
333 340 341 334 2
334 341 342 335 2
335 342 343 336 2
336 343 71 70 2
50 51 344 337 2
337 344 345 338 2
338 345 346 339 2
339 346 347 340 2
340 347 348 341 2
341 348 349 342 2
342 349 350 343 2
343 350 72 71 2
51 52 351 344 2
344 351 352 345 2
345 352 353 346 2
346 353 354 347 2
347 354 355 348 2
348 355 356 349 2
349 356 357 350 2
350 357 73 72 2
52 53 358 351 2
351 358 359 352 2
352 359 360 353 2
353 360 361 354 2
354 361 362 355 2
355 362 363 356 2
356 363 364 357 2
357 364 74 73 2
53 54 365 358 2
358 365 366 359 2
359 366 367 360 2
360 367 368 361 2
361 368 369 362 2
362 369 370 363 2
363 370 371 364 2
364 371 75 74 2
54 55 372 365 2
365 372 373 366 2
366 373 374 367 2
367 374 375 368 2
368 375 376 369 2
369 376 377 370 2
370 377 378 371 2
371 378 76 75 2
55 56 379 372 2
372 379 380 373 2
373 380 381 374 2
374 381 382 375 2
375 382 383 376 2
376 383 384 377 2
377 384 385 378 2
378 385 77 76 2
56 5 57 379 2
379 57 58 380 2
380 58 59 381 2
381 59 60 382 2
382 60 61 383 2
383 61 62 384 2
384 62 63 385 2
385 63 6 77 2
2 64 582 36 3
36 582 583 37 3
37 583 584 38 3
38 584 585 39 3
39 585 586 40 3
40 586 587 41 3
41 587 588 42 3
42 588 106 4 3
64 65 589 582 3
582 589 590 583 3
583 590 591 584 3
584 591 592 585 3
585 592 593 586 3
586 593 594 587 3
587 594 595 588 3
588 595 107 106 3
65 66 596 589 3
589 596 597 590 3
590 597 598 591 3
591 598 599 592 3
592 599 600 593 3
593 600 601 594 3
594 601 602 595 3
595 602 108 107 3
66 67 603 596 3
596 603 604 597 3
597 604 605 598 3
598 605 606 599 3
599 606 607 600 3
600 607 608 601 3
601 608 609 602 3
602 609 109 108 3
67 68 610 603 3
603 610 611 604 3
604 611 612 605 3
605 612 613 606 3
606 613 614 607 3
607 614 615 608 3
608 615 616 609 3
609 616 110 109 3
68 69 617 610 3
610 617 618 611 3
611 618 619 612 3
612 619 620 613 3
613 620 621 614 3
614 621 622 615 3
615 622 623 616 3
616 623 111 110 3
69 70 624 617 3
617 624 625 618 3
618 625 626 619 3
619 626 627 620 3
620 627 628 621 3
621 628 629 622 3
622 629 630 623 3
623 630 112 111 3
70 71 631 624 3
624 631 632 625 3
625 632 633 626 3
626 633 634 627 3
627 634 635 628 3
628 635 636 629 3
629 636 637 630 3
630 637 113 112 3
71 72 638 631 3
631 638 639 632 3
632 639 640 633 3
633 640 641 634 3
634 641 642 635 3
635 642 643 636 3
636 643 644 637 3
637 644 114 113 3
72 73 645 638 3
638 645 646 639 3
639 646 647 640 3
640 647 648 641 3
641 648 649 642 3
642 649 650 643 3
643 650 651 644 3
644 651 115 114 3
73 74 652 645 3
645 652 653 646 3
646 653 654 647 3
647 654 655 648 3
648 655 656 649 3
649 656 657 650 3
650 657 658 651 3
651 658 116 115 3
74 75 659 652 3
652 659 660 653 3
653 660 661 654 3
654 661 662 655 3
655 662 663 656 3
656 663 664 657 3
657 664 665 658 3
658 665 117 116 3
75 76 666 659 3
659 666 667 660 3
660 667 668 661 3
661 668 669 662 3
662 669 670 663 3
663 670 671 664 3
664 671 672 665 3
665 672 118 117 3
76 77 673 666 3
666 673 674 667 3
667 674 675 668 3
668 675 676 669 3
669 676 677 670 3
670 677 678 671 3
671 678 679 672 3
672 679 119 118 3
77 6 120 673 3
673 120 121 674 3
674 121 122 675 3
675 122 123 676 3
676 123 124 677 3
677 124 125 678 3
678 125 126 679 3
679 126 8 119 3
6 63 680 120 4
120 680 681 121 4
121 681 682 122 4
122 682 683 123 4
123 683 684 124 4
124 684 685 125 4
125 685 686 126 4
126 686 105 8 4
63 62 687 680 4
680 687 688 681 4
681 688 689 682 4
682 689 690 683 4
683 690 691 684 4
684 691 692 685 4
685 692 693 686 4
686 693 104 105 4
62 61 694 687 4
687 694 695 688 4
688 695 696 689 4
689 696 697 690 4
690 697 698 691 4
691 698 699 692 4
692 699 700 693 4
693 700 103 104 4
61 60 701 694 4
694 701 702 695 4
695 702 703 696 4
696 703 704 697 4
697 704 705 698 4
698 705 706 699 4
699 706 707 700 4
700 707 102 103 4
60 59 708 701 4
701 708 709 702 4
702 709 710 703 4
703 710 711 704 4
704 711 712 705 4
705 712 713 706 4
706 713 714 707 4
707 714 101 102 4
59 58 715 708 4
708 715 716 709 4
709 716 717 710 4
710 717 718 711 4
711 718 719 712 4
712 719 720 713 4
713 720 721 714 4
714 721 100 101 4
58 57 722 715 4
715 722 723 716 4
716 723 724 717 4
717 724 725 718 4
718 725 726 719 4
719 726 727 720 4
720 727 728 721 4
721 728 99 100 4
57 5 98 722 4
722 98 97 723 4
723 97 96 724 4
724 96 95 725 4
725 95 94 726 4
726 94 93 727 4
727 93 92 728 4
728 92 7 99 4
9 127 729 134 0
134 729 730 135 0
135 730 731 136 0
136 731 732 137 0
137 732 733 138 0
138 733 734 139 0
139 734 735 140 0
140 735 147 10 0
127 128 736 729 0
729 736 737 730 0
730 737 738 731 0
731 738 739 732 0
732 739 740 733 0
733 740 741 734 0
734 741 742 735 0
735 742 146 147 0
128 129 743 736 0
736 743 744 737 0
737 744 745 738 0
738 745 746 739 0
739 746 747 740 0
740 747 748 741 0
741 748 749 742 0
742 749 145 146 0
129 130 750 743 0
743 750 751 744 0
744 751 752 745 0
745 752 753 746 0
746 753 754 747 0
747 754 755 748 0
748 755 756 749 0
749 756 144 145 0
130 131 757 750 0
750 757 758 751 0
751 758 759 752 0
752 759 760 753 0
753 760 761 754 0
754 761 762 755 0
755 762 763 756 0
756 763 143 144 0
131 132 764 757 0
757 764 765 758 0
758 765 766 759 0
759 766 767 760 0
760 767 768 761 0
761 768 769 762 0
762 769 770 763 0
763 770 142 143 0
132 133 771 764 0
764 771 772 765 0
765 772 773 766 0
766 773 774 767 0
767 774 775 768 0
768 775 776 769 0
769 776 777 770 0
770 777 141 142 0
133 1 28 771 0
771 28 27 772 0
772 27 26 773 0
773 26 25 774 0
774 25 24 775 0
775 24 23 776 0
776 23 22 777 0
777 22 3 141 0
9 161 778 127 2
127 778 779 128 2
128 779 780 129 2
129 780 781 130 2
130 781 782 131 2
131 782 783 132 2
132 783 784 133 2
133 784 43 1 2
161 160 785 778 2
778 785 786 779 2
779 786 787 780 2
780 787 788 781 2
781 788 789 782 2
782 789 790 783 2
783 790 791 784 2
784 791 44 43 2
160 159 792 785 2
785 792 793 786 2
786 793 794 787 2
787 794 795 788 2
788 795 796 789 2
789 796 797 790 2
790 797 798 791 2
791 798 45 44 2
159 158 799 792 2
792 799 800 793 2
793 800 801 794 2
794 801 802 795 2
795 802 803 796 2
796 803 804 797 2
797 804 805 798 2
798 805 46 45 2
158 157 806 799 2
799 806 807 800 2
800 807 808 801 2
801 808 809 802 2
802 809 810 803 2
803 810 811 804 2
804 811 812 805 2
805 812 47 46 2
157 156 813 806 2
806 813 814 807 2
807 814 815 808 2
808 815 816 809 2
809 816 817 810 2
810 817 818 811 2
811 818 819 812 2
812 819 48 47 2
156 155 820 813 2
813 820 821 814 2
814 821 822 815 2
815 822 823 816 2
816 823 824 817 2
817 824 825 818 2
818 825 826 819 2
819 826 49 48 2
155 154 827 820 2
820 827 828 821 2
821 828 829 822 2
822 829 830 823 2
823 830 831 824 2
824 831 832 825 2
825 832 833 826 2
826 833 50 49 2
154 153 834 827 2
827 834 835 828 2
828 835 836 829 2
829 836 837 830 2
830 837 838 831 2
831 838 839 832 2
832 839 840 833 2
833 840 51 50 2
153 152 841 834 2
834 841 842 835 2
835 842 843 836 2
836 843 844 837 2
837 844 845 838 2
838 845 846 839 2
839 846 847 840 2
840 847 52 51 2
152 151 848 841 2
841 848 849 842 2
842 849 850 843 2
843 850 851 844 2
844 851 852 845 2
845 852 853 846 2
846 853 854 847 2
847 854 53 52 2
151 150 855 848 2
848 855 856 849 2
849 856 857 850 2
850 857 858 851 2
851 858 859 852 2
852 859 860 853 2
853 860 861 854 2
854 861 54 53 2
150 149 862 855 2
855 862 863 856 2
856 863 864 857 2
857 864 865 858 2
858 865 866 859 2
859 866 867 860 2
860 867 868 861 2
861 868 55 54 2
149 148 869 862 2
862 869 870 863 2
863 870 871 864 2
864 871 872 865 2
865 872 873 866 2
866 873 874 867 2
867 874 875 868 2
868 875 56 55 2
148 11 162 869 2
869 162 163 870 2
870 163 164 871 2
871 164 165 872 2
872 165 166 873 2
873 166 167 874 2
874 167 168 875 2
875 168 5 56 2
10 169 876 140 1
140 876 877 139 1
139 877 878 138 1
138 878 879 137 1
137 879 880 136 1
136 880 881 135 1
135 881 882 134 1
134 882 161 9 1
169 170 883 876 1
876 883 884 877 1
877 884 885 878 1
878 885 886 879 1
879 886 887 880 1
880 887 888 881 1
881 888 889 882 1
882 889 160 161 1
170 171 890 883 1
883 890 891 884 1
884 891 892 885 1
885 892 893 886 1
886 893 894 887 1
887 894 895 888 1
888 895 896 889 1
889 896 159 160 1
171 172 897 890 1
890 897 898 891 1
891 898 899 892 1
892 899 900 893 1
893 900 901 894 1
894 901 902 895 1
895 902 903 896 1
896 903 158 159 1
172 173 904 897 1
897 904 905 898 1
898 905 906 899 1
899 906 907 900 1
900 907 908 901 1
901 908 909 902 1
902 909 910 903 1
903 910 157 158 1
173 174 911 904 1
904 911 912 905 1
905 912 913 906 1
906 913 914 907 1
907 914 915 908 1
908 915 916 909 1
909 916 917 910 1
910 917 156 157 1
174 175 918 911 1
911 918 919 912 1
912 919 920 913 1
913 920 921 914 1
914 921 922 915 1
915 922 923 916 1
916 923 924 917 1
917 924 155 156 1
175 176 925 918 1
918 925 926 919 1
919 926 927 920 1
920 927 928 921 1
921 928 929 922 1
922 929 930 923 1
923 930 931 924 1
924 931 154 155 1
176 177 932 925 1
925 932 933 926 1
926 933 934 927 1
927 934 935 928 1
928 935 936 929 1
929 936 937 930 1
930 937 938 931 1
931 938 153 154 1
177 178 939 932 1
932 939 940 933 1
933 940 941 934 1
934 941 942 935 1
935 942 943 936 1
936 943 944 937 1
937 944 945 938 1
938 945 152 153 1
178 179 946 939 1
939 946 947 940 1
940 947 948 941 1
941 948 949 942 1
942 949 950 943 1
943 950 951 944 1
944 951 952 945 1
945 952 151 152 1
179 180 953 946 1
946 953 954 947 1
947 954 955 948 1
948 955 956 949 1
949 956 957 950 1
950 957 958 951 1
951 958 959 952 1
952 959 150 151 1
180 181 960 953 1
953 960 961 954 1
954 961 962 955 1
955 962 963 956 1
956 963 964 957 1
957 964 965 958 1
958 965 966 959 1
959 966 149 150 1
181 182 967 960 1
960 967 968 961 1
961 968 969 962 1
962 969 970 963 1
963 970 971 964 1
964 971 972 965 1
965 972 973 966 1
966 973 148 149 1
182 12 189 967 1
967 189 188 968 1
968 188 187 969 1
969 187 186 970 1
970 186 185 971 1
971 185 184 972 1
972 184 183 973 1
973 183 11 148 1
5 168 1072 98 4
98 1072 1073 97 4
97 1073 1074 96 4
96 1074 1075 95 4
95 1075 1076 94 4
94 1076 1077 93 4
93 1077 1078 92 4
92 1078 190 7 4
168 167 1079 1072 4
1072 1079 1080 1073 4
1073 1080 1081 1074 4
1074 1081 1082 1075 4
1075 1082 1083 1076 4
1076 1083 1084 1077 4
1077 1084 1085 1078 4
1078 1085 191 190 4
167 166 1086 1079 4
1079 1086 1087 1080 4
1080 1087 1088 1081 4
1081 1088 1089 1082 4
1082 1089 1090 1083 4
1083 1090 1091 1084 4
1084 1091 1092 1085 4
1085 1092 192 191 4
166 165 1093 1086 4
1086 1093 1094 1087 4
1087 1094 1095 1088 4
1088 1095 1096 1089 4
1089 1096 1097 1090 4
1090 1097 1098 1091 4
1091 1098 1099 1092 4
1092 1099 193 192 4
165 164 1100 1093 4
1093 1100 1101 1094 4
1094 1101 1102 1095 4
1095 1102 1103 1096 4
1096 1103 1104 1097 4
1097 1104 1105 1098 4
1098 1105 1106 1099 4
1099 1106 194 193 4
164 163 1107 1100 4
1100 1107 1108 1101 4
1101 1108 1109 1102 4
1102 1109 1110 1103 4
1103 1110 1111 1104 4
1104 1111 1112 1105 4
1105 1112 1113 1106 4
1106 1113 195 194 4
163 162 1114 1107 4
1107 1114 1115 1108 4
1108 1115 1116 1109 4
1109 1116 1117 1110 4
1110 1117 1118 1111 4
1111 1118 1119 1112 4
1112 1119 1120 1113 4
1113 1120 196 195 4
162 11 183 1114 4
1114 183 184 1115 4
1115 184 185 1116 4
1116 185 186 1117 4
1117 186 187 1118 4
1118 187 188 1119 4
1119 188 189 1120 4
1120 189 12 196 4
13 203 1121 210 0
210 1121 1122 209 0
209 1122 1123 208 0
208 1123 1124 207 0
207 1124 1125 206 0
206 1125 1126 205 0
205 1126 1127 204 0
204 1127 35 4 0
203 202 1128 1121 0
1121 1128 1129 1122 0
1122 1129 1130 1123 0
1123 1130 1131 1124 0
1124 1131 1132 1125 0
1125 1132 1133 1126 0
1126 1133 1134 1127 0
1127 1134 34 35 0
202 201 1135 1128 0
1128 1135 1136 1129 0
1129 1136 1137 1130 0
1130 1137 1138 1131 0
1131 1138 1139 1132 0
1132 1139 1140 1133 0
1133 1140 1141 1134 0
1134 1141 33 34 0
201 200 1142 1135 0
1135 1142 1143 1136 0
1136 1143 1144 1137 0
1137 1144 1145 1138 0
1138 1145 1146 1139 0
1139 1146 1147 1140 0
1140 1147 1148 1141 0
1141 1148 32 33 0
200 199 1149 1142 0
1142 1149 1150 1143 0
1143 1150 1151 1144 0
1144 1151 1152 1145 0
1145 1152 1153 1146 0
1146 1153 1154 1147 0
1147 1154 1155 1148 0
1148 1155 31 32 0
199 198 1156 1149 0
1149 1156 1157 1150 0
1150 1157 1158 1151 0
1151 1158 1159 1152 0
1152 1159 1160 1153 0
1153 1160 1161 1154 0
1154 1161 1162 1155 0
1155 1162 30 31 0
198 197 1163 1156 0
1156 1163 1164 1157 0
1157 1164 1165 1158 0
1158 1165 1166 1159 0
1159 1166 1167 1160 0
1160 1167 1168 1161 0
1161 1168 1169 1162 0
1162 1169 29 30 0
197 10 147 1163 0
1163 147 146 1164 0
1164 146 145 1165 0
1165 145 144 1166 0
1166 144 143 1167 0
1167 143 142 1168 0
1168 142 141 1169 0
1169 141 3 29 0
13 224 1170 203 1
203 1170 1171 202 1
202 1171 1172 201 1
201 1172 1173 200 1
200 1173 1174 199 1
199 1174 1175 198 1
198 1175 1176 197 1
197 1176 169 10 1
224 223 1177 1170 1
1170 1177 1178 1171 1
1171 1178 1179 1172 1
1172 1179 1180 1173 1
1173 1180 1181 1174 1
1174 1181 1182 1175 1
1175 1182 1183 1176 1
1176 1183 170 169 1
223 222 1184 1177 1
1177 1184 1185 1178 1
1178 1185 1186 1179 1
1179 1186 1187 1180 1
1180 1187 1188 1181 1
1181 1188 1189 1182 1
1182 1189 1190 1183 1
1183 1190 171 170 1
222 221 1191 1184 1
1184 1191 1192 1185 1
1185 1192 1193 1186 1
1186 1193 1194 1187 1
1187 1194 1195 1188 1
1188 1195 1196 1189 1
1189 1196 1197 1190 1
1190 1197 172 171 1
221 220 1198 1191 1
1191 1198 1199 1192 1
1192 1199 1200 1193 1
1193 1200 1201 1194 1
1194 1201 1202 1195 1
1195 1202 1203 1196 1
1196 1203 1204 1197 1
1197 1204 173 172 1
220 219 1205 1198 1
1198 1205 1206 1199 1
1199 1206 1207 1200 1
1200 1207 1208 1201 1
1201 1208 1209 1202 1
1202 1209 1210 1203 1
1203 1210 1211 1204 1
1204 1211 174 173 1
219 218 1212 1205 1
1205 1212 1213 1206 1
1206 1213 1214 1207 1
1207 1214 1215 1208 1
1208 1215 1216 1209 1
1209 1216 1217 1210 1
1210 1217 1218 1211 1
1211 1218 175 174 1
218 217 1219 1212 1
1212 1219 1220 1213 1
1213 1220 1221 1214 1
1214 1221 1222 1215 1
1215 1222 1223 1216 1
1216 1223 1224 1217 1
1217 1224 1225 1218 1
1218 1225 176 175 1
217 216 1226 1219 1
1219 1226 1227 1220 1
1220 1227 1228 1221 1
1221 1228 1229 1222 1
1222 1229 1230 1223 1
1223 1230 1231 1224 1
1224 1231 1232 1225 1
1225 1232 177 176 1
216 215 1233 1226 1
1226 1233 1234 1227 1
1227 1234 1235 1228 1
1228 1235 1236 1229 1
1229 1236 1237 1230 1
1230 1237 1238 1231 1
1231 1238 1239 1232 1
1232 1239 178 177 1
215 214 1240 1233 1
1233 1240 1241 1234 1
1234 1241 1242 1235 1
1235 1242 1243 1236 1
1236 1243 1244 1237 1
1237 1244 1245 1238 1
1238 1245 1246 1239 1
1239 1246 179 178 1
214 213 1247 1240 1
1240 1247 1248 1241 1
1241 1248 1249 1242 1
1242 1249 1250 1243 1
1243 1250 1251 1244 1
1244 1251 1252 1245 1
1245 1252 1253 1246 1
1246 1253 180 179 1
213 212 1254 1247 1
1247 1254 1255 1248 1
1248 1255 1256 1249 1
1249 1256 1257 1250 1
1250 1257 1258 1251 1
1251 1258 1259 1252 1
1252 1259 1260 1253 1
1253 1260 181 180 1
212 211 1261 1254 1
1254 1261 1262 1255 1
1255 1262 1263 1256 1
1256 1263 1264 1257 1
1257 1264 1265 1258 1
1258 1265 1266 1259 1
1259 1266 1267 1260 1
1260 1267 182 181 1
211 14 231 1261 1
1261 231 230 1262 1
1262 230 229 1263 1
1263 229 228 1264 1
1264 228 227 1265 1
1265 227 226 1266 1
1266 226 225 1267 1
1267 225 12 182 1
4 106 1268 204 3
204 1268 1269 205 3
205 1269 1270 206 3
206 1270 1271 207 3
207 1271 1272 208 3
208 1272 1273 209 3
209 1273 1274 210 3
210 1274 224 13 3
106 107 1275 1268 3
1268 1275 1276 1269 3
1269 1276 1277 1270 3
1270 1277 1278 1271 3
1271 1278 1279 1272 3
1272 1279 1280 1273 3
1273 1280 1281 1274 3
1274 1281 223 224 3
107 108 1282 1275 3
1275 1282 1283 1276 3
1276 1283 1284 1277 3
1277 1284 1285 1278 3
1278 1285 1286 1279 3
1279 1286 1287 1280 3
1280 1287 1288 1281 3
1281 1288 222 223 3
108 109 1289 1282 3
1282 1289 1290 1283 3
1283 1290 1291 1284 3
1284 1291 1292 1285 3
1285 1292 1293 1286 3
1286 1293 1294 1287 3
1287 1294 1295 1288 3
1288 1295 221 222 3
109 110 1296 1289 3
1289 1296 1297 1290 3
1290 1297 1298 1291 3
1291 1298 1299 1292 3
1292 1299 1300 1293 3
1293 1300 1301 1294 3
1294 1301 1302 1295 3
1295 1302 220 221 3
110 111 1303 1296 3
1296 1303 1304 1297 3
1297 1304 1305 1298 3
1298 1305 1306 1299 3
1299 1306 1307 1300 3
1300 1307 1308 1301 3
1301 1308 1309 1302 3
1302 1309 219 220 3
111 112 1310 1303 3
1303 1310 1311 1304 3
1304 1311 1312 1305 3
1305 1312 1313 1306 3
1306 1313 1314 1307 3
1307 1314 1315 1308 3
1308 1315 1316 1309 3
1309 1316 218 219 3
112 113 1317 1310 3
1310 1317 1318 1311 3
1311 1318 1319 1312 3
1312 1319 1320 1313 3
1313 1320 1321 1314 3
1314 1321 1322 1315 3
1315 1322 1323 1316 3
1316 1323 217 218 3
113 114 1324 1317 3
1317 1324 1325 1318 3
1318 1325 1326 1319 3
1319 1326 1327 1320 3
1320 1327 1328 1321 3
1321 1328 1329 1322 3
1322 1329 1330 1323 3
1323 1330 216 217 3
114 115 1331 1324 3
1324 1331 1332 1325 3
1325 1332 1333 1326 3
1326 1333 1334 1327 3
1327 1334 1335 1328 3
1328 1335 1336 1329 3
1329 1336 1337 1330 3
1330 1337 215 216 3
115 116 1338 1331 3
1331 1338 1339 1332 3
1332 1339 1340 1333 3
1333 1340 1341 1334 3
1334 1341 1342 1335 3
1335 1342 1343 1336 3
1336 1343 1344 1337 3
1337 1344 214 215 3
116 117 1345 1338 3
1338 1345 1346 1339 3
1339 1346 1347 1340 3
1340 1347 1348 1341 3
1341 1348 1349 1342 3
1342 1349 1350 1343 3
1343 1350 1351 1344 3
1344 1351 213 214 3
117 118 1352 1345 3
1345 1352 1353 1346 3
1346 1353 1354 1347 3
1347 1354 1355 1348 3
1348 1355 1356 1349 3
1349 1356 1357 1350 3
1350 1357 1358 1351 3
1351 1358 212 213 3
118 119 1359 1352 3
1352 1359 1360 1353 3
1353 1360 1361 1354 3
1354 1361 1362 1355 3
1355 1362 1363 1356 3
1356 1363 1364 1357 3
1357 1364 1365 1358 3
1358 1365 211 212 3
119 8 232 1359 3
1359 232 233 1360 3
1360 233 234 1361 3
1361 234 235 1362 3
1362 235 236 1363 3
1363 236 237 1364 3
1364 237 238 1365 3
1365 238 14 211 3
14 238 1366 231 4
231 1366 1367 230 4
230 1367 1368 229 4
229 1368 1369 228 4
228 1369 1370 227 4
227 1370 1371 226 4
226 1371 1372 225 4
225 1372 196 12 4
238 237 1373 1366 4
1366 1373 1374 1367 4
1367 1374 1375 1368 4
1368 1375 1376 1369 4
1369 1376 1377 1370 4
1370 1377 1378 1371 4
1371 1378 1379 1372 4
1372 1379 195 196 4
237 236 1380 1373 4
1373 1380 1381 1374 4
1374 1381 1382 1375 4
1375 1382 1383 1376 4
1376 1383 1384 1377 4
1377 1384 1385 1378 4
1378 1385 1386 1379 4
1379 1386 194 195 4
236 235 1387 1380 4
1380 1387 1388 1381 4
1381 1388 1389 1382 4
1382 1389 1390 1383 4
1383 1390 1391 1384 4
1384 1391 1392 1385 4
1385 1392 1393 1386 4
1386 1393 193 194 4
235 234 1394 1387 4
1387 1394 1395 1388 4
1388 1395 1396 1389 4
1389 1396 1397 1390 4
1390 1397 1398 1391 4
1391 1398 1399 1392 4
1392 1399 1400 1393 4
1393 1400 192 193 4
234 233 1401 1394 4
1394 1401 1402 1395 4
1395 1402 1403 1396 4
1396 1403 1404 1397 4
1397 1404 1405 1398 4
1398 1405 1406 1399 4
1399 1406 1407 1400 4
1400 1407 191 192 4
233 232 1408 1401 4
1401 1408 1409 1402 4
1402 1409 1410 1403 4
1403 1410 1411 1404 4
1404 1411 1412 1405 4
1405 1412 1413 1406 4
1406 1413 1414 1407 4
1407 1414 190 191 4
232 8 105 1408 4
1408 105 104 1409 4
1409 104 103 1410 4
1410 103 102 1411 4
1411 102 101 1412 4
1412 101 100 1413 4
1413 100 99 1414 4
1414 99 7 190 4

Edges
249
1 15 0
15 16 0
16 17 0
17 18 0
18 19 0
19 20 0
20 21 0
21 2 0
3 22 0
22 23 0
23 24 0
24 25 0
25 26 0
26 27 0
27 28 0
28 1 0
3 29 0
29 30 0
30 31 0
31 32 0
32 33 0
33 34 0
34 35 0
35 4 0
2 36 0
36 37 0
37 38 0
38 39 0
39 40 0
40 41 0
41 42 0
42 4 0
1 43 0
43 44 0
44 45 0
45 46 0
46 47 0
47 48 0
48 49 0
49 50 0
50 51 0
51 52 0
52 53 0
53 54 0
54 55 0
55 56 0
56 5 0
5 57 0
57 58 0
58 59 0
59 60 0
60 61 0
61 62 0
62 63 0
63 6 0
2 64 0
64 65 0
65 66 0
66 67 0
67 68 0
68 69 0
69 70 0
70 71 0
71 72 0
72 73 0
73 74 0
74 75 0
75 76 0
76 77 0
77 6 0
7 78 0
78 79 0
79 80 0
80 81 0
81 82 0
82 83 0
83 84 0
84 85 0
85 86 0
86 87 0
87 88 0
88 89 0
89 90 0
90 91 0
91 3 0
7 92 0
92 93 0
93 94 0
94 95 0
95 96 0
96 97 0
97 98 0
98 5 0
7 99 0
99 100 0
100 101 0
101 102 0
102 103 0
103 104 0
104 105 0
105 8 0
4 106 0
106 107 0
107 108 0
108 109 0
109 110 0
110 111 0
111 112 0
112 113 0
113 114 0
114 115 0
115 116 0
116 117 0
117 118 0
118 119 0
119 8 0
6 120 0
120 121 0
121 122 0
122 123 0
123 124 0
124 125 0
125 126 0
126 8 0
9 127 0
127 128 0
128 129 0
129 130 0
130 131 0
131 132 0
132 133 0
133 1 0
9 134 0
134 135 0
135 136 0
136 137 0
137 138 0
138 139 0
139 140 0
140 10 0
3 141 0
141 142 0
142 143 0
143 144 0
144 145 0
145 146 0
146 147 0
147 10 0
11 148 0
148 149 0
149 150 0
150 151 0
151 152 0
152 153 0
153 154 0
154 155 0
155 156 0
156 157 0
157 158 0
158 159 0
159 160 0
160 161 0
161 9 0
11 162 0
162 163 0
163 164 0
164 165 0
165 166 0
166 167 0
167 168 0
168 5 0
10 169 0
169 170 0
170 171 0
171 172 0
172 173 0
173 174 0
174 175 0
175 176 0
176 177 0
177 178 0
178 179 0
179 180 0
180 181 0
181 182 0
182 12 0
11 183 0
183 184 0
184 185 0
185 186 0
186 187 0
187 188 0
188 189 0
189 12 0
7 190 0
190 191 0
191 192 0
192 193 0
193 194 0
194 195 0
195 196 0
196 12 0
10 197 0
197 198 0
198 199 0
199 200 0
200 201 0
201 202 0
202 203 0
203 13 0
4 204 0
204 205 0
205 206 0
206 207 0
207 208 0
208 209 0
209 210 0
210 13 0
14 211 0
211 212 0
212 213 0
213 214 0
214 215 0
215 216 0
216 217 0
217 218 0
218 219 0
219 220 0
220 221 0
221 222 0
222 223 0
223 224 0
224 13 0
12 225 0
225 226 0
226 227 0
227 228 0
228 229 0
229 230 0
230 231 0
231 14 0
8 232 0
232 233 0
233 234 0
234 235 0
235 236 0
236 237 0
237 238 0
238 14 0

End
