MeshVersionFormatted 2
Dimension 3

Vertices
3159
0.0000000000000000e+00 0.0000000000000000e+00 5.0000000000000000e+00 0
0.0000000000000000e+00 0.0000000000000000e+00 0.0000000000000000e+00 0
0.0000000000000000e+00 1.0000000000000000e+00 5.0000000000000000e+00 0
0.0000000000000000e+00 1.0000000000000000e+00 0.0000000000000000e+00 0
1.0000000000000000e+00 0.0000000000000000e+00 5.0000000000000000e+00 0
1.0000000000000000e+00 0.0000000000000000e+00 0.0000000000000000e+00 0
1.0000000000000000e+00 1.0000000000000000e+00 5.0000000000000000e+00 0
1.0000000000000000e+00 1.0000000000000000e+00 0.0000000000000000e+00 0
0.0000000000000000e+00 0.0000000000000000e+00 1.0000000000000000e+01 0
0.0000000000000000e+00 1.0000000000000000e+00 1.0000000000000000e+01 0
1.0000000000000000e+00 0.0000000000000000e+00 1.0000000000000000e+01 0
1.0000000000000000e+00 1.0000000000000000e+00 1.0000000000000000e+01 0
0.0000000000000000e+00 0.0000000000000000e+00 5.0000000000000003e-02 0
0.0000000000000000e+00 0.0000000000000000e+00 1.0760351844749161e-01 0
0.0000000000000000e+00 0.0000000000000000e+00 1.7514085763817716e-01 0
0.0000000000000000e+00 0.0000000000000000e+00 2.5373582248982757e-01 0
0.0000000000000000e+00 0.0000000000000000e+00 3.4518607626278641e-01 0
0.0000000000000000e+00 0.0000000000000000e+00 4.5157695618349819e-01 0
0.0000000000000000e+00 0.0000000000000000e+00 5.7532585591626439e-01 0
0.0000000000000000e+00 0.0000000000000000e+00 7.1923284878260130e-01 0
0.0000000000000000e+00 0.0000000000000000e+00 8.8653819836569614e-01 0
0.0000000000000000e+00 0.0000000000000000e+00 1.0809873737115407e+00 0
0.0000000000000000e+00 0.0000000000000000e+00 1.3069041036010010e+00 0
0.0000000000000000e+00 0.0000000000000000e+00 1.5692718422580283e+00 0
0.0000000000000000e+00 0.0000000000000000e+00 1.8738237408649592e+00 0
0.0000000000000000e+00 0.0000000000000000e+00 2.2271407744914233e+00 0
0.0000000000000000e+00 0.0000000000000000e+00 2.6367569919055751e+00 0
0.0000000000000000e+00 0.0000000000000000e+00 3.1112698386137394e+00 0
0.0000000000000000e+00 0.0000000000000000e+00 3.6604520168157655e+00 0
0.0000000000000000e+00 0.0000000000000000e+00 4.2500000000000000e+00 0
0.0000000000000000e+00 2.9999999999999999e-01 5.0000000000000000e+00 0
0.0000000000000000e+00 5.2376650059353413e-01 5.0000000000000000e+00 0
0.0000000000000000e+00 6.7885529328623995e-01 5.0000000000000000e+00 0
0.0000000000000000e+00 7.9035358010205603e-01 5.0000000000000000e+00 0
0.0000000000000000e+00 8.7059677396827129e-01 5.0000000000000000e+00 0
0.0000000000000000e+00 9.2838992928555641e-01 5.0000000000000000e+00 0
0.0000000000000000e+00 9.6999999999999997e-01 5.0000000000000000e+00 0
0.0000000000000000e+00 1.0000000000000000e+00 5.0000000000000003e-02 0
0.0000000000000000e+00 1.0000000000000000e+00 1.0760351844749161e-01 0
0.0000000000000000e+00 1.0000000000000000e+00 1.7514085763817716e-01 0
0.0000000000000000e+00 1.0000000000000000e+00 2.5373582248982757e-01 0
0.0000000000000000e+00 1.0000000000000000e+00 3.4518607626278641e-01 0
0.0000000000000000e+00 1.0000000000000000e+00 4.5157695618349819e-01 0
0.0000000000000000e+00 1.0000000000000000e+00 5.7532585591626439e-01 0
0.0000000000000000e+00 1.0000000000000000e+00 7.1923284878260130e-01 0
0.0000000000000000e+00 1.0000000000000000e+00 8.8653819836569614e-01 0
0.0000000000000000e+00 1.0000000000000000e+00 1.0809873737115407e+00 0
0.0000000000000000e+00 1.0000000000000000e+00 1.3069041036010010e+00 0
0.0000000000000000e+00 1.0000000000000000e+00 1.5692718422580283e+00 0
0.0000000000000000e+00 1.0000000000000000e+00 1.8738237408649592e+00 0
0.0000000000000000e+00 1.0000000000000000e+00 2.2271407744914233e+00 0
0.0000000000000000e+00 1.0000000000000000e+00 2.6367569919055751e+00 0
0.0000000000000000e+00 1.0000000000000000e+00 3.1112698386137394e+00 0
0.0000000000000000e+00 1.0000000000000000e+00 3.6604520168157655e+00 0
0.0000000000000000e+00 1.0000000000000000e+00 4.2500000000000000e+00 0
0.0000000000000000e+00 2.9999999999999999e-01 0.0000000000000000e+00 0
0.0000000000000000e+00 5.2376650059353413e-01 0.0000000000000000e+00 0
0.0000000000000000e+00 6.7885529328623995e-01 0.0000000000000000e+00 0
0.0000000000000000e+00 7.9035358010205603e-01 0.0000000000000000e+00 0
0.0000000000000000e+00 8.7059677396827129e-01 0.0000000000000000e+00 0
0.0000000000000000e+00 9.2838992928555641e-01 0.0000000000000000e+00 0
0.0000000000000000e+00 9.6999999999999997e-01 0.0000000000000000e+00 0
1.0000000000000000e+00 0.0000000000000000e+00 5.0000000000000003e-02 0
1.0000000000000000e+00 0.0000000000000000e+00 1.0760351844749161e-01 0
1.0000000000000000e+00 0.0000000000000000e+00 1.7514085763817716e-01 0
1.0000000000000000e+00 0.0000000000000000e+00 2.5373582248982757e-01 0
1.0000000000000000e+00 0.0000000000000000e+00 3.4518607626278641e-01 0
1.0000000000000000e+00 0.0000000000000000e+00 4.5157695618349819e-01 0
1.0000000000000000e+00 0.0000000000000000e+00 5.7532585591626439e-01 0
1.0000000000000000e+00 0.0000000000000000e+00 7.1923284878260130e-01 0
1.0000000000000000e+00 0.0000000000000000e+00 8.8653819836569614e-01 0
1.0000000000000000e+00 0.0000000000000000e+00 1.0809873737115407e+00 0
1.0000000000000000e+00 0.0000000000000000e+00 1.3069041036010010e+00 0
1.0000000000000000e+00 0.0000000000000000e+00 1.5692718422580283e+00 0
1.0000000000000000e+00 0.0000000000000000e+00 1.8738237408649592e+00 0
1.0000000000000000e+00 0.0000000000000000e+00 2.2271407744914233e+00 0
1.0000000000000000e+00 0.0000000000000000e+00 2.6367569919055751e+00 0
1.0000000000000000e+00 0.0000000000000000e+00 3.1112698386137394e+00 0
1.0000000000000000e+00 0.0000000000000000e+00 3.6604520168157655e+00 0
1.0000000000000000e+00 0.0000000000000000e+00 4.2500000000000000e+00 0
1.0000000000000000e+00 2.9999999999999999e-01 5.0000000000000000e+00 0
1.0000000000000000e+00 5.2376650059353413e-01 5.0000000000000000e+00 0
1.0000000000000000e+00 6.7885529328623995e-01 5.0000000000000000e+00 0
1.0000000000000000e+00 7.9035358010205603e-01 5.0000000000000000e+00 0
1.0000000000000000e+00 8.7059677396827129e-01 5.0000000000000000e+00 0
1.0000000000000000e+00 9.2838992928555641e-01 5.0000000000000000e+00 0
1.0000000000000000e+00 9.6999999999999997e-01 5.0000000000000000e+00 0
1.0000000000000000e+00 1.0000000000000000e+00 5.0000000000000003e-02 0
1.0000000000000000e+00 1.0000000000000000e+00 1.0760351844749161e-01 0
1.0000000000000000e+00 1.0000000000000000e+00 1.7514085763817716e-01 0
1.0000000000000000e+00 1.0000000000000000e+00 2.5373582248982757e-01 0
1.0000000000000000e+00 1.0000000000000000e+00 3.4518607626278641e-01 0
1.0000000000000000e+00 1.0000000000000000e+00 4.5157695618349819e-01 0
1.0000000000000000e+00 1.0000000000000000e+00 5.7532585591626439e-01 0
1.0000000000000000e+00 1.0000000000000000e+00 7.1923284878260130e-01 0
1.0000000000000000e+00 1.0000000000000000e+00 8.8653819836569614e-01 0
1.0000000000000000e+00 1.0000000000000000e+00 1.0809873737115407e+00 0
1.0000000000000000e+00 1.0000000000000000e+00 1.3069041036010010e+00 0
1.0000000000000000e+00 1.0000000000000000e+00 1.5692718422580283e+00 0
1.0000000000000000e+00 1.0000000000000000e+00 1.8738237408649592e+00 0
1.0000000000000000e+00 1.0000000000000000e+00 2.2271407744914233e+00 0
1.0000000000000000e+00 1.0000000000000000e+00 2.6367569919055751e+00 0
1.0000000000000000e+00 1.0000000000000000e+00 3.1112698386137394e+00 0
1.0000000000000000e+00 1.0000000000000000e+00 3.6604520168157655e+00 0
1.0000000000000000e+00 1.0000000000000000e+00 4.2500000000000000e+00 0
1.0000000000000000e+00 2.9999999999999999e-01 0.0000000000000000e+00 0
1.0000000000000000e+00 5.2376650059353413e-01 0.0000000000000000e+00 0
1.0000000000000000e+00 6.7885529328623995e-01 0.0000000000000000e+00 0
1.0000000000000000e+00 7.9035358010205603e-01 0.0000000000000000e+00 0
1.0000000000000000e+00 8.7059677396827129e-01 0.0000000000000000e+00 0
1.0000000000000000e+00 9.2838992928555641e-01 0.0000000000000000e+00 0
1.0000000000000000e+00 9.6999999999999997e-01 0.0000000000000000e+00 0
2.9999999999999999e-01 0.0000000000000000e+00 0.0000000000000000e+00 0
5.2376650059353413e-01 0.0000000000000000e+00 0.0000000000000000e+00 0
6.7885529328623995e-01 0.0000000000000000e+00 0.0000000000000000e+00 0
7.9035358010205603e-01 0.0000000000000000e+00 0.0000000000000000e+00 0
8.7059677396827129e-01 0.0000000000000000e+00 0.0000000000000000e+00 0
9.2838992928555641e-01 0.0000000000000000e+00 0.0000000000000000e+00 0
9.6999999999999997e-01 0.0000000000000000e+00 0.0000000000000000e+00 0
2.9999999999999999e-01 0.0000000000000000e+00 5.0000000000000000e+00 0
5.2376650059353413e-01 0.0000000000000000e+00 5.0000000000000000e+00 0
6.7885529328623995e-01 0.0000000000000000e+00 5.0000000000000000e+00 0
7.9035358010205603e-01 0.0000000000000000e+00 5.0000000000000000e+00 0
8.7059677396827129e-01 0.0000000000000000e+00 5.0000000000000000e+00 0
9.2838992928555641e-01 0.0000000000000000e+00 5.0000000000000000e+00 0
9.6999999999999997e-01 0.0000000000000000e+00 5.0000000000000000e+00 0
2.9999999999999999e-01 1.0000000000000000e+00 0.0000000000000000e+00 0
5.2376650059353413e-01 1.0000000000000000e+00 0.0000000000000000e+00 0
6.7885529328623995e-01 1.0000000000000000e+00 0.0000000000000000e+00 0
7.9035358010205603e-01 1.0000000000000000e+00 0.0000000000000000e+00 0
8.7059677396827129e-01 1.0000000000000000e+00 0.0000000000000000e+00 0
9.2838992928555641e-01 1.0000000000000000e+00 0.0000000000000000e+00 0
9.6999999999999997e-01 1.0000000000000000e+00 0.0000000000000000e+00 0
2.9999999999999999e-01 1.0000000000000000e+00 5.0000000000000000e+00 0
5.2376650059353413e-01 1.0000000000000000e+00 5.0000000000000000e+00 0
6.7885529328623995e-01 1.0000000000000000e+00 5.0000000000000000e+00 0
7.9035358010205603e-01 1.0000000000000000e+00 5.0000000000000000e+00 0
8.7059677396827129e-01 1.0000000000000000e+00 5.0000000000000000e+00 0
9.2838992928555641e-01 1.0000000000000000e+00 5.0000000000000000e+00 0
9.6999999999999997e-01 1.0000000000000000e+00 5.0000000000000000e+00 0
0.0000000000000000e+00 0.0000000000000000e+00 5.7500000000000000e+00 0
0.0000000000000000e+00 0.0000000000000000e+00 6.3395479831842358e+00 0
0.0000000000000000e+00 0.0000000000000000e+00 6.8887301613862615e+00 0
0.0000000000000000e+00 0.0000000000000000e+00 7.3632430080944262e+00 0
0.0000000000000000e+00 0.0000000000000000e+00 7.7728592255085776e+00 0
0.0000000000000000e+00 0.0000000000000000e+00 8.1261762591350415e+00 0
0.0000000000000000e+00 0.0000000000000000e+00 8.4307281577419726e+00 0
0.0000000000000000e+00 0.0000000000000000e+00 8.6930958963990008e+00 0
0.0000000000000000e+00 0.0000000000000000e+00 8.9190126262884597e+00 0
0.0000000000000000e+00 0.0000000000000000e+00 9.1134618016343047e+00 0
0.0000000000000000e+00 0.0000000000000000e+00 9.2807671512174004e+00 0
0.0000000000000000e+00 0.0000000000000000e+00 9.4246741440837383e+00 0
0.0000000000000000e+00 0.0000000000000000e+00 9.5484230438165021e+00 0
0.0000000000000000e+00 0.0000000000000000e+00 9.6548139237372155e+00 0
0.0000000000000000e+00 0.0000000000000000e+00 9.7462641775101737e+00 0
0.0000000000000000e+00 0.0000000000000000e+00 9.8248591423618237e+00 0
0.0000000000000000e+00 0.0000000000000000e+00 9.8923964815525096e+00 0
0.0000000000000000e+00 0.0000000000000000e+00 9.9499999999999993e+00 0
0.0000000000000000e+00 2.9999999999999999e-01 1.0000000000000000e+01 0
0.0000000000000000e+00 5.2376650059353413e-01 1.0000000000000000e+01 0
0.0000000000000000e+00 6.7885529328623995e-01 1.0000000000000000e+01 0
0.0000000000000000e+00 7.9035358010205603e-01 1.0000000000000000e+01 0
0.0000000000000000e+00 8.7059677396827129e-01 1.0000000000000000e+01 0
0.0000000000000000e+00 9.2838992928555641e-01 1.0000000000000000e+01 0
0.0000000000000000e+00 9.6999999999999997e-01 1.0000000000000000e+01 0
0.0000000000000000e+00 1.0000000000000000e+00 5.7500000000000000e+00 0
0.0000000000000000e+00 1.0000000000000000e+00 6.3395479831842358e+00 0
0.0000000000000000e+00 1.0000000000000000e+00 6.8887301613862615e+00 0
0.0000000000000000e+00 1.0000000000000000e+00 7.3632430080944262e+00 0
0.0000000000000000e+00 1.0000000000000000e+00 7.7728592255085776e+00 0
0.0000000000000000e+00 1.0000000000000000e+00 8.1261762591350415e+00 0
0.0000000000000000e+00 1.0000000000000000e+00 8.4307281577419726e+00 0
0.0000000000000000e+00 1.0000000000000000e+00 8.6930958963990008e+00 0
0.0000000000000000e+00 1.0000000000000000e+00 8.9190126262884597e+00 0
0.0000000000000000e+00 1.0000000000000000e+00 9.1134618016343047e+00 0
0.0000000000000000e+00 1.0000000000000000e+00 9.2807671512174004e+00 0
0.0000000000000000e+00 1.0000000000000000e+00 9.4246741440837383e+00 0
0.0000000000000000e+00 1.0000000000000000e+00 9.5484230438165021e+00 0
0.0000000000000000e+00 1.0000000000000000e+00 9.6548139237372155e+00 0
0.0000000000000000e+00 1.0000000000000000e+00 9.7462641775101737e+00 0
0.0000000000000000e+00 1.0000000000000000e+00 9.8248591423618237e+00 0
0.0000000000000000e+00 1.0000000000000000e+00 9.8923964815525096e+00 0
0.0000000000000000e+00 1.0000000000000000e+00 9.9499999999999993e+00 0
1.0000000000000000e+00 0.0000000000000000e+00 5.7500000000000000e+00 0
1.0000000000000000e+00 0.0000000000000000e+00 6.3395479831842358e+00 0
1.0000000000000000e+00 0.0000000000000000e+00 6.8887301613862615e+00 0
1.0000000000000000e+00 0.0000000000000000e+00 7.3632430080944262e+00 0
1.0000000000000000e+00 0.0000000000000000e+00 7.7728592255085776e+00 0
1.0000000000000000e+00 0.0000000000000000e+00 8.1261762591350415e+00 0
1.0000000000000000e+00 0.0000000000000000e+00 8.4307281577419726e+00 0
1.0000000000000000e+00 0.0000000000000000e+00 8.6930958963990008e+00 0
1.0000000000000000e+00 0.0000000000000000e+00 8.9190126262884597e+00 0
1.0000000000000000e+00 0.0000000000000000e+00 9.1134618016343047e+00 0
1.0000000000000000e+00 0.0000000000000000e+00 9.2807671512174004e+00 0
1.0000000000000000e+00 0.0000000000000000e+00 9.4246741440837383e+00 0
1.0000000000000000e+00 0.0000000000000000e+00 9.5484230438165021e+00 0
1.0000000000000000e+00 0.0000000000000000e+00 9.6548139237372155e+00 0
1.0000000000000000e+00 0.0000000000000000e+00 9.7462641775101737e+00 0
1.0000000000000000e+00 0.0000000000000000e+00 9.8248591423618237e+00 0
1.0000000000000000e+00 0.0000000000000000e+00 9.8923964815525096e+00 0
1.0000000000000000e+00 0.0000000000000000e+00 9.9499999999999993e+00 0
1.0000000000000000e+00 2.9999999999999999e-01 1.0000000000000000e+01 0
1.0000000000000000e+00 5.2376650059353413e-01 1.0000000000000000e+01 0
1.0000000000000000e+00 6.7885529328623995e-01 1.0000000000000000e+01 0
1.0000000000000000e+00 7.9035358010205603e-01 1.0000000000000000e+01 0
1.0000000000000000e+00 8.7059677396827129e-01 1.0000000000000000e+01 0
1.0000000000000000e+00 9.2838992928555641e-01 1.0000000000000000e+01 0
1.0000000000000000e+00 9.6999999999999997e-01 1.0000000000000000e+01 0
1.0000000000000000e+00 1.0000000000000000e+00 5.7500000000000000e+00 0
1.0000000000000000e+00 1.0000000000000000e+00 6.3395479831842358e+00 0
1.0000000000000000e+00 1.0000000000000000e+00 6.8887301613862615e+00 0
1.0000000000000000e+00 1.0000000000000000e+00 7.3632430080944262e+00 0
1.0000000000000000e+00 1.0000000000000000e+00 7.7728592255085776e+00 0
1.0000000000000000e+00 1.0000000000000000e+00 8.1261762591350415e+00 0
1.0000000000000000e+00 1.0000000000000000e+00 8.4307281577419726e+00 0
1.0000000000000000e+00 1.0000000000000000e+00 8.6930958963990008e+00 0
1.0000000000000000e+00 1.0000000000000000e+00 8.9190126262884597e+00 0
1.0000000000000000e+00 1.0000000000000000e+00 9.1134618016343047e+00 0
1.0000000000000000e+00 1.0000000000000000e+00 9.2807671512174004e+00 0
1.0000000000000000e+00 1.0000000000000000e+00 9.4246741440837383e+00 0
1.0000000000000000e+00 1.0000000000000000e+00 9.5484230438165021e+00 0
1.0000000000000000e+00 1.0000000000000000e+00 9.6548139237372155e+00 0
1.0000000000000000e+00 1.0000000000000000e+00 9.7462641775101737e+00 0
1.0000000000000000e+00 1.0000000000000000e+00 9.8248591423618237e+00 0
1.0000000000000000e+00 1.0000000000000000e+00 9.8923964815525096e+00 0
1.0000000000000000e+00 1.0000000000000000e+00 9.9499999999999993e+00 0
2.9999999999999999e-01 0.0000000000000000e+00 1.0000000000000000e+01 0
5.2376650059353413e-01 0.0000000000000000e+00 1.0000000000000000e+01 0
6.7885529328623995e-01 0.0000000000000000e+00 1.0000000000000000e+01 0
7.9035358010205603e-01 0.0000000000000000e+00 1.0000000000000000e+01 0
8.7059677396827129e-01 0.0000000000000000e+00 1.0000000000000000e+01 0
9.2838992928555641e-01 0.0000000000000000e+00 1.0000000000000000e+01 0
9.6999999999999997e-01 0.0000000000000000e+00 1.0000000000000000e+01 0
2.9999999999999999e-01 1.0000000000000000e+00 1.0000000000000000e+01 0
5.2376650059353413e-01 1.0000000000000000e+00 1.0000000000000000e+01 0
6.7885529328623995e-01 1.0000000000000000e+00 1.0000000000000000e+01 0
7.9035358010205603e-01 1.0000000000000000e+00 1.0000000000000000e+01 0
8.7059677396827129e-01 1.0000000000000000e+00 1.0000000000000000e+01 0
9.2838992928555641e-01 1.0000000000000000e+00 1.0000000000000000e+01 0
9.6999999999999997e-01 1.0000000000000000e+00 1.0000000000000000e+01 0
0.0000000000000000e+00 2.9999999999999999e-01 4.9999999999999996e-02 0
0.0000000000000000e+00 5.2376650059353413e-01 5.0000000000000003e-02 0
0.0000000000000000e+00 6.7885529328623995e-01 5.0000000000000003e-02 0
0.0000000000000000e+00 7.9035358010205603e-01 5.0000000000000003e-02 0
0.0000000000000000e+00 8.7059677396827129e-01 5.0000000000000003e-02 0
0.0000000000000000e+00 9.2838992928555641e-01 5.0000000000000003e-02 0
0.0000000000000000e+00 9.6999999999999997e-01 5.0000000000000003e-02 0
0.0000000000000000e+00 2.9999999999999999e-01 1.0760351844749161e-01 0
0.0000000000000000e+00 5.2376650059353413e-01 1.0760351844749161e-01 0
0.0000000000000000e+00 6.7885529328623995e-01 1.0760351844749161e-01 0
0.0000000000000000e+00 7.9035358010205603e-01 1.0760351844749162e-01 0
0.0000000000000000e+00 8.7059677396827129e-01 1.0760351844749161e-01 0
0.0000000000000000e+00 9.2838992928555641e-01 1.0760351844749161e-01 0
0.0000000000000000e+00 9.6999999999999997e-01 1.0760351844749161e-01 0
0.0000000000000000e+00 3.0000000000000004e-01 1.7514085763817716e-01 0
0.0000000000000000e+00 5.2376650059353413e-01 1.7514085763817716e-01 0
0.0000000000000000e+00 6.7885529328624006e-01 1.7514085763817716e-01 0
0.0000000000000000e+00 7.9035358010205603e-01 1.7514085763817716e-01 0
0.0000000000000000e+00 8.7059677396827118e-01 1.7514085763817713e-01 0
0.0000000000000000e+00 9.2838992928555653e-01 1.7514085763817713e-01 0
0.0000000000000000e+00 9.6999999999999997e-01 1.7514085763817716e-01 0
0.0000000000000000e+00 2.9999999999999999e-01 2.5373582248982757e-01 0
0.0000000000000000e+00 5.2376650059353413e-01 2.5373582248982757e-01 0
0.0000000000000000e+00 6.7885529328623995e-01 2.5373582248982751e-01 0
0.0000000000000000e+00 7.9035358010205603e-01 2.5373582248982757e-01 0
0.0000000000000000e+00 8.7059677396827129e-01 2.5373582248982757e-01 0
0.0000000000000000e+00 9.2838992928555641e-01 2.5373582248982757e-01 0
0.0000000000000000e+00 9.6999999999999997e-01 2.5373582248982757e-01 0
0.0000000000000000e+00 2.9999999999999999e-01 3.4518607626278647e-01 0
0.0000000000000000e+00 5.2376650059353413e-01 3.4518607626278641e-01 0
0.0000000000000000e+00 6.7885529328623995e-01 3.4518607626278641e-01 0
0.0000000000000000e+00 7.9035358010205603e-01 3.4518607626278641e-01 0
0.0000000000000000e+00 8.7059677396827129e-01 3.4518607626278641e-01 0
0.0000000000000000e+00 9.2838992928555641e-01 3.4518607626278647e-01 0
0.0000000000000000e+00 9.6999999999999997e-01 3.4518607626278647e-01 0
0.0000000000000000e+00 2.9999999999999999e-01 4.5157695618349819e-01 0
0.0000000000000000e+00 5.2376650059353413e-01 4.5157695618349813e-01 0
0.0000000000000000e+00 6.7885529328623995e-01 4.5157695618349825e-01 0
0.0000000000000000e+00 7.9035358010205603e-01 4.5157695618349808e-01 0
0.0000000000000000e+00 8.7059677396827129e-01 4.5157695618349802e-01 0
0.0000000000000000e+00 9.2838992928555641e-01 4.5157695618349819e-01 0
0.0000000000000000e+00 9.6999999999999997e-01 4.5157695618349813e-01 0
0.0000000000000000e+00 2.9999999999999999e-01 5.7532585591626439e-01 0
0.0000000000000000e+00 5.2376650059353413e-01 5.7532585591626439e-01 0
0.0000000000000000e+00 6.7885529328623995e-01 5.7532585591626439e-01 0
0.0000000000000000e+00 7.9035358010205603e-01 5.7532585591626439e-01 0
0.0000000000000000e+00 8.7059677396827140e-01 5.7532585591626451e-01 0
0.0000000000000000e+00 9.2838992928555641e-01 5.7532585591626439e-01 0
0.0000000000000000e+00 9.6999999999999997e-01 5.7532585591626439e-01 0
0.0000000000000000e+00 3.0000000000000004e-01 7.1923284878260130e-01 0
0.0000000000000000e+00 5.2376650059353413e-01 7.1923284878260119e-01 0
0.0000000000000000e+00 6.7885529328623995e-01 7.1923284878260141e-01 0
0.0000000000000000e+00 7.9035358010205614e-01 7.1923284878260141e-01 0
0.0000000000000000e+00 8.7059677396827118e-01 7.1923284878260152e-01 0
0.0000000000000000e+00 9.2838992928555641e-01 7.1923284878260141e-01 0
0.0000000000000000e+00 9.7000000000000008e-01 7.1923284878260141e-01 0
0.0000000000000000e+00 2.9999999999999999e-01 8.8653819836569614e-01 0
0.0000000000000000e+00 5.2376650059353413e-01 8.8653819836569614e-01 0
0.0000000000000000e+00 6.7885529328623995e-01 8.8653819836569614e-01 0
0.0000000000000000e+00 7.9035358010205603e-01 8.8653819836569614e-01 0
0.0000000000000000e+00 8.7059677396827151e-01 8.8653819836569614e-01 0
0.0000000000000000e+00 9.2838992928555641e-01 8.8653819836569614e-01 0
0.0000000000000000e+00 9.6999999999999997e-01 8.8653819836569614e-01 0
0.0000000000000000e+00 2.9999999999999993e-01 1.0809873737115407e+00 0
0.0000000000000000e+00 5.2376650059353413e-01 1.0809873737115407e+00 0
0.0000000000000000e+00 6.7885529328623995e-01 1.0809873737115407e+00 0
0.0000000000000000e+00 7.9035358010205603e-01 1.0809873737115407e+00 0
0.0000000000000000e+00 8.7059677396827118e-01 1.0809873737115405e+00 0
0.0000000000000000e+00 9.2838992928555630e-01 1.0809873737115407e+00 0
0.0000000000000000e+00 9.6999999999999997e-01 1.0809873737115407e+00 0
0.0000000000000000e+00 2.9999999999999999e-01 1.3069041036010010e+00 0
0.0000000000000000e+00 5.2376650059353413e-01 1.3069041036010010e+00 0
0.0000000000000000e+00 6.7885529328623995e-01 1.3069041036010010e+00 0
0.0000000000000000e+00 7.9035358010205603e-01 1.3069041036010010e+00 0
0.0000000000000000e+00 8.7059677396827106e-01 1.3069041036010010e+00 0
0.0000000000000000e+00 9.2838992928555641e-01 1.3069041036010010e+00 0
0.0000000000000000e+00 9.6999999999999997e-01 1.3069041036010012e+00 0
0.0000000000000000e+00 2.9999999999999999e-01 1.5692718422580285e+00 0
0.0000000000000000e+00 5.2376650059353413e-01 1.5692718422580283e+00 0
0.0000000000000000e+00 6.7885529328623995e-01 1.5692718422580285e+00 0
0.0000000000000000e+00 7.9035358010205603e-01 1.5692718422580285e+00 0
0.0000000000000000e+00 8.7059677396827129e-01 1.5692718422580285e+00 0
0.0000000000000000e+00 9.2838992928555641e-01 1.5692718422580283e+00 0
0.0000000000000000e+00 9.6999999999999997e-01 1.5692718422580285e+00 0
0.0000000000000000e+00 2.9999999999999999e-01 1.8738237408649594e+00 0
0.0000000000000000e+00 5.2376650059353413e-01 1.8738237408649594e+00 0
0.0000000000000000e+00 6.7885529328623995e-01 1.8738237408649592e+00 0
0.0000000000000000e+00 7.9035358010205603e-01 1.8738237408649592e+00 0
0.0000000000000000e+00 8.7059677396827151e-01 1.8738237408649596e+00 0
0.0000000000000000e+00 9.2838992928555641e-01 1.8738237408649594e+00 0
0.0000000000000000e+00 9.6999999999999997e-01 1.8738237408649592e+00 0
0.0000000000000000e+00 2.9999999999999999e-01 2.2271407744914233e+00 0
0.0000000000000000e+00 5.2376650059353413e-01 2.2271407744914233e+00 0
0.0000000000000000e+00 6.7885529328623995e-01 2.2271407744914233e+00 0
0.0000000000000000e+00 7.9035358010205603e-01 2.2271407744914229e+00 0
0.0000000000000000e+00 8.7059677396827129e-01 2.2271407744914233e+00 0
0.0000000000000000e+00 9.2838992928555641e-01 2.2271407744914233e+00 0
0.0000000000000000e+00 9.6999999999999997e-01 2.2271407744914233e+00 0
0.0000000000000000e+00 2.9999999999999999e-01 2.6367569919055751e+00 0
0.0000000000000000e+00 5.2376650059353413e-01 2.6367569919055756e+00 0
0.0000000000000000e+00 6.7885529328623995e-01 2.6367569919055756e+00 0
0.0000000000000000e+00 7.9035358010205603e-01 2.6367569919055747e+00 0
0.0000000000000000e+00 8.7059677396827129e-01 2.6367569919055751e+00 0
0.0000000000000000e+00 9.2838992928555641e-01 2.6367569919055751e+00 0
0.0000000000000000e+00 9.6999999999999997e-01 2.6367569919055751e+00 0
0.0000000000000000e+00 2.9999999999999999e-01 3.1112698386137394e+00 0
0.0000000000000000e+00 5.2376650059353413e-01 3.1112698386137394e+00 0
0.0000000000000000e+00 6.7885529328623995e-01 3.1112698386137394e+00 0
0.0000000000000000e+00 7.9035358010205603e-01 3.1112698386137394e+00 0
0.0000000000000000e+00 8.7059677396827106e-01 3.1112698386137394e+00 0
0.0000000000000000e+00 9.2838992928555641e-01 3.1112698386137394e+00 0
0.0000000000000000e+00 9.6999999999999997e-01 3.1112698386137394e+00 0
0.0000000000000000e+00 2.9999999999999999e-01 3.6604520168157650e+00 0
0.0000000000000000e+00 5.2376650059353413e-01 3.6604520168157655e+00 0
0.0000000000000000e+00 6.7885529328623995e-01 3.6604520168157655e+00 0
0.0000000000000000e+00 7.9035358010205603e-01 3.6604520168157650e+00 0
0.0000000000000000e+00 8.7059677396827106e-01 3.6604520168157655e+00 0
0.0000000000000000e+00 9.2838992928555641e-01 3.6604520168157655e+00 0
0.0000000000000000e+00 9.6999999999999997e-01 3.6604520168157655e+00 0
0.0000000000000000e+00 2.9999999999999999e-01 4.2500000000000000e+00 0
0.0000000000000000e+00 5.2376650059353413e-01 4.2500000000000000e+00 0
0.0000000000000000e+00 6.7885529328623995e-01 4.2500000000000000e+00 0
0.0000000000000000e+00 7.9035358010205603e-01 4.2500000000000000e+00 0
0.0000000000000000e+00 8.7059677396827151e-01 4.2500000000000000e+00 0
0.0000000000000000e+00 9.2838992928555641e-01 4.2500000000000000e+00 0
0.0000000000000000e+00 9.6999999999999997e-01 4.2499999999999991e+00 0
1.0000000000000000e+00 2.9999999999999999e-01 4.2500000000000000e+00 0
1.0000000000000000e+00 5.2376650059353413e-01 4.2500000000000000e+00 0
1.0000000000000000e+00 6.7885529328623995e-01 4.2500000000000000e+00 0
1.0000000000000000e+00 7.9035358010205603e-01 4.2500000000000000e+00 0
1.0000000000000000e+00 8.7059677396827129e-01 4.2500000000000000e+00 0
1.0000000000000000e+00 9.2838992928555641e-01 4.2500000000000000e+00 0
1.0000000000000000e+00 9.6999999999999997e-01 4.2499999999999991e+00 0
1.0000000000000000e+00 2.9999999999999999e-01 3.6604520168157650e+00 0
1.0000000000000000e+00 5.2376650059353413e-01 3.6604520168157655e+00 0
1.0000000000000000e+00 6.7885529328623995e-01 3.6604520168157655e+00 0
1.0000000000000000e+00 7.9035358010205603e-01 3.6604520168157650e+00 0
1.0000000000000000e+00 8.7059677396827129e-01 3.6604520168157655e+00 0
1.0000000000000000e+00 9.2838992928555641e-01 3.6604520168157655e+00 0
1.0000000000000000e+00 9.6999999999999997e-01 3.6604520168157655e+00 0
1.0000000000000000e+00 2.9999999999999999e-01 3.1112698386137394e+00 0
1.0000000000000000e+00 5.2376650059353413e-01 3.1112698386137394e+00 0
1.0000000000000000e+00 6.7885529328623995e-01 3.1112698386137394e+00 0
1.0000000000000000e+00 7.9035358010205603e-01 3.1112698386137394e+00 0
1.0000000000000000e+00 8.7059677396827129e-01 3.1112698386137394e+00 0
1.0000000000000000e+00 9.2838992928555641e-01 3.1112698386137394e+00 0
1.0000000000000000e+00 9.6999999999999997e-01 3.1112698386137394e+00 0
1.0000000000000000e+00 2.9999999999999999e-01 2.6367569919055751e+00 0
1.0000000000000000e+00 5.2376650059353413e-01 2.6367569919055756e+00 0
1.0000000000000000e+00 6.7885529328623995e-01 2.6367569919055756e+00 0
1.0000000000000000e+00 7.9035358010205603e-01 2.6367569919055747e+00 0
1.0000000000000000e+00 8.7059677396827106e-01 2.6367569919055751e+00 0
1.0000000000000000e+00 9.2838992928555641e-01 2.6367569919055751e+00 0
1.0000000000000000e+00 9.6999999999999997e-01 2.6367569919055751e+00 0
1.0000000000000000e+00 2.9999999999999999e-01 2.2271407744914233e+00 0
1.0000000000000000e+00 5.2376650059353413e-01 2.2271407744914233e+00 0
1.0000000000000000e+00 6.7885529328623995e-01 2.2271407744914233e+00 0
1.0000000000000000e+00 7.9035358010205603e-01 2.2271407744914229e+00 0
1.0000000000000000e+00 8.7059677396827129e-01 2.2271407744914233e+00 0
1.0000000000000000e+00 9.2838992928555641e-01 2.2271407744914233e+00 0
1.0000000000000000e+00 9.6999999999999997e-01 2.2271407744914233e+00 0
1.0000000000000000e+00 2.9999999999999999e-01 1.8738237408649590e+00 0
1.0000000000000000e+00 5.2376650059353413e-01 1.8738237408649594e+00 0
1.0000000000000000e+00 6.7885529328623995e-01 1.8738237408649594e+00 0
1.0000000000000000e+00 7.9035358010205603e-01 1.8738237408649594e+00 0
1.0000000000000000e+00 8.7059677396827118e-01 1.8738237408649594e+00 0
1.0000000000000000e+00 9.2838992928555664e-01 1.8738237408649590e+00 0
1.0000000000000000e+00 9.6999999999999997e-01 1.8738237408649592e+00 0
1.0000000000000000e+00 2.9999999999999999e-01 1.5692718422580285e+00 0
1.0000000000000000e+00 5.2376650059353413e-01 1.5692718422580283e+00 0
1.0000000000000000e+00 6.7885529328623995e-01 1.5692718422580285e+00 0
1.0000000000000000e+00 7.9035358010205603e-01 1.5692718422580285e+00 0
1.0000000000000000e+00 8.7059677396827106e-01 1.5692718422580285e+00 0
1.0000000000000000e+00 9.2838992928555641e-01 1.5692718422580283e+00 0
1.0000000000000000e+00 9.6999999999999997e-01 1.5692718422580285e+00 0
1.0000000000000000e+00 2.9999999999999999e-01 1.3069041036010010e+00 0
1.0000000000000000e+00 5.2376650059353413e-01 1.3069041036010010e+00 0
1.0000000000000000e+00 6.7885529328623995e-01 1.3069041036010010e+00 0
1.0000000000000000e+00 7.9035358010205581e-01 1.3069041036010010e+00 0
1.0000000000000000e+00 8.7059677396827129e-01 1.3069041036010010e+00 0
1.0000000000000000e+00 9.2838992928555641e-01 1.3069041036010010e+00 0
1.0000000000000000e+00 9.6999999999999975e-01 1.3069041036010012e+00 0
1.0000000000000000e+00 2.9999999999999999e-01 1.0809873737115412e+00 0
1.0000000000000000e+00 5.2376650059353413e-01 1.0809873737115410e+00 0
1.0000000000000000e+00 6.7885529328623972e-01 1.0809873737115407e+00 0
1.0000000000000000e+00 7.9035358010205603e-01 1.0809873737115410e+00 0
1.0000000000000000e+00 8.7059677396827151e-01 1.0809873737115410e+00 0
1.0000000000000000e+00 9.2838992928555641e-01 1.0809873737115407e+00 0
1.0000000000000000e+00 9.6999999999999997e-01 1.0809873737115410e+00 0
1.0000000000000000e+00 2.9999999999999999e-01 8.8653819836569614e-01 0
1.0000000000000000e+00 5.2376650059353413e-01 8.8653819836569614e-01 0
1.0000000000000000e+00 6.7885529328623995e-01 8.8653819836569614e-01 0
1.0000000000000000e+00 7.9035358010205603e-01 8.8653819836569614e-01 0
1.0000000000000000e+00 8.7059677396827129e-01 8.8653819836569614e-01 0
1.0000000000000000e+00 9.2838992928555641e-01 8.8653819836569614e-01 0
1.0000000000000000e+00 9.6999999999999997e-01 8.8653819836569614e-01 0
1.0000000000000000e+00 2.9999999999999999e-01 7.1923284878260130e-01 0
1.0000000000000000e+00 5.2376650059353413e-01 7.1923284878260119e-01 0
1.0000000000000000e+00 6.7885529328623995e-01 7.1923284878260119e-01 0
1.0000000000000000e+00 7.9035358010205581e-01 7.1923284878260119e-01 0
1.0000000000000000e+00 8.7059677396827129e-01 7.1923284878260108e-01 0
1.0000000000000000e+00 9.2838992928555664e-01 7.1923284878260108e-01 0
1.0000000000000000e+00 9.6999999999999975e-01 7.1923284878260108e-01 0
1.0000000000000000e+00 2.9999999999999999e-01 5.7532585591626439e-01 0
1.0000000000000000e+00 5.2376650059353413e-01 5.7532585591626439e-01 0
1.0000000000000000e+00 6.7885529328623995e-01 5.7532585591626439e-01 0
1.0000000000000000e+00 7.9035358010205625e-01 5.7532585591626439e-01 0
1.0000000000000000e+00 8.7059677396827140e-01 5.7532585591626451e-01 0
1.0000000000000000e+00 9.2838992928555641e-01 5.7532585591626439e-01 0
1.0000000000000000e+00 9.6999999999999975e-01 5.7532585591626439e-01 0
1.0000000000000000e+00 2.9999999999999999e-01 4.5157695618349813e-01 0
1.0000000000000000e+00 5.2376650059353413e-01 4.5157695618349813e-01 0
1.0000000000000000e+00 6.7885529328623995e-01 4.5157695618349813e-01 0
1.0000000000000000e+00 7.9035358010205603e-01 4.5157695618349813e-01 0
1.0000000000000000e+00 8.7059677396827151e-01 4.5157695618349813e-01 0
1.0000000000000000e+00 9.2838992928555641e-01 4.5157695618349813e-01 0
1.0000000000000000e+00 9.6999999999999997e-01 4.5157695618349808e-01 0
1.0000000000000000e+00 2.9999999999999999e-01 3.4518607626278641e-01 0
1.0000000000000000e+00 5.2376650059353413e-01 3.4518607626278641e-01 0
1.0000000000000000e+00 6.7885529328623995e-01 3.4518607626278641e-01 0
1.0000000000000000e+00 7.9035358010205603e-01 3.4518607626278641e-01 0
1.0000000000000000e+00 8.7059677396827129e-01 3.4518607626278641e-01 0
1.0000000000000000e+00 9.2838992928555664e-01 3.4518607626278641e-01 0
1.0000000000000000e+00 9.6999999999999997e-01 3.4518607626278647e-01 0
1.0000000000000000e+00 2.9999999999999999e-01 2.5373582248982751e-01 0
1.0000000000000000e+00 5.2376650059353413e-01 2.5373582248982751e-01 0
1.0000000000000000e+00 6.7885529328623972e-01 2.5373582248982751e-01 0
1.0000000000000000e+00 7.9035358010205603e-01 2.5373582248982751e-01 0
1.0000000000000000e+00 8.7059677396827129e-01 2.5373582248982751e-01 0
1.0000000000000000e+00 9.2838992928555641e-01 2.5373582248982751e-01 0
1.0000000000000000e+00 9.6999999999999997e-01 2.5373582248982751e-01 0
1.0000000000000000e+00 2.9999999999999999e-01 1.7514085763817716e-01 0
1.0000000000000000e+00 5.2376650059353413e-01 1.7514085763817716e-01 0
1.0000000000000000e+00 6.7885529328623995e-01 1.7514085763817716e-01 0
1.0000000000000000e+00 7.9035358010205603e-01 1.7514085763817716e-01 0
1.0000000000000000e+00 8.7059677396827129e-01 1.7514085763817716e-01 0
1.0000000000000000e+00 9.2838992928555641e-01 1.7514085763817719e-01 0
1.0000000000000000e+00 9.6999999999999997e-01 1.7514085763817716e-01 0
1.0000000000000000e+00 2.9999999999999999e-01 1.0760351844749162e-01 0
1.0000000000000000e+00 5.2376650059353413e-01 1.0760351844749161e-01 0
1.0000000000000000e+00 6.7885529328623995e-01 1.0760351844749161e-01 0
1.0000000000000000e+00 7.9035358010205603e-01 1.0760351844749161e-01 0
1.0000000000000000e+00 8.7059677396827129e-01 1.0760351844749159e-01 0
1.0000000000000000e+00 9.2838992928555641e-01 1.0760351844749161e-01 0
1.0000000000000000e+00 9.6999999999999997e-01 1.0760351844749161e-01 0
1.0000000000000000e+00 2.9999999999999999e-01 4.9999999999999996e-02 0
1.0000000000000000e+00 5.2376650059353413e-01 5.0000000000000003e-02 0
1.0000000000000000e+00 6.7885529328623995e-01 5.0000000000000010e-02 0
1.0000000000000000e+00 7.9035358010205603e-01 5.0000000000000003e-02 0
1.0000000000000000e+00 8.7059677396827129e-01 5.0000000000000010e-02 0
1.0000000000000000e+00 9.2838992928555641e-01 5.0000000000000003e-02 0
1.0000000000000000e+00 9.6999999999999997e-01 5.0000000000000003e-02 0
2.9999999999999999e-01 0.0000000000000000e+00 5.0000000000000010e-02 0
2.9999999999999999e-01 0.0000000000000000e+00 1.0760351844749161e-01 0
3.0000000000000004e-01 0.0000000000000000e+00 1.7514085763817716e-01 0
2.9999999999999999e-01 0.0000000000000000e+00 2.5373582248982757e-01 0
2.9999999999999999e-01 0.0000000000000000e+00 3.4518607626278647e-01 0
2.9999999999999999e-01 0.0000000000000000e+00 4.5157695618349819e-01 0
2.9999999999999999e-01 0.0000000000000000e+00 5.7532585591626439e-01 0
3.0000000000000004e-01 0.0000000000000000e+00 7.1923284878260152e-01 0
2.9999999999999999e-01 0.0000000000000000e+00 8.8653819836569614e-01 0
2.9999999999999993e-01 0.0000000000000000e+00 1.0809873737115407e+00 0
2.9999999999999999e-01 0.0000000000000000e+00 1.3069041036010010e+00 0
2.9999999999999999e-01 0.0000000000000000e+00 1.5692718422580285e+00 0
2.9999999999999999e-01 0.0000000000000000e+00 1.8738237408649590e+00 0
2.9999999999999999e-01 0.0000000000000000e+00 2.2271407744914233e+00 0
2.9999999999999999e-01 0.0000000000000000e+00 2.6367569919055751e+00 0
2.9999999999999999e-01 0.0000000000000000e+00 3.1112698386137394e+00 0
2.9999999999999999e-01 0.0000000000000000e+00 3.6604520168157650e+00 0
2.9999999999999999e-01 0.0000000000000000e+00 4.2500000000000000e+00 0
5.2376650059353413e-01 0.0000000000000000e+00 5.0000000000000003e-02 0
5.2376650059353391e-01 0.0000000000000000e+00 1.0760351844749161e-01 0
5.2376650059353413e-01 0.0000000000000000e+00 1.7514085763817716e-01 0
5.2376650059353413e-01 0.0000000000000000e+00 2.5373582248982757e-01 0
5.2376650059353413e-01 0.0000000000000000e+00 3.4518607626278641e-01 0
5.2376650059353413e-01 0.0000000000000000e+00 4.5157695618349825e-01 0
5.2376650059353413e-01 0.0000000000000000e+00 5.7532585591626439e-01 0
5.2376650059353413e-01 0.0000000000000000e+00 7.1923284878260119e-01 0
5.2376650059353413e-01 0.0000000000000000e+00 8.8653819836569614e-01 0
5.2376650059353413e-01 0.0000000000000000e+00 1.0809873737115407e+00 0
5.2376650059353413e-01 0.0000000000000000e+00 1.3069041036010010e+00 0
5.2376650059353413e-01 0.0000000000000000e+00 1.5692718422580283e+00 0
5.2376650059353413e-01 0.0000000000000000e+00 1.8738237408649594e+00 0
5.2376650059353413e-01 0.0000000000000000e+00 2.2271407744914233e+00 0
5.2376650059353413e-01 0.0000000000000000e+00 2.6367569919055764e+00 0
5.2376650059353413e-01 0.0000000000000000e+00 3.1112698386137394e+00 0
5.2376650059353413e-01 0.0000000000000000e+00 3.6604520168157655e+00 0
5.2376650059353413e-01 0.0000000000000000e+00 4.2500000000000000e+00 0
6.7885529328623995e-01 0.0000000000000000e+00 5.0000000000000003e-02 0
6.7885529328624017e-01 0.0000000000000000e+00 1.0760351844749161e-01 0
6.7885529328624006e-01 0.0000000000000000e+00 1.7514085763817716e-01 0
6.7885529328623972e-01 0.0000000000000000e+00 2.5373582248982751e-01 0
6.7885529328623995e-01 0.0000000000000000e+00 3.4518607626278641e-01 0
6.7885529328623995e-01 0.0000000000000000e+00 4.5157695618349813e-01 0
6.7885529328623995e-01 0.0000000000000000e+00 5.7532585591626439e-01 0
6.7885529328623995e-01 0.0000000000000000e+00 7.1923284878260141e-01 0
6.7885529328623995e-01 0.0000000000000000e+00 8.8653819836569614e-01 0
6.7885529328623995e-01 0.0000000000000000e+00 1.0809873737115407e+00 0
6.7885529328623995e-01 0.0000000000000000e+00 1.3069041036010010e+00 0
6.7885529328623995e-01 0.0000000000000000e+00 1.5692718422580285e+00 0
6.7885529328623995e-01 0.0000000000000000e+00 1.8738237408649592e+00 0
6.7885529328623995e-01 0.0000000000000000e+00 2.2271407744914233e+00 0
6.7885529328623995e-01 0.0000000000000000e+00 2.6367569919055756e+00 0
6.7885529328623995e-01 0.0000000000000000e+00 3.1112698386137394e+00 0
6.7885529328623995e-01 0.0000000000000000e+00 3.6604520168157664e+00 0
6.7885529328623995e-01 0.0000000000000000e+00 4.2500000000000000e+00 0
7.9035358010205603e-01 0.0000000000000000e+00 5.0000000000000003e-02 0
7.9035358010205581e-01 0.0000000000000000e+00 1.0760351844749162e-01 0
7.9035358010205603e-01 0.0000000000000000e+00 1.7514085763817716e-01 0
7.9035358010205581e-01 0.0000000000000000e+00 2.5373582248982757e-01 0
7.9035358010205603e-01 0.0000000000000000e+00 3.4518607626278641e-01 0
7.9035358010205603e-01 0.0000000000000000e+00 4.5157695618349819e-01 0
7.9035358010205625e-01 0.0000000000000000e+00 5.7532585591626439e-01 0
7.9035358010205592e-01 0.0000000000000000e+00 7.1923284878260141e-01 0
7.9035358010205603e-01 0.0000000000000000e+00 8.8653819836569614e-01 0
7.9035358010205603e-01 0.0000000000000000e+00 1.0809873737115407e+00 0
7.9035358010205581e-01 0.0000000000000000e+00 1.3069041036010010e+00 0
7.9035358010205603e-01 0.0000000000000000e+00 1.5692718422580281e+00 0
7.9035358010205603e-01 0.0000000000000000e+00 1.8738237408649596e+00 0
7.9035358010205603e-01 0.0000000000000000e+00 2.2271407744914229e+00 0
7.9035358010205603e-01 0.0000000000000000e+00 2.6367569919055756e+00 0
7.9035358010205603e-01 0.0000000000000000e+00 3.1112698386137403e+00 0
7.9035358010205603e-01 0.0000000000000000e+00 3.6604520168157642e+00 0
7.9035358010205603e-01 0.0000000000000000e+00 4.2500000000000000e+00 0
8.7059677396827129e-01 0.0000000000000000e+00 5.0000000000000003e-02 0
8.7059677396827129e-01 0.0000000000000000e+00 1.0760351844749161e-01 0
8.7059677396827140e-01 0.0000000000000000e+00 1.7514085763817708e-01 0
8.7059677396827129e-01 0.0000000000000000e+00 2.5373582248982757e-01 0
8.7059677396827129e-01 0.0000000000000000e+00 3.4518607626278641e-01 0
8.7059677396827151e-01 0.0000000000000000e+00 4.5157695618349813e-01 0
8.7059677396827140e-01 0.0000000000000000e+00 5.7532585591626451e-01 0
8.7059677396827140e-01 0.0000000000000000e+00 7.1923284878260152e-01 0
8.7059677396827129e-01 0.0000000000000000e+00 8.8653819836569636e-01 0
8.7059677396827140e-01 0.0000000000000000e+00 1.0809873737115405e+00 0
8.7059677396827129e-01 0.0000000000000000e+00 1.3069041036010010e+00 0
8.7059677396827106e-01 0.0000000000000000e+00 1.5692718422580281e+00 0
8.7059677396827129e-01 0.0000000000000000e+00 1.8738237408649592e+00 0
8.7059677396827129e-01 0.0000000000000000e+00 2.2271407744914233e+00 0
8.7059677396827106e-01 0.0000000000000000e+00 2.6367569919055751e+00 0
8.7059677396827129e-01 0.0000000000000000e+00 3.1112698386137394e+00 0
8.7059677396827129e-01 0.0000000000000000e+00 3.6604520168157655e+00 0
8.7059677396827129e-01 0.0000000000000000e+00 4.2500000000000000e+00 0
9.2838992928555641e-01 0.0000000000000000e+00 5.0000000000000003e-02 0
9.2838992928555664e-01 0.0000000000000000e+00 1.0760351844749158e-01 0
9.2838992928555653e-01 0.0000000000000000e+00 1.7514085763817708e-01 0
9.2838992928555641e-01 0.0000000000000000e+00 2.5373582248982757e-01 0
9.2838992928555664e-01 0.0000000000000000e+00 3.4518607626278647e-01 0
9.2838992928555641e-01 0.0000000000000000e+00 4.5157695618349819e-01 0
9.2838992928555641e-01 0.0000000000000000e+00 5.7532585591626439e-01 0
9.2838992928555641e-01 0.0000000000000000e+00 7.1923284878260119e-01 0
9.2838992928555641e-01 0.0000000000000000e+00 8.8653819836569614e-01 0
9.2838992928555630e-01 0.0000000000000000e+00 1.0809873737115407e+00 0
9.2838992928555641e-01 0.0000000000000000e+00 1.3069041036010010e+00 0
9.2838992928555641e-01 0.0000000000000000e+00 1.5692718422580283e+00 0
9.2838992928555641e-01 0.0000000000000000e+00 1.8738237408649594e+00 0
9.2838992928555641e-01 0.0000000000000000e+00 2.2271407744914233e+00 0
9.2838992928555641e-01 0.0000000000000000e+00 2.6367569919055751e+00 0
9.2838992928555641e-01 0.0000000000000000e+00 3.1112698386137394e+00 0
9.2838992928555641e-01 0.0000000000000000e+00 3.6604520168157664e+00 0
9.2838992928555641e-01 0.0000000000000000e+00 4.2500000000000000e+00 0
9.6999999999999997e-01 0.0000000000000000e+00 5.0000000000000003e-02 0
9.6999999999999997e-01 0.0000000000000000e+00 1.0760351844749164e-01 0
9.6999999999999997e-01 0.0000000000000000e+00 1.7514085763817711e-01 0
9.6999999999999997e-01 0.0000000000000000e+00 2.5373582248982757e-01 0
9.6999999999999997e-01 0.0000000000000000e+00 3.4518607626278647e-01 0
9.6999999999999997e-01 0.0000000000000000e+00 4.5157695618349802e-01 0
9.6999999999999975e-01 0.0000000000000000e+00 5.7532585591626439e-01 0
9.6999999999999986e-01 0.0000000000000000e+00 7.1923284878260119e-01 0
9.6999999999999997e-01 0.0000000000000000e+00 8.8653819836569614e-01 0
9.6999999999999997e-01 0.0000000000000000e+00 1.0809873737115412e+00 0
9.6999999999999975e-01 0.0000000000000000e+00 1.3069041036010016e+00 0
9.6999999999999997e-01 0.0000000000000000e+00 1.5692718422580285e+00 0
9.6999999999999975e-01 0.0000000000000000e+00 1.8738237408649592e+00 0
9.6999999999999997e-01 0.0000000000000000e+00 2.2271407744914233e+00 0
9.6999999999999997e-01 0.0000000000000000e+00 2.6367569919055751e+00 0
9.6999999999999997e-01 0.0000000000000000e+00 3.1112698386137394e+00 0
9.6999999999999997e-01 0.0000000000000000e+00 3.6604520168157655e+00 0
9.6999999999999997e-01 0.0000000000000000e+00 4.2499999999999973e+00 0
9.6999999999999997e-01 1.0000000000000000e+00 5.0000000000000003e-02 0
9.6999999999999997e-01 1.0000000000000000e+00 1.0760351844749161e-01 0
9.6999999999999997e-01 1.0000000000000000e+00 1.7514085763817716e-01 0
9.6999999999999997e-01 1.0000000000000000e+00 2.5373582248982757e-01 0
9.6999999999999997e-01 1.0000000000000000e+00 3.4518607626278647e-01 0
9.6999999999999997e-01 1.0000000000000000e+00 4.5157695618349813e-01 0
9.6999999999999997e-01 1.0000000000000000e+00 5.7532585591626439e-01 0
9.7000000000000008e-01 1.0000000000000000e+00 7.1923284878260141e-01 0
9.6999999999999997e-01 1.0000000000000000e+00 8.8653819836569614e-01 0
9.6999999999999997e-01 1.0000000000000000e+00 1.0809873737115407e+00 0
9.6999999999999997e-01 1.0000000000000000e+00 1.3069041036010012e+00 0
9.6999999999999997e-01 1.0000000000000000e+00 1.5692718422580285e+00 0
9.6999999999999997e-01 1.0000000000000000e+00 1.8738237408649592e+00 0
9.6999999999999997e-01 1.0000000000000000e+00 2.2271407744914233e+00 0
9.6999999999999997e-01 1.0000000000000000e+00 2.6367569919055751e+00 0
9.6999999999999997e-01 1.0000000000000000e+00 3.1112698386137394e+00 0
9.6999999999999997e-01 1.0000000000000000e+00 3.6604520168157655e+00 0
9.6999999999999997e-01 1.0000000000000000e+00 4.2499999999999991e+00 0
9.2838992928555641e-01 1.0000000000000000e+00 5.0000000000000003e-02 0
9.2838992928555641e-01 1.0000000000000000e+00 1.0760351844749161e-01 0
9.2838992928555653e-01 1.0000000000000000e+00 1.7514085763817713e-01 0
9.2838992928555641e-01 1.0000000000000000e+00 2.5373582248982757e-01 0
9.2838992928555641e-01 1.0000000000000000e+00 3.4518607626278647e-01 0
9.2838992928555641e-01 1.0000000000000000e+00 4.5157695618349819e-01 0
9.2838992928555641e-01 1.0000000000000000e+00 5.7532585591626439e-01 0
9.2838992928555641e-01 1.0000000000000000e+00 7.1923284878260141e-01 0
9.2838992928555641e-01 1.0000000000000000e+00 8.8653819836569614e-01 0
9.2838992928555630e-01 1.0000000000000000e+00 1.0809873737115407e+00 0
9.2838992928555641e-01 1.0000000000000000e+00 1.3069041036010010e+00 0
9.2838992928555641e-01 1.0000000000000000e+00 1.5692718422580283e+00 0
9.2838992928555641e-01 1.0000000000000000e+00 1.8738237408649594e+00 0
9.2838992928555641e-01 1.0000000000000000e+00 2.2271407744914233e+00 0
9.2838992928555641e-01 1.0000000000000000e+00 2.6367569919055751e+00 0
9.2838992928555641e-01 1.0000000000000000e+00 3.1112698386137394e+00 0
9.2838992928555641e-01 1.0000000000000000e+00 3.6604520168157655e+00 0
9.2838992928555641e-01 1.0000000000000000e+00 4.2500000000000000e+00 0
8.7059677396827129e-01 1.0000000000000000e+00 5.0000000000000003e-02 0
8.7059677396827129e-01 1.0000000000000000e+00 1.0760351844749161e-01 0
8.7059677396827118e-01 1.0000000000000000e+00 1.7514085763817713e-01 0
8.7059677396827129e-01 1.0000000000000000e+00 2.5373582248982757e-01 0
8.7059677396827129e-01 1.0000000000000000e+00 3.4518607626278641e-01 0
8.7059677396827129e-01 1.0000000000000000e+00 4.5157695618349802e-01 0
8.7059677396827118e-01 1.0000000000000000e+00 5.7532585591626451e-01 0
8.7059677396827118e-01 1.0000000000000000e+00 7.1923284878260152e-01 0
8.7059677396827129e-01 1.0000000000000000e+00 8.8653819836569614e-01 0
8.7059677396827140e-01 1.0000000000000000e+00 1.0809873737115405e+00 0
8.7059677396827129e-01 1.0000000000000000e+00 1.3069041036010010e+00 0
8.7059677396827129e-01 1.0000000000000000e+00 1.5692718422580285e+00 0
8.7059677396827129e-01 1.0000000000000000e+00 1.8738237408649596e+00 0
8.7059677396827129e-01 1.0000000000000000e+00 2.2271407744914233e+00 0
8.7059677396827129e-01 1.0000000000000000e+00 2.6367569919055751e+00 0
8.7059677396827129e-01 1.0000000000000000e+00 3.1112698386137394e+00 0
8.7059677396827129e-01 1.0000000000000000e+00 3.6604520168157655e+00 0
8.7059677396827129e-01 1.0000000000000000e+00 4.2500000000000000e+00 0
7.9035358010205603e-01 1.0000000000000000e+00 5.0000000000000003e-02 0
7.9035358010205603e-01 1.0000000000000000e+00 1.0760351844749162e-01 0
7.9035358010205603e-01 1.0000000000000000e+00 1.7514085763817716e-01 0
7.9035358010205603e-01 1.0000000000000000e+00 2.5373582248982757e-01 0
7.9035358010205603e-01 1.0000000000000000e+00 3.4518607626278641e-01 0
7.9035358010205603e-01 1.0000000000000000e+00 4.5157695618349808e-01 0
7.9035358010205603e-01 1.0000000000000000e+00 5.7532585591626439e-01 0
7.9035358010205614e-01 1.0000000000000000e+00 7.1923284878260141e-01 0
7.9035358010205603e-01 1.0000000000000000e+00 8.8653819836569614e-01 0
7.9035358010205603e-01 1.0000000000000000e+00 1.0809873737115407e+00 0
7.9035358010205603e-01 1.0000000000000000e+00 1.3069041036010010e+00 0
7.9035358010205603e-01 1.0000000000000000e+00 1.5692718422580285e+00 0
7.9035358010205603e-01 1.0000000000000000e+00 1.8738237408649592e+00 0
7.9035358010205603e-01 1.0000000000000000e+00 2.2271407744914229e+00 0
7.9035358010205603e-01 1.0000000000000000e+00 2.6367569919055747e+00 0
7.9035358010205603e-01 1.0000000000000000e+00 3.1112698386137394e+00 0
7.9035358010205603e-01 1.0000000000000000e+00 3.6604520168157650e+00 0
7.9035358010205603e-01 1.0000000000000000e+00 4.2500000000000000e+00 0
6.7885529328623995e-01 1.0000000000000000e+00 5.0000000000000003e-02 0
6.7885529328623995e-01 1.0000000000000000e+00 1.0760351844749161e-01 0
6.7885529328624006e-01 1.0000000000000000e+00 1.7514085763817716e-01 0
6.7885529328623995e-01 1.0000000000000000e+00 2.5373582248982751e-01 0
6.7885529328623995e-01 1.0000000000000000e+00 3.4518607626278641e-01 0
6.7885529328623995e-01 1.0000000000000000e+00 4.5157695618349825e-01 0
6.7885529328623995e-01 1.0000000000000000e+00 5.7532585591626439e-01 0
6.7885529328623995e-01 1.0000000000000000e+00 7.1923284878260141e-01 0
6.7885529328623995e-01 1.0000000000000000e+00 8.8653819836569614e-01 0
6.7885529328623995e-01 1.0000000000000000e+00 1.0809873737115407e+00 0
6.7885529328623995e-01 1.0000000000000000e+00 1.3069041036010010e+00 0
6.7885529328623995e-01 1.0000000000000000e+00 1.5692718422580285e+00 0
6.7885529328623995e-01 1.0000000000000000e+00 1.8738237408649592e+00 0
6.7885529328623995e-01 1.0000000000000000e+00 2.2271407744914233e+00 0
6.7885529328623995e-01 1.0000000000000000e+00 2.6367569919055756e+00 0
6.7885529328623995e-01 1.0000000000000000e+00 3.1112698386137394e+00 0
6.7885529328623995e-01 1.0000000000000000e+00 3.6604520168157655e+00 0
6.7885529328623995e-01 1.0000000000000000e+00 4.2500000000000000e+00 0
5.2376650059353413e-01 1.0000000000000000e+00 5.0000000000000003e-02 0
5.2376650059353413e-01 1.0000000000000000e+00 1.0760351844749161e-01 0
5.2376650059353413e-01 1.0000000000000000e+00 1.7514085763817716e-01 0
5.2376650059353413e-01 1.0000000000000000e+00 2.5373582248982757e-01 0
5.2376650059353413e-01 1.0000000000000000e+00 3.4518607626278641e-01 0
5.2376650059353413e-01 1.0000000000000000e+00 4.5157695618349813e-01 0
5.2376650059353413e-01 1.0000000000000000e+00 5.7532585591626439e-01 0
5.2376650059353413e-01 1.0000000000000000e+00 7.1923284878260119e-01 0
5.2376650059353413e-01 1.0000000000000000e+00 8.8653819836569614e-01 0
5.2376650059353413e-01 1.0000000000000000e+00 1.0809873737115407e+00 0
5.2376650059353413e-01 1.0000000000000000e+00 1.3069041036010010e+00 0
5.2376650059353413e-01 1.0000000000000000e+00 1.5692718422580283e+00 0
5.2376650059353413e-01 1.0000000000000000e+00 1.8738237408649594e+00 0
5.2376650059353413e-01 1.0000000000000000e+00 2.2271407744914233e+00 0
5.2376650059353413e-01 1.0000000000000000e+00 2.6367569919055756e+00 0
5.2376650059353413e-01 1.0000000000000000e+00 3.1112698386137394e+00 0
5.2376650059353413e-01 1.0000000000000000e+00 3.6604520168157655e+00 0
5.2376650059353413e-01 1.0000000000000000e+00 4.2500000000000000e+00 0
3.0000000000000004e-01 1.0000000000000000e+00 4.9999999999999989e-02 0
3.0000000000000004e-01 1.0000000000000000e+00 1.0760351844749161e-01 0
2.9999999999999993e-01 1.0000000000000000e+00 1.7514085763817716e-01 0
3.0000000000000004e-01 1.0000000000000000e+00 2.5373582248982757e-01 0
3.0000000000000004e-01 1.0000000000000000e+00 3.4518607626278641e-01 0
3.0000000000000004e-01 1.0000000000000000e+00 4.5157695618349813e-01 0
3.0000000000000004e-01 1.0000000000000000e+00 5.7532585591626439e-01 0
2.9999999999999993e-01 1.0000000000000000e+00 7.1923284878260119e-01 0
3.0000000000000004e-01 1.0000000000000000e+00 8.8653819836569614e-01 0
3.0000000000000004e-01 1.0000000000000000e+00 1.0809873737115405e+00 0
3.0000000000000004e-01 1.0000000000000000e+00 1.3069041036010010e+00 0
3.0000000000000004e-01 1.0000000000000000e+00 1.5692718422580283e+00 0
3.0000000000000004e-01 1.0000000000000000e+00 1.8738237408649594e+00 0
3.0000000000000004e-01 1.0000000000000000e+00 2.2271407744914229e+00 0
3.0000000000000004e-01 1.0000000000000000e+00 2.6367569919055760e+00 0
3.0000000000000004e-01 1.0000000000000000e+00 3.1112698386137403e+00 0
3.0000000000000004e-01 1.0000000000000000e+00 3.6604520168157659e+00 0
3.0000000000000004e-01 1.0000000000000000e+00 4.2500000000000000e+00 0
2.9999999999999999e-01 2.9999999999999999e-01 0.0000000000000000e+00 0
5.2376650059353413e-01 2.9999999999999999e-01 0.0000000000000000e+00 0
6.7885529328623995e-01 2.9999999999999999e-01 0.0000000000000000e+00 0
7.9035358010205614e-01 2.9999999999999999e-01 0.0000000000000000e+00 0
8.7059677396827118e-01 2.9999999999999999e-01 0.0000000000000000e+00 0
9.2838992928555641e-01 2.9999999999999999e-01 0.0000000000000000e+00 0
9.6999999999999997e-01 2.9999999999999999e-01 0.0000000000000000e+00 0
2.9999999999999999e-01 5.2376650059353413e-01 0.0000000000000000e+00 0
5.2376650059353413e-01 5.2376650059353413e-01 0.0000000000000000e+00 0
6.7885529328623995e-01 5.2376650059353413e-01 0.0000000000000000e+00 0
7.9035358010205603e-01 5.2376650059353413e-01 0.0000000000000000e+00 0
8.7059677396827129e-01 5.2376650059353413e-01 0.0000000000000000e+00 0
9.2838992928555641e-01 5.2376650059353413e-01 0.0000000000000000e+00 0
9.6999999999999997e-01 5.2376650059353413e-01 0.0000000000000000e+00 0
2.9999999999999999e-01 6.7885529328623995e-01 0.0000000000000000e+00 0
5.2376650059353413e-01 6.7885529328623995e-01 0.0000000000000000e+00 0
6.7885529328623995e-01 6.7885529328623995e-01 0.0000000000000000e+00 0
7.9035358010205603e-01 6.7885529328623995e-01 0.0000000000000000e+00 0
8.7059677396827118e-01 6.7885529328623995e-01 0.0000000000000000e+00 0
9.2838992928555641e-01 6.7885529328623995e-01 0.0000000000000000e+00 0
9.6999999999999997e-01 6.7885529328623995e-01 0.0000000000000000e+00 0
2.9999999999999999e-01 7.9035358010205592e-01 0.0000000000000000e+00 0
5.2376650059353413e-01 7.9035358010205603e-01 0.0000000000000000e+00 0
6.7885529328623995e-01 7.9035358010205603e-01 0.0000000000000000e+00 0
7.9035358010205603e-01 7.9035358010205603e-01 0.0000000000000000e+00 0
8.7059677396827140e-01 7.9035358010205603e-01 0.0000000000000000e+00 0
9.2838992928555641e-01 7.9035358010205603e-01 0.0000000000000000e+00 0
9.6999999999999997e-01 7.9035358010205603e-01 0.0000000000000000e+00 0
2.9999999999999999e-01 8.7059677396827140e-01 0.0000000000000000e+00 0
5.2376650059353413e-01 8.7059677396827129e-01 0.0000000000000000e+00 0
6.7885529328623995e-01 8.7059677396827140e-01 0.0000000000000000e+00 0
7.9035358010205603e-01 8.7059677396827118e-01 0.0000000000000000e+00 0
8.7059677396827106e-01 8.7059677396827129e-01 0.0000000000000000e+00 0
9.2838992928555641e-01 8.7059677396827129e-01 0.0000000000000000e+00 0
9.6999999999999997e-01 8.7059677396827129e-01 0.0000000000000000e+00 0
2.9999999999999999e-01 9.2838992928555641e-01 0.0000000000000000e+00 0
5.2376650059353413e-01 9.2838992928555641e-01 0.0000000000000000e+00 0
6.7885529328623995e-01 9.2838992928555641e-01 0.0000000000000000e+00 0
7.9035358010205603e-01 9.2838992928555641e-01 0.0000000000000000e+00 0
8.7059677396827129e-01 9.2838992928555641e-01 0.0000000000000000e+00 0
9.2838992928555641e-01 9.2838992928555641e-01 0.0000000000000000e+00 0
9.7000000000000020e-01 9.2838992928555641e-01 0.0000000000000000e+00 0
2.9999999999999999e-01 9.6999999999999997e-01 0.0000000000000000e+00 0
5.2376650059353413e-01 9.6999999999999997e-01 0.0000000000000000e+00 0
6.7885529328623995e-01 9.6999999999999997e-01 0.0000000000000000e+00 0
7.9035358010205603e-01 9.6999999999999997e-01 0.0000000000000000e+00 0
8.7059677396827129e-01 9.6999999999999997e-01 0.0000000000000000e+00 0
9.2838992928555664e-01 9.6999999999999997e-01 0.0000000000000000e+00 0
9.6999999999999997e-01 9.6999999999999997e-01 0.0000000000000000e+00 0
2.9999999999999999e-01 9.6999999999999997e-01 5.0000000000000000e+00 0
5.2376650059353413e-01 9.6999999999999997e-01 5.0000000000000000e+00 0
6.7885529328623995e-01 9.6999999999999997e-01 5.0000000000000000e+00 0
7.9035358010205603e-01 9.6999999999999997e-01 5.0000000000000000e+00 0
8.7059677396827129e-01 9.6999999999999997e-01 5.0000000000000000e+00 0
9.2838992928555641e-01 9.6999999999999997e-01 5.0000000000000000e+00 0
9.6999999999999997e-01 9.6999999999999997e-01 5.0000000000000000e+00 0
2.9999999999999999e-01 9.2838992928555641e-01 5.0000000000000000e+00 0
5.2376650059353413e-01 9.2838992928555641e-01 5.0000000000000000e+00 0
6.7885529328623995e-01 9.2838992928555641e-01 5.0000000000000000e+00 0
7.9035358010205603e-01 9.2838992928555641e-01 5.0000000000000000e+00 0
8.7059677396827129e-01 9.2838992928555641e-01 5.0000000000000000e+00 0
9.2838992928555641e-01 9.2838992928555641e-01 5.0000000000000000e+00 0
9.6999999999999997e-01 9.2838992928555641e-01 5.0000000000000000e+00 0
2.9999999999999999e-01 8.7059677396827118e-01 5.0000000000000000e+00 0
5.2376650059353413e-01 8.7059677396827129e-01 5.0000000000000000e+00 0
6.7885529328623995e-01 8.7059677396827118e-01 5.0000000000000000e+00 0
7.9035358010205603e-01 8.7059677396827140e-01 5.0000000000000000e+00 0
8.7059677396827129e-01 8.7059677396827129e-01 5.0000000000000000e+00 0
9.2838992928555641e-01 8.7059677396827129e-01 5.0000000000000000e+00 0
9.6999999999999997e-01 8.7059677396827129e-01 5.0000000000000000e+00 0
2.9999999999999999e-01 7.9035358010205614e-01 5.0000000000000000e+00 0
5.2376650059353413e-01 7.9035358010205603e-01 5.0000000000000000e+00 0
6.7885529328623995e-01 7.9035358010205603e-01 5.0000000000000000e+00 0
7.9035358010205603e-01 7.9035358010205603e-01 5.0000000000000000e+00 0
8.7059677396827118e-01 7.9035358010205603e-01 5.0000000000000000e+00 0
9.2838992928555641e-01 7.9035358010205603e-01 5.0000000000000000e+00 0
9.6999999999999997e-01 7.9035358010205603e-01 5.0000000000000000e+00 0
2.9999999999999999e-01 6.7885529328623995e-01 5.0000000000000000e+00 0
5.2376650059353413e-01 6.7885529328623995e-01 5.0000000000000000e+00 0
6.7885529328623995e-01 6.7885529328623995e-01 5.0000000000000000e+00 0
7.9035358010205603e-01 6.7885529328623995e-01 5.0000000000000000e+00 0
8.7059677396827140e-01 6.7885529328623995e-01 5.0000000000000000e+00 0
9.2838992928555641e-01 6.7885529328623995e-01 5.0000000000000000e+00 0
9.6999999999999997e-01 6.7885529328623995e-01 5.0000000000000000e+00 0
2.9999999999999999e-01 5.2376650059353413e-01 5.0000000000000000e+00 0
5.2376650059353413e-01 5.2376650059353413e-01 5.0000000000000000e+00 0
6.7885529328623995e-01 5.2376650059353413e-01 5.0000000000000000e+00 0
7.9035358010205603e-01 5.2376650059353413e-01 5.0000000000000000e+00 0
8.7059677396827129e-01 5.2376650059353413e-01 5.0000000000000000e+00 0
9.2838992928555641e-01 5.2376650059353413e-01 5.0000000000000000e+00 0
9.6999999999999997e-01 5.2376650059353413e-01 5.0000000000000000e+00 0
2.9999999999999999e-01 3.0000000000000004e-01 5.0000000000000000e+00 0
5.2376650059353413e-01 3.0000000000000004e-01 5.0000000000000000e+00 0
6.7885529328623995e-01 3.0000000000000004e-01 5.0000000000000000e+00 0
7.9035358010205581e-01 3.0000000000000004e-01 5.0000000000000000e+00 0
8.7059677396827129e-01 3.0000000000000004e-01 5.0000000000000000e+00 0
9.2838992928555641e-01 3.0000000000000004e-01 5.0000000000000000e+00 0
9.6999999999999997e-01 3.0000000000000004e-01 5.0000000000000000e+00 0
0.0000000000000000e+00 2.9999999999999999e-01 5.7500000000000000e+00 0
0.0000000000000000e+00 5.2376650059353413e-01 5.7500000000000000e+00 0
0.0000000000000000e+00 6.7885529328623995e-01 5.7500000000000000e+00 0
0.0000000000000000e+00 7.9035358010205603e-01 5.7500000000000000e+00 0
0.0000000000000000e+00 8.7059677396827129e-01 5.7500000000000000e+00 0
0.0000000000000000e+00 9.2838992928555641e-01 5.7500000000000000e+00 0
0.0000000000000000e+00 9.6999999999999997e-01 5.7500000000000000e+00 0
0.0000000000000000e+00 2.9999999999999999e-01 6.3395479831842358e+00 0
0.0000000000000000e+00 5.2376650059353413e-01 6.3395479831842358e+00 0
0.0000000000000000e+00 6.7885529328623995e-01 6.3395479831842358e+00 0
0.0000000000000000e+00 7.9035358010205614e-01 6.3395479831842358e+00 0
0.0000000000000000e+00 8.7059677396827118e-01 6.3395479831842358e+00 0
0.0000000000000000e+00 9.2838992928555641e-01 6.3395479831842358e+00 0
0.0000000000000000e+00 9.6999999999999997e-01 6.3395479831842358e+00 0
0.0000000000000000e+00 2.9999999999999999e-01 6.8887301613862615e+00 0
0.0000000000000000e+00 5.2376650059353413e-01 6.8887301613862615e+00 0
0.0000000000000000e+00 6.7885529328623995e-01 6.8887301613862624e+00 0
0.0000000000000000e+00 7.9035358010205603e-01 6.8887301613862615e+00 0
0.0000000000000000e+00 8.7059677396827129e-01 6.8887301613862615e+00 0
0.0000000000000000e+00 9.2838992928555630e-01 6.8887301613862615e+00 0
0.0000000000000000e+00 9.6999999999999997e-01 6.8887301613862615e+00 0
0.0000000000000000e+00 2.9999999999999999e-01 7.3632430080944262e+00 0
0.0000000000000000e+00 5.2376650059353413e-01 7.3632430080944262e+00 0
0.0000000000000000e+00 6.7885529328623995e-01 7.3632430080944262e+00 0
0.0000000000000000e+00 7.9035358010205603e-01 7.3632430080944262e+00 0
0.0000000000000000e+00 8.7059677396827151e-01 7.3632430080944262e+00 0
0.0000000000000000e+00 9.2838992928555641e-01 7.3632430080944262e+00 0
0.0000000000000000e+00 9.6999999999999997e-01 7.3632430080944262e+00 0
0.0000000000000000e+00 2.9999999999999999e-01 7.7728592255085793e+00 0
0.0000000000000000e+00 5.2376650059353413e-01 7.7728592255085784e+00 0
0.0000000000000000e+00 6.7885529328623995e-01 7.7728592255085784e+00 0
0.0000000000000000e+00 7.9035358010205603e-01 7.7728592255085784e+00 0
0.0000000000000000e+00 8.7059677396827151e-01 7.7728592255085784e+00 0
0.0000000000000000e+00 9.2838992928555641e-01 7.7728592255085784e+00 0
0.0000000000000000e+00 9.6999999999999997e-01 7.7728592255085784e+00 0
0.0000000000000000e+00 2.9999999999999999e-01 8.1261762591350415e+00 0
0.0000000000000000e+00 5.2376650059353413e-01 8.1261762591350415e+00 0
0.0000000000000000e+00 6.7885529328623995e-01 8.1261762591350415e+00 0
0.0000000000000000e+00 7.9035358010205603e-01 8.1261762591350415e+00 0
0.0000000000000000e+00 8.7059677396827118e-01 8.1261762591350415e+00 0
0.0000000000000000e+00 9.2838992928555641e-01 8.1261762591350415e+00 0
0.0000000000000000e+00 9.6999999999999997e-01 8.1261762591350415e+00 0
0.0000000000000000e+00 2.9999999999999999e-01 8.4307281577419726e+00 0
0.0000000000000000e+00 5.2376650059353413e-01 8.4307281577419726e+00 0
0.0000000000000000e+00 6.7885529328623995e-01 8.4307281577419726e+00 0
0.0000000000000000e+00 7.9035358010205603e-01 8.4307281577419726e+00 0
0.0000000000000000e+00 8.7059677396827129e-01 8.4307281577419726e+00 0
0.0000000000000000e+00 9.2838992928555664e-01 8.4307281577419726e+00 0
0.0000000000000000e+00 9.6999999999999975e-01 8.4307281577419726e+00 0
0.0000000000000000e+00 2.9999999999999999e-01 8.6930958963989990e+00 0
0.0000000000000000e+00 5.2376650059353413e-01 8.6930958963990008e+00 0
0.0000000000000000e+00 6.7885529328623995e-01 8.6930958963990008e+00 0
0.0000000000000000e+00 7.9035358010205625e-01 8.6930958963990008e+00 0
0.0000000000000000e+00 8.7059677396827129e-01 8.6930958963990008e+00 0
0.0000000000000000e+00 9.2838992928555641e-01 8.6930958963989990e+00 0
0.0000000000000000e+00 9.6999999999999997e-01 8.6930958963990008e+00 0
0.0000000000000000e+00 2.9999999999999999e-01 8.9190126262884597e+00 0
0.0000000000000000e+00 5.2376650059353413e-01 8.9190126262884615e+00 0
0.0000000000000000e+00 6.7885529328623995e-01 8.9190126262884597e+00 0
0.0000000000000000e+00 7.9035358010205603e-01 8.9190126262884615e+00 0
0.0000000000000000e+00 8.7059677396827129e-01 8.9190126262884597e+00 0
0.0000000000000000e+00 9.2838992928555641e-01 8.9190126262884597e+00 0
0.0000000000000000e+00 9.6999999999999997e-01 8.9190126262884597e+00 0
0.0000000000000000e+00 2.9999999999999999e-01 9.1134618016343047e+00 0
0.0000000000000000e+00 5.2376650059353413e-01 9.1134618016343047e+00 0
0.0000000000000000e+00 6.7885529328623995e-01 9.1134618016343047e+00 0
0.0000000000000000e+00 7.9035358010205603e-01 9.1134618016343047e+00 0
0.0000000000000000e+00 8.7059677396827118e-01 9.1134618016343047e+00 0
0.0000000000000000e+00 9.2838992928555641e-01 9.1134618016343047e+00 0
0.0000000000000000e+00 9.6999999999999997e-01 9.1134618016343047e+00 0
0.0000000000000000e+00 2.9999999999999999e-01 9.2807671512174004e+00 0
0.0000000000000000e+00 5.2376650059353413e-01 9.2807671512174004e+00 0
0.0000000000000000e+00 6.7885529328623995e-01 9.2807671512174004e+00 0
0.0000000000000000e+00 7.9035358010205603e-01 9.2807671512174004e+00 0
0.0000000000000000e+00 8.7059677396827151e-01 9.2807671512174004e+00 0
0.0000000000000000e+00 9.2838992928555641e-01 9.2807671512174004e+00 0
0.0000000000000000e+00 9.6999999999999975e-01 9.2807671512174004e+00 0
0.0000000000000000e+00 2.9999999999999999e-01 9.4246741440837383e+00 0
0.0000000000000000e+00 5.2376650059353413e-01 9.4246741440837383e+00 0
0.0000000000000000e+00 6.7885529328623995e-01 9.4246741440837383e+00 0
0.0000000000000000e+00 7.9035358010205603e-01 9.4246741440837383e+00 0
0.0000000000000000e+00 8.7059677396827129e-01 9.4246741440837383e+00 0
0.0000000000000000e+00 9.2838992928555641e-01 9.4246741440837383e+00 0
0.0000000000000000e+00 9.6999999999999997e-01 9.4246741440837383e+00 0
0.0000000000000000e+00 2.9999999999999999e-01 9.5484230438165039e+00 0
0.0000000000000000e+00 5.2376650059353413e-01 9.5484230438165021e+00 0
0.0000000000000000e+00 6.7885529328623995e-01 9.5484230438165021e+00 0
0.0000000000000000e+00 7.9035358010205581e-01 9.5484230438165021e+00 0
0.0000000000000000e+00 8.7059677396827118e-01 9.5484230438165021e+00 0
0.0000000000000000e+00 9.2838992928555641e-01 9.5484230438165021e+00 0
0.0000000000000000e+00 9.6999999999999975e-01 9.5484230438165039e+00 0
0.0000000000000000e+00 2.9999999999999999e-01 9.6548139237372155e+00 0
0.0000000000000000e+00 5.2376650059353413e-01 9.6548139237372155e+00 0
0.0000000000000000e+00 6.7885529328623995e-01 9.6548139237372155e+00 0
0.0000000000000000e+00 7.9035358010205603e-01 9.6548139237372155e+00 0
0.0000000000000000e+00 8.7059677396827151e-01 9.6548139237372155e+00 0
0.0000000000000000e+00 9.2838992928555641e-01 9.6548139237372155e+00 0
0.0000000000000000e+00 9.6999999999999997e-01 9.6548139237372155e+00 0
0.0000000000000000e+00 2.9999999999999999e-01 9.7462641775101737e+00 0
0.0000000000000000e+00 5.2376650059353413e-01 9.7462641775101737e+00 0
0.0000000000000000e+00 6.7885529328623972e-01 9.7462641775101737e+00 0
0.0000000000000000e+00 7.9035358010205603e-01 9.7462641775101737e+00 0
0.0000000000000000e+00 8.7059677396827129e-01 9.7462641775101737e+00 0
0.0000000000000000e+00 9.2838992928555641e-01 9.7462641775101737e+00 0
0.0000000000000000e+00 9.6999999999999997e-01 9.7462641775101737e+00 0
0.0000000000000000e+00 2.9999999999999999e-01 9.8248591423618237e+00 0
0.0000000000000000e+00 5.2376650059353413e-01 9.8248591423618219e+00 0
0.0000000000000000e+00 6.7885529328623995e-01 9.8248591423618237e+00 0
0.0000000000000000e+00 7.9035358010205603e-01 9.8248591423618237e+00 0
0.0000000000000000e+00 8.7059677396827129e-01 9.8248591423618237e+00 0
0.0000000000000000e+00 9.2838992928555641e-01 9.8248591423618237e+00 0
0.0000000000000000e+00 9.6999999999999997e-01 9.8248591423618237e+00 0
0.0000000000000000e+00 2.9999999999999999e-01 9.8923964815525096e+00 0
0.0000000000000000e+00 5.2376650059353413e-01 9.8923964815525078e+00 0
0.0000000000000000e+00 6.7885529328623995e-01 9.8923964815525096e+00 0
0.0000000000000000e+00 7.9035358010205603e-01 9.8923964815525096e+00 0
0.0000000000000000e+00 8.7059677396827129e-01 9.8923964815525096e+00 0
0.0000000000000000e+00 9.2838992928555641e-01 9.8923964815525078e+00 0
0.0000000000000000e+00 9.6999999999999997e-01 9.8923964815525078e+00 0
0.0000000000000000e+00 2.9999999999999999e-01 9.9499999999999993e+00 0
0.0000000000000000e+00 5.2376650059353413e-01 9.9499999999999993e+00 0
0.0000000000000000e+00 6.7885529328623995e-01 9.9499999999999993e+00 0
0.0000000000000000e+00 7.9035358010205603e-01 9.9499999999999993e+00 0
0.0000000000000000e+00 8.7059677396827129e-01 9.9499999999999993e+00 0
0.0000000000000000e+00 9.2838992928555641e-01 9.9500000000000011e+00 0
0.0000000000000000e+00 9.6999999999999997e-01 9.9499999999999993e+00 0
1.0000000000000000e+00 2.9999999999999999e-01 9.9500000000000011e+00 0
1.0000000000000000e+00 5.2376650059353413e-01 9.9499999999999993e+00 0
1.0000000000000000e+00 6.7885529328623995e-01 9.9499999999999993e+00 0
1.0000000000000000e+00 7.9035358010205603e-01 9.9499999999999993e+00 0
1.0000000000000000e+00 8.7059677396827129e-01 9.9499999999999993e+00 0
1.0000000000000000e+00 9.2838992928555641e-01 9.9500000000000028e+00 0
1.0000000000000000e+00 9.7000000000000008e-01 9.9499999999999993e+00 0
1.0000000000000000e+00 2.9999999999999999e-01 9.8923964815525096e+00 0
1.0000000000000000e+00 5.2376650059353413e-01 9.8923964815525078e+00 0
1.0000000000000000e+00 6.7885529328623995e-01 9.8923964815525096e+00 0
1.0000000000000000e+00 7.9035358010205603e-01 9.8923964815525096e+00 0
1.0000000000000000e+00 8.7059677396827140e-01 9.8923964815525096e+00 0
1.0000000000000000e+00 9.2838992928555630e-01 9.8923964815525078e+00 0
1.0000000000000000e+00 9.6999999999999986e-01 9.8923964815525078e+00 0
1.0000000000000000e+00 2.9999999999999999e-01 9.8248591423618237e+00 0
1.0000000000000000e+00 5.2376650059353413e-01 9.8248591423618219e+00 0
1.0000000000000000e+00 6.7885529328623995e-01 9.8248591423618237e+00 0
1.0000000000000000e+00 7.9035358010205603e-01 9.8248591423618237e+00 0
1.0000000000000000e+00 8.7059677396827118e-01 9.8248591423618237e+00 0
1.0000000000000000e+00 9.2838992928555641e-01 9.8248591423618237e+00 0
1.0000000000000000e+00 9.6999999999999997e-01 9.8248591423618237e+00 0
1.0000000000000000e+00 2.9999999999999999e-01 9.7462641775101719e+00 0
1.0000000000000000e+00 5.2376650059353413e-01 9.7462641775101737e+00 0
1.0000000000000000e+00 6.7885529328624006e-01 9.7462641775101737e+00 0
1.0000000000000000e+00 7.9035358010205603e-01 9.7462641775101737e+00 0
1.0000000000000000e+00 8.7059677396827129e-01 9.7462641775101719e+00 0
1.0000000000000000e+00 9.2838992928555653e-01 9.7462641775101737e+00 0
1.0000000000000000e+00 9.6999999999999997e-01 9.7462641775101737e+00 0
1.0000000000000000e+00 2.9999999999999993e-01 9.6548139237372155e+00 0
1.0000000000000000e+00 5.2376650059353413e-01 9.6548139237372155e+00 0
1.0000000000000000e+00 6.7885529328623995e-01 9.6548139237372155e+00 0
1.0000000000000000e+00 7.9035358010205603e-01 9.6548139237372155e+00 0
1.0000000000000000e+00 8.7059677396827129e-01 9.6548139237372155e+00 0
1.0000000000000000e+00 9.2838992928555641e-01 9.6548139237372155e+00 0
1.0000000000000000e+00 9.6999999999999997e-01 9.6548139237372137e+00 0
1.0000000000000000e+00 2.9999999999999999e-01 9.5484230438165039e+00 0
1.0000000000000000e+00 5.2376650059353413e-01 9.5484230438165021e+00 0
1.0000000000000000e+00 6.7885529328623995e-01 9.5484230438165021e+00 0
1.0000000000000000e+00 7.9035358010205603e-01 9.5484230438165021e+00 0
1.0000000000000000e+00 8.7059677396827118e-01 9.5484230438165021e+00 0
1.0000000000000000e+00 9.2838992928555641e-01 9.5484230438165021e+00 0
1.0000000000000000e+00 9.6999999999999997e-01 9.5484230438165056e+00 0
1.0000000000000000e+00 2.9999999999999999e-01 9.4246741440837365e+00 0
1.0000000000000000e+00 5.2376650059353413e-01 9.4246741440837383e+00 0
1.0000000000000000e+00 6.7885529328623995e-01 9.4246741440837383e+00 0
1.0000000000000000e+00 7.9035358010205603e-01 9.4246741440837383e+00 0
1.0000000000000000e+00 8.7059677396827129e-01 9.4246741440837383e+00 0
1.0000000000000000e+00 9.2838992928555641e-01 9.4246741440837383e+00 0
1.0000000000000000e+00 9.6999999999999997e-01 9.4246741440837383e+00 0
1.0000000000000000e+00 3.0000000000000004e-01 9.2807671512174004e+00 0
1.0000000000000000e+00 5.2376650059353413e-01 9.2807671512174004e+00 0
1.0000000000000000e+00 6.7885529328623995e-01 9.2807671512174004e+00 0
1.0000000000000000e+00 7.9035358010205603e-01 9.2807671512174004e+00 0
1.0000000000000000e+00 8.7059677396827118e-01 9.2807671512174004e+00 0
1.0000000000000000e+00 9.2838992928555641e-01 9.2807671512174004e+00 0
1.0000000000000000e+00 9.6999999999999997e-01 9.2807671512174004e+00 0
1.0000000000000000e+00 2.9999999999999993e-01 9.1134618016343047e+00 0
1.0000000000000000e+00 5.2376650059353413e-01 9.1134618016343047e+00 0
1.0000000000000000e+00 6.7885529328623984e-01 9.1134618016343047e+00 0
1.0000000000000000e+00 7.9035358010205603e-01 9.1134618016343047e+00 0
1.0000000000000000e+00 8.7059677396827140e-01 9.1134618016343047e+00 0
1.0000000000000000e+00 9.2838992928555630e-01 9.1134618016343047e+00 0
1.0000000000000000e+00 9.7000000000000008e-01 9.1134618016343047e+00 0
1.0000000000000000e+00 2.9999999999999999e-01 8.9190126262884597e+00 0
1.0000000000000000e+00 5.2376650059353413e-01 8.9190126262884615e+00 0
1.0000000000000000e+00 6.7885529328623995e-01 8.9190126262884597e+00 0
1.0000000000000000e+00 7.9035358010205603e-01 8.9190126262884597e+00 0
1.0000000000000000e+00 8.7059677396827106e-01 8.9190126262884597e+00 0
1.0000000000000000e+00 9.2838992928555641e-01 8.9190126262884597e+00 0
1.0000000000000000e+00 9.6999999999999997e-01 8.9190126262884597e+00 0
1.0000000000000000e+00 2.9999999999999999e-01 8.6930958963990008e+00 0
1.0000000000000000e+00 5.2376650059353413e-01 8.6930958963990008e+00 0
1.0000000000000000e+00 6.7885529328623995e-01 8.6930958963990008e+00 0
1.0000000000000000e+00 7.9035358010205592e-01 8.6930958963990008e+00 0
1.0000000000000000e+00 8.7059677396827140e-01 8.6930958963990008e+00 0
1.0000000000000000e+00 9.2838992928555641e-01 8.6930958963989990e+00 0
1.0000000000000000e+00 9.6999999999999997e-01 8.6930958963990008e+00 0
1.0000000000000000e+00 2.9999999999999999e-01 8.4307281577419726e+00 0
1.0000000000000000e+00 5.2376650059353413e-01 8.4307281577419726e+00 0
1.0000000000000000e+00 6.7885529328623995e-01 8.4307281577419726e+00 0
1.0000000000000000e+00 7.9035358010205603e-01 8.4307281577419726e+00 0
1.0000000000000000e+00 8.7059677396827106e-01 8.4307281577419726e+00 0
1.0000000000000000e+00 9.2838992928555641e-01 8.4307281577419726e+00 0
1.0000000000000000e+00 9.6999999999999997e-01 8.4307281577419726e+00 0
1.0000000000000000e+00 2.9999999999999999e-01 8.1261762591350415e+00 0
1.0000000000000000e+00 5.2376650059353413e-01 8.1261762591350415e+00 0
1.0000000000000000e+00 6.7885529328623995e-01 8.1261762591350415e+00 0
1.0000000000000000e+00 7.9035358010205603e-01 8.1261762591350415e+00 0
1.0000000000000000e+00 8.7059677396827118e-01 8.1261762591350415e+00 0
1.0000000000000000e+00 9.2838992928555630e-01 8.1261762591350415e+00 0
1.0000000000000000e+00 9.6999999999999997e-01 8.1261762591350415e+00 0
1.0000000000000000e+00 2.9999999999999993e-01 7.7728592255085776e+00 0
1.0000000000000000e+00 5.2376650059353413e-01 7.7728592255085784e+00 0
1.0000000000000000e+00 6.7885529328623995e-01 7.7728592255085784e+00 0
1.0000000000000000e+00 7.9035358010205625e-01 7.7728592255085784e+00 0
1.0000000000000000e+00 8.7059677396827118e-01 7.7728592255085784e+00 0
1.0000000000000000e+00 9.2838992928555630e-01 7.7728592255085784e+00 0
1.0000000000000000e+00 9.6999999999999986e-01 7.7728592255085784e+00 0
1.0000000000000000e+00 2.9999999999999999e-01 7.3632430080944262e+00 0
1.0000000000000000e+00 5.2376650059353413e-01 7.3632430080944262e+00 0
1.0000000000000000e+00 6.7885529328623995e-01 7.3632430080944262e+00 0
1.0000000000000000e+00 7.9035358010205603e-01 7.3632430080944262e+00 0
1.0000000000000000e+00 8.7059677396827129e-01 7.3632430080944262e+00 0
1.0000000000000000e+00 9.2838992928555641e-01 7.3632430080944262e+00 0
1.0000000000000000e+00 9.6999999999999997e-01 7.3632430080944262e+00 0
1.0000000000000000e+00 2.9999999999999999e-01 6.8887301613862624e+00 0
1.0000000000000000e+00 5.2376650059353413e-01 6.8887301613862624e+00 0
1.0000000000000000e+00 6.7885529328623995e-01 6.8887301613862624e+00 0
1.0000000000000000e+00 7.9035358010205603e-01 6.8887301613862624e+00 0
1.0000000000000000e+00 8.7059677396827140e-01 6.8887301613862624e+00 0
1.0000000000000000e+00 9.2838992928555641e-01 6.8887301613862624e+00 0
1.0000000000000000e+00 9.6999999999999997e-01 6.8887301613862615e+00 0
1.0000000000000000e+00 2.9999999999999999e-01 6.3395479831842358e+00 0
1.0000000000000000e+00 5.2376650059353413e-01 6.3395479831842358e+00 0
1.0000000000000000e+00 6.7885529328623995e-01 6.3395479831842358e+00 0
1.0000000000000000e+00 7.9035358010205603e-01 6.3395479831842358e+00 0
1.0000000000000000e+00 8.7059677396827129e-01 6.3395479831842358e+00 0
1.0000000000000000e+00 9.2838992928555641e-01 6.3395479831842358e+00 0
1.0000000000000000e+00 9.6999999999999997e-01 6.3395479831842358e+00 0
1.0000000000000000e+00 2.9999999999999999e-01 5.7500000000000000e+00 0
1.0000000000000000e+00 5.2376650059353413e-01 5.7500000000000000e+00 0
1.0000000000000000e+00 6.7885529328623995e-01 5.7500000000000000e+00 0
1.0000000000000000e+00 7.9035358010205603e-01 5.7500000000000000e+00 0
1.0000000000000000e+00 8.7059677396827151e-01 5.7500000000000000e+00 0
1.0000000000000000e+00 9.2838992928555641e-01 5.7500000000000000e+00 0
1.0000000000000000e+00 9.6999999999999997e-01 5.7500000000000000e+00 0
2.9999999999999999e-01 0.0000000000000000e+00 5.7500000000000000e+00 0
2.9999999999999999e-01 0.0000000000000000e+00 6.3395479831842358e+00 0
2.9999999999999999e-01 0.0000000000000000e+00 6.8887301613862615e+00 0
2.9999999999999999e-01 0.0000000000000000e+00 7.3632430080944262e+00 0
2.9999999999999999e-01 0.0000000000000000e+00 7.7728592255085776e+00 0
2.9999999999999999e-01 0.0000000000000000e+00 8.1261762591350415e+00 0
2.9999999999999999e-01 0.0000000000000000e+00 8.4307281577419726e+00 0
2.9999999999999999e-01 0.0000000000000000e+00 8.6930958963990008e+00 0
2.9999999999999999e-01 0.0000000000000000e+00 8.9190126262884597e+00 0
2.9999999999999999e-01 0.0000000000000000e+00 9.1134618016343047e+00 0
2.9999999999999999e-01 0.0000000000000000e+00 9.2807671512174004e+00 0
2.9999999999999999e-01 0.0000000000000000e+00 9.4246741440837383e+00 0
2.9999999999999999e-01 0.0000000000000000e+00 9.5484230438165039e+00 0
2.9999999999999999e-01 0.0000000000000000e+00 9.6548139237372155e+00 0
2.9999999999999999e-01 0.0000000000000000e+00 9.7462641775101737e+00 0
2.9999999999999999e-01 0.0000000000000000e+00 9.8248591423618237e+00 0
2.9999999999999999e-01 0.0000000000000000e+00 9.8923964815525096e+00 0
2.9999999999999999e-01 0.0000000000000000e+00 9.9500000000000011e+00 0
5.2376650059353413e-01 0.0000000000000000e+00 5.7500000000000000e+00 0
5.2376650059353413e-01 0.0000000000000000e+00 6.3395479831842358e+00 0
5.2376650059353413e-01 0.0000000000000000e+00 6.8887301613862615e+00 0
5.2376650059353413e-01 0.0000000000000000e+00 7.3632430080944262e+00 0
5.2376650059353413e-01 0.0000000000000000e+00 7.7728592255085784e+00 0
5.2376650059353413e-01 0.0000000000000000e+00 8.1261762591350415e+00 0
5.2376650059353413e-01 0.0000000000000000e+00 8.4307281577419726e+00 0
5.2376650059353413e-01 0.0000000000000000e+00 8.6930958963990008e+00 0
5.2376650059353413e-01 0.0000000000000000e+00 8.9190126262884597e+00 0
5.2376650059353413e-01 0.0000000000000000e+00 9.1134618016343047e+00 0
5.2376650059353413e-01 0.0000000000000000e+00 9.2807671512174004e+00 0
5.2376650059353413e-01 0.0000000000000000e+00 9.4246741440837383e+00 0
5.2376650059353413e-01 0.0000000000000000e+00 9.5484230438165021e+00 0
5.2376650059353413e-01 0.0000000000000000e+00 9.6548139237372155e+00 0
5.2376650059353413e-01 0.0000000000000000e+00 9.7462641775101737e+00 0
5.2376650059353413e-01 0.0000000000000000e+00 9.8248591423618219e+00 0
5.2376650059353413e-01 0.0000000000000000e+00 9.8923964815525078e+00 0
5.2376650059353413e-01 0.0000000000000000e+00 9.9499999999999993e+00 0
6.7885529328623995e-01 0.0000000000000000e+00 5.7500000000000000e+00 0
6.7885529328623972e-01 0.0000000000000000e+00 6.3395479831842358e+00 0
6.7885529328623995e-01 0.0000000000000000e+00 6.8887301613862624e+00 0
6.7885529328623995e-01 0.0000000000000000e+00 7.3632430080944262e+00 0
6.7885529328623995e-01 0.0000000000000000e+00 7.7728592255085784e+00 0
6.7885529328623995e-01 0.0000000000000000e+00 8.1261762591350415e+00 0
6.7885529328623995e-01 0.0000000000000000e+00 8.4307281577419726e+00 0
6.7885529328623995e-01 0.0000000000000000e+00 8.6930958963990008e+00 0
6.7885529328623995e-01 0.0000000000000000e+00 8.9190126262884597e+00 0
6.7885529328623995e-01 0.0000000000000000e+00 9.1134618016343047e+00 0
6.7885529328623995e-01 0.0000000000000000e+00 9.2807671512174004e+00 0
6.7885529328623995e-01 0.0000000000000000e+00 9.4246741440837383e+00 0
6.7885529328623995e-01 0.0000000000000000e+00 9.5484230438165021e+00 0
6.7885529328623995e-01 0.0000000000000000e+00 9.6548139237372155e+00 0
6.7885529328623995e-01 0.0000000000000000e+00 9.7462641775101737e+00 0
6.7885529328623995e-01 0.0000000000000000e+00 9.8248591423618237e+00 0
6.7885529328623995e-01 0.0000000000000000e+00 9.8923964815525096e+00 0
6.7885529328623995e-01 0.0000000000000000e+00 9.9499999999999993e+00 0
7.9035358010205603e-01 0.0000000000000000e+00 5.7500000000000000e+00 0
7.9035358010205614e-01 0.0000000000000000e+00 6.3395479831842358e+00 0
7.9035358010205603e-01 0.0000000000000000e+00 6.8887301613862624e+00 0
7.9035358010205603e-01 0.0000000000000000e+00 7.3632430080944262e+00 0
7.9035358010205603e-01 0.0000000000000000e+00 7.7728592255085784e+00 0
7.9035358010205603e-01 0.0000000000000000e+00 8.1261762591350415e+00 0
7.9035358010205603e-01 0.0000000000000000e+00 8.4307281577419708e+00 0
7.9035358010205603e-01 0.0000000000000000e+00 8.6930958963990008e+00 0
7.9035358010205603e-01 0.0000000000000000e+00 8.9190126262884597e+00 0
7.9035358010205603e-01 0.0000000000000000e+00 9.1134618016343047e+00 0
7.9035358010205603e-01 0.0000000000000000e+00 9.2807671512174004e+00 0
7.9035358010205603e-01 0.0000000000000000e+00 9.4246741440837383e+00 0
7.9035358010205603e-01 0.0000000000000000e+00 9.5484230438165021e+00 0
7.9035358010205603e-01 0.0000000000000000e+00 9.6548139237372155e+00 0
7.9035358010205603e-01 0.0000000000000000e+00 9.7462641775101737e+00 0
7.9035358010205603e-01 0.0000000000000000e+00 9.8248591423618201e+00 0
7.9035358010205603e-01 0.0000000000000000e+00 9.8923964815525096e+00 0
7.9035358010205603e-01 0.0000000000000000e+00 9.9499999999999993e+00 0
8.7059677396827129e-01 0.0000000000000000e+00 5.7500000000000000e+00 0
8.7059677396827140e-01 0.0000000000000000e+00 6.3395479831842358e+00 0
8.7059677396827151e-01 0.0000000000000000e+00 6.8887301613862615e+00 0
8.7059677396827129e-01 0.0000000000000000e+00 7.3632430080944262e+00 0
8.7059677396827129e-01 0.0000000000000000e+00 7.7728592255085784e+00 0
8.7059677396827140e-01 0.0000000000000000e+00 8.1261762591350415e+00 0
8.7059677396827106e-01 0.0000000000000000e+00 8.4307281577419708e+00 0
8.7059677396827106e-01 0.0000000000000000e+00 8.6930958963990008e+00 0
8.7059677396827151e-01 0.0000000000000000e+00 8.9190126262884615e+00 0
8.7059677396827140e-01 0.0000000000000000e+00 9.1134618016343047e+00 0
8.7059677396827129e-01 0.0000000000000000e+00 9.2807671512174004e+00 0
8.7059677396827129e-01 0.0000000000000000e+00 9.4246741440837383e+00 0
8.7059677396827118e-01 0.0000000000000000e+00 9.5484230438165021e+00 0
8.7059677396827129e-01 0.0000000000000000e+00 9.6548139237372155e+00 0
8.7059677396827129e-01 0.0000000000000000e+00 9.7462641775101719e+00 0
8.7059677396827129e-01 0.0000000000000000e+00 9.8248591423618237e+00 0
8.7059677396827129e-01 0.0000000000000000e+00 9.8923964815525078e+00 0
8.7059677396827129e-01 0.0000000000000000e+00 9.9500000000000028e+00 0
9.2838992928555641e-01 0.0000000000000000e+00 5.7500000000000000e+00 0
9.2838992928555641e-01 0.0000000000000000e+00 6.3395479831842358e+00 0
9.2838992928555630e-01 0.0000000000000000e+00 6.8887301613862615e+00 0
9.2838992928555641e-01 0.0000000000000000e+00 7.3632430080944262e+00 0
9.2838992928555641e-01 0.0000000000000000e+00 7.7728592255085776e+00 0
9.2838992928555641e-01 0.0000000000000000e+00 8.1261762591350433e+00 0
9.2838992928555641e-01 0.0000000000000000e+00 8.4307281577419726e+00 0
9.2838992928555641e-01 0.0000000000000000e+00 8.6930958963989990e+00 0
9.2838992928555641e-01 0.0000000000000000e+00 8.9190126262884615e+00 0
9.2838992928555641e-01 0.0000000000000000e+00 9.1134618016343047e+00 0
9.2838992928555641e-01 0.0000000000000000e+00 9.2807671512174004e+00 0
9.2838992928555641e-01 0.0000000000000000e+00 9.4246741440837347e+00 0
9.2838992928555641e-01 0.0000000000000000e+00 9.5484230438165056e+00 0
9.2838992928555641e-01 0.0000000000000000e+00 9.6548139237372155e+00 0
9.2838992928555641e-01 0.0000000000000000e+00 9.7462641775101755e+00 0
9.2838992928555641e-01 0.0000000000000000e+00 9.8248591423618237e+00 0
9.2838992928555641e-01 0.0000000000000000e+00 9.8923964815525061e+00 0
9.2838992928555641e-01 0.0000000000000000e+00 9.9500000000000011e+00 0
9.6999999999999997e-01 0.0000000000000000e+00 5.7500000000000000e+00 0
9.6999999999999997e-01 0.0000000000000000e+00 6.3395479831842358e+00 0
9.6999999999999997e-01 0.0000000000000000e+00 6.8887301613862615e+00 0
9.6999999999999997e-01 0.0000000000000000e+00 7.3632430080944262e+00 0
9.6999999999999997e-01 0.0000000000000000e+00 7.7728592255085784e+00 0
9.6999999999999997e-01 0.0000000000000000e+00 8.1261762591350433e+00 0
9.6999999999999997e-01 0.0000000000000000e+00 8.4307281577419726e+00 0
9.6999999999999997e-01 0.0000000000000000e+00 8.6930958963989990e+00 0
9.6999999999999997e-01 0.0000000000000000e+00 8.9190126262884597e+00 0
9.6999999999999997e-01 0.0000000000000000e+00 9.1134618016343012e+00 0
9.6999999999999997e-01 0.0000000000000000e+00 9.2807671512174004e+00 0
9.6999999999999997e-01 0.0000000000000000e+00 9.4246741440837383e+00 0
9.6999999999999997e-01 0.0000000000000000e+00 9.5484230438165056e+00 0
9.6999999999999997e-01 0.0000000000000000e+00 9.6548139237372137e+00 0
9.6999999999999997e-01 0.0000000000000000e+00 9.7462641775101737e+00 0
9.6999999999999997e-01 0.0000000000000000e+00 9.8248591423618237e+00 0
9.6999999999999997e-01 0.0000000000000000e+00 9.8923964815525078e+00 0
9.6999999999999997e-01 0.0000000000000000e+00 9.9499999999999993e+00 0
9.6999999999999997e-01 1.0000000000000000e+00 5.7500000000000000e+00 0
9.6999999999999997e-01 1.0000000000000000e+00 6.3395479831842358e+00 0
9.6999999999999997e-01 1.0000000000000000e+00 6.8887301613862615e+00 0
9.6999999999999997e-01 1.0000000000000000e+00 7.3632430080944262e+00 0
9.6999999999999997e-01 1.0000000000000000e+00 7.7728592255085784e+00 0
9.6999999999999997e-01 1.0000000000000000e+00 8.1261762591350415e+00 0
9.6999999999999997e-01 1.0000000000000000e+00 8.4307281577419726e+00 0
9.6999999999999997e-01 1.0000000000000000e+00 8.6930958963990008e+00 0
9.6999999999999997e-01 1.0000000000000000e+00 8.9190126262884597e+00 0
9.6999999999999997e-01 1.0000000000000000e+00 9.1134618016343047e+00 0
9.6999999999999997e-01 1.0000000000000000e+00 9.2807671512174004e+00 0
9.6999999999999997e-01 1.0000000000000000e+00 9.4246741440837383e+00 0
9.6999999999999997e-01 1.0000000000000000e+00 9.5484230438165039e+00 0
9.6999999999999997e-01 1.0000000000000000e+00 9.6548139237372155e+00 0
9.6999999999999997e-01 1.0000000000000000e+00 9.7462641775101737e+00 0
9.6999999999999997e-01 1.0000000000000000e+00 9.8248591423618237e+00 0
9.6999999999999997e-01 1.0000000000000000e+00 9.8923964815525078e+00 0
9.6999999999999997e-01 1.0000000000000000e+00 9.9499999999999993e+00 0
9.2838992928555641e-01 1.0000000000000000e+00 5.7500000000000000e+00 0
9.2838992928555641e-01 1.0000000000000000e+00 6.3395479831842358e+00 0
9.2838992928555630e-01 1.0000000000000000e+00 6.8887301613862615e+00 0
9.2838992928555641e-01 1.0000000000000000e+00 7.3632430080944262e+00 0
9.2838992928555641e-01 1.0000000000000000e+00 7.7728592255085784e+00 0
9.2838992928555641e-01 1.0000000000000000e+00 8.1261762591350415e+00 0
9.2838992928555641e-01 1.0000000000000000e+00 8.4307281577419726e+00 0
9.2838992928555641e-01 1.0000000000000000e+00 8.6930958963989990e+00 0
9.2838992928555641e-01 1.0000000000000000e+00 8.9190126262884597e+00 0
9.2838992928555641e-01 1.0000000000000000e+00 9.1134618016343047e+00 0
9.2838992928555641e-01 1.0000000000000000e+00 9.2807671512174004e+00 0
9.2838992928555641e-01 1.0000000000000000e+00 9.4246741440837383e+00 0
9.2838992928555641e-01 1.0000000000000000e+00 9.5484230438165021e+00 0
9.2838992928555641e-01 1.0000000000000000e+00 9.6548139237372155e+00 0
9.2838992928555641e-01 1.0000000000000000e+00 9.7462641775101737e+00 0
9.2838992928555641e-01 1.0000000000000000e+00 9.8248591423618237e+00 0
9.2838992928555641e-01 1.0000000000000000e+00 9.8923964815525078e+00 0
9.2838992928555641e-01 1.0000000000000000e+00 9.9500000000000011e+00 0
8.7059677396827129e-01 1.0000000000000000e+00 5.7500000000000000e+00 0
8.7059677396827118e-01 1.0000000000000000e+00 6.3395479831842358e+00 0
8.7059677396827129e-01 1.0000000000000000e+00 6.8887301613862615e+00 0
8.7059677396827129e-01 1.0000000000000000e+00 7.3632430080944262e+00 0
8.7059677396827129e-01 1.0000000000000000e+00 7.7728592255085784e+00 0
8.7059677396827118e-01 1.0000000000000000e+00 8.1261762591350415e+00 0
8.7059677396827129e-01 1.0000000000000000e+00 8.4307281577419726e+00 0
8.7059677396827129e-01 1.0000000000000000e+00 8.6930958963990008e+00 0
8.7059677396827129e-01 1.0000000000000000e+00 8.9190126262884597e+00 0
8.7059677396827140e-01 1.0000000000000000e+00 9.1134618016343047e+00 0
8.7059677396827129e-01 1.0000000000000000e+00 9.2807671512174004e+00 0
8.7059677396827129e-01 1.0000000000000000e+00 9.4246741440837383e+00 0
8.7059677396827140e-01 1.0000000000000000e+00 9.5484230438165021e+00 0
8.7059677396827129e-01 1.0000000000000000e+00 9.6548139237372155e+00 0
8.7059677396827129e-01 1.0000000000000000e+00 9.7462641775101737e+00 0
8.7059677396827129e-01 1.0000000000000000e+00 9.8248591423618237e+00 0
8.7059677396827129e-01 1.0000000000000000e+00 9.8923964815525096e+00 0
8.7059677396827129e-01 1.0000000000000000e+00 9.9499999999999993e+00 0
7.9035358010205603e-01 1.0000000000000000e+00 5.7500000000000000e+00 0
7.9035358010205614e-01 1.0000000000000000e+00 6.3395479831842358e+00 0
7.9035358010205603e-01 1.0000000000000000e+00 6.8887301613862615e+00 0
7.9035358010205603e-01 1.0000000000000000e+00 7.3632430080944262e+00 0
7.9035358010205603e-01 1.0000000000000000e+00 7.7728592255085784e+00 0
7.9035358010205603e-01 1.0000000000000000e+00 8.1261762591350415e+00 0
7.9035358010205603e-01 1.0000000000000000e+00 8.4307281577419726e+00 0
7.9035358010205603e-01 1.0000000000000000e+00 8.6930958963990008e+00 0
7.9035358010205603e-01 1.0000000000000000e+00 8.9190126262884615e+00 0
7.9035358010205603e-01 1.0000000000000000e+00 9.1134618016343047e+00 0
7.9035358010205603e-01 1.0000000000000000e+00 9.2807671512174004e+00 0
7.9035358010205603e-01 1.0000000000000000e+00 9.4246741440837383e+00 0
7.9035358010205603e-01 1.0000000000000000e+00 9.5484230438165021e+00 0
7.9035358010205603e-01 1.0000000000000000e+00 9.6548139237372155e+00 0
7.9035358010205603e-01 1.0000000000000000e+00 9.7462641775101737e+00 0
7.9035358010205603e-01 1.0000000000000000e+00 9.8248591423618237e+00 0
7.9035358010205603e-01 1.0000000000000000e+00 9.8923964815525096e+00 0
7.9035358010205603e-01 1.0000000000000000e+00 9.9499999999999993e+00 0
6.7885529328623995e-01 1.0000000000000000e+00 5.7500000000000000e+00 0
6.7885529328623995e-01 1.0000000000000000e+00 6.3395479831842358e+00 0
6.7885529328623995e-01 1.0000000000000000e+00 6.8887301613862624e+00 0
6.7885529328623995e-01 1.0000000000000000e+00 7.3632430080944262e+00 0
6.7885529328623995e-01 1.0000000000000000e+00 7.7728592255085784e+00 0
6.7885529328623995e-01 1.0000000000000000e+00 8.1261762591350415e+00 0
6.7885529328623995e-01 1.0000000000000000e+00 8.4307281577419726e+00 0
6.7885529328623995e-01 1.0000000000000000e+00 8.6930958963990008e+00 0
6.7885529328623995e-01 1.0000000000000000e+00 8.9190126262884597e+00 0
6.7885529328623995e-01 1.0000000000000000e+00 9.1134618016343047e+00 0
6.7885529328623995e-01 1.0000000000000000e+00 9.2807671512174004e+00 0
6.7885529328623995e-01 1.0000000000000000e+00 9.4246741440837383e+00 0
6.7885529328623995e-01 1.0000000000000000e+00 9.5484230438165021e+00 0
6.7885529328623995e-01 1.0000000000000000e+00 9.6548139237372155e+00 0
6.7885529328623995e-01 1.0000000000000000e+00 9.7462641775101737e+00 0
6.7885529328623995e-01 1.0000000000000000e+00 9.8248591423618237e+00 0
6.7885529328623995e-01 1.0000000000000000e+00 9.8923964815525096e+00 0
6.7885529328623995e-01 1.0000000000000000e+00 9.9499999999999993e+00 0
5.2376650059353413e-01 1.0000000000000000e+00 5.7500000000000000e+00 0
5.2376650059353413e-01 1.0000000000000000e+00 6.3395479831842358e+00 0
5.2376650059353413e-01 1.0000000000000000e+00 6.8887301613862615e+00 0
5.2376650059353413e-01 1.0000000000000000e+00 7.3632430080944262e+00 0
5.2376650059353413e-01 1.0000000000000000e+00 7.7728592255085784e+00 0
5.2376650059353413e-01 1.0000000000000000e+00 8.1261762591350415e+00 0
5.2376650059353413e-01 1.0000000000000000e+00 8.4307281577419726e+00 0
5.2376650059353413e-01 1.0000000000000000e+00 8.6930958963990008e+00 0
5.2376650059353413e-01 1.0000000000000000e+00 8.9190126262884615e+00 0
5.2376650059353413e-01 1.0000000000000000e+00 9.1134618016343047e+00 0
5.2376650059353413e-01 1.0000000000000000e+00 9.2807671512174004e+00 0
5.2376650059353413e-01 1.0000000000000000e+00 9.4246741440837383e+00 0
5.2376650059353413e-01 1.0000000000000000e+00 9.5484230438165021e+00 0
5.2376650059353413e-01 1.0000000000000000e+00 9.6548139237372155e+00 0
5.2376650059353413e-01 1.0000000000000000e+00 9.7462641775101737e+00 0
5.2376650059353413e-01 1.0000000000000000e+00 9.8248591423618219e+00 0
5.2376650059353413e-01 1.0000000000000000e+00 9.8923964815525078e+00 0
5.2376650059353413e-01 1.0000000000000000e+00 9.9499999999999993e+00 0
3.0000000000000010e-01 1.0000000000000000e+00 5.7500000000000000e+00 0
3.0000000000000004e-01 1.0000000000000000e+00 6.3395479831842358e+00 0
3.0000000000000004e-01 1.0000000000000000e+00 6.8887301613862615e+00 0
3.0000000000000004e-01 1.0000000000000000e+00 7.3632430080944262e+00 0
3.0000000000000004e-01 1.0000000000000000e+00 7.7728592255085784e+00 0
3.0000000000000004e-01 1.0000000000000000e+00 8.1261762591350415e+00 0
3.0000000000000004e-01 1.0000000000000000e+00 8.4307281577419726e+00 0
3.0000000000000004e-01 1.0000000000000000e+00 8.6930958963990008e+00 0
3.0000000000000004e-01 1.0000000000000000e+00 8.9190126262884615e+00 0
3.0000000000000004e-01 1.0000000000000000e+00 9.1134618016343047e+00 0
3.0000000000000004e-01 1.0000000000000000e+00 9.2807671512174004e+00 0
3.0000000000000004e-01 1.0000000000000000e+00 9.4246741440837383e+00 0
3.0000000000000004e-01 1.0000000000000000e+00 9.5484230438165021e+00 0
3.0000000000000004e-01 1.0000000000000000e+00 9.6548139237372155e+00 0
3.0000000000000004e-01 1.0000000000000000e+00 9.7462641775101737e+00 0
3.0000000000000004e-01 1.0000000000000000e+00 9.8248591423618237e+00 0
3.0000000000000004e-01 1.0000000000000000e+00 9.8923964815525096e+00 0
3.0000000000000004e-01 1.0000000000000000e+00 9.9499999999999993e+00 0
2.9999999999999999e-01 9.6999999999999997e-01 1.0000000000000000e+01 0
5.2376650059353413e-01 9.6999999999999997e-01 1.0000000000000000e+01 0
6.7885529328623995e-01 9.6999999999999997e-01 1.0000000000000000e+01 0
7.9035358010205603e-01 9.6999999999999997e-01 1.0000000000000000e+01 0
8.7059677396827129e-01 9.6999999999999997e-01 1.0000000000000000e+01 0
9.2838992928555641e-01 9.6999999999999997e-01 1.0000000000000000e+01 0
9.6999999999999997e-01 9.6999999999999997e-01 1.0000000000000000e+01 0
2.9999999999999999e-01 9.2838992928555641e-01 1.0000000000000000e+01 0
5.2376650059353413e-01 9.2838992928555641e-01 1.0000000000000000e+01 0
6.7885529328623995e-01 9.2838992928555641e-01 1.0000000000000000e+01 0
7.9035358010205603e-01 9.2838992928555641e-01 1.0000000000000000e+01 0
8.7059677396827129e-01 9.2838992928555641e-01 1.0000000000000000e+01 0
9.2838992928555641e-01 9.2838992928555641e-01 1.0000000000000000e+01 0
9.6999999999999997e-01 9.2838992928555641e-01 1.0000000000000000e+01 0
2.9999999999999999e-01 8.7059677396827118e-01 1.0000000000000000e+01 0
5.2376650059353413e-01 8.7059677396827129e-01 1.0000000000000000e+01 0
6.7885529328623995e-01 8.7059677396827118e-01 1.0000000000000000e+01 0
7.9035358010205603e-01 8.7059677396827140e-01 1.0000000000000000e+01 0
8.7059677396827129e-01 8.7059677396827129e-01 1.0000000000000000e+01 0
9.2838992928555641e-01 8.7059677396827129e-01 1.0000000000000000e+01 0
9.6999999999999997e-01 8.7059677396827129e-01 1.0000000000000000e+01 0
2.9999999999999999e-01 7.9035358010205614e-01 1.0000000000000000e+01 0
5.2376650059353413e-01 7.9035358010205603e-01 1.0000000000000000e+01 0
6.7885529328623995e-01 7.9035358010205603e-01 1.0000000000000000e+01 0
7.9035358010205603e-01 7.9035358010205603e-01 1.0000000000000000e+01 0
8.7059677396827118e-01 7.9035358010205603e-01 1.0000000000000000e+01 0
9.2838992928555641e-01 7.9035358010205603e-01 1.0000000000000000e+01 0
9.6999999999999997e-01 7.9035358010205603e-01 1.0000000000000000e+01 0
2.9999999999999999e-01 6.7885529328623995e-01 1.0000000000000000e+01 0
5.2376650059353413e-01 6.7885529328623995e-01 1.0000000000000000e+01 0
6.7885529328623995e-01 6.7885529328623995e-01 1.0000000000000000e+01 0
7.9035358010205603e-01 6.7885529328623995e-01 1.0000000000000000e+01 0
8.7059677396827140e-01 6.7885529328623995e-01 1.0000000000000000e+01 0
9.2838992928555641e-01 6.7885529328623995e-01 1.0000000000000000e+01 0
9.6999999999999997e-01 6.7885529328623995e-01 1.0000000000000000e+01 0
2.9999999999999999e-01 5.2376650059353413e-01 1.0000000000000000e+01 0
5.2376650059353413e-01 5.2376650059353413e-01 1.0000000000000000e+01 0
6.7885529328623995e-01 5.2376650059353413e-01 1.0000000000000000e+01 0
7.9035358010205603e-01 5.2376650059353413e-01 1.0000000000000000e+01 0
8.7059677396827129e-01 5.2376650059353413e-01 1.0000000000000000e+01 0
9.2838992928555641e-01 5.2376650059353413e-01 1.0000000000000000e+01 0
9.6999999999999997e-01 5.2376650059353413e-01 1.0000000000000000e+01 0
2.9999999999999999e-01 3.0000000000000004e-01 1.0000000000000000e+01 0
5.2376650059353413e-01 3.0000000000000004e-01 1.0000000000000000e+01 0
6.7885529328623995e-01 3.0000000000000004e-01 1.0000000000000000e+01 0
7.9035358010205581e-01 3.0000000000000004e-01 1.0000000000000000e+01 0
8.7059677396827129e-01 3.0000000000000004e-01 1.0000000000000000e+01 0
9.2838992928555641e-01 3.0000000000000004e-01 1.0000000000000000e+01 0
9.6999999999999997e-01 3.0000000000000004e-01 1.0000000000000000e+01 0
3.0000000000000004e-01 2.9999999999999993e-01 4.2500000000000000e+00 0
5.2376650059353413e-01 2.9999999999999993e-01 4.2500000000000000e+00 0
6.7885529328624017e-01 3.0000000000000004e-01 4.2500000000000000e+00 0
7.9035358010205625e-01 3.0000000000000004e-01 4.2500000000000000e+00 0
8.7059677396827162e-01 3.0000000000000004e-01 4.2500000000000000e+00 0
9.2838992928555619e-01 3.0000000000000004e-01 4.2500000000000000e+00 0
9.7000000000000020e-01 3.0000000000000004e-01 4.2500000000000000e+00 0
3.0000000000000004e-01 5.2376650059353413e-01 4.2500000000000000e+00 0
5.2376650059353413e-01 5.2376650059353413e-01 4.2500000000000000e+00 0
6.7885529328624017e-01 5.2376650059353413e-01 4.2500000000000000e+00 0
7.9035358010205625e-01 5.2376650059353413e-01 4.2500000000000000e+00 0
8.7059677396827162e-01 5.2376650059353413e-01 4.2500000000000000e+00 0
9.2838992928555619e-01 5.2376650059353413e-01 4.2500000000000000e+00 0
9.6999999999999975e-01 5.2376650059353391e-01 4.2499999999999964e+00 0
3.0000000000000004e-01 6.7885529328623972e-01 4.2500000000000000e+00 0
5.2376650059353413e-01 6.7885529328623928e-01 4.2500000000000000e+00 0
6.7885529328624017e-01 6.7885529328624017e-01 4.2500000000000000e+00 0
7.9035358010205625e-01 6.7885529328623928e-01 4.2500000000000000e+00 0
8.7059677396827162e-01 6.7885529328623972e-01 4.2500000000000000e+00 0
9.2838992928555619e-01 6.7885529328623928e-01 4.2500000000000000e+00 0
9.7000000000000020e-01 6.7885529328623972e-01 4.2499999999999964e+00 0
2.9999999999999993e-01 7.9035358010205625e-01 4.2500000000000000e+00 0
5.2376650059353413e-01 7.9035358010205625e-01 4.2500000000000000e+00 0
6.7885529328624017e-01 7.9035358010205625e-01 4.2500000000000000e+00 0
7.9035358010205581e-01 7.9035358010205625e-01 4.2500000000000000e+00 0
8.7059677396827206e-01 7.9035358010205625e-01 4.2500000000000000e+00 0
9.2838992928555619e-01 7.9035358010205625e-01 4.2500000000000000e+00 0
9.7000000000000020e-01 7.9035358010205581e-01 4.2499999999999964e+00 0
3.0000000000000004e-01 8.7059677396827162e-01 4.2500000000000000e+00 0
5.2376650059353413e-01 8.7059677396827162e-01 4.2500000000000000e+00 0
6.7885529328624017e-01 8.7059677396827162e-01 4.2500000000000000e+00 0
7.9035358010205625e-01 8.7059677396827162e-01 4.2500000000000000e+00 0
8.7059677396827162e-01 8.7059677396827162e-01 4.2500000000000000e+00 0
9.2838992928555619e-01 8.7059677396827162e-01 4.2500000000000000e+00 0
9.6999999999999975e-01 8.7059677396827162e-01 4.2500000000000000e+00 0
3.0000000000000004e-01 9.2838992928555619e-01 4.2500000000000000e+00 0
5.2376650059353413e-01 9.2838992928555619e-01 4.2500000000000000e+00 0
6.7885529328624017e-01 9.2838992928555619e-01 4.2500000000000000e+00 0
7.9035358010205625e-01 9.2838992928555619e-01 4.2500000000000000e+00 0
8.7059677396827162e-01 9.2838992928555619e-01 4.2500000000000000e+00 0
9.2838992928555619e-01 9.2838992928555619e-01 4.2500000000000000e+00 0
9.7000000000000020e-01 9.2838992928555664e-01 4.2500000000000000e+00 0
3.0000000000000004e-01 9.7000000000000020e-01 4.2500000000000000e+00 0
5.2376650059353413e-01 9.7000000000000020e-01 4.2500000000000000e+00 0
6.7885529328623972e-01 9.7000000000000020e-01 4.2500000000000000e+00 0
7.9035358010205625e-01 9.7000000000000020e-01 4.2499999999999982e+00 0
8.7059677396827162e-01 9.7000000000000020e-01 4.2500000000000000e+00 0
9.2838992928555664e-01 9.7000000000000020e-01 4.2500000000000000e+00 0
9.6999999999999975e-01 9.6999999999999975e-01 4.2499999999999964e+00 0
3.0000000000000004e-01 3.0000000000000004e-01 3.6604520168157642e+00 0
5.2376650059353413e-01 3.0000000000000004e-01 3.6604520168157642e+00 0
6.7885529328623972e-01 3.0000000000000004e-01 3.6604520168157677e+00 0
7.9035358010205581e-01 2.9999999999999982e-01 3.6604520168157659e+00 0
8.7059677396827162e-01 3.0000000000000027e-01 3.6604520168157642e+00 0
9.2838992928555619e-01 3.0000000000000027e-01 3.6604520168157642e+00 0
9.7000000000000020e-01 3.0000000000000027e-01 3.6604520168157642e+00 0
3.0000000000000027e-01 5.2376650059353413e-01 3.6604520168157677e+00 0
5.2376650059353413e-01 5.2376650059353413e-01 3.6604520168157659e+00 0
6.7885529328623972e-01 5.2376650059353413e-01 3.6604520168157677e+00 0
7.9035358010205625e-01 5.2376650059353413e-01 3.6604520168157659e+00 0
8.7059677396827118e-01 5.2376650059353413e-01 3.6604520168157659e+00 0
9.2838992928555619e-01 5.2376650059353413e-01 3.6604520168157659e+00 0
9.6999999999999975e-01 5.2376650059353391e-01 3.6604520168157659e+00 0
3.0000000000000004e-01 6.7885529328623972e-01 3.6604520168157677e+00 0
5.2376650059353413e-01 6.7885529328623972e-01 3.6604520168157659e+00 0
6.7885529328623972e-01 6.7885529328623972e-01 3.6604520168157659e+00 0
7.9035358010205625e-01 6.7885529328623972e-01 3.6604520168157659e+00 0
8.7059677396827162e-01 6.7885529328623972e-01 3.6604520168157659e+00 0
9.2838992928555619e-01 6.7885529328623972e-01 3.6604520168157659e+00 0
9.6999999999999975e-01 6.7885529328623972e-01 3.6604520168157659e+00 0
3.0000000000000027e-01 7.9035358010205625e-01 3.6604520168157677e+00 0
5.2376650059353413e-01 7.9035358010205625e-01 3.6604520168157642e+00 0
6.7885529328623972e-01 7.9035358010205625e-01 3.6604520168157659e+00 0
7.9035358010205625e-01 7.9035358010205625e-01 3.6604520168157642e+00 0
8.7059677396827118e-01 7.9035358010205625e-01 3.6604520168157642e+00 0
9.2838992928555664e-01 7.9035358010205625e-01 3.6604520168157642e+00 0
9.7000000000000020e-01 7.9035358010205625e-01 3.6604520168157642e+00 0
3.0000000000000004e-01 8.7059677396827118e-01 3.6604520168157677e+00 0
5.2376650059353413e-01 8.7059677396827118e-01 3.6604520168157659e+00 0
6.7885529328623972e-01 8.7059677396827118e-01 3.6604520168157659e+00 0
7.9035358010205625e-01 8.7059677396827162e-01 3.6604520168157642e+00 0
8.7059677396827073e-01 8.7059677396827118e-01 3.6604520168157659e+00 0
9.2838992928555664e-01 8.7059677396827118e-01 3.6604520168157642e+00 0
9.7000000000000020e-01 8.7059677396827073e-01 3.6604520168157642e+00 0
3.0000000000000027e-01 9.2838992928555575e-01 3.6604520168157659e+00 0
5.2376650059353413e-01 9.2838992928555619e-01 3.6604520168157659e+00 0
6.7885529328623972e-01 9.2838992928555619e-01 3.6604520168157659e+00 0
7.9035358010205625e-01 9.2838992928555619e-01 3.6604520168157659e+00 0
8.7059677396827118e-01 9.2838992928555619e-01 3.6604520168157659e+00 0
9.2838992928555619e-01 9.2838992928555619e-01 3.6604520168157659e+00 0
9.6999999999999975e-01 9.2838992928555619e-01 3.6604520168157659e+00 0
3.0000000000000027e-01 9.7000000000000020e-01 3.6604520168157677e+00 0
5.2376650059353413e-01 9.6999999999999975e-01 3.6604520168157659e+00 0
6.7885529328623972e-01 9.6999999999999975e-01 3.6604520168157659e+00 0
7.9035358010205625e-01 9.7000000000000020e-01 3.6604520168157659e+00 0
8.7059677396827118e-01 9.7000000000000020e-01 3.6604520168157659e+00 0
9.2838992928555664e-01 9.6999999999999975e-01 3.6604520168157642e+00 0
9.6999999999999975e-01 9.6999999999999975e-01 3.6604520168157659e+00 0
3.0000000000000004e-01 3.0000000000000004e-01 3.1112698386137403e+00 0
5.2376650059353413e-01 3.0000000000000004e-01 3.1112698386137403e+00 0
6.7885529328624017e-01 3.0000000000000004e-01 3.1112698386137403e+00 0
7.9035358010205581e-01 3.0000000000000027e-01 3.1112698386137403e+00 0
8.7059677396827118e-01 3.0000000000000027e-01 3.1112698386137403e+00 0
9.2838992928555619e-01 3.0000000000000004e-01 3.1112698386137403e+00 0
9.6999999999999975e-01 3.0000000000000027e-01 3.1112698386137403e+00 0
3.0000000000000027e-01 5.2376650059353413e-01 3.1112698386137403e+00 0
5.2376650059353413e-01 5.2376650059353413e-01 3.1112698386137403e+00 0
6.7885529328624017e-01 5.2376650059353413e-01 3.1112698386137403e+00 0
7.9035358010205625e-01 5.2376650059353413e-01 3.1112698386137403e+00 0
8.7059677396827118e-01 5.2376650059353413e-01 3.1112698386137403e+00 0
9.2838992928555619e-01 5.2376650059353391e-01 3.1112698386137403e+00 0
9.6999999999999975e-01 5.2376650059353391e-01 3.1112698386137403e+00 0
3.0000000000000004e-01 6.7885529328624017e-01 3.1112698386137403e+00 0
5.2376650059353413e-01 6.7885529328624017e-01 3.1112698386137403e+00 0
6.7885529328624017e-01 6.7885529328624017e-01 3.1112698386137403e+00 0
7.9035358010205625e-01 6.7885529328624017e-01 3.1112698386137385e+00 0
8.7059677396827162e-01 6.7885529328624017e-01 3.1112698386137403e+00 0
9.2838992928555619e-01 6.7885529328624017e-01 3.1112698386137403e+00 0
9.6999999999999975e-01 6.7885529328624017e-01 3.1112698386137403e+00 0
3.0000000000000027e-01 7.9035358010205625e-01 3.1112698386137421e+00 0
5.2376650059353413e-01 7.9035358010205625e-01 3.1112698386137403e+00 0
6.7885529328624017e-01 7.9035358010205625e-01 3.1112698386137403e+00 0
7.9035358010205625e-01 7.9035358010205625e-01 3.1112698386137385e+00 0
8.7059677396827118e-01 7.9035358010205625e-01 3.1112698386137403e+00 0
9.2838992928555619e-01 7.9035358010205625e-01 3.1112698386137403e+00 0
9.6999999999999975e-01 7.9035358010205625e-01 3.1112698386137403e+00 0
3.0000000000000027e-01 8.7059677396827118e-01 3.1112698386137421e+00 0
5.2376650059353413e-01 8.7059677396827162e-01 3.1112698386137403e+00 0
6.7885529328624017e-01 8.7059677396827118e-01 3.1112698386137403e+00 0
7.9035358010205625e-01 8.7059677396827162e-01 3.1112698386137385e+00 0
8.7059677396827073e-01 8.7059677396827118e-01 3.1112698386137403e+00 0
9.2838992928555619e-01 8.7059677396827118e-01 3.1112698386137403e+00 0
9.6999999999999975e-01 8.7059677396827118e-01 3.1112698386137403e+00 0
3.0000000000000027e-01 9.2838992928555619e-01 3.1112698386137421e+00 0
5.2376650059353413e-01 9.2838992928555619e-01 3.1112698386137403e+00 0
6.7885529328624017e-01 9.2838992928555619e-01 3.1112698386137403e+00 0
7.9035358010205625e-01 9.2838992928555664e-01 3.1112698386137385e+00 0
8.7059677396827118e-01 9.2838992928555619e-01 3.1112698386137403e+00 0
9.2838992928555619e-01 9.2838992928555619e-01 3.1112698386137403e+00 0
9.6999999999999975e-01 9.2838992928555664e-01 3.1112698386137403e+00 0
3.0000000000000027e-01 9.7000000000000020e-01 3.1112698386137421e+00 0
5.2376650059353413e-01 9.6999999999999975e-01 3.1112698386137403e+00 0
6.7885529328624017e-01 9.6999999999999975e-01 3.1112698386137403e+00 0
7.9035358010205625e-01 9.6999999999999975e-01 3.1112698386137385e+00 0
8.7059677396827118e-01 9.6999999999999975e-01 3.1112698386137403e+00 0
9.2838992928555619e-01 9.6999999999999975e-01 3.1112698386137403e+00 0
9.6999999999999975e-01 9.6999999999999975e-01 3.1112698386137403e+00 0
3.0000000000000004e-01 3.0000000000000004e-01 2.6367569919055764e+00 0
5.2376650059353413e-01 3.0000000000000027e-01 2.6367569919055782e+00 0
6.7885529328623972e-01 2.9999999999999982e-01 2.6367569919055764e+00 0
7.9035358010205581e-01 3.0000000000000016e-01 2.6367569919055764e+00 0
8.7059677396827118e-01 3.0000000000000004e-01 2.6367569919055764e+00 0
9.2838992928555619e-01 3.0000000000000004e-01 2.6367569919055747e+00 0
9.6999999999999975e-01 3.0000000000000027e-01 2.6367569919055747e+00 0
3.0000000000000027e-01 5.2376650059353413e-01 2.6367569919055764e+00 0
5.2376650059353413e-01 5.2376650059353413e-01 2.6367569919055764e+00 0
6.7885529328623972e-01 5.2376650059353413e-01 2.6367569919055764e+00 0
7.9035358010205581e-01 5.2376650059353413e-01 2.6367569919055747e+00 0
8.7059677396827162e-01 5.2376650059353391e-01 2.6367569919055756e+00 0
9.2838992928555619e-01 5.2376650059353391e-01 2.6367569919055764e+00 0
9.6999999999999975e-01 5.2376650059353391e-01 2.6367569919055756e+00 0
3.0000000000000004e-01 6.7885529328623972e-01 2.6367569919055764e+00 0
5.2376650059353413e-01 6.7885529328624017e-01 2.6367569919055764e+00 0
6.7885529328623972e-01 6.7885529328623972e-01 2.6367569919055764e+00 0
7.9035358010205581e-01 6.7885529328623972e-01 2.6367569919055764e+00 0
8.7059677396827162e-01 6.7885529328623972e-01 2.6367569919055756e+00 0
9.2838992928555619e-01 6.7885529328623972e-01 2.6367569919055764e+00 0
9.6999999999999975e-01 6.7885529328623972e-01 2.6367569919055747e+00 0
3.0000000000000004e-01 7.9035358010205625e-01 2.6367569919055764e+00 0
5.2376650059353413e-01 7.9035358010205581e-01 2.6367569919055756e+00 0
6.7885529328623972e-01 7.9035358010205581e-01 2.6367569919055764e+00 0
7.9035358010205581e-01 7.9035358010205581e-01 2.6367569919055764e+00 0
8.7059677396827118e-01 7.9035358010205625e-01 2.6367569919055747e+00 0
9.2838992928555619e-01 7.9035358010205581e-01 2.6367569919055764e+00 0
9.6999999999999975e-01 7.9035358010205625e-01 2.6367569919055747e+00 0
3.0000000000000027e-01 8.7059677396827162e-01 2.6367569919055764e+00 0
5.2376650059353413e-01 8.7059677396827162e-01 2.6367569919055747e+00 0
6.7885529328623972e-01 8.7059677396827118e-01 2.6367569919055764e+00 0
7.9035358010205625e-01 8.7059677396827118e-01 2.6367569919055747e+00 0
8.7059677396827118e-01 8.7059677396827118e-01 2.6367569919055756e+00 0
9.2838992928555619e-01 8.7059677396827118e-01 2.6367569919055764e+00 0
9.6999999999999975e-01 8.7059677396827118e-01 2.6367569919055747e+00 0
3.0000000000000027e-01 9.2838992928555619e-01 2.6367569919055764e+00 0
5.2376650059353413e-01 9.2838992928555664e-01 2.6367569919055747e+00 0
6.7885529328623972e-01 9.2838992928555619e-01 2.6367569919055764e+00 0
7.9035358010205581e-01 9.2838992928555664e-01 2.6367569919055764e+00 0
8.7059677396827118e-01 9.2838992928555619e-01 2.6367569919055756e+00 0
9.2838992928555619e-01 9.2838992928555619e-01 2.6367569919055764e+00 0
9.6999999999999975e-01 9.2838992928555664e-01 2.6367569919055747e+00 0
3.0000000000000027e-01 9.7000000000000020e-01 2.6367569919055764e+00 0
5.2376650059353413e-01 9.6999999999999975e-01 2.6367569919055756e+00 0
6.7885529328623972e-01 9.6999999999999975e-01 2.6367569919055764e+00 0
7.9035358010205625e-01 9.6999999999999975e-01 2.6367569919055747e+00 0
8.7059677396827118e-01 9.7000000000000020e-01 2.6367569919055756e+00 0
9.2838992928555619e-01 9.7000000000000020e-01 2.6367569919055756e+00 0
9.6999999999999975e-01 9.6999999999999975e-01 2.6367569919055747e+00 0
3.0000000000000004e-01 3.0000000000000016e-01 2.2271407744914233e+00 0
5.2376650059353413e-01 3.0000000000000016e-01 2.2271407744914233e+00 0
6.7885529328624017e-01 3.0000000000000004e-01 2.2271407744914233e+00 0
7.9035358010205625e-01 2.9999999999999993e-01 2.2271407744914233e+00 0
8.7059677396827118e-01 2.9999999999999993e-01 2.2271407744914242e+00 0
9.2838992928555619e-01 3.0000000000000004e-01 2.2271407744914224e+00 0
9.7000000000000020e-01 3.0000000000000004e-01 2.2271407744914233e+00 0
3.0000000000000004e-01 5.2376650059353413e-01 2.2271407744914233e+00 0
5.2376650059353413e-01 5.2376650059353413e-01 2.2271407744914233e+00 0
6.7885529328624017e-01 5.2376650059353413e-01 2.2271407744914233e+00 0
7.9035358010205625e-01 5.2376650059353413e-01 2.2271407744914207e+00 0
8.7059677396827162e-01 5.2376650059353391e-01 2.2271407744914242e+00 0
9.2838992928555619e-01 5.2376650059353413e-01 2.2271407744914224e+00 0
9.7000000000000020e-01 5.2376650059353391e-01 2.2271407744914233e+00 0
3.0000000000000004e-01 6.7885529328623972e-01 2.2271407744914233e+00 0
5.2376650059353413e-01 6.7885529328623972e-01 2.2271407744914233e+00 0
6.7885529328624017e-01 6.7885529328624017e-01 2.2271407744914233e+00 0
7.9035358010205625e-01 6.7885529328624017e-01 2.2271407744914233e+00 0
8.7059677396827118e-01 6.7885529328623928e-01 2.2271407744914233e+00 0
9.2838992928555619e-01 6.7885529328623972e-01 2.2271407744914224e+00 0
9.7000000000000020e-01 6.7885529328624017e-01 2.2271407744914233e+00 0
3.0000000000000004e-01 7.9035358010205625e-01 2.2271407744914233e+00 0
5.2376650059353413e-01 7.9035358010205625e-01 2.2271407744914233e+00 0
6.7885529328623972e-01 7.9035358010205581e-01 2.2271407744914224e+00 0
7.9035358010205581e-01 7.9035358010205581e-01 2.2271407744914224e+00 0
8.7059677396827118e-01 7.9035358010205581e-01 2.2271407744914224e+00 0
9.2838992928555619e-01 7.9035358010205625e-01 2.2271407744914242e+00 0
9.7000000000000020e-01 7.9035358010205625e-01 2.2271407744914224e+00 0
3.0000000000000004e-01 8.7059677396827162e-01 2.2271407744914216e+00 0
5.2376650059353413e-01 8.7059677396827118e-01 2.2271407744914233e+00 0
6.7885529328624017e-01 8.7059677396827162e-01 2.2271407744914233e+00 0
7.9035358010205625e-01 8.7059677396827118e-01 2.2271407744914233e+00 0
8.7059677396827118e-01 8.7059677396827118e-01 2.2271407744914224e+00 0
9.2838992928555619e-01 8.7059677396827118e-01 2.2271407744914242e+00 0
9.7000000000000020e-01 8.7059677396827118e-01 2.2271407744914242e+00 0
3.0000000000000004e-01 9.2838992928555664e-01 2.2271407744914216e+00 0
5.2376650059353413e-01 9.2838992928555619e-01 2.2271407744914233e+00 0
6.7885529328624017e-01 9.2838992928555664e-01 2.2271407744914233e+00 0
7.9035358010205625e-01 9.2838992928555619e-01 2.2271407744914207e+00 0
8.7059677396827162e-01 9.2838992928555619e-01 2.2271407744914242e+00 0
9.2838992928555619e-01 9.2838992928555619e-01 2.2271407744914224e+00 0
9.7000000000000064e-01 9.2838992928555619e-01 2.2271407744914242e+00 0
3.0000000000000004e-01 9.6999999999999975e-01 2.2271407744914233e+00 0
5.2376650059353413e-01 9.7000000000000020e-01 2.2271407744914233e+00 0
6.7885529328624017e-01 9.7000000000000020e-01 2.2271407744914233e+00 0
7.9035358010205625e-01 9.6999999999999975e-01 2.2271407744914233e+00 0
8.7059677396827162e-01 9.6999999999999975e-01 2.2271407744914242e+00 0
9.2838992928555619e-01 9.6999999999999975e-01 2.2271407744914224e+00 0
9.7000000000000020e-01 9.7000000000000020e-01 2.2271407744914233e+00 0
2.9999999999999982e-01 2.9999999999999982e-01 1.8738237408649585e+00 0
5.2376650059353413e-01 3.0000000000000004e-01 1.8738237408649585e+00 0
6.7885529328623972e-01 3.0000000000000016e-01 1.8738237408649585e+00 0
7.9035358010205625e-01 2.9999999999999993e-01 1.8738237408649585e+00 0
8.7059677396827162e-01 3.0000000000000027e-01 1.8738237408649594e+00 0
9.2838992928555619e-01 3.0000000000000027e-01 1.8738237408649594e+00 0
9.6999999999999931e-01 3.0000000000000027e-01 1.8738237408649585e+00 0
3.0000000000000004e-01 5.2376650059353413e-01 1.8738237408649585e+00 0
5.2376650059353413e-01 5.2376650059353413e-01 1.8738237408649603e+00 0
6.7885529328624017e-01 5.2376650059353413e-01 1.8738237408649585e+00 0
7.9035358010205625e-01 5.2376650059353413e-01 1.8738237408649603e+00 0
8.7059677396827162e-01 5.2376650059353413e-01 1.8738237408649603e+00 0
9.2838992928555664e-01 5.2376650059353413e-01 1.8738237408649612e+00 0
9.7000000000000020e-01 5.2376650059353436e-01 1.8738237408649594e+00 0
2.9999999999999982e-01 6.7885529328623972e-01 1.8738237408649585e+00 0
5.2376650059353413e-01 6.7885529328623972e-01 1.8738237408649585e+00 0
6.7885529328624017e-01 6.7885529328624017e-01 1.8738237408649594e+00 0
7.9035358010205625e-01 6.7885529328623972e-01 1.8738237408649603e+00 0
8.7059677396827162e-01 6.7885529328623972e-01 1.8738237408649603e+00 0
9.2838992928555664e-01 6.7885529328623972e-01 1.8738237408649594e+00 0
9.7000000000000020e-01 6.7885529328624017e-01 1.8738237408649594e+00 0
3.0000000000000004e-01 7.9035358010205625e-01 1.8738237408649585e+00 0
5.2376650059353413e-01 7.9035358010205625e-01 1.8738237408649603e+00 0
6.7885529328624017e-01 7.9035358010205625e-01 1.8738237408649594e+00 0
7.9035358010205625e-01 7.9035358010205625e-01 1.8738237408649594e+00 0
8.7059677396827206e-01 7.9035358010205625e-01 1.8738237408649594e+00 0
9.2838992928555619e-01 7.9035358010205625e-01 1.8738237408649603e+00 0
9.7000000000000020e-01 7.9035358010205625e-01 1.8738237408649594e+00 0
3.0000000000000004e-01 8.7059677396827206e-01 1.8738237408649603e+00 0
5.2376650059353413e-01 8.7059677396827162e-01 1.8738237408649603e+00 0
6.7885529328624017e-01 8.7059677396827118e-01 1.8738237408649594e+00 0
7.9035358010205625e-01 8.7059677396827162e-01 1.8738237408649603e+00 0
8.7059677396827118e-01 8.7059677396827162e-01 1.8738237408649603e+00 0
9.2838992928555619e-01 8.7059677396827162e-01 1.8738237408649603e+00 0
9.7000000000000020e-01 8.7059677396827118e-01 1.8738237408649585e+00 0
3.0000000000000004e-01 9.2838992928555664e-01 1.8738237408649585e+00 0
5.2376650059353413e-01 9.2838992928555664e-01 1.8738237408649585e+00 0
6.7885529328624017e-01 9.2838992928555619e-01 1.8738237408649585e+00 0
7.9035358010205625e-01 9.2838992928555619e-01 1.8738237408649594e+00 0
8.7059677396827162e-01 9.2838992928555664e-01 1.8738237408649594e+00 0
9.2838992928555619e-01 9.2838992928555619e-01 1.8738237408649585e+00 0
9.7000000000000020e-01 9.2838992928555619e-01 1.8738237408649594e+00 0
3.0000000000000027e-01 9.7000000000000020e-01 1.8738237408649594e+00 0
5.2376650059353413e-01 9.7000000000000020e-01 1.8738237408649594e+00 0
6.7885529328624017e-01 9.7000000000000020e-01 1.8738237408649594e+00 0
7.9035358010205625e-01 9.7000000000000020e-01 1.8738237408649585e+00 0
8.7059677396827162e-01 9.7000000000000020e-01 1.8738237408649594e+00 0
9.2838992928555619e-01 9.7000000000000020e-01 1.8738237408649594e+00 0
9.7000000000000020e-01 9.7000000000000020e-01 1.8738237408649585e+00 0
3.0000000000000004e-01 3.0000000000000004e-01 1.5692718422580283e+00 0
5.2376650059353413e-01 3.0000000000000004e-01 1.5692718422580283e+00 0
6.7885529328624017e-01 3.0000000000000004e-01 1.5692718422580292e+00 0
7.9035358010205581e-01 3.0000000000000004e-01 1.5692718422580292e+00 0
8.7059677396827118e-01 3.0000000000000004e-01 1.5692718422580274e+00 0
9.2838992928555664e-01 3.0000000000000027e-01 1.5692718422580283e+00 0
9.6999999999999975e-01 3.0000000000000027e-01 1.5692718422580292e+00 0
3.0000000000000027e-01 5.2376650059353413e-01 1.5692718422580283e+00 0
5.2376650059353413e-01 5.2376650059353413e-01 1.5692718422580292e+00 0
6.7885529328624017e-01 5.2376650059353413e-01 1.5692718422580292e+00 0
7.9035358010205625e-01 5.2376650059353413e-01 1.5692718422580274e+00 0
8.7059677396827118e-01 5.2376650059353436e-01 1.5692718422580274e+00 0
9.2838992928555664e-01 5.2376650059353413e-01 1.5692718422580292e+00 0
9.6999999999999975e-01 5.2376650059353436e-01 1.5692718422580283e+00 0
3.0000000000000004e-01 6.7885529328623972e-01 1.5692718422580292e+00 0
5.2376650059353413e-01 6.7885529328624017e-01 1.5692718422580292e+00 0
6.7885529328624017e-01 6.7885529328624017e-01 1.5692718422580292e+00 0
7.9035358010205625e-01 6.7885529328624017e-01 1.5692718422580292e+00 0
8.7059677396827118e-01 6.7885529328624017e-01 1.5692718422580292e+00 0
9.2838992928555664e-01 6.7885529328623972e-01 1.5692718422580283e+00 0
9.6999999999999975e-01 6.7885529328624017e-01 1.5692718422580292e+00 0
3.0000000000000027e-01 7.9035358010205625e-01 1.5692718422580301e+00 0
5.2376650059353413e-01 7.9035358010205625e-01 1.5692718422580283e+00 0
6.7885529328624017e-01 7.9035358010205625e-01 1.5692718422580292e+00 0
7.9035358010205625e-01 7.9035358010205625e-01 1.5692718422580292e+00 0
8.7059677396827073e-01 7.9035358010205625e-01 1.5692718422580292e+00 0
9.2838992928555664e-01 7.9035358010205581e-01 1.5692718422580283e+00 0
9.6999999999999975e-01 7.9035358010205625e-01 1.5692718422580292e+00 0
3.0000000000000027e-01 8.7059677396827118e-01 1.5692718422580292e+00 0
5.2376650059353413e-01 8.7059677396827118e-01 1.5692718422580292e+00 0
6.7885529328624017e-01 8.7059677396827118e-01 1.5692718422580292e+00 0
7.9035358010205625e-01 8.7059677396827073e-01 1.5692718422580292e+00 0
8.7059677396827118e-01 8.7059677396827118e-01 1.5692718422580283e+00 0
9.2838992928555664e-01 8.7059677396827118e-01 1.5692718422580292e+00 0
9.7000000000000020e-01 8.7059677396827118e-01 1.5692718422580292e+00 0
3.0000000000000027e-01 9.2838992928555664e-01 1.5692718422580283e+00 0
5.2376650059353413e-01 9.2838992928555664e-01 1.5692718422580292e+00 0
6.7885529328624017e-01 9.2838992928555664e-01 1.5692718422580292e+00 0
7.9035358010205625e-01 9.2838992928555664e-01 1.5692718422580292e+00 0
8.7059677396827162e-01 9.2838992928555664e-01 1.5692718422580292e+00 0
9.2838992928555664e-01 9.2838992928555664e-01 1.5692718422580292e+00 0
9.6999999999999975e-01 9.2838992928555664e-01 1.5692718422580292e+00 0
3.0000000000000027e-01 9.6999999999999975e-01 1.5692718422580301e+00 0
5.2376650059353413e-01 9.6999999999999975e-01 1.5692718422580283e+00 0
6.7885529328624017e-01 9.6999999999999975e-01 1.5692718422580292e+00 0
7.9035358010205625e-01 9.6999999999999975e-01 1.5692718422580292e+00 0
8.7059677396827118e-01 9.6999999999999975e-01 1.5692718422580292e+00 0
9.2838992928555664e-01 9.6999999999999975e-01 1.5692718422580292e+00 0
9.6999999999999975e-01 9.6999999999999975e-01 1.5692718422580283e+00 0
3.0000000000000004e-01 3.0000000000000004e-01 1.3069041036010010e+00 0
5.2376650059353413e-01 3.0000000000000004e-01 1.3069041036010010e+00 0
6.7885529328624017e-01 3.0000000000000004e-01 1.3069041036010010e+00 0
7.9035358010205581e-01 3.0000000000000027e-01 1.3069041036010010e+00 0
8.7059677396827118e-01 3.0000000000000004e-01 1.3069041036010010e+00 0
9.2838992928555619e-01 3.0000000000000027e-01 1.3069041036010010e+00 0
9.6999999999999975e-01 3.0000000000000016e-01 1.3069041036010018e+00 0
3.0000000000000027e-01 5.2376650059353413e-01 1.3069041036010010e+00 0
5.2376650059353413e-01 5.2376650059353413e-01 1.3069041036010010e+00 0
6.7885529328624017e-01 5.2376650059353413e-01 1.3069041036010010e+00 0
7.9035358010205625e-01 5.2376650059353391e-01 1.3069041036010010e+00 0
8.7059677396827118e-01 5.2376650059353413e-01 1.3069041036010010e+00 0
9.2838992928555619e-01 5.2376650059353413e-01 1.3069041036010010e+00 0
9.7000000000000020e-01 5.2376650059353391e-01 1.3069041036010018e+00 0
3.0000000000000004e-01 6.7885529328624017e-01 1.3069041036010010e+00 0
5.2376650059353413e-01 6.7885529328624017e-01 1.3069041036010010e+00 0
6.7885529328624017e-01 6.7885529328624017e-01 1.3069041036010010e+00 0
7.9035358010205625e-01 6.7885529328624017e-01 1.3069041036010010e+00 0
8.7059677396827118e-01 6.7885529328624017e-01 1.3069041036010010e+00 0
9.2838992928555619e-01 6.7885529328624017e-01 1.3069041036010010e+00 0
9.6999999999999975e-01 6.7885529328624017e-01 1.3069041036010018e+00 0
3.0000000000000027e-01 7.9035358010205581e-01 1.3069041036010010e+00 0
5.2376650059353413e-01 7.9035358010205581e-01 1.3069041036010010e+00 0
6.7885529328624017e-01 7.9035358010205625e-01 1.3069041036010010e+00 0
7.9035358010205625e-01 7.9035358010205670e-01 1.3069041036010010e+00 0
8.7059677396827118e-01 7.9035358010205670e-01 1.3069041036010010e+00 0
9.2838992928555619e-01 7.9035358010205625e-01 1.3069041036010010e+00 0
9.7000000000000020e-01 7.9035358010205670e-01 1.3069041036010010e+00 0
3.0000000000000027e-01 8.7059677396827118e-01 1.3069041036010010e+00 0
5.2376650059353413e-01 8.7059677396827118e-01 1.3069041036010010e+00 0
6.7885529328624017e-01 8.7059677396827118e-01 1.3069041036010010e+00 0
7.9035358010205625e-01 8.7059677396827118e-01 1.3069041036010010e+00 0
8.7059677396827073e-01 8.7059677396827118e-01 1.3069041036010010e+00 0
9.2838992928555619e-01 8.7059677396827118e-01 1.3069041036010010e+00 0
9.7000000000000020e-01 8.7059677396827118e-01 1.3069041036010010e+00 0
3.0000000000000027e-01 9.2838992928555619e-01 1.3069041036010010e+00 0
5.2376650059353413e-01 9.2838992928555619e-01 1.3069041036010010e+00 0
6.7885529328624017e-01 9.2838992928555664e-01 1.3069041036010010e+00 0
7.9035358010205625e-01 9.2838992928555619e-01 1.3069041036010010e+00 0
8.7059677396827118e-01 9.2838992928555619e-01 1.3069041036010010e+00 0
9.2838992928555619e-01 9.2838992928555619e-01 1.3069041036010010e+00 0
9.7000000000000064e-01 9.2838992928555619e-01 1.3069041036010010e+00 0
3.0000000000000027e-01 9.7000000000000020e-01 1.3069041036010010e+00 0
5.2376650059353413e-01 9.6999999999999975e-01 1.3069041036010010e+00 0
6.7885529328624017e-01 9.6999999999999975e-01 1.3069041036010010e+00 0
7.9035358010205625e-01 9.7000000000000020e-01 1.3069041036010010e+00 0
8.7059677396827118e-01 9.6999999999999975e-01 1.3069041036010010e+00 0
9.2838992928555619e-01 9.7000000000000020e-01 1.3069041036010018e+00 0
9.7000000000000020e-01 9.7000000000000020e-01 1.3069041036010010e+00 0
3.0000000000000004e-01 3.0000000000000004e-01 1.0809873737115412e+00 0
5.2376650059353413e-01 3.0000000000000004e-01 1.0809873737115407e+00 0
6.7885529328624017e-01 3.0000000000000004e-01 1.0809873737115407e+00 0
7.9035358010205581e-01 3.0000000000000004e-01 1.0809873737115407e+00 0
8.7059677396827118e-01 3.0000000000000004e-01 1.0809873737115407e+00 0
9.2838992928555619e-01 3.0000000000000004e-01 1.0809873737115403e+00 0
9.6999999999999975e-01 3.0000000000000004e-01 1.0809873737115421e+00 0
3.0000000000000004e-01 5.2376650059353413e-01 1.0809873737115399e+00 0
5.2376650059353413e-01 5.2376650059353413e-01 1.0809873737115407e+00 0
6.7885529328624017e-01 5.2376650059353413e-01 1.0809873737115407e+00 0
7.9035358010205581e-01 5.2376650059353413e-01 1.0809873737115407e+00 0
8.7059677396827118e-01 5.2376650059353413e-01 1.0809873737115407e+00 0
9.2838992928555619e-01 5.2376650059353436e-01 1.0809873737115403e+00 0
9.6999999999999975e-01 5.2376650059353391e-01 1.0809873737115412e+00 0
3.0000000000000004e-01 6.7885529328624017e-01 1.0809873737115407e+00 0
5.2376650059353413e-01 6.7885529328624017e-01 1.0809873737115407e+00 0
6.7885529328624017e-01 6.7885529328624017e-01 1.0809873737115412e+00 0
7.9035358010205581e-01 6.7885529328624017e-01 1.0809873737115407e+00 0
8.7059677396827162e-01 6.7885529328624017e-01 1.0809873737115399e+00 0
9.2838992928555619e-01 6.7885529328624017e-01 1.0809873737115412e+00 0
9.6999999999999975e-01 6.7885529328624017e-01 1.0809873737115412e+00 0
3.0000000000000004e-01 7.9035358010205581e-01 1.0809873737115399e+00 0
5.2376650059353413e-01 7.9035358010205581e-01 1.0809873737115407e+00 0
6.7885529328624017e-01 7.9035358010205581e-01 1.0809873737115412e+00 0
7.9035358010205581e-01 7.9035358010205581e-01 1.0809873737115407e+00 0
8.7059677396827162e-01 7.9035358010205581e-01 1.0809873737115416e+00 0
9.2838992928555619e-01 7.9035358010205581e-01 1.0809873737115412e+00 0
9.6999999999999975e-01 7.9035358010205581e-01 1.0809873737115403e+00 0
3.0000000000000027e-01 8.7059677396827162e-01 1.0809873737115412e+00 0
5.2376650059353413e-01 8.7059677396827162e-01 1.0809873737115407e+00 0
6.7885529328624017e-01 8.7059677396827162e-01 1.0809873737115412e+00 0
7.9035358010205581e-01 8.7059677396827162e-01 1.0809873737115407e+00 0
8.7059677396827073e-01 8.7059677396827162e-01 1.0809873737115399e+00 0
9.2838992928555575e-01 8.7059677396827118e-01 1.0809873737115412e+00 0
9.6999999999999975e-01 8.7059677396827162e-01 1.0809873737115407e+00 0
3.0000000000000004e-01 9.2838992928555619e-01 1.0809873737115399e+00 0
5.2376650059353413e-01 9.2838992928555575e-01 1.0809873737115407e+00 0
6.7885529328624017e-01 9.2838992928555664e-01 1.0809873737115407e+00 0
7.9035358010205581e-01 9.2838992928555619e-01 1.0809873737115407e+00 0
8.7059677396827162e-01 9.2838992928555664e-01 1.0809873737115399e+00 0
9.2838992928555619e-01 9.2838992928555619e-01 1.0809873737115403e+00 0
9.6999999999999975e-01 9.2838992928555664e-01 1.0809873737115407e+00 0
3.0000000000000004e-01 9.6999999999999975e-01 1.0809873737115399e+00 0
5.2376650059353413e-01 9.6999999999999975e-01 1.0809873737115407e+00 0
6.7885529328624017e-01 9.6999999999999975e-01 1.0809873737115412e+00 0
7.9035358010205581e-01 9.6999999999999975e-01 1.0809873737115407e+00 0
8.7059677396827118e-01 9.6999999999999975e-01 1.0809873737115407e+00 0
9.2838992928555619e-01 9.6999999999999975e-01 1.0809873737115412e+00 0
9.6999999999999975e-01 9.6999999999999975e-01 1.0809873737115407e+00 0
3.0000000000000004e-01 3.0000000000000016e-01 8.8653819836569614e-01 0
5.2376650059353413e-01 3.0000000000000016e-01 8.8653819836569614e-01 0
6.7885529328623972e-01 2.9999999999999993e-01 8.8653819836569614e-01 0
7.9035358010205625e-01 3.0000000000000016e-01 8.8653819836569614e-01 0
8.7059677396827162e-01 3.0000000000000004e-01 8.8653819836569658e-01 0
9.2838992928555619e-01 3.0000000000000004e-01 8.8653819836569614e-01 0
9.7000000000000020e-01 3.0000000000000004e-01 8.8653819836569614e-01 0
3.0000000000000027e-01 5.2376650059353413e-01 8.8653819836569614e-01 0
5.2376650059353413e-01 5.2376650059353413e-01 8.8653819836569658e-01 0
6.7885529328624017e-01 5.2376650059353413e-01 8.8653819836569570e-01 0
7.9035358010205625e-01 5.2376650059353413e-01 8.8653819836569658e-01 0
8.7059677396827162e-01 5.2376650059353413e-01 8.8653819836569658e-01 0
9.2838992928555619e-01 5.2376650059353413e-01 8.8653819836569658e-01 0
9.7000000000000020e-01 5.2376650059353436e-01 8.8653819836569614e-01 0
3.0000000000000004e-01 6.7885529328624017e-01 8.8653819836569614e-01 0
5.2376650059353413e-01 6.7885529328624017e-01 8.8653819836569614e-01 0
6.7885529328623972e-01 6.7885529328623972e-01 8.8653819836569614e-01 0
7.9035358010205625e-01 6.7885529328624017e-01 8.8653819836569614e-01 0
8.7059677396827118e-01 6.7885529328623972e-01 8.8653819836569614e-01 0
9.2838992928555619e-01 6.7885529328624017e-01 8.8653819836569614e-01 0
9.7000000000000020e-01 6.7885529328623972e-01 8.8653819836569614e-01 0
3.0000000000000004e-01 7.9035358010205625e-01 8.8653819836569614e-01 0
5.2376650059353413e-01 7.9035358010205625e-01 8.8653819836569614e-01 0
6.7885529328623972e-01 7.9035358010205581e-01 8.8653819836569614e-01 0
7.9035358010205581e-01 7.9035358010205581e-01 8.8653819836569614e-01 0
8.7059677396827162e-01 7.9035358010205581e-01 8.8653819836569614e-01 0
9.2838992928555619e-01 7.9035358010205581e-01 8.8653819836569614e-01 0
9.7000000000000020e-01 7.9035358010205581e-01 8.8653819836569614e-01 0
3.0000000000000004e-01 8.7059677396827162e-01 8.8653819836569614e-01 0
5.2376650059353413e-01 8.7059677396827206e-01 8.8653819836569614e-01 0
6.7885529328623972e-01 8.7059677396827162e-01 8.8653819836569614e-01 0
7.9035358010205625e-01 8.7059677396827162e-01 8.8653819836569658e-01 0
8.7059677396827118e-01 8.7059677396827162e-01 8.8653819836569614e-01 0
9.2838992928555619e-01 8.7059677396827162e-01 8.8653819836569614e-01 0
9.7000000000000020e-01 8.7059677396827162e-01 8.8653819836569614e-01 0
3.0000000000000004e-01 9.2838992928555664e-01 8.8653819836569658e-01 0
5.2376650059353413e-01 9.2838992928555664e-01 8.8653819836569658e-01 0
6.7885529328624017e-01 9.2838992928555619e-01 8.8653819836569570e-01 0
7.9035358010205581e-01 9.2838992928555619e-01 8.8653819836569614e-01 0
8.7059677396827162e-01 9.2838992928555664e-01 8.8653819836569614e-01 0
9.2838992928555619e-01 9.2838992928555619e-01 8.8653819836569614e-01 0
9.7000000000000020e-01 9.2838992928555619e-01 8.8653819836569614e-01 0
3.0000000000000004e-01 9.7000000000000020e-01 8.8653819836569614e-01 0
5.2376650059353413e-01 9.7000000000000020e-01 8.8653819836569614e-01 0
6.7885529328623972e-01 9.7000000000000020e-01 8.8653819836569614e-01 0
7.9035358010205581e-01 9.7000000000000020e-01 8.8653819836569614e-01 0
8.7059677396827162e-01 9.7000000000000020e-01 8.8653819836569614e-01 0
9.2838992928555619e-01 9.7000000000000020e-01 8.8653819836569614e-01 0
9.7000000000000020e-01 9.7000000000000020e-01 8.8653819836569614e-01 0
3.0000000000000004e-01 3.0000000000000016e-01 7.1923284878260185e-01 0
5.2376650059353413e-01 3.0000000000000016e-01 7.1923284878260141e-01 0
6.7885529328624017e-01 3.0000000000000016e-01 7.1923284878260141e-01 0
7.9035358010205625e-01 3.0000000000000004e-01 7.1923284878260141e-01 0
8.7059677396827162e-01 3.0000000000000016e-01 7.1923284878260185e-01 0
9.2838992928555664e-01 3.0000000000000027e-01 7.1923284878260096e-01 0
9.6999999999999975e-01 3.0000000000000004e-01 7.1923284878260096e-01 0
3.0000000000000004e-01 5.2376650059353413e-01 7.1923284878260141e-01 0
5.2376650059353413e-01 5.2376650059353413e-01 7.1923284878260096e-01 0
6.7885529328624017e-01 5.2376650059353413e-01 7.1923284878260185e-01 0
7.9035358010205625e-01 5.2376650059353413e-01 7.1923284878260141e-01 0
8.7059677396827073e-01 5.2376650059353413e-01 7.1923284878260141e-01 0
9.2838992928555664e-01 5.2376650059353413e-01 7.1923284878260096e-01 0
9.7000000000000020e-01 5.2376650059353436e-01 7.1923284878260141e-01 0
2.9999999999999982e-01 6.7885529328624017e-01 7.1923284878260096e-01 0
5.2376650059353413e-01 6.7885529328624017e-01 7.1923284878260096e-01 0
6.7885529328624017e-01 6.7885529328624017e-01 7.1923284878260096e-01 0
7.9035358010205625e-01 6.7885529328624017e-01 7.1923284878260096e-01 0
8.7059677396827162e-01 6.7885529328624017e-01 7.1923284878260230e-01 0
9.2838992928555619e-01 6.7885529328624017e-01 7.1923284878260096e-01 0
9.7000000000000020e-01 6.7885529328624017e-01 7.1923284878260096e-01 0
3.0000000000000004e-01 7.9035358010205581e-01 7.1923284878260141e-01 0
5.2376650059353413e-01 7.9035358010205581e-01 7.1923284878260096e-01 0
6.7885529328624017e-01 7.9035358010205625e-01 7.1923284878260141e-01 0
7.9035358010205581e-01 7.9035358010205581e-01 7.1923284878260141e-01 0
8.7059677396827162e-01 7.9035358010205581e-01 7.1923284878260141e-01 0
9.2838992928555664e-01 7.9035358010205581e-01 7.1923284878260096e-01 0
9.7000000000000020e-01 7.9035358010205625e-01 7.1923284878260141e-01 0
2.9999999999999993e-01 8.7059677396827073e-01 7.1923284878260096e-01 0
5.2376650059353413e-01 8.7059677396827118e-01 7.1923284878260096e-01 0
6.7885529328624017e-01 8.7059677396827162e-01 7.1923284878260141e-01 0
7.9035358010205625e-01 8.7059677396827118e-01 7.1923284878260141e-01 0
8.7059677396827118e-01 8.7059677396827162e-01 7.1923284878260096e-01 0
9.2838992928555619e-01 8.7059677396827162e-01 7.1923284878260096e-01 0
9.6999999999999975e-01 8.7059677396827118e-01 7.1923284878260096e-01 0
2.9999999999999993e-01 9.2838992928555664e-01 7.1923284878260141e-01 0
5.2376650059353413e-01 9.2838992928555619e-01 7.1923284878260096e-01 0
6.7885529328624017e-01 9.2838992928555708e-01 7.1923284878260185e-01 0
7.9035358010205625e-01 9.2838992928555619e-01 7.1923284878260141e-01 0
8.7059677396827073e-01 9.2838992928555664e-01 7.1923284878260141e-01 0
9.2838992928555664e-01 9.2838992928555664e-01 7.1923284878260096e-01 0
9.7000000000000020e-01 9.2838992928555619e-01 7.1923284878260141e-01 0
2.9999999999999993e-01 9.7000000000000064e-01 7.1923284878260096e-01 0
5.2376650059353413e-01 9.6999999999999975e-01 7.1923284878260096e-01 0
6.7885529328624017e-01 9.6999999999999975e-01 7.1923284878260141e-01 0
7.9035358010205625e-01 9.7000000000000020e-01 7.1923284878260141e-01 0
8.7059677396827073e-01 9.7000000000000020e-01 7.1923284878260141e-01 0
9.2838992928555619e-01 9.7000000000000020e-01 7.1923284878260096e-01 0
9.7000000000000020e-01 9.7000000000000020e-01 7.1923284878260141e-01 0
3.0000000000000016e-01 3.0000000000000004e-01 5.7532585591626439e-01 0
5.2376650059353413e-01 3.0000000000000004e-01 5.7532585591626484e-01 0
6.7885529328624017e-01 3.0000000000000004e-01 5.7532585591626439e-01 0
7.9035358010205670e-01 2.9999999999999982e-01 5.7532585591626439e-01 0
8.7059677396827073e-01 3.0000000000000004e-01 5.7532585591626439e-01 0
9.2838992928555664e-01 2.9999999999999982e-01 5.7532585591626439e-01 0
9.6999999999999975e-01 3.0000000000000004e-01 5.7532585591626439e-01 0
3.0000000000000027e-01 5.2376650059353413e-01 5.7532585591626417e-01 0
5.2376650059353413e-01 5.2376650059353413e-01 5.7532585591626417e-01 0
6.7885529328623972e-01 5.2376650059353413e-01 5.7532585591626439e-01 0
7.9035358010205625e-01 5.2376650059353413e-01 5.7532585591626439e-01 0
8.7059677396827118e-01 5.2376650059353436e-01 5.7532585591626439e-01 0
9.2838992928555664e-01 5.2376650059353413e-01 5.7532585591626439e-01 0
9.7000000000000020e-01 5.2376650059353413e-01 5.7532585591626439e-01 0
2.9999999999999982e-01 6.7885529328623972e-01 5.7532585591626439e-01 0
5.2376650059353413e-01 6.7885529328623972e-01 5.7532585591626439e-01 0
6.7885529328624017e-01 6.7885529328624017e-01 5.7532585591626439e-01 0
7.9035358010205670e-01 6.7885529328623972e-01 5.7532585591626395e-01 0
8.7059677396827118e-01 6.7885529328623972e-01 5.7532585591626439e-01 0
9.2838992928555664e-01 6.7885529328623972e-01 5.7532585591626439e-01 0
9.7000000000000020e-01 6.7885529328624017e-01 5.7532585591626439e-01 0
3.0000000000000004e-01 7.9035358010205625e-01 5.7532585591626417e-01 0
5.2376650059353413e-01 7.9035358010205625e-01 5.7532585591626417e-01 0
6.7885529328624017e-01 7.9035358010205581e-01 5.7532585591626439e-01 0
7.9035358010205581e-01 7.9035358010205581e-01 5.7532585591626439e-01 0
8.7059677396827206e-01 7.9035358010205536e-01 5.7532585591626439e-01 0
9.2838992928555619e-01 7.9035358010205536e-01 5.7532585591626439e-01 0
9.7000000000000020e-01 7.9035358010205581e-01 5.7532585591626439e-01 0
3.0000000000000004e-01 8.7059677396827162e-01 5.7532585591626417e-01 0
5.2376650059353413e-01 8.7059677396827162e-01 5.7532585591626462e-01 0
6.7885529328624017e-01 8.7059677396827162e-01 5.7532585591626439e-01 0
7.9035358010205625e-01 8.7059677396827162e-01 5.7532585591626484e-01 0
8.7059677396827118e-01 8.7059677396827162e-01 5.7532585591626439e-01 0
9.2838992928555664e-01 8.7059677396827162e-01 5.7532585591626484e-01 0
9.7000000000000020e-01 8.7059677396827162e-01 5.7532585591626439e-01 0
3.0000000000000004e-01 9.2838992928555664e-01 5.7532585591626439e-01 0
5.2376650059353413e-01 9.2838992928555619e-01 5.7532585591626484e-01 0
6.7885529328623972e-01 9.2838992928555664e-01 5.7532585591626439e-01 0
7.9035358010205581e-01 9.2838992928555619e-01 5.7532585591626439e-01 0
8.7059677396827118e-01 9.2838992928555619e-01 5.7532585591626439e-01 0
9.2838992928555619e-01 9.2838992928555619e-01 5.7532585591626439e-01 0
9.7000000000000020e-01 9.2838992928555619e-01 5.7532585591626439e-01 0
3.0000000000000004e-01 9.7000000000000020e-01 5.7532585591626439e-01 0
5.2376650059353413e-01 9.6999999999999975e-01 5.7532585591626439e-01 0
6.7885529328624017e-01 9.6999999999999975e-01 5.7532585591626439e-01 0
7.9035358010205581e-01 9.7000000000000020e-01 5.7532585591626439e-01 0
8.7059677396827118e-01 9.6999999999999975e-01 5.7532585591626439e-01 0
9.2838992928555619e-01 9.6999999999999975e-01 5.7532585591626439e-01 0
9.7000000000000020e-01 9.7000000000000020e-01 5.7532585591626439e-01 0
3.0000000000000004e-01 3.0000000000000004e-01 4.5157695618349813e-01 0
5.2376650059353413e-01 3.0000000000000004e-01 4.5157695618349791e-01 0
6.7885529328624017e-01 3.0000000000000004e-01 4.5157695618349836e-01 0
7.9035358010205625e-01 3.0000000000000004e-01 4.5157695618349836e-01 0
8.7059677396827162e-01 3.0000000000000004e-01 4.5157695618349813e-01 0
9.2838992928555619e-01 3.0000000000000027e-01 4.5157695618349813e-01 0
9.6999999999999975e-01 3.0000000000000004e-01 4.5157695618349791e-01 0
3.0000000000000027e-01 5.2376650059353413e-01 4.5157695618349836e-01 0
5.2376650059353413e-01 5.2376650059353413e-01 4.5157695618349813e-01 0
6.7885529328624017e-01 5.2376650059353413e-01 4.5157695618349836e-01 0
7.9035358010205581e-01 5.2376650059353413e-01 4.5157695618349791e-01 0
8.7059677396827162e-01 5.2376650059353413e-01 4.5157695618349791e-01 0
9.2838992928555619e-01 5.2376650059353413e-01 4.5157695618349836e-01 0
9.6999999999999975e-01 5.2376650059353436e-01 4.5157695618349813e-01 0
3.0000000000000004e-01 6.7885529328624017e-01 4.5157695618349836e-01 0
5.2376650059353413e-01 6.7885529328624017e-01 4.5157695618349836e-01 0
6.7885529328624017e-01 6.7885529328624017e-01 4.5157695618349813e-01 0
7.9035358010205581e-01 6.7885529328624017e-01 4.5157695618349791e-01 0
8.7059677396827118e-01 6.7885529328624017e-01 4.5157695618349791e-01 0
9.2838992928555619e-01 6.7885529328624017e-01 4.5157695618349836e-01 0
9.6999999999999975e-01 6.7885529328624017e-01 4.5157695618349813e-01 0
3.0000000000000027e-01 7.9035358010205581e-01 4.5157695618349836e-01 0
5.2376650059353413e-01 7.9035358010205581e-01 4.5157695618349769e-01 0
6.7885529328624017e-01 7.9035358010205581e-01 4.5157695618349836e-01 0
7.9035358010205581e-01 7.9035358010205581e-01 4.5157695618349791e-01 0
8.7059677396827162e-01 7.9035358010205581e-01 4.5157695618349791e-01 0
9.2838992928555619e-01 7.9035358010205581e-01 4.5157695618349836e-01 0
9.6999999999999975e-01 7.9035358010205581e-01 4.5157695618349813e-01 0
3.0000000000000027e-01 8.7059677396827162e-01 4.5157695618349769e-01 0
5.2376650059353413e-01 8.7059677396827206e-01 4.5157695618349791e-01 0
6.7885529328624017e-01 8.7059677396827162e-01 4.5157695618349836e-01 0
7.9035358010205581e-01 8.7059677396827162e-01 4.5157695618349813e-01 0
8.7059677396827118e-01 8.7059677396827206e-01 4.5157695618349813e-01 0
9.2838992928555619e-01 8.7059677396827206e-01 4.5157695618349813e-01 0
9.6999999999999975e-01 8.7059677396827206e-01 4.5157695618349813e-01 0
3.0000000000000027e-01 9.2838992928555619e-01 4.5157695618349836e-01 0
5.2376650059353413e-01 9.2838992928555619e-01 4.5157695618349813e-01 0
6.7885529328624017e-01 9.2838992928555619e-01 4.5157695618349836e-01 0
7.9035358010205581e-01 9.2838992928555619e-01 4.5157695618349813e-01 0
8.7059677396827162e-01 9.2838992928555619e-01 4.5157695618349813e-01 0
9.2838992928555619e-01 9.2838992928555619e-01 4.5157695618349836e-01 0
9.6999999999999975e-01 9.2838992928555619e-01 4.5157695618349813e-01 0
3.0000000000000027e-01 9.6999999999999975e-01 4.5157695618349791e-01 0
5.2376650059353413e-01 9.6999999999999975e-01 4.5157695618349769e-01 0
6.7885529328624017e-01 9.6999999999999975e-01 4.5157695618349836e-01 0
7.9035358010205581e-01 9.6999999999999975e-01 4.5157695618349791e-01 0
8.7059677396827162e-01 9.6999999999999975e-01 4.5157695618349791e-01 0
9.2838992928555619e-01 9.6999999999999975e-01 4.5157695618349836e-01 0
9.6999999999999975e-01 9.6999999999999975e-01 4.5157695618349791e-01 0
2.9999999999999993e-01 2.9999999999999982e-01 3.4518607626278630e-01 0
5.2376650059353413e-01 2.9999999999999982e-01 3.4518607626278652e-01 0
6.7885529328623972e-01 2.9999999999999982e-01 3.4518607626278630e-01 0
7.9035358010205581e-01 2.9999999999999982e-01 3.4518607626278652e-01 0
8.7059677396827118e-01 2.9999999999999982e-01 3.4518607626278652e-01 0
9.2838992928555664e-01 2.9999999999999982e-01 3.4518607626278652e-01 0
9.6999999999999975e-01 2.9999999999999982e-01 3.4518607626278652e-01 0
3.0000000000000027e-01 5.2376650059353413e-01 3.4518607626278652e-01 0
5.2376650059353413e-01 5.2376650059353413e-01 3.4518607626278630e-01 0
6.7885529328623972e-01 5.2376650059353413e-01 3.4518607626278652e-01 0
7.9035358010205581e-01 5.2376650059353413e-01 3.4518607626278630e-01 0
8.7059677396827118e-01 5.2376650059353413e-01 3.4518607626278652e-01 0
9.2838992928555664e-01 5.2376650059353413e-01 3.4518607626278652e-01 0
9.6999999999999975e-01 5.2376650059353436e-01 3.4518607626278630e-01 0
2.9999999999999982e-01 6.7885529328623972e-01 3.4518607626278630e-01 0
5.2376650059353413e-01 6.7885529328623972e-01 3.4518607626278652e-01 0
6.7885529328624017e-01 6.7885529328624017e-01 3.4518607626278630e-01 0
7.9035358010205581e-01 6.7885529328623972e-01 3.4518607626278652e-01 0
8.7059677396827118e-01 6.7885529328623972e-01 3.4518607626278630e-01 0
9.2838992928555664e-01 6.7885529328623972e-01 3.4518607626278675e-01 0
9.7000000000000020e-01 6.7885529328624017e-01 3.4518607626278652e-01 0
3.0000000000000004e-01 7.9035358010205581e-01 3.4518607626278630e-01 0
5.2376650059353413e-01 7.9035358010205581e-01 3.4518607626278630e-01 0
6.7885529328623972e-01 7.9035358010205581e-01 3.4518607626278630e-01 0
7.9035358010205581e-01 7.9035358010205581e-01 3.4518607626278652e-01 0
8.7059677396827118e-01 7.9035358010205581e-01 3.4518607626278652e-01 0
9.2838992928555664e-01 7.9035358010205581e-01 3.4518607626278675e-01 0
9.6999999999999975e-01 7.9035358010205581e-01 3.4518607626278675e-01 0
3.0000000000000004e-01 8.7059677396827118e-01 3.4518607626278630e-01 0
5.2376650059353413e-01 8.7059677396827118e-01 3.4518607626278652e-01 0
6.7885529328623972e-01 8.7059677396827118e-01 3.4518607626278652e-01 0
7.9035358010205581e-01 8.7059677396827118e-01 3.4518607626278652e-01 0
8.7059677396827118e-01 8.7059677396827118e-01 3.4518607626278652e-01 0
9.2838992928555664e-01 8.7059677396827118e-01 3.4518607626278675e-01 0
9.6999999999999975e-01 8.7059677396827118e-01 3.4518607626278630e-01 0
3.0000000000000004e-01 9.2838992928555664e-01 3.4518607626278652e-01 0
5.2376650059353413e-01 9.2838992928555664e-01 3.4518607626278630e-01 0
6.7885529328623972e-01 9.2838992928555664e-01 3.4518607626278652e-01 0
7.9035358010205581e-01 9.2838992928555664e-01 3.4518607626278630e-01 0
8.7059677396827118e-01 9.2838992928555664e-01 3.4518607626278652e-01 0
9.2838992928555664e-01 9.2838992928555664e-01 3.4518607626278652e-01 0
9.6999999999999975e-01 9.2838992928555619e-01 3.4518607626278630e-01 0
3.0000000000000004e-01 9.6999999999999975e-01 3.4518607626278630e-01 0
5.2376650059353413e-01 9.6999999999999975e-01 3.4518607626278652e-01 0
6.7885529328623972e-01 9.6999999999999975e-01 3.4518607626278630e-01 0
7.9035358010205581e-01 9.6999999999999975e-01 3.4518607626278675e-01 0
8.7059677396827118e-01 9.6999999999999975e-01 3.4518607626278652e-01 0
9.2838992928555664e-01 9.6999999999999975e-01 3.4518607626278675e-01 0
9.6999999999999975e-01 9.6999999999999975e-01 3.4518607626278675e-01 0
3.0000000000000004e-01 3.0000000000000004e-01 2.5373582248982740e-01 0
5.2376650059353413e-01 3.0000000000000004e-01 2.5373582248982751e-01 0
6.7885529328624017e-01 2.9999999999999993e-01 2.5373582248982751e-01 0
7.9035358010205625e-01 3.0000000000000004e-01 2.5373582248982740e-01 0
8.7059677396827118e-01 3.0000000000000004e-01 2.5373582248982751e-01 0
9.2838992928555619e-01 3.0000000000000004e-01 2.5373582248982762e-01 0
9.6999999999999975e-01 3.0000000000000004e-01 2.5373582248982751e-01 0
3.0000000000000027e-01 5.2376650059353413e-01 2.5373582248982762e-01 0
5.2376650059353413e-01 5.2376650059353413e-01 2.5373582248982751e-01 0
6.7885529328624017e-01 5.2376650059353436e-01 2.5373582248982740e-01 0
7.9035358010205625e-01 5.2376650059353436e-01 2.5373582248982762e-01 0
8.7059677396827162e-01 5.2376650059353436e-01 2.5373582248982751e-01 0
9.2838992928555619e-01 5.2376650059353413e-01 2.5373582248982762e-01 0
9.6999999999999975e-01 5.2376650059353436e-01 2.5373582248982751e-01 0
3.0000000000000004e-01 6.7885529328624017e-01 2.5373582248982751e-01 0
5.2376650059353413e-01 6.7885529328624017e-01 2.5373582248982751e-01 0
6.7885529328624017e-01 6.7885529328623972e-01 2.5373582248982751e-01 0
7.9035358010205625e-01 6.7885529328623972e-01 2.5373582248982740e-01 0
8.7059677396827073e-01 6.7885529328624017e-01 2.5373582248982740e-01 0
9.2838992928555619e-01 6.7885529328623972e-01 2.5373582248982762e-01 0
9.6999999999999975e-01 6.7885529328624017e-01 2.5373582248982740e-01 0
3.0000000000000027e-01 7.9035358010205625e-01 2.5373582248982762e-01 0
5.2376650059353413e-01 7.9035358010205625e-01 2.5373582248982762e-01 0
6.7885529328624017e-01 7.9035358010205625e-01 2.5373582248982762e-01 0
7.9035358010205625e-01 7.9035358010205625e-01 2.5373582248982762e-01 0
8.7059677396827162e-01 7.9035358010205625e-01 2.5373582248982762e-01 0
9.2838992928555619e-01 7.9035358010205625e-01 2.5373582248982762e-01 0
9.6999999999999975e-01 7.9035358010205625e-01 2.5373582248982751e-01 0
3.0000000000000027e-01 8.7059677396827206e-01 2.5373582248982762e-01 0
5.2376650059353413e-01 8.7059677396827118e-01 2.5373582248982740e-01 0
6.7885529328624017e-01 8.7059677396827162e-01 2.5373582248982740e-01 0
7.9035358010205625e-01 8.7059677396827162e-01 2.5373582248982762e-01 0
8.7059677396827118e-01 8.7059677396827118e-01 2.5373582248982740e-01 0
9.2838992928555619e-01 8.7059677396827118e-01 2.5373582248982762e-01 0
9.7000000000000020e-01 8.7059677396827118e-01 2.5373582248982762e-01 0
3.0000000000000027e-01 9.2838992928555664e-01 2.5373582248982751e-01 0
5.2376650059353413e-01 9.2838992928555619e-01 2.5373582248982751e-01 0
6.7885529328624017e-01 9.2838992928555664e-01 2.5373582248982751e-01 0
7.9035358010205625e-01 9.2838992928555619e-01 2.5373582248982740e-01 0
8.7059677396827162e-01 9.2838992928555619e-01 2.5373582248982751e-01 0
9.2838992928555619e-01 9.2838992928555619e-01 2.5373582248982751e-01 0
9.6999999999999975e-01 9.2838992928555619e-01 2.5373582248982751e-01 0
3.0000000000000027e-01 9.6999999999999975e-01 2.5373582248982762e-01 0
5.2376650059353413e-01 9.6999999999999975e-01 2.5373582248982762e-01 0
6.7885529328624017e-01 9.6999999999999975e-01 2.5373582248982762e-01 0
7.9035358010205625e-01 9.6999999999999975e-01 2.5373582248982762e-01 0
8.7059677396827206e-01 9.6999999999999975e-01 2.5373582248982762e-01 0
9.2838992928555619e-01 9.6999999999999975e-01 2.5373582248982762e-01 0
9.6999999999999975e-01 9.6999999999999975e-01 2.5373582248982751e-01 0
2.9999999999999982e-01 2.9999999999999993e-01 1.7514085763817711e-01 0
5.2376650059353413e-01 2.9999999999999993e-01 1.7514085763817722e-01 0
6.7885529328623972e-01 2.9999999999999993e-01 1.7514085763817711e-01 0
7.9035358010205625e-01 3.0000000000000016e-01 1.7514085763817711e-01 0
8.7059677396827118e-01 3.0000000000000004e-01 1.7514085763817699e-01 0
9.2838992928555619e-01 2.9999999999999982e-01 1.7514085763817711e-01 0
9.6999999999999975e-01 3.0000000000000004e-01 1.7514085763817711e-01 0
2.9999999999999982e-01 5.2376650059353413e-01 1.7514085763817711e-01 0
5.2376650059353413e-01 5.2376650059353413e-01 1.7514085763817722e-01 0
6.7885529328623972e-01 5.2376650059353413e-01 1.7514085763817711e-01 0
7.9035358010205581e-01 5.2376650059353413e-01 1.7514085763817711e-01 0
8.7059677396827073e-01 5.2376650059353413e-01 1.7514085763817699e-01 0
9.2838992928555619e-01 5.2376650059353413e-01 1.7514085763817699e-01 0
9.6999999999999975e-01 5.2376650059353391e-01 1.7514085763817711e-01 0
2.9999999999999982e-01 6.7885529328624017e-01 1.7514085763817711e-01 0
5.2376650059353413e-01 6.7885529328623972e-01 1.7514085763817722e-01 0
6.7885529328624017e-01 6.7885529328623972e-01 1.7514085763817711e-01 0
7.9035358010205581e-01 6.7885529328623972e-01 1.7514085763817711e-01 0
8.7059677396827118e-01 6.7885529328623972e-01 1.7514085763817699e-01 0
9.2838992928555619e-01 6.7885529328623972e-01 1.7514085763817699e-01 0
9.7000000000000020e-01 6.7885529328623972e-01 1.7514085763817722e-01 0
2.9999999999999982e-01 7.9035358010205581e-01 1.7514085763817711e-01 0
5.2376650059353413e-01 7.9035358010205581e-01 1.7514085763817711e-01 0
6.7885529328623972e-01 7.9035358010205581e-01 1.7514085763817711e-01 0
7.9035358010205581e-01 7.9035358010205581e-01 1.7514085763817722e-01 0
8.7059677396827162e-01 7.9035358010205581e-01 1.7514085763817699e-01 0
9.2838992928555619e-01 7.9035358010205581e-01 1.7514085763817699e-01 0
9.7000000000000020e-01 7.9035358010205581e-01 1.7514085763817711e-01 0
2.9999999999999993e-01 8.7059677396827118e-01 1.7514085763817722e-01 0
5.2376650059353413e-01 8.7059677396827118e-01 1.7514085763817722e-01 0
6.7885529328623972e-01 8.7059677396827162e-01 1.7514085763817711e-01 0
7.9035358010205581e-01 8.7059677396827118e-01 1.7514085763817711e-01 0
8.7059677396827118e-01 8.7059677396827118e-01 1.7514085763817722e-01 0
9.2838992928555619e-01 8.7059677396827162e-01 1.7514085763817699e-01 0
9.7000000000000020e-01 8.7059677396827118e-01 1.7514085763817722e-01 0
2.9999999999999993e-01 9.2838992928555619e-01 1.7514085763817722e-01 0
5.2376650059353413e-01 9.2838992928555619e-01 1.7514085763817722e-01 0
6.7885529328623972e-01 9.2838992928555619e-01 1.7514085763817711e-01 0
7.9035358010205581e-01 9.2838992928555619e-01 1.7514085763817711e-01 0
8.7059677396827118e-01 9.2838992928555619e-01 1.7514085763817722e-01 0
9.2838992928555619e-01 9.2838992928555619e-01 1.7514085763817699e-01 0
9.7000000000000064e-01 9.2838992928555619e-01 1.7514085763817711e-01 0
2.9999999999999993e-01 9.7000000000000020e-01 1.7514085763817722e-01 0
5.2376650059353413e-01 9.7000000000000020e-01 1.7514085763817722e-01 0
6.7885529328623972e-01 9.7000000000000020e-01 1.7514085763817711e-01 0
7.9035358010205581e-01 9.7000000000000020e-01 1.7514085763817711e-01 0
8.7059677396827118e-01 9.7000000000000020e-01 1.7514085763817722e-01 0
9.2838992928555708e-01 9.7000000000000020e-01 1.7514085763817711e-01 0
9.7000000000000020e-01 9.7000000000000020e-01 1.7514085763817722e-01 0
3.0000000000000016e-01 3.0000000000000004e-01 1.0760351844749161e-01 0
5.2376650059353391e-01 2.9999999999999993e-01 1.0760351844749161e-01 0
6.7885529328623972e-01 2.9999999999999993e-01 1.0760351844749161e-01 0
7.9035358010205625e-01 3.0000000000000004e-01 1.0760351844749161e-01 0
8.7059677396827118e-01 3.0000000000000004e-01 1.0760351844749161e-01 0
9.2838992928555664e-01 3.0000000000000004e-01 1.0760351844749161e-01 0
9.7000000000000020e-01 3.0000000000000004e-01 1.0760351844749161e-01 0
3.0000000000000027e-01 5.2376650059353413e-01 1.0760351844749161e-01 0
5.2376650059353391e-01 5.2376650059353413e-01 1.0760351844749161e-01 0
6.7885529328623972e-01 5.2376650059353413e-01 1.0760351844749161e-01 0
7.9035358010205625e-01 5.2376650059353436e-01 1.0760351844749161e-01 0
8.7059677396827118e-01 5.2376650059353413e-01 1.0760351844749161e-01 0
9.2838992928555664e-01 5.2376650059353413e-01 1.0760351844749161e-01 0
9.7000000000000020e-01 5.2376650059353391e-01 1.0760351844749161e-01 0
3.0000000000000004e-01 6.7885529328623972e-01 1.0760351844749161e-01 0
5.2376650059353391e-01 6.7885529328623972e-01 1.0760351844749161e-01 0
6.7885529328623972e-01 6.7885529328623972e-01 1.0760351844749161e-01 0
7.9035358010205625e-01 6.7885529328623972e-01 1.0760351844749161e-01 0
8.7059677396827118e-01 6.7885529328623972e-01 1.0760351844749161e-01 0
9.2838992928555619e-01 6.7885529328623972e-01 1.0760351844749161e-01 0
9.7000000000000020e-01 6.7885529328623972e-01 1.0760351844749161e-01 0
3.0000000000000004e-01 7.9035358010205625e-01 1.0760351844749161e-01 0
5.2376650059353391e-01 7.9035358010205625e-01 1.0760351844749161e-01 0
6.7885529328623972e-01 7.9035358010205625e-01 1.0760351844749161e-01 0
7.9035358010205625e-01 7.9035358010205625e-01 1.0760351844749166e-01 0
8.7059677396827118e-01 7.9035358010205625e-01 1.0760351844749161e-01 0
9.2838992928555619e-01 7.9035358010205625e-01 1.0760351844749161e-01 0
9.7000000000000020e-01 7.9035358010205625e-01 1.0760351844749161e-01 0
3.0000000000000004e-01 8.7059677396827118e-01 1.0760351844749161e-01 0
5.2376650059353391e-01 8.7059677396827118e-01 1.0760351844749161e-01 0
6.7885529328623972e-01 8.7059677396827118e-01 1.0760351844749161e-01 0
7.9035358010205625e-01 8.7059677396827118e-01 1.0760351844749161e-01 0
8.7059677396827118e-01 8.7059677396827118e-01 1.0760351844749161e-01 0
9.2838992928555619e-01 8.7059677396827118e-01 1.0760351844749161e-01 0
9.7000000000000020e-01 8.7059677396827118e-01 1.0760351844749161e-01 0
3.0000000000000004e-01 9.2838992928555664e-01 1.0760351844749161e-01 0
5.2376650059353413e-01 9.2838992928555619e-01 1.0760351844749161e-01 0
6.7885529328623972e-01 9.2838992928555664e-01 1.0760351844749161e-01 0
7.9035358010205625e-01 9.2838992928555619e-01 1.0760351844749161e-01 0
8.7059677396827118e-01 9.2838992928555664e-01 1.0760351844749161e-01 0
9.2838992928555619e-01 9.2838992928555619e-01 1.0760351844749161e-01 0
9.7000000000000064e-01 9.2838992928555619e-01 1.0760351844749161e-01 0
3.0000000000000004e-01 9.7000000000000020e-01 1.0760351844749161e-01 0
5.2376650059353413e-01 9.7000000000000020e-01 1.0760351844749161e-01 0
6.7885529328623972e-01 9.7000000000000020e-01 1.0760351844749161e-01 0
7.9035358010205625e-01 9.7000000000000020e-01 1.0760351844749161e-01 0
8.7059677396827118e-01 9.7000000000000020e-01 1.0760351844749161e-01 0
9.2838992928555664e-01 9.7000000000000020e-01 1.0760351844749161e-01 0
9.7000000000000020e-01 9.7000000000000020e-01 1.0760351844749161e-01 0
3.0000000000000016e-01 3.0000000000000004e-01 5.0000000000000017e-02 0
5.2376650059353413e-01 3.0000000000000004e-01 4.9999999999999989e-02 0
6.7885529328624017e-01 3.0000000000000004e-01 4.9999999999999961e-02 0
7.9035358010205625e-01 3.0000000000000004e-01 5.0000000000000017e-02 0
8.7059677396827118e-01 3.0000000000000004e-01 4.9999999999999989e-02 0
9.2838992928555664e-01 3.0000000000000004e-01 4.9999999999999961e-02 0
9.6999999999999975e-01 3.0000000000000004e-01 5.0000000000000017e-02 0
3.0000000000000027e-01 5.2376650059353413e-01 4.9999999999999989e-02 0
5.2376650059353413e-01 5.2376650059353413e-01 5.0000000000000017e-02 0
6.7885529328624017e-01 5.2376650059353413e-01 4.9999999999999989e-02 0
7.9035358010205625e-01 5.2376650059353413e-01 5.0000000000000017e-02 0
8.7059677396827118e-01 5.2376650059353413e-01 5.0000000000000017e-02 0
9.2838992928555664e-01 5.2376650059353413e-01 4.9999999999999989e-02 0
9.6999999999999975e-01 5.2376650059353391e-01 5.0000000000000017e-02 0
3.0000000000000004e-01 6.7885529328624017e-01 4.9999999999999989e-02 0
5.2376650059353413e-01 6.7885529328624017e-01 5.0000000000000017e-02 0
6.7885529328624017e-01 6.7885529328624017e-01 5.0000000000000017e-02 0
7.9035358010205625e-01 6.7885529328623972e-01 5.0000000000000017e-02 0
8.7059677396827118e-01 6.7885529328624017e-01 5.0000000000000017e-02 0
9.2838992928555664e-01 6.7885529328624017e-01 5.0000000000000017e-02 0
9.6999999999999975e-01 6.7885529328624017e-01 5.0000000000000017e-02 0
3.0000000000000004e-01 7.9035358010205625e-01 5.0000000000000017e-02 0
5.2376650059353413e-01 7.9035358010205625e-01 5.0000000000000017e-02 0
6.7885529328624017e-01 7.9035358010205625e-01 4.9999999999999989e-02 0
7.9035358010205625e-01 7.9035358010205625e-01 5.0000000000000017e-02 0
8.7059677396827118e-01 7.9035358010205625e-01 5.0000000000000017e-02 0
9.2838992928555664e-01 7.9035358010205625e-01 4.9999999999999989e-02 0
9.6999999999999975e-01 7.9035358010205625e-01 5.0000000000000017e-02 0
3.0000000000000004e-01 8.7059677396827118e-01 5.0000000000000017e-02 0
5.2376650059353413e-01 8.7059677396827118e-01 5.0000000000000017e-02 0
6.7885529328624017e-01 8.7059677396827118e-01 4.9999999999999989e-02 0
7.9035358010205625e-01 8.7059677396827118e-01 5.0000000000000017e-02 0
8.7059677396827118e-01 8.7059677396827118e-01 4.9999999999999989e-02 0
9.2838992928555664e-01 8.7059677396827118e-01 4.9999999999999989e-02 0
9.6999999999999975e-01 8.7059677396827118e-01 5.0000000000000017e-02 0
3.0000000000000004e-01 9.2838992928555664e-01 5.0000000000000017e-02 0
5.2376650059353413e-01 9.2838992928555664e-01 5.0000000000000017e-02 0
6.7885529328624017e-01 9.2838992928555664e-01 4.9999999999999989e-02 0
7.9035358010205625e-01 9.2838992928555664e-01 5.0000000000000017e-02 0
8.7059677396827118e-01 9.2838992928555664e-01 5.0000000000000017e-02 0
9.2838992928555664e-01 9.2838992928555664e-01 4.9999999999999989e-02 0
9.7000000000000064e-01 9.2838992928555664e-01 4.9999999999999989e-02 0
3.0000000000000004e-01 9.7000000000000020e-01 5.0000000000000017e-02 0
5.2376650059353413e-01 9.6999999999999975e-01 5.0000000000000017e-02 0
6.7885529328624017e-01 9.6999999999999975e-01 4.9999999999999989e-02 0
7.9035358010205625e-01 9.7000000000000020e-01 5.0000000000000017e-02 0
8.7059677396827118e-01 9.7000000000000020e-01 5.0000000000000017e-02 0
9.2838992928555664e-01 9.6999999999999975e-01 5.0000000000000017e-02 0
9.6999999999999975e-01 9.6999999999999975e-01 5.0000000000000017e-02 0
2.9999999999999982e-01 2.9999999999999993e-01 9.9499999999999993e+00 0
5.2376650059353413e-01 3.0000000000000016e-01 9.9499999999999993e+00 0
6.7885529328623972e-01 3.0000000000000016e-01 9.9499999999999993e+00 0
7.9035358010205581e-01 3.0000000000000004e-01 9.9499999999999957e+00 0
8.7059677396827162e-01 3.0000000000000004e-01 9.9500000000000028e+00 0
9.2838992928555619e-01 3.0000000000000004e-01 9.9500000000000028e+00 0
9.7000000000000020e-01 2.9999999999999982e-01 9.9499999999999957e+00 0
3.0000000000000004e-01 5.2376650059353413e-01 9.9499999999999957e+00 0
5.2376650059353413e-01 5.2376650059353413e-01 9.9500000000000064e+00 0
6.7885529328623972e-01 5.2376650059353413e-01 9.9500000000000064e+00 0
7.9035358010205625e-01 5.2376650059353413e-01 9.9500000000000064e+00 0
8.7059677396827118e-01 5.2376650059353413e-01 9.9500000000000028e+00 0
9.2838992928555664e-01 5.2376650059353413e-01 9.9499999999999957e+00 0
9.7000000000000020e-01 5.2376650059353391e-01 9.9500000000000028e+00 0
3.0000000000000004e-01 6.7885529328623972e-01 9.9499999999999993e+00 0
5.2376650059353413e-01 6.7885529328623972e-01 9.9499999999999993e+00 0
6.7885529328623972e-01 6.7885529328623972e-01 9.9499999999999993e+00 0
7.9035358010205625e-01 6.7885529328623972e-01 9.9499999999999993e+00 0
8.7059677396827118e-01 6.7885529328623972e-01 9.9499999999999957e+00 0
9.2838992928555664e-01 6.7885529328623972e-01 9.9499999999999957e+00 0
9.7000000000000020e-01 6.7885529328623972e-01 9.9499999999999957e+00 0
3.0000000000000016e-01 7.9035358010205625e-01 9.9499999999999957e+00 0
5.2376650059353413e-01 7.9035358010205625e-01 9.9499999999999993e+00 0
6.7885529328623972e-01 7.9035358010205625e-01 9.9499999999999993e+00 0
7.9035358010205625e-01 7.9035358010205625e-01 9.9499999999999993e+00 0
8.7059677396827118e-01 7.9035358010205625e-01 9.9499999999999957e+00 0
9.2838992928555664e-01 7.9035358010205625e-01 9.9499999999999957e+00 0
9.7000000000000020e-01 7.9035358010205581e-01 9.9499999999999957e+00 0
3.0000000000000016e-01 8.7059677396827118e-01 9.9499999999999993e+00 0
5.2376650059353413e-01 8.7059677396827162e-01 9.9499999999999993e+00 0
6.7885529328623972e-01 8.7059677396827162e-01 9.9499999999999993e+00 0
7.9035358010205625e-01 8.7059677396827162e-01 9.9499999999999993e+00 0
8.7059677396827118e-01 8.7059677396827118e-01 9.9499999999999922e+00 0
9.2838992928555664e-01 8.7059677396827118e-01 9.9499999999999957e+00 0
9.7000000000000020e-01 8.7059677396827162e-01 9.9499999999999957e+00 0
3.0000000000000004e-01 9.2838992928555664e-01 9.9499999999999993e+00 0
5.2376650059353413e-01 9.2838992928555664e-01 9.9499999999999993e+00 0
6.7885529328624017e-01 9.2838992928555664e-01 9.9499999999999993e+00 0
7.9035358010205625e-01 9.2838992928555664e-01 9.9499999999999993e+00 0
8.7059677396827118e-01 9.2838992928555619e-01 9.9499999999999993e+00 0
9.2838992928555619e-01 9.2838992928555619e-01 9.9500000000000028e+00 0
9.6999999999999975e-01 9.2838992928555619e-01 9.9499999999999957e+00 0
3.0000000000000004e-01 9.6999999999999931e-01 9.9499999999999993e+00 0
5.2376650059353413e-01 9.7000000000000020e-01 9.9499999999999993e+00 0
6.7885529328623972e-01 9.7000000000000020e-01 9.9499999999999993e+00 0
7.9035358010205625e-01 9.7000000000000020e-01 9.9499999999999993e+00 0
8.7059677396827162e-01 9.7000000000000064e-01 9.9499999999999957e+00 0
9.2838992928555664e-01 9.7000000000000064e-01 9.9499999999999957e+00 0
9.7000000000000020e-01 9.7000000000000020e-01 9.9499999999999957e+00 0
2.9999999999999982e-01 3.0000000000000004e-01 9.8923964815525096e+00 0
5.2376650059353413e-01 3.0000000000000027e-01 9.8923964815525025e+00 0
6.7885529328624017e-01 3.0000000000000004e-01 9.8923964815525096e+00 0
7.9035358010205581e-01 3.0000000000000004e-01 9.8923964815525096e+00 0
8.7059677396827118e-01 3.0000000000000027e-01 9.8923964815525096e+00 0
9.2838992928555619e-01 3.0000000000000027e-01 9.8923964815525025e+00 0
9.7000000000000020e-01 3.0000000000000027e-01 9.8923964815525025e+00 0
3.0000000000000027e-01 5.2376650059353413e-01 9.8923964815525025e+00 0
5.2376650059353413e-01 5.2376650059353413e-01 9.8923964815525061e+00 0
6.7885529328623972e-01 5.2376650059353413e-01 9.8923964815525096e+00 0
7.9035358010205625e-01 5.2376650059353413e-01 9.8923964815525096e+00 0
8.7059677396827162e-01 5.2376650059353413e-01 9.8923964815525025e+00 0
9.2838992928555664e-01 5.2376650059353413e-01 9.8923964815525025e+00 0
9.6999999999999975e-01 5.2376650059353436e-01 9.8923964815525025e+00 0
2.9999999999999982e-01 6.7885529328624017e-01 9.8923964815525096e+00 0
5.2376650059353413e-01 6.7885529328623972e-01 9.8923964815525096e+00 0
6.7885529328624017e-01 6.7885529328624017e-01 9.8923964815525096e+00 0
7.9035358010205581e-01 6.7885529328623972e-01 9.8923964815525096e+00 0
8.7059677396827162e-01 6.7885529328623972e-01 9.8923964815525096e+00 0
9.2838992928555664e-01 6.7885529328623972e-01 9.8923964815525096e+00 0
9.7000000000000020e-01 6.7885529328623972e-01 9.8923964815525096e+00 0
3.0000000000000027e-01 7.9035358010205581e-01 9.8923964815525096e+00 0
5.2376650059353413e-01 7.9035358010205625e-01 9.8923964815525096e+00 0
6.7885529328624017e-01 7.9035358010205581e-01 9.8923964815525096e+00 0
7.9035358010205581e-01 7.9035358010205581e-01 9.8923964815525096e+00 0
8.7059677396827118e-01 7.9035358010205581e-01 9.8923964815525132e+00 0
9.2838992928555664e-01 7.9035358010205625e-01 9.8923964815525096e+00 0
9.7000000000000020e-01 7.9035358010205625e-01 9.8923964815525096e+00 0
3.0000000000000027e-01 8.7059677396827118e-01 9.8923964815525096e+00 0
5.2376650059353413e-01 8.7059677396827118e-01 9.8923964815525096e+00 0
6.7885529328624017e-01 8.7059677396827118e-01 9.8923964815525096e+00 0
7.9035358010205581e-01 8.7059677396827162e-01 9.8923964815525096e+00 0
8.7059677396827118e-01 8.7059677396827118e-01 9.8923964815525096e+00 0
9.2838992928555664e-01 8.7059677396827162e-01 9.8923964815525096e+00 0
9.7000000000000020e-01 8.7059677396827118e-01 9.8923964815525096e+00 0
3.0000000000000027e-01 9.2838992928555619e-01 9.8923964815525025e+00 0
5.2376650059353413e-01 9.2838992928555664e-01 9.8923964815525061e+00 0
6.7885529328623972e-01 9.2838992928555619e-01 9.8923964815525096e+00 0
7.9035358010205625e-01 9.2838992928555619e-01 9.8923964815525096e+00 0
8.7059677396827162e-01 9.2838992928555575e-01 9.8923964815525096e+00 0
9.2838992928555664e-01 9.2838992928555619e-01 9.8923964815524954e+00 0
9.6999999999999975e-01 9.2838992928555664e-01 9.8923964815524954e+00 0
3.0000000000000027e-01 9.7000000000000020e-01 9.8923964815525025e+00 0
5.2376650059353413e-01 9.6999999999999975e-01 9.8923964815525061e+00 0
6.7885529328623972e-01 9.6999999999999975e-01 9.8923964815525096e+00 0
7.9035358010205625e-01 9.7000000000000020e-01 9.8923964815525096e+00 0
8.7059677396827118e-01 9.7000000000000020e-01 9.8923964815525096e+00 0
9.2838992928555664e-01 9.6999999999999931e-01 9.8923964815524954e+00 0
9.6999999999999975e-01 9.7000000000000020e-01 9.8923964815524954e+00 0
2.9999999999999982e-01 3.0000000000000004e-01 9.8248591423618237e+00 0
5.2376650059353413e-01 3.0000000000000004e-01 9.8248591423618237e+00 0
6.7885529328624017e-01 3.0000000000000004e-01 9.8248591423618237e+00 0
7.9035358010205581e-01 3.0000000000000027e-01 9.8248591423618201e+00 0
8.7059677396827118e-01 3.0000000000000004e-01 9.8248591423618237e+00 0
9.2838992928555619e-01 3.0000000000000004e-01 9.8248591423618237e+00 0
9.6999999999999975e-01 3.0000000000000004e-01 9.8248591423618237e+00 0
3.0000000000000027e-01 5.2376650059353413e-01 9.8248591423618166e+00 0
5.2376650059353413e-01 5.2376650059353413e-01 9.8248591423618166e+00 0
6.7885529328623972e-01 5.2376650059353413e-01 9.8248591423618166e+00 0
7.9035358010205625e-01 5.2376650059353413e-01 9.8248591423618166e+00 0
8.7059677396827162e-01 5.2376650059353413e-01 9.8248591423618237e+00 0
9.2838992928555619e-01 5.2376650059353391e-01 9.8248591423618237e+00 0
9.6999999999999975e-01 5.2376650059353436e-01 9.8248591423618237e+00 0
2.9999999999999982e-01 6.7885529328624017e-01 9.8248591423618237e+00 0
5.2376650059353413e-01 6.7885529328623972e-01 9.8248591423618237e+00 0
6.7885529328624017e-01 6.7885529328624017e-01 9.8248591423618237e+00 0
7.9035358010205581e-01 6.7885529328623972e-01 9.8248591423618237e+00 0
8.7059677396827162e-01 6.7885529328624017e-01 9.8248591423618237e+00 0
9.2838992928555619e-01 6.7885529328624017e-01 9.8248591423618237e+00 0
9.6999999999999975e-01 6.7885529328624017e-01 9.8248591423618237e+00 0
3.0000000000000004e-01 7.9035358010205581e-01 9.8248591423618237e+00 0
5.2376650059353413e-01 7.9035358010205581e-01 9.8248591423618237e+00 0
6.7885529328624017e-01 7.9035358010205581e-01 9.8248591423618237e+00 0
7.9035358010205581e-01 7.9035358010205581e-01 9.8248591423618237e+00 0
8.7059677396827118e-01 7.9035358010205581e-01 9.8248591423618237e+00 0
9.2838992928555619e-01 7.9035358010205581e-01 9.8248591423618237e+00 0
9.6999999999999975e-01 7.9035358010205581e-01 9.8248591423618237e+00 0
3.0000000000000004e-01 8.7059677396827118e-01 9.8248591423618237e+00 0
5.2376650059353413e-01 8.7059677396827118e-01 9.8248591423618237e+00 0
6.7885529328624017e-01 8.7059677396827118e-01 9.8248591423618237e+00 0
7.9035358010205581e-01 8.7059677396827162e-01 9.8248591423618237e+00 0
8.7059677396827118e-01 8.7059677396827073e-01 9.8248591423618237e+00 0
9.2838992928555619e-01 8.7059677396827118e-01 9.8248591423618237e+00 0
9.6999999999999975e-01 8.7059677396827118e-01 9.8248591423618237e+00 0
3.0000000000000004e-01 9.2838992928555619e-01 9.8248591423618237e+00 0
5.2376650059353413e-01 9.2838992928555664e-01 9.8248591423618237e+00 0
6.7885529328624017e-01 9.2838992928555619e-01 9.8248591423618237e+00 0
7.9035358010205581e-01 9.2838992928555664e-01 9.8248591423618237e+00 0
8.7059677396827118e-01 9.2838992928555619e-01 9.8248591423618237e+00 0
9.2838992928555619e-01 9.2838992928555619e-01 9.8248591423618237e+00 0
9.6999999999999975e-01 9.2838992928555664e-01 9.8248591423618237e+00 0
3.0000000000000004e-01 9.7000000000000020e-01 9.8248591423618237e+00 0
5.2376650059353413e-01 9.6999999999999975e-01 9.8248591423618166e+00 0
6.7885529328624017e-01 9.6999999999999975e-01 9.8248591423618237e+00 0
7.9035358010205581e-01 9.7000000000000020e-01 9.8248591423618237e+00 0
8.7059677396827118e-01 9.7000000000000020e-01 9.8248591423618237e+00 0
9.2838992928555619e-01 9.6999999999999975e-01 9.8248591423618237e+00 0
9.6999999999999975e-01 9.6999999999999975e-01 9.8248591423618237e+00 0
3.0000000000000004e-01 3.0000000000000027e-01 9.7462641775101737e+00 0
5.2376650059353413e-01 3.0000000000000027e-01 9.7462641775101737e+00 0
6.7885529328623972e-01 3.0000000000000027e-01 9.7462641775101702e+00 0
7.9035358010205581e-01 3.0000000000000016e-01 9.7462641775101737e+00 0
8.7059677396827073e-01 3.0000000000000027e-01 9.7462641775101773e+00 0
9.2838992928555619e-01 3.0000000000000027e-01 9.7462641775101702e+00 0
9.6999999999999975e-01 3.0000000000000027e-01 9.7462641775101737e+00 0
3.0000000000000027e-01 5.2376650059353413e-01 9.7462641775101666e+00 0
5.2376650059353413e-01 5.2376650059353413e-01 9.7462641775101666e+00 0
6.7885529328623972e-01 5.2376650059353413e-01 9.7462641775101702e+00 0
7.9035358010205581e-01 5.2376650059353413e-01 9.7462641775101666e+00 0
8.7059677396827118e-01 5.2376650059353413e-01 9.7462641775101737e+00 0
9.2838992928555619e-01 5.2376650059353391e-01 9.7462641775101737e+00 0
9.7000000000000020e-01 5.2376650059353391e-01 9.7462641775101702e+00 0
3.0000000000000004e-01 6.7885529328624017e-01 9.7462641775101737e+00 0
5.2376650059353413e-01 6.7885529328624017e-01 9.7462641775101737e+00 0
6.7885529328623972e-01 6.7885529328624017e-01 9.7462641775101702e+00 0
7.9035358010205581e-01 6.7885529328623928e-01 9.7462641775101737e+00 0
8.7059677396827118e-01 6.7885529328624017e-01 9.7462641775101737e+00 0
9.2838992928555619e-01 6.7885529328623972e-01 9.7462641775101666e+00 0
9.7000000000000020e-01 6.7885529328624017e-01 9.7462641775101773e+00 0
3.0000000000000004e-01 7.9035358010205581e-01 9.7462641775101737e+00 0
5.2376650059353413e-01 7.9035358010205581e-01 9.7462641775101737e+00 0
6.7885529328623972e-01 7.9035358010205581e-01 9.7462641775101702e+00 0
7.9035358010205581e-01 7.9035358010205581e-01 9.7462641775101737e+00 0
8.7059677396827162e-01 7.9035358010205581e-01 9.7462641775101737e+00 0
9.2838992928555619e-01 7.9035358010205581e-01 9.7462641775101737e+00 0
9.7000000000000020e-01 7.9035358010205581e-01 9.7462641775101773e+00 0
3.0000000000000027e-01 8.7059677396827118e-01 9.7462641775101737e+00 0
5.2376650059353413e-01 8.7059677396827118e-01 9.7462641775101737e+00 0
6.7885529328623972e-01 8.7059677396827073e-01 9.7462641775101702e+00 0
7.9035358010205581e-01 8.7059677396827118e-01 9.7462641775101737e+00 0
8.7059677396827118e-01 8.7059677396827118e-01 9.7462641775101737e+00 0
9.2838992928555664e-01 8.7059677396827118e-01 9.7462641775101773e+00 0
9.6999999999999975e-01 8.7059677396827118e-01 9.7462641775101773e+00 0
3.0000000000000027e-01 9.2838992928555619e-01 9.7462641775101737e+00 0
5.2376650059353413e-01 9.2838992928555619e-01 9.7462641775101737e+00 0
6.7885529328623972e-01 9.2838992928555619e-01 9.7462641775101702e+00 0
7.9035358010205581e-01 9.2838992928555664e-01 9.7462641775101737e+00 0
8.7059677396827118e-01 9.2838992928555708e-01 9.7462641775101737e+00 0
9.2838992928555619e-01 9.2838992928555708e-01 9.7462641775101702e+00 0
9.7000000000000020e-01 9.2838992928555619e-01 9.7462641775101773e+00 0
3.0000000000000027e-01 9.7000000000000020e-01 9.7462641775101737e+00 0
5.2376650059353413e-01 9.7000000000000020e-01 9.7462641775101737e+00 0
6.7885529328623972e-01 9.7000000000000020e-01 9.7462641775101702e+00 0
7.9035358010205581e-01 9.7000000000000020e-01 9.7462641775101737e+00 0
8.7059677396827118e-01 9.6999999999999975e-01 9.7462641775101737e+00 0
9.2838992928555619e-01 9.7000000000000020e-01 9.7462641775101666e+00 0
9.7000000000000020e-01 9.7000000000000020e-01 9.7462641775101773e+00 0
3.0000000000000004e-01 3.0000000000000016e-01 9.6548139237372155e+00 0
5.2376650059353413e-01 3.0000000000000027e-01 9.6548139237372155e+00 0
6.7885529328624017e-01 3.0000000000000004e-01 9.6548139237372155e+00 0
7.9035358010205581e-01 3.0000000000000027e-01 9.6548139237372155e+00 0
8.7059677396827162e-01 3.0000000000000004e-01 9.6548139237372155e+00 0
9.2838992928555664e-01 3.0000000000000027e-01 9.6548139237372155e+00 0
9.7000000000000020e-01 3.0000000000000004e-01 9.6548139237372155e+00 0
3.0000000000000004e-01 5.2376650059353413e-01 9.6548139237372155e+00 0
5.2376650059353413e-01 5.2376650059353413e-01 9.6548139237372155e+00 0
6.7885529328624017e-01 5.2376650059353413e-01 9.6548139237372155e+00 0
7.9035358010205581e-01 5.2376650059353413e-01 9.6548139237372155e+00 0
8.7059677396827162e-01 5.2376650059353436e-01 9.6548139237372155e+00 0
9.2838992928555664e-01 5.2376650059353413e-01 9.6548139237372155e+00 0
9.7000000000000020e-01 5.2376650059353436e-01 9.6548139237372155e+00 0
3.0000000000000004e-01 6.7885529328623972e-01 9.6548139237372155e+00 0
5.2376650059353413e-01 6.7885529328623972e-01 9.6548139237372155e+00 0
6.7885529328624017e-01 6.7885529328624017e-01 9.6548139237372155e+00 0
7.9035358010205581e-01 6.7885529328624017e-01 9.6548139237372155e+00 0
8.7059677396827162e-01 6.7885529328623972e-01 9.6548139237372155e+00 0
9.2838992928555664e-01 6.7885529328623972e-01 9.6548139237372155e+00 0
9.7000000000000020e-01 6.7885529328623972e-01 9.6548139237372190e+00 0
3.0000000000000004e-01 7.9035358010205581e-01 9.6548139237372155e+00 0
5.2376650059353413e-01 7.9035358010205581e-01 9.6548139237372155e+00 0
6.7885529328624017e-01 7.9035358010205581e-01 9.6548139237372155e+00 0
7.9035358010205581e-01 7.9035358010205581e-01 9.6548139237372155e+00 0
8.7059677396827118e-01 7.9035358010205581e-01 9.6548139237372155e+00 0
9.2838992928555664e-01 7.9035358010205581e-01 9.6548139237372155e+00 0
9.6999999999999975e-01 7.9035358010205625e-01 9.6548139237372155e+00 0
3.0000000000000004e-01 8.7059677396827118e-01 9.6548139237372155e+00 0
5.2376650059353413e-01 8.7059677396827118e-01 9.6548139237372155e+00 0
6.7885529328624017e-01 8.7059677396827118e-01 9.6548139237372155e+00 0
7.9035358010205581e-01 8.7059677396827118e-01 9.6548139237372155e+00 0
8.7059677396827162e-01 8.7059677396827118e-01 9.6548139237372155e+00 0
9.2838992928555664e-01 8.7059677396827118e-01 9.6548139237372155e+00 0
9.6999999999999975e-01 8.7059677396827118e-01 9.6548139237372190e+00 0
3.0000000000000004e-01 9.2838992928555664e-01 9.6548139237372155e+00 0
5.2376650059353413e-01 9.2838992928555664e-01 9.6548139237372155e+00 0
6.7885529328624017e-01 9.2838992928555664e-01 9.6548139237372155e+00 0
7.9035358010205581e-01 9.2838992928555664e-01 9.6548139237372155e+00 0
8.7059677396827162e-01 9.2838992928555664e-01 9.6548139237372155e+00 0
9.2838992928555664e-01 9.2838992928555664e-01 9.6548139237372155e+00 0
9.7000000000000020e-01 9.2838992928555664e-01 9.6548139237372155e+00 0
3.0000000000000004e-01 9.6999999999999975e-01 9.6548139237372155e+00 0
5.2376650059353413e-01 9.6999999999999931e-01 9.6548139237372155e+00 0
6.7885529328624017e-01 9.6999999999999975e-01 9.6548139237372155e+00 0
7.9035358010205625e-01 9.6999999999999975e-01 9.6548139237372155e+00 0
8.7059677396827206e-01 9.6999999999999975e-01 9.6548139237372155e+00 0
9.2838992928555664e-01 9.6999999999999975e-01 9.6548139237372155e+00 0
9.7000000000000020e-01 9.7000000000000020e-01 9.6548139237372084e+00 0
3.0000000000000004e-01 3.0000000000000027e-01 9.5484230438165021e+00 0
5.2376650059353413e-01 3.0000000000000004e-01 9.5484230438165021e+00 0
6.7885529328623972e-01 2.9999999999999993e-01 9.5484230438165056e+00 0
7.9035358010205581e-01 3.0000000000000016e-01 9.5484230438165021e+00 0
8.7059677396827118e-01 3.0000000000000004e-01 9.5484230438165056e+00 0
9.2838992928555664e-01 3.0000000000000027e-01 9.5484230438165056e+00 0
9.6999999999999975e-01 3.0000000000000027e-01 9.5484230438165056e+00 0
3.0000000000000027e-01 5.2376650059353413e-01 9.5484230438165021e+00 0
5.2376650059353413e-01 5.2376650059353413e-01 9.5484230438165021e+00 0
6.7885529328624017e-01 5.2376650059353413e-01 9.5484230438165056e+00 0
7.9035358010205625e-01 5.2376650059353413e-01 9.5484230438165021e+00 0
8.7059677396827162e-01 5.2376650059353436e-01 9.5484230438165056e+00 0
9.2838992928555619e-01 5.2376650059353369e-01 9.5484230438165056e+00 0
9.6999999999999975e-01 5.2376650059353391e-01 9.5484230438165092e+00 0
3.0000000000000004e-01 6.7885529328623972e-01 9.5484230438164950e+00 0
5.2376650059353413e-01 6.7885529328623972e-01 9.5484230438164950e+00 0
6.7885529328623972e-01 6.7885529328624017e-01 9.5484230438164985e+00 0
7.9035358010205625e-01 6.7885529328623972e-01 9.5484230438164950e+00 0
8.7059677396827162e-01 6.7885529328623972e-01 9.5484230438164950e+00 0
9.2838992928555619e-01 6.7885529328623972e-01 9.5484230438165021e+00 0
9.6999999999999975e-01 6.7885529328623972e-01 9.5484230438165092e+00 0
2.9999999999999982e-01 7.9035358010205581e-01 9.5484230438164985e+00 0
5.2376650059353413e-01 7.9035358010205625e-01 9.5484230438165021e+00 0
6.7885529328624017e-01 7.9035358010205625e-01 9.5484230438165056e+00 0
7.9035358010205625e-01 7.9035358010205625e-01 9.5484230438165021e+00 0
8.7059677396827118e-01 7.9035358010205536e-01 9.5484230438165056e+00 0
9.2838992928555664e-01 7.9035358010205625e-01 9.5484230438165021e+00 0
9.6999999999999975e-01 7.9035358010205625e-01 9.5484230438165092e+00 0
3.0000000000000027e-01 8.7059677396827162e-01 9.5484230438164985e+00 0
5.2376650059353413e-01 8.7059677396827118e-01 9.5484230438165021e+00 0
6.7885529328624017e-01 8.7059677396827118e-01 9.5484230438165056e+00 0
7.9035358010205625e-01 8.7059677396827162e-01 9.5484230438165021e+00 0
8.7059677396827162e-01 8.7059677396827118e-01 9.5484230438165021e+00 0
9.2838992928555664e-01 8.7059677396827118e-01 9.5484230438164985e+00 0
9.7000000000000020e-01 8.7059677396827118e-01 9.5484230438164985e+00 0
3.0000000000000027e-01 9.2838992928555664e-01 9.5484230438164985e+00 0
5.2376650059353413e-01 9.2838992928555664e-01 9.5484230438165021e+00 0
6.7885529328624017e-01 9.2838992928555664e-01 9.5484230438165056e+00 0
7.9035358010205625e-01 9.2838992928555664e-01 9.5484230438165021e+00 0
8.7059677396827118e-01 9.2838992928555619e-01 9.5484230438165021e+00 0
9.2838992928555664e-01 9.2838992928555664e-01 9.5484230438164950e+00 0
9.7000000000000020e-01 9.2838992928555619e-01 9.5484230438164985e+00 0
3.0000000000000027e-01 9.7000000000000020e-01 9.5484230438165056e+00 0
5.2376650059353413e-01 9.7000000000000020e-01 9.5484230438165021e+00 0
6.7885529328623972e-01 9.7000000000000020e-01 9.5484230438165056e+00 0
7.9035358010205625e-01 9.7000000000000020e-01 9.5484230438165056e+00 0
8.7059677396827118e-01 9.6999999999999975e-01 9.5484230438165056e+00 0
9.2838992928555619e-01 9.6999999999999975e-01 9.5484230438165056e+00 0
9.6999999999999975e-01 9.6999999999999975e-01 9.5484230438165127e+00 0
2.9999999999999982e-01 2.9999999999999993e-01 9.4246741440837383e+00 0
5.2376650059353413e-01 2.9999999999999993e-01 9.4246741440837383e+00 0
6.7885529328623972e-01 3.0000000000000016e-01 9.4246741440837383e+00 0
7.9035358010205625e-01 3.0000000000000004e-01 9.4246741440837383e+00 0
8.7059677396827118e-01 3.0000000000000004e-01 9.4246741440837383e+00 0
9.2838992928555619e-01 3.0000000000000004e-01 9.4246741440837276e+00 0
9.6999999999999975e-01 3.0000000000000027e-01 9.4246741440837383e+00 0
3.0000000000000004e-01 5.2376650059353413e-01 9.4246741440837383e+00 0
5.2376650059353413e-01 5.2376650059353413e-01 9.4246741440837383e+00 0
6.7885529328623972e-01 5.2376650059353413e-01 9.4246741440837383e+00 0
7.9035358010205581e-01 5.2376650059353413e-01 9.4246741440837383e+00 0
8.7059677396827162e-01 5.2376650059353413e-01 9.4246741440837383e+00 0
9.2838992928555619e-01 5.2376650059353413e-01 9.4246741440837312e+00 0
9.7000000000000020e-01 5.2376650059353436e-01 9.4246741440837383e+00 0
3.0000000000000004e-01 6.7885529328623972e-01 9.4246741440837383e+00 0
5.2376650059353413e-01 6.7885529328623972e-01 9.4246741440837383e+00 0
6.7885529328623972e-01 6.7885529328623972e-01 9.4246741440837383e+00 0
7.9035358010205581e-01 6.7885529328623972e-01 9.4246741440837383e+00 0
8.7059677396827162e-01 6.7885529328623972e-01 9.4246741440837383e+00 0
9.2838992928555664e-01 6.7885529328624017e-01 9.4246741440837383e+00 0
9.7000000000000020e-01 6.7885529328623972e-01 9.4246741440837383e+00 0
3.0000000000000004e-01 7.9035358010205581e-01 9.4246741440837383e+00 0
5.2376650059353413e-01 7.9035358010205581e-01 9.4246741440837383e+00 0
6.7885529328623972e-01 7.9035358010205581e-01 9.4246741440837383e+00 0
7.9035358010205581e-01 7.9035358010205581e-01 9.4246741440837383e+00 0
8.7059677396827118e-01 7.9035358010205581e-01 9.4246741440837383e+00 0
9.2838992928555664e-01 7.9035358010205625e-01 9.4246741440837383e+00 0
9.7000000000000020e-01 7.9035358010205581e-01 9.4246741440837383e+00 0
3.0000000000000004e-01 8.7059677396827162e-01 9.4246741440837383e+00 0
5.2376650059353413e-01 8.7059677396827162e-01 9.4246741440837383e+00 0
6.7885529328623972e-01 8.7059677396827162e-01 9.4246741440837383e+00 0
7.9035358010205581e-01 8.7059677396827162e-01 9.4246741440837383e+00 0
8.7059677396827162e-01 8.7059677396827162e-01 9.4246741440837383e+00 0
9.2838992928555664e-01 8.7059677396827118e-01 9.4246741440837383e+00 0
9.7000000000000020e-01 8.7059677396827162e-01 9.4246741440837383e+00 0
3.0000000000000004e-01 9.2838992928555619e-01 9.4246741440837383e+00 0
5.2376650059353413e-01 9.2838992928555619e-01 9.4246741440837383e+00 0
6.7885529328623972e-01 9.2838992928555619e-01 9.4246741440837383e+00 0
7.9035358010205581e-01 9.2838992928555619e-01 9.4246741440837383e+00 0
8.7059677396827162e-01 9.2838992928555619e-01 9.4246741440837383e+00 0
9.2838992928555664e-01 9.2838992928555664e-01 9.4246741440837383e+00 0
9.7000000000000020e-01 9.2838992928555619e-01 9.4246741440837383e+00 0
3.0000000000000004e-01 9.7000000000000020e-01 9.4246741440837383e+00 0
5.2376650059353413e-01 9.7000000000000020e-01 9.4246741440837383e+00 0
6.7885529328623972e-01 9.7000000000000020e-01 9.4246741440837383e+00 0
7.9035358010205581e-01 9.7000000000000020e-01 9.4246741440837383e+00 0
8.7059677396827162e-01 9.7000000000000020e-01 9.4246741440837383e+00 0
9.2838992928555619e-01 9.7000000000000020e-01 9.4246741440837383e+00 0
9.7000000000000020e-01 9.7000000000000020e-01 9.4246741440837383e+00 0
3.0000000000000027e-01 2.9999999999999993e-01 9.2807671512174004e+00 0
5.2376650059353413e-01 3.0000000000000004e-01 9.2807671512174004e+00 0
6.7885529328624017e-01 3.0000000000000004e-01 9.2807671512173968e+00 0
7.9035358010205581e-01 3.0000000000000004e-01 9.2807671512174004e+00 0
8.7059677396827162e-01 3.0000000000000004e-01 9.2807671512173968e+00 0
9.2838992928555664e-01 3.0000000000000004e-01 9.2807671512173968e+00 0
9.7000000000000020e-01 3.0000000000000004e-01 9.2807671512174004e+00 0
3.0000000000000027e-01 5.2376650059353413e-01 9.2807671512174004e+00 0
5.2376650059353413e-01 5.2376650059353413e-01 9.2807671512174004e+00 0
6.7885529328624017e-01 5.2376650059353413e-01 9.2807671512173968e+00 0
7.9035358010205625e-01 5.2376650059353413e-01 9.2807671512174004e+00 0
8.7059677396827162e-01 5.2376650059353413e-01 9.2807671512173968e+00 0
9.2838992928555664e-01 5.2376650059353413e-01 9.2807671512173968e+00 0
9.7000000000000020e-01 5.2376650059353391e-01 9.2807671512174004e+00 0
3.0000000000000027e-01 6.7885529328624017e-01 9.2807671512174004e+00 0
5.2376650059353413e-01 6.7885529328624017e-01 9.2807671512174004e+00 0
6.7885529328624017e-01 6.7885529328624017e-01 9.2807671512173968e+00 0
7.9035358010205625e-01 6.7885529328623972e-01 9.2807671512174004e+00 0
8.7059677396827162e-01 6.7885529328624017e-01 9.2807671512173968e+00 0
9.2838992928555664e-01 6.7885529328624017e-01 9.2807671512173968e+00 0
9.7000000000000020e-01 6.7885529328624017e-01 9.2807671512174004e+00 0
3.0000000000000004e-01 7.9035358010205625e-01 9.2807671512174004e+00 0
5.2376650059353413e-01 7.9035358010205625e-01 9.2807671512174004e+00 0
6.7885529328624017e-01 7.9035358010205625e-01 9.2807671512173968e+00 0
7.9035358010205625e-01 7.9035358010205625e-01 9.2807671512174004e+00 0
8.7059677396827162e-01 7.9035358010205625e-01 9.2807671512174004e+00 0
9.2838992928555664e-01 7.9035358010205625e-01 9.2807671512173968e+00 0
9.7000000000000020e-01 7.9035358010205625e-01 9.2807671512174004e+00 0
3.0000000000000004e-01 8.7059677396827162e-01 9.2807671512174004e+00 0
5.2376650059353413e-01 8.7059677396827162e-01 9.2807671512174004e+00 0
6.7885529328624017e-01 8.7059677396827162e-01 9.2807671512173968e+00 0
7.9035358010205625e-01 8.7059677396827162e-01 9.2807671512174004e+00 0
8.7059677396827118e-01 8.7059677396827162e-01 9.2807671512174004e+00 0
9.2838992928555664e-01 8.7059677396827162e-01 9.2807671512173968e+00 0
9.7000000000000020e-01 8.7059677396827118e-01 9.2807671512174004e+00 0
3.0000000000000004e-01 9.2838992928555664e-01 9.2807671512174004e+00 0
5.2376650059353413e-01 9.2838992928555664e-01 9.2807671512174004e+00 0
6.7885529328624017e-01 9.2838992928555664e-01 9.2807671512173968e+00 0
7.9035358010205625e-01 9.2838992928555664e-01 9.2807671512174004e+00 0
8.7059677396827162e-01 9.2838992928555664e-01 9.2807671512173968e+00 0
9.2838992928555664e-01 9.2838992928555664e-01 9.2807671512173968e+00 0
9.7000000000000020e-01 9.2838992928555664e-01 9.2807671512174004e+00 0
3.0000000000000004e-01 9.7000000000000064e-01 9.2807671512174004e+00 0
5.2376650059353413e-01 9.7000000000000020e-01 9.2807671512174004e+00 0
6.7885529328624017e-01 9.7000000000000020e-01 9.2807671512173968e+00 0
7.9035358010205625e-01 9.7000000000000020e-01 9.2807671512174004e+00 0
8.7059677396827162e-01 9.7000000000000020e-01 9.2807671512173968e+00 0
9.2838992928555664e-01 9.7000000000000020e-01 9.2807671512173968e+00 0
9.7000000000000020e-01 9.7000000000000020e-01 9.2807671512174004e+00 0
3.0000000000000004e-01 2.9999999999999982e-01 9.1134618016343047e+00 0
5.2376650059353413e-01 2.9999999999999982e-01 9.1134618016343047e+00 0
6.7885529328624017e-01 2.9999999999999982e-01 9.1134618016343012e+00 0
7.9035358010205581e-01 2.9999999999999982e-01 9.1134618016343047e+00 0
8.7059677396827118e-01 2.9999999999999982e-01 9.1134618016343047e+00 0
9.2838992928555664e-01 2.9999999999999982e-01 9.1134618016343083e+00 0
9.6999999999999975e-01 3.0000000000000004e-01 9.1134618016343083e+00 0
3.0000000000000004e-01 5.2376650059353413e-01 9.1134618016343047e+00 0
5.2376650059353413e-01 5.2376650059353413e-01 9.1134618016343047e+00 0
6.7885529328624017e-01 5.2376650059353413e-01 9.1134618016343012e+00 0
7.9035358010205625e-01 5.2376650059353413e-01 9.1134618016343047e+00 0
8.7059677396827118e-01 5.2376650059353413e-01 9.1134618016343047e+00 0
9.2838992928555664e-01 5.2376650059353413e-01 9.1134618016343083e+00 0
9.7000000000000020e-01 5.2376650059353391e-01 9.1134618016343083e+00 0
3.0000000000000004e-01 6.7885529328623928e-01 9.1134618016343047e+00 0
5.2376650059353413e-01 6.7885529328623928e-01 9.1134618016343047e+00 0
6.7885529328623972e-01 6.7885529328623928e-01 9.1134618016343012e+00 0
7.9035358010205625e-01 6.7885529328623928e-01 9.1134618016343047e+00 0
8.7059677396827118e-01 6.7885529328623972e-01 9.1134618016343047e+00 0
9.2838992928555664e-01 6.7885529328623928e-01 9.1134618016343083e+00 0
9.7000000000000020e-01 6.7885529328624017e-01 9.1134618016343047e+00 0
3.0000000000000004e-01 7.9035358010205581e-01 9.1134618016343047e+00 0
5.2376650059353413e-01 7.9035358010205625e-01 9.1134618016343047e+00 0
6.7885529328623972e-01 7.9035358010205625e-01 9.1134618016343012e+00 0
7.9035358010205625e-01 7.9035358010205625e-01 9.1134618016343047e+00 0
8.7059677396827118e-01 7.9035358010205625e-01 9.1134618016343047e+00 0
9.2838992928555664e-01 7.9035358010205625e-01 9.1134618016343083e+00 0
9.7000000000000020e-01 7.9035358010205581e-01 9.1134618016343047e+00 0
3.0000000000000004e-01 8.7059677396827118e-01 9.1134618016343047e+00 0
5.2376650059353413e-01 8.7059677396827118e-01 9.1134618016343047e+00 0
6.7885529328623972e-01 8.7059677396827118e-01 9.1134618016343012e+00 0
7.9035358010205625e-01 8.7059677396827118e-01 9.1134618016343047e+00 0
8.7059677396827118e-01 8.7059677396827118e-01 9.1134618016343047e+00 0
9.2838992928555664e-01 8.7059677396827118e-01 9.1134618016343083e+00 0
9.6999999999999975e-01 8.7059677396827118e-01 9.1134618016343083e+00 0
3.0000000000000004e-01 9.2838992928555619e-01 9.1134618016343047e+00 0
5.2376650059353413e-01 9.2838992928555664e-01 9.1134618016343047e+00 0
6.7885529328623972e-01 9.2838992928555664e-01 9.1134618016343012e+00 0
7.9035358010205625e-01 9.2838992928555664e-01 9.1134618016343047e+00 0
8.7059677396827118e-01 9.2838992928555619e-01 9.1134618016343047e+00 0
9.2838992928555664e-01 9.2838992928555619e-01 9.1134618016343083e+00 0
9.6999999999999975e-01 9.2838992928555664e-01 9.1134618016343083e+00 0
3.0000000000000004e-01 9.6999999999999975e-01 9.1134618016343047e+00 0
5.2376650059353413e-01 9.7000000000000020e-01 9.1134618016343047e+00 0
6.7885529328623972e-01 9.7000000000000020e-01 9.1134618016343012e+00 0
7.9035358010205625e-01 9.6999999999999975e-01 9.1134618016343047e+00 0
8.7059677396827118e-01 9.7000000000000020e-01 9.1134618016343047e+00 0
9.2838992928555664e-01 9.7000000000000020e-01 9.1134618016343047e+00 0
9.6999999999999975e-01 9.6999999999999975e-01 9.1134618016343047e+00 0
3.0000000000000004e-01 2.9999999999999993e-01 8.9190126262884597e+00 0
5.2376650059353413e-01 2.9999999999999993e-01 8.9190126262884597e+00 0
6.7885529328624017e-01 2.9999999999999993e-01 8.9190126262884597e+00 0
7.9035358010205581e-01 2.9999999999999993e-01 8.9190126262884597e+00 0
8.7059677396827118e-01 3.0000000000000004e-01 8.9190126262884561e+00 0
9.2838992928555619e-01 3.0000000000000004e-01 8.9190126262884597e+00 0
9.6999999999999975e-01 3.0000000000000004e-01 8.9190126262884597e+00 0
3.0000000000000027e-01 5.2376650059353413e-01 8.9190126262884597e+00 0
5.2376650059353413e-01 5.2376650059353413e-01 8.9190126262884597e+00 0
6.7885529328623972e-01 5.2376650059353413e-01 8.9190126262884597e+00 0
7.9035358010205581e-01 5.2376650059353413e-01 8.9190126262884597e+00 0
8.7059677396827118e-01 5.2376650059353413e-01 8.9190126262884561e+00 0
9.2838992928555619e-01 5.2376650059353413e-01 8.9190126262884561e+00 0
9.6999999999999975e-01 5.2376650059353391e-01 8.9190126262884597e+00 0
2.9999999999999982e-01 6.7885529328624017e-01 8.9190126262884597e+00 0
5.2376650059353413e-01 6.7885529328624017e-01 8.9190126262884597e+00 0
6.7885529328624017e-01 6.7885529328624017e-01 8.9190126262884597e+00 0
7.9035358010205625e-01 6.7885529328623972e-01 8.9190126262884597e+00 0
8.7059677396827118e-01 6.7885529328623972e-01 8.9190126262884561e+00 0
9.2838992928555619e-01 6.7885529328623928e-01 8.9190126262884561e+00 0
9.6999999999999975e-01 6.7885529328624017e-01 8.9190126262884597e+00 0
3.0000000000000004e-01 7.9035358010205581e-01 8.9190126262884597e+00 0
5.2376650059353413e-01 7.9035358010205581e-01 8.9190126262884597e+00 0
6.7885529328623972e-01 7.9035358010205625e-01 8.9190126262884561e+00 0
7.9035358010205625e-01 7.9035358010205625e-01 8.9190126262884597e+00 0
8.7059677396827118e-01 7.9035358010205625e-01 8.9190126262884561e+00 0
9.2838992928555619e-01 7.9035358010205625e-01 8.9190126262884561e+00 0
9.6999999999999975e-01 7.9035358010205670e-01 8.9190126262884597e+00 0
3.0000000000000004e-01 8.7059677396827073e-01 8.9190126262884561e+00 0
5.2376650059353413e-01 8.7059677396827118e-01 8.9190126262884561e+00 0
6.7885529328624017e-01 8.7059677396827118e-01 8.9190126262884597e+00 0
7.9035358010205625e-01 8.7059677396827118e-01 8.9190126262884561e+00 0
8.7059677396827118e-01 8.7059677396827162e-01 8.9190126262884597e+00 0
9.2838992928555664e-01 8.7059677396827118e-01 8.9190126262884597e+00 0
9.6999999999999975e-01 8.7059677396827162e-01 8.9190126262884597e+00 0
3.0000000000000004e-01 9.2838992928555664e-01 8.9190126262884561e+00 0
5.2376650059353413e-01 9.2838992928555619e-01 8.9190126262884561e+00 0
6.7885529328624017e-01 9.2838992928555664e-01 8.9190126262884597e+00 0
7.9035358010205625e-01 9.2838992928555619e-01 8.9190126262884597e+00 0
8.7059677396827162e-01 9.2838992928555664e-01 8.9190126262884597e+00 0
9.2838992928555664e-01 9.2838992928555664e-01 8.9190126262884597e+00 0
9.6999999999999975e-01 9.2838992928555664e-01 8.9190126262884597e+00 0
3.0000000000000004e-01 9.7000000000000020e-01 8.9190126262884561e+00 0
5.2376650059353413e-01 9.7000000000000020e-01 8.9190126262884561e+00 0
6.7885529328624017e-01 9.6999999999999975e-01 8.9190126262884597e+00 0
7.9035358010205625e-01 9.7000000000000020e-01 8.9190126262884597e+00 0
8.7059677396827162e-01 9.7000000000000020e-01 8.9190126262884597e+00 0
9.2838992928555664e-01 9.7000000000000020e-01 8.9190126262884597e+00 0
9.6999999999999975e-01 9.6999999999999975e-01 8.9190126262884597e+00 0
3.0000000000000004e-01 3.0000000000000004e-01 8.6930958963989937e+00 0
5.2376650059353413e-01 3.0000000000000004e-01 8.6930958963990008e+00 0
6.7885529328624017e-01 3.0000000000000004e-01 8.6930958963990008e+00 0
7.9035358010205581e-01 3.0000000000000004e-01 8.6930958963990008e+00 0
8.7059677396827162e-01 3.0000000000000027e-01 8.6930958963990008e+00 0
9.2838992928555664e-01 3.0000000000000027e-01 8.6930958963990008e+00 0
9.6999999999999975e-01 3.0000000000000027e-01 8.6930958963989937e+00 0
3.0000000000000027e-01 5.2376650059353413e-01 8.6930958963990008e+00 0
5.2376650059353413e-01 5.2376650059353413e-01 8.6930958963990008e+00 0
6.7885529328623972e-01 5.2376650059353413e-01 8.6930958963990008e+00 0
7.9035358010205581e-01 5.2376650059353413e-01 8.6930958963990008e+00 0
8.7059677396827162e-01 5.2376650059353391e-01 8.6930958963990008e+00 0
9.2838992928555664e-01 5.2376650059353413e-01 8.6930958963989937e+00 0
9.6999999999999975e-01 5.2376650059353391e-01 8.6930958963990044e+00 0
3.0000000000000004e-01 6.7885529328623972e-01 8.6930958963990008e+00 0
5.2376650059353413e-01 6.7885529328623972e-01 8.6930958963990008e+00 0
6.7885529328623972e-01 6.7885529328623972e-01 8.6930958963990008e+00 0
7.9035358010205581e-01 6.7885529328623972e-01 8.6930958963990008e+00 0
8.7059677396827162e-01 6.7885529328623972e-01 8.6930958963990008e+00 0
9.2838992928555664e-01 6.7885529328624017e-01 8.6930958963989937e+00 0
9.6999999999999975e-01 6.7885529328624017e-01 8.6930958963989973e+00 0
3.0000000000000027e-01 7.9035358010205581e-01 8.6930958963990008e+00 0
5.2376650059353413e-01 7.9035358010205581e-01 8.6930958963990008e+00 0
6.7885529328623972e-01 7.9035358010205581e-01 8.6930958963990008e+00 0
7.9035358010205581e-01 7.9035358010205581e-01 8.6930958963990008e+00 0
8.7059677396827162e-01 7.9035358010205581e-01 8.6930958963990008e+00 0
9.2838992928555664e-01 7.9035358010205581e-01 8.6930958963990008e+00 0
9.6999999999999975e-01 7.9035358010205536e-01 8.6930958963990044e+00 0
3.0000000000000027e-01 8.7059677396827118e-01 8.6930958963990008e+00 0
5.2376650059353413e-01 8.7059677396827206e-01 8.6930958963990008e+00 0
6.7885529328623972e-01 8.7059677396827073e-01 8.6930958963990008e+00 0
7.9035358010205581e-01 8.7059677396827162e-01 8.6930958963990008e+00 0
8.7059677396827118e-01 8.7059677396827162e-01 8.6930958963990008e+00 0
9.2838992928555664e-01 8.7059677396827118e-01 8.6930958963989937e+00 0
9.6999999999999975e-01 8.7059677396827162e-01 8.6930958963989973e+00 0
3.0000000000000027e-01 9.2838992928555664e-01 8.6930958963989937e+00 0
5.2376650059353413e-01 9.2838992928555664e-01 8.6930958963989937e+00 0
6.7885529328624017e-01 9.2838992928555664e-01 8.6930958963989937e+00 0
7.9035358010205581e-01 9.2838992928555664e-01 8.6930958963989937e+00 0
8.7059677396827118e-01 9.2838992928555664e-01 8.6930958963989937e+00 0
9.2838992928555619e-01 9.2838992928555619e-01 8.6930958963989866e+00 0
9.6999999999999975e-01 9.2838992928555664e-01 8.6930958963990008e+00 0
3.0000000000000027e-01 9.7000000000000020e-01 8.6930958963990008e+00 0
5.2376650059353413e-01 9.6999999999999975e-01 8.6930958963990008e+00 0
6.7885529328623972e-01 9.6999999999999975e-01 8.6930958963990008e+00 0
7.9035358010205581e-01 9.7000000000000020e-01 8.6930958963990008e+00 0
8.7059677396827162e-01 9.7000000000000020e-01 8.6930958963990008e+00 0
9.2838992928555664e-01 9.6999999999999975e-01 8.6930958963990008e+00 0
9.6999999999999975e-01 9.6999999999999975e-01 8.6930958963990008e+00 0
3.0000000000000016e-01 3.0000000000000004e-01 8.4307281577419744e+00 0
5.2376650059353413e-01 3.0000000000000004e-01 8.4307281577419744e+00 0
6.7885529328623972e-01 3.0000000000000004e-01 8.4307281577419744e+00 0
7.9035358010205581e-01 3.0000000000000004e-01 8.4307281577419708e+00 0
8.7059677396827162e-01 3.0000000000000004e-01 8.4307281577419673e+00 0
9.2838992928555619e-01 3.0000000000000004e-01 8.4307281577419744e+00 0
9.7000000000000020e-01 3.0000000000000004e-01 8.4307281577419744e+00 0
3.0000000000000027e-01 5.2376650059353413e-01 8.4307281577419779e+00 0
5.2376650059353413e-01 5.2376650059353413e-01 8.4307281577419744e+00 0
6.7885529328623972e-01 5.2376650059353413e-01 8.4307281577419744e+00 0
7.9035358010205625e-01 5.2376650059353413e-01 8.4307281577419673e+00 0
8.7059677396827162e-01 5.2376650059353436e-01 8.4307281577419708e+00 0
9.2838992928555619e-01 5.2376650059353413e-01 8.4307281577419744e+00 0
9.6999999999999975e-01 5.2376650059353436e-01 8.4307281577419744e+00 0
3.0000000000000004e-01 6.7885529328623972e-01 8.4307281577419744e+00 0
5.2376650059353413e-01 6.7885529328623972e-01 8.4307281577419744e+00 0
6.7885529328623972e-01 6.7885529328623972e-01 8.4307281577419744e+00 0
7.9035358010205581e-01 6.7885529328623972e-01 8.4307281577419708e+00 0
8.7059677396827162e-01 6.7885529328624017e-01 8.4307281577419673e+00 0
9.2838992928555619e-01 6.7885529328623972e-01 8.4307281577419744e+00 0
9.7000000000000020e-01 6.7885529328623972e-01 8.4307281577419744e+00 0
3.0000000000000004e-01 7.9035358010205625e-01 8.4307281577419744e+00 0
5.2376650059353413e-01 7.9035358010205625e-01 8.4307281577419744e+00 0
6.7885529328623972e-01 7.9035358010205625e-01 8.4307281577419744e+00 0
7.9035358010205625e-01 7.9035358010205625e-01 8.4307281577419744e+00 0
8.7059677396827118e-01 7.9035358010205625e-01 8.4307281577419708e+00 0
9.2838992928555619e-01 7.9035358010205625e-01 8.4307281577419744e+00 0
9.7000000000000020e-01 7.9035358010205625e-01 8.4307281577419744e+00 0
3.0000000000000004e-01 8.7059677396827073e-01 8.4307281577419744e+00 0
5.2376650059353413e-01 8.7059677396827118e-01 8.4307281577419744e+00 0
6.7885529328623972e-01 8.7059677396827118e-01 8.4307281577419744e+00 0
7.9035358010205625e-01 8.7059677396827073e-01 8.4307281577419744e+00 0
8.7059677396827118e-01 8.7059677396827118e-01 8.4307281577419708e+00 0
9.2838992928555619e-01 8.7059677396827118e-01 8.4307281577419744e+00 0
9.7000000000000020e-01 8.7059677396827118e-01 8.4307281577419744e+00 0
3.0000000000000004e-01 9.2838992928555575e-01 8.4307281577419744e+00 0
5.2376650059353413e-01 9.2838992928555575e-01 8.4307281577419744e+00 0
6.7885529328623972e-01 9.2838992928555619e-01 8.4307281577419744e+00 0
7.9035358010205625e-01 9.2838992928555619e-01 8.4307281577419744e+00 0
8.7059677396827162e-01 9.2838992928555619e-01 8.4307281577419708e+00 0
9.2838992928555619e-01 9.2838992928555619e-01 8.4307281577419744e+00 0
9.7000000000000020e-01 9.2838992928555619e-01 8.4307281577419744e+00 0
3.0000000000000004e-01 9.7000000000000020e-01 8.4307281577419744e+00 0
5.2376650059353413e-01 9.7000000000000020e-01 8.4307281577419744e+00 0
6.7885529328623972e-01 9.7000000000000020e-01 8.4307281577419744e+00 0
7.9035358010205625e-01 9.7000000000000020e-01 8.4307281577419744e+00 0
8.7059677396827162e-01 9.7000000000000020e-01 8.4307281577419708e+00 0
9.2838992928555619e-01 9.7000000000000020e-01 8.4307281577419744e+00 0
9.7000000000000020e-01 9.7000000000000020e-01 8.4307281577419744e+00 0
3.0000000000000004e-01 3.0000000000000004e-01 8.1261762591350433e+00 0
5.2376650059353413e-01 3.0000000000000004e-01 8.1261762591350433e+00 0
6.7885529328624017e-01 3.0000000000000004e-01 8.1261762591350433e+00 0
7.9035358010205581e-01 3.0000000000000004e-01 8.1261762591350397e+00 0
8.7059677396827073e-01 3.0000000000000027e-01 8.1261762591350433e+00 0
9.2838992928555664e-01 3.0000000000000027e-01 8.1261762591350397e+00 0
9.7000000000000020e-01 3.0000000000000027e-01 8.1261762591350397e+00 0
3.0000000000000027e-01 5.2376650059353413e-01 8.1261762591350433e+00 0
5.2376650059353413e-01 5.2376650059353413e-01 8.1261762591350433e+00 0
6.7885529328624017e-01 5.2376650059353413e-01 8.1261762591350433e+00 0
7.9035358010205581e-01 5.2376650059353413e-01 8.1261762591350397e+00 0
8.7059677396827162e-01 5.2376650059353413e-01 8.1261762591350397e+00 0
9.2838992928555664e-01 5.2376650059353413e-01 8.1261762591350468e+00 0
9.7000000000000020e-01 5.2376650059353391e-01 8.1261762591350468e+00 0
3.0000000000000004e-01 6.7885529328624017e-01 8.1261762591350433e+00 0
5.2376650059353413e-01 6.7885529328624017e-01 8.1261762591350433e+00 0
6.7885529328624017e-01 6.7885529328624017e-01 8.1261762591350433e+00 0
7.9035358010205581e-01 6.7885529328623972e-01 8.1261762591350397e+00 0
8.7059677396827162e-01 6.7885529328624017e-01 8.1261762591350433e+00 0
9.2838992928555664e-01 6.7885529328623972e-01 8.1261762591350433e+00 0
9.7000000000000020e-01 6.7885529328623972e-01 8.1261762591350433e+00 0
3.0000000000000027e-01 7.9035358010205581e-01 8.1261762591350433e+00 0
5.2376650059353413e-01 7.9035358010205581e-01 8.1261762591350433e+00 0
6.7885529328624017e-01 7.9035358010205581e-01 8.1261762591350433e+00 0
7.9035358010205581e-01 7.9035358010205581e-01 8.1261762591350397e+00 0
8.7059677396827118e-01 7.9035358010205581e-01 8.1261762591350433e+00 0
9.2838992928555664e-01 7.9035358010205581e-01 8.1261762591350433e+00 0
9.6999999999999975e-01 7.9035358010205581e-01 8.1261762591350397e+00 0
3.0000000000000027e-01 8.7059677396827118e-01 8.1261762591350433e+00 0
5.2376650059353413e-01 8.7059677396827118e-01 8.1261762591350433e+00 0
6.7885529328624017e-01 8.7059677396827162e-01 8.1261762591350433e+00 0
7.9035358010205581e-01 8.7059677396827118e-01 8.1261762591350397e+00 0
8.7059677396827118e-01 8.7059677396827118e-01 8.1261762591350433e+00 0
9.2838992928555664e-01 8.7059677396827118e-01 8.1261762591350433e+00 0
9.6999999999999975e-01 8.7059677396827118e-01 8.1261762591350397e+00 0
3.0000000000000027e-01 9.2838992928555619e-01 8.1261762591350433e+00 0
5.2376650059353413e-01 9.2838992928555664e-01 8.1261762591350433e+00 0
6.7885529328624017e-01 9.2838992928555619e-01 8.1261762591350433e+00 0
7.9035358010205581e-01 9.2838992928555664e-01 8.1261762591350397e+00 0
8.7059677396827118e-01 9.2838992928555575e-01 8.1261762591350433e+00 0
9.2838992928555664e-01 9.2838992928555575e-01 8.1261762591350433e+00 0
9.6999999999999975e-01 9.2838992928555664e-01 8.1261762591350397e+00 0
3.0000000000000027e-01 9.6999999999999975e-01 8.1261762591350433e+00 0
5.2376650059353413e-01 9.6999999999999975e-01 8.1261762591350433e+00 0
6.7885529328624017e-01 9.6999999999999975e-01 8.1261762591350433e+00 0
7.9035358010205581e-01 9.6999999999999975e-01 8.1261762591350397e+00 0
8.7059677396827118e-01 9.6999999999999975e-01 8.1261762591350433e+00 0
9.2838992928555664e-01 9.6999999999999975e-01 8.1261762591350433e+00 0
9.6999999999999975e-01 9.6999999999999975e-01 8.1261762591350397e+00 0
2.9999999999999993e-01 3.0000000000000004e-01 7.7728592255085793e+00 0
5.2376650059353413e-01 3.0000000000000004e-01 7.7728592255085793e+00 0
6.7885529328624017e-01 3.0000000000000004e-01 7.7728592255085793e+00 0
7.9035358010205581e-01 3.0000000000000004e-01 7.7728592255085793e+00 0
8.7059677396827118e-01 2.9999999999999982e-01 7.7728592255085793e+00 0
9.2838992928555664e-01 3.0000000000000004e-01 7.7728592255085793e+00 0
9.7000000000000020e-01 3.0000000000000004e-01 7.7728592255085793e+00 0
3.0000000000000027e-01 5.2376650059353413e-01 7.7728592255085758e+00 0
5.2376650059353413e-01 5.2376650059353413e-01 7.7728592255085793e+00 0
6.7885529328624017e-01 5.2376650059353413e-01 7.7728592255085793e+00 0
7.9035358010205625e-01 5.2376650059353413e-01 7.7728592255085793e+00 0
8.7059677396827162e-01 5.2376650059353413e-01 7.7728592255085793e+00 0
9.2838992928555664e-01 5.2376650059353413e-01 7.7728592255085793e+00 0
9.7000000000000020e-01 5.2376650059353436e-01 7.7728592255085829e+00 0
2.9999999999999982e-01 6.7885529328624017e-01 7.7728592255085793e+00 0
5.2376650059353413e-01 6.7885529328624017e-01 7.7728592255085793e+00 0
6.7885529328624017e-01 6.7885529328624017e-01 7.7728592255085793e+00 0
7.9035358010205625e-01 6.7885529328624017e-01 7.7728592255085793e+00 0
8.7059677396827162e-01 6.7885529328624017e-01 7.7728592255085829e+00 0
9.2838992928555664e-01 6.7885529328624017e-01 7.7728592255085793e+00 0
9.7000000000000020e-01 6.7885529328624017e-01 7.7728592255085829e+00 0
3.0000000000000004e-01 7.9035358010205581e-01 7.7728592255085793e+00 0
5.2376650059353413e-01 7.9035358010205581e-01 7.7728592255085758e+00 0
6.7885529328624017e-01 7.9035358010205581e-01 7.7728592255085793e+00 0
7.9035358010205581e-01 7.9035358010205581e-01 7.7728592255085758e+00 0
8.7059677396827118e-01 7.9035358010205581e-01 7.7728592255085793e+00 0
9.2838992928555664e-01 7.9035358010205581e-01 7.7728592255085793e+00 0
9.7000000000000020e-01 7.9035358010205581e-01 7.7728592255085793e+00 0
3.0000000000000004e-01 8.7059677396827206e-01 7.7728592255085793e+00 0
5.2376650059353413e-01 8.7059677396827162e-01 7.7728592255085829e+00 0
6.7885529328624017e-01 8.7059677396827162e-01 7.7728592255085793e+00 0
7.9035358010205581e-01 8.7059677396827162e-01 7.7728592255085829e+00 0
8.7059677396827118e-01 8.7059677396827162e-01 7.7728592255085793e+00 0
9.2838992928555619e-01 8.7059677396827118e-01 7.7728592255085793e+00 0
9.7000000000000020e-01 8.7059677396827118e-01 7.7728592255085793e+00 0
3.0000000000000004e-01 9.2838992928555664e-01 7.7728592255085793e+00 0
5.2376650059353413e-01 9.2838992928555619e-01 7.7728592255085829e+00 0
6.7885529328624017e-01 9.2838992928555664e-01 7.7728592255085793e+00 0
7.9035358010205581e-01 9.2838992928555619e-01 7.7728592255085829e+00 0
8.7059677396827118e-01 9.2838992928555664e-01 7.7728592255085829e+00 0
9.2838992928555619e-01 9.2838992928555619e-01 7.7728592255085793e+00 0
9.7000000000000020e-01 9.2838992928555664e-01 7.7728592255085793e+00 0
3.0000000000000004e-01 9.7000000000000020e-01 7.7728592255085793e+00 0
5.2376650059353413e-01 9.7000000000000020e-01 7.7728592255085793e+00 0
6.7885529328624017e-01 9.6999999999999975e-01 7.7728592255085793e+00 0
7.9035358010205581e-01 9.7000000000000020e-01 7.7728592255085793e+00 0
8.7059677396827162e-01 9.7000000000000020e-01 7.7728592255085793e+00 0
9.2838992928555664e-01 9.7000000000000020e-01 7.7728592255085793e+00 0
9.7000000000000020e-01 9.7000000000000020e-01 7.7728592255085793e+00 0
2.9999999999999982e-01 3.0000000000000027e-01 7.3632430080944253e+00 0
5.2376650059353413e-01 3.0000000000000027e-01 7.3632430080944289e+00 0
6.7885529328624017e-01 3.0000000000000027e-01 7.3632430080944253e+00 0
7.9035358010205581e-01 3.0000000000000027e-01 7.3632430080944253e+00 0
8.7059677396827118e-01 3.0000000000000027e-01 7.3632430080944253e+00 0
9.2838992928555619e-01 3.0000000000000027e-01 7.3632430080944253e+00 0
9.7000000000000020e-01 3.0000000000000027e-01 7.3632430080944253e+00 0
3.0000000000000027e-01 5.2376650059353413e-01 7.3632430080944253e+00 0
5.2376650059353413e-01 5.2376650059353413e-01 7.3632430080944253e+00 0
6.7885529328624017e-01 5.2376650059353413e-01 7.3632430080944253e+00 0
7.9035358010205581e-01 5.2376650059353413e-01 7.3632430080944289e+00 0
8.7059677396827162e-01 5.2376650059353391e-01 7.3632430080944253e+00 0
9.2838992928555619e-01 5.2376650059353413e-01 7.3632430080944253e+00 0
9.7000000000000020e-01 5.2376650059353391e-01 7.3632430080944253e+00 0
2.9999999999999982e-01 6.7885529328624017e-01 7.3632430080944253e+00 0
5.2376650059353413e-01 6.7885529328624017e-01 7.3632430080944253e+00 0
6.7885529328624017e-01 6.7885529328624017e-01 7.3632430080944253e+00 0
7.9035358010205581e-01 6.7885529328624017e-01 7.3632430080944289e+00 0
8.7059677396827162e-01 6.7885529328624017e-01 7.3632430080944253e+00 0
9.2838992928555619e-01 6.7885529328624017e-01 7.3632430080944253e+00 0
9.7000000000000020e-01 6.7885529328624017e-01 7.3632430080944253e+00 0
3.0000000000000027e-01 7.9035358010205581e-01 7.3632430080944253e+00 0
5.2376650059353413e-01 7.9035358010205581e-01 7.3632430080944253e+00 0
6.7885529328624017e-01 7.9035358010205581e-01 7.3632430080944253e+00 0
7.9035358010205581e-01 7.9035358010205581e-01 7.3632430080944289e+00 0
8.7059677396827162e-01 7.9035358010205581e-01 7.3632430080944253e+00 0
9.2838992928555619e-01 7.9035358010205581e-01 7.3632430080944289e+00 0
9.7000000000000020e-01 7.9035358010205581e-01 7.3632430080944289e+00 0
3.0000000000000027e-01 8.7059677396827162e-01 7.3632430080944253e+00 0
5.2376650059353413e-01 8.7059677396827162e-01 7.3632430080944289e+00 0
6.7885529328624017e-01 8.7059677396827162e-01 7.3632430080944253e+00 0
7.9035358010205581e-01 8.7059677396827162e-01 7.3632430080944253e+00 0
8.7059677396827118e-01 8.7059677396827162e-01 7.3632430080944253e+00 0
9.2838992928555619e-01 8.7059677396827162e-01 7.3632430080944253e+00 0
9.7000000000000020e-01 8.7059677396827118e-01 7.3632430080944289e+00 0
3.0000000000000027e-01 9.2838992928555664e-01 7.3632430080944253e+00 0
5.2376650059353413e-01 9.2838992928555619e-01 7.3632430080944253e+00 0
6.7885529328624017e-01 9.2838992928555664e-01 7.3632430080944253e+00 0
7.9035358010205581e-01 9.2838992928555619e-01 7.3632430080944289e+00 0
8.7059677396827162e-01 9.2838992928555619e-01 7.3632430080944253e+00 0
9.2838992928555619e-01 9.2838992928555619e-01 7.3632430080944253e+00 0
9.7000000000000020e-01 9.2838992928555619e-01 7.3632430080944253e+00 0
3.0000000000000027e-01 9.7000000000000020e-01 7.3632430080944253e+00 0
5.2376650059353413e-01 9.7000000000000020e-01 7.3632430080944253e+00 0
6.7885529328624017e-01 9.7000000000000020e-01 7.3632430080944253e+00 0
7.9035358010205581e-01 9.7000000000000020e-01 7.3632430080944289e+00 0
8.7059677396827162e-01 9.7000000000000020e-01 7.3632430080944253e+00 0
9.2838992928555619e-01 9.7000000000000020e-01 7.3632430080944253e+00 0
9.7000000000000020e-01 9.7000000000000020e-01 7.3632430080944253e+00 0
3.0000000000000016e-01 2.9999999999999982e-01 6.8887301613862633e+00 0
5.2376650059353413e-01 2.9999999999999982e-01 6.8887301613862597e+00 0
6.7885529328623972e-01 2.9999999999999982e-01 6.8887301613862597e+00 0
7.9035358010205581e-01 2.9999999999999982e-01 6.8887301613862633e+00 0
8.7059677396827162e-01 2.9999999999999982e-01 6.8887301613862633e+00 0
9.2838992928555619e-01 2.9999999999999982e-01 6.8887301613862597e+00 0
9.6999999999999975e-01 2.9999999999999982e-01 6.8887301613862633e+00 0
3.0000000000000027e-01 5.2376650059353413e-01 6.8887301613862633e+00 0
5.2376650059353413e-01 5.2376650059353413e-01 6.8887301613862633e+00 0
6.7885529328623972e-01 5.2376650059353413e-01 6.8887301613862633e+00 0
7.9035358010205581e-01 5.2376650059353413e-01 6.8887301613862633e+00 0
8.7059677396827162e-01 5.2376650059353413e-01 6.8887301613862633e+00 0
9.2838992928555664e-01 5.2376650059353413e-01 6.8887301613862633e+00 0
9.7000000000000020e-01 5.2376650059353391e-01 6.8887301613862597e+00 0
3.0000000000000004e-01 6.7885529328623972e-01 6.8887301613862633e+00 0
5.2376650059353413e-01 6.7885529328623972e-01 6.8887301613862633e+00 0
6.7885529328623972e-01 6.7885529328623972e-01 6.8887301613862668e+00 0
7.9035358010205581e-01 6.7885529328623972e-01 6.8887301613862633e+00 0
8.7059677396827206e-01 6.7885529328623972e-01 6.8887301613862633e+00 0
9.2838992928555664e-01 6.7885529328623972e-01 6.8887301613862633e+00 0
9.7000000000000020e-01 6.7885529328623972e-01 6.8887301613862597e+00 0
3.0000000000000004e-01 7.9035358010205581e-01 6.8887301613862633e+00 0
5.2376650059353413e-01 7.9035358010205581e-01 6.8887301613862633e+00 0
6.7885529328623972e-01 7.9035358010205581e-01 6.8887301613862597e+00 0
7.9035358010205581e-01 7.9035358010205581e-01 6.8887301613862633e+00 0
8.7059677396827162e-01 7.9035358010205581e-01 6.8887301613862597e+00 0
9.2838992928555619e-01 7.9035358010205581e-01 6.8887301613862633e+00 0
9.7000000000000020e-01 7.9035358010205581e-01 6.8887301613862597e+00 0
3.0000000000000004e-01 8.7059677396827206e-01 6.8887301613862633e+00 0
5.2376650059353413e-01 8.7059677396827206e-01 6.8887301613862633e+00 0
6.7885529328623972e-01 8.7059677396827162e-01 6.8887301613862633e+00 0
7.9035358010205581e-01 8.7059677396827206e-01 6.8887301613862633e+00 0
8.7059677396827118e-01 8.7059677396827206e-01 6.8887301613862633e+00 0
9.2838992928555619e-01 8.7059677396827206e-01 6.8887301613862633e+00 0
9.7000000000000020e-01 8.7059677396827206e-01 6.8887301613862597e+00 0
3.0000000000000004e-01 9.2838992928555664e-01 6.8887301613862633e+00 0
5.2376650059353413e-01 9.2838992928555619e-01 6.8887301613862633e+00 0
6.7885529328623972e-01 9.2838992928555664e-01 6.8887301613862633e+00 0
7.9035358010205581e-01 9.2838992928555664e-01 6.8887301613862633e+00 0
8.7059677396827162e-01 9.2838992928555664e-01 6.8887301613862597e+00 0
9.2838992928555664e-01 9.2838992928555664e-01 6.8887301613862633e+00 0
9.7000000000000020e-01 9.2838992928555619e-01 6.8887301613862597e+00 0
3.0000000000000004e-01 9.7000000000000020e-01 6.8887301613862633e+00 0
5.2376650059353413e-01 9.7000000000000020e-01 6.8887301613862633e+00 0
6.7885529328623972e-01 9.7000000000000020e-01 6.8887301613862633e+00 0
7.9035358010205581e-01 9.7000000000000020e-01 6.8887301613862633e+00 0
8.7059677396827118e-01 9.7000000000000020e-01 6.8887301613862633e+00 0
9.2838992928555664e-01 9.7000000000000020e-01 6.8887301613862633e+00 0
9.7000000000000020e-01 9.7000000000000020e-01 6.8887301613862597e+00 0
3.0000000000000016e-01 3.0000000000000004e-01 6.3395479831842358e+00 0
5.2376650059353413e-01 3.0000000000000004e-01 6.3395479831842358e+00 0
6.7885529328623972e-01 2.9999999999999993e-01 6.3395479831842358e+00 0
7.9035358010205581e-01 3.0000000000000004e-01 6.3395479831842358e+00 0
8.7059677396827073e-01 3.0000000000000004e-01 6.3395479831842358e+00 0
9.2838992928555619e-01 3.0000000000000004e-01 6.3395479831842358e+00 0
9.6999999999999975e-01 3.0000000000000004e-01 6.3395479831842358e+00 0
3.0000000000000027e-01 5.2376650059353413e-01 6.3395479831842358e+00 0
5.2376650059353413e-01 5.2376650059353413e-01 6.3395479831842358e+00 0
6.7885529328624017e-01 5.2376650059353413e-01 6.3395479831842358e+00 0
7.9035358010205581e-01 5.2376650059353413e-01 6.3395479831842358e+00 0
8.7059677396827073e-01 5.2376650059353413e-01 6.3395479831842358e+00 0
9.2838992928555619e-01 5.2376650059353413e-01 6.3395479831842358e+00 0
9.6999999999999975e-01 5.2376650059353436e-01 6.3395479831842358e+00 0
3.0000000000000004e-01 6.7885529328624017e-01 6.3395479831842358e+00 0
5.2376650059353413e-01 6.7885529328624017e-01 6.3395479831842358e+00 0
6.7885529328624017e-01 6.7885529328624017e-01 6.3395479831842358e+00 0
7.9035358010205581e-01 6.7885529328624017e-01 6.3395479831842358e+00 0
8.7059677396827162e-01 6.7885529328624017e-01 6.3395479831842358e+00 0
9.2838992928555619e-01 6.7885529328624017e-01 6.3395479831842358e+00 0
9.6999999999999975e-01 6.7885529328624017e-01 6.3395479831842358e+00 0
3.0000000000000004e-01 7.9035358010205581e-01 6.3395479831842358e+00 0
5.2376650059353413e-01 7.9035358010205581e-01 6.3395479831842358e+00 0
6.7885529328624017e-01 7.9035358010205581e-01 6.3395479831842358e+00 0
7.9035358010205581e-01 7.9035358010205581e-01 6.3395479831842358e+00 0
8.7059677396827162e-01 7.9035358010205581e-01 6.3395479831842358e+00 0
9.2838992928555619e-01 7.9035358010205581e-01 6.3395479831842358e+00 0
9.6999999999999975e-01 7.9035358010205581e-01 6.3395479831842358e+00 0
3.0000000000000004e-01 8.7059677396827118e-01 6.3395479831842358e+00 0
5.2376650059353413e-01 8.7059677396827118e-01 6.3395479831842358e+00 0
6.7885529328624017e-01 8.7059677396827162e-01 6.3395479831842358e+00 0
7.9035358010205581e-01 8.7059677396827118e-01 6.3395479831842358e+00 0
8.7059677396827118e-01 8.7059677396827118e-01 6.3395479831842358e+00 0
9.2838992928555619e-01 8.7059677396827118e-01 6.3395479831842358e+00 0
9.6999999999999975e-01 8.7059677396827118e-01 6.3395479831842358e+00 0
3.0000000000000004e-01 9.2838992928555619e-01 6.3395479831842358e+00 0
5.2376650059353413e-01 9.2838992928555619e-01 6.3395479831842358e+00 0
6.7885529328624017e-01 9.2838992928555619e-01 6.3395479831842358e+00 0
7.9035358010205581e-01 9.2838992928555619e-01 6.3395479831842358e+00 0
8.7059677396827118e-01 9.2838992928555619e-01 6.3395479831842358e+00 0
9.2838992928555619e-01 9.2838992928555619e-01 6.3395479831842358e+00 0
9.7000000000000064e-01 9.2838992928555619e-01 6.3395479831842358e+00 0
3.0000000000000004e-01 9.6999999999999975e-01 6.3395479831842358e+00 0
5.2376650059353413e-01 9.6999999999999975e-01 6.3395479831842358e+00 0
6.7885529328624017e-01 9.6999999999999975e-01 6.3395479831842358e+00 0
7.9035358010205581e-01 9.6999999999999975e-01 6.3395479831842358e+00 0
8.7059677396827118e-01 9.6999999999999975e-01 6.3395479831842358e+00 0
9.2838992928555619e-01 9.6999999999999975e-01 6.3395479831842358e+00 0
9.6999999999999975e-01 9.6999999999999975e-01 6.3395479831842358e+00 0
3.0000000000000016e-01 3.0000000000000027e-01 5.7500000000000000e+00 0
5.2376650059353413e-01 3.0000000000000027e-01 5.7500000000000000e+00 0
6.7885529328624017e-01 3.0000000000000027e-01 5.7500000000000000e+00 0
7.9035358010205625e-01 3.0000000000000027e-01 5.7500000000000000e+00 0
8.7059677396827162e-01 3.0000000000000027e-01 5.7500000000000000e+00 0
9.2838992928555664e-01 3.0000000000000027e-01 5.7500000000000000e+00 0
9.7000000000000020e-01 3.0000000000000027e-01 5.7500000000000000e+00 0
3.0000000000000027e-01 5.2376650059353413e-01 5.7500000000000000e+00 0
5.2376650059353413e-01 5.2376650059353413e-01 5.7500000000000000e+00 0
6.7885529328623972e-01 5.2376650059353413e-01 5.7500000000000000e+00 0
7.9035358010205581e-01 5.2376650059353413e-01 5.7500000000000000e+00 0
8.7059677396827118e-01 5.2376650059353413e-01 5.7500000000000000e+00 0
9.2838992928555664e-01 5.2376650059353413e-01 5.7500000000000000e+00 0
9.7000000000000020e-01 5.2376650059353436e-01 5.7500000000000000e+00 0
3.0000000000000004e-01 6.7885529328624017e-01 5.7500000000000000e+00 0
5.2376650059353413e-01 6.7885529328624017e-01 5.7500000000000036e+00 0
6.7885529328624017e-01 6.7885529328624017e-01 5.7500000000000036e+00 0
7.9035358010205625e-01 6.7885529328624017e-01 5.7500000000000036e+00 0
8.7059677396827118e-01 6.7885529328624017e-01 5.7500000000000036e+00 0
9.2838992928555619e-01 6.7885529328624017e-01 5.7500000000000036e+00 0
9.6999999999999975e-01 6.7885529328624017e-01 5.7500000000000000e+00 0
3.0000000000000004e-01 7.9035358010205625e-01 5.7500000000000000e+00 0
5.2376650059353413e-01 7.9035358010205625e-01 5.7500000000000000e+00 0
6.7885529328624017e-01 7.9035358010205625e-01 5.7500000000000000e+00 0
7.9035358010205625e-01 7.9035358010205625e-01 5.7500000000000000e+00 0
8.7059677396827162e-01 7.9035358010205625e-01 5.7500000000000000e+00 0
9.2838992928555664e-01 7.9035358010205625e-01 5.7500000000000000e+00 0
9.7000000000000020e-01 7.9035358010205625e-01 5.7500000000000000e+00 0
3.0000000000000004e-01 8.7059677396827206e-01 5.7500000000000000e+00 0
5.2376650059353413e-01 8.7059677396827206e-01 5.7500000000000000e+00 0
6.7885529328624017e-01 8.7059677396827162e-01 5.7500000000000000e+00 0
7.9035358010205625e-01 8.7059677396827162e-01 5.7500000000000000e+00 0
8.7059677396827118e-01 8.7059677396827206e-01 5.7500000000000000e+00 0
9.2838992928555664e-01 8.7059677396827206e-01 5.7500000000000000e+00 0
9.7000000000000020e-01 8.7059677396827206e-01 5.7500000000000000e+00 0
3.0000000000000004e-01 9.2838992928555619e-01 5.7500000000000000e+00 0
5.2376650059353413e-01 9.2838992928555664e-01 5.7500000000000000e+00 0
6.7885529328624017e-01 9.2838992928555619e-01 5.7500000000000000e+00 0
7.9035358010205625e-01 9.2838992928555664e-01 5.7500000000000000e+00 0
8.7059677396827162e-01 9.2838992928555619e-01 5.7500000000000000e+00 0
9.2838992928555664e-01 9.2838992928555664e-01 5.7500000000000000e+00 0
9.7000000000000064e-01 9.2838992928555664e-01 5.7500000000000000e+00 0
3.0000000000000004e-01 9.7000000000000020e-01 5.7500000000000000e+00 0
5.2376650059353413e-01 9.7000000000000020e-01 5.7500000000000000e+00 0
6.7885529328624017e-01 9.7000000000000020e-01 5.7500000000000000e+00 0
7.9035358010205625e-01 9.7000000000000020e-01 5.7500000000000000e+00 0
8.7059677396827162e-01 9.7000000000000020e-01 5.7500000000000000e+00 0
9.2838992928555664e-01 9.7000000000000020e-01 5.7500000000000000e+00 0
9.7000000000000020e-01 9.7000000000000020e-01 5.7500000000000000e+00 0

Hexahedra
2432
1 31 360 30 120 836 1396 510 0
120 836 1396 510 121 837 1397 528 0
121 837 1397 528 122 838 1398 546 0
122 838 1398 546 123 839 1399 564 0
123 839 1399 564 124 840 1400 582 0
124 840 1400 582 125 841 1401 600 0
125 841 1401 600 126 842 1402 618 0
126 842 1402 618 5 81 367 80 0
31 32 361 360 836 829 1403 1396 0
836 829 1403 1396 837 830 1404 1397 0
837 830 1404 1397 838 831 1405 1398 0
838 831 1405 1398 839 832 1406 1399 0
839 832 1406 1399 840 833 1407 1400 0
840 833 1407 1400 841 834 1408 1401 0
841 834 1408 1401 842 835 1409 1402 0
842 835 1409 1402 81 82 368 367 0
32 33 362 361 829 822 1410 1403 0
829 822 1410 1403 830 823 1411 1404 0
830 823 1411 1404 831 824 1412 1405 0
831 824 1412 1405 832 825 1413 1406 0
832 825 1413 1406 833 826 1414 1407 0
833 826 1414 1407 834 827 1415 1408 0
834 827 1415 1408 835 828 1416 1409 0
835 828 1416 1409 82 83 369 368 0
33 34 363 362 822 815 1417 1410 0
822 815 1417 1410 823 816 1418 1411 0
823 816 1418 1411 824 817 1419 1412 0
824 817 1419 1412 825 818 1420 1413 0
825 818 1420 1413 826 819 1421 1414 0
826 819 1421 1414 827 820 1422 1415 0
827 820 1422 1415 828 821 1423 1416 0
828 821 1423 1416 83 84 370 369 0
34 35 364 363 815 808 1424 1417 0
815 808 1424 1417 816 809 1425 1418 0
816 809 1425 1418 817 810 1426 1419 0
817 810 1426 1419 818 811 1427 1420 0
818 811 1427 1420 819 812 1428 1421 0
819 812 1428 1421 820 813 1429 1422 0
820 813 1429 1422 821 814 1430 1423 0
821 814 1430 1423 84 85 371 370 0
35 36 365 364 808 801 1431 1424 0
808 801 1431 1424 809 802 1432 1425 0
809 802 1432 1425 810 803 1433 1426 0
810 803 1433 1426 811 804 1434 1427 0
811 804 1434 1427 812 805 1435 1428 0
812 805 1435 1428 813 806 1436 1429 0
813 806 1436 1429 814 807 1437 1430 0
814 807 1437 1430 85 86 372 371 0
36 37 366 365 801 794 1438 1431 0
801 794 1438 1431 802 795 1439 1432 0
802 795 1439 1432 803 796 1440 1433 0
803 796 1440 1433 804 797 1441 1434 0
804 797 1441 1434 805 798 1442 1435 0
805 798 1442 1435 806 799 1443 1436 0
806 799 1443 1436 807 800 1444 1437 0
807 800 1444 1437 86 87 373 372 0
37 3 55 366 794 134 744 1438 0
794 134 744 1438 795 135 726 1439 0
795 135 726 1439 796 136 708 1440 0
796 136 708 1440 797 137 690 1441 0
797 137 690 1441 798 138 672 1442 0
798 138 672 1442 799 139 654 1443 0
799 139 654 1443 800 140 636 1444 0
800 140 636 1444 87 7 105 373 0
30 360 353 29 510 1396 1445 509 0
510 1396 1445 509 528 1397 1446 527 0
528 1397 1446 527 546 1398 1447 545 0
546 1398 1447 545 564 1399 1448 563 0
564 1399 1448 563 582 1400 1449 581 0
582 1400 1449 581 600 1401 1450 599 0
600 1401 1450 599 618 1402 1451 617 0
618 1402 1451 617 80 367 374 79 0
360 361 354 353 1396 1403 1452 1445 0
1396 1403 1452 1445 1397 1404 1453 1446 0
1397 1404 1453 1446 1398 1405 1454 1447 0
1398 1405 1454 1447 1399 1406 1455 1448 0
1399 1406 1455 1448 1400 1407 1456 1449 0
1400 1407 1456 1449 1401 1408 1457 1450 0
1401 1408 1457 1450 1402 1409 1458 1451 0
1402 1409 1458 1451 367 368 375 374 0
361 362 355 354 1403 1410 1459 1452 0
1403 1410 1459 1452 1404 1411 1460 1453 0
1404 1411 1460 1453 1405 1412 1461 1454 0
1405 1412 1461 1454 1406 1413 1462 1455 0
1406 1413 1462 1455 1407 1414 1463 1456 0
1407 1414 1463 1456 1408 1415 1464 1457 0
1408 1415 1464 1457 1409 1416 1465 1458 0
1409 1416 1465 1458 368 369 376 375 0
362 363 356 355 1410 1417 1466 1459 0
1410 1417 1466 1459 1411 1418 1467 1460 0
1411 1418 1467 1460 1412 1419 1468 1461 0
1412 1419 1468 1461 1413 1420 1469 1462 0
1413 1420 1469 1462 1414 1421 1470 1463 0
1414 1421 1470 1463 1415 1422 1471 1464 0
1415 1422 1471 1464 1416 1423 1472 1465 0
1416 1423 1472 1465 369 370 377 376 0
363 364 357 356 1417 1424 1473 1466 0
1417 1424 1473 1466 1418 1425 1474 1467 0
1418 1425 1474 1467 1419 1426 1475 1468 0
1419 1426 1475 1468 1420 1427 1476 1469 0
1420 1427 1476 1469 1421 1428 1477 1470 0
1421 1428 1477 1470 1422 1429 1478 1471 0
1422 1429 1478 1471 1423 1430 1479 1472 0
1423 1430 1479 1472 370 371 378 377 0
364 365 358 357 1424 1431 1480 1473 0
1424 1431 1480 1473 1425 1432 1481 1474 0
1425 1432 1481 1474 1426 1433 1482 1475 0
1426 1433 1482 1475 1427 1434 1483 1476 0
1427 1434 1483 1476 1428 1435 1484 1477 0
1428 1435 1484 1477 1429 1436 1485 1478 0
1429 1436 1485 1478 1430 1437 1486 1479 0
1430 1437 1486 1479 371 372 379 378 0
365 366 359 358 1431 1438 1487 1480 0
1431 1438 1487 1480 1432 1439 1488 1481 0
1432 1439 1488 1481 1433 1440 1489 1482 0
1433 1440 1489 1482 1434 1441 1490 1483 0
1434 1441 1490 1483 1435 1442 1491 1484 0
1435 1442 1491 1484 1436 1443 1492 1485 0
1436 1443 1492 1485 1437 1444 1493 1486 0
1437 1444 1493 1486 372 373 380 379 0
366 55 54 359 1438 744 743 1487 0
1438 744 743 1487 1439 726 725 1488 0
1439 726 725 1488 1440 708 707 1489 0
1440 708 707 1489 1441 690 689 1490 0
1441 690 689 1490 1442 672 671 1491 0
1442 672 671 1491 1443 654 653 1492 0
1443 654 653 1492 1444 636 635 1493 0
1444 636 635 1493 373 105 104 380 0
29 353 346 28 509 1445 1494 508 0
509 1445 1494 508 527 1446 1495 526 0
527 1446 1495 526 545 1447 1496 544 0
545 1447 1496 544 563 1448 1497 562 0
563 1448 1497 562 581 1449 1498 580 0
581 1449 1498 580 599 1450 1499 598 0
599 1450 1499 598 617 1451 1500 616 0
617 1451 1500 616 79 374 381 78 0
353 354 347 346 1445 1452 1501 1494 0
1445 1452 1501 1494 1446 1453 1502 1495 0
1446 1453 1502 1495 1447 1454 1503 1496 0
1447 1454 1503 1496 1448 1455 1504 1497 0
1448 1455 1504 1497 1449 1456 1505 1498 0
1449 1456 1505 1498 1450 1457 1506 1499 0
1450 1457 1506 1499 1451 1458 1507 1500 0
1451 1458 1507 1500 374 375 382 381 0
354 355 348 347 1452 1459 1508 1501 0
1452 1459 1508 1501 1453 1460 1509 1502 0
1453 1460 1509 1502 1454 1461 1510 1503 0
1454 1461 1510 1503 1455 1462 1511 1504 0
1455 1462 1511 1504 1456 1463 1512 1505 0
1456 1463 1512 1505 1457 1464 1513 1506 0
1457 1464 1513 1506 1458 1465 1514 1507 0
1458 1465 1514 1507 375 376 383 382 0
355 356 349 348 1459 1466 1515 1508 0
1459 1466 1515 1508 1460 1467 1516 1509 0
1460 1467 1516 1509 1461 1468 1517 1510 0
1461 1468 1517 1510 1462 1469 1518 1511 0
1462 1469 1518 1511 1463 1470 1519 1512 0
1463 1470 1519 1512 1464 1471 1520 1513 0
1464 1471 1520 1513 1465 1472 1521 1514 0
1465 1472 1521 1514 376 377 384 383 0
356 357 350 349 1466 1473 1522 1515 0
1466 1473 1522 1515 1467 1474 1523 1516 0
1467 1474 1523 1516 1468 1475 1524 1517 0
1468 1475 1524 1517 1469 1476 1525 1518 0
1469 1476 1525 1518 1470 1477 1526 1519 0
1470 1477 1526 1519 1471 1478 1527 1520 0
1471 1478 1527 1520 1472 1479 1528 1521 0
1472 1479 1528 1521 377 378 385 384 0
357 358 351 350 1473 1480 1529 1522 0
1473 1480 1529 1522 1474 1481 1530 1523 0
1474 1481 1530 1523 1475 1482 1531 1524 0
1475 1482 1531 1524 1476 1483 1532 1525 0
1476 1483 1532 1525 1477 1484 1533 1526 0
1477 1484 1533 1526 1478 1485 1534 1527 0
1478 1485 1534 1527 1479 1486 1535 1528 0
1479 1486 1535 1528 378 379 386 385 0
358 359 352 351 1480 1487 1536 1529 0
1480 1487 1536 1529 1481 1488 1537 1530 0
1481 1488 1537 1530 1482 1489 1538 1531 0
1482 1489 1538 1531 1483 1490 1539 1532 0
1483 1490 1539 1532 1484 1491 1540 1533 0
1484 1491 1540 1533 1485 1492 1541 1534 0
1485 1492 1541 1534 1486 1493 1542 1535 0
1486 1493 1542 1535 379 380 387 386 0
359 54 53 352 1487 743 742 1536 0
1487 743 742 1536 1488 725 724 1537 0
1488 725 724 1537 1489 707 706 1538 0
1489 707 706 1538 1490 689 688 1539 0
1490 689 688 1539 1491 671 670 1540 0
1491 671 670 1540 1492 653 652 1541 0
1492 653 652 1541 1493 635 634 1542 0
1493 635 634 1542 380 104 103 387 0
28 346 339 27 508 1494 1543 507 0
508 1494 1543 507 526 1495 1544 525 0
526 1495 1544 525 544 1496 1545 543 0
544 1496 1545 543 562 1497 1546 561 0
562 1497 1546 561 580 1498 1547 579 0
580 1498 1547 579 598 1499 1548 597 0
598 1499 1548 597 616 1500 1549 615 0
616 1500 1549 615 78 381 388 77 0
346 347 340 339 1494 1501 1550 1543 0
1494 1501 1550 1543 1495 1502 1551 1544 0
1495 1502 1551 1544 1496 1503 1552 1545 0
1496 1503 1552 1545 1497 1504 1553 1546 0
1497 1504 1553 1546 1498 1505 1554 1547 0
1498 1505 1554 1547 1499 1506 1555 1548 0
1499 1506 1555 1548 1500 1507 1556 1549 0
1500 1507 1556 1549 381 382 389 388 0
347 348 341 340 1501 1508 1557 1550 0
1501 1508 1557 1550 1502 1509 1558 1551 0
1502 1509 1558 1551 1503 1510 1559 1552 0
1503 1510 1559 1552 1504 1511 1560 1553 0
1504 1511 1560 1553 1505 1512 1561 1554 0
1505 1512 1561 1554 1506 1513 1562 1555 0
1506 1513 1562 1555 1507 1514 1563 1556 0
1507 1514 1563 1556 382 383 390 389 0
348 349 342 341 1508 1515 1564 1557 0
1508 1515 1564 1557 1509 1516 1565 1558 0
1509 1516 1565 1558 1510 1517 1566 1559 0
1510 1517 1566 1559 1511 1518 1567 1560 0
1511 1518 1567 1560 1512 1519 1568 1561 0
1512 1519 1568 1561 1513 1520 1569 1562 0
1513 1520 1569 1562 1514 1521 1570 1563 0
1514 1521 1570 1563 383 384 391 390 0
349 350 343 342 1515 1522 1571 1564 0
1515 1522 1571 1564 1516 1523 1572 1565 0
1516 1523 1572 1565 1517 1524 1573 1566 0
1517 1524 1573 1566 1518 1525 1574 1567 0
1518 1525 1574 1567 1519 1526 1575 1568 0
1519 1526 1575 1568 1520 1527 1576 1569 0
1520 1527 1576 1569 1521 1528 1577 1570 0
1521 1528 1577 1570 384 385 392 391 0
350 351 344 343 1522 1529 1578 1571 0
1522 1529 1578 1571 1523 1530 1579 1572 0
1523 1530 1579 1572 1524 1531 1580 1573 0
1524 1531 1580 1573 1525 1532 1581 1574 0
1525 1532 1581 1574 1526 1533 1582 1575 0
1526 1533 1582 1575 1527 1534 1583 1576 0
1527 1534 1583 1576 1528 1535 1584 1577 0
1528 1535 1584 1577 385 386 393 392 0
351 352 345 344 1529 1536 1585 1578 0
1529 1536 1585 1578 1530 1537 1586 1579 0
1530 1537 1586 1579 1531 1538 1587 1580 0
1531 1538 1587 1580 1532 1539 1588 1581 0
1532 1539 1588 1581 1533 1540 1589 1582 0
1533 1540 1589 1582 1534 1541 1590 1583 0
1534 1541 1590 1583 1535 1542 1591 1584 0
1535 1542 1591 1584 386 387 394 393 0
352 53 52 345 1536 742 741 1585 0
1536 742 741 1585 1537 724 723 1586 0
1537 724 723 1586 1538 706 705 1587 0
1538 706 705 1587 1539 688 687 1588 0
1539 688 687 1588 1540 670 669 1589 0
1540 670 669 1589 1541 652 651 1590 0
1541 652 651 1590 1542 634 633 1591 0
1542 634 633 1591 387 103 102 394 0
27 339 332 26 507 1543 1592 506 0
507 1543 1592 506 525 1544 1593 524 0
525 1544 1593 524 543 1545 1594 542 0
543 1545 1594 542 561 1546 1595 560 0
561 1546 1595 560 579 1547 1596 578 0
579 1547 1596 578 597 1548 1597 596 0
597 1548 1597 596 615 1549 1598 614 0
615 1549 1598 614 77 388 395 76 0
339 340 333 332 1543 1550 1599 1592 0
1543 1550 1599 1592 1544 1551 1600 1593 0
1544 1551 1600 1593 1545 1552 1601 1594 0
1545 1552 1601 1594 1546 1553 1602 1595 0
1546 1553 1602 1595 1547 1554 1603 1596 0
1547 1554 1603 1596 1548 1555 1604 1597 0
1548 1555 1604 1597 1549 1556 1605 1598 0
1549 1556 1605 1598 388 389 396 395 0
340 341 334 333 1550 1557 1606 1599 0
1550 1557 1606 1599 1551 1558 1607 1600 0
1551 1558 1607 1600 1552 1559 1608 1601 0
1552 1559 1608 1601 1553 1560 1609 1602 0
1553 1560 1609 1602 1554 1561 1610 1603 0
1554 1561 1610 1603 1555 1562 1611 1604 0
1555 1562 1611 1604 1556 1563 1612 1605 0
1556 1563 1612 1605 389 390 397 396 0
341 342 335 334 1557 1564 1613 1606 0
1557 1564 1613 1606 1558 1565 1614 1607 0
1558 1565 1614 1607 1559 1566 1615 1608 0
1559 1566 1615 1608 1560 1567 1616 1609 0
1560 1567 1616 1609 1561 1568 1617 1610 0
1561 1568 1617 1610 1562 1569 1618 1611 0
1562 1569 1618 1611 1563 1570 1619 1612 0
1563 1570 1619 1612 390 391 398 397 0
342 343 336 335 1564 1571 1620 1613 0
1564 1571 1620 1613 1565 1572 1621 1614 0
1565 1572 1621 1614 1566 1573 1622 1615 0
1566 1573 1622 1615 1567 1574 1623 1616 0
1567 1574 1623 1616 1568 1575 1624 1617 0
1568 1575 1624 1617 1569 1576 1625 1618 0
1569 1576 1625 1618 1570 1577 1626 1619 0
1570 1577 1626 1619 391 392 399 398 0
343 344 337 336 1571 1578 1627 1620 0
1571 1578 1627 1620 1572 1579 1628 1621 0
1572 1579 1628 1621 1573 1580 1629 1622 0
1573 1580 1629 1622 1574 1581 1630 1623 0
1574 1581 1630 1623 1575 1582 1631 1624 0
1575 1582 1631 1624 1576 1583 1632 1625 0
1576 1583 1632 1625 1577 1584 1633 1626 0
1577 1584 1633 1626 392 393 400 399 0
344 345 338 337 1578 1585 1634 1627 0
1578 1585 1634 1627 1579 1586 1635 1628 0
1579 1586 1635 1628 1580 1587 1636 1629 0
1580 1587 1636 1629 1581 1588 1637 1630 0
1581 1588 1637 1630 1582 1589 1638 1631 0
1582 1589 1638 1631 1583 1590 1639 1632 0
1583 1590 1639 1632 1584 1591 1640 1633 0
1584 1591 1640 1633 393 394 401 400 0
345 52 51 338 1585 741 740 1634 0
1585 741 740 1634 1586 723 722 1635 0
1586 723 722 1635 1587 705 704 1636 0
1587 705 704 1636 1588 687 686 1637 0
1588 687 686 1637 1589 669 668 1638 0
1589 669 668 1638 1590 651 650 1639 0
1590 651 650 1639 1591 633 632 1640 0
1591 633 632 1640 394 102 101 401 0
26 332 325 25 506 1592 1641 505 0
506 1592 1641 505 524 1593 1642 523 0
524 1593 1642 523 542 1594 1643 541 0
542 1594 1643 541 560 1595 1644 559 0
560 1595 1644 559 578 1596 1645 577 0
578 1596 1645 577 596 1597 1646 595 0
596 1597 1646 595 614 1598 1647 613 0
614 1598 1647 613 76 395 402 75 0
332 333 326 325 1592 1599 1648 1641 0
1592 1599 1648 1641 1593 1600 1649 1642 0
1593 1600 1649 1642 1594 1601 1650 1643 0
1594 1601 1650 1643 1595 1602 1651 1644 0
1595 1602 1651 1644 1596 1603 1652 1645 0
1596 1603 1652 1645 1597 1604 1653 1646 0
1597 1604 1653 1646 1598 1605 1654 1647 0
1598 1605 1654 1647 395 396 403 402 0
333 334 327 326 1599 1606 1655 1648 0
1599 1606 1655 1648 1600 1607 1656 1649 0
1600 1607 1656 1649 1601 1608 1657 1650 0
1601 1608 1657 1650 1602 1609 1658 1651 0
1602 1609 1658 1651 1603 1610 1659 1652 0
1603 1610 1659 1652 1604 1611 1660 1653 0
1604 1611 1660 1653 1605 1612 1661 1654 0
1605 1612 1661 1654 396 397 404 403 0
334 335 328 327 1606 1613 1662 1655 0
1606 1613 1662 1655 1607 1614 1663 1656 0
1607 1614 1663 1656 1608 1615 1664 1657 0
1608 1615 1664 1657 1609 1616 1665 1658 0
1609 1616 1665 1658 1610 1617 1666 1659 0
1610 1617 1666 1659 1611 1618 1667 1660 0
1611 1618 1667 1660 1612 1619 1668 1661 0
1612 1619 1668 1661 397 398 405 404 0
335 336 329 328 1613 1620 1669 1662 0
1613 1620 1669 1662 1614 1621 1670 1663 0
1614 1621 1670 1663 1615 1622 1671 1664 0
1615 1622 1671 1664 1616 1623 1672 1665 0
1616 1623 1672 1665 1617 1624 1673 1666 0
1617 1624 1673 1666 1618 1625 1674 1667 0
1618 1625 1674 1667 1619 1626 1675 1668 0
1619 1626 1675 1668 398 399 406 405 0
336 337 330 329 1620 1627 1676 1669 0
1620 1627 1676 1669 1621 1628 1677 1670 0
1621 1628 1677 1670 1622 1629 1678 1671 0
1622 1629 1678 1671 1623 1630 1679 1672 0
1623 1630 1679 1672 1624 1631 1680 1673 0
1624 1631 1680 1673 1625 1632 1681 1674 0
1625 1632 1681 1674 1626 1633 1682 1675 0
1626 1633 1682 1675 399 400 407 406 0
337 338 331 330 1627 1634 1683 1676 0
1627 1634 1683 1676 1628 1635 1684 1677 0
1628 1635 1684 1677 1629 1636 1685 1678 0
1629 1636 1685 1678 1630 1637 1686 1679 0
1630 1637 1686 1679 1631 1638 1687 1680 0
1631 1638 1687 1680 1632 1639 1688 1681 0
1632 1639 1688 1681 1633 1640 1689 1682 0
1633 1640 1689 1682 400 401 408 407 0
338 51 50 331 1634 740 739 1683 0
1634 740 739 1683 1635 722 721 1684 0
1635 722 721 1684 1636 704 703 1685 0
1636 704 703 1685 1637 686 685 1686 0
1637 686 685 1686 1638 668 667 1687 0
1638 668 667 1687 1639 650 649 1688 0
1639 650 649 1688 1640 632 631 1689 0
1640 632 631 1689 401 101 100 408 0
25 325 318 24 505 1641 1690 504 0
505 1641 1690 504 523 1642 1691 522 0
523 1642 1691 522 541 1643 1692 540 0
541 1643 1692 540 559 1644 1693 558 0
559 1644 1693 558 577 1645 1694 576 0
577 1645 1694 576 595 1646 1695 594 0
595 1646 1695 594 613 1647 1696 612 0
613 1647 1696 612 75 402 409 74 0
325 326 319 318 1641 1648 1697 1690 0
1641 1648 1697 1690 1642 1649 1698 1691 0
1642 1649 1698 1691 1643 1650 1699 1692 0
1643 1650 1699 1692 1644 1651 1700 1693 0
1644 1651 1700 1693 1645 1652 1701 1694 0
1645 1652 1701 1694 1646 1653 1702 1695 0
1646 1653 1702 1695 1647 1654 1703 1696 0
1647 1654 1703 1696 402 403 410 409 0
326 327 320 319 1648 1655 1704 1697 0
1648 1655 1704 1697 1649 1656 1705 1698 0
1649 1656 1705 1698 1650 1657 1706 1699 0
1650 1657 1706 1699 1651 1658 1707 1700 0
1651 1658 1707 1700 1652 1659 1708 1701 0
1652 1659 1708 1701 1653 1660 1709 1702 0
1653 1660 1709 1702 1654 1661 1710 1703 0
1654 1661 1710 1703 403 404 411 410 0
327 328 321 320 1655 1662 1711 1704 0
1655 1662 1711 1704 1656 1663 1712 1705 0
1656 1663 1712 1705 1657 1664 1713 1706 0
1657 1664 1713 1706 1658 1665 1714 1707 0
1658 1665 1714 1707 1659 1666 1715 1708 0
1659 1666 1715 1708 1660 1667 1716 1709 0
1660 1667 1716 1709 1661 1668 1717 1710 0
1661 1668 1717 1710 404 405 412 411 0
328 329 322 321 1662 1669 1718 1711 0
1662 1669 1718 1711 1663 1670 1719 1712 0
1663 1670 1719 1712 1664 1671 1720 1713 0
1664 1671 1720 1713 1665 1672 1721 1714 0
1665 1672 1721 1714 1666 1673 1722 1715 0
1666 1673 1722 1715 1667 1674 1723 1716 0
1667 1674 1723 1716 1668 1675 1724 1717 0
1668 1675 1724 1717 405 406 413 412 0
329 330 323 322 1669 1676 1725 1718 0
1669 1676 1725 1718 1670 1677 1726 1719 0
1670 1677 1726 1719 1671 1678 1727 1720 0
1671 1678 1727 1720 1672 1679 1728 1721 0
1672 1679 1728 1721 1673 1680 1729 1722 0
1673 1680 1729 1722 1674 1681 1730 1723 0
1674 1681 1730 1723 1675 1682 1731 1724 0
1675 1682 1731 1724 406 407 414 413 0
330 331 324 323 1676 1683 1732 1725 0
1676 1683 1732 1725 1677 1684 1733 1726 0
1677 1684 1733 1726 1678 1685 1734 1727 0
1678 1685 1734 1727 1679 1686 1735 1728 0
1679 1686 1735 1728 1680 1687 1736 1729 0
1680 1687 1736 1729 1681 1688 1737 1730 0
1681 1688 1737 1730 1682 1689 1738 1731 0
1682 1689 1738 1731 407 408 415 414 0
331 50 49 324 1683 739 738 1732 0
1683 739 738 1732 1684 721 720 1733 0
1684 721 720 1733 1685 703 702 1734 0
1685 703 702 1734 1686 685 684 1735 0
1686 685 684 1735 1687 667 666 1736 0
1687 667 666 1736 1688 649 648 1737 0
1688 649 648 1737 1689 631 630 1738 0
1689 631 630 1738 408 100 99 415 0
24 318 311 23 504 1690 1739 503 0
504 1690 1739 503 522 1691 1740 521 0
522 1691 1740 521 540 1692 1741 539 0
540 1692 1741 539 558 1693 1742 557 0
558 1693 1742 557 576 1694 1743 575 0
576 1694 1743 575 594 1695 1744 593 0
594 1695 1744 593 612 1696 1745 611 0
612 1696 1745 611 74 409 416 73 0
318 319 312 311 1690 1697 1746 1739 0
1690 1697 1746 1739 1691 1698 1747 1740 0
1691 1698 1747 1740 1692 1699 1748 1741 0
1692 1699 1748 1741 1693 1700 1749 1742 0
1693 1700 1749 1742 1694 1701 1750 1743 0
1694 1701 1750 1743 1695 1702 1751 1744 0
1695 1702 1751 1744 1696 1703 1752 1745 0
1696 1703 1752 1745 409 410 417 416 0
319 320 313 312 1697 1704 1753 1746 0
1697 1704 1753 1746 1698 1705 1754 1747 0
1698 1705 1754 1747 1699 1706 1755 1748 0
1699 1706 1755 1748 1700 1707 1756 1749 0
1700 1707 1756 1749 1701 1708 1757 1750 0
1701 1708 1757 1750 1702 1709 1758 1751 0
1702 1709 1758 1751 1703 1710 1759 1752 0
1703 1710 1759 1752 410 411 418 417 0
320 321 314 313 1704 1711 1760 1753 0
1704 1711 1760 1753 1705 1712 1761 1754 0
1705 1712 1761 1754 1706 1713 1762 1755 0
1706 1713 1762 1755 1707 1714 1763 1756 0
1707 1714 1763 1756 1708 1715 1764 1757 0
1708 1715 1764 1757 1709 1716 1765 1758 0
1709 1716 1765 1758 1710 1717 1766 1759 0
1710 1717 1766 1759 411 412 419 418 0
321 322 315 314 1711 1718 1767 1760 0
1711 1718 1767 1760 1712 1719 1768 1761 0
1712 1719 1768 1761 1713 1720 1769 1762 0
1713 1720 1769 1762 1714 1721 1770 1763 0
1714 1721 1770 1763 1715 1722 1771 1764 0
1715 1722 1771 1764 1716 1723 1772 1765 0
1716 1723 1772 1765 1717 1724 1773 1766 0
1717 1724 1773 1766 412 413 420 419 0
322 323 316 315 1718 1725 1774 1767 0
1718 1725 1774 1767 1719 1726 1775 1768 0
1719 1726 1775 1768 1720 1727 1776 1769 0
1720 1727 1776 1769 1721 1728 1777 1770 0
1721 1728 1777 1770 1722 1729 1778 1771 0
1722 1729 1778 1771 1723 1730 1779 1772 0
1723 1730 1779 1772 1724 1731 1780 1773 0
1724 1731 1780 1773 413 414 421 420 0
323 324 317 316 1725 1732 1781 1774 0
1725 1732 1781 1774 1726 1733 1782 1775 0
1726 1733 1782 1775 1727 1734 1783 1776 0
1727 1734 1783 1776 1728 1735 1784 1777 0
1728 1735 1784 1777 1729 1736 1785 1778 0
1729 1736 1785 1778 1730 1737 1786 1779 0
1730 1737 1786 1779 1731 1738 1787 1780 0
1731 1738 1787 1780 414 415 422 421 0
324 49 48 317 1732 738 737 1781 0
1732 738 737 1781 1733 720 719 1782 0
1733 720 719 1782 1734 702 701 1783 0
1734 702 701 1783 1735 684 683 1784 0
1735 684 683 1784 1736 666 665 1785 0
1736 666 665 1785 1737 648 647 1786 0
1737 648 647 1786 1738 630 629 1787 0
1738 630 629 1787 415 99 98 422 0
23 311 304 22 503 1739 1788 502 0
503 1739 1788 502 521 1740 1789 520 0
521 1740 1789 520 539 1741 1790 538 0
539 1741 1790 538 557 1742 1791 556 0
557 1742 1791 556 575 1743 1792 574 0
575 1743 1792 574 593 1744 1793 592 0
593 1744 1793 592 611 1745 1794 610 0
611 1745 1794 610 73 416 423 72 0
311 312 305 304 1739 1746 1795 1788 0
1739 1746 1795 1788 1740 1747 1796 1789 0
1740 1747 1796 1789 1741 1748 1797 1790 0
1741 1748 1797 1790 1742 1749 1798 1791 0
1742 1749 1798 1791 1743 1750 1799 1792 0
1743 1750 1799 1792 1744 1751 1800 1793 0
1744 1751 1800 1793 1745 1752 1801 1794 0
1745 1752 1801 1794 416 417 424 423 0
312 313 306 305 1746 1753 1802 1795 0
1746 1753 1802 1795 1747 1754 1803 1796 0
1747 1754 1803 1796 1748 1755 1804 1797 0
1748 1755 1804 1797 1749 1756 1805 1798 0
1749 1756 1805 1798 1750 1757 1806 1799 0
1750 1757 1806 1799 1751 1758 1807 1800 0
1751 1758 1807 1800 1752 1759 1808 1801 0
1752 1759 1808 1801 417 418 425 424 0
313 314 307 306 1753 1760 1809 1802 0
1753 1760 1809 1802 1754 1761 1810 1803 0
1754 1761 1810 1803 1755 1762 1811 1804 0
1755 1762 1811 1804 1756 1763 1812 1805 0
1756 1763 1812 1805 1757 1764 1813 1806 0
1757 1764 1813 1806 1758 1765 1814 1807 0
1758 1765 1814 1807 1759 1766 1815 1808 0
1759 1766 1815 1808 418 419 426 425 0
314 315 308 307 1760 1767 1816 1809 0
1760 1767 1816 1809 1761 1768 1817 1810 0
1761 1768 1817 1810 1762 1769 1818 1811 0
1762 1769 1818 1811 1763 1770 1819 1812 0
1763 1770 1819 1812 1764 1771 1820 1813 0
1764 1771 1820 1813 1765 1772 1821 1814 0
1765 1772 1821 1814 1766 1773 1822 1815 0
1766 1773 1822 1815 419 420 427 426 0
315 316 309 308 1767 1774 1823 1816 0
1767 1774 1823 1816 1768 1775 1824 1817 0
1768 1775 1824 1817 1769 1776 1825 1818 0
1769 1776 1825 1818 1770 1777 1826 1819 0
1770 1777 1826 1819 1771 1778 1827 1820 0
1771 1778 1827 1820 1772 1779 1828 1821 0
1772 1779 1828 1821 1773 1780 1829 1822 0
1773 1780 1829 1822 420 421 428 427 0
316 317 310 309 1774 1781 1830 1823 0
1774 1781 1830 1823 1775 1782 1831 1824 0
1775 1782 1831 1824 1776 1783 1832 1825 0
1776 1783 1832 1825 1777 1784 1833 1826 0
1777 1784 1833 1826 1778 1785 1834 1827 0
1778 1785 1834 1827 1779 1786 1835 1828 0
1779 1786 1835 1828 1780 1787 1836 1829 0
1780 1787 1836 1829 421 422 429 428 0
317 48 47 310 1781 737 736 1830 0
1781 737 736 1830 1782 719 718 1831 0
1782 719 718 1831 1783 701 700 1832 0
1783 701 700 1832 1784 683 682 1833 0
1784 683 682 1833 1785 665 664 1834 0
1785 665 664 1834 1786 647 646 1835 0
1786 647 646 1835 1787 629 628 1836 0
1787 629 628 1836 422 98 97 429 0
22 304 297 21 502 1788 1837 501 0
502 1788 1837 501 520 1789 1838 519 0
520 1789 1838 519 538 1790 1839 537 0
538 1790 1839 537 556 1791 1840 555 0
556 1791 1840 555 574 1792 1841 573 0
574 1792 1841 573 592 1793 1842 591 0
592 1793 1842 591 610 1794 1843 609 0
610 1794 1843 609 72 423 430 71 0
304 305 298 297 1788 1795 1844 1837 0
1788 1795 1844 1837 1789 1796 1845 1838 0
1789 1796 1845 1838 1790 1797 1846 1839 0
1790 1797 1846 1839 1791 1798 1847 1840 0
1791 1798 1847 1840 1792 1799 1848 1841 0
1792 1799 1848 1841 1793 1800 1849 1842 0
1793 1800 1849 1842 1794 1801 1850 1843 0
1794 1801 1850 1843 423 424 431 430 0
305 306 299 298 1795 1802 1851 1844 0
1795 1802 1851 1844 1796 1803 1852 1845 0
1796 1803 1852 1845 1797 1804 1853 1846 0
1797 1804 1853 1846 1798 1805 1854 1847 0
1798 1805 1854 1847 1799 1806 1855 1848 0
1799 1806 1855 1848 1800 1807 1856 1849 0
1800 1807 1856 1849 1801 1808 1857 1850 0
1801 1808 1857 1850 424 425 432 431 0
306 307 300 299 1802 1809 1858 1851 0
1802 1809 1858 1851 1803 1810 1859 1852 0
1803 1810 1859 1852 1804 1811 1860 1853 0
1804 1811 1860 1853 1805 1812 1861 1854 0
1805 1812 1861 1854 1806 1813 1862 1855 0
1806 1813 1862 1855 1807 1814 1863 1856 0
1807 1814 1863 1856 1808 1815 1864 1857 0
1808 1815 1864 1857 425 426 433 432 0
307 308 301 300 1809 1816 1865 1858 0
1809 1816 1865 1858 1810 1817 1866 1859 0
1810 1817 1866 1859 1811 1818 1867 1860 0
1811 1818 1867 1860 1812 1819 1868 1861 0
1812 1819 1868 1861 1813 1820 1869 1862 0
1813 1820 1869 1862 1814 1821 1870 1863 0
1814 1821 1870 1863 1815 1822 1871 1864 0
1815 1822 1871 1864 426 427 434 433 0
308 309 302 301 1816 1823 1872 1865 0
1816 1823 1872 1865 1817 1824 1873 1866 0
1817 1824 1873 1866 1818 1825 1874 1867 0
1818 1825 1874 1867 1819 1826 1875 1868 0
1819 1826 1875 1868 1820 1827 1876 1869 0
1820 1827 1876 1869 1821 1828 1877 1870 0
1821 1828 1877 1870 1822 1829 1878 1871 0
1822 1829 1878 1871 427 428 435 434 0
309 310 303 302 1823 1830 1879 1872 0
1823 1830 1879 1872 1824 1831 1880 1873 0
1824 1831 1880 1873 1825 1832 1881 1874 0
1825 1832 1881 1874 1826 1833 1882 1875 0
1826 1833 1882 1875 1827 1834 1883 1876 0
1827 1834 1883 1876 1828 1835 1884 1877 0
1828 1835 1884 1877 1829 1836 1885 1878 0
1829 1836 1885 1878 428 429 436 435 0
310 47 46 303 1830 736 735 1879 0
1830 736 735 1879 1831 718 717 1880 0
1831 718 717 1880 1832 700 699 1881 0
1832 700 699 1881 1833 682 681 1882 0
1833 682 681 1882 1834 664 663 1883 0
1834 664 663 1883 1835 646 645 1884 0
1835 646 645 1884 1836 628 627 1885 0
1836 628 627 1885 429 97 96 436 0
21 297 290 20 501 1837 1886 500 0
501 1837 1886 500 519 1838 1887 518 0
519 1838 1887 518 537 1839 1888 536 0
537 1839 1888 536 555 1840 1889 554 0
555 1840 1889 554 573 1841 1890 572 0
573 1841 1890 572 591 1842 1891 590 0
591 1842 1891 590 609 1843 1892 608 0
609 1843 1892 608 71 430 437 70 0
297 298 291 290 1837 1844 1893 1886 0
1837 1844 1893 1886 1838 1845 1894 1887 0
1838 1845 1894 1887 1839 1846 1895 1888 0
1839 1846 1895 1888 1840 1847 1896 1889 0
1840 1847 1896 1889 1841 1848 1897 1890 0
1841 1848 1897 1890 1842 1849 1898 1891 0
1842 1849 1898 1891 1843 1850 1899 1892 0
1843 1850 1899 1892 430 431 438 437 0
298 299 292 291 1844 1851 1900 1893 0
1844 1851 1900 1893 1845 1852 1901 1894 0
1845 1852 1901 1894 1846 1853 1902 1895 0
1846 1853 1902 1895 1847 1854 1903 1896 0
1847 1854 1903 1896 1848 1855 1904 1897 0
1848 1855 1904 1897 1849 1856 1905 1898 0
1849 1856 1905 1898 1850 1857 1906 1899 0
1850 1857 1906 1899 431 432 439 438 0
299 300 293 292 1851 1858 1907 1900 0
1851 1858 1907 1900 1852 1859 1908 1901 0
1852 1859 1908 1901 1853 1860 1909 1902 0
1853 1860 1909 1902 1854 1861 1910 1903 0
1854 1861 1910 1903 1855 1862 1911 1904 0
1855 1862 1911 1904 1856 1863 1912 1905 0
1856 1863 1912 1905 1857 1864 1913 1906 0
1857 1864 1913 1906 432 433 440 439 0
300 301 294 293 1858 1865 1914 1907 0
1858 1865 1914 1907 1859 1866 1915 1908 0
1859 1866 1915 1908 1860 1867 1916 1909 0
1860 1867 1916 1909 1861 1868 1917 1910 0
1861 1868 1917 1910 1862 1869 1918 1911 0
1862 1869 1918 1911 1863 1870 1919 1912 0
1863 1870 1919 1912 1864 1871 1920 1913 0
1864 1871 1920 1913 433 434 441 440 0
301 302 295 294 1865 1872 1921 1914 0
1865 1872 1921 1914 1866 1873 1922 1915 0
1866 1873 1922 1915 1867 1874 1923 1916 0
1867 1874 1923 1916 1868 1875 1924 1917 0
1868 1875 1924 1917 1869 1876 1925 1918 0
1869 1876 1925 1918 1870 1877 1926 1919 0
1870 1877 1926 1919 1871 1878 1927 1920 0
1871 1878 1927 1920 434 435 442 441 0
302 303 296 295 1872 1879 1928 1921 0
1872 1879 1928 1921 1873 1880 1929 1922 0
1873 1880 1929 1922 1874 1881 1930 1923 0
1874 1881 1930 1923 1875 1882 1931 1924 0
1875 1882 1931 1924 1876 1883 1932 1925 0
1876 1883 1932 1925 1877 1884 1933 1926 0
1877 1884 1933 1926 1878 1885 1934 1927 0
1878 1885 1934 1927 435 436 443 442 0
303 46 45 296 1879 735 734 1928 0
1879 735 734 1928 1880 717 716 1929 0
1880 717 716 1929 1881 699 698 1930 0
1881 699 698 1930 1882 681 680 1931 0
1882 681 680 1931 1883 663 662 1932 0
1883 663 662 1932 1884 645 644 1933 0
1884 645 644 1933 1885 627 626 1934 0
1885 627 626 1934 436 96 95 443 0
20 290 283 19 500 1886 1935 499 0
500 1886 1935 499 518 1887 1936 517 0
518 1887 1936 517 536 1888 1937 535 0
536 1888 1937 535 554 1889 1938 553 0
554 1889 1938 553 572 1890 1939 571 0
572 1890 1939 571 590 1891 1940 589 0
590 1891 1940 589 608 1892 1941 607 0
608 1892 1941 607 70 437 444 69 0
290 291 284 283 1886 1893 1942 1935 0
1886 1893 1942 1935 1887 1894 1943 1936 0
1887 1894 1943 1936 1888 1895 1944 1937 0
1888 1895 1944 1937 1889 1896 1945 1938 0
1889 1896 1945 1938 1890 1897 1946 1939 0
1890 1897 1946 1939 1891 1898 1947 1940 0
1891 1898 1947 1940 1892 1899 1948 1941 0
1892 1899 1948 1941 437 438 445 444 0
291 292 285 284 1893 1900 1949 1942 0
1893 1900 1949 1942 1894 1901 1950 1943 0
1894 1901 1950 1943 1895 1902 1951 1944 0
1895 1902 1951 1944 1896 1903 1952 1945 0
1896 1903 1952 1945 1897 1904 1953 1946 0
1897 1904 1953 1946 1898 1905 1954 1947 0
1898 1905 1954 1947 1899 1906 1955 1948 0
1899 1906 1955 1948 438 439 446 445 0
292 293 286 285 1900 1907 1956 1949 0
1900 1907 1956 1949 1901 1908 1957 1950 0
1901 1908 1957 1950 1902 1909 1958 1951 0
1902 1909 1958 1951 1903 1910 1959 1952 0
1903 1910 1959 1952 1904 1911 1960 1953 0
1904 1911 1960 1953 1905 1912 1961 1954 0
1905 1912 1961 1954 1906 1913 1962 1955 0
1906 1913 1962 1955 439 440 447 446 0
293 294 287 286 1907 1914 1963 1956 0
1907 1914 1963 1956 1908 1915 1964 1957 0
1908 1915 1964 1957 1909 1916 1965 1958 0
1909 1916 1965 1958 1910 1917 1966 1959 0
1910 1917 1966 1959 1911 1918 1967 1960 0
1911 1918 1967 1960 1912 1919 1968 1961 0
1912 1919 1968 1961 1913 1920 1969 1962 0
1913 1920 1969 1962 440 441 448 447 0
294 295 288 287 1914 1921 1970 1963 0
1914 1921 1970 1963 1915 1922 1971 1964 0
1915 1922 1971 1964 1916 1923 1972 1965 0
1916 1923 1972 1965 1917 1924 1973 1966 0
1917 1924 1973 1966 1918 1925 1974 1967 0
1918 1925 1974 1967 1919 1926 1975 1968 0
1919 1926 1975 1968 1920 1927 1976 1969 0
1920 1927 1976 1969 441 442 449 448 0
295 296 289 288 1921 1928 1977 1970 0
1921 1928 1977 1970 1922 1929 1978 1971 0
1922 1929 1978 1971 1923 1930 1979 1972 0
1923 1930 1979 1972 1924 1931 1980 1973 0
1924 1931 1980 1973 1925 1932 1981 1974 0
1925 1932 1981 1974 1926 1933 1982 1975 0
1926 1933 1982 1975 1927 1934 1983 1976 0
1927 1934 1983 1976 442 443 450 449 0
296 45 44 289 1928 734 733 1977 0
1928 734 733 1977 1929 716 715 1978 0
1929 716 715 1978 1930 698 697 1979 0
1930 698 697 1979 1931 680 679 1980 0
1931 680 679 1980 1932 662 661 1981 0
1932 662 661 1981 1933 644 643 1982 0
1933 644 643 1982 1934 626 625 1983 0
1934 626 625 1983 443 95 94 450 0
19 283 276 18 499 1935 1984 498 0
499 1935 1984 498 517 1936 1985 516 0
517 1936 1985 516 535 1937 1986 534 0
535 1937 1986 534 553 1938 1987 552 0
553 1938 1987 552 571 1939 1988 570 0
571 1939 1988 570 589 1940 1989 588 0
589 1940 1989 588 607 1941 1990 606 0
607 1941 1990 606 69 444 451 68 0
283 284 277 276 1935 1942 1991 1984 0
1935 1942 1991 1984 1936 1943 1992 1985 0
1936 1943 1992 1985 1937 1944 1993 1986 0
1937 1944 1993 1986 1938 1945 1994 1987 0
1938 1945 1994 1987 1939 1946 1995 1988 0
1939 1946 1995 1988 1940 1947 1996 1989 0
1940 1947 1996 1989 1941 1948 1997 1990 0
1941 1948 1997 1990 444 445 452 451 0
284 285 278 277 1942 1949 1998 1991 0
1942 1949 1998 1991 1943 1950 1999 1992 0
1943 1950 1999 1992 1944 1951 2000 1993 0
1944 1951 2000 1993 1945 1952 2001 1994 0
1945 1952 2001 1994 1946 1953 2002 1995 0
1946 1953 2002 1995 1947 1954 2003 1996 0
1947 1954 2003 1996 1948 1955 2004 1997 0
1948 1955 2004 1997 445 446 453 452 0
285 286 279 278 1949 1956 2005 1998 0
1949 1956 2005 1998 1950 1957 2006 1999 0
1950 1957 2006 1999 1951 1958 2007 2000 0
1951 1958 2007 2000 1952 1959 2008 2001 0
1952 1959 2008 2001 1953 1960 2009 2002 0
1953 1960 2009 2002 1954 1961 2010 2003 0
1954 1961 2010 2003 1955 1962 2011 2004 0
1955 1962 2011 2004 446 447 454 453 0
286 287 280 279 1956 1963 2012 2005 0
1956 1963 2012 2005 1957 1964 2013 2006 0
1957 1964 2013 2006 1958 1965 2014 2007 0
1958 1965 2014 2007 1959 1966 2015 2008 0
1959 1966 2015 2008 1960 1967 2016 2009 0
1960 1967 2016 2009 1961 1968 2017 2010 0
1961 1968 2017 2010 1962 1969 2018 2011 0
1962 1969 2018 2011 447 448 455 454 0
287 288 281 280 1963 1970 2019 2012 0
1963 1970 2019 2012 1964 1971 2020 2013 0
1964 1971 2020 2013 1965 1972 2021 2014 0
1965 1972 2021 2014 1966 1973 2022 2015 0
1966 1973 2022 2015 1967 1974 2023 2016 0
1967 1974 2023 2016 1968 1975 2024 2017 0
1968 1975 2024 2017 1969 1976 2025 2018 0
1969 1976 2025 2018 448 449 456 455 0
288 289 282 281 1970 1977 2026 2019 0
1970 1977 2026 2019 1971 1978 2027 2020 0
1971 1978 2027 2020 1972 1979 2028 2021 0
1972 1979 2028 2021 1973 1980 2029 2022 0
1973 1980 2029 2022 1974 1981 2030 2023 0
1974 1981 2030 2023 1975 1982 2031 2024 0
1975 1982 2031 2024 1976 1983 2032 2025 0
1976 1983 2032 2025 449 450 457 456 0
289 44 43 282 1977 733 732 2026 0
1977 733 732 2026 1978 715 714 2027 0
1978 715 714 2027 1979 697 696 2028 0
1979 697 696 2028 1980 679 678 2029 0
1980 679 678 2029 1981 661 660 2030 0
1981 661 660 2030 1982 643 642 2031 0
1982 643 642 2031 1983 625 624 2032 0
1983 625 624 2032 450 94 93 457 0
18 276 269 17 498 1984 2033 497 0
498 1984 2033 497 516 1985 2034 515 0
516 1985 2034 515 534 1986 2035 533 0
534 1986 2035 533 552 1987 2036 551 0
552 1987 2036 551 570 1988 2037 569 0
570 1988 2037 569 588 1989 2038 587 0
588 1989 2038 587 606 1990 2039 605 0
606 1990 2039 605 68 451 458 67 0
276 277 270 269 1984 1991 2040 2033 0
1984 1991 2040 2033 1985 1992 2041 2034 0
1985 1992 2041 2034 1986 1993 2042 2035 0
1986 1993 2042 2035 1987 1994 2043 2036 0
1987 1994 2043 2036 1988 1995 2044 2037 0
1988 1995 2044 2037 1989 1996 2045 2038 0
1989 1996 2045 2038 1990 1997 2046 2039 0
1990 1997 2046 2039 451 452 459 458 0
277 278 271 270 1991 1998 2047 2040 0
1991 1998 2047 2040 1992 1999 2048 2041 0
1992 1999 2048 2041 1993 2000 2049 2042 0
1993 2000 2049 2042 1994 2001 2050 2043 0
1994 2001 2050 2043 1995 2002 2051 2044 0
1995 2002 2051 2044 1996 2003 2052 2045 0
1996 2003 2052 2045 1997 2004 2053 2046 0
1997 2004 2053 2046 452 453 460 459 0
278 279 272 271 1998 2005 2054 2047 0
1998 2005 2054 2047 1999 2006 2055 2048 0
1999 2006 2055 2048 2000 2007 2056 2049 0
2000 2007 2056 2049 2001 2008 2057 2050 0
2001 2008 2057 2050 2002 2009 2058 2051 0
2002 2009 2058 2051 2003 2010 2059 2052 0
2003 2010 2059 2052 2004 2011 2060 2053 0
2004 2011 2060 2053 453 454 461 460 0
279 280 273 272 2005 2012 2061 2054 0
2005 2012 2061 2054 2006 2013 2062 2055 0
2006 2013 2062 2055 2007 2014 2063 2056 0
2007 2014 2063 2056 2008 2015 2064 2057 0
2008 2015 2064 2057 2009 2016 2065 2058 0
2009 2016 2065 2058 2010 2017 2066 2059 0
2010 2017 2066 2059 2011 2018 2067 2060 0
2011 2018 2067 2060 454 455 462 461 0
280 281 274 273 2012 2019 2068 2061 0
2012 2019 2068 2061 2013 2020 2069 2062 0
2013 2020 2069 2062 2014 2021 2070 2063 0
2014 2021 2070 2063 2015 2022 2071 2064 0
2015 2022 2071 2064 2016 2023 2072 2065 0
2016 2023 2072 2065 2017 2024 2073 2066 0
2017 2024 2073 2066 2018 2025 2074 2067 0
2018 2025 2074 2067 455 456 463 462 0
281 282 275 274 2019 2026 2075 2068 0
2019 2026 2075 2068 2020 2027 2076 2069 0
2020 2027 2076 2069 2021 2028 2077 2070 0
2021 2028 2077 2070 2022 2029 2078 2071 0
2022 2029 2078 2071 2023 2030 2079 2072 0
2023 2030 2079 2072 2024 2031 2080 2073 0
2024 2031 2080 2073 2025 2032 2081 2074 0
2025 2032 2081 2074 456 457 464 463 0
282 43 42 275 2026 732 731 2075 0
2026 732 731 2075 2027 714 713 2076 0
2027 714 713 2076 2028 696 695 2077 0
2028 696 695 2077 2029 678 677 2078 0
2029 678 677 2078 2030 660 659 2079 0
2030 660 659 2079 2031 642 641 2080 0
2031 642 641 2080 2032 624 623 2081 0
2032 624 623 2081 457 93 92 464 0
17 269 262 16 497 2033 2082 496 0
497 2033 2082 496 515 2034 2083 514 0
515 2034 2083 514 533 2035 2084 532 0
533 2035 2084 532 551 2036 2085 550 0
551 2036 2085 550 569 2037 2086 568 0
569 2037 2086 568 587 2038 2087 586 0
587 2038 2087 586 605 2039 2088 604 0
605 2039 2088 604 67 458 465 66 0
269 270 263 262 2033 2040 2089 2082 0
2033 2040 2089 2082 2034 2041 2090 2083 0
2034 2041 2090 2083 2035 2042 2091 2084 0
2035 2042 2091 2084 2036 2043 2092 2085 0
2036 2043 2092 2085 2037 2044 2093 2086 0
2037 2044 2093 2086 2038 2045 2094 2087 0
2038 2045 2094 2087 2039 2046 2095 2088 0
2039 2046 2095 2088 458 459 466 465 0
270 271 264 263 2040 2047 2096 2089 0
2040 2047 2096 2089 2041 2048 2097 2090 0
2041 2048 2097 2090 2042 2049 2098 2091 0
2042 2049 2098 2091 2043 2050 2099 2092 0
2043 2050 2099 2092 2044 2051 2100 2093 0
2044 2051 2100 2093 2045 2052 2101 2094 0
2045 2052 2101 2094 2046 2053 2102 2095 0
2046 2053 2102 2095 459 460 467 466 0
271 272 265 264 2047 2054 2103 2096 0
2047 2054 2103 2096 2048 2055 2104 2097 0
2048 2055 2104 2097 2049 2056 2105 2098 0
2049 2056 2105 2098 2050 2057 2106 2099 0
2050 2057 2106 2099 2051 2058 2107 2100 0
2051 2058 2107 2100 2052 2059 2108 2101 0
2052 2059 2108 2101 2053 2060 2109 2102 0
2053 2060 2109 2102 460 461 468 467 0
272 273 266 265 2054 2061 2110 2103 0
2054 2061 2110 2103 2055 2062 2111 2104 0
2055 2062 2111 2104 2056 2063 2112 2105 0
2056 2063 2112 2105 2057 2064 2113 2106 0
2057 2064 2113 2106 2058 2065 2114 2107 0
2058 2065 2114 2107 2059 2066 2115 2108 0
2059 2066 2115 2108 2060 2067 2116 2109 0
2060 2067 2116 2109 461 462 469 468 0
273 274 267 266 2061 2068 2117 2110 0
2061 2068 2117 2110 2062 2069 2118 2111 0
2062 2069 2118 2111 2063 2070 2119 2112 0
2063 2070 2119 2112 2064 2071 2120 2113 0
2064 2071 2120 2113 2065 2072 2121 2114 0
2065 2072 2121 2114 2066 2073 2122 2115 0
2066 2073 2122 2115 2067 2074 2123 2116 0
2067 2074 2123 2116 462 463 470 469 0
274 275 268 267 2068 2075 2124 2117 0
2068 2075 2124 2117 2069 2076 2125 2118 0
2069 2076 2125 2118 2070 2077 2126 2119 0
2070 2077 2126 2119 2071 2078 2127 2120 0
2071 2078 2127 2120 2072 2079 2128 2121 0
2072 2079 2128 2121 2073 2080 2129 2122 0
2073 2080 2129 2122 2074 2081 2130 2123 0
2074 2081 2130 2123 463 464 471 470 0
275 42 41 268 2075 731 730 2124 0
2075 731 730 2124 2076 713 712 2125 0
2076 713 712 2125 2077 695 694 2126 0
2077 695 694 2126 2078 677 676 2127 0
2078 677 676 2127 2079 659 658 2128 0
2079 659 658 2128 2080 641 640 2129 0
2080 641 640 2129 2081 623 622 2130 0
2081 623 622 2130 464 92 91 471 0
16 262 255 15 496 2082 2131 495 0
496 2082 2131 495 514 2083 2132 513 0
514 2083 2132 513 532 2084 2133 531 0
532 2084 2133 531 550 2085 2134 549 0
550 2085 2134 549 568 2086 2135 567 0
568 2086 2135 567 586 2087 2136 585 0
586 2087 2136 585 604 2088 2137 603 0
604 2088 2137 603 66 465 472 65 0
262 263 256 255 2082 2089 2138 2131 0
2082 2089 2138 2131 2083 2090 2139 2132 0
2083 2090 2139 2132 2084 2091 2140 2133 0
2084 2091 2140 2133 2085 2092 2141 2134 0
2085 2092 2141 2134 2086 2093 2142 2135 0
2086 2093 2142 2135 2087 2094 2143 2136 0
2087 2094 2143 2136 2088 2095 2144 2137 0
2088 2095 2144 2137 465 466 473 472 0
263 264 257 256 2089 2096 2145 2138 0
2089 2096 2145 2138 2090 2097 2146 2139 0
2090 2097 2146 2139 2091 2098 2147 2140 0
2091 2098 2147 2140 2092 2099 2148 2141 0
2092 2099 2148 2141 2093 2100 2149 2142 0
2093 2100 2149 2142 2094 2101 2150 2143 0
2094 2101 2150 2143 2095 2102 2151 2144 0
2095 2102 2151 2144 466 467 474 473 0
264 265 258 257 2096 2103 2152 2145 0
2096 2103 2152 2145 2097 2104 2153 2146 0
2097 2104 2153 2146 2098 2105 2154 2147 0
2098 2105 2154 2147 2099 2106 2155 2148 0
2099 2106 2155 2148 2100 2107 2156 2149 0
2100 2107 2156 2149 2101 2108 2157 2150 0
2101 2108 2157 2150 2102 2109 2158 2151 0
2102 2109 2158 2151 467 468 475 474 0
265 266 259 258 2103 2110 2159 2152 0
2103 2110 2159 2152 2104 2111 2160 2153 0
2104 2111 2160 2153 2105 2112 2161 2154 0
2105 2112 2161 2154 2106 2113 2162 2155 0
2106 2113 2162 2155 2107 2114 2163 2156 0
2107 2114 2163 2156 2108 2115 2164 2157 0
2108 2115 2164 2157 2109 2116 2165 2158 0
2109 2116 2165 2158 468 469 476 475 0
266 267 260 259 2110 2117 2166 2159 0
2110 2117 2166 2159 2111 2118 2167 2160 0
2111 2118 2167 2160 2112 2119 2168 2161 0
2112 2119 2168 2161 2113 2120 2169 2162 0
2113 2120 2169 2162 2114 2121 2170 2163 0
2114 2121 2170 2163 2115 2122 2171 2164 0
2115 2122 2171 2164 2116 2123 2172 2165 0
2116 2123 2172 2165 469 470 477 476 0
267 268 261 260 2117 2124 2173 2166 0
2117 2124 2173 2166 2118 2125 2174 2167 0
2118 2125 2174 2167 2119 2126 2175 2168 0
2119 2126 2175 2168 2120 2127 2176 2169 0
2120 2127 2176 2169 2121 2128 2177 2170 0
2121 2128 2177 2170 2122 2129 2178 2171 0
2122 2129 2178 2171 2123 2130 2179 2172 0
2123 2130 2179 2172 470 471 478 477 0
268 41 40 261 2124 730 729 2173 0
2124 730 729 2173 2125 712 711 2174 0
2125 712 711 2174 2126 694 693 2175 0
2126 694 693 2175 2127 676 675 2176 0
2127 676 675 2176 2128 658 657 2177 0
2128 658 657 2177 2129 640 639 2178 0
2129 640 639 2178 2130 622 621 2179 0
2130 622 621 2179 471 91 90 478 0
15 255 248 14 495 2131 2180 494 0
495 2131 2180 494 513 2132 2181 512 0
513 2132 2181 512 531 2133 2182 530 0
531 2133 2182 530 549 2134 2183 548 0
549 2134 2183 548 567 2135 2184 566 0
567 2135 2184 566 585 2136 2185 584 0
585 2136 2185 584 603 2137 2186 602 0
603 2137 2186 602 65 472 479 64 0
255 256 249 248 2131 2138 2187 2180 0
2131 2138 2187 2180 2132 2139 2188 2181 0
2132 2139 2188 2181 2133 2140 2189 2182 0
2133 2140 2189 2182 2134 2141 2190 2183 0
2134 2141 2190 2183 2135 2142 2191 2184 0
2135 2142 2191 2184 2136 2143 2192 2185 0
2136 2143 2192 2185 2137 2144 2193 2186 0
2137 2144 2193 2186 472 473 480 479 0
256 257 250 249 2138 2145 2194 2187 0
2138 2145 2194 2187 2139 2146 2195 2188 0
2139 2146 2195 2188 2140 2147 2196 2189 0
2140 2147 2196 2189 2141 2148 2197 2190 0
2141 2148 2197 2190 2142 2149 2198 2191 0
2142 2149 2198 2191 2143 2150 2199 2192 0
2143 2150 2199 2192 2144 2151 2200 2193 0
2144 2151 2200 2193 473 474 481 480 0
257 258 251 250 2145 2152 2201 2194 0
2145 2152 2201 2194 2146 2153 2202 2195 0
2146 2153 2202 2195 2147 2154 2203 2196 0
2147 2154 2203 2196 2148 2155 2204 2197 0
2148 2155 2204 2197 2149 2156 2205 2198 0
2149 2156 2205 2198 2150 2157 2206 2199 0
2150 2157 2206 2199 2151 2158 2207 2200 0
2151 2158 2207 2200 474 475 482 481 0
258 259 252 251 2152 2159 2208 2201 0
2152 2159 2208 2201 2153 2160 2209 2202 0
2153 2160 2209 2202 2154 2161 2210 2203 0
2154 2161 2210 2203 2155 2162 2211 2204 0
2155 2162 2211 2204 2156 2163 2212 2205 0
2156 2163 2212 2205 2157 2164 2213 2206 0
2157 2164 2213 2206 2158 2165 2214 2207 0
2158 2165 2214 2207 475 476 483 482 0
259 260 253 252 2159 2166 2215 2208 0
2159 2166 2215 2208 2160 2167 2216 2209 0
2160 2167 2216 2209 2161 2168 2217 2210 0
2161 2168 2217 2210 2162 2169 2218 2211 0
2162 2169 2218 2211 2163 2170 2219 2212 0
2163 2170 2219 2212 2164 2171 2220 2213 0
2164 2171 2220 2213 2165 2172 2221 2214 0
2165 2172 2221 2214 476 477 484 483 0
260 261 254 253 2166 2173 2222 2215 0
2166 2173 2222 2215 2167 2174 2223 2216 0
2167 2174 2223 2216 2168 2175 2224 2217 0
2168 2175 2224 2217 2169 2176 2225 2218 0
2169 2176 2225 2218 2170 2177 2226 2219 0
2170 2177 2226 2219 2171 2178 2227 2220 0
2171 2178 2227 2220 2172 2179 2228 2221 0
2172 2179 2228 2221 477 478 485 484 0
261 40 39 254 2173 729 728 2222 0
2173 729 728 2222 2174 711 710 2223 0
2174 711 710 2223 2175 693 692 2224 0
2175 693 692 2224 2176 675 674 2225 0
2176 675 674 2225 2177 657 656 2226 0
2177 657 656 2226 2178 639 638 2227 0
2178 639 638 2227 2179 621 620 2228 0
2179 621 620 2228 478 90 89 485 0
14 248 241 13 494 2180 2229 493 0
494 2180 2229 493 512 2181 2230 511 0
512 2181 2230 511 530 2182 2231 529 0
530 2182 2231 529 548 2183 2232 547 0
548 2183 2232 547 566 2184 2233 565 0
566 2184 2233 565 584 2185 2234 583 0
584 2185 2234 583 602 2186 2235 601 0
602 2186 2235 601 64 479 486 63 0
248 249 242 241 2180 2187 2236 2229 0
2180 2187 2236 2229 2181 2188 2237 2230 0
2181 2188 2237 2230 2182 2189 2238 2231 0
2182 2189 2238 2231 2183 2190 2239 2232 0
2183 2190 2239 2232 2184 2191 2240 2233 0
2184 2191 2240 2233 2185 2192 2241 2234 0
2185 2192 2241 2234 2186 2193 2242 2235 0
2186 2193 2242 2235 479 480 487 486 0
249 250 243 242 2187 2194 2243 2236 0
2187 2194 2243 2236 2188 2195 2244 2237 0
2188 2195 2244 2237 2189 2196 2245 2238 0
2189 2196 2245 2238 2190 2197 2246 2239 0
2190 2197 2246 2239 2191 2198 2247 2240 0
2191 2198 2247 2240 2192 2199 2248 2241 0
2192 2199 2248 2241 2193 2200 2249 2242 0
2193 2200 2249 2242 480 481 488 487 0
250 251 244 243 2194 2201 2250 2243 0
2194 2201 2250 2243 2195 2202 2251 2244 0
2195 2202 2251 2244 2196 2203 2252 2245 0
2196 2203 2252 2245 2197 2204 2253 2246 0
2197 2204 2253 2246 2198 2205 2254 2247 0
2198 2205 2254 2247 2199 2206 2255 2248 0
2199 2206 2255 2248 2200 2207 2256 2249 0
2200 2207 2256 2249 481 482 489 488 0
251 252 245 244 2201 2208 2257 2250 0
2201 2208 2257 2250 2202 2209 2258 2251 0
2202 2209 2258 2251 2203 2210 2259 2252 0
2203 2210 2259 2252 2204 2211 2260 2253 0
2204 2211 2260 2253 2205 2212 2261 2254 0
2205 2212 2261 2254 2206 2213 2262 2255 0
2206 2213 2262 2255 2207 2214 2263 2256 0
2207 2214 2263 2256 482 483 490 489 0
252 253 246 245 2208 2215 2264 2257 0
2208 2215 2264 2257 2209 2216 2265 2258 0
2209 2216 2265 2258 2210 2217 2266 2259 0
2210 2217 2266 2259 2211 2218 2267 2260 0
2211 2218 2267 2260 2212 2219 2268 2261 0
2212 2219 2268 2261 2213 2220 2269 2262 0
2213 2220 2269 2262 2214 2221 2270 2263 0
2214 2221 2270 2263 483 484 491 490 0
253 254 247 246 2215 2222 2271 2264 0
2215 2222 2271 2264 2216 2223 2272 2265 0
2216 2223 2272 2265 2217 2224 2273 2266 0
2217 2224 2273 2266 2218 2225 2274 2267 0
2218 2225 2274 2267 2219 2226 2275 2268 0
2219 2226 2275 2268 2220 2227 2276 2269 0
2220 2227 2276 2269 2221 2228 2277 2270 0
2221 2228 2277 2270 484 485 492 491 0
254 39 38 247 2222 728 727 2271 0
2222 728 727 2271 2223 710 709 2272 0
2223 710 709 2272 2224 692 691 2273 0
2224 692 691 2273 2225 674 673 2274 0
2225 674 673 2274 2226 656 655 2275 0
2226 656 655 2275 2227 638 637 2276 0
2227 638 637 2276 2228 620 619 2277 0
2228 620 619 2277 485 89 88 492 0
13 241 56 2 493 2229 745 113 0
493 2229 745 113 511 2230 746 114 0
511 2230 746 114 529 2231 747 115 0
529 2231 747 115 547 2232 748 116 0
547 2232 748 116 565 2233 749 117 0
565 2233 749 117 583 2234 750 118 0
583 2234 750 118 601 2235 751 119 0
601 2235 751 119 63 486 106 6 0
241 242 57 56 2229 2236 752 745 0
2229 2236 752 745 2230 2237 753 746 0
2230 2237 753 746 2231 2238 754 747 0
2231 2238 754 747 2232 2239 755 748 0
2232 2239 755 748 2233 2240 756 749 0
2233 2240 756 749 2234 2241 757 750 0
2234 2241 757 750 2235 2242 758 751 0
2235 2242 758 751 486 487 107 106 0
242 243 58 57 2236 2243 759 752 0
2236 2243 759 752 2237 2244 760 753 0
2237 2244 760 753 2238 2245 761 754 0
2238 2245 761 754 2239 2246 762 755 0
2239 2246 762 755 2240 2247 763 756 0
2240 2247 763 756 2241 2248 764 757 0
2241 2248 764 757 2242 2249 765 758 0
2242 2249 765 758 487 488 108 107 0
243 244 59 58 2243 2250 766 759 0
2243 2250 766 759 2244 2251 767 760 0
2244 2251 767 760 2245 2252 768 761 0
2245 2252 768 761 2246 2253 769 762 0
2246 2253 769 762 2247 2254 770 763 0
2247 2254 770 763 2248 2255 771 764 0
2248 2255 771 764 2249 2256 772 765 0
2249 2256 772 765 488 489 109 108 0
244 245 60 59 2250 2257 773 766 0
2250 2257 773 766 2251 2258 774 767 0
2251 2258 774 767 2252 2259 775 768 0
2252 2259 775 768 2253 2260 776 769 0
2253 2260 776 769 2254 2261 777 770 0
2254 2261 777 770 2255 2262 778 771 0
2255 2262 778 771 2256 2263 779 772 0
2256 2263 779 772 489 490 110 109 0
245 246 61 60 2257 2264 780 773 0
2257 2264 780 773 2258 2265 781 774 0
2258 2265 781 774 2259 2266 782 775 0
2259 2266 782 775 2260 2267 783 776 0
2260 2267 783 776 2261 2268 784 777 0
2261 2268 784 777 2262 2269 785 778 0
2262 2269 785 778 2263 2270 786 779 0
2263 2270 786 779 490 491 111 110 0
246 247 62 61 2264 2271 787 780 0
2264 2271 787 780 2265 2272 788 781 0
2265 2272 788 781 2266 2273 789 782 0
2266 2273 789 782 2267 2274 790 783 0
2267 2274 790 783 2268 2275 791 784 0
2268 2275 791 784 2269 2276 792 785 0
2269 2276 792 785 2270 2277 793 786 0
2270 2277 793 786 491 492 112 111 0
247 38 4 62 2271 727 127 787 0
2271 727 127 787 2272 709 128 788 0
2272 709 128 788 2273 691 129 789 0
2273 691 129 789 2274 673 130 790 0
2274 673 130 790 2275 655 131 791 0
2275 655 131 791 2276 637 132 792 0
2276 637 132 792 2277 619 133 793 0
2277 619 133 793 492 88 8 112 0
9 159 962 158 227 1389 2278 1112 0
227 1389 2278 1112 228 1390 2279 1130 0
228 1390 2279 1130 229 1391 2280 1148 0
229 1391 2280 1148 230 1392 2281 1166 0
230 1392 2281 1166 231 1393 2282 1184 0
231 1393 2282 1184 232 1394 2283 1202 0
232 1394 2283 1202 233 1395 2284 1220 0
233 1395 2284 1220 11 202 969 201 0
159 160 963 962 1389 1382 2285 2278 0
1389 1382 2285 2278 1390 1383 2286 2279 0
1390 1383 2286 2279 1391 1384 2287 2280 0
1391 1384 2287 2280 1392 1385 2288 2281 0
1392 1385 2288 2281 1393 1386 2289 2282 0
1393 1386 2289 2282 1394 1387 2290 2283 0
1394 1387 2290 2283 1395 1388 2291 2284 0
1395 1388 2291 2284 202 203 970 969 0
160 161 964 963 1382 1375 2292 2285 0
1382 1375 2292 2285 1383 1376 2293 2286 0
1383 1376 2293 2286 1384 1377 2294 2287 0
1384 1377 2294 2287 1385 1378 2295 2288 0
1385 1378 2295 2288 1386 1379 2296 2289 0
1386 1379 2296 2289 1387 1380 2297 2290 0
1387 1380 2297 2290 1388 1381 2298 2291 0
1388 1381 2298 2291 203 204 971 970 0
161 162 965 964 1375 1368 2299 2292 0
1375 1368 2299 2292 1376 1369 2300 2293 0
1376 1369 2300 2293 1377 1370 2301 2294 0
1377 1370 2301 2294 1378 1371 2302 2295 0
1378 1371 2302 2295 1379 1372 2303 2296 0
1379 1372 2303 2296 1380 1373 2304 2297 0
1380 1373 2304 2297 1381 1374 2305 2298 0
1381 1374 2305 2298 204 205 972 971 0
162 163 966 965 1368 1361 2306 2299 0
1368 1361 2306 2299 1369 1362 2307 2300 0
1369 1362 2307 2300 1370 1363 2308 2301 0
1370 1363 2308 2301 1371 1364 2309 2302 0
1371 1364 2309 2302 1372 1365 2310 2303 0
1372 1365 2310 2303 1373 1366 2311 2304 0
1373 1366 2311 2304 1374 1367 2312 2305 0
1374 1367 2312 2305 205 206 973 972 0
163 164 967 966 1361 1354 2313 2306 0
1361 1354 2313 2306 1362 1355 2314 2307 0
1362 1355 2314 2307 1363 1356 2315 2308 0
1363 1356 2315 2308 1364 1357 2316 2309 0
1364 1357 2316 2309 1365 1358 2317 2310 0
1365 1358 2317 2310 1366 1359 2318 2311 0
1366 1359 2318 2311 1367 1360 2319 2312 0
1367 1360 2319 2312 206 207 974 973 0
164 165 968 967 1354 1347 2320 2313 0
1354 1347 2320 2313 1355 1348 2321 2314 0
1355 1348 2321 2314 1356 1349 2322 2315 0
1356 1349 2322 2315 1357 1350 2323 2316 0
1357 1350 2323 2316 1358 1351 2324 2317 0
1358 1351 2324 2317 1359 1352 2325 2318 0
1359 1352 2325 2318 1360 1353 2326 2319 0
1360 1353 2326 2319 207 208 975 974 0
165 10 183 968 1347 234 1346 2320 0
1347 234 1346 2320 1348 235 1328 2321 0
1348 235 1328 2321 1349 236 1310 2322 0
1349 236 1310 2322 1350 237 1292 2323 0
1350 237 1292 2323 1351 238 1274 2324 0
1351 238 1274 2324 1352 239 1256 2325 0
1352 239 1256 2325 1353 240 1238 2326 0
1353 240 1238 2326 208 12 226 975 0
158 962 955 157 1112 2278 2327 1111 0
1112 2278 2327 1111 1130 2279 2328 1129 0
1130 2279 2328 1129 1148 2280 2329 1147 0
1148 2280 2329 1147 1166 2281 2330 1165 0
1166 2281 2330 1165 1184 2282 2331 1183 0
1184 2282 2331 1183 1202 2283 2332 1201 0
1202 2283 2332 1201 1220 2284 2333 1219 0
1220 2284 2333 1219 201 969 976 200 0
962 963 956 955 2278 2285 2334 2327 0
2278 2285 2334 2327 2279 2286 2335 2328 0
2279 2286 2335 2328 2280 2287 2336 2329 0
2280 2287 2336 2329 2281 2288 2337 2330 0
2281 2288 2337 2330 2282 2289 2338 2331 0
2282 2289 2338 2331 2283 2290 2339 2332 0
2283 2290 2339 2332 2284 2291 2340 2333 0
2284 2291 2340 2333 969 970 977 976 0
963 964 957 956 2285 2292 2341 2334 0
2285 2292 2341 2334 2286 2293 2342 2335 0
2286 2293 2342 2335 2287 2294 2343 2336 0
2287 2294 2343 2336 2288 2295 2344 2337 0
2288 2295 2344 2337 2289 2296 2345 2338 0
2289 2296 2345 2338 2290 2297 2346 2339 0
2290 2297 2346 2339 2291 2298 2347 2340 0
2291 2298 2347 2340 970 971 978 977 0
964 965 958 957 2292 2299 2348 2341 0
2292 2299 2348 2341 2293 2300 2349 2342 0
2293 2300 2349 2342 2294 2301 2350 2343 0
2294 2301 2350 2343 2295 2302 2351 2344 0
2295 2302 2351 2344 2296 2303 2352 2345 0
2296 2303 2352 2345 2297 2304 2353 2346 0
2297 2304 2353 2346 2298 2305 2354 2347 0
2298 2305 2354 2347 971 972 979 978 0
965 966 959 958 2299 2306 2355 2348 0
2299 2306 2355 2348 2300 2307 2356 2349 0
2300 2307 2356 2349 2301 2308 2357 2350 0
2301 2308 2357 2350 2302 2309 2358 2351 0
2302 2309 2358 2351 2303 2310 2359 2352 0
2303 2310 2359 2352 2304 2311 2360 2353 0
2304 2311 2360 2353 2305 2312 2361 2354 0
2305 2312 2361 2354 972 973 980 979 0
966 967 960 959 2306 2313 2362 2355 0
2306 2313 2362 2355 2307 2314 2363 2356 0
2307 2314 2363 2356 2308 2315 2364 2357 0
2308 2315 2364 2357 2309 2316 2365 2358 0
2309 2316 2365 2358 2310 2317 2366 2359 0
2310 2317 2366 2359 2311 2318 2367 2360 0
2311 2318 2367 2360 2312 2319 2368 2361 0
2312 2319 2368 2361 973 974 981 980 0
967 968 961 960 2313 2320 2369 2362 0
2313 2320 2369 2362 2314 2321 2370 2363 0
2314 2321 2370 2363 2315 2322 2371 2364 0
2315 2322 2371 2364 2316 2323 2372 2365 0
2316 2323 2372 2365 2317 2324 2373 2366 0
2317 2324 2373 2366 2318 2325 2374 2367 0
2318 2325 2374 2367 2319 2326 2375 2368 0
2319 2326 2375 2368 974 975 982 981 0
968 183 182 961 2320 1346 1345 2369 0
2320 1346 1345 2369 2321 1328 1327 2370 0
2321 1328 1327 2370 2322 1310 1309 2371 0
2322 1310 1309 2371 2323 1292 1291 2372 0
2323 1292 1291 2372 2324 1274 1273 2373 0
2324 1274 1273 2373 2325 1256 1255 2374 0
2325 1256 1255 2374 2326 1238 1237 2375 0
2326 1238 1237 2375 975 226 225 982 0
157 955 948 156 1111 2327 2376 1110 0
1111 2327 2376 1110 1129 2328 2377 1128 0
1129 2328 2377 1128 1147 2329 2378 1146 0
1147 2329 2378 1146 1165 2330 2379 1164 0
1165 2330 2379 1164 1183 2331 2380 1182 0
1183 2331 2380 1182 1201 2332 2381 1200 0
1201 2332 2381 1200 1219 2333 2382 1218 0
1219 2333 2382 1218 200 976 983 199 0
955 956 949 948 2327 2334 2383 2376 0
2327 2334 2383 2376 2328 2335 2384 2377 0
2328 2335 2384 2377 2329 2336 2385 2378 0
2329 2336 2385 2378 2330 2337 2386 2379 0
2330 2337 2386 2379 2331 2338 2387 2380 0
2331 2338 2387 2380 2332 2339 2388 2381 0
2332 2339 2388 2381 2333 2340 2389 2382 0
2333 2340 2389 2382 976 977 984 983 0
956 957 950 949 2334 2341 2390 2383 0
2334 2341 2390 2383 2335 2342 2391 2384 0
2335 2342 2391 2384 2336 2343 2392 2385 0
2336 2343 2392 2385 2337 2344 2393 2386 0
2337 2344 2393 2386 2338 2345 2394 2387 0
2338 2345 2394 2387 2339 2346 2395 2388 0
2339 2346 2395 2388 2340 2347 2396 2389 0
2340 2347 2396 2389 977 978 985 984 0
957 958 951 950 2341 2348 2397 2390 0
2341 2348 2397 2390 2342 2349 2398 2391 0
2342 2349 2398 2391 2343 2350 2399 2392 0
2343 2350 2399 2392 2344 2351 2400 2393 0
2344 2351 2400 2393 2345 2352 2401 2394 0
2345 2352 2401 2394 2346 2353 2402 2395 0
2346 2353 2402 2395 2347 2354 2403 2396 0
2347 2354 2403 2396 978 979 986 985 0
958 959 952 951 2348 2355 2404 2397 0
2348 2355 2404 2397 2349 2356 2405 2398 0
2349 2356 2405 2398 2350 2357 2406 2399 0
2350 2357 2406 2399 2351 2358 2407 2400 0
2351 2358 2407 2400 2352 2359 2408 2401 0
2352 2359 2408 2401 2353 2360 2409 2402 0
2353 2360 2409 2402 2354 2361 2410 2403 0
2354 2361 2410 2403 979 980 987 986 0
959 960 953 952 2355 2362 2411 2404 0
2355 2362 2411 2404 2356 2363 2412 2405 0
2356 2363 2412 2405 2357 2364 2413 2406 0
2357 2364 2413 2406 2358 2365 2414 2407 0
2358 2365 2414 2407 2359 2366 2415 2408 0
2359 2366 2415 2408 2360 2367 2416 2409 0
2360 2367 2416 2409 2361 2368 2417 2410 0
2361 2368 2417 2410 980 981 988 987 0
960 961 954 953 2362 2369 2418 2411 0
2362 2369 2418 2411 2363 2370 2419 2412 0
2363 2370 2419 2412 2364 2371 2420 2413 0
2364 2371 2420 2413 2365 2372 2421 2414 0
2365 2372 2421 2414 2366 2373 2422 2415 0
2366 2373 2422 2415 2367 2374 2423 2416 0
2367 2374 2423 2416 2368 2375 2424 2417 0
2368 2375 2424 2417 981 982 989 988 0
961 182 181 954 2369 1345 1344 2418 0
2369 1345 1344 2418 2370 1327 1326 2419 0
2370 1327 1326 2419 2371 1309 1308 2420 0
2371 1309 1308 2420 2372 1291 1290 2421 0
2372 1291 1290 2421 2373 1273 1272 2422 0
2373 1273 1272 2422 2374 1255 1254 2423 0
2374 1255 1254 2423 2375 1237 1236 2424 0
2375 1237 1236 2424 982 225 224 989 0
156 948 941 155 1110 2376 2425 1109 0
1110 2376 2425 1109 1128 2377 2426 1127 0
1128 2377 2426 1127 1146 2378 2427 1145 0
1146 2378 2427 1145 1164 2379 2428 1163 0
1164 2379 2428 1163 1182 2380 2429 1181 0
1182 2380 2429 1181 1200 2381 2430 1199 0
1200 2381 2430 1199 1218 2382 2431 1217 0
1218 2382 2431 1217 199 983 990 198 0
948 949 942 941 2376 2383 2432 2425 0
2376 2383 2432 2425 2377 2384 2433 2426 0
2377 2384 2433 2426 2378 2385 2434 2427 0
2378 2385 2434 2427 2379 2386 2435 2428 0
2379 2386 2435 2428 2380 2387 2436 2429 0
2380 2387 2436 2429 2381 2388 2437 2430 0
2381 2388 2437 2430 2382 2389 2438 2431 0
2382 2389 2438 2431 983 984 991 990 0
949 950 943 942 2383 2390 2439 2432 0
2383 2390 2439 2432 2384 2391 2440 2433 0
2384 2391 2440 2433 2385 2392 2441 2434 0
2385 2392 2441 2434 2386 2393 2442 2435 0
2386 2393 2442 2435 2387 2394 2443 2436 0
2387 2394 2443 2436 2388 2395 2444 2437 0
2388 2395 2444 2437 2389 2396 2445 2438 0
2389 2396 2445 2438 984 985 992 991 0
950 951 944 943 2390 2397 2446 2439 0
2390 2397 2446 2439 2391 2398 2447 2440 0
2391 2398 2447 2440 2392 2399 2448 2441 0
2392 2399 2448 2441 2393 2400 2449 2442 0
2393 2400 2449 2442 2394 2401 2450 2443 0
2394 2401 2450 2443 2395 2402 2451 2444 0
2395 2402 2451 2444 2396 2403 2452 2445 0
2396 2403 2452 2445 985 986 993 992 0
951 952 945 944 2397 2404 2453 2446 0
2397 2404 2453 2446 2398 2405 2454 2447 0
2398 2405 2454 2447 2399 2406 2455 2448 0
2399 2406 2455 2448 2400 2407 2456 2449 0
2400 2407 2456 2449 2401 2408 2457 2450 0
2401 2408 2457 2450 2402 2409 2458 2451 0
2402 2409 2458 2451 2403 2410 2459 2452 0
2403 2410 2459 2452 986 987 994 993 0
952 953 946 945 2404 2411 2460 2453 0
2404 2411 2460 2453 2405 2412 2461 2454 0
2405 2412 2461 2454 2406 2413 2462 2455 0
2406 2413 2462 2455 2407 2414 2463 2456 0
2407 2414 2463 2456 2408 2415 2464 2457 0
2408 2415 2464 2457 2409 2416 2465 2458 0
2409 2416 2465 2458 2410 2417 2466 2459 0
2410 2417 2466 2459 987 988 995 994 0
953 954 947 946 2411 2418 2467 2460 0
2411 2418 2467 2460 2412 2419 2468 2461 0
2412 2419 2468 2461 2413 2420 2469 2462 0
2413 2420 2469 2462 2414 2421 2470 2463 0
2414 2421 2470 2463 2415 2422 2471 2464 0
2415 2422 2471 2464 2416 2423 2472 2465 0
2416 2423 2472 2465 2417 2424 2473 2466 0
2417 2424 2473 2466 988 989 996 995 0
954 181 180 947 2418 1344 1343 2467 0
2418 1344 1343 2467 2419 1326 1325 2468 0
2419 1326 1325 2468 2420 1308 1307 2469 0
2420 1308 1307 2469 2421 1290 1289 2470 0
2421 1290 1289 2470 2422 1272 1271 2471 0
2422 1272 1271 2471 2423 1254 1253 2472 0
2423 1254 1253 2472 2424 1236 1235 2473 0
2424 1236 1235 2473 989 224 223 996 0
155 941 934 154 1109 2425 2474 1108 0
1109 2425 2474 1108 1127 2426 2475 1126 0
1127 2426 2475 1126 1145 2427 2476 1144 0
1145 2427 2476 1144 1163 2428 2477 1162 0
1163 2428 2477 1162 1181 2429 2478 1180 0
1181 2429 2478 1180 1199 2430 2479 1198 0
1199 2430 2479 1198 1217 2431 2480 1216 0
1217 2431 2480 1216 198 990 997 197 0
941 942 935 934 2425 2432 2481 2474 0
2425 2432 2481 2474 2426 2433 2482 2475 0
2426 2433 2482 2475 2427 2434 2483 2476 0
2427 2434 2483 2476 2428 2435 2484 2477 0
2428 2435 2484 2477 2429 2436 2485 2478 0
2429 2436 2485 2478 2430 2437 2486 2479 0
2430 2437 2486 2479 2431 2438 2487 2480 0
2431 2438 2487 2480 990 991 998 997 0
942 943 936 935 2432 2439 2488 2481 0
2432 2439 2488 2481 2433 2440 2489 2482 0
2433 2440 2489 2482 2434 2441 2490 2483 0
2434 2441 2490 2483 2435 2442 2491 2484 0
2435 2442 2491 2484 2436 2443 2492 2485 0
2436 2443 2492 2485 2437 2444 2493 2486 0
2437 2444 2493 2486 2438 2445 2494 2487 0
2438 2445 2494 2487 991 992 999 998 0
943 944 937 936 2439 2446 2495 2488 0
2439 2446 2495 2488 2440 2447 2496 2489 0
2440 2447 2496 2489 2441 2448 2497 2490 0
2441 2448 2497 2490 2442 2449 2498 2491 0
2442 2449 2498 2491 2443 2450 2499 2492 0
2443 2450 2499 2492 2444 2451 2500 2493 0
2444 2451 2500 2493 2445 2452 2501 2494 0
2445 2452 2501 2494 992 993 1000 999 0
944 945 938 937 2446 2453 2502 2495 0
2446 2453 2502 2495 2447 2454 2503 2496 0
2447 2454 2503 2496 2448 2455 2504 2497 0
2448 2455 2504 2497 2449 2456 2505 2498 0
2449 2456 2505 2498 2450 2457 2506 2499 0
2450 2457 2506 2499 2451 2458 2507 2500 0
2451 2458 2507 2500 2452 2459 2508 2501 0
2452 2459 2508 2501 993 994 1001 1000 0
945 946 939 938 2453 2460 2509 2502 0
2453 2460 2509 2502 2454 2461 2510 2503 0
2454 2461 2510 2503 2455 2462 2511 2504 0
2455 2462 2511 2504 2456 2463 2512 2505 0
2456 2463 2512 2505 2457 2464 2513 2506 0
2457 2464 2513 2506 2458 2465 2514 2507 0
2458 2465 2514 2507 2459 2466 2515 2508 0
2459 2466 2515 2508 994 995 1002 1001 0
946 947 940 939 2460 2467 2516 2509 0
2460 2467 2516 2509 2461 2468 2517 2510 0
2461 2468 2517 2510 2462 2469 2518 2511 0
2462 2469 2518 2511 2463 2470 2519 2512 0
2463 2470 2519 2512 2464 2471 2520 2513 0
2464 2471 2520 2513 2465 2472 2521 2514 0
2465 2472 2521 2514 2466 2473 2522 2515 0
2466 2473 2522 2515 995 996 1003 1002 0
947 180 179 940 2467 1343 1342 2516 0
2467 1343 1342 2516 2468 1325 1324 2517 0
2468 1325 1324 2517 2469 1307 1306 2518 0
2469 1307 1306 2518 2470 1289 1288 2519 0
2470 1289 1288 2519 2471 1271 1270 2520 0
2471 1271 1270 2520 2472 1253 1252 2521 0
2472 1253 1252 2521 2473 1235 1234 2522 0
2473 1235 1234 2522 996 223 222 1003 0
154 934 927 153 1108 2474 2523 1107 0
1108 2474 2523 1107 1126 2475 2524 1125 0
1126 2475 2524 1125 1144 2476 2525 1143 0
1144 2476 2525 1143 1162 2477 2526 1161 0
1162 2477 2526 1161 1180 2478 2527 1179 0
1180 2478 2527 1179 1198 2479 2528 1197 0
1198 2479 2528 1197 1216 2480 2529 1215 0
1216 2480 2529 1215 197 997 1004 196 0
934 935 928 927 2474 2481 2530 2523 0
2474 2481 2530 2523 2475 2482 2531 2524 0
2475 2482 2531 2524 2476 2483 2532 2525 0
2476 2483 2532 2525 2477 2484 2533 2526 0
2477 2484 2533 2526 2478 2485 2534 2527 0
2478 2485 2534 2527 2479 2486 2535 2528 0
2479 2486 2535 2528 2480 2487 2536 2529 0
2480 2487 2536 2529 997 998 1005 1004 0
935 936 929 928 2481 2488 2537 2530 0
2481 2488 2537 2530 2482 2489 2538 2531 0
2482 2489 2538 2531 2483 2490 2539 2532 0
2483 2490 2539 2532 2484 2491 2540 2533 0
2484 2491 2540 2533 2485 2492 2541 2534 0
2485 2492 2541 2534 2486 2493 2542 2535 0
2486 2493 2542 2535 2487 2494 2543 2536 0
2487 2494 2543 2536 998 999 1006 1005 0
936 937 930 929 2488 2495 2544 2537 0
2488 2495 2544 2537 2489 2496 2545 2538 0
2489 2496 2545 2538 2490 2497 2546 2539 0
2490 2497 2546 2539 2491 2498 2547 2540 0
2491 2498 2547 2540 2492 2499 2548 2541 0
2492 2499 2548 2541 2493 2500 2549 2542 0
2493 2500 2549 2542 2494 2501 2550 2543 0
2494 2501 2550 2543 999 1000 1007 1006 0
937 938 931 930 2495 2502 2551 2544 0
2495 2502 2551 2544 2496 2503 2552 2545 0
2496 2503 2552 2545 2497 2504 2553 2546 0
2497 2504 2553 2546 2498 2505 2554 2547 0
2498 2505 2554 2547 2499 2506 2555 2548 0
2499 2506 2555 2548 2500 2507 2556 2549 0
2500 2507 2556 2549 2501 2508 2557 2550 0
2501 2508 2557 2550 1000 1001 1008 1007 0
938 939 932 931 2502 2509 2558 2551 0
2502 2509 2558 2551 2503 2510 2559 2552 0
2503 2510 2559 2552 2504 2511 2560 2553 0
2504 2511 2560 2553 2505 2512 2561 2554 0
2505 2512 2561 2554 2506 2513 2562 2555 0
2506 2513 2562 2555 2507 2514 2563 2556 0
2507 2514 2563 2556 2508 2515 2564 2557 0
2508 2515 2564 2557 1001 1002 1009 1008 0
939 940 933 932 2509 2516 2565 2558 0
2509 2516 2565 2558 2510 2517 2566 2559 0
2510 2517 2566 2559 2511 2518 2567 2560 0
2511 2518 2567 2560 2512 2519 2568 2561 0
2512 2519 2568 2561 2513 2520 2569 2562 0
2513 2520 2569 2562 2514 2521 2570 2563 0
2514 2521 2570 2563 2515 2522 2571 2564 0
2515 2522 2571 2564 1002 1003 1010 1009 0
940 179 178 933 2516 1342 1341 2565 0
2516 1342 1341 2565 2517 1324 1323 2566 0
2517 1324 1323 2566 2518 1306 1305 2567 0
2518 1306 1305 2567 2519 1288 1287 2568 0
2519 1288 1287 2568 2520 1270 1269 2569 0
2520 1270 1269 2569 2521 1252 1251 2570 0
2521 1252 1251 2570 2522 1234 1233 2571 0
2522 1234 1233 2571 1003 222 221 1010 0
153 927 920 152 1107 2523 2572 1106 0
1107 2523 2572 1106 1125 2524 2573 1124 0
1125 2524 2573 1124 1143 2525 2574 1142 0
1143 2525 2574 1142 1161 2526 2575 1160 0
1161 2526 2575 1160 1179 2527 2576 1178 0
1179 2527 2576 1178 1197 2528 2577 1196 0
1197 2528 2577 1196 1215 2529 2578 1214 0
1215 2529 2578 1214 196 1004 1011 195 0
927 928 921 920 2523 2530 2579 2572 0
2523 2530 2579 2572 2524 2531 2580 2573 0
2524 2531 2580 2573 2525 2532 2581 2574 0
2525 2532 2581 2574 2526 2533 2582 2575 0
2526 2533 2582 2575 2527 2534 2583 2576 0
2527 2534 2583 2576 2528 2535 2584 2577 0
2528 2535 2584 2577 2529 2536 2585 2578 0
2529 2536 2585 2578 1004 1005 1012 1011 0
928 929 922 921 2530 2537 2586 2579 0
2530 2537 2586 2579 2531 2538 2587 2580 0
2531 2538 2587 2580 2532 2539 2588 2581 0
2532 2539 2588 2581 2533 2540 2589 2582 0
2533 2540 2589 2582 2534 2541 2590 2583 0
2534 2541 2590 2583 2535 2542 2591 2584 0
2535 2542 2591 2584 2536 2543 2592 2585 0
2536 2543 2592 2585 1005 1006 1013 1012 0
929 930 923 922 2537 2544 2593 2586 0
2537 2544 2593 2586 2538 2545 2594 2587 0
2538 2545 2594 2587 2539 2546 2595 2588 0
2539 2546 2595 2588 2540 2547 2596 2589 0
2540 2547 2596 2589 2541 2548 2597 2590 0
2541 2548 2597 2590 2542 2549 2598 2591 0
2542 2549 2598 2591 2543 2550 2599 2592 0
2543 2550 2599 2592 1006 1007 1014 1013 0
930 931 924 923 2544 2551 2600 2593 0
2544 2551 2600 2593 2545 2552 2601 2594 0
2545 2552 2601 2594 2546 2553 2602 2595 0
2546 2553 2602 2595 2547 2554 2603 2596 0
2547 2554 2603 2596 2548 2555 2604 2597 0
2548 2555 2604 2597 2549 2556 2605 2598 0
2549 2556 2605 2598 2550 2557 2606 2599 0
2550 2557 2606 2599 1007 1008 1015 1014 0
931 932 925 924 2551 2558 2607 2600 0
2551 2558 2607 2600 2552 2559 2608 2601 0
2552 2559 2608 2601 2553 2560 2609 2602 0
2553 2560 2609 2602 2554 2561 2610 2603 0
2554 2561 2610 2603 2555 2562 2611 2604 0
2555 2562 2611 2604 2556 2563 2612 2605 0
2556 2563 2612 2605 2557 2564 2613 2606 0
2557 2564 2613 2606 1008 1009 1016 1015 0
932 933 926 925 2558 2565 2614 2607 0
2558 2565 2614 2607 2559 2566 2615 2608 0
2559 2566 2615 2608 2560 2567 2616 2609 0
2560 2567 2616 2609 2561 2568 2617 2610 0
2561 2568 2617 2610 2562 2569 2618 2611 0
2562 2569 2618 2611 2563 2570 2619 2612 0
2563 2570 2619 2612 2564 2571 2620 2613 0
2564 2571 2620 2613 1009 1010 1017 1016 0
933 178 177 926 2565 1341 1340 2614 0
2565 1341 1340 2614 2566 1323 1322 2615 0
2566 1323 1322 2615 2567 1305 1304 2616 0
2567 1305 1304 2616 2568 1287 1286 2617 0
2568 1287 1286 2617 2569 1269 1268 2618 0
2569 1269 1268 2618 2570 1251 1250 2619 0
2570 1251 1250 2619 2571 1233 1232 2620 0
2571 1233 1232 2620 1010 221 220 1017 0
152 920 913 151 1106 2572 2621 1105 0
1106 2572 2621 1105 1124 2573 2622 1123 0
1124 2573 2622 1123 1142 2574 2623 1141 0
1142 2574 2623 1141 1160 2575 2624 1159 0
1160 2575 2624 1159 1178 2576 2625 1177 0
1178 2576 2625 1177 1196 2577 2626 1195 0
1196 2577 2626 1195 1214 2578 2627 1213 0
1214 2578 2627 1213 195 1011 1018 194 0
920 921 914 913 2572 2579 2628 2621 0
2572 2579 2628 2621 2573 2580 2629 2622 0
2573 2580 2629 2622 2574 2581 2630 2623 0
2574 2581 2630 2623 2575 2582 2631 2624 0
2575 2582 2631 2624 2576 2583 2632 2625 0
2576 2583 2632 2625 2577 2584 2633 2626 0
2577 2584 2633 2626 2578 2585 2634 2627 0
2578 2585 2634 2627 1011 1012 1019 1018 0
921 922 915 914 2579 2586 2635 2628 0
2579 2586 2635 2628 2580 2587 2636 2629 0
2580 2587 2636 2629 2581 2588 2637 2630 0
2581 2588 2637 2630 2582 2589 2638 2631 0
2582 2589 2638 2631 2583 2590 2639 2632 0
2583 2590 2639 2632 2584 2591 2640 2633 0
2584 2591 2640 2633 2585 2592 2641 2634 0
2585 2592 2641 2634 1012 1013 1020 1019 0
922 923 916 915 2586 2593 2642 2635 0
2586 2593 2642 2635 2587 2594 2643 2636 0
2587 2594 2643 2636 2588 2595 2644 2637 0
2588 2595 2644 2637 2589 2596 2645 2638 0
2589 2596 2645 2638 2590 2597 2646 2639 0
2590 2597 2646 2639 2591 2598 2647 2640 0
2591 2598 2647 2640 2592 2599 2648 2641 0
2592 2599 2648 2641 1013 1014 1021 1020 0
923 924 917 916 2593 2600 2649 2642 0
2593 2600 2649 2642 2594 2601 2650 2643 0
2594 2601 2650 2643 2595 2602 2651 2644 0
2595 2602 2651 2644 2596 2603 2652 2645 0
2596 2603 2652 2645 2597 2604 2653 2646 0
2597 2604 2653 2646 2598 2605 2654 2647 0
2598 2605 2654 2647 2599 2606 2655 2648 0
2599 2606 2655 2648 1014 1015 1022 1021 0
924 925 918 917 2600 2607 2656 2649 0
2600 2607 2656 2649 2601 2608 2657 2650 0
2601 2608 2657 2650 2602 2609 2658 2651 0
2602 2609 2658 2651 2603 2610 2659 2652 0
2603 2610 2659 2652 2604 2611 2660 2653 0
2604 2611 2660 2653 2605 2612 2661 2654 0
2605 2612 2661 2654 2606 2613 2662 2655 0
2606 2613 2662 2655 1015 1016 1023 1022 0
925 926 919 918 2607 2614 2663 2656 0
2607 2614 2663 2656 2608 2615 2664 2657 0
2608 2615 2664 2657 2609 2616 2665 2658 0
2609 2616 2665 2658 2610 2617 2666 2659 0
2610 2617 2666 2659 2611 2618 2667 2660 0
2611 2618 2667 2660 2612 2619 2668 2661 0
2612 2619 2668 2661 2613 2620 2669 2662 0
2613 2620 2669 2662 1016 1017 1024 1023 0
926 177 176 919 2614 1340 1339 2663 0
2614 1340 1339 2663 2615 1322 1321 2664 0
2615 1322 1321 2664 2616 1304 1303 2665 0
2616 1304 1303 2665 2617 1286 1285 2666 0
2617 1286 1285 2666 2618 1268 1267 2667 0
2618 1268 1267 2667 2619 1250 1249 2668 0
2619 1250 1249 2668 2620 1232 1231 2669 0
2620 1232 1231 2669 1017 220 219 1024 0
151 913 906 150 1105 2621 2670 1104 0
1105 2621 2670 1104 1123 2622 2671 1122 0
1123 2622 2671 1122 1141 2623 2672 1140 0
1141 2623 2672 1140 1159 2624 2673 1158 0
1159 2624 2673 1158 1177 2625 2674 1176 0
1177 2625 2674 1176 1195 2626 2675 1194 0
1195 2626 2675 1194 1213 2627 2676 1212 0
1213 2627 2676 1212 194 1018 1025 193 0
913 914 907 906 2621 2628 2677 2670 0
2621 2628 2677 2670 2622 2629 2678 2671 0
2622 2629 2678 2671 2623 2630 2679 2672 0
2623 2630 2679 2672 2624 2631 2680 2673 0
2624 2631 2680 2673 2625 2632 2681 2674 0
2625 2632 2681 2674 2626 2633 2682 2675 0
2626 2633 2682 2675 2627 2634 2683 2676 0
2627 2634 2683 2676 1018 1019 1026 1025 0
914 915 908 907 2628 2635 2684 2677 0
2628 2635 2684 2677 2629 2636 2685 2678 0
2629 2636 2685 2678 2630 2637 2686 2679 0
2630 2637 2686 2679 2631 2638 2687 2680 0
2631 2638 2687 2680 2632 2639 2688 2681 0
2632 2639 2688 2681 2633 2640 2689 2682 0
2633 2640 2689 2682 2634 2641 2690 2683 0
2634 2641 2690 2683 1019 1020 1027 1026 0
915 916 909 908 2635 2642 2691 2684 0
2635 2642 2691 2684 2636 2643 2692 2685 0
2636 2643 2692 2685 2637 2644 2693 2686 0
2637 2644 2693 2686 2638 2645 2694 2687 0
2638 2645 2694 2687 2639 2646 2695 2688 0
2639 2646 2695 2688 2640 2647 2696 2689 0
2640 2647 2696 2689 2641 2648 2697 2690 0
2641 2648 2697 2690 1020 1021 1028 1027 0
916 917 910 909 2642 2649 2698 2691 0
2642 2649 2698 2691 2643 2650 2699 2692 0
2643 2650 2699 2692 2644 2651 2700 2693 0
2644 2651 2700 2693 2645 2652 2701 2694 0
2645 2652 2701 2694 2646 2653 2702 2695 0
2646 2653 2702 2695 2647 2654 2703 2696 0
2647 2654 2703 2696 2648 2655 2704 2697 0
2648 2655 2704 2697 1021 1022 1029 1028 0
917 918 911 910 2649 2656 2705 2698 0
2649 2656 2705 2698 2650 2657 2706 2699 0
2650 2657 2706 2699 2651 2658 2707 2700 0
2651 2658 2707 2700 2652 2659 2708 2701 0
2652 2659 2708 2701 2653 2660 2709 2702 0
2653 2660 2709 2702 2654 2661 2710 2703 0
2654 2661 2710 2703 2655 2662 2711 2704 0
2655 2662 2711 2704 1022 1023 1030 1029 0
918 919 912 911 2656 2663 2712 2705 0
2656 2663 2712 2705 2657 2664 2713 2706 0
2657 2664 2713 2706 2658 2665 2714 2707 0
2658 2665 2714 2707 2659 2666 2715 2708 0
2659 2666 2715 2708 2660 2667 2716 2709 0
2660 2667 2716 2709 2661 2668 2717 2710 0
2661 2668 2717 2710 2662 2669 2718 2711 0
2662 2669 2718 2711 1023 1024 1031 1030 0
919 176 175 912 2663 1339 1338 2712 0
2663 1339 1338 2712 2664 1321 1320 2713 0
2664 1321 1320 2713 2665 1303 1302 2714 0
2665 1303 1302 2714 2666 1285 1284 2715 0
2666 1285 1284 2715 2667 1267 1266 2716 0
2667 1267 1266 2716 2668 1249 1248 2717 0
2668 1249 1248 2717 2669 1231 1230 2718 0
2669 1231 1230 2718 1024 219 218 1031 0
150 906 899 149 1104 2670 2719 1103 0
1104 2670 2719 1103 1122 2671 2720 1121 0
1122 2671 2720 1121 1140 2672 2721 1139 0
1140 2672 2721 1139 1158 2673 2722 1157 0
1158 2673 2722 1157 1176 2674 2723 1175 0
1176 2674 2723 1175 1194 2675 2724 1193 0
1194 2675 2724 1193 1212 2676 2725 1211 0
1212 2676 2725 1211 193 1025 1032 192 0
906 907 900 899 2670 2677 2726 2719 0
2670 2677 2726 2719 2671 2678 2727 2720 0
2671 2678 2727 2720 2672 2679 2728 2721 0
2672 2679 2728 2721 2673 2680 2729 2722 0
2673 2680 2729 2722 2674 2681 2730 2723 0
2674 2681 2730 2723 2675 2682 2731 2724 0
2675 2682 2731 2724 2676 2683 2732 2725 0
2676 2683 2732 2725 1025 1026 1033 1032 0
907 908 901 900 2677 2684 2733 2726 0
2677 2684 2733 2726 2678 2685 2734 2727 0
2678 2685 2734 2727 2679 2686 2735 2728 0
2679 2686 2735 2728 2680 2687 2736 2729 0
2680 2687 2736 2729 2681 2688 2737 2730 0
2681 2688 2737 2730 2682 2689 2738 2731 0
2682 2689 2738 2731 2683 2690 2739 2732 0
2683 2690 2739 2732 1026 1027 1034 1033 0
908 909 902 901 2684 2691 2740 2733 0
2684 2691 2740 2733 2685 2692 2741 2734 0
2685 2692 2741 2734 2686 2693 2742 2735 0
2686 2693 2742 2735 2687 2694 2743 2736 0
2687 2694 2743 2736 2688 2695 2744 2737 0
2688 2695 2744 2737 2689 2696 2745 2738 0
2689 2696 2745 2738 2690 2697 2746 2739 0
2690 2697 2746 2739 1027 1028 1035 1034 0
909 910 903 902 2691 2698 2747 2740 0
2691 2698 2747 2740 2692 2699 2748 2741 0
2692 2699 2748 2741 2693 2700 2749 2742 0
2693 2700 2749 2742 2694 2701 2750 2743 0
2694 2701 2750 2743 2695 2702 2751 2744 0
2695 2702 2751 2744 2696 2703 2752 2745 0
2696 2703 2752 2745 2697 2704 2753 2746 0
2697 2704 2753 2746 1028 1029 1036 1035 0
910 911 904 903 2698 2705 2754 2747 0
2698 2705 2754 2747 2699 2706 2755 2748 0
2699 2706 2755 2748 2700 2707 2756 2749 0
2700 2707 2756 2749 2701 2708 2757 2750 0
2701 2708 2757 2750 2702 2709 2758 2751 0
2702 2709 2758 2751 2703 2710 2759 2752 0
2703 2710 2759 2752 2704 2711 2760 2753 0
2704 2711 2760 2753 1029 1030 1037 1036 0
911 912 905 904 2705 2712 2761 2754 0
2705 2712 2761 2754 2706 2713 2762 2755 0
2706 2713 2762 2755 2707 2714 2763 2756 0
2707 2714 2763 2756 2708 2715 2764 2757 0
2708 2715 2764 2757 2709 2716 2765 2758 0
2709 2716 2765 2758 2710 2717 2766 2759 0
2710 2717 2766 2759 2711 2718 2767 2760 0
2711 2718 2767 2760 1030 1031 1038 1037 0
912 175 174 905 2712 1338 1337 2761 0
2712 1338 1337 2761 2713 1320 1319 2762 0
2713 1320 1319 2762 2714 1302 1301 2763 0
2714 1302 1301 2763 2715 1284 1283 2764 0
2715 1284 1283 2764 2716 1266 1265 2765 0
2716 1266 1265 2765 2717 1248 1247 2766 0
2717 1248 1247 2766 2718 1230 1229 2767 0
2718 1230 1229 2767 1031 218 217 1038 0
149 899 892 148 1103 2719 2768 1102 0
1103 2719 2768 1102 1121 2720 2769 1120 0
1121 2720 2769 1120 1139 2721 2770 1138 0
1139 2721 2770 1138 1157 2722 2771 1156 0
1157 2722 2771 1156 1175 2723 2772 1174 0
1175 2723 2772 1174 1193 2724 2773 1192 0
1193 2724 2773 1192 1211 2725 2774 1210 0
1211 2725 2774 1210 192 1032 1039 191 0
899 900 893 892 2719 2726 2775 2768 0
2719 2726 2775 2768 2720 2727 2776 2769 0
2720 2727 2776 2769 2721 2728 2777 2770 0
2721 2728 2777 2770 2722 2729 2778 2771 0
2722 2729 2778 2771 2723 2730 2779 2772 0
2723 2730 2779 2772 2724 2731 2780 2773 0
2724 2731 2780 2773 2725 2732 2781 2774 0
2725 2732 2781 2774 1032 1033 1040 1039 0
900 901 894 893 2726 2733 2782 2775 0
2726 2733 2782 2775 2727 2734 2783 2776 0
2727 2734 2783 2776 2728 2735 2784 2777 0
2728 2735 2784 2777 2729 2736 2785 2778 0
2729 2736 2785 2778 2730 2737 2786 2779 0
2730 2737 2786 2779 2731 2738 2787 2780 0
2731 2738 2787 2780 2732 2739 2788 2781 0
2732 2739 2788 2781 1033 1034 1041 1040 0
901 902 895 894 2733 2740 2789 2782 0
2733 2740 2789 2782 2734 2741 2790 2783 0
2734 2741 2790 2783 2735 2742 2791 2784 0
2735 2742 2791 2784 2736 2743 2792 2785 0
2736 2743 2792 2785 2737 2744 2793 2786 0
2737 2744 2793 2786 2738 2745 2794 2787 0
2738 2745 2794 2787 2739 2746 2795 2788 0
2739 2746 2795 2788 1034 1035 1042 1041 0
902 903 896 895 2740 2747 2796 2789 0
2740 2747 2796 2789 2741 2748 2797 2790 0
2741 2748 2797 2790 2742 2749 2798 2791 0
2742 2749 2798 2791 2743 2750 2799 2792 0
2743 2750 2799 2792 2744 2751 2800 2793 0
2744 2751 2800 2793 2745 2752 2801 2794 0
2745 2752 2801 2794 2746 2753 2802 2795 0
2746 2753 2802 2795 1035 1036 1043 1042 0
903 904 897 896 2747 2754 2803 2796 0
2747 2754 2803 2796 2748 2755 2804 2797 0
2748 2755 2804 2797 2749 2756 2805 2798 0
2749 2756 2805 2798 2750 2757 2806 2799 0
2750 2757 2806 2799 2751 2758 2807 2800 0
2751 2758 2807 2800 2752 2759 2808 2801 0
2752 2759 2808 2801 2753 2760 2809 2802 0
2753 2760 2809 2802 1036 1037 1044 1043 0
904 905 898 897 2754 2761 2810 2803 0
2754 2761 2810 2803 2755 2762 2811 2804 0
2755 2762 2811 2804 2756 2763 2812 2805 0
2756 2763 2812 2805 2757 2764 2813 2806 0
2757 2764 2813 2806 2758 2765 2814 2807 0
2758 2765 2814 2807 2759 2766 2815 2808 0
2759 2766 2815 2808 2760 2767 2816 2809 0
2760 2767 2816 2809 1037 1038 1045 1044 0
905 174 173 898 2761 1337 1336 2810 0
2761 1337 1336 2810 2762 1319 1318 2811 0
2762 1319 1318 2811 2763 1301 1300 2812 0
2763 1301 1300 2812 2764 1283 1282 2813 0
2764 1283 1282 2813 2765 1265 1264 2814 0
2765 1265 1264 2814 2766 1247 1246 2815 0
2766 1247 1246 2815 2767 1229 1228 2816 0
2767 1229 1228 2816 1038 217 216 1045 0
148 892 885 147 1102 2768 2817 1101 0
1102 2768 2817 1101 1120 2769 2818 1119 0
1120 2769 2818 1119 1138 2770 2819 1137 0
1138 2770 2819 1137 1156 2771 2820 1155 0
1156 2771 2820 1155 1174 2772 2821 1173 0
1174 2772 2821 1173 1192 2773 2822 1191 0
1192 2773 2822 1191 1210 2774 2823 1209 0
1210 2774 2823 1209 191 1039 1046 190 0
892 893 886 885 2768 2775 2824 2817 0
2768 2775 2824 2817 2769 2776 2825 2818 0
2769 2776 2825 2818 2770 2777 2826 2819 0
2770 2777 2826 2819 2771 2778 2827 2820 0
2771 2778 2827 2820 2772 2779 2828 2821 0
2772 2779 2828 2821 2773 2780 2829 2822 0
2773 2780 2829 2822 2774 2781 2830 2823 0
2774 2781 2830 2823 1039 1040 1047 1046 0
893 894 887 886 2775 2782 2831 2824 0
2775 2782 2831 2824 2776 2783 2832 2825 0
2776 2783 2832 2825 2777 2784 2833 2826 0
2777 2784 2833 2826 2778 2785 2834 2827 0
2778 2785 2834 2827 2779 2786 2835 2828 0
2779 2786 2835 2828 2780 2787 2836 2829 0
2780 2787 2836 2829 2781 2788 2837 2830 0
2781 2788 2837 2830 1040 1041 1048 1047 0
894 895 888 887 2782 2789 2838 2831 0
2782 2789 2838 2831 2783 2790 2839 2832 0
2783 2790 2839 2832 2784 2791 2840 2833 0
2784 2791 2840 2833 2785 2792 2841 2834 0
2785 2792 2841 2834 2786 2793 2842 2835 0
2786 2793 2842 2835 2787 2794 2843 2836 0
2787 2794 2843 2836 2788 2795 2844 2837 0
2788 2795 2844 2837 1041 1042 1049 1048 0
895 896 889 888 2789 2796 2845 2838 0
2789 2796 2845 2838 2790 2797 2846 2839 0
2790 2797 2846 2839 2791 2798 2847 2840 0
2791 2798 2847 2840 2792 2799 2848 2841 0
2792 2799 2848 2841 2793 2800 2849 2842 0
2793 2800 2849 2842 2794 2801 2850 2843 0
2794 2801 2850 2843 2795 2802 2851 2844 0
2795 2802 2851 2844 1042 1043 1050 1049 0
896 897 890 889 2796 2803 2852 2845 0
2796 2803 2852 2845 2797 2804 2853 2846 0
2797 2804 2853 2846 2798 2805 2854 2847 0
2798 2805 2854 2847 2799 2806 2855 2848 0
2799 2806 2855 2848 2800 2807 2856 2849 0
2800 2807 2856 2849 2801 2808 2857 2850 0
2801 2808 2857 2850 2802 2809 2858 2851 0
2802 2809 2858 2851 1043 1044 1051 1050 0
897 898 891 890 2803 2810 2859 2852 0
2803 2810 2859 2852 2804 2811 2860 2853 0
2804 2811 2860 2853 2805 2812 2861 2854 0
2805 2812 2861 2854 2806 2813 2862 2855 0
2806 2813 2862 2855 2807 2814 2863 2856 0
2807 2814 2863 2856 2808 2815 2864 2857 0
2808 2815 2864 2857 2809 2816 2865 2858 0
2809 2816 2865 2858 1044 1045 1052 1051 0
898 173 172 891 2810 1336 1335 2859 0
2810 1336 1335 2859 2811 1318 1317 2860 0
2811 1318 1317 2860 2812 1300 1299 2861 0
2812 1300 1299 2861 2813 1282 1281 2862 0
2813 1282 1281 2862 2814 1264 1263 2863 0
2814 1264 1263 2863 2815 1246 1245 2864 0
2815 1246 1245 2864 2816 1228 1227 2865 0
2816 1228 1227 2865 1045 216 215 1052 0
147 885 878 146 1101 2817 2866 1100 0
1101 2817 2866 1100 1119 2818 2867 1118 0
1119 2818 2867 1118 1137 2819 2868 1136 0
1137 2819 2868 1136 1155 2820 2869 1154 0
1155 2820 2869 1154 1173 2821 2870 1172 0
1173 2821 2870 1172 1191 2822 2871 1190 0
1191 2822 2871 1190 1209 2823 2872 1208 0
1209 2823 2872 1208 190 1046 1053 189 0
885 886 879 878 2817 2824 2873 2866 0
2817 2824 2873 2866 2818 2825 2874 2867 0
2818 2825 2874 2867 2819 2826 2875 2868 0
2819 2826 2875 2868 2820 2827 2876 2869 0
2820 2827 2876 2869 2821 2828 2877 2870 0
2821 2828 2877 2870 2822 2829 2878 2871 0
2822 2829 2878 2871 2823 2830 2879 2872 0
2823 2830 2879 2872 1046 1047 1054 1053 0
886 887 880 879 2824 2831 2880 2873 0
2824 2831 2880 2873 2825 2832 2881 2874 0
2825 2832 2881 2874 2826 2833 2882 2875 0
2826 2833 2882 2875 2827 2834 2883 2876 0
2827 2834 2883 2876 2828 2835 2884 2877 0
2828 2835 2884 2877 2829 2836 2885 2878 0
2829 2836 2885 2878 2830 2837 2886 2879 0
2830 2837 2886 2879 1047 1048 1055 1054 0
887 888 881 880 2831 2838 2887 2880 0
2831 2838 2887 2880 2832 2839 2888 2881 0
2832 2839 2888 2881 2833 2840 2889 2882 0
2833 2840 2889 2882 2834 2841 2890 2883 0
2834 2841 2890 2883 2835 2842 2891 2884 0
2835 2842 2891 2884 2836 2843 2892 2885 0
2836 2843 2892 2885 2837 2844 2893 2886 0
2837 2844 2893 2886 1048 1049 1056 1055 0
888 889 882 881 2838 2845 2894 2887 0
2838 2845 2894 2887 2839 2846 2895 2888 0
2839 2846 2895 2888 2840 2847 2896 2889 0
2840 2847 2896 2889 2841 2848 2897 2890 0
2841 2848 2897 2890 2842 2849 2898 2891 0
2842 2849 2898 2891 2843 2850 2899 2892 0
2843 2850 2899 2892 2844 2851 2900 2893 0
2844 2851 2900 2893 1049 1050 1057 1056 0
889 890 883 882 2845 2852 2901 2894 0
2845 2852 2901 2894 2846 2853 2902 2895 0
2846 2853 2902 2895 2847 2854 2903 2896 0
2847 2854 2903 2896 2848 2855 2904 2897 0
2848 2855 2904 2897 2849 2856 2905 2898 0
2849 2856 2905 2898 2850 2857 2906 2899 0
2850 2857 2906 2899 2851 2858 2907 2900 0
2851 2858 2907 2900 1050 1051 1058 1057 0
890 891 884 883 2852 2859 2908 2901 0
2852 2859 2908 2901 2853 2860 2909 2902 0
2853 2860 2909 2902 2854 2861 2910 2903 0
2854 2861 2910 2903 2855 2862 2911 2904 0
2855 2862 2911 2904 2856 2863 2912 2905 0
2856 2863 2912 2905 2857 2864 2913 2906 0
2857 2864 2913 2906 2858 2865 2914 2907 0
2858 2865 2914 2907 1051 1052 1059 1058 0
891 172 171 884 2859 1335 1334 2908 0
2859 1335 1334 2908 2860 1317 1316 2909 0
2860 1317 1316 2909 2861 1299 1298 2910 0
2861 1299 1298 2910 2862 1281 1280 2911 0
2862 1281 1280 2911 2863 1263 1262 2912 0
2863 1263 1262 2912 2864 1245 1244 2913 0
2864 1245 1244 2913 2865 1227 1226 2914 0
2865 1227 1226 2914 1052 215 214 1059 0
146 878 871 145 1100 2866 2915 1099 0
1100 2866 2915 1099 1118 2867 2916 1117 0
1118 2867 2916 1117 1136 2868 2917 1135 0
1136 2868 2917 1135 1154 2869 2918 1153 0
1154 2869 2918 1153 1172 2870 2919 1171 0
1172 2870 2919 1171 1190 2871 2920 1189 0
1190 2871 2920 1189 1208 2872 2921 1207 0
1208 2872 2921 1207 189 1053 1060 188 0
878 879 872 871 2866 2873 2922 2915 0
2866 2873 2922 2915 2867 2874 2923 2916 0
2867 2874 2923 2916 2868 2875 2924 2917 0
2868 2875 2924 2917 2869 2876 2925 2918 0
2869 2876 2925 2918 2870 2877 2926 2919 0
2870 2877 2926 2919 2871 2878 2927 2920 0
2871 2878 2927 2920 2872 2879 2928 2921 0
2872 2879 2928 2921 1053 1054 1061 1060 0
879 880 873 872 2873 2880 2929 2922 0
2873 2880 2929 2922 2874 2881 2930 2923 0
2874 2881 2930 2923 2875 2882 2931 2924 0
2875 2882 2931 2924 2876 2883 2932 2925 0
2876 2883 2932 2925 2877 2884 2933 2926 0
2877 2884 2933 2926 2878 2885 2934 2927 0
2878 2885 2934 2927 2879 2886 2935 2928 0
2879 2886 2935 2928 1054 1055 1062 1061 0
880 881 874 873 2880 2887 2936 2929 0
2880 2887 2936 2929 2881 2888 2937 2930 0
2881 2888 2937 2930 2882 2889 2938 2931 0
2882 2889 2938 2931 2883 2890 2939 2932 0
2883 2890 2939 2932 2884 2891 2940 2933 0
2884 2891 2940 2933 2885 2892 2941 2934 0
2885 2892 2941 2934 2886 2893 2942 2935 0
2886 2893 2942 2935 1055 1056 1063 1062 0
881 882 875 874 2887 2894 2943 2936 0
2887 2894 2943 2936 2888 2895 2944 2937 0
2888 2895 2944 2937 2889 2896 2945 2938 0
2889 2896 2945 2938 2890 2897 2946 2939 0
2890 2897 2946 2939 2891 2898 2947 2940 0
2891 2898 2947 2940 2892 2899 2948 2941 0
2892 2899 2948 2941 2893 2900 2949 2942 0
2893 2900 2949 2942 1056 1057 1064 1063 0
882 883 876 875 2894 2901 2950 2943 0
2894 2901 2950 2943 2895 2902 2951 2944 0
2895 2902 2951 2944 2896 2903 2952 2945 0
2896 2903 2952 2945 2897 2904 2953 2946 0
2897 2904 2953 2946 2898 2905 2954 2947 0
2898 2905 2954 2947 2899 2906 2955 2948 0
2899 2906 2955 2948 2900 2907 2956 2949 0
2900 2907 2956 2949 1057 1058 1065 1064 0
883 884 877 876 2901 2908 2957 2950 0
2901 2908 2957 2950 2902 2909 2958 2951 0
2902 2909 2958 2951 2903 2910 2959 2952 0
2903 2910 2959 2952 2904 2911 2960 2953 0
2904 2911 2960 2953 2905 2912 2961 2954 0
2905 2912 2961 2954 2906 2913 2962 2955 0
2906 2913 2962 2955 2907 2914 2963 2956 0
2907 2914 2963 2956 1058 1059 1066 1065 0
884 171 170 877 2908 1334 1333 2957 0
2908 1334 1333 2957 2909 1316 1315 2958 0
2909 1316 1315 2958 2910 1298 1297 2959 0
2910 1298 1297 2959 2911 1280 1279 2960 0
2911 1280 1279 2960 2912 1262 1261 2961 0
2912 1262 1261 2961 2913 1244 1243 2962 0
2913 1244 1243 2962 2914 1226 1225 2963 0
2914 1226 1225 2963 1059 214 213 1066 0
145 871 864 144 1099 2915 2964 1098 0
1099 2915 2964 1098 1117 2916 2965 1116 0
1117 2916 2965 1116 1135 2917 2966 1134 0
1135 2917 2966 1134 1153 2918 2967 1152 0
1153 2918 2967 1152 1171 2919 2968 1170 0
1171 2919 2968 1170 1189 2920 2969 1188 0
1189 2920 2969 1188 1207 2921 2970 1206 0
1207 2921 2970 1206 188 1060 1067 187 0
871 872 865 864 2915 2922 2971 2964 0
2915 2922 2971 2964 2916 2923 2972 2965 0
2916 2923 2972 2965 2917 2924 2973 2966 0
2917 2924 2973 2966 2918 2925 2974 2967 0
2918 2925 2974 2967 2919 2926 2975 2968 0
2919 2926 2975 2968 2920 2927 2976 2969 0
2920 2927 2976 2969 2921 2928 2977 2970 0
2921 2928 2977 2970 1060 1061 1068 1067 0
872 873 866 865 2922 2929 2978 2971 0
2922 2929 2978 2971 2923 2930 2979 2972 0
2923 2930 2979 2972 2924 2931 2980 2973 0
2924 2931 2980 2973 2925 2932 2981 2974 0
2925 2932 2981 2974 2926 2933 2982 2975 0
2926 2933 2982 2975 2927 2934 2983 2976 0
2927 2934 2983 2976 2928 2935 2984 2977 0
2928 2935 2984 2977 1061 1062 1069 1068 0
873 874 867 866 2929 2936 2985 2978 0
2929 2936 2985 2978 2930 2937 2986 2979 0
2930 2937 2986 2979 2931 2938 2987 2980 0
2931 2938 2987 2980 2932 2939 2988 2981 0
2932 2939 2988 2981 2933 2940 2989 2982 0
2933 2940 2989 2982 2934 2941 2990 2983 0
2934 2941 2990 2983 2935 2942 2991 2984 0
2935 2942 2991 2984 1062 1063 1070 1069 0
874 875 868 867 2936 2943 2992 2985 0
2936 2943 2992 2985 2937 2944 2993 2986 0
2937 2944 2993 2986 2938 2945 2994 2987 0
2938 2945 2994 2987 2939 2946 2995 2988 0
2939 2946 2995 2988 2940 2947 2996 2989 0
2940 2947 2996 2989 2941 2948 2997 2990 0
2941 2948 2997 2990 2942 2949 2998 2991 0
2942 2949 2998 2991 1063 1064 1071 1070 0
875 876 869 868 2943 2950 2999 2992 0
2943 2950 2999 2992 2944 2951 3000 2993 0
2944 2951 3000 2993 2945 2952 3001 2994 0
2945 2952 3001 2994 2946 2953 3002 2995 0
2946 2953 3002 2995 2947 2954 3003 2996 0
2947 2954 3003 2996 2948 2955 3004 2997 0
2948 2955 3004 2997 2949 2956 3005 2998 0
2949 2956 3005 2998 1064 1065 1072 1071 0
876 877 870 869 2950 2957 3006 2999 0
2950 2957 3006 2999 2951 2958 3007 3000 0
2951 2958 3007 3000 2952 2959 3008 3001 0
2952 2959 3008 3001 2953 2960 3009 3002 0
2953 2960 3009 3002 2954 2961 3010 3003 0
2954 2961 3010 3003 2955 2962 3011 3004 0
2955 2962 3011 3004 2956 2963 3012 3005 0
2956 2963 3012 3005 1065 1066 1073 1072 0
877 170 169 870 2957 1333 1332 3006 0
2957 1333 1332 3006 2958 1315 1314 3007 0
2958 1315 1314 3007 2959 1297 1296 3008 0
2959 1297 1296 3008 2960 1279 1278 3009 0
2960 1279 1278 3009 2961 1261 1260 3010 0
2961 1261 1260 3010 2962 1243 1242 3011 0
2962 1243 1242 3011 2963 1225 1224 3012 0
2963 1225 1224 3012 1066 213 212 1073 0
144 864 857 143 1098 2964 3013 1097 0
1098 2964 3013 1097 1116 2965 3014 1115 0
1116 2965 3014 1115 1134 2966 3015 1133 0
1134 2966 3015 1133 1152 2967 3016 1151 0
1152 2967 3016 1151 1170 2968 3017 1169 0
1170 2968 3017 1169 1188 2969 3018 1187 0
1188 2969 3018 1187 1206 2970 3019 1205 0
1206 2970 3019 1205 187 1067 1074 186 0
864 865 858 857 2964 2971 3020 3013 0
2964 2971 3020 3013 2965 2972 3021 3014 0
2965 2972 3021 3014 2966 2973 3022 3015 0
2966 2973 3022 3015 2967 2974 3023 3016 0
2967 2974 3023 3016 2968 2975 3024 3017 0
2968 2975 3024 3017 2969 2976 3025 3018 0
2969 2976 3025 3018 2970 2977 3026 3019 0
2970 2977 3026 3019 1067 1068 1075 1074 0
865 866 859 858 2971 2978 3027 3020 0
2971 2978 3027 3020 2972 2979 3028 3021 0
2972 2979 3028 3021 2973 2980 3029 3022 0
2973 2980 3029 3022 2974 2981 3030 3023 0
2974 2981 3030 3023 2975 2982 3031 3024 0
2975 2982 3031 3024 2976 2983 3032 3025 0
2976 2983 3032 3025 2977 2984 3033 3026 0
2977 2984 3033 3026 1068 1069 1076 1075 0
866 867 860 859 2978 2985 3034 3027 0
2978 2985 3034 3027 2979 2986 3035 3028 0
2979 2986 3035 3028 2980 2987 3036 3029 0
2980 2987 3036 3029 2981 2988 3037 3030 0
2981 2988 3037 3030 2982 2989 3038 3031 0
2982 2989 3038 3031 2983 2990 3039 3032 0
2983 2990 3039 3032 2984 2991 3040 3033 0
2984 2991 3040 3033 1069 1070 1077 1076 0
867 868 861 860 2985 2992 3041 3034 0
2985 2992 3041 3034 2986 2993 3042 3035 0
2986 2993 3042 3035 2987 2994 3043 3036 0
2987 2994 3043 3036 2988 2995 3044 3037 0
2988 2995 3044 3037 2989 2996 3045 3038 0
2989 2996 3045 3038 2990 2997 3046 3039 0
2990 2997 3046 3039 2991 2998 3047 3040 0
2991 2998 3047 3040 1070 1071 1078 1077 0
868 869 862 861 2992 2999 3048 3041 0
2992 2999 3048 3041 2993 3000 3049 3042 0
2993 3000 3049 3042 2994 3001 3050 3043 0
2994 3001 3050 3043 2995 3002 3051 3044 0
2995 3002 3051 3044 2996 3003 3052 3045 0
2996 3003 3052 3045 2997 3004 3053 3046 0
2997 3004 3053 3046 2998 3005 3054 3047 0
2998 3005 3054 3047 1071 1072 1079 1078 0
869 870 863 862 2999 3006 3055 3048 0
2999 3006 3055 3048 3000 3007 3056 3049 0
3000 3007 3056 3049 3001 3008 3057 3050 0
3001 3008 3057 3050 3002 3009 3058 3051 0
3002 3009 3058 3051 3003 3010 3059 3052 0
3003 3010 3059 3052 3004 3011 3060 3053 0
3004 3011 3060 3053 3005 3012 3061 3054 0
3005 3012 3061 3054 1072 1073 1080 1079 0
870 169 168 863 3006 1332 1331 3055 0
3006 1332 1331 3055 3007 1314 1313 3056 0
3007 1314 1313 3056 3008 1296 1295 3057 0
3008 1296 1295 3057 3009 1278 1277 3058 0
3009 1278 1277 3058 3010 1260 1259 3059 0
3010 1260 1259 3059 3011 1242 1241 3060 0
3011 1242 1241 3060 3012 1224 1223 3061 0
3012 1224 1223 3061 1073 212 211 1080 0
143 857 850 142 1097 3013 3062 1096 0
1097 3013 3062 1096 1115 3014 3063 1114 0
1115 3014 3063 1114 1133 3015 3064 1132 0
1133 3015 3064 1132 1151 3016 3065 1150 0
1151 3016 3065 1150 1169 3017 3066 1168 0
1169 3017 3066 1168 1187 3018 3067 1186 0
1187 3018 3067 1186 1205 3019 3068 1204 0
1205 3019 3068 1204 186 1074 1081 185 0
857 858 851 850 3013 3020 3069 3062 0
3013 3020 3069 3062 3014 3021 3070 3063 0
3014 3021 3070 3063 3015 3022 3071 3064 0
3015 3022 3071 3064 3016 3023 3072 3065 0
3016 3023 3072 3065 3017 3024 3073 3066 0
3017 3024 3073 3066 3018 3025 3074 3067 0
3018 3025 3074 3067 3019 3026 3075 3068 0
3019 3026 3075 3068 1074 1075 1082 1081 0
858 859 852 851 3020 3027 3076 3069 0
3020 3027 3076 3069 3021 3028 3077 3070 0
3021 3028 3077 3070 3022 3029 3078 3071 0
3022 3029 3078 3071 3023 3030 3079 3072 0
3023 3030 3079 3072 3024 3031 3080 3073 0
3024 3031 3080 3073 3025 3032 3081 3074 0
3025 3032 3081 3074 3026 3033 3082 3075 0
3026 3033 3082 3075 1075 1076 1083 1082 0
859 860 853 852 3027 3034 3083 3076 0
3027 3034 3083 3076 3028 3035 3084 3077 0
3028 3035 3084 3077 3029 3036 3085 3078 0
3029 3036 3085 3078 3030 3037 3086 3079 0
3030 3037 3086 3079 3031 3038 3087 3080 0
3031 3038 3087 3080 3032 3039 3088 3081 0
3032 3039 3088 3081 3033 3040 3089 3082 0
3033 3040 3089 3082 1076 1077 1084 1083 0
860 861 854 853 3034 3041 3090 3083 0
3034 3041 3090 3083 3035 3042 3091 3084 0
3035 3042 3091 3084 3036 3043 3092 3085 0
3036 3043 3092 3085 3037 3044 3093 3086 0
3037 3044 3093 3086 3038 3045 3094 3087 0
3038 3045 3094 3087 3039 3046 3095 3088 0
3039 3046 3095 3088 3040 3047 3096 3089 0
3040 3047 3096 3089 1077 1078 1085 1084 0
861 862 855 854 3041 3048 3097 3090 0
3041 3048 3097 3090 3042 3049 3098 3091 0
3042 3049 3098 3091 3043 3050 3099 3092 0
3043 3050 3099 3092 3044 3051 3100 3093 0
3044 3051 3100 3093 3045 3052 3101 3094 0
3045 3052 3101 3094 3046 3053 3102 3095 0
3046 3053 3102 3095 3047 3054 3103 3096 0
3047 3054 3103 3096 1078 1079 1086 1085 0
862 863 856 855 3048 3055 3104 3097 0
3048 3055 3104 3097 3049 3056 3105 3098 0
3049 3056 3105 3098 3050 3057 3106 3099 0
3050 3057 3106 3099 3051 3058 3107 3100 0
3051 3058 3107 3100 3052 3059 3108 3101 0
3052 3059 3108 3101 3053 3060 3109 3102 0
3053 3060 3109 3102 3054 3061 3110 3103 0
3054 3061 3110 3103 1079 1080 1087 1086 0
863 168 167 856 3055 1331 1330 3104 0
3055 1331 1330 3104 3056 1313 1312 3105 0
3056 1313 1312 3105 3057 1295 1294 3106 0
3057 1295 1294 3106 3058 1277 1276 3107 0
3058 1277 1276 3107 3059 1259 1258 3108 0
3059 1259 1258 3108 3060 1241 1240 3109 0
3060 1241 1240 3109 3061 1223 1222 3110 0
3061 1223 1222 3110 1080 211 210 1087 0
142 850 843 141 1096 3062 3111 1095 0
1096 3062 3111 1095 1114 3063 3112 1113 0
1114 3063 3112 1113 1132 3064 3113 1131 0
1132 3064 3113 1131 1150 3065 3114 1149 0
1150 3065 3114 1149 1168 3066 3115 1167 0
1168 3066 3115 1167 1186 3067 3116 1185 0
1186 3067 3116 1185 1204 3068 3117 1203 0
1204 3068 3117 1203 185 1081 1088 184 0
850 851 844 843 3062 3069 3118 3111 0
3062 3069 3118 3111 3063 3070 3119 3112 0
3063 3070 3119 3112 3064 3071 3120 3113 0
3064 3071 3120 3113 3065 3072 3121 3114 0
3065 3072 3121 3114 3066 3073 3122 3115 0
3066 3073 3122 3115 3067 3074 3123 3116 0
3067 3074 3123 3116 3068 3075 3124 3117 0
3068 3075 3124 3117 1081 1082 1089 1088 0
851 852 845 844 3069 3076 3125 3118 0
3069 3076 3125 3118 3070 3077 3126 3119 0
3070 3077 3126 3119 3071 3078 3127 3120 0
3071 3078 3127 3120 3072 3079 3128 3121 0
3072 3079 3128 3121 3073 3080 3129 3122 0
3073 3080 3129 3122 3074 3081 3130 3123 0
3074 3081 3130 3123 3075 3082 3131 3124 0
3075 3082 3131 3124 1082 1083 1090 1089 0
852 853 846 845 3076 3083 3132 3125 0
3076 3083 3132 3125 3077 3084 3133 3126 0
3077 3084 3133 3126 3078 3085 3134 3127 0
3078 3085 3134 3127 3079 3086 3135 3128 0
3079 3086 3135 3128 3080 3087 3136 3129 0
3080 3087 3136 3129 3081 3088 3137 3130 0
3081 3088 3137 3130 3082 3089 3138 3131 0
3082 3089 3138 3131 1083 1084 1091 1090 0
853 854 847 846 3083 3090 3139 3132 0
3083 3090 3139 3132 3084 3091 3140 3133 0
3084 3091 3140 3133 3085 3092 3141 3134 0
3085 3092 3141 3134 3086 3093 3142 3135 0
3086 3093 3142 3135 3087 3094 3143 3136 0
3087 3094 3143 3136 3088 3095 3144 3137 0
3088 3095 3144 3137 3089 3096 3145 3138 0
3089 3096 3145 3138 1084 1085 1092 1091 0
854 855 848 847 3090 3097 3146 3139 0
3090 3097 3146 3139 3091 3098 3147 3140 0
3091 3098 3147 3140 3092 3099 3148 3141 0
3092 3099 3148 3141 3093 3100 3149 3142 0
3093 3100 3149 3142 3094 3101 3150 3143 0
3094 3101 3150 3143 3095 3102 3151 3144 0
3095 3102 3151 3144 3096 3103 3152 3145 0
3096 3103 3152 3145 1085 1086 1093 1092 0
855 856 849 848 3097 3104 3153 3146 0
3097 3104 3153 3146 3098 3105 3154 3147 0
3098 3105 3154 3147 3099 3106 3155 3148 0
3099 3106 3155 3148 3100 3107 3156 3149 0
3100 3107 3156 3149 3101 3108 3157 3150 0
3101 3108 3157 3150 3102 3109 3158 3151 0
3102 3109 3158 3151 3103 3110 3159 3152 0
3103 3110 3159 3152 1086 1087 1094 1093 0
856 167 166 849 3104 1330 1329 3153 0
3104 1330 1329 3153 3105 1312 1311 3154 0
3105 1312 1311 3154 3106 1294 1293 3155 0
3106 1294 1293 3155 3107 1276 1275 3156 0
3107 1276 1275 3156 3108 1258 1257 3157 0
3108 1258 1257 3157 3109 1240 1239 3158 0
3109 1240 1239 3158 3110 1222 1221 3159 0
3110 1222 1221 3159 1087 210 209 1094 0
141 843 31 1 1095 3111 836 120 0
1095 3111 836 120 1113 3112 837 121 0
1113 3112 837 121 1131 3113 838 122 0
1131 3113 838 122 1149 3114 839 123 0
1149 3114 839 123 1167 3115 840 124 0
1167 3115 840 124 1185 3116 841 125 0
1185 3116 841 125 1203 3117 842 126 0
1203 3117 842 126 184 1088 81 5 0
843 844 32 31 3111 3118 829 836 0
3111 3118 829 836 3112 3119 830 837 0
3112 3119 830 837 3113 3120 831 838 0
3113 3120 831 838 3114 3121 832 839 0
3114 3121 832 839 3115 3122 833 840 0
3115 3122 833 840 3116 3123 834 841 0
3116 3123 834 841 3117 3124 835 842 0
3117 3124 835 842 1088 1089 82 81 0
844 845 33 32 3118 3125 822 829 0
3118 3125 822 829 3119 3126 823 830 0
3119 3126 823 830 3120 3127 824 831 0
3120 3127 824 831 3121 3128 825 832 0
3121 3128 825 832 3122 3129 826 833 0
3122 3129 826 833 3123 3130 827 834 0
3123 3130 827 834 3124 3131 828 835 0
3124 3131 828 835 1089 1090 83 82 0
845 846 34 33 3125 3132 815 822 0
3125 3132 815 822 3126 3133 816 823 0
3126 3133 816 823 3127 3134 817 824 0
3127 3134 817 824 3128 3135 818 825 0
3128 3135 818 825 3129 3136 819 826 0
3129 3136 819 826 3130 3137 820 827 0
3130 3137 820 827 3131 3138 821 828 0
3131 3138 821 828 1090 1091 84 83 0
846 847 35 34 3132 3139 808 815 0
3132 3139 808 815 3133 3140 809 816 0
3133 3140 809 816 3134 3141 810 817 0
3134 3141 810 817 3135 3142 811 818 0
3135 3142 811 818 3136 3143 812 819 0
3136 3143 812 819 3137 3144 813 820 0
3137 3144 813 820 3138 3145 814 821 0
3138 3145 814 821 1091 1092 85 84 0
847 848 36 35 3139 3146 801 808 0
3139 3146 801 808 3140 3147 802 809 0
3140 3147 802 809 3141 3148 803 810 0
3141 3148 803 810 3142 3149 804 811 0
3142 3149 804 811 3143 3150 805 812 0
3143 3150 805 812 3144 3151 806 813 0
3144 3151 806 813 3145 3152 807 814 0
3145 3152 807 814 1092 1093 86 85 0
848 849 37 36 3146 3153 794 801 0
3146 3153 794 801 3147 3154 795 802 0
3147 3154 795 802 3148 3155 796 803 0
3148 3155 796 803 3149 3156 797 804 0
3149 3156 797 804 3150 3157 798 805 0
3150 3157 798 805 3151 3158 799 806 0
3151 3158 799 806 3152 3159 800 807 0
3152 3159 800 807 1093 1094 87 86 0
849 166 3 37 3153 1329 134 794 0
3153 1329 134 794 3154 1311 135 795 0
3154 1311 135 795 3155 1293 136 796 0
3155 1293 136 796 3156 1275 137 797 0
3156 1275 137 797 3157 1257 138 798 0
3157 1257 138 798 3158 1239 139 799 0
3158 1239 139 799 3159 1221 140 800 0
3159 1221 140 800 1094 209 7 87 0

Quadrilaterals
1344
2 13 241 56 3
56 241 242 57 3
57 242 243 58 3
58 243 244 59 3
59 244 245 60 3
60 245 246 61 3
61 246 247 62 3
62 247 38 4 3
13 14 248 241 3
241 248 249 242 3
242 249 250 243 3
243 250 251 244 3
244 251 252 245 3
245 252 253 246 3
246 253 254 247 3
247 254 39 38 3
14 15 255 248 3
248 255 256 249 3
249 256 257 250 3
250 257 258 251 3
251 258 259 252 3
252 259 260 253 3
253 260 261 254 3
254 261 40 39 3
15 16 262 255 3
255 262 263 256 3
256 263 264 257 3
257 264 265 258 3
258 265 266 259 3
259 266 267 260 3
260 267 268 261 3
261 268 41 40 3
16 17 269 262 3
262 269 270 263 3
263 270 271 264 3
264 271 272 265 3
265 272 273 266 3
266 273 274 267 3
267 274 275 268 3
268 275 42 41 3
17 18 276 269 3
269 276 277 270 3
270 277 278 271 3
271 278 279 272 3
272 279 280 273 3
273 280 281 274 3
274 281 282 275 3
275 282 43 42 3
18 19 283 276 3
276 283 284 277 3
277 284 285 278 3
278 285 286 279 3
279 286 287 280 3
280 287 288 281 3
281 288 289 282 3
282 289 44 43 3
19 20 290 283 3
283 290 291 284 3
284 291 292 285 3
285 292 293 286 3
286 293 294 287 3
287 294 295 288 3
288 295 296 289 3
289 296 45 44 3
20 21 297 290 3
290 297 298 291 3
291 298 299 292 3
292 299 300 293 3
293 300 301 294 3
294 301 302 295 3
295 302 303 296 3
296 303 46 45 3
21 22 304 297 3
297 304 305 298 3
298 305 306 299 3
299 306 307 300 3
300 307 308 301 3
301 308 309 302 3
302 309 310 303 3
303 310 47 46 3
22 23 311 304 3
304 311 312 305 3
305 312 313 306 3
306 313 314 307 3
307 314 315 308 3
308 315 316 309 3
309 316 317 310 3
310 317 48 47 3
23 24 318 311 3
311 318 319 312 3
312 319 320 313 3
313 320 321 314 3
314 321 322 315 3
315 322 323 316 3
316 323 324 317 3
317 324 49 48 3
24 25 325 318 3
318 325 326 319 3
319 326 327 320 3
320 327 328 321 3
321 328 329 322 3
322 329 330 323 3
323 330 331 324 3
324 331 50 49 3
25 26 332 325 3
325 332 333 326 3
326 333 334 327 3
327 334 335 328 3
328 335 336 329 3
329 336 337 330 3
330 337 338 331 3
331 338 51 50 3
26 27 339 332 3
332 339 340 333 3
333 340 341 334 3
334 341 342 335 3
335 342 343 336 3
336 343 344 337 3
337 344 345 338 3
338 345 52 51 3
27 28 346 339 3
339 346 347 340 3
340 347 348 341 3
341 348 349 342 3
342 349 350 343 3
343 350 351 344 3
344 351 352 345 3
345 352 53 52 3
28 29 353 346 3
346 353 354 347 3
347 354 355 348 3
348 355 356 349 3
349 356 357 350 3
350 357 358 351 3
351 358 359 352 3
352 359 54 53 3
29 30 360 353 3
353 360 361 354 3
354 361 362 355 3
355 362 363 356 3
356 363 364 357 3
357 364 365 358 3
358 365 366 359 3
359 366 55 54 3
30 1 31 360 3
360 31 32 361 3
361 32 33 362 3
362 33 34 363 3
363 34 35 364 3
364 35 36 365 3
365 36 37 366 3
366 37 3 55 3
5 80 367 81 2
81 367 368 82 2
82 368 369 83 2
83 369 370 84 2
84 370 371 85 2
85 371 372 86 2
86 372 373 87 2
87 373 105 7 2
80 79 374 367 2
367 374 375 368 2
368 375 376 369 2
369 376 377 370 2
370 377 378 371 2
371 378 379 372 2
372 379 380 373 2
373 380 104 105 2
79 78 381 374 2
374 381 382 375 2
375 382 383 376 2
376 383 384 377 2
377 384 385 378 2
378 385 386 379 2
379 386 387 380 2
380 387 103 104 2
78 77 388 381 2
381 388 389 382 2
382 389 390 383 2
383 390 391 384 2
384 391 392 385 2
385 392 393 386 2
386 393 394 387 2
387 394 102 103 2
77 76 395 388 2
388 395 396 389 2
389 396 397 390 2
390 397 398 391 2
391 398 399 392 2
392 399 400 393 2
393 400 401 394 2
394 401 101 102 2
76 75 402 395 2
395 402 403 396 2
396 403 404 397 2
397 404 405 398 2
398 405 406 399 2
399 406 407 400 2
400 407 408 401 2
401 408 100 101 2
75 74 409 402 2
402 409 410 403 2
403 410 411 404 2
404 411 412 405 2
405 412 413 406 2
406 413 414 407 2
407 414 415 408 2
408 415 99 100 2
74 73 416 409 2
409 416 417 410 2
410 417 418 411 2
411 418 419 412 2
412 419 420 413 2
413 420 421 414 2
414 421 422 415 2
415 422 98 99 2
73 72 423 416 2
416 423 424 417 2
417 424 425 418 2
418 425 426 419 2
419 426 427 420 2
420 427 428 421 2
421 428 429 422 2
422 429 97 98 2
72 71 430 423 2
423 430 431 424 2
424 431 432 425 2
425 432 433 426 2
426 433 434 427 2
427 434 435 428 2
428 435 436 429 2
429 436 96 97 2
71 70 437 430 2
430 437 438 431 2
431 438 439 432 2
432 439 440 433 2
433 440 441 434 2
434 441 442 435 2
435 442 443 436 2
436 443 95 96 2
70 69 444 437 2
437 444 445 438 2
438 445 446 439 2
439 446 447 440 2
440 447 448 441 2
441 448 449 442 2
442 449 450 443 2
443 450 94 95 2
69 68 451 444 2
444 451 452 445 2
445 452 453 446 2
446 453 454 447 2
447 454 455 448 2
448 455 456 449 2
449 456 457 450 2
450 457 93 94 2
68 67 458 451 2
451 458 459 452 2
452 459 460 453 2
453 460 461 454 2
454 461 462 455 2
455 462 463 456 2
456 463 464 457 2
457 464 92 93 2
67 66 465 458 2
458 465 466 459 2
459 466 467 460 2
460 467 468 461 2
461 468 469 462 2
462 469 470 463 2
463 470 471 464 2
464 471 91 92 2
66 65 472 465 2
465 472 473 466 2
466 473 474 467 2
467 474 475 468 2
468 475 476 469 2
469 476 477 470 2
470 477 478 471 2
471 478 90 91 2
65 64 479 472 2
472 479 480 473 2
473 480 481 474 2
474 481 482 475 2
475 482 483 476 2
476 483 484 477 2
477 484 485 478 2
478 485 89 90 2
64 63 486 479 2
479 486 487 480 2
480 487 488 481 2
481 488 489 482 2
482 489 490 483 2
483 490 491 484 2
484 491 492 485 2
485 492 88 89 2
63 6 106 486 2
486 106 107 487 2
487 107 108 488 2
488 108 109 489 2
489 109 110 490 2
490 110 111 491 2
491 111 112 492 2
492 112 8 88 2
2 113 493 13 4
13 493 494 14 4
14 494 495 15 4
15 495 496 16 4
16 496 497 17 4
17 497 498 18 4
18 498 499 19 4
19 499 500 20 4
20 500 501 21 4
21 501 502 22 4
22 502 503 23 4
23 503 504 24 4
24 504 505 25 4
25 505 506 26 4
26 506 507 27 4
27 507 508 28 4
28 508 509 29 4
29 509 510 30 4
30 510 120 1 4
113 114 511 493 4
493 511 512 494 4
494 512 513 495 4
495 513 514 496 4
496 514 515 497 4
497 515 516 498 4
498 516 517 499 4
499 517 518 500 4
500 518 519 501 4
501 519 520 502 4
502 520 521 503 4
503 521 522 504 4
504 522 523 505 4
505 523 524 506 4
506 524 525 507 4
507 525 526 508 4
508 526 527 509 4
509 527 528 510 4
510 528 121 120 4
114 115 529 511 4
511 529 530 512 4
512 530 531 513 4
513 531 532 514 4
514 532 533 515 4
515 533 534 516 4
516 534 535 517 4
517 535 536 518 4
518 536 537 519 4
519 537 538 520 4
520 538 539 521 4
521 539 540 522 4
522 540 541 523 4
523 541 542 524 4
524 542 543 525 4
525 543 544 526 4
526 544 545 527 4
527 545 546 528 4
528 546 122 121 4
115 116 547 529 4
529 547 548 530 4
530 548 549 531 4
531 549 550 532 4
532 550 551 533 4
533 551 552 534 4
534 552 553 535 4
535 553 554 536 4
536 554 555 537 4
537 555 556 538 4
538 556 557 539 4
539 557 558 540 4
540 558 559 541 4
541 559 560 542 4
542 560 561 543 4
543 561 562 544 4
544 562 563 545 4
545 563 564 546 4
546 564 123 122 4
116 117 565 547 4
547 565 566 548 4
548 566 567 549 4
549 567 568 550 4
550 568 569 551 4
551 569 570 552 4
552 570 571 553 4
553 571 572 554 4
554 572 573 555 4
555 573 574 556 4
556 574 575 557 4
557 575 576 558 4
558 576 577 559 4
559 577 578 560 4
560 578 579 561 4
561 579 580 562 4
562 580 581 563 4
563 581 582 564 4
564 582 124 123 4
117 118 583 565 4
565 583 584 566 4
566 584 585 567 4
567 585 586 568 4
568 586 587 569 4
569 587 588 570 4
570 588 589 571 4
571 589 590 572 4
572 590 591 573 4
573 591 592 574 4
574 592 593 575 4
575 593 594 576 4
576 594 595 577 4
577 595 596 578 4
578 596 597 579 4
579 597 598 580 4
580 598 599 581 4
581 599 600 582 4
582 600 125 124 4
118 119 601 583 4
583 601 602 584 4
584 602 603 585 4
585 603 604 586 4
586 604 605 587 4
587 605 606 588 4
588 606 607 589 4
589 607 608 590 4
590 608 609 591 4
591 609 610 592 4
592 610 611 593 4
593 611 612 594 4
594 612 613 595 4
595 613 614 596 4
596 614 615 597 4
597 615 616 598 4
598 616 617 599 4
599 617 618 600 4
600 618 126 125 4
119 6 63 601 4
601 63 64 602 4
602 64 65 603 4
603 65 66 604 4
604 66 67 605 4
605 67 68 606 4
606 68 69 607 4
607 69 70 608 4
608 70 71 609 4
609 71 72 610 4
610 72 73 611 4
611 73 74 612 4
612 74 75 613 4
613 75 76 614 4
614 76 77 615 4
615 77 78 616 4
616 78 79 617 4
617 79 80 618 4
618 80 5 126 4
8 133 619 88 2
88 619 620 89 2
89 620 621 90 2
90 621 622 91 2
91 622 623 92 2
92 623 624 93 2
93 624 625 94 2
94 625 626 95 2
95 626 627 96 2
96 627 628 97 2
97 628 629 98 2
98 629 630 99 2
99 630 631 100 2
100 631 632 101 2
101 632 633 102 2
102 633 634 103 2
103 634 635 104 2
104 635 636 105 2
105 636 140 7 2
133 132 637 619 2
619 637 638 620 2
620 638 639 621 2
621 639 640 622 2
622 640 641 623 2
623 641 642 624 2
624 642 643 625 2
625 643 644 626 2
626 644 645 627 2
627 645 646 628 2
628 646 647 629 2
629 647 648 630 2
630 648 649 631 2
631 649 650 632 2
632 650 651 633 2
633 651 652 634 2
634 652 653 635 2
635 653 654 636 2
636 654 139 140 2
132 131 655 637 2
637 655 656 638 2
638 656 657 639 2
639 657 658 640 2
640 658 659 641 2
641 659 660 642 2
642 660 661 643 2
643 661 662 644 2
644 662 663 645 2
645 663 664 646 2
646 664 665 647 2
647 665 666 648 2
648 666 667 649 2
649 667 668 650 2
650 668 669 651 2
651 669 670 652 2
652 670 671 653 2
653 671 672 654 2
654 672 138 139 2
131 130 673 655 2
655 673 674 656 2
656 674 675 657 2
657 675 676 658 2
658 676 677 659 2
659 677 678 660 2
660 678 679 661 2
661 679 680 662 2
662 680 681 663 2
663 681 682 664 2
664 682 683 665 2
665 683 684 666 2
666 684 685 667 2
667 685 686 668 2
668 686 687 669 2
669 687 688 670 2
670 688 689 671 2
671 689 690 672 2
672 690 137 138 2
130 129 691 673 2
673 691 692 674 2
674 692 693 675 2
675 693 694 676 2
676 694 695 677 2
677 695 696 678 2
678 696 697 679 2
679 697 698 680 2
680 698 699 681 2
681 699 700 682 2
682 700 701 683 2
683 701 702 684 2
684 702 703 685 2
685 703 704 686 2
686 704 705 687 2
687 705 706 688 2
688 706 707 689 2
689 707 708 690 2
690 708 136 137 2
129 128 709 691 2
691 709 710 692 2
692 710 711 693 2
693 711 712 694 2
694 712 713 695 2
695 713 714 696 2
696 714 715 697 2
697 715 716 698 2
698 716 717 699 2
699 717 718 700 2
700 718 719 701 2
701 719 720 702 2
702 720 721 703 2
703 721 722 704 2
704 722 723 705 2
705 723 724 706 2
706 724 725 707 2
707 725 726 708 2
708 726 135 136 2
128 127 727 709 2
709 727 728 710 2
710 728 729 711 2
711 729 730 712 2
712 730 731 713 2
713 731 732 714 2
714 732 733 715 2
715 733 734 716 2
716 734 735 717 2
717 735 736 718 2
718 736 737 719 2
719 737 738 720 2
720 738 739 721 2
721 739 740 722 2
722 740 741 723 2
723 741 742 724 2
724 742 743 725 2
725 743 744 726 2
726 744 134 135 2
127 4 38 727 2
727 38 39 728 2
728 39 40 729 2
729 40 41 730 2
730 41 42 731 2
731 42 43 732 2
732 43 44 733 2
733 44 45 734 2
734 45 46 735 2
735 46 47 736 2
736 47 48 737 2
737 48 49 738 2
738 49 50 739 2
739 50 51 740 2
740 51 52 741 2
741 52 53 742 2
742 53 54 743 2
743 54 55 744 2
744 55 3 134 2
2 56 745 113 0
113 745 746 114 0
114 746 747 115 0
115 747 748 116 0
116 748 749 117 0
117 749 750 118 0
118 750 751 119 0
119 751 106 6 0
56 57 752 745 0
745 752 753 746 0
746 753 754 747 0
747 754 755 748 0
748 755 756 749 0
749 756 757 750 0
750 757 758 751 0
751 758 107 106 0
57 58 759 752 0
752 759 760 753 0
753 760 761 754 0
754 761 762 755 0
755 762 763 756 0
756 763 764 757 0
757 764 765 758 0
758 765 108 107 0
58 59 766 759 0
759 766 767 760 0
760 767 768 761 0
761 768 769 762 0
762 769 770 763 0
763 770 771 764 0
764 771 772 765 0
765 772 109 108 0
59 60 773 766 0
766 773 774 767 0
767 774 775 768 0
768 775 776 769 0
769 776 777 770 0
770 777 778 771 0
771 778 779 772 0
772 779 110 109 0
60 61 780 773 0
773 780 781 774 0
774 781 782 775 0
775 782 783 776 0
776 783 784 777 0
777 784 785 778 0
778 785 786 779 0
779 786 111 110 0
61 62 787 780 0
780 787 788 781 0
781 788 789 782 0
782 789 790 783 0
783 790 791 784 0
784 791 792 785 0
785 792 793 786 0
786 793 112 111 0
62 4 127 787 0
787 127 128 788 0
788 128 129 789 0
789 129 130 790 0
790 130 131 791 0
791 131 132 792 0
792 132 133 793 0
793 133 8 112 0
1 141 843 31 3
31 843 844 32 3
32 844 845 33 3
33 845 846 34 3
34 846 847 35 3
35 847 848 36 3
36 848 849 37 3
37 849 166 3 3
141 142 850 843 3
843 850 851 844 3
844 851 852 845 3
845 852 853 846 3
846 853 854 847 3
847 854 855 848 3
848 855 856 849 3
849 856 167 166 3
142 143 857 850 3
850 857 858 851 3
851 858 859 852 3
852 859 860 853 3
853 860 861 854 3
854 861 862 855 3
855 862 863 856 3
856 863 168 167 3
143 144 864 857 3
857 864 865 858 3
858 865 866 859 3
859 866 867 860 3
860 867 868 861 3
861 868 869 862 3
862 869 870 863 3
863 870 169 168 3
144 145 871 864 3
864 871 872 865 3
865 872 873 866 3
866 873 874 867 3
867 874 875 868 3
868 875 876 869 3
869 876 877 870 3
870 877 170 169 3
145 146 878 871 3
871 878 879 872 3
872 879 880 873 3
873 880 881 874 3
874 881 882 875 3
875 882 883 876 3
876 883 884 877 3
877 884 171 170 3
146 147 885 878 3
878 885 886 879 3
879 886 887 880 3
880 887 888 881 3
881 888 889 882 3
882 889 890 883 3
883 890 891 884 3
884 891 172 171 3
147 148 892 885 3
885 892 893 886 3
886 893 894 887 3
887 894 895 888 3
888 895 896 889 3
889 896 897 890 3
890 897 898 891 3
891 898 173 172 3
148 149 899 892 3
892 899 900 893 3
893 900 901 894 3
894 901 902 895 3
895 902 903 896 3
896 903 904 897 3
897 904 905 898 3
898 905 174 173 3
149 150 906 899 3
899 906 907 900 3
900 907 908 901 3
901 908 909 902 3
902 909 910 903 3
903 910 911 904 3
904 911 912 905 3
905 912 175 174 3
150 151 913 906 3
906 913 914 907 3
907 914 915 908 3
908 915 916 909 3
909 916 917 910 3
910 917 918 911 3
911 918 919 912 3
912 919 176 175 3
151 152 920 913 3
913 920 921 914 3
914 921 922 915 3
915 922 923 916 3
916 923 924 917 3
917 924 925 918 3
918 925 926 919 3
919 926 177 176 3
152 153 927 920 3
920 927 928 921 3
921 928 929 922 3
922 929 930 923 3
923 930 931 924 3
924 931 932 925 3
925 932 933 926 3
926 933 178 177 3
153 154 934 927 3
927 934 935 928 3
928 935 936 929 3
929 936 937 930 3
930 937 938 931 3
931 938 939 932 3
932 939 940 933 3
933 940 179 178 3
154 155 941 934 3
934 941 942 935 3
935 942 943 936 3
936 943 944 937 3
937 944 945 938 3
938 945 946 939 3
939 946 947 940 3
940 947 180 179 3
155 156 948 941 3
941 948 949 942 3
942 949 950 943 3
943 950 951 944 3
944 951 952 945 3
945 952 953 946 3
946 953 954 947 3
947 954 181 180 3
156 157 955 948 3
948 955 956 949 3
949 956 957 950 3
950 957 958 951 3
951 958 959 952 3
952 959 960 953 3
953 960 961 954 3
954 961 182 181 3
157 158 962 955 3
955 962 963 956 3
956 963 964 957 3
957 964 965 958 3
958 965 966 959 3
959 966 967 960 3
960 967 968 961 3
961 968 183 182 3
158 9 159 962 3
962 159 160 963 3
963 160 161 964 3
964 161 162 965 3
965 162 163 966 3
966 163 164 967 3
967 164 165 968 3
968 165 10 183 3
11 201 969 202 2
202 969 970 203 2
203 970 971 204 2
204 971 972 205 2
205 972 973 206 2
206 973 974 207 2
207 974 975 208 2
208 975 226 12 2
201 200 976 969 2
969 976 977 970 2
970 977 978 971 2
971 978 979 972 2
972 979 980 973 2
973 980 981 974 2
974 981 982 975 2
975 982 225 226 2
200 199 983 976 2
976 983 984 977 2
977 984 985 978 2
978 985 986 979 2
979 986 987 980 2
980 987 988 981 2
981 988 989 982 2
982 989 224 225 2
199 198 990 983 2
983 990 991 984 2
984 991 992 985 2
985 992 993 986 2
986 993 994 987 2
987 994 995 988 2
988 995 996 989 2
989 996 223 224 2
198 197 997 990 2
990 997 998 991 2
991 998 999 992 2
992 999 1000 993 2
993 1000 1001 994 2
994 1001 1002 995 2
995 1002 1003 996 2
996 1003 222 223 2
197 196 1004 997 2
997 1004 1005 998 2
998 1005 1006 999 2
999 1006 1007 1000 2
1000 1007 1008 1001 2
1001 1008 1009 1002 2
1002 1009 1010 1003 2
1003 1010 221 222 2
196 195 1011 1004 2
1004 1011 1012 1005 2
1005 1012 1013 1006 2
1006 1013 1014 1007 2
1007 1014 1015 1008 2
1008 1015 1016 1009 2
1009 1016 1017 1010 2
1010 1017 220 221 2
195 194 1018 1011 2
1011 1018 1019 1012 2
1012 1019 1020 1013 2
1013 1020 1021 1014 2
1014 1021 1022 1015 2
1015 1022 1023 1016 2
1016 1023 1024 1017 2
1017 1024 219 220 2
194 193 1025 1018 2
1018 1025 1026 1019 2
1019 1026 1027 1020 2
1020 1027 1028 1021 2
1021 1028 1029 1022 2
1022 1029 1030 1023 2
1023 1030 1031 1024 2
1024 1031 218 219 2
193 192 1032 1025 2
1025 1032 1033 1026 2
1026 1033 1034 1027 2
1027 1034 1035 1028 2
1028 1035 1036 1029 2
1029 1036 1037 1030 2
1030 1037 1038 1031 2
1031 1038 217 218 2
192 191 1039 1032 2
1032 1039 1040 1033 2
1033 1040 1041 1034 2
1034 1041 1042 1035 2
1035 1042 1043 1036 2
1036 1043 1044 1037 2
1037 1044 1045 1038 2
1038 1045 216 217 2
191 190 1046 1039 2
1039 1046 1047 1040 2
1040 1047 1048 1041 2
1041 1048 1049 1042 2
1042 1049 1050 1043 2
1043 1050 1051 1044 2
1044 1051 1052 1045 2
1045 1052 215 216 2
190 189 1053 1046 2
1046 1053 1054 1047 2
1047 1054 1055 1048 2
1048 1055 1056 1049 2
1049 1056 1057 1050 2
1050 1057 1058 1051 2
1051 1058 1059 1052 2
1052 1059 214 215 2
189 188 1060 1053 2
1053 1060 1061 1054 2
1054 1061 1062 1055 2
1055 1062 1063 1056 2
1056 1063 1064 1057 2
1057 1064 1065 1058 2
1058 1065 1066 1059 2
1059 1066 213 214 2
188 187 1067 1060 2
1060 1067 1068 1061 2
1061 1068 1069 1062 2
1062 1069 1070 1063 2
1063 1070 1071 1064 2
1064 1071 1072 1065 2
1065 1072 1073 1066 2
1066 1073 212 213 2
187 186 1074 1067 2
1067 1074 1075 1068 2
1068 1075 1076 1069 2
1069 1076 1077 1070 2
1070 1077 1078 1071 2
1071 1078 1079 1072 2
1072 1079 1080 1073 2
1073 1080 211 212 2
186 185 1081 1074 2
1074 1081 1082 1075 2
1075 1082 1083 1076 2
1076 1083 1084 1077 2
1077 1084 1085 1078 2
1078 1085 1086 1079 2
1079 1086 1087 1080 2
1080 1087 210 211 2
185 184 1088 1081 2
1081 1088 1089 1082 2
1082 1089 1090 1083 2
1083 1090 1091 1084 2
1084 1091 1092 1085 2
1085 1092 1093 1086 2
1086 1093 1094 1087 2
1087 1094 209 210 2
184 5 81 1088 2
1088 81 82 1089 2
1089 82 83 1090 2
1090 83 84 1091 2
1091 84 85 1092 2
1092 85 86 1093 2
1093 86 87 1094 2
1094 87 7 209 2
1 120 1095 141 4
141 1095 1096 142 4
142 1096 1097 143 4
143 1097 1098 144 4
144 1098 1099 145 4
145 1099 1100 146 4
146 1100 1101 147 4
147 1101 1102 148 4
148 1102 1103 149 4
149 1103 1104 150 4
150 1104 1105 151 4
151 1105 1106 152 4
152 1106 1107 153 4
153 1107 1108 154 4
154 1108 1109 155 4
155 1109 1110 156 4
156 1110 1111 157 4
157 1111 1112 158 4
158 1112 227 9 4
120 121 1113 1095 4
1095 1113 1114 1096 4
1096 1114 1115 1097 4
1097 1115 1116 1098 4
1098 1116 1117 1099 4
1099 1117 1118 1100 4
1100 1118 1119 1101 4
1101 1119 1120 1102 4
1102 1120 1121 1103 4
1103 1121 1122 1104 4
1104 1122 1123 1105 4
1105 1123 1124 1106 4
1106 1124 1125 1107 4
1107 1125 1126 1108 4
1108 1126 1127 1109 4
1109 1127 1128 1110 4
1110 1128 1129 1111 4
1111 1129 1130 1112 4
1112 1130 228 227 4
121 122 1131 1113 4
1113 1131 1132 1114 4
1114 1132 1133 1115 4
1115 1133 1134 1116 4
1116 1134 1135 1117 4
1117 1135 1136 1118 4
1118 1136 1137 1119 4
1119 1137 1138 1120 4
1120 1138 1139 1121 4
1121 1139 1140 1122 4
1122 1140 1141 1123 4
1123 1141 1142 1124 4
1124 1142 1143 1125 4
1125 1143 1144 1126 4
1126 1144 1145 1127 4
1127 1145 1146 1128 4
1128 1146 1147 1129 4
1129 1147 1148 1130 4
1130 1148 229 228 4
122 123 1149 1131 4
1131 1149 1150 1132 4
1132 1150 1151 1133 4
1133 1151 1152 1134 4
1134 1152 1153 1135 4
1135 1153 1154 1136 4
1136 1154 1155 1137 4
1137 1155 1156 1138 4
1138 1156 1157 1139 4
1139 1157 1158 1140 4
1140 1158 1159 1141 4
1141 1159 1160 1142 4
1142 1160 1161 1143 4
1143 1161 1162 1144 4
1144 1162 1163 1145 4
1145 1163 1164 1146 4
1146 1164 1165 1147 4
1147 1165 1166 1148 4
1148 1166 230 229 4
123 124 1167 1149 4
1149 1167 1168 1150 4
1150 1168 1169 1151 4
1151 1169 1170 1152 4
1152 1170 1171 1153 4
1153 1171 1172 1154 4
1154 1172 1173 1155 4
1155 1173 1174 1156 4
1156 1174 1175 1157 4
1157 1175 1176 1158 4
1158 1176 1177 1159 4
1159 1177 1178 1160 4
1160 1178 1179 1161 4
1161 1179 1180 1162 4
1162 1180 1181 1163 4
1163 1181 1182 1164 4
1164 1182 1183 1165 4
1165 1183 1184 1166 4
1166 1184 231 230 4
124 125 1185 1167 4
1167 1185 1186 1168 4
1168 1186 1187 1169 4
1169 1187 1188 1170 4
1170 1188 1189 1171 4
1171 1189 1190 1172 4
1172 1190 1191 1173 4
1173 1191 1192 1174 4
1174 1192 1193 1175 4
1175 1193 1194 1176 4
1176 1194 1195 1177 4
1177 1195 1196 1178 4
1178 1196 1197 1179 4
1179 1197 1198 1180 4
1180 1198 1199 1181 4
1181 1199 1200 1182 4
1182 1200 1201 1183 4
1183 1201 1202 1184 4
1184 1202 232 231 4
125 126 1203 1185 4
1185 1203 1204 1186 4
1186 1204 1205 1187 4
1187 1205 1206 1188 4
1188 1206 1207 1189 4
1189 1207 1208 1190 4
1190 1208 1209 1191 4
1191 1209 1210 1192 4
1192 1210 1211 1193 4
1193 1211 1212 1194 4
1194 1212 1213 1195 4
1195 1213 1214 1196 4
1196 1214 1215 1197 4
1197 1215 1216 1198 4
1198 1216 1217 1199 4
1199 1217 1218 1200 4
1200 1218 1219 1201 4
1201 1219 1220 1202 4
1202 1220 233 232 4
126 5 184 1203 4
1203 184 185 1204 4
1204 185 186 1205 4
1205 186 187 1206 4
1206 187 188 1207 4
1207 188 189 1208 4
1208 189 190 1209 4
1209 190 191 1210 4
1210 191 192 1211 4
1211 192 193 1212 4
1212 193 194 1213 4
1213 194 195 1214 4
1214 195 196 1215 4
1215 196 197 1216 4
1216 197 198 1217 4
1217 198 199 1218 4
1218 199 200 1219 4
1219 200 201 1220 4
1220 201 11 233 4
7 140 1221 209 2
209 1221 1222 210 2
210 1222 1223 211 2
211 1223 1224 212 2
212 1224 1225 213 2
213 1225 1226 214 2
214 1226 1227 215 2
215 1227 1228 216 2
216 1228 1229 217 2
217 1229 1230 218 2
218 1230 1231 219 2
219 1231 1232 220 2
220 1232 1233 221 2
221 1233 1234 222 2
222 1234 1235 223 2
223 1235 1236 224 2
224 1236 1237 225 2
225 1237 1238 226 2
226 1238 240 12 2
140 139 1239 1221 2
1221 1239 1240 1222 2
1222 1240 1241 1223 2
1223 1241 1242 1224 2
1224 1242 1243 1225 2
1225 1243 1244 1226 2
1226 1244 1245 1227 2
1227 1245 1246 1228 2
1228 1246 1247 1229 2
1229 1247 1248 1230 2
1230 1248 1249 1231 2
1231 1249 1250 1232 2
1232 1250 1251 1233 2
1233 1251 1252 1234 2
1234 1252 1253 1235 2
1235 1253 1254 1236 2
1236 1254 1255 1237 2
1237 1255 1256 1238 2
1238 1256 239 240 2
139 138 1257 1239 2
1239 1257 1258 1240 2
1240 1258 1259 1241 2
1241 1259 1260 1242 2
1242 1260 1261 1243 2
1243 1261 1262 1244 2
1244 1262 1263 1245 2
1245 1263 1264 1246 2
1246 1264 1265 1247 2
1247 1265 1266 1248 2
1248 1266 1267 1249 2
1249 1267 1268 1250 2
1250 1268 1269 1251 2
1251 1269 1270 1252 2
1252 1270 1271 1253 2
1253 1271 1272 1254 2
1254 1272 1273 1255 2
1255 1273 1274 1256 2
1256 1274 238 239 2
138 137 1275 1257 2
1257 1275 1276 1258 2
1258 1276 1277 1259 2
1259 1277 1278 1260 2
1260 1278 1279 1261 2
1261 1279 1280 1262 2
1262 1280 1281 1263 2
1263 1281 1282 1264 2
1264 1282 1283 1265 2
1265 1283 1284 1266 2
1266 1284 1285 1267 2
1267 1285 1286 1268 2
1268 1286 1287 1269 2
1269 1287 1288 1270 2
1270 1288 1289 1271 2
1271 1289 1290 1272 2
1272 1290 1291 1273 2
1273 1291 1292 1274 2
1274 1292 237 238 2
137 136 1293 1275 2
1275 1293 1294 1276 2
1276 1294 1295 1277 2
1277 1295 1296 1278 2
1278 1296 1297 1279 2
1279 1297 1298 1280 2
1280 1298 1299 1281 2
1281 1299 1300 1282 2
1282 1300 1301 1283 2
1283 1301 1302 1284 2
1284 1302 1303 1285 2
1285 1303 1304 1286 2
1286 1304 1305 1287 2
1287 1305 1306 1288 2
1288 1306 1307 1289 2
1289 1307 1308 1290 2
1290 1308 1309 1291 2
1291 1309 1310 1292 2
1292 1310 236 237 2
136 135 1311 1293 2
1293 1311 1312 1294 2
1294 1312 1313 1295 2
1295 1313 1314 1296 2
1296 1314 1315 1297 2
1297 1315 1316 1298 2
1298 1316 1317 1299 2
1299 1317 1318 1300 2
1300 1318 1319 1301 2
1301 1319 1320 1302 2
1302 1320 1321 1303 2
1303 1321 1322 1304 2
1304 1322 1323 1305 2
1305 1323 1324 1306 2
1306 1324 1325 1307 2
1307 1325 1326 1308 2
1308 1326 1327 1309 2
1309 1327 1328 1310 2
1310 1328 235 236 2
135 134 1329 1311 2
1311 1329 1330 1312 2
1312 1330 1331 1313 2
1313 1331 1332 1314 2
1314 1332 1333 1315 2
1315 1333 1334 1316 2
1316 1334 1335 1317 2
1317 1335 1336 1318 2
1318 1336 1337 1319 2
1319 1337 1338 1320 2
1320 1338 1339 1321 2
1321 1339 1340 1322 2
1322 1340 1341 1323 2
1323 1341 1342 1324 2
1324 1342 1343 1325 2
1325 1343 1344 1326 2
1326 1344 1345 1327 2
1327 1345 1346 1328 2
1328 1346 234 235 2
134 3 166 1329 2
1329 166 167 1330 2
1330 167 168 1331 2
1331 168 169 1332 2
1332 169 170 1333 2
1333 170 171 1334 2
1334 171 172 1335 2
1335 172 173 1336 2
1336 173 174 1337 2
1337 174 175 1338 2
1338 175 176 1339 2
1339 176 177 1340 2
1340 177 178 1341 2
1341 178 179 1342 2
1342 179 180 1343 2
1343 180 181 1344 2
1344 181 182 1345 2
1345 182 183 1346 2
1346 183 10 234 2
10 165 1347 234 1
234 1347 1348 235 1
235 1348 1349 236 1
236 1349 1350 237 1
237 1350 1351 238 1
238 1351 1352 239 1
239 1352 1353 240 1
240 1353 208 12 1
165 164 1354 1347 1
1347 1354 1355 1348 1
1348 1355 1356 1349 1
1349 1356 1357 1350 1
1350 1357 1358 1351 1
1351 1358 1359 1352 1
1352 1359 1360 1353 1
1353 1360 207 208 1
164 163 1361 1354 1
1354 1361 1362 1355 1
1355 1362 1363 1356 1
1356 1363 1364 1357 1
1357 1364 1365 1358 1
1358 1365 1366 1359 1
1359 1366 1367 1360 1
1360 1367 206 207 1
163 162 1368 1361 1
1361 1368 1369 1362 1
1362 1369 1370 1363 1
1363 1370 1371 1364 1
1364 1371 1372 1365 1
1365 1372 1373 1366 1
1366 1373 1374 1367 1
1367 1374 205 206 1
162 161 1375 1368 1
1368 1375 1376 1369 1
1369 1376 1377 1370 1
1370 1377 1378 1371 1
1371 1378 1379 1372 1
1372 1379 1380 1373 1
1373 1380 1381 1374 1
1374 1381 204 205 1
161 160 1382 1375 1
1375 1382 1383 1376 1
1376 1383 1384 1377 1
1377 1384 1385 1378 1
1378 1385 1386 1379 1
1379 1386 1387 1380 1
1380 1387 1388 1381 1
1381 1388 203 204 1
160 159 1389 1382 1
1382 1389 1390 1383 1
1383 1390 1391 1384 1
1384 1391 1392 1385 1
1385 1392 1393 1386 1
1386 1393 1394 1387 1
1387 1394 1395 1388 1
1388 1395 202 203 1
159 9 227 1389 1
1389 227 228 1390 1
1390 228 229 1391 1
1391 229 230 1392 1
1392 230 231 1393 1
1393 231 232 1394 1
1394 232 233 1395 1
1395 233 11 202 1

Edges
248
2 13 0
13 14 0
14 15 0
15 16 0
16 17 0
17 18 0
18 19 0
19 20 0
20 21 0
21 22 0
22 23 0
23 24 0
24 25 0
25 26 0
26 27 0
27 28 0
28 29 0
29 30 0
30 1 0
1 31 0
31 32 0
32 33 0
33 34 0
34 35 0
35 36 0
36 37 0
37 3 0
4 38 0
38 39 0
39 40 0
40 41 0
41 42 0
42 43 0
43 44 0
44 45 0
45 46 0
46 47 0
47 48 0
48 49 0
49 50 0
50 51 0
51 52 0
52 53 0
53 54 0
54 55 0
55 3 0
2 56 0
56 57 0
57 58 0
58 59 0
59 60 0
60 61 0
61 62 0
62 4 0
6 63 0
63 64 0
64 65 0
65 66 0
66 67 0
67 68 0
68 69 0
69 70 0
70 71 0
71 72 0
72 73 0
73 74 0
74 75 0
75 76 0
76 77 0
77 78 0
78 79 0
79 80 0
80 5 0
5 81 0
81 82 0
82 83 0
83 84 0
84 85 0
85 86 0
86 87 0
87 7 0
8 88 0
88 89 0
89 90 0
90 91 0
91 92 0
92 93 0
93 94 0
94 95 0
95 96 0
96 97 0
97 98 0
98 99 0
99 100 0
100 101 0
101 102 0
102 103 0
103 104 0
104 105 0
105 7 0
6 106 0
106 107 0
107 108 0
108 109 0
109 110 0
110 111 0
111 112 0
112 8 0
2 113 0
113 114 0
114 115 0
115 116 0
116 117 0
117 118 0
118 119 0
119 6 0
1 120 0
120 121 0
121 122 0
122 123 0
123 124 0
124 125 0
125 126 0
126 5 0
4 127 0
127 128 0
128 129 0
129 130 0
130 131 0
131 132 0
132 133 0
133 8 0
3 134 0
134 135 0
135 136 0
136 137 0
137 138 0
138 139 0
139 140 0
140 7 0
1 141 0
141 142 0
142 143 0
143 144 0
144 145 0
145 146 0
146 147 0
147 148 0
148 149 0
149 150 0
150 151 0
151 152 0
152 153 0
153 154 0
154 155 0
155 156 0
156 157 0
157 158 0
158 9 0
9 159 0
159 160 0
160 161 0
161 162 0
162 163 0
163 164 0
164 165 0
165 10 0
3 166 0
166 167 0
167 168 0
168 169 0
169 170 0
170 171 0
171 172 0
172 173 0
173 174 0
174 175 0
175 176 0
176 177 0
177 178 0
178 179 0
179 180 0
180 181 0
181 182 0
182 183 0
183 10 0
5 184 0
184 185 0
185 186 0
186 187 0
187 188 0
188 189 0
189 190 0
190 191 0
191 192 0
192 193 0
193 194 0
194 195 0
195 196 0
196 197 0
197 198 0
198 199 0
199 200 0
200 201 0
201 11 0
11 202 0
202 203 0
203 204 0
204 205 0
205 206 0
206 207 0
207 208 0
208 12 0
7 209 0
209 210 0
210 211 0
211 212 0
212 213 0
213 214 0
214 215 0
215 216 0
216 217 0
217 218 0
218 219 0
219 220 0
220 221 0
221 222 0
222 223 0
223 224 0
224 225 0
225 226 0
226 12 0
9 227 0
227 228 0
228 229 0
229 230 0
230 231 0
231 232 0
232 233 0
233 11 0
10 234 0
234 235 0
235 236 0
236 237 0
237 238 0
238 239 0
239 240 0
240 12 0

End
