MeshVersionFormatted 2
Dimension 3

Vertices
8450
0.0000000000000000e+00 0.0000000000000000e+00 1.5625000000000000e-02 0
0.0000000000000000e+00 0.0000000000000000e+00 0.0000000000000000e+00 0
0.0000000000000000e+00 1.0000000000000000e+00 1.5625000000000000e-02 0
0.0000000000000000e+00 1.0000000000000000e+00 0.0000000000000000e+00 0
1.0000000000000000e+00 0.0000000000000000e+00 1.5625000000000000e-02 0
1.0000000000000000e+00 0.0000000000000000e+00 0.0000000000000000e+00 0
1.0000000000000000e+00 1.0000000000000000e+00 1.5625000000000000e-02 0
1.0000000000000000e+00 1.0000000000000000e+00 0.0000000000000000e+00 0
0.0000000000000000e+00 1.5625000000000000e-02 1.5625000000000000e-02 0
0.0000000000000000e+00 3.1250000000000000e-02 1.5625000000000000e-02 0
0.0000000000000000e+00 4.6875000000000000e-02 1.5625000000000000e-02 0
0.0000000000000000e+00 6.2500000000000000e-02 1.5625000000000000e-02 0
0.0000000000000000e+00 7.8125000000000000e-02 1.5625000000000000e-02 0
0.0000000000000000e+00 9.3750000000000000e-02 1.5625000000000000e-02 0
0.0000000000000000e+00 1.0937500000000000e-01 1.5625000000000000e-02 0
0.0000000000000000e+00 1.2500000000000000e-01 1.5625000000000000e-02 0
0.0000000000000000e+00 1.4062500000000000e-01 1.5625000000000000e-02 0
0.0000000000000000e+00 1.5625000000000000e-01 1.5625000000000000e-02 0
0.0000000000000000e+00 1.7187500000000000e-01 1.5625000000000000e-02 0
0.0000000000000000e+00 1.8750000000000000e-01 1.5625000000000000e-02 0
0.0000000000000000e+00 2.0312500000000000e-01 1.5625000000000000e-02 0
0.0000000000000000e+00 2.1875000000000000e-01 1.5625000000000000e-02 0
0.0000000000000000e+00 2.3437500000000000e-01 1.5625000000000000e-02 0
0.0000000000000000e+00 2.5000000000000000e-01 1.5625000000000000e-02 0
0.0000000000000000e+00 2.6562500000000000e-01 1.5625000000000000e-02 0
0.0000000000000000e+00 2.8125000000000000e-01 1.5625000000000000e-02 0
0.0000000000000000e+00 2.9687500000000000e-01 1.5625000000000000e-02 0
0.0000000000000000e+00 3.1250000000000000e-01 1.5625000000000000e-02 0
0.0000000000000000e+00 3.2812500000000000e-01 1.5625000000000000e-02 0
0.0000000000000000e+00 3.4375000000000000e-01 1.5625000000000000e-02 0
0.0000000000000000e+00 3.5937500000000000e-01 1.5625000000000000e-02 0
0.0000000000000000e+00 3.7500000000000000e-01 1.5625000000000000e-02 0
0.0000000000000000e+00 3.9062500000000000e-01 1.5625000000000000e-02 0
0.0000000000000000e+00 4.0625000000000000e-01 1.5625000000000000e-02 0
0.0000000000000000e+00 4.2187500000000000e-01 1.5625000000000000e-02 0
0.0000000000000000e+00 4.3750000000000000e-01 1.5625000000000000e-02 0
0.0000000000000000e+00 4.5312500000000000e-01 1.5625000000000000e-02 0
0.0000000000000000e+00 4.6875000000000000e-01 1.5625000000000000e-02 0
0.0000000000000000e+00 4.8437500000000000e-01 1.5625000000000000e-02 0
0.0000000000000000e+00 5.0000000000000000e-01 1.5625000000000000e-02 0
0.0000000000000000e+00 5.1562500000000000e-01 1.5625000000000000e-02 0
0.0000000000000000e+00 5.3125000000000000e-01 1.5625000000000000e-02 0
0.0000000000000000e+00 5.4687500000000000e-01 1.5625000000000000e-02 0
0.0000000000000000e+00 5.6250000000000000e-01 1.5625000000000000e-02 0
0.0000000000000000e+00 5.7812500000000000e-01 1.5625000000000000e-02 0
0.0000000000000000e+00 5.9375000000000000e-01 1.5625000000000000e-02 0
0.0000000000000000e+00 6.0937500000000000e-01 1.5625000000000000e-02 0
0.0000000000000000e+00 6.2500000000000000e-01 1.5625000000000000e-02 0
0.0000000000000000e+00 6.4062500000000000e-01 1.5625000000000000e-02 0
0.0000000000000000e+00 6.5625000000000000e-01 1.5625000000000000e-02 0
0.0000000000000000e+00 6.7187500000000000e-01 1.5625000000000000e-02 0
0.0000000000000000e+00 6.8750000000000000e-01 1.5625000000000000e-02 0
0.0000000000000000e+00 7.0312500000000000e-01 1.5625000000000000e-02 0
0.0000000000000000e+00 7.1875000000000000e-01 1.5625000000000000e-02 0
0.0000000000000000e+00 7.3437500000000000e-01 1.5625000000000000e-02 0
0.0000000000000000e+00 7.5000000000000000e-01 1.5625000000000000e-02 0
0.0000000000000000e+00 7.6562500000000000e-01 1.5625000000000000e-02 0
0.0000000000000000e+00 7.8125000000000000e-01 1.5625000000000000e-02 0
0.0000000000000000e+00 7.9687500000000000e-01 1.5625000000000000e-02 0
0.0000000000000000e+00 8.1250000000000000e-01 1.5625000000000000e-02 0
0.0000000000000000e+00 8.2812500000000000e-01 1.5625000000000000e-02 0
0.0000000000000000e+00 8.4375000000000000e-01 1.5625000000000000e-02 0
0.0000000000000000e+00 8.5937500000000000e-01 1.5625000000000000e-02 0
0.0000000000000000e+00 8.7500000000000000e-01 1.5625000000000000e-02 0
0.0000000000000000e+00 8.9062500000000000e-01 1.5625000000000000e-02 0
0.0000000000000000e+00 9.0625000000000000e-01 1.5625000000000000e-02 0
0.0000000000000000e+00 9.2187500000000000e-01 1.5625000000000000e-02 0
0.0000000000000000e+00 9.3750000000000000e-01 1.5625000000000000e-02 0
0.0000000000000000e+00 9.5312500000000000e-01 1.5625000000000000e-02 0
0.0000000000000000e+00 9.6875000000000000e-01 1.5625000000000000e-02 0
0.0000000000000000e+00 9.8437500000000000e-01 1.5625000000000000e-02 0
0.0000000000000000e+00 1.5625000000000000e-02 0.0000000000000000e+00 0
0.0000000000000000e+00 3.1250000000000000e-02 0.0000000000000000e+00 0
0.0000000000000000e+00 4.6875000000000000e-02 0.0000000000000000e+00 0
0.0000000000000000e+00 6.2500000000000000e-02 0.0000000000000000e+00 0
0.0000000000000000e+00 7.8125000000000000e-02 0.0000000000000000e+00 0
0.0000000000000000e+00 9.3750000000000000e-02 0.0000000000000000e+00 0
0.0000000000000000e+00 1.0937500000000000e-01 0.0000000000000000e+00 0
0.0000000000000000e+00 1.2500000000000000e-01 0.0000000000000000e+00 0
0.0000000000000000e+00 1.4062500000000000e-01 0.0000000000000000e+00 0
0.0000000000000000e+00 1.5625000000000000e-01 0.0000000000000000e+00 0
0.0000000000000000e+00 1.7187500000000000e-01 0.0000000000000000e+00 0
0.0000000000000000e+00 1.8750000000000000e-01 0.0000000000000000e+00 0
0.0000000000000000e+00 2.0312500000000000e-01 0.0000000000000000e+00 0
0.0000000000000000e+00 2.1875000000000000e-01 0.0000000000000000e+00 0
0.0000000000000000e+00 2.3437500000000000e-01 0.0000000000000000e+00 0
0.0000000000000000e+00 2.5000000000000000e-01 0.0000000000000000e+00 0
0.0000000000000000e+00 2.6562500000000000e-01 0.0000000000000000e+00 0
0.0000000000000000e+00 2.8125000000000000e-01 0.0000000000000000e+00 0
0.0000000000000000e+00 2.9687500000000000e-01 0.0000000000000000e+00 0
0.0000000000000000e+00 3.1250000000000000e-01 0.0000000000000000e+00 0
0.0000000000000000e+00 3.2812500000000000e-01 0.0000000000000000e+00 0
0.0000000000000000e+00 3.4375000000000000e-01 0.0000000000000000e+00 0
0.0000000000000000e+00 3.5937500000000000e-01 0.0000000000000000e+00 0
0.0000000000000000e+00 3.7500000000000000e-01 0.0000000000000000e+00 0
0.0000000000000000e+00 3.9062500000000000e-01 0.0000000000000000e+00 0
0.0000000000000000e+00 4.0625000000000000e-01 0.0000000000000000e+00 0
0.0000000000000000e+00 4.2187500000000000e-01 0.0000000000000000e+00 0
0.0000000000000000e+00 4.3750000000000000e-01 0.0000000000000000e+00 0
0.0000000000000000e+00 4.5312500000000000e-01 0.0000000000000000e+00 0
0.0000000000000000e+00 4.6875000000000000e-01 0.0000000000000000e+00 0
0.0000000000000000e+00 4.8437500000000000e-01 0.0000000000000000e+00 0
0.0000000000000000e+00 5.0000000000000000e-01 0.0000000000000000e+00 0
0.0000000000000000e+00 5.1562500000000000e-01 0.0000000000000000e+00 0
0.0000000000000000e+00 5.3125000000000000e-01 0.0000000000000000e+00 0
0.0000000000000000e+00 5.4687500000000000e-01 0.0000000000000000e+00 0
0.0000000000000000e+00 5.6250000000000000e-01 0.0000000000000000e+00 0
0.0000000000000000e+00 5.7812500000000000e-01 0.0000000000000000e+00 0
0.0000000000000000e+00 5.9375000000000000e-01 0.0000000000000000e+00 0
0.0000000000000000e+00 6.0937500000000000e-01 0.0000000000000000e+00 0
0.0000000000000000e+00 6.2500000000000000e-01 0.0000000000000000e+00 0
0.0000000000000000e+00 6.4062500000000000e-01 0.0000000000000000e+00 0
0.0000000000000000e+00 6.5625000000000000e-01 0.0000000000000000e+00 0
0.0000000000000000e+00 6.7187500000000000e-01 0.0000000000000000e+00 0
0.0000000000000000e+00 6.8750000000000000e-01 0.0000000000000000e+00 0
0.0000000000000000e+00 7.0312500000000000e-01 0.0000000000000000e+00 0
0.0000000000000000e+00 7.1875000000000000e-01 0.0000000000000000e+00 0
0.0000000000000000e+00 7.3437500000000000e-01 0.0000000000000000e+00 0
0.0000000000000000e+00 7.5000000000000000e-01 0.0000000000000000e+00 0
0.0000000000000000e+00 7.6562500000000000e-01 0.0000000000000000e+00 0
0.0000000000000000e+00 7.8125000000000000e-01 0.0000000000000000e+00 0
0.0000000000000000e+00 7.9687500000000000e-01 0.0000000000000000e+00 0
0.0000000000000000e+00 8.1250000000000000e-01 0.0000000000000000e+00 0
0.0000000000000000e+00 8.2812500000000000e-01 0.0000000000000000e+00 0
0.0000000000000000e+00 8.4375000000000000e-01 0.0000000000000000e+00 0
0.0000000000000000e+00 8.5937500000000000e-01 0.0000000000000000e+00 0
0.0000000000000000e+00 8.7500000000000000e-01 0.0000000000000000e+00 0
0.0000000000000000e+00 8.9062500000000000e-01 0.0000000000000000e+00 0
0.0000000000000000e+00 9.0625000000000000e-01 0.0000000000000000e+00 0
0.0000000000000000e+00 9.2187500000000000e-01 0.0000000000000000e+00 0
0.0000000000000000e+00 9.3750000000000000e-01 0.0000000000000000e+00 0
0.0000000000000000e+00 9.5312500000000000e-01 0.0000000000000000e+00 0
0.0000000000000000e+00 9.6875000000000000e-01 0.0000000000000000e+00 0
0.0000000000000000e+00 9.8437500000000000e-01 0.0000000000000000e+00 0
1.0000000000000000e+00 1.5625000000000000e-02 1.5625000000000000e-02 0
1.0000000000000000e+00 3.1250000000000000e-02 1.5625000000000000e-02 0
1.0000000000000000e+00 4.6875000000000000e-02 1.5625000000000000e-02 0
1.0000000000000000e+00 6.2500000000000000e-02 1.5625000000000000e-02 0
1.0000000000000000e+00 7.8125000000000000e-02 1.5625000000000000e-02 0
1.0000000000000000e+00 9.3750000000000000e-02 1.5625000000000000e-02 0
1.0000000000000000e+00 1.0937500000000000e-01 1.5625000000000000e-02 0
1.0000000000000000e+00 1.2500000000000000e-01 1.5625000000000000e-02 0
1.0000000000000000e+00 1.4062500000000000e-01 1.5625000000000000e-02 0
1.0000000000000000e+00 1.5625000000000000e-01 1.5625000000000000e-02 0
1.0000000000000000e+00 1.7187500000000000e-01 1.5625000000000000e-02 0
1.0000000000000000e+00 1.8750000000000000e-01 1.5625000000000000e-02 0
1.0000000000000000e+00 2.0312500000000000e-01 1.5625000000000000e-02 0
1.0000000000000000e+00 2.1875000000000000e-01 1.5625000000000000e-02 0
1.0000000000000000e+00 2.3437500000000000e-01 1.5625000000000000e-02 0
1.0000000000000000e+00 2.5000000000000000e-01 1.5625000000000000e-02 0
1.0000000000000000e+00 2.6562500000000000e-01 1.5625000000000000e-02 0
1.0000000000000000e+00 2.8125000000000000e-01 1.5625000000000000e-02 0
1.0000000000000000e+00 2.9687500000000000e-01 1.5625000000000000e-02 0
1.0000000000000000e+00 3.1250000000000000e-01 1.5625000000000000e-02 0
1.0000000000000000e+00 3.2812500000000000e-01 1.5625000000000000e-02 0
1.0000000000000000e+00 3.4375000000000000e-01 1.5625000000000000e-02 0
1.0000000000000000e+00 3.5937500000000000e-01 1.5625000000000000e-02 0
1.0000000000000000e+00 3.7500000000000000e-01 1.5625000000000000e-02 0
1.0000000000000000e+00 3.9062500000000000e-01 1.5625000000000000e-02 0
1.0000000000000000e+00 4.0625000000000000e-01 1.5625000000000000e-02 0
1.0000000000000000e+00 4.2187500000000000e-01 1.5625000000000000e-02 0
1.0000000000000000e+00 4.3750000000000000e-01 1.5625000000000000e-02 0
1.0000000000000000e+00 4.5312500000000000e-01 1.5625000000000000e-02 0
1.0000000000000000e+00 4.6875000000000000e-01 1.5625000000000000e-02 0
1.0000000000000000e+00 4.8437500000000000e-01 1.5625000000000000e-02 0
1.0000000000000000e+00 5.0000000000000000e-01 1.5625000000000000e-02 0
1.0000000000000000e+00 5.1562500000000000e-01 1.5625000000000000e-02 0
1.0000000000000000e+00 5.3125000000000000e-01 1.5625000000000000e-02 0
1.0000000000000000e+00 5.4687500000000000e-01 1.5625000000000000e-02 0
1.0000000000000000e+00 5.6250000000000000e-01 1.5625000000000000e-02 0
1.0000000000000000e+00 5.7812500000000000e-01 1.5625000000000000e-02 0
1.0000000000000000e+00 5.9375000000000000e-01 1.5625000000000000e-02 0
1.0000000000000000e+00 6.0937500000000000e-01 1.5625000000000000e-02 0
1.0000000000000000e+00 6.2500000000000000e-01 1.5625000000000000e-02 0
1.0000000000000000e+00 6.4062500000000000e-01 1.5625000000000000e-02 0
1.0000000000000000e+00 6.5625000000000000e-01 1.5625000000000000e-02 0
1.0000000000000000e+00 6.7187500000000000e-01 1.5625000000000000e-02 0
1.0000000000000000e+00 6.8750000000000000e-01 1.5625000000000000e-02 0
1.0000000000000000e+00 7.0312500000000000e-01 1.5625000000000000e-02 0
1.0000000000000000e+00 7.1875000000000000e-01 1.5625000000000000e-02 0
1.0000000000000000e+00 7.3437500000000000e-01 1.5625000000000000e-02 0
1.0000000000000000e+00 7.5000000000000000e-01 1.5625000000000000e-02 0
1.0000000000000000e+00 7.6562500000000000e-01 1.5625000000000000e-02 0
1.0000000000000000e+00 7.8125000000000000e-01 1.5625000000000000e-02 0
1.0000000000000000e+00 7.9687500000000000e-01 1.5625000000000000e-02 0
1.0000000000000000e+00 8.1250000000000000e-01 1.5625000000000000e-02 0
1.0000000000000000e+00 8.2812500000000000e-01 1.5625000000000000e-02 0
1.0000000000000000e+00 8.4375000000000000e-01 1.5625000000000000e-02 0
1.0000000000000000e+00 8.5937500000000000e-01 1.5625000000000000e-02 0
1.0000000000000000e+00 8.7500000000000000e-01 1.5625000000000000e-02 0
1.0000000000000000e+00 8.9062500000000000e-01 1.5625000000000000e-02 0
1.0000000000000000e+00 9.0625000000000000e-01 1.5625000000000000e-02 0
1.0000000000000000e+00 9.2187500000000000e-01 1.5625000000000000e-02 0
1.0000000000000000e+00 9.3750000000000000e-01 1.5625000000000000e-02 0
1.0000000000000000e+00 9.5312500000000000e-01 1.5625000000000000e-02 0
1.0000000000000000e+00 9.6875000000000000e-01 1.5625000000000000e-02 0
1.0000000000000000e+00 9.8437500000000000e-01 1.5625000000000000e-02 0
1.0000000000000000e+00 1.5625000000000000e-02 0.0000000000000000e+00 0
1.0000000000000000e+00 3.1250000000000000e-02 0.0000000000000000e+00 0
1.0000000000000000e+00 4.6875000000000000e-02 0.0000000000000000e+00 0
1.0000000000000000e+00 6.2500000000000000e-02 0.0000000000000000e+00 0
1.0000000000000000e+00 7.8125000000000000e-02 0.0000000000000000e+00 0
1.0000000000000000e+00 9.3750000000000000e-02 0.0000000000000000e+00 0
1.0000000000000000e+00 1.0937500000000000e-01 0.0000000000000000e+00 0
1.0000000000000000e+00 1.2500000000000000e-01 0.0000000000000000e+00 0
1.0000000000000000e+00 1.4062500000000000e-01 0.0000000000000000e+00 0
1.0000000000000000e+00 1.5625000000000000e-01 0.0000000000000000e+00 0
1.0000000000000000e+00 1.7187500000000000e-01 0.0000000000000000e+00 0
1.0000000000000000e+00 1.8750000000000000e-01 0.0000000000000000e+00 0
1.0000000000000000e+00 2.0312500000000000e-01 0.0000000000000000e+00 0
1.0000000000000000e+00 2.1875000000000000e-01 0.0000000000000000e+00 0
1.0000000000000000e+00 2.3437500000000000e-01 0.0000000000000000e+00 0
1.0000000000000000e+00 2.5000000000000000e-01 0.0000000000000000e+00 0
1.0000000000000000e+00 2.6562500000000000e-01 0.0000000000000000e+00 0
1.0000000000000000e+00 2.8125000000000000e-01 0.0000000000000000e+00 0
1.0000000000000000e+00 2.9687500000000000e-01 0.0000000000000000e+00 0
1.0000000000000000e+00 3.1250000000000000e-01 0.0000000000000000e+00 0
1.0000000000000000e+00 3.2812500000000000e-01 0.0000000000000000e+00 0
1.0000000000000000e+00 3.4375000000000000e-01 0.0000000000000000e+00 0
1.0000000000000000e+00 3.5937500000000000e-01 0.0000000000000000e+00 0
1.0000000000000000e+00 3.7500000000000000e-01 0.0000000000000000e+00 0
1.0000000000000000e+00 3.9062500000000000e-01 0.0000000000000000e+00 0
1.0000000000000000e+00 4.0625000000000000e-01 0.0000000000000000e+00 0
1.0000000000000000e+00 4.2187500000000000e-01 0.0000000000000000e+00 0
1.0000000000000000e+00 4.3750000000000000e-01 0.0000000000000000e+00 0
1.0000000000000000e+00 4.5312500000000000e-01 0.0000000000000000e+00 0
1.0000000000000000e+00 4.6875000000000000e-01 0.0000000000000000e+00 0
1.0000000000000000e+00 4.8437500000000000e-01 0.0000000000000000e+00 0
1.0000000000000000e+00 5.0000000000000000e-01 0.0000000000000000e+00 0
1.0000000000000000e+00 5.1562500000000000e-01 0.0000000000000000e+00 0
1.0000000000000000e+00 5.3125000000000000e-01 0.0000000000000000e+00 0
1.0000000000000000e+00 5.4687500000000000e-01 0.0000000000000000e+00 0
1.0000000000000000e+00 5.6250000000000000e-01 0.0000000000000000e+00 0
1.0000000000000000e+00 5.7812500000000000e-01 0.0000000000000000e+00 0
1.0000000000000000e+00 5.9375000000000000e-01 0.0000000000000000e+00 0
1.0000000000000000e+00 6.0937500000000000e-01 0.0000000000000000e+00 0
1.0000000000000000e+00 6.2500000000000000e-01 0.0000000000000000e+00 0
1.0000000000000000e+00 6.4062500000000000e-01 0.0000000000000000e+00 0
1.0000000000000000e+00 6.5625000000000000e-01 0.0000000000000000e+00 0
1.0000000000000000e+00 6.7187500000000000e-01 0.0000000000000000e+00 0
1.0000000000000000e+00 6.8750000000000000e-01 0.0000000000000000e+00 0
1.0000000000000000e+00 7.0312500000000000e-01 0.0000000000000000e+00 0
1.0000000000000000e+00 7.1875000000000000e-01 0.0000000000000000e+00 0
1.0000000000000000e+00 7.3437500000000000e-01 0.0000000000000000e+00 0
1.0000000000000000e+00 7.5000000000000000e-01 0.0000000000000000e+00 0
1.0000000000000000e+00 7.6562500000000000e-01 0.0000000000000000e+00 0
1.0000000000000000e+00 7.8125000000000000e-01 0.0000000000000000e+00 0
1.0000000000000000e+00 7.9687500000000000e-01 0.0000000000000000e+00 0
1.0000000000000000e+00 8.1250000000000000e-01 0.0000000000000000e+00 0
1.0000000000000000e+00 8.2812500000000000e-01 0.0000000000000000e+00 0
1.0000000000000000e+00 8.4375000000000000e-01 0.0000000000000000e+00 0
1.0000000000000000e+00 8.5937500000000000e-01 0.0000000000000000e+00 0
1.0000000000000000e+00 8.7500000000000000e-01 0.0000000000000000e+00 0
1.0000000000000000e+00 8.9062500000000000e-01 0.0000000000000000e+00 0
1.0000000000000000e+00 9.0625000000000000e-01 0.0000000000000000e+00 0
1.0000000000000000e+00 9.2187500000000000e-01 0.0000000000000000e+00 0
1.0000000000000000e+00 9.3750000000000000e-01 0.0000000000000000e+00 0
1.0000000000000000e+00 9.5312500000000000e-01 0.0000000000000000e+00 0
1.0000000000000000e+00 9.6875000000000000e-01 0.0000000000000000e+00 0
1.0000000000000000e+00 9.8437500000000000e-01 0.0000000000000000e+00 0
1.5625000000000000e-02 0.0000000000000000e+00 0.0000000000000000e+00 0
3.1250000000000000e-02 0.0000000000000000e+00 0.0000000000000000e+00 0
4.6875000000000000e-02 0.0000000000000000e+00 0.0000000000000000e+00 0
6.2500000000000000e-02 0.0000000000000000e+00 0.0000000000000000e+00 0
7.8125000000000000e-02 0.0000000000000000e+00 0.0000000000000000e+00 0
9.3750000000000000e-02 0.0000000000000000e+00 0.0000000000000000e+00 0
1.0937500000000000e-01 0.0000000000000000e+00 0.0000000000000000e+00 0
1.2500000000000000e-01 0.0000000000000000e+00 0.0000000000000000e+00 0
1.4062500000000000e-01 0.0000000000000000e+00 0.0000000000000000e+00 0
1.5625000000000000e-01 0.0000000000000000e+00 0.0000000000000000e+00 0
1.7187500000000000e-01 0.0000000000000000e+00 0.0000000000000000e+00 0
1.8750000000000000e-01 0.0000000000000000e+00 0.0000000000000000e+00 0
2.0312500000000000e-01 0.0000000000000000e+00 0.0000000000000000e+00 0
2.1875000000000000e-01 0.0000000000000000e+00 0.0000000000000000e+00 0
2.3437500000000000e-01 0.0000000000000000e+00 0.0000000000000000e+00 0
2.5000000000000000e-01 0.0000000000000000e+00 0.0000000000000000e+00 0
2.6562500000000000e-01 0.0000000000000000e+00 0.0000000000000000e+00 0
2.8125000000000000e-01 0.0000000000000000e+00 0.0000000000000000e+00 0
2.9687500000000000e-01 0.0000000000000000e+00 0.0000000000000000e+00 0
3.1250000000000000e-01 0.0000000000000000e+00 0.0000000000000000e+00 0
3.2812500000000000e-01 0.0000000000000000e+00 0.0000000000000000e+00 0
3.4375000000000000e-01 0.0000000000000000e+00 0.0000000000000000e+00 0
3.5937500000000000e-01 0.0000000000000000e+00 0.0000000000000000e+00 0
3.7500000000000000e-01 0.0000000000000000e+00 0.0000000000000000e+00 0
3.9062500000000000e-01 0.0000000000000000e+00 0.0000000000000000e+00 0
4.0625000000000000e-01 0.0000000000000000e+00 0.0000000000000000e+00 0
4.2187500000000000e-01 0.0000000000000000e+00 0.0000000000000000e+00 0
4.3750000000000000e-01 0.0000000000000000e+00 0.0000000000000000e+00 0
4.5312500000000000e-01 0.0000000000000000e+00 0.0000000000000000e+00 0
4.6875000000000000e-01 0.0000000000000000e+00 0.0000000000000000e+00 0
4.8437500000000000e-01 0.0000000000000000e+00 0.0000000000000000e+00 0
5.0000000000000000e-01 0.0000000000000000e+00 0.0000000000000000e+00 0
5.1562500000000000e-01 0.0000000000000000e+00 0.0000000000000000e+00 0
5.3125000000000000e-01 0.0000000000000000e+00 0.0000000000000000e+00 0
5.4687500000000000e-01 0.0000000000000000e+00 0.0000000000000000e+00 0
5.6250000000000000e-01 0.0000000000000000e+00 0.0000000000000000e+00 0
5.7812500000000000e-01 0.0000000000000000e+00 0.0000000000000000e+00 0
5.9375000000000000e-01 0.0000000000000000e+00 0.0000000000000000e+00 0
6.0937500000000000e-01 0.0000000000000000e+00 0.0000000000000000e+00 0
6.2500000000000000e-01 0.0000000000000000e+00 0.0000000000000000e+00 0
6.4062500000000000e-01 0.0000000000000000e+00 0.0000000000000000e+00 0
6.5625000000000000e-01 0.0000000000000000e+00 0.0000000000000000e+00 0
6.7187500000000000e-01 0.0000000000000000e+00 0.0000000000000000e+00 0
6.8750000000000000e-01 0.0000000000000000e+00 0.0000000000000000e+00 0
7.0312500000000000e-01 0.0000000000000000e+00 0.0000000000000000e+00 0
7.1875000000000000e-01 0.0000000000000000e+00 0.0000000000000000e+00 0
7.3437500000000000e-01 0.0000000000000000e+00 0.0000000000000000e+00 0
7.5000000000000000e-01 0.0000000000000000e+00 0.0000000000000000e+00 0
7.6562500000000000e-01 0.0000000000000000e+00 0.0000000000000000e+00 0
7.8125000000000000e-01 0.0000000000000000e+00 0.0000000000000000e+00 0
7.9687500000000000e-01 0.0000000000000000e+00 0.0000000000000000e+00 0
8.1250000000000000e-01 0.0000000000000000e+00 0.0000000000000000e+00 0
8.2812500000000000e-01 0.0000000000000000e+00 0.0000000000000000e+00 0
8.4375000000000000e-01 0.0000000000000000e+00 0.0000000000000000e+00 0
8.5937500000000000e-01 0.0000000000000000e+00 0.0000000000000000e+00 0
8.7500000000000000e-01 0.0000000000000000e+00 0.0000000000000000e+00 0
8.9062500000000000e-01 0.0000000000000000e+00 0.0000000000000000e+00 0
9.0625000000000000e-01 0.0000000000000000e+00 0.0000000000000000e+00 0
9.2187500000000000e-01 0.0000000000000000e+00 0.0000000000000000e+00 0
9.3750000000000000e-01 0.0000000000000000e+00 0.0000000000000000e+00 0
9.5312500000000000e-01 0.0000000000000000e+00 0.0000000000000000e+00 0
9.6875000000000000e-01 0.0000000000000000e+00 0.0000000000000000e+00 0
9.8437500000000000e-01 0.0000000000000000e+00 0.0000000000000000e+00 0
1.5625000000000000e-02 0.0000000000000000e+00 1.5625000000000000e-02 0
3.1250000000000000e-02 0.0000000000000000e+00 1.5625000000000000e-02 0
4.6875000000000000e-02 0.0000000000000000e+00 1.5625000000000000e-02 0
6.2500000000000000e-02 0.0000000000000000e+00 1.5625000000000000e-02 0
7.8125000000000000e-02 0.0000000000000000e+00 1.5625000000000000e-02 0
9.3750000000000000e-02 0.0000000000000000e+00 1.5625000000000000e-02 0
1.0937500000000000e-01 0.0000000000000000e+00 1.5625000000000000e-02 0
1.2500000000000000e-01 0.0000000000000000e+00 1.5625000000000000e-02 0
1.4062500000000000e-01 0.0000000000000000e+00 1.5625000000000000e-02 0
1.5625000000000000e-01 0.0000000000000000e+00 1.5625000000000000e-02 0
1.7187500000000000e-01 0.0000000000000000e+00 1.5625000000000000e-02 0
1.8750000000000000e-01 0.0000000000000000e+00 1.5625000000000000e-02 0
2.0312500000000000e-01 0.0000000000000000e+00 1.5625000000000000e-02 0
2.1875000000000000e-01 0.0000000000000000e+00 1.5625000000000000e-02 0
2.3437500000000000e-01 0.0000000000000000e+00 1.5625000000000000e-02 0
2.5000000000000000e-01 0.0000000000000000e+00 1.5625000000000000e-02 0
2.6562500000000000e-01 0.0000000000000000e+00 1.5625000000000000e-02 0
2.8125000000000000e-01 0.0000000000000000e+00 1.5625000000000000e-02 0
2.9687500000000000e-01 0.0000000000000000e+00 1.5625000000000000e-02 0
3.1250000000000000e-01 0.0000000000000000e+00 1.5625000000000000e-02 0
3.2812500000000000e-01 0.0000000000000000e+00 1.5625000000000000e-02 0
3.4375000000000000e-01 0.0000000000000000e+00 1.5625000000000000e-02 0
3.5937500000000000e-01 0.0000000000000000e+00 1.5625000000000000e-02 0
3.7500000000000000e-01 0.0000000000000000e+00 1.5625000000000000e-02 0
3.9062500000000000e-01 0.0000000000000000e+00 1.5625000000000000e-02 0
4.0625000000000000e-01 0.0000000000000000e+00 1.5625000000000000e-02 0
4.2187500000000000e-01 0.0000000000000000e+00 1.5625000000000000e-02 0
4.3750000000000000e-01 0.0000000000000000e+00 1.5625000000000000e-02 0
4.5312500000000000e-01 0.0000000000000000e+00 1.5625000000000000e-02 0
4.6875000000000000e-01 0.0000000000000000e+00 1.5625000000000000e-02 0
4.8437500000000000e-01 0.0000000000000000e+00 1.5625000000000000e-02 0
5.0000000000000000e-01 0.0000000000000000e+00 1.5625000000000000e-02 0
5.1562500000000000e-01 0.0000000000000000e+00 1.5625000000000000e-02 0
5.3125000000000000e-01 0.0000000000000000e+00 1.5625000000000000e-02 0
5.4687500000000000e-01 0.0000000000000000e+00 1.5625000000000000e-02 0
5.6250000000000000e-01 0.0000000000000000e+00 1.5625000000000000e-02 0
5.7812500000000000e-01 0.0000000000000000e+00 1.5625000000000000e-02 0
5.9375000000000000e-01 0.0000000000000000e+00 1.5625000000000000e-02 0
6.0937500000000000e-01 0.0000000000000000e+00 1.5625000000000000e-02 0
6.2500000000000000e-01 0.0000000000000000e+00 1.5625000000000000e-02 0
6.4062500000000000e-01 0.0000000000000000e+00 1.5625000000000000e-02 0
6.5625000000000000e-01 0.0000000000000000e+00 1.5625000000000000e-02 0
6.7187500000000000e-01 0.0000000000000000e+00 1.5625000000000000e-02 0
6.8750000000000000e-01 0.0000000000000000e+00 1.5625000000000000e-02 0
7.0312500000000000e-01 0.0000000000000000e+00 1.5625000000000000e-02 0
7.1875000000000000e-01 0.0000000000000000e+00 1.5625000000000000e-02 0
7.3437500000000000e-01 0.0000000000000000e+00 1.5625000000000000e-02 0
7.5000000000000000e-01 0.0000000000000000e+00 1.5625000000000000e-02 0
7.6562500000000000e-01 0.0000000000000000e+00 1.5625000000000000e-02 0
7.8125000000000000e-01 0.0000000000000000e+00 1.5625000000000000e-02 0
7.9687500000000000e-01 0.0000000000000000e+00 1.5625000000000000e-02 0
8.1250000000000000e-01 0.0000000000000000e+00 1.5625000000000000e-02 0
8.2812500000000000e-01 0.0000000000000000e+00 1.5625000000000000e-02 0
8.4375000000000000e-01 0.0000000000000000e+00 1.5625000000000000e-02 0
8.5937500000000000e-01 0.0000000000000000e+00 1.5625000000000000e-02 0
8.7500000000000000e-01 0.0000000000000000e+00 1.5625000000000000e-02 0
8.9062500000000000e-01 0.0000000000000000e+00 1.5625000000000000e-02 0
9.0625000000000000e-01 0.0000000000000000e+00 1.5625000000000000e-02 0
9.2187500000000000e-01 0.0000000000000000e+00 1.5625000000000000e-02 0
9.3750000000000000e-01 0.0000000000000000e+00 1.5625000000000000e-02 0
9.5312500000000000e-01 0.0000000000000000e+00 1.5625000000000000e-02 0
9.6875000000000000e-01 0.0000000000000000e+00 1.5625000000000000e-02 0
9.8437500000000000e-01 0.0000000000000000e+00 1.5625000000000000e-02 0
1.5625000000000000e-02 1.0000000000000000e+00 0.0000000000000000e+00 0
3.1250000000000000e-02 1.0000000000000000e+00 0.0000000000000000e+00 0
4.6875000000000000e-02 1.0000000000000000e+00 0.0000000000000000e+00 0
6.2500000000000000e-02 1.0000000000000000e+00 0.0000000000000000e+00 0
7.8125000000000000e-02 1.0000000000000000e+00 0.0000000000000000e+00 0
9.3750000000000000e-02 1.0000000000000000e+00 0.0000000000000000e+00 0
1.0937500000000000e-01 1.0000000000000000e+00 0.0000000000000000e+00 0
1.2500000000000000e-01 1.0000000000000000e+00 0.0000000000000000e+00 0
1.4062500000000000e-01 1.0000000000000000e+00 0.0000000000000000e+00 0
1.5625000000000000e-01 1.0000000000000000e+00 0.0000000000000000e+00 0
1.7187500000000000e-01 1.0000000000000000e+00 0.0000000000000000e+00 0
1.8750000000000000e-01 1.0000000000000000e+00 0.0000000000000000e+00 0
2.0312500000000000e-01 1.0000000000000000e+00 0.0000000000000000e+00 0
2.1875000000000000e-01 1.0000000000000000e+00 0.0000000000000000e+00 0
2.3437500000000000e-01 1.0000000000000000e+00 0.0000000000000000e+00 0
2.5000000000000000e-01 1.0000000000000000e+00 0.0000000000000000e+00 0
2.6562500000000000e-01 1.0000000000000000e+00 0.0000000000000000e+00 0
2.8125000000000000e-01 1.0000000000000000e+00 0.0000000000000000e+00 0
2.9687500000000000e-01 1.0000000000000000e+00 0.0000000000000000e+00 0
3.1250000000000000e-01 1.0000000000000000e+00 0.0000000000000000e+00 0
3.2812500000000000e-01 1.0000000000000000e+00 0.0000000000000000e+00 0
3.4375000000000000e-01 1.0000000000000000e+00 0.0000000000000000e+00 0
3.5937500000000000e-01 1.0000000000000000e+00 0.0000000000000000e+00 0
3.7500000000000000e-01 1.0000000000000000e+00 0.0000000000000000e+00 0
3.9062500000000000e-01 1.0000000000000000e+00 0.0000000000000000e+00 0
4.0625000000000000e-01 1.0000000000000000e+00 0.0000000000000000e+00 0
4.2187500000000000e-01 1.0000000000000000e+00 0.0000000000000000e+00 0
4.3750000000000000e-01 1.0000000000000000e+00 0.0000000000000000e+00 0
4.5312500000000000e-01 1.0000000000000000e+00 0.0000000000000000e+00 0
4.6875000000000000e-01 1.0000000000000000e+00 0.0000000000000000e+00 0
4.8437500000000000e-01 1.0000000000000000e+00 0.0000000000000000e+00 0
5.0000000000000000e-01 1.0000000000000000e+00 0.0000000000000000e+00 0
5.1562500000000000e-01 1.0000000000000000e+00 0.0000000000000000e+00 0
5.3125000000000000e-01 1.0000000000000000e+00 0.0000000000000000e+00 0
5.4687500000000000e-01 1.0000000000000000e+00 0.0000000000000000e+00 0
5.6250000000000000e-01 1.0000000000000000e+00 0.0000000000000000e+00 0
5.7812500000000000e-01 1.0000000000000000e+00 0.0000000000000000e+00 0
5.9375000000000000e-01 1.0000000000000000e+00 0.0000000000000000e+00 0
6.0937500000000000e-01 1.0000000000000000e+00 0.0000000000000000e+00 0
6.2500000000000000e-01 1.0000000000000000e+00 0.0000000000000000e+00 0
6.4062500000000000e-01 1.0000000000000000e+00 0.0000000000000000e+00 0
6.5625000000000000e-01 1.0000000000000000e+00 0.0000000000000000e+00 0
6.7187500000000000e-01 1.0000000000000000e+00 0.0000000000000000e+00 0
6.8750000000000000e-01 1.0000000000000000e+00 0.0000000000000000e+00 0
7.0312500000000000e-01 1.0000000000000000e+00 0.0000000000000000e+00 0
7.1875000000000000e-01 1.0000000000000000e+00 0.0000000000000000e+00 0
7.3437500000000000e-01 1.0000000000000000e+00 0.0000000000000000e+00 0
7.5000000000000000e-01 1.0000000000000000e+00 0.0000000000000000e+00 0
7.6562500000000000e-01 1.0000000000000000e+00 0.0000000000000000e+00 0
7.8125000000000000e-01 1.0000000000000000e+00 0.0000000000000000e+00 0
7.9687500000000000e-01 1.0000000000000000e+00 0.0000000000000000e+00 0
8.1250000000000000e-01 1.0000000000000000e+00 0.0000000000000000e+00 0
8.2812500000000000e-01 1.0000000000000000e+00 0.0000000000000000e+00 0
8.4375000000000000e-01 1.0000000000000000e+00 0.0000000000000000e+00 0
8.5937500000000000e-01 1.0000000000000000e+00 0.0000000000000000e+00 0
8.7500000000000000e-01 1.0000000000000000e+00 0.0000000000000000e+00 0
8.9062500000000000e-01 1.0000000000000000e+00 0.0000000000000000e+00 0
9.0625000000000000e-01 1.0000000000000000e+00 0.0000000000000000e+00 0
9.2187500000000000e-01 1.0000000000000000e+00 0.0000000000000000e+00 0
9.3750000000000000e-01 1.0000000000000000e+00 0.0000000000000000e+00 0
9.5312500000000000e-01 1.0000000000000000e+00 0.0000000000000000e+00 0
9.6875000000000000e-01 1.0000000000000000e+00 0.0000000000000000e+00 0
9.8437500000000000e-01 1.0000000000000000e+00 0.0000000000000000e+00 0
1.5625000000000000e-02 1.0000000000000000e+00 1.5625000000000000e-02 0
3.1250000000000000e-02 1.0000000000000000e+00 1.5625000000000000e-02 0
4.6875000000000000e-02 1.0000000000000000e+00 1.5625000000000000e-02 0
6.2500000000000000e-02 1.0000000000000000e+00 1.5625000000000000e-02 0
7.8125000000000000e-02 1.0000000000000000e+00 1.5625000000000000e-02 0
9.3750000000000000e-02 1.0000000000000000e+00 1.5625000000000000e-02 0
1.0937500000000000e-01 1.0000000000000000e+00 1.5625000000000000e-02 0
1.2500000000000000e-01 1.0000000000000000e+00 1.5625000000000000e-02 0
1.4062500000000000e-01 1.0000000000000000e+00 1.5625000000000000e-02 0
1.5625000000000000e-01 1.0000000000000000e+00 1.5625000000000000e-02 0
1.7187500000000000e-01 1.0000000000000000e+00 1.5625000000000000e-02 0
1.8750000000000000e-01 1.0000000000000000e+00 1.5625000000000000e-02 0
2.0312500000000000e-01 1.0000000000000000e+00 1.5625000000000000e-02 0
2.1875000000000000e-01 1.0000000000000000e+00 1.5625000000000000e-02 0
2.3437500000000000e-01 1.0000000000000000e+00 1.5625000000000000e-02 0
2.5000000000000000e-01 1.0000000000000000e+00 1.5625000000000000e-02 0
2.6562500000000000e-01 1.0000000000000000e+00 1.5625000000000000e-02 0
2.8125000000000000e-01 1.0000000000000000e+00 1.5625000000000000e-02 0
2.9687500000000000e-01 1.0000000000000000e+00 1.5625000000000000e-02 0
3.1250000000000000e-01 1.0000000000000000e+00 1.5625000000000000e-02 0
3.2812500000000000e-01 1.0000000000000000e+00 1.5625000000000000e-02 0
3.4375000000000000e-01 1.0000000000000000e+00 1.5625000000000000e-02 0
3.5937500000000000e-01 1.0000000000000000e+00 1.5625000000000000e-02 0
3.7500000000000000e-01 1.0000000000000000e+00 1.5625000000000000e-02 0
3.9062500000000000e-01 1.0000000000000000e+00 1.5625000000000000e-02 0
4.0625000000000000e-01 1.0000000000000000e+00 1.5625000000000000e-02 0
4.2187500000000000e-01 1.0000000000000000e+00 1.5625000000000000e-02 0
4.3750000000000000e-01 1.0000000000000000e+00 1.5625000000000000e-02 0
4.5312500000000000e-01 1.0000000000000000e+00 1.5625000000000000e-02 0
4.6875000000000000e-01 1.0000000000000000e+00 1.5625000000000000e-02 0
4.8437500000000000e-01 1.0000000000000000e+00 1.5625000000000000e-02 0
5.0000000000000000e-01 1.0000000000000000e+00 1.5625000000000000e-02 0
5.1562500000000000e-01 1.0000000000000000e+00 1.5625000000000000e-02 0
5.3125000000000000e-01 1.0000000000000000e+00 1.5625000000000000e-02 0
5.4687500000000000e-01 1.0000000000000000e+00 1.5625000000000000e-02 0
5.6250000000000000e-01 1.0000000000000000e+00 1.5625000000000000e-02 0
5.7812500000000000e-01 1.0000000000000000e+00 1.5625000000000000e-02 0
5.9375000000000000e-01 1.0000000000000000e+00 1.5625000000000000e-02 0
6.0937500000000000e-01 1.0000000000000000e+00 1.5625000000000000e-02 0
6.2500000000000000e-01 1.0000000000000000e+00 1.5625000000000000e-02 0
6.4062500000000000e-01 1.0000000000000000e+00 1.5625000000000000e-02 0
6.5625000000000000e-01 1.0000000000000000e+00 1.5625000000000000e-02 0
6.7187500000000000e-01 1.0000000000000000e+00 1.5625000000000000e-02 0
6.8750000000000000e-01 1.0000000000000000e+00 1.5625000000000000e-02 0
7.0312500000000000e-01 1.0000000000000000e+00 1.5625000000000000e-02 0
7.1875000000000000e-01 1.0000000000000000e+00 1.5625000000000000e-02 0
7.3437500000000000e-01 1.0000000000000000e+00 1.5625000000000000e-02 0
7.5000000000000000e-01 1.0000000000000000e+00 1.5625000000000000e-02 0
7.6562500000000000e-01 1.0000000000000000e+00 1.5625000000000000e-02 0
7.8125000000000000e-01 1.0000000000000000e+00 1.5625000000000000e-02 0
7.9687500000000000e-01 1.0000000000000000e+00 1.5625000000000000e-02 0
8.1250000000000000e-01 1.0000000000000000e+00 1.5625000000000000e-02 0
8.2812500000000000e-01 1.0000000000000000e+00 1.5625000000000000e-02 0
8.4375000000000000e-01 1.0000000000000000e+00 1.5625000000000000e-02 0
8.5937500000000000e-01 1.0000000000000000e+00 1.5625000000000000e-02 0
8.7500000000000000e-01 1.0000000000000000e+00 1.5625000000000000e-02 0
8.9062500000000000e-01 1.0000000000000000e+00 1.5625000000000000e-02 0
9.0625000000000000e-01 1.0000000000000000e+00 1.5625000000000000e-02 0
9.2187500000000000e-01 1.0000000000000000e+00 1.5625000000000000e-02 0
9.3750000000000000e-01 1.0000000000000000e+00 1.5625000000000000e-02 0
9.5312500000000000e-01 1.0000000000000000e+00 1.5625000000000000e-02 0
9.6875000000000000e-01 1.0000000000000000e+00 1.5625000000000000e-02 0
9.8437500000000000e-01 1.0000000000000000e+00 1.5625000000000000e-02 0
1.5625000000000000e-02 1.5625000000000000e-02 0.0000000000000000e+00 0
3.1250000000000000e-02 1.5625000000000000e-02 0.0000000000000000e+00 0
4.6875000000000000e-02 1.5625000000000000e-02 0.0000000000000000e+00 0
6.2500000000000000e-02 1.5625000000000000e-02 0.0000000000000000e+00 0
7.8125000000000000e-02 1.5625000000000000e-02 0.0000000000000000e+00 0
9.3750000000000000e-02 1.5625000000000000e-02 0.0000000000000000e+00 0
1.0937500000000000e-01 1.5625000000000000e-02 0.0000000000000000e+00 0
1.2500000000000000e-01 1.5625000000000000e-02 0.0000000000000000e+00 0
1.4062500000000000e-01 1.5625000000000000e-02 0.0000000000000000e+00 0
1.5625000000000000e-01 1.5625000000000000e-02 0.0000000000000000e+00 0
1.7187500000000000e-01 1.5625000000000000e-02 0.0000000000000000e+00 0
1.8750000000000000e-01 1.5625000000000000e-02 0.0000000000000000e+00 0
2.0312500000000000e-01 1.5625000000000000e-02 0.0000000000000000e+00 0
2.1875000000000000e-01 1.5625000000000000e-02 0.0000000000000000e+00 0
2.3437500000000000e-01 1.5625000000000000e-02 0.0000000000000000e+00 0
2.5000000000000000e-01 1.5625000000000000e-02 0.0000000000000000e+00 0
2.6562500000000000e-01 1.5625000000000000e-02 0.0000000000000000e+00 0
2.8125000000000000e-01 1.5625000000000000e-02 0.0000000000000000e+00 0
2.9687500000000000e-01 1.5625000000000000e-02 0.0000000000000000e+00 0
3.1250000000000000e-01 1.5625000000000000e-02 0.0000000000000000e+00 0
3.2812500000000000e-01 1.5625000000000000e-02 0.0000000000000000e+00 0
3.4375000000000000e-01 1.5625000000000000e-02 0.0000000000000000e+00 0
3.5937500000000000e-01 1.5625000000000000e-02 0.0000000000000000e+00 0
3.7500000000000000e-01 1.5625000000000000e-02 0.0000000000000000e+00 0
3.9062500000000000e-01 1.5625000000000000e-02 0.0000000000000000e+00 0
4.0625000000000000e-01 1.5625000000000000e-02 0.0000000000000000e+00 0
4.2187500000000000e-01 1.5625000000000000e-02 0.0000000000000000e+00 0
4.3750000000000000e-01 1.5625000000000000e-02 0.0000000000000000e+00 0
4.5312500000000000e-01 1.5625000000000000e-02 0.0000000000000000e+00 0
4.6875000000000000e-01 1.5625000000000000e-02 0.0000000000000000e+00 0
4.8437500000000000e-01 1.5625000000000000e-02 0.0000000000000000e+00 0
5.0000000000000000e-01 1.5625000000000000e-02 0.0000000000000000e+00 0
5.1562500000000000e-01 1.5625000000000000e-02 0.0000000000000000e+00 0
5.3125000000000000e-01 1.5625000000000000e-02 0.0000000000000000e+00 0
5.4687500000000000e-01 1.5625000000000000e-02 0.0000000000000000e+00 0
5.6250000000000000e-01 1.5625000000000000e-02 0.0000000000000000e+00 0
5.7812500000000000e-01 1.5625000000000000e-02 0.0000000000000000e+00 0
5.9375000000000000e-01 1.5625000000000000e-02 0.0000000000000000e+00 0
6.0937500000000000e-01 1.5625000000000000e-02 0.0000000000000000e+00 0
6.2500000000000000e-01 1.5625000000000000e-02 0.0000000000000000e+00 0
6.4062500000000000e-01 1.5625000000000000e-02 0.0000000000000000e+00 0
6.5625000000000000e-01 1.5625000000000000e-02 0.0000000000000000e+00 0
6.7187500000000000e-01 1.5625000000000000e-02 0.0000000000000000e+00 0
6.8750000000000000e-01 1.5625000000000000e-02 0.0000000000000000e+00 0
7.0312500000000000e-01 1.5625000000000000e-02 0.0000000000000000e+00 0
7.1875000000000000e-01 1.5625000000000000e-02 0.0000000000000000e+00 0
7.3437500000000000e-01 1.5625000000000000e-02 0.0000000000000000e+00 0
7.5000000000000000e-01 1.5625000000000000e-02 0.0000000000000000e+00 0
7.6562500000000000e-01 1.5625000000000000e-02 0.0000000000000000e+00 0
7.8125000000000000e-01 1.5625000000000000e-02 0.0000000000000000e+00 0
7.9687500000000000e-01 1.5625000000000000e-02 0.0000000000000000e+00 0
8.1250000000000000e-01 1.5625000000000000e-02 0.0000000000000000e+00 0
8.2812500000000000e-01 1.5625000000000000e-02 0.0000000000000000e+00 0
8.4375000000000000e-01 1.5625000000000000e-02 0.0000000000000000e+00 0
8.5937500000000000e-01 1.5625000000000000e-02 0.0000000000000000e+00 0
8.7500000000000000e-01 1.5625000000000000e-02 0.0000000000000000e+00 0
8.9062500000000000e-01 1.5625000000000000e-02 0.0000000000000000e+00 0
9.0625000000000000e-01 1.5625000000000000e-02 0.0000000000000000e+00 0
9.2187500000000000e-01 1.5625000000000000e-02 0.0000000000000000e+00 0
9.3750000000000000e-01 1.5625000000000000e-02 0.0000000000000000e+00 0
9.5312500000000000e-01 1.5625000000000000e-02 0.0000000000000000e+00 0
9.6875000000000000e-01 1.5625000000000000e-02 0.0000000000000000e+00 0
9.8437500000000000e-01 1.5625000000000000e-02 0.0000000000000000e+00 0
1.5625000000000000e-02 3.1250000000000000e-02 0.0000000000000000e+00 0
3.1250000000000000e-02 3.1250000000000000e-02 0.0000000000000000e+00 0
4.6875000000000000e-02 3.1250000000000000e-02 0.0000000000000000e+00 0
6.2500000000000000e-02 3.1250000000000000e-02 0.0000000000000000e+00 0
7.8125000000000000e-02 3.1250000000000000e-02 0.0000000000000000e+00 0
9.3750000000000000e-02 3.1250000000000000e-02 0.0000000000000000e+00 0
1.0937500000000000e-01 3.1250000000000000e-02 0.0000000000000000e+00 0
1.2500000000000000e-01 3.1250000000000000e-02 0.0000000000000000e+00 0
1.4062500000000000e-01 3.1250000000000000e-02 0.0000000000000000e+00 0
1.5625000000000000e-01 3.1250000000000000e-02 0.0000000000000000e+00 0
1.7187500000000000e-01 3.1250000000000000e-02 0.0000000000000000e+00 0
1.8750000000000000e-01 3.1250000000000000e-02 0.0000000000000000e+00 0
2.0312500000000000e-01 3.1250000000000000e-02 0.0000000000000000e+00 0
2.1875000000000000e-01 3.1250000000000000e-02 0.0000000000000000e+00 0
2.3437500000000000e-01 3.1250000000000000e-02 0.0000000000000000e+00 0
2.5000000000000000e-01 3.1250000000000000e-02 0.0000000000000000e+00 0
2.6562500000000000e-01 3.1250000000000000e-02 0.0000000000000000e+00 0
2.8125000000000000e-01 3.1250000000000000e-02 0.0000000000000000e+00 0
2.9687500000000000e-01 3.1250000000000000e-02 0.0000000000000000e+00 0
3.1250000000000000e-01 3.1250000000000000e-02 0.0000000000000000e+00 0
3.2812500000000000e-01 3.1250000000000000e-02 0.0000000000000000e+00 0
3.4375000000000000e-01 3.1250000000000000e-02 0.0000000000000000e+00 0
3.5937500000000000e-01 3.1250000000000000e-02 0.0000000000000000e+00 0
3.7500000000000000e-01 3.1250000000000000e-02 0.0000000000000000e+00 0
3.9062500000000000e-01 3.1250000000000000e-02 0.0000000000000000e+00 0
4.0625000000000000e-01 3.1250000000000000e-02 0.0000000000000000e+00 0
4.2187500000000000e-01 3.1250000000000000e-02 0.0000000000000000e+00 0
4.3750000000000000e-01 3.1250000000000000e-02 0.0000000000000000e+00 0
4.5312500000000000e-01 3.1250000000000000e-02 0.0000000000000000e+00 0
4.6875000000000000e-01 3.1250000000000000e-02 0.0000000000000000e+00 0
4.8437500000000000e-01 3.1250000000000000e-02 0.0000000000000000e+00 0
5.0000000000000000e-01 3.1250000000000000e-02 0.0000000000000000e+00 0
5.1562500000000000e-01 3.1250000000000000e-02 0.0000000000000000e+00 0
5.3125000000000000e-01 3.1250000000000000e-02 0.0000000000000000e+00 0
5.4687500000000000e-01 3.1250000000000000e-02 0.0000000000000000e+00 0
5.6250000000000000e-01 3.1250000000000000e-02 0.0000000000000000e+00 0
5.7812500000000000e-01 3.1250000000000000e-02 0.0000000000000000e+00 0
5.9375000000000000e-01 3.1250000000000000e-02 0.0000000000000000e+00 0
6.0937500000000000e-01 3.1250000000000000e-02 0.0000000000000000e+00 0
6.2500000000000000e-01 3.1250000000000000e-02 0.0000000000000000e+00 0
6.4062500000000000e-01 3.1250000000000000e-02 0.0000000000000000e+00 0
6.5625000000000000e-01 3.1250000000000000e-02 0.0000000000000000e+00 0
6.7187500000000000e-01 3.1250000000000000e-02 0.0000000000000000e+00 0
6.8750000000000000e-01 3.1250000000000000e-02 0.0000000000000000e+00 0
7.0312500000000000e-01 3.1250000000000000e-02 0.0000000000000000e+00 0
7.1875000000000000e-01 3.1250000000000000e-02 0.0000000000000000e+00 0
7.3437500000000000e-01 3.1250000000000000e-02 0.0000000000000000e+00 0
7.5000000000000000e-01 3.1250000000000000e-02 0.0000000000000000e+00 0
7.6562500000000000e-01 3.1250000000000000e-02 0.0000000000000000e+00 0
7.8125000000000000e-01 3.1250000000000000e-02 0.0000000000000000e+00 0
7.9687500000000000e-01 3.1250000000000000e-02 0.0000000000000000e+00 0
8.1250000000000000e-01 3.1250000000000000e-02 0.0000000000000000e+00 0
8.2812500000000000e-01 3.1250000000000000e-02 0.0000000000000000e+00 0
8.4375000000000000e-01 3.1250000000000000e-02 0.0000000000000000e+00 0
8.5937500000000000e-01 3.1250000000000000e-02 0.0000000000000000e+00 0
8.7500000000000000e-01 3.1250000000000000e-02 0.0000000000000000e+00 0
8.9062500000000000e-01 3.1250000000000000e-02 0.0000000000000000e+00 0
9.0625000000000000e-01 3.1250000000000000e-02 0.0000000000000000e+00 0
9.2187500000000000e-01 3.1250000000000000e-02 0.0000000000000000e+00 0
9.3750000000000000e-01 3.1250000000000000e-02 0.0000000000000000e+00 0
9.5312500000000000e-01 3.1250000000000000e-02 0.0000000000000000e+00 0
9.6875000000000000e-01 3.1250000000000000e-02 0.0000000000000000e+00 0
9.8437500000000000e-01 3.1250000000000000e-02 0.0000000000000000e+00 0
1.5625000000000000e-02 4.6875000000000000e-02 0.0000000000000000e+00 0
3.1250000000000000e-02 4.6875000000000000e-02 0.0000000000000000e+00 0
4.6875000000000000e-02 4.6875000000000000e-02 0.0000000000000000e+00 0
6.2500000000000000e-02 4.6875000000000000e-02 0.0000000000000000e+00 0
7.8125000000000000e-02 4.6875000000000000e-02 0.0000000000000000e+00 0
9.3750000000000000e-02 4.6875000000000000e-02 0.0000000000000000e+00 0
1.0937500000000000e-01 4.6875000000000000e-02 0.0000000000000000e+00 0
1.2500000000000000e-01 4.6875000000000000e-02 0.0000000000000000e+00 0
1.4062500000000000e-01 4.6875000000000000e-02 0.0000000000000000e+00 0
1.5625000000000000e-01 4.6875000000000000e-02 0.0000000000000000e+00 0
1.7187500000000000e-01 4.6875000000000000e-02 0.0000000000000000e+00 0
1.8750000000000000e-01 4.6875000000000000e-02 0.0000000000000000e+00 0
2.0312500000000000e-01 4.6875000000000000e-02 0.0000000000000000e+00 0
2.1875000000000000e-01 4.6875000000000000e-02 0.0000000000000000e+00 0
2.3437500000000000e-01 4.6875000000000000e-02 0.0000000000000000e+00 0
2.5000000000000000e-01 4.6875000000000000e-02 0.0000000000000000e+00 0
2.6562500000000000e-01 4.6875000000000000e-02 0.0000000000000000e+00 0
2.8125000000000000e-01 4.6875000000000000e-02 0.0000000000000000e+00 0
2.9687500000000000e-01 4.6875000000000000e-02 0.0000000000000000e+00 0
3.1250000000000000e-01 4.6875000000000000e-02 0.0000000000000000e+00 0
3.2812500000000000e-01 4.6875000000000000e-02 0.0000000000000000e+00 0
3.4375000000000000e-01 4.6875000000000000e-02 0.0000000000000000e+00 0
3.5937500000000000e-01 4.6875000000000000e-02 0.0000000000000000e+00 0
3.7500000000000000e-01 4.6875000000000000e-02 0.0000000000000000e+00 0
3.9062500000000000e-01 4.6875000000000000e-02 0.0000000000000000e+00 0
4.0625000000000000e-01 4.6875000000000000e-02 0.0000000000000000e+00 0
4.2187500000000000e-01 4.6875000000000000e-02 0.0000000000000000e+00 0
4.3750000000000000e-01 4.6875000000000000e-02 0.0000000000000000e+00 0
4.5312500000000000e-01 4.6875000000000000e-02 0.0000000000000000e+00 0
4.6875000000000000e-01 4.6875000000000000e-02 0.0000000000000000e+00 0
4.8437500000000000e-01 4.6875000000000000e-02 0.0000000000000000e+00 0
5.0000000000000000e-01 4.6875000000000000e-02 0.0000000000000000e+00 0
5.1562500000000000e-01 4.6875000000000000e-02 0.0000000000000000e+00 0
5.3125000000000000e-01 4.6875000000000000e-02 0.0000000000000000e+00 0
5.4687500000000000e-01 4.6875000000000000e-02 0.0000000000000000e+00 0
5.6250000000000000e-01 4.6875000000000000e-02 0.0000000000000000e+00 0
5.7812500000000000e-01 4.6875000000000000e-02 0.0000000000000000e+00 0
5.9375000000000000e-01 4.6875000000000000e-02 0.0000000000000000e+00 0
6.0937500000000000e-01 4.6875000000000000e-02 0.0000000000000000e+00 0
6.2500000000000000e-01 4.6875000000000000e-02 0.0000000000000000e+00 0
6.4062500000000000e-01 4.6875000000000000e-02 0.0000000000000000e+00 0
6.5625000000000000e-01 4.6875000000000000e-02 0.0000000000000000e+00 0
6.7187500000000000e-01 4.6875000000000000e-02 0.0000000000000000e+00 0
6.8750000000000000e-01 4.6875000000000000e-02 0.0000000000000000e+00 0
7.0312500000000000e-01 4.6875000000000000e-02 0.0000000000000000e+00 0
7.1875000000000000e-01 4.6875000000000000e-02 0.0000000000000000e+00 0
7.3437500000000000e-01 4.6875000000000000e-02 0.0000000000000000e+00 0
7.5000000000000000e-01 4.6875000000000000e-02 0.0000000000000000e+00 0
7.6562500000000000e-01 4.6875000000000000e-02 0.0000000000000000e+00 0
7.8125000000000000e-01 4.6875000000000000e-02 0.0000000000000000e+00 0
7.9687500000000000e-01 4.6875000000000000e-02 0.0000000000000000e+00 0
8.1250000000000000e-01 4.6875000000000000e-02 0.0000000000000000e+00 0
8.2812500000000000e-01 4.6875000000000000e-02 0.0000000000000000e+00 0
8.4375000000000000e-01 4.6875000000000000e-02 0.0000000000000000e+00 0
8.5937500000000000e-01 4.6875000000000000e-02 0.0000000000000000e+00 0
8.7500000000000000e-01 4.6875000000000000e-02 0.0000000000000000e+00 0
8.9062500000000000e-01 4.6875000000000000e-02 0.0000000000000000e+00 0
9.0625000000000000e-01 4.6875000000000000e-02 0.0000000000000000e+00 0
9.2187500000000000e-01 4.6875000000000000e-02 0.0000000000000000e+00 0
9.3750000000000000e-01 4.6875000000000000e-02 0.0000000000000000e+00 0
9.5312500000000000e-01 4.6875000000000000e-02 0.0000000000000000e+00 0
9.6875000000000000e-01 4.6875000000000000e-02 0.0000000000000000e+00 0
9.8437500000000000e-01 4.6875000000000000e-02 0.0000000000000000e+00 0
1.5625000000000000e-02 6.2500000000000000e-02 0.0000000000000000e+00 0
3.1250000000000000e-02 6.2500000000000000e-02 0.0000000000000000e+00 0
4.6875000000000000e-02 6.2500000000000000e-02 0.0000000000000000e+00 0
6.2500000000000000e-02 6.2500000000000000e-02 0.0000000000000000e+00 0
7.8125000000000000e-02 6.2500000000000000e-02 0.0000000000000000e+00 0
9.3750000000000000e-02 6.2500000000000000e-02 0.0000000000000000e+00 0
1.0937500000000000e-01 6.2500000000000000e-02 0.0000000000000000e+00 0
1.2500000000000000e-01 6.2500000000000000e-02 0.0000000000000000e+00 0
1.4062500000000000e-01 6.2500000000000000e-02 0.0000000000000000e+00 0
1.5625000000000000e-01 6.2500000000000000e-02 0.0000000000000000e+00 0
1.7187500000000000e-01 6.2500000000000000e-02 0.0000000000000000e+00 0
1.8750000000000000e-01 6.2500000000000000e-02 0.0000000000000000e+00 0
2.0312500000000000e-01 6.2500000000000000e-02 0.0000000000000000e+00 0
2.1875000000000000e-01 6.2500000000000000e-02 0.0000000000000000e+00 0
2.3437500000000000e-01 6.2500000000000000e-02 0.0000000000000000e+00 0
2.5000000000000000e-01 6.2500000000000000e-02 0.0000000000000000e+00 0
2.6562500000000000e-01 6.2500000000000000e-02 0.0000000000000000e+00 0
2.8125000000000000e-01 6.2500000000000000e-02 0.0000000000000000e+00 0
2.9687500000000000e-01 6.2500000000000000e-02 0.0000000000000000e+00 0
3.1250000000000000e-01 6.2500000000000000e-02 0.0000000000000000e+00 0
3.2812500000000000e-01 6.2500000000000000e-02 0.0000000000000000e+00 0
3.4375000000000000e-01 6.2500000000000000e-02 0.0000000000000000e+00 0
3.5937500000000000e-01 6.2500000000000000e-02 0.0000000000000000e+00 0
3.7500000000000000e-01 6.2500000000000000e-02 0.0000000000000000e+00 0
3.9062500000000000e-01 6.2500000000000000e-02 0.0000000000000000e+00 0
4.0625000000000000e-01 6.2500000000000000e-02 0.0000000000000000e+00 0
4.2187500000000000e-01 6.2500000000000000e-02 0.0000000000000000e+00 0
4.3750000000000000e-01 6.2500000000000000e-02 0.0000000000000000e+00 0
4.5312500000000000e-01 6.2500000000000000e-02 0.0000000000000000e+00 0
4.6875000000000000e-01 6.2500000000000000e-02 0.0000000000000000e+00 0
4.8437500000000000e-01 6.2500000000000000e-02 0.0000000000000000e+00 0
5.0000000000000000e-01 6.2500000000000000e-02 0.0000000000000000e+00 0
5.1562500000000000e-01 6.2500000000000000e-02 0.0000000000000000e+00 0
5.3125000000000000e-01 6.2500000000000000e-02 0.0000000000000000e+00 0
5.4687500000000000e-01 6.2500000000000000e-02 0.0000000000000000e+00 0
5.6250000000000000e-01 6.2500000000000000e-02 0.0000000000000000e+00 0
5.7812500000000000e-01 6.2500000000000000e-02 0.0000000000000000e+00 0
5.9375000000000000e-01 6.2500000000000000e-02 0.0000000000000000e+00 0
6.0937500000000000e-01 6.2500000000000000e-02 0.0000000000000000e+00 0
6.2500000000000000e-01 6.2500000000000000e-02 0.0000000000000000e+00 0
6.4062500000000000e-01 6.2500000000000000e-02 0.0000000000000000e+00 0
6.5625000000000000e-01 6.2500000000000000e-02 0.0000000000000000e+00 0
6.7187500000000000e-01 6.2500000000000000e-02 0.0000000000000000e+00 0
6.8750000000000000e-01 6.2500000000000000e-02 0.0000000000000000e+00 0
7.0312500000000000e-01 6.2500000000000000e-02 0.0000000000000000e+00 0
7.1875000000000000e-01 6.2500000000000000e-02 0.0000000000000000e+00 0
7.3437500000000000e-01 6.2500000000000000e-02 0.0000000000000000e+00 0
7.5000000000000000e-01 6.2500000000000000e-02 0.0000000000000000e+00 0
7.6562500000000000e-01 6.2500000000000000e-02 0.0000000000000000e+00 0
7.8125000000000000e-01 6.2500000000000000e-02 0.0000000000000000e+00 0
7.9687500000000000e-01 6.2500000000000000e-02 0.0000000000000000e+00 0
8.1250000000000000e-01 6.2500000000000000e-02 0.0000000000000000e+00 0
8.2812500000000000e-01 6.2500000000000000e-02 0.0000000000000000e+00 0
8.4375000000000000e-01 6.2500000000000000e-02 0.0000000000000000e+00 0
8.5937500000000000e-01 6.2500000000000000e-02 0.0000000000000000e+00 0
8.7500000000000000e-01 6.2500000000000000e-02 0.0000000000000000e+00 0
8.9062500000000000e-01 6.2500000000000000e-02 0.0000000000000000e+00 0
9.0625000000000000e-01 6.2500000000000000e-02 0.0000000000000000e+00 0
9.2187500000000000e-01 6.2500000000000000e-02 0.0000000000000000e+00 0
9.3750000000000000e-01 6.2500000000000000e-02 0.0000000000000000e+00 0
9.5312500000000000e-01 6.2500000000000000e-02 0.0000000000000000e+00 0
9.6875000000000000e-01 6.2500000000000000e-02 0.0000000000000000e+00 0
9.8437500000000000e-01 6.2500000000000000e-02 0.0000000000000000e+00 0
1.5625000000000000e-02 7.8125000000000000e-02 0.0000000000000000e+00 0
3.1250000000000000e-02 7.8125000000000000e-02 0.0000000000000000e+00 0
4.6875000000000000e-02 7.8125000000000000e-02 0.0000000000000000e+00 0
6.2500000000000000e-02 7.8125000000000000e-02 0.0000000000000000e+00 0
7.8125000000000000e-02 7.8125000000000000e-02 0.0000000000000000e+00 0
9.3750000000000000e-02 7.8125000000000000e-02 0.0000000000000000e+00 0
1.0937500000000000e-01 7.8125000000000000e-02 0.0000000000000000e+00 0
1.2500000000000000e-01 7.8125000000000000e-02 0.0000000000000000e+00 0
1.4062500000000000e-01 7.8125000000000000e-02 0.0000000000000000e+00 0
1.5625000000000000e-01 7.8125000000000000e-02 0.0000000000000000e+00 0
1.7187500000000000e-01 7.8125000000000000e-02 0.0000000000000000e+00 0
1.8750000000000000e-01 7.8125000000000000e-02 0.0000000000000000e+00 0
2.0312500000000000e-01 7.8125000000000000e-02 0.0000000000000000e+00 0
2.1875000000000000e-01 7.8125000000000000e-02 0.0000000000000000e+00 0
2.3437500000000000e-01 7.8125000000000000e-02 0.0000000000000000e+00 0
2.5000000000000000e-01 7.8125000000000000e-02 0.0000000000000000e+00 0
2.6562500000000000e-01 7.8125000000000000e-02 0.0000000000000000e+00 0
2.8125000000000000e-01 7.8125000000000000e-02 0.0000000000000000e+00 0
2.9687500000000000e-01 7.8125000000000000e-02 0.0000000000000000e+00 0
3.1250000000000000e-01 7.8125000000000000e-02 0.0000000000000000e+00 0
3.2812500000000000e-01 7.8125000000000000e-02 0.0000000000000000e+00 0
3.4375000000000000e-01 7.8125000000000000e-02 0.0000000000000000e+00 0
3.5937500000000000e-01 7.8125000000000000e-02 0.0000000000000000e+00 0
3.7500000000000000e-01 7.8125000000000000e-02 0.0000000000000000e+00 0
3.9062500000000000e-01 7.8125000000000000e-02 0.0000000000000000e+00 0
4.0625000000000000e-01 7.8125000000000000e-02 0.0000000000000000e+00 0
4.2187500000000000e-01 7.8125000000000000e-02 0.0000000000000000e+00 0
4.3750000000000000e-01 7.8125000000000000e-02 0.0000000000000000e+00 0
4.5312500000000000e-01 7.8125000000000000e-02 0.0000000000000000e+00 0
4.6875000000000000e-01 7.8125000000000000e-02 0.0000000000000000e+00 0
4.8437500000000000e-01 7.8125000000000000e-02 0.0000000000000000e+00 0
5.0000000000000000e-01 7.8125000000000000e-02 0.0000000000000000e+00 0
5.1562500000000000e-01 7.8125000000000000e-02 0.0000000000000000e+00 0
5.3125000000000000e-01 7.8125000000000000e-02 0.0000000000000000e+00 0
5.4687500000000000e-01 7.8125000000000000e-02 0.0000000000000000e+00 0
5.6250000000000000e-01 7.8125000000000000e-02 0.0000000000000000e+00 0
5.7812500000000000e-01 7.8125000000000000e-02 0.0000000000000000e+00 0
5.9375000000000000e-01 7.8125000000000000e-02 0.0000000000000000e+00 0
6.0937500000000000e-01 7.8125000000000000e-02 0.0000000000000000e+00 0
6.2500000000000000e-01 7.8125000000000000e-02 0.0000000000000000e+00 0
6.4062500000000000e-01 7.8125000000000000e-02 0.0000000000000000e+00 0
6.5625000000000000e-01 7.8125000000000000e-02 0.0000000000000000e+00 0
6.7187500000000000e-01 7.8125000000000000e-02 0.0000000000000000e+00 0
6.8750000000000000e-01 7.8125000000000000e-02 0.0000000000000000e+00 0
7.0312500000000000e-01 7.8125000000000000e-02 0.0000000000000000e+00 0
7.1875000000000000e-01 7.8125000000000000e-02 0.0000000000000000e+00 0
7.3437500000000000e-01 7.8125000000000000e-02 0.0000000000000000e+00 0
7.5000000000000000e-01 7.8125000000000000e-02 0.0000000000000000e+00 0
7.6562500000000000e-01 7.8125000000000000e-02 0.0000000000000000e+00 0
7.8125000000000000e-01 7.8125000000000000e-02 0.0000000000000000e+00 0
7.9687500000000000e-01 7.8125000000000000e-02 0.0000000000000000e+00 0
8.1250000000000000e-01 7.8125000000000000e-02 0.0000000000000000e+00 0
8.2812500000000000e-01 7.8125000000000000e-02 0.0000000000000000e+00 0
8.4375000000000000e-01 7.8125000000000000e-02 0.0000000000000000e+00 0
8.5937500000000000e-01 7.8125000000000000e-02 0.0000000000000000e+00 0
8.7500000000000000e-01 7.8125000000000000e-02 0.0000000000000000e+00 0
8.9062500000000000e-01 7.8125000000000000e-02 0.0000000000000000e+00 0
9.0625000000000000e-01 7.8125000000000000e-02 0.0000000000000000e+00 0
9.2187500000000000e-01 7.8125000000000000e-02 0.0000000000000000e+00 0
9.3750000000000000e-01 7.8125000000000000e-02 0.0000000000000000e+00 0
9.5312500000000000e-01 7.8125000000000000e-02 0.0000000000000000e+00 0
9.6875000000000000e-01 7.8125000000000000e-02 0.0000000000000000e+00 0
9.8437500000000000e-01 7.8125000000000000e-02 0.0000000000000000e+00 0
1.5625000000000000e-02 9.3750000000000000e-02 0.0000000000000000e+00 0
3.1250000000000000e-02 9.3750000000000000e-02 0.0000000000000000e+00 0
4.6875000000000000e-02 9.3750000000000000e-02 0.0000000000000000e+00 0
6.2500000000000000e-02 9.3750000000000000e-02 0.0000000000000000e+00 0
7.8125000000000000e-02 9.3750000000000000e-02 0.0000000000000000e+00 0
9.3750000000000000e-02 9.3750000000000000e-02 0.0000000000000000e+00 0
1.0937500000000000e-01 9.3750000000000000e-02 0.0000000000000000e+00 0
1.2500000000000000e-01 9.3750000000000000e-02 0.0000000000000000e+00 0
1.4062500000000000e-01 9.3750000000000000e-02 0.0000000000000000e+00 0
1.5625000000000000e-01 9.3750000000000000e-02 0.0000000000000000e+00 0
1.7187500000000000e-01 9.3750000000000000e-02 0.0000000000000000e+00 0
1.8750000000000000e-01 9.3750000000000000e-02 0.0000000000000000e+00 0
2.0312500000000000e-01 9.3750000000000000e-02 0.0000000000000000e+00 0
2.1875000000000000e-01 9.3750000000000000e-02 0.0000000000000000e+00 0
2.3437500000000000e-01 9.3750000000000000e-02 0.0000000000000000e+00 0
2.5000000000000000e-01 9.3750000000000000e-02 0.0000000000000000e+00 0
2.6562500000000000e-01 9.3750000000000000e-02 0.0000000000000000e+00 0
2.8125000000000000e-01 9.3750000000000000e-02 0.0000000000000000e+00 0
2.9687500000000000e-01 9.3750000000000000e-02 0.0000000000000000e+00 0
3.1250000000000000e-01 9.3750000000000000e-02 0.0000000000000000e+00 0
3.2812500000000000e-01 9.3750000000000000e-02 0.0000000000000000e+00 0
3.4375000000000000e-01 9.3750000000000000e-02 0.0000000000000000e+00 0
3.5937500000000000e-01 9.3750000000000000e-02 0.0000000000000000e+00 0
3.7500000000000000e-01 9.3750000000000000e-02 0.0000000000000000e+00 0
3.9062500000000000e-01 9.3750000000000000e-02 0.0000000000000000e+00 0
4.0625000000000000e-01 9.3750000000000000e-02 0.0000000000000000e+00 0
4.2187500000000000e-01 9.3750000000000000e-02 0.0000000000000000e+00 0
4.3750000000000000e-01 9.3750000000000000e-02 0.0000000000000000e+00 0
4.5312500000000000e-01 9.3750000000000000e-02 0.0000000000000000e+00 0
4.6875000000000000e-01 9.3750000000000000e-02 0.0000000000000000e+00 0
4.8437500000000000e-01 9.3750000000000000e-02 0.0000000000000000e+00 0
5.0000000000000000e-01 9.3750000000000000e-02 0.0000000000000000e+00 0
5.1562500000000000e-01 9.3750000000000000e-02 0.0000000000000000e+00 0
5.3125000000000000e-01 9.3750000000000000e-02 0.0000000000000000e+00 0
5.4687500000000000e-01 9.3750000000000000e-02 0.0000000000000000e+00 0
5.6250000000000000e-01 9.3750000000000000e-02 0.0000000000000000e+00 0
5.7812500000000000e-01 9.3750000000000000e-02 0.0000000000000000e+00 0
5.9375000000000000e-01 9.3750000000000000e-02 0.0000000000000000e+00 0
6.0937500000000000e-01 9.3750000000000000e-02 0.0000000000000000e+00 0
6.2500000000000000e-01 9.3750000000000000e-02 0.0000000000000000e+00 0
6.4062500000000000e-01 9.3750000000000000e-02 0.0000000000000000e+00 0
6.5625000000000000e-01 9.3750000000000000e-02 0.0000000000000000e+00 0
6.7187500000000000e-01 9.3750000000000000e-02 0.0000000000000000e+00 0
6.8750000000000000e-01 9.3750000000000000e-02 0.0000000000000000e+00 0
7.0312500000000000e-01 9.3750000000000000e-02 0.0000000000000000e+00 0
7.1875000000000000e-01 9.3750000000000000e-02 0.0000000000000000e+00 0
7.3437500000000000e-01 9.3750000000000000e-02 0.0000000000000000e+00 0
7.5000000000000000e-01 9.3750000000000000e-02 0.0000000000000000e+00 0
7.6562500000000000e-01 9.3750000000000000e-02 0.0000000000000000e+00 0
7.8125000000000000e-01 9.3750000000000000e-02 0.0000000000000000e+00 0
7.9687500000000000e-01 9.3750000000000000e-02 0.0000000000000000e+00 0
8.1250000000000000e-01 9.3750000000000000e-02 0.0000000000000000e+00 0
8.2812500000000000e-01 9.3750000000000000e-02 0.0000000000000000e+00 0
8.4375000000000000e-01 9.3750000000000000e-02 0.0000000000000000e+00 0
8.5937500000000000e-01 9.3750000000000000e-02 0.0000000000000000e+00 0
8.7500000000000000e-01 9.3750000000000000e-02 0.0000000000000000e+00 0
8.9062500000000000e-01 9.3750000000000000e-02 0.0000000000000000e+00 0
9.0625000000000000e-01 9.3750000000000000e-02 0.0000000000000000e+00 0
9.2187500000000000e-01 9.3750000000000000e-02 0.0000000000000000e+00 0
9.3750000000000000e-01 9.3750000000000000e-02 0.0000000000000000e+00 0
9.5312500000000000e-01 9.3750000000000000e-02 0.0000000000000000e+00 0
9.6875000000000000e-01 9.3750000000000000e-02 0.0000000000000000e+00 0
9.8437500000000000e-01 9.3750000000000000e-02 0.0000000000000000e+00 0
1.5625000000000000e-02 1.0937500000000000e-01 0.0000000000000000e+00 0
3.1250000000000000e-02 1.0937500000000000e-01 0.0000000000000000e+00 0
4.6875000000000000e-02 1.0937500000000000e-01 0.0000000000000000e+00 0
6.2500000000000000e-02 1.0937500000000000e-01 0.0000000000000000e+00 0
7.8125000000000000e-02 1.0937500000000000e-01 0.0000000000000000e+00 0
9.3750000000000000e-02 1.0937500000000000e-01 0.0000000000000000e+00 0
1.0937500000000000e-01 1.0937500000000000e-01 0.0000000000000000e+00 0
1.2500000000000000e-01 1.0937500000000000e-01 0.0000000000000000e+00 0
1.4062500000000000e-01 1.0937500000000000e-01 0.0000000000000000e+00 0
1.5625000000000000e-01 1.0937500000000000e-01 0.0000000000000000e+00 0
1.7187500000000000e-01 1.0937500000000000e-01 0.0000000000000000e+00 0
1.8750000000000000e-01 1.0937500000000000e-01 0.0000000000000000e+00 0
2.0312500000000000e-01 1.0937500000000000e-01 0.0000000000000000e+00 0
2.1875000000000000e-01 1.0937500000000000e-01 0.0000000000000000e+00 0
2.3437500000000000e-01 1.0937500000000000e-01 0.0000000000000000e+00 0
2.5000000000000000e-01 1.0937500000000000e-01 0.0000000000000000e+00 0
2.6562500000000000e-01 1.0937500000000000e-01 0.0000000000000000e+00 0
2.8125000000000000e-01 1.0937500000000000e-01 0.0000000000000000e+00 0
2.9687500000000000e-01 1.0937500000000000e-01 0.0000000000000000e+00 0
3.1250000000000000e-01 1.0937500000000000e-01 0.0000000000000000e+00 0
3.2812500000000000e-01 1.0937500000000000e-01 0.0000000000000000e+00 0
3.4375000000000000e-01 1.0937500000000000e-01 0.0000000000000000e+00 0
3.5937500000000000e-01 1.0937500000000000e-01 0.0000000000000000e+00 0
3.7500000000000000e-01 1.0937500000000000e-01 0.0000000000000000e+00 0
3.9062500000000000e-01 1.0937500000000000e-01 0.0000000000000000e+00 0
4.0625000000000000e-01 1.0937500000000000e-01 0.0000000000000000e+00 0
4.2187500000000000e-01 1.0937500000000000e-01 0.0000000000000000e+00 0
4.3750000000000000e-01 1.0937500000000000e-01 0.0000000000000000e+00 0
4.5312500000000000e-01 1.0937500000000000e-01 0.0000000000000000e+00 0
4.6875000000000000e-01 1.0937500000000000e-01 0.0000000000000000e+00 0
4.8437500000000000e-01 1.0937500000000000e-01 0.0000000000000000e+00 0
5.0000000000000000e-01 1.0937500000000000e-01 0.0000000000000000e+00 0
5.1562500000000000e-01 1.0937500000000000e-01 0.0000000000000000e+00 0
5.3125000000000000e-01 1.0937500000000000e-01 0.0000000000000000e+00 0
5.4687500000000000e-01 1.0937500000000000e-01 0.0000000000000000e+00 0
5.6250000000000000e-01 1.0937500000000000e-01 0.0000000000000000e+00 0
5.7812500000000000e-01 1.0937500000000000e-01 0.0000000000000000e+00 0
5.9375000000000000e-01 1.0937500000000000e-01 0.0000000000000000e+00 0
6.0937500000000000e-01 1.0937500000000000e-01 0.0000000000000000e+00 0
6.2500000000000000e-01 1.0937500000000000e-01 0.0000000000000000e+00 0
6.4062500000000000e-01 1.0937500000000000e-01 0.0000000000000000e+00 0
6.5625000000000000e-01 1.0937500000000000e-01 0.0000000000000000e+00 0
6.7187500000000000e-01 1.0937500000000000e-01 0.0000000000000000e+00 0
6.8750000000000000e-01 1.0937500000000000e-01 0.0000000000000000e+00 0
7.0312500000000000e-01 1.0937500000000000e-01 0.0000000000000000e+00 0
7.1875000000000000e-01 1.0937500000000000e-01 0.0000000000000000e+00 0
7.3437500000000000e-01 1.0937500000000000e-01 0.0000000000000000e+00 0
7.5000000000000000e-01 1.0937500000000000e-01 0.0000000000000000e+00 0
7.6562500000000000e-01 1.0937500000000000e-01 0.0000000000000000e+00 0
7.8125000000000000e-01 1.0937500000000000e-01 0.0000000000000000e+00 0
7.9687500000000000e-01 1.0937500000000000e-01 0.0000000000000000e+00 0
8.1250000000000000e-01 1.0937500000000000e-01 0.0000000000000000e+00 0
8.2812500000000000e-01 1.0937500000000000e-01 0.0000000000000000e+00 0
8.4375000000000000e-01 1.0937500000000000e-01 0.0000000000000000e+00 0
8.5937500000000000e-01 1.0937500000000000e-01 0.0000000000000000e+00 0
8.7500000000000000e-01 1.0937500000000000e-01 0.0000000000000000e+00 0
8.9062500000000000e-01 1.0937500000000000e-01 0.0000000000000000e+00 0
9.0625000000000000e-01 1.0937500000000000e-01 0.0000000000000000e+00 0
9.2187500000000000e-01 1.0937500000000000e-01 0.0000000000000000e+00 0
9.3750000000000000e-01 1.0937500000000000e-01 0.0000000000000000e+00 0
9.5312500000000000e-01 1.0937500000000000e-01 0.0000000000000000e+00 0
9.6875000000000000e-01 1.0937500000000000e-01 0.0000000000000000e+00 0
9.8437500000000000e-01 1.0937500000000000e-01 0.0000000000000000e+00 0
1.5625000000000000e-02 1.2500000000000000e-01 0.0000000000000000e+00 0
3.1250000000000000e-02 1.2500000000000000e-01 0.0000000000000000e+00 0
4.6875000000000000e-02 1.2500000000000000e-01 0.0000000000000000e+00 0
6.2500000000000000e-02 1.2500000000000000e-01 0.0000000000000000e+00 0
7.8125000000000000e-02 1.2500000000000000e-01 0.0000000000000000e+00 0
9.3750000000000000e-02 1.2500000000000000e-01 0.0000000000000000e+00 0
1.0937500000000000e-01 1.2500000000000000e-01 0.0000000000000000e+00 0
1.2500000000000000e-01 1.2500000000000000e-01 0.0000000000000000e+00 0
1.4062500000000000e-01 1.2500000000000000e-01 0.0000000000000000e+00 0
1.5625000000000000e-01 1.2500000000000000e-01 0.0000000000000000e+00 0
1.7187500000000000e-01 1.2500000000000000e-01 0.0000000000000000e+00 0
1.8750000000000000e-01 1.2500000000000000e-01 0.0000000000000000e+00 0
2.0312500000000000e-01 1.2500000000000000e-01 0.0000000000000000e+00 0
2.1875000000000000e-01 1.2500000000000000e-01 0.0000000000000000e+00 0
2.3437500000000000e-01 1.2500000000000000e-01 0.0000000000000000e+00 0
2.5000000000000000e-01 1.2500000000000000e-01 0.0000000000000000e+00 0
2.6562500000000000e-01 1.2500000000000000e-01 0.0000000000000000e+00 0
2.8125000000000000e-01 1.2500000000000000e-01 0.0000000000000000e+00 0
2.9687500000000000e-01 1.2500000000000000e-01 0.0000000000000000e+00 0
3.1250000000000000e-01 1.2500000000000000e-01 0.0000000000000000e+00 0
3.2812500000000000e-01 1.2500000000000000e-01 0.0000000000000000e+00 0
3.4375000000000000e-01 1.2500000000000000e-01 0.0000000000000000e+00 0
3.5937500000000000e-01 1.2500000000000000e-01 0.0000000000000000e+00 0
3.7500000000000000e-01 1.2500000000000000e-01 0.0000000000000000e+00 0
3.9062500000000000e-01 1.2500000000000000e-01 0.0000000000000000e+00 0
4.0625000000000000e-01 1.2500000000000000e-01 0.0000000000000000e+00 0
4.2187500000000000e-01 1.2500000000000000e-01 0.0000000000000000e+00 0
4.3750000000000000e-01 1.2500000000000000e-01 0.0000000000000000e+00 0
4.5312500000000000e-01 1.2500000000000000e-01 0.0000000000000000e+00 0
4.6875000000000000e-01 1.2500000000000000e-01 0.0000000000000000e+00 0
4.8437500000000000e-01 1.2500000000000000e-01 0.0000000000000000e+00 0
5.0000000000000000e-01 1.2500000000000000e-01 0.0000000000000000e+00 0
5.1562500000000000e-01 1.2500000000000000e-01 0.0000000000000000e+00 0
5.3125000000000000e-01 1.2500000000000000e-01 0.0000000000000000e+00 0
5.4687500000000000e-01 1.2500000000000000e-01 0.0000000000000000e+00 0
5.6250000000000000e-01 1.2500000000000000e-01 0.0000000000000000e+00 0
5.7812500000000000e-01 1.2500000000000000e-01 0.0000000000000000e+00 0
5.9375000000000000e-01 1.2500000000000000e-01 0.0000000000000000e+00 0
6.0937500000000000e-01 1.2500000000000000e-01 0.0000000000000000e+00 0
6.2500000000000000e-01 1.2500000000000000e-01 0.0000000000000000e+00 0
6.4062500000000000e-01 1.2500000000000000e-01 0.0000000000000000e+00 0
6.5625000000000000e-01 1.2500000000000000e-01 0.0000000000000000e+00 0
6.7187500000000000e-01 1.2500000000000000e-01 0.0000000000000000e+00 0
6.8750000000000000e-01 1.2500000000000000e-01 0.0000000000000000e+00 0
7.0312500000000000e-01 1.2500000000000000e-01 0.0000000000000000e+00 0
7.1875000000000000e-01 1.2500000000000000e-01 0.0000000000000000e+00 0
7.3437500000000000e-01 1.2500000000000000e-01 0.0000000000000000e+00 0
7.5000000000000000e-01 1.2500000000000000e-01 0.0000000000000000e+00 0
7.6562500000000000e-01 1.2500000000000000e-01 0.0000000000000000e+00 0
7.8125000000000000e-01 1.2500000000000000e-01 0.0000000000000000e+00 0
7.9687500000000000e-01 1.2500000000000000e-01 0.0000000000000000e+00 0
8.1250000000000000e-01 1.2500000000000000e-01 0.0000000000000000e+00 0
8.2812500000000000e-01 1.2500000000000000e-01 0.0000000000000000e+00 0
8.4375000000000000e-01 1.2500000000000000e-01 0.0000000000000000e+00 0
8.5937500000000000e-01 1.2500000000000000e-01 0.0000000000000000e+00 0
8.7500000000000000e-01 1.2500000000000000e-01 0.0000000000000000e+00 0
8.9062500000000000e-01 1.2500000000000000e-01 0.0000000000000000e+00 0
9.0625000000000000e-01 1.2500000000000000e-01 0.0000000000000000e+00 0
9.2187500000000000e-01 1.2500000000000000e-01 0.0000000000000000e+00 0
9.3750000000000000e-01 1.2500000000000000e-01 0.0000000000000000e+00 0
9.5312500000000000e-01 1.2500000000000000e-01 0.0000000000000000e+00 0
9.6875000000000000e-01 1.2500000000000000e-01 0.0000000000000000e+00 0
9.8437500000000000e-01 1.2500000000000000e-01 0.0000000000000000e+00 0
1.5625000000000000e-02 1.4062500000000000e-01 0.0000000000000000e+00 0
3.1250000000000000e-02 1.4062500000000000e-01 0.0000000000000000e+00 0
4.6875000000000000e-02 1.4062500000000000e-01 0.0000000000000000e+00 0
6.2500000000000000e-02 1.4062500000000000e-01 0.0000000000000000e+00 0
7.8125000000000000e-02 1.4062500000000000e-01 0.0000000000000000e+00 0
9.3750000000000000e-02 1.4062500000000000e-01 0.0000000000000000e+00 0
1.0937500000000000e-01 1.4062500000000000e-01 0.0000000000000000e+00 0
1.2500000000000000e-01 1.4062500000000000e-01 0.0000000000000000e+00 0
1.4062500000000000e-01 1.4062500000000000e-01 0.0000000000000000e+00 0
1.5625000000000000e-01 1.4062500000000000e-01 0.0000000000000000e+00 0
1.7187500000000000e-01 1.4062500000000000e-01 0.0000000000000000e+00 0
1.8750000000000000e-01 1.4062500000000000e-01 0.0000000000000000e+00 0
2.0312500000000000e-01 1.4062500000000000e-01 0.0000000000000000e+00 0
2.1875000000000000e-01 1.4062500000000000e-01 0.0000000000000000e+00 0
2.3437500000000000e-01 1.4062500000000000e-01 0.0000000000000000e+00 0
2.5000000000000000e-01 1.4062500000000000e-01 0.0000000000000000e+00 0
2.6562500000000000e-01 1.4062500000000000e-01 0.0000000000000000e+00 0
2.8125000000000000e-01 1.4062500000000000e-01 0.0000000000000000e+00 0
2.9687500000000000e-01 1.4062500000000000e-01 0.0000000000000000e+00 0
3.1250000000000000e-01 1.4062500000000000e-01 0.0000000000000000e+00 0
3.2812500000000000e-01 1.4062500000000000e-01 0.0000000000000000e+00 0
3.4375000000000000e-01 1.4062500000000000e-01 0.0000000000000000e+00 0
3.5937500000000000e-01 1.4062500000000000e-01 0.0000000000000000e+00 0
3.7500000000000000e-01 1.4062500000000000e-01 0.0000000000000000e+00 0
3.9062500000000000e-01 1.4062500000000000e-01 0.0000000000000000e+00 0
4.0625000000000000e-01 1.4062500000000000e-01 0.0000000000000000e+00 0
4.2187500000000000e-01 1.4062500000000000e-01 0.0000000000000000e+00 0
4.3750000000000000e-01 1.4062500000000000e-01 0.0000000000000000e+00 0
4.5312500000000000e-01 1.4062500000000000e-01 0.0000000000000000e+00 0
4.6875000000000000e-01 1.4062500000000000e-01 0.0000000000000000e+00 0
4.8437500000000000e-01 1.4062500000000000e-01 0.0000000000000000e+00 0
5.0000000000000000e-01 1.4062500000000000e-01 0.0000000000000000e+00 0
5.1562500000000000e-01 1.4062500000000000e-01 0.0000000000000000e+00 0
5.3125000000000000e-01 1.4062500000000000e-01 0.0000000000000000e+00 0
5.4687500000000000e-01 1.4062500000000000e-01 0.0000000000000000e+00 0
5.6250000000000000e-01 1.4062500000000000e-01 0.0000000000000000e+00 0
5.7812500000000000e-01 1.4062500000000000e-01 0.0000000000000000e+00 0
5.9375000000000000e-01 1.4062500000000000e-01 0.0000000000000000e+00 0
6.0937500000000000e-01 1.4062500000000000e-01 0.0000000000000000e+00 0
6.2500000000000000e-01 1.4062500000000000e-01 0.0000000000000000e+00 0
6.4062500000000000e-01 1.4062500000000000e-01 0.0000000000000000e+00 0
6.5625000000000000e-01 1.4062500000000000e-01 0.0000000000000000e+00 0
6.7187500000000000e-01 1.4062500000000000e-01 0.0000000000000000e+00 0
6.8750000000000000e-01 1.4062500000000000e-01 0.0000000000000000e+00 0
7.0312500000000000e-01 1.4062500000000000e-01 0.0000000000000000e+00 0
7.1875000000000000e-01 1.4062500000000000e-01 0.0000000000000000e+00 0
7.3437500000000000e-01 1.4062500000000000e-01 0.0000000000000000e+00 0
7.5000000000000000e-01 1.4062500000000000e-01 0.0000000000000000e+00 0
7.6562500000000000e-01 1.4062500000000000e-01 0.0000000000000000e+00 0
7.8125000000000000e-01 1.4062500000000000e-01 0.0000000000000000e+00 0
7.9687500000000000e-01 1.4062500000000000e-01 0.0000000000000000e+00 0
8.1250000000000000e-01 1.4062500000000000e-01 0.0000000000000000e+00 0
8.2812500000000000e-01 1.4062500000000000e-01 0.0000000000000000e+00 0
8.4375000000000000e-01 1.4062500000000000e-01 0.0000000000000000e+00 0
8.5937500000000000e-01 1.4062500000000000e-01 0.0000000000000000e+00 0
8.7500000000000000e-01 1.4062500000000000e-01 0.0000000000000000e+00 0
8.9062500000000000e-01 1.4062500000000000e-01 0.0000000000000000e+00 0
9.0625000000000000e-01 1.4062500000000000e-01 0.0000000000000000e+00 0
9.2187500000000000e-01 1.4062500000000000e-01 0.0000000000000000e+00 0
9.3750000000000000e-01 1.4062500000000000e-01 0.0000000000000000e+00 0
9.5312500000000000e-01 1.4062500000000000e-01 0.0000000000000000e+00 0
9.6875000000000000e-01 1.4062500000000000e-01 0.0000000000000000e+00 0
9.8437500000000000e-01 1.4062500000000000e-01 0.0000000000000000e+00 0
1.5625000000000000e-02 1.5625000000000000e-01 0.0000000000000000e+00 0
3.1250000000000000e-02 1.5625000000000000e-01 0.0000000000000000e+00 0
4.6875000000000000e-02 1.5625000000000000e-01 0.0000000000000000e+00 0
6.2500000000000000e-02 1.5625000000000000e-01 0.0000000000000000e+00 0
7.8125000000000000e-02 1.5625000000000000e-01 0.0000000000000000e+00 0
9.3750000000000000e-02 1.5625000000000000e-01 0.0000000000000000e+00 0
1.0937500000000000e-01 1.5625000000000000e-01 0.0000000000000000e+00 0
1.2500000000000000e-01 1.5625000000000000e-01 0.0000000000000000e+00 0
1.4062500000000000e-01 1.5625000000000000e-01 0.0000000000000000e+00 0
1.5625000000000000e-01 1.5625000000000000e-01 0.0000000000000000e+00 0
1.7187500000000000e-01 1.5625000000000000e-01 0.0000000000000000e+00 0
1.8750000000000000e-01 1.5625000000000000e-01 0.0000000000000000e+00 0
2.0312500000000000e-01 1.5625000000000000e-01 0.0000000000000000e+00 0
2.1875000000000000e-01 1.5625000000000000e-01 0.0000000000000000e+00 0
2.3437500000000000e-01 1.5625000000000000e-01 0.0000000000000000e+00 0
2.5000000000000000e-01 1.5625000000000000e-01 0.0000000000000000e+00 0
2.6562500000000000e-01 1.5625000000000000e-01 0.0000000000000000e+00 0
2.8125000000000000e-01 1.5625000000000000e-01 0.0000000000000000e+00 0
2.9687500000000000e-01 1.5625000000000000e-01 0.0000000000000000e+00 0
3.1250000000000000e-01 1.5625000000000000e-01 0.0000000000000000e+00 0
3.2812500000000000e-01 1.5625000000000000e-01 0.0000000000000000e+00 0
3.4375000000000000e-01 1.5625000000000000e-01 0.0000000000000000e+00 0
3.5937500000000000e-01 1.5625000000000000e-01 0.0000000000000000e+00 0
3.7500000000000000e-01 1.5625000000000000e-01 0.0000000000000000e+00 0
3.9062500000000000e-01 1.5625000000000000e-01 0.0000000000000000e+00 0
4.0625000000000000e-01 1.5625000000000000e-01 0.0000000000000000e+00 0
4.2187500000000000e-01 1.5625000000000000e-01 0.0000000000000000e+00 0
4.3750000000000000e-01 1.5625000000000000e-01 0.0000000000000000e+00 0
4.5312500000000000e-01 1.5625000000000000e-01 0.0000000000000000e+00 0
4.6875000000000000e-01 1.5625000000000000e-01 0.0000000000000000e+00 0
4.8437500000000000e-01 1.5625000000000000e-01 0.0000000000000000e+00 0
5.0000000000000000e-01 1.5625000000000000e-01 0.0000000000000000e+00 0
5.1562500000000000e-01 1.5625000000000000e-01 0.0000000000000000e+00 0
5.3125000000000000e-01 1.5625000000000000e-01 0.0000000000000000e+00 0
5.4687500000000000e-01 1.5625000000000000e-01 0.0000000000000000e+00 0
5.6250000000000000e-01 1.5625000000000000e-01 0.0000000000000000e+00 0
5.7812500000000000e-01 1.5625000000000000e-01 0.0000000000000000e+00 0
5.9375000000000000e-01 1.5625000000000000e-01 0.0000000000000000e+00 0
6.0937500000000000e-01 1.5625000000000000e-01 0.0000000000000000e+00 0
6.2500000000000000e-01 1.5625000000000000e-01 0.0000000000000000e+00 0
6.4062500000000000e-01 1.5625000000000000e-01 0.0000000000000000e+00 0
6.5625000000000000e-01 1.5625000000000000e-01 0.0000000000000000e+00 0
6.7187500000000000e-01 1.5625000000000000e-01 0.0000000000000000e+00 0
6.8750000000000000e-01 1.5625000000000000e-01 0.0000000000000000e+00 0
7.0312500000000000e-01 1.5625000000000000e-01 0.0000000000000000e+00 0
7.1875000000000000e-01 1.5625000000000000e-01 0.0000000000000000e+00 0
7.3437500000000000e-01 1.5625000000000000e-01 0.0000000000000000e+00 0
7.5000000000000000e-01 1.5625000000000000e-01 0.0000000000000000e+00 0
7.6562500000000000e-01 1.5625000000000000e-01 0.0000000000000000e+00 0
7.8125000000000000e-01 1.5625000000000000e-01 0.0000000000000000e+00 0
7.9687500000000000e-01 1.5625000000000000e-01 0.0000000000000000e+00 0
8.1250000000000000e-01 1.5625000000000000e-01 0.0000000000000000e+00 0
8.2812500000000000e-01 1.5625000000000000e-01 0.0000000000000000e+00 0
8.4375000000000000e-01 1.5625000000000000e-01 0.0000000000000000e+00 0
8.5937500000000000e-01 1.5625000000000000e-01 0.0000000000000000e+00 0
8.7500000000000000e-01 1.5625000000000000e-01 0.0000000000000000e+00 0
8.9062500000000000e-01 1.5625000000000000e-01 0.0000000000000000e+00 0
9.0625000000000000e-01 1.5625000000000000e-01 0.0000000000000000e+00 0
9.2187500000000000e-01 1.5625000000000000e-01 0.0000000000000000e+00 0
9.3750000000000000e-01 1.5625000000000000e-01 0.0000000000000000e+00 0
9.5312500000000000e-01 1.5625000000000000e-01 0.0000000000000000e+00 0
9.6875000000000000e-01 1.5625000000000000e-01 0.0000000000000000e+00 0
9.8437500000000000e-01 1.5625000000000000e-01 0.0000000000000000e+00 0
1.5625000000000000e-02 1.7187500000000000e-01 0.0000000000000000e+00 0
3.1250000000000000e-02 1.7187500000000000e-01 0.0000000000000000e+00 0
4.6875000000000000e-02 1.7187500000000000e-01 0.0000000000000000e+00 0
6.2500000000000000e-02 1.7187500000000000e-01 0.0000000000000000e+00 0
7.8125000000000000e-02 1.7187500000000000e-01 0.0000000000000000e+00 0
9.3750000000000000e-02 1.7187500000000000e-01 0.0000000000000000e+00 0
1.0937500000000000e-01 1.7187500000000000e-01 0.0000000000000000e+00 0
1.2500000000000000e-01 1.7187500000000000e-01 0.0000000000000000e+00 0
1.4062500000000000e-01 1.7187500000000000e-01 0.0000000000000000e+00 0
1.5625000000000000e-01 1.7187500000000000e-01 0.0000000000000000e+00 0
1.7187500000000000e-01 1.7187500000000000e-01 0.0000000000000000e+00 0
1.8750000000000000e-01 1.7187500000000000e-01 0.0000000000000000e+00 0
2.0312500000000000e-01 1.7187500000000000e-01 0.0000000000000000e+00 0
2.1875000000000000e-01 1.7187500000000000e-01 0.0000000000000000e+00 0
2.3437500000000000e-01 1.7187500000000000e-01 0.0000000000000000e+00 0
2.5000000000000000e-01 1.7187500000000000e-01 0.0000000000000000e+00 0
2.6562500000000000e-01 1.7187500000000000e-01 0.0000000000000000e+00 0
2.8125000000000000e-01 1.7187500000000000e-01 0.0000000000000000e+00 0
2.9687500000000000e-01 1.7187500000000000e-01 0.0000000000000000e+00 0
3.1250000000000000e-01 1.7187500000000000e-01 0.0000000000000000e+00 0
3.2812500000000000e-01 1.7187500000000000e-01 0.0000000000000000e+00 0
3.4375000000000000e-01 1.7187500000000000e-01 0.0000000000000000e+00 0
3.5937500000000000e-01 1.7187500000000000e-01 0.0000000000000000e+00 0
3.7500000000000000e-01 1.7187500000000000e-01 0.0000000000000000e+00 0
3.9062500000000000e-01 1.7187500000000000e-01 0.0000000000000000e+00 0
4.0625000000000000e-01 1.7187500000000000e-01 0.0000000000000000e+00 0
4.2187500000000000e-01 1.7187500000000000e-01 0.0000000000000000e+00 0
4.3750000000000000e-01 1.7187500000000000e-01 0.0000000000000000e+00 0
4.5312500000000000e-01 1.7187500000000000e-01 0.0000000000000000e+00 0
4.6875000000000000e-01 1.7187500000000000e-01 0.0000000000000000e+00 0
4.8437500000000000e-01 1.7187500000000000e-01 0.0000000000000000e+00 0
5.0000000000000000e-01 1.7187500000000000e-01 0.0000000000000000e+00 0
5.1562500000000000e-01 1.7187500000000000e-01 0.0000000000000000e+00 0
5.3125000000000000e-01 1.7187500000000000e-01 0.0000000000000000e+00 0
5.4687500000000000e-01 1.7187500000000000e-01 0.0000000000000000e+00 0
5.6250000000000000e-01 1.7187500000000000e-01 0.0000000000000000e+00 0
5.7812500000000000e-01 1.7187500000000000e-01 0.0000000000000000e+00 0
5.9375000000000000e-01 1.7187500000000000e-01 0.0000000000000000e+00 0
6.0937500000000000e-01 1.7187500000000000e-01 0.0000000000000000e+00 0
6.2500000000000000e-01 1.7187500000000000e-01 0.0000000000000000e+00 0
6.4062500000000000e-01 1.7187500000000000e-01 0.0000000000000000e+00 0
6.5625000000000000e-01 1.7187500000000000e-01 0.0000000000000000e+00 0
6.7187500000000000e-01 1.7187500000000000e-01 0.0000000000000000e+00 0
6.8750000000000000e-01 1.7187500000000000e-01 0.0000000000000000e+00 0
7.0312500000000000e-01 1.7187500000000000e-01 0.0000000000000000e+00 0
7.1875000000000000e-01 1.7187500000000000e-01 0.0000000000000000e+00 0
7.3437500000000000e-01 1.7187500000000000e-01 0.0000000000000000e+00 0
7.5000000000000000e-01 1.7187500000000000e-01 0.0000000000000000e+00 0
7.6562500000000000e-01 1.7187500000000000e-01 0.0000000000000000e+00 0
7.8125000000000000e-01 1.7187500000000000e-01 0.0000000000000000e+00 0
7.9687500000000000e-01 1.7187500000000000e-01 0.0000000000000000e+00 0
8.1250000000000000e-01 1.7187500000000000e-01 0.0000000000000000e+00 0
8.2812500000000000e-01 1.7187500000000000e-01 0.0000000000000000e+00 0
8.4375000000000000e-01 1.7187500000000000e-01 0.0000000000000000e+00 0
8.5937500000000000e-01 1.7187500000000000e-01 0.0000000000000000e+00 0
8.7500000000000000e-01 1.7187500000000000e-01 0.0000000000000000e+00 0
8.9062500000000000e-01 1.7187500000000000e-01 0.0000000000000000e+00 0
9.0625000000000000e-01 1.7187500000000000e-01 0.0000000000000000e+00 0
9.2187500000000000e-01 1.7187500000000000e-01 0.0000000000000000e+00 0
9.3750000000000000e-01 1.7187500000000000e-01 0.0000000000000000e+00 0
9.5312500000000000e-01 1.7187500000000000e-01 0.0000000000000000e+00 0
9.6875000000000000e-01 1.7187500000000000e-01 0.0000000000000000e+00 0
9.8437500000000000e-01 1.7187500000000000e-01 0.0000000000000000e+00 0
1.5625000000000000e-02 1.8750000000000000e-01 0.0000000000000000e+00 0
3.1250000000000000e-02 1.8750000000000000e-01 0.0000000000000000e+00 0
4.6875000000000000e-02 1.8750000000000000e-01 0.0000000000000000e+00 0
6.2500000000000000e-02 1.8750000000000000e-01 0.0000000000000000e+00 0
7.8125000000000000e-02 1.8750000000000000e-01 0.0000000000000000e+00 0
9.3750000000000000e-02 1.8750000000000000e-01 0.0000000000000000e+00 0
1.0937500000000000e-01 1.8750000000000000e-01 0.0000000000000000e+00 0
1.2500000000000000e-01 1.8750000000000000e-01 0.0000000000000000e+00 0
1.4062500000000000e-01 1.8750000000000000e-01 0.0000000000000000e+00 0
1.5625000000000000e-01 1.8750000000000000e-01 0.0000000000000000e+00 0
1.7187500000000000e-01 1.8750000000000000e-01 0.0000000000000000e+00 0
1.8750000000000000e-01 1.8750000000000000e-01 0.0000000000000000e+00 0
2.0312500000000000e-01 1.8750000000000000e-01 0.0000000000000000e+00 0
2.1875000000000000e-01 1.8750000000000000e-01 0.0000000000000000e+00 0
2.3437500000000000e-01 1.8750000000000000e-01 0.0000000000000000e+00 0
2.5000000000000000e-01 1.8750000000000000e-01 0.0000000000000000e+00 0
2.6562500000000000e-01 1.8750000000000000e-01 0.0000000000000000e+00 0
2.8125000000000000e-01 1.8750000000000000e-01 0.0000000000000000e+00 0
2.9687500000000000e-01 1.8750000000000000e-01 0.0000000000000000e+00 0
3.1250000000000000e-01 1.8750000000000000e-01 0.0000000000000000e+00 0
3.2812500000000000e-01 1.8750000000000000e-01 0.0000000000000000e+00 0
3.4375000000000000e-01 1.8750000000000000e-01 0.0000000000000000e+00 0
3.5937500000000000e-01 1.8750000000000000e-01 0.0000000000000000e+00 0
3.7500000000000000e-01 1.8750000000000000e-01 0.0000000000000000e+00 0
3.9062500000000000e-01 1.8750000000000000e-01 0.0000000000000000e+00 0
4.0625000000000000e-01 1.8750000000000000e-01 0.0000000000000000e+00 0
4.2187500000000000e-01 1.8750000000000000e-01 0.0000000000000000e+00 0
4.3750000000000000e-01 1.8750000000000000e-01 0.0000000000000000e+00 0
4.5312500000000000e-01 1.8750000000000000e-01 0.0000000000000000e+00 0
4.6875000000000000e-01 1.8750000000000000e-01 0.0000000000000000e+00 0
4.8437500000000000e-01 1.8750000000000000e-01 0.0000000000000000e+00 0
5.0000000000000000e-01 1.8750000000000000e-01 0.0000000000000000e+00 0
5.1562500000000000e-01 1.8750000000000000e-01 0.0000000000000000e+00 0
5.3125000000000000e-01 1.8750000000000000e-01 0.0000000000000000e+00 0
5.4687500000000000e-01 1.8750000000000000e-01 0.0000000000000000e+00 0
5.6250000000000000e-01 1.8750000000000000e-01 0.0000000000000000e+00 0
5.7812500000000000e-01 1.8750000000000000e-01 0.0000000000000000e+00 0
5.9375000000000000e-01 1.8750000000000000e-01 0.0000000000000000e+00 0
6.0937500000000000e-01 1.8750000000000000e-01 0.0000000000000000e+00 0
6.2500000000000000e-01 1.8750000000000000e-01 0.0000000000000000e+00 0
6.4062500000000000e-01 1.8750000000000000e-01 0.0000000000000000e+00 0
6.5625000000000000e-01 1.8750000000000000e-01 0.0000000000000000e+00 0
6.7187500000000000e-01 1.8750000000000000e-01 0.0000000000000000e+00 0
6.8750000000000000e-01 1.8750000000000000e-01 0.0000000000000000e+00 0
7.0312500000000000e-01 1.8750000000000000e-01 0.0000000000000000e+00 0
7.1875000000000000e-01 1.8750000000000000e-01 0.0000000000000000e+00 0
7.3437500000000000e-01 1.8750000000000000e-01 0.0000000000000000e+00 0
7.5000000000000000e-01 1.8750000000000000e-01 0.0000000000000000e+00 0
7.6562500000000000e-01 1.8750000000000000e-01 0.0000000000000000e+00 0
7.8125000000000000e-01 1.8750000000000000e-01 0.0000000000000000e+00 0
7.9687500000000000e-01 1.8750000000000000e-01 0.0000000000000000e+00 0
8.1250000000000000e-01 1.8750000000000000e-01 0.0000000000000000e+00 0
8.2812500000000000e-01 1.8750000000000000e-01 0.0000000000000000e+00 0
8.4375000000000000e-01 1.8750000000000000e-01 0.0000000000000000e+00 0
8.5937500000000000e-01 1.8750000000000000e-01 0.0000000000000000e+00 0
8.7500000000000000e-01 1.8750000000000000e-01 0.0000000000000000e+00 0
8.9062500000000000e-01 1.8750000000000000e-01 0.0000000000000000e+00 0
9.0625000000000000e-01 1.8750000000000000e-01 0.0000000000000000e+00 0
9.2187500000000000e-01 1.8750000000000000e-01 0.0000000000000000e+00 0
9.3750000000000000e-01 1.8750000000000000e-01 0.0000000000000000e+00 0
9.5312500000000000e-01 1.8750000000000000e-01 0.0000000000000000e+00 0
9.6875000000000000e-01 1.8750000000000000e-01 0.0000000000000000e+00 0
9.8437500000000000e-01 1.8750000000000000e-01 0.0000000000000000e+00 0
1.5625000000000000e-02 2.0312500000000000e-01 0.0000000000000000e+00 0
3.1250000000000000e-02 2.0312500000000000e-01 0.0000000000000000e+00 0
4.6875000000000000e-02 2.0312500000000000e-01 0.0000000000000000e+00 0
6.2500000000000000e-02 2.0312500000000000e-01 0.0000000000000000e+00 0
7.8125000000000000e-02 2.0312500000000000e-01 0.0000000000000000e+00 0
9.3750000000000000e-02 2.0312500000000000e-01 0.0000000000000000e+00 0
1.0937500000000000e-01 2.0312500000000000e-01 0.0000000000000000e+00 0
1.2500000000000000e-01 2.0312500000000000e-01 0.0000000000000000e+00 0
1.4062500000000000e-01 2.0312500000000000e-01 0.0000000000000000e+00 0
1.5625000000000000e-01 2.0312500000000000e-01 0.0000000000000000e+00 0
1.7187500000000000e-01 2.0312500000000000e-01 0.0000000000000000e+00 0
1.8750000000000000e-01 2.0312500000000000e-01 0.0000000000000000e+00 0
2.0312500000000000e-01 2.0312500000000000e-01 0.0000000000000000e+00 0
2.1875000000000000e-01 2.0312500000000000e-01 0.0000000000000000e+00 0
2.3437500000000000e-01 2.0312500000000000e-01 0.0000000000000000e+00 0
2.5000000000000000e-01 2.0312500000000000e-01 0.0000000000000000e+00 0
2.6562500000000000e-01 2.0312500000000000e-01 0.0000000000000000e+00 0
2.8125000000000000e-01 2.0312500000000000e-01 0.0000000000000000e+00 0
2.9687500000000000e-01 2.0312500000000000e-01 0.0000000000000000e+00 0
3.1250000000000000e-01 2.0312500000000000e-01 0.0000000000000000e+00 0
3.2812500000000000e-01 2.0312500000000000e-01 0.0000000000000000e+00 0
3.4375000000000000e-01 2.0312500000000000e-01 0.0000000000000000e+00 0
3.5937500000000000e-01 2.0312500000000000e-01 0.0000000000000000e+00 0
3.7500000000000000e-01 2.0312500000000000e-01 0.0000000000000000e+00 0
3.9062500000000000e-01 2.0312500000000000e-01 0.0000000000000000e+00 0
4.0625000000000000e-01 2.0312500000000000e-01 0.0000000000000000e+00 0
4.2187500000000000e-01 2.0312500000000000e-01 0.0000000000000000e+00 0
4.3750000000000000e-01 2.0312500000000000e-01 0.0000000000000000e+00 0
4.5312500000000000e-01 2.0312500000000000e-01 0.0000000000000000e+00 0
4.6875000000000000e-01 2.0312500000000000e-01 0.0000000000000000e+00 0
4.8437500000000000e-01 2.0312500000000000e-01 0.0000000000000000e+00 0
5.0000000000000000e-01 2.0312500000000000e-01 0.0000000000000000e+00 0
5.1562500000000000e-01 2.0312500000000000e-01 0.0000000000000000e+00 0
5.3125000000000000e-01 2.0312500000000000e-01 0.0000000000000000e+00 0
5.4687500000000000e-01 2.0312500000000000e-01 0.0000000000000000e+00 0
5.6250000000000000e-01 2.0312500000000000e-01 0.0000000000000000e+00 0
5.7812500000000000e-01 2.0312500000000000e-01 0.0000000000000000e+00 0
5.9375000000000000e-01 2.0312500000000000e-01 0.0000000000000000e+00 0
6.0937500000000000e-01 2.0312500000000000e-01 0.0000000000000000e+00 0
6.2500000000000000e-01 2.0312500000000000e-01 0.0000000000000000e+00 0
6.4062500000000000e-01 2.0312500000000000e-01 0.0000000000000000e+00 0
6.5625000000000000e-01 2.0312500000000000e-01 0.0000000000000000e+00 0
6.7187500000000000e-01 2.0312500000000000e-01 0.0000000000000000e+00 0
6.8750000000000000e-01 2.0312500000000000e-01 0.0000000000000000e+00 0
7.0312500000000000e-01 2.0312500000000000e-01 0.0000000000000000e+00 0
7.1875000000000000e-01 2.0312500000000000e-01 0.0000000000000000e+00 0
7.3437500000000000e-01 2.0312500000000000e-01 0.0000000000000000e+00 0
7.5000000000000000e-01 2.0312500000000000e-01 0.0000000000000000e+00 0
7.6562500000000000e-01 2.0312500000000000e-01 0.0000000000000000e+00 0
7.8125000000000000e-01 2.0312500000000000e-01 0.0000000000000000e+00 0
7.9687500000000000e-01 2.0312500000000000e-01 0.0000000000000000e+00 0
8.1250000000000000e-01 2.0312500000000000e-01 0.0000000000000000e+00 0
8.2812500000000000e-01 2.0312500000000000e-01 0.0000000000000000e+00 0
8.4375000000000000e-01 2.0312500000000000e-01 0.0000000000000000e+00 0
8.5937500000000000e-01 2.0312500000000000e-01 0.0000000000000000e+00 0
8.7500000000000000e-01 2.0312500000000000e-01 0.0000000000000000e+00 0
8.9062500000000000e-01 2.0312500000000000e-01 0.0000000000000000e+00 0
9.0625000000000000e-01 2.0312500000000000e-01 0.0000000000000000e+00 0
9.2187500000000000e-01 2.0312500000000000e-01 0.0000000000000000e+00 0
9.3750000000000000e-01 2.0312500000000000e-01 0.0000000000000000e+00 0
9.5312500000000000e-01 2.0312500000000000e-01 0.0000000000000000e+00 0
9.6875000000000000e-01 2.0312500000000000e-01 0.0000000000000000e+00 0
9.8437500000000000e-01 2.0312500000000000e-01 0.0000000000000000e+00 0
1.5625000000000000e-02 2.1875000000000000e-01 0.0000000000000000e+00 0
3.1250000000000000e-02 2.1875000000000000e-01 0.0000000000000000e+00 0
4.6875000000000000e-02 2.1875000000000000e-01 0.0000000000000000e+00 0
6.2500000000000000e-02 2.1875000000000000e-01 0.0000000000000000e+00 0
7.8125000000000000e-02 2.1875000000000000e-01 0.0000000000000000e+00 0
9.3750000000000000e-02 2.1875000000000000e-01 0.0000000000000000e+00 0
1.0937500000000000e-01 2.1875000000000000e-01 0.0000000000000000e+00 0
1.2500000000000000e-01 2.1875000000000000e-01 0.0000000000000000e+00 0
1.4062500000000000e-01 2.1875000000000000e-01 0.0000000000000000e+00 0
1.5625000000000000e-01 2.1875000000000000e-01 0.0000000000000000e+00 0
1.7187500000000000e-01 2.1875000000000000e-01 0.0000000000000000e+00 0
1.8750000000000000e-01 2.1875000000000000e-01 0.0000000000000000e+00 0
2.0312500000000000e-01 2.1875000000000000e-01 0.0000000000000000e+00 0
2.1875000000000000e-01 2.1875000000000000e-01 0.0000000000000000e+00 0
2.3437500000000000e-01 2.1875000000000000e-01 0.0000000000000000e+00 0
2.5000000000000000e-01 2.1875000000000000e-01 0.0000000000000000e+00 0
2.6562500000000000e-01 2.1875000000000000e-01 0.0000000000000000e+00 0
2.8125000000000000e-01 2.1875000000000000e-01 0.0000000000000000e+00 0
2.9687500000000000e-01 2.1875000000000000e-01 0.0000000000000000e+00 0
3.1250000000000000e-01 2.1875000000000000e-01 0.0000000000000000e+00 0
3.2812500000000000e-01 2.1875000000000000e-01 0.0000000000000000e+00 0
3.4375000000000000e-01 2.1875000000000000e-01 0.0000000000000000e+00 0
3.5937500000000000e-01 2.1875000000000000e-01 0.0000000000000000e+00 0
3.7500000000000000e-01 2.1875000000000000e-01 0.0000000000000000e+00 0
3.9062500000000000e-01 2.1875000000000000e-01 0.0000000000000000e+00 0
4.0625000000000000e-01 2.1875000000000000e-01 0.0000000000000000e+00 0
4.2187500000000000e-01 2.1875000000000000e-01 0.0000000000000000e+00 0
4.3750000000000000e-01 2.1875000000000000e-01 0.0000000000000000e+00 0
4.5312500000000000e-01 2.1875000000000000e-01 0.0000000000000000e+00 0
4.6875000000000000e-01 2.1875000000000000e-01 0.0000000000000000e+00 0
4.8437500000000000e-01 2.1875000000000000e-01 0.0000000000000000e+00 0
5.0000000000000000e-01 2.1875000000000000e-01 0.0000000000000000e+00 0
5.1562500000000000e-01 2.1875000000000000e-01 0.0000000000000000e+00 0
5.3125000000000000e-01 2.1875000000000000e-01 0.0000000000000000e+00 0
5.4687500000000000e-01 2.1875000000000000e-01 0.0000000000000000e+00 0
5.6250000000000000e-01 2.1875000000000000e-01 0.0000000000000000e+00 0
5.7812500000000000e-01 2.1875000000000000e-01 0.0000000000000000e+00 0
5.9375000000000000e-01 2.1875000000000000e-01 0.0000000000000000e+00 0
6.0937500000000000e-01 2.1875000000000000e-01 0.0000000000000000e+00 0
6.2500000000000000e-01 2.1875000000000000e-01 0.0000000000000000e+00 0
6.4062500000000000e-01 2.1875000000000000e-01 0.0000000000000000e+00 0
6.5625000000000000e-01 2.1875000000000000e-01 0.0000000000000000e+00 0
6.7187500000000000e-01 2.1875000000000000e-01 0.0000000000000000e+00 0
6.8750000000000000e-01 2.1875000000000000e-01 0.0000000000000000e+00 0
7.0312500000000000e-01 2.1875000000000000e-01 0.0000000000000000e+00 0
7.1875000000000000e-01 2.1875000000000000e-01 0.0000000000000000e+00 0
7.3437500000000000e-01 2.1875000000000000e-01 0.0000000000000000e+00 0
7.5000000000000000e-01 2.1875000000000000e-01 0.0000000000000000e+00 0
7.6562500000000000e-01 2.1875000000000000e-01 0.0000000000000000e+00 0
7.8125000000000000e-01 2.1875000000000000e-01 0.0000000000000000e+00 0
7.9687500000000000e-01 2.1875000000000000e-01 0.0000000000000000e+00 0
8.1250000000000000e-01 2.1875000000000000e-01 0.0000000000000000e+00 0
8.2812500000000000e-01 2.1875000000000000e-01 0.0000000000000000e+00 0
8.4375000000000000e-01 2.1875000000000000e-01 0.0000000000000000e+00 0
8.5937500000000000e-01 2.1875000000000000e-01 0.0000000000000000e+00 0
8.7500000000000000e-01 2.1875000000000000e-01 0.0000000000000000e+00 0
8.9062500000000000e-01 2.1875000000000000e-01 0.0000000000000000e+00 0
9.0625000000000000e-01 2.1875000000000000e-01 0.0000000000000000e+00 0
9.2187500000000000e-01 2.1875000000000000e-01 0.0000000000000000e+00 0
9.3750000000000000e-01 2.1875000000000000e-01 0.0000000000000000e+00 0
9.5312500000000000e-01 2.1875000000000000e-01 0.0000000000000000e+00 0
9.6875000000000000e-01 2.1875000000000000e-01 0.0000000000000000e+00 0
9.8437500000000000e-01 2.1875000000000000e-01 0.0000000000000000e+00 0
1.5625000000000000e-02 2.3437500000000000e-01 0.0000000000000000e+00 0
3.1250000000000000e-02 2.3437500000000000e-01 0.0000000000000000e+00 0
4.6875000000000000e-02 2.3437500000000000e-01 0.0000000000000000e+00 0
6.2500000000000000e-02 2.3437500000000000e-01 0.0000000000000000e+00 0
7.8125000000000000e-02 2.3437500000000000e-01 0.0000000000000000e+00 0
9.3750000000000000e-02 2.3437500000000000e-01 0.0000000000000000e+00 0
1.0937500000000000e-01 2.3437500000000000e-01 0.0000000000000000e+00 0
1.2500000000000000e-01 2.3437500000000000e-01 0.0000000000000000e+00 0
1.4062500000000000e-01 2.3437500000000000e-01 0.0000000000000000e+00 0
1.5625000000000000e-01 2.3437500000000000e-01 0.0000000000000000e+00 0
1.7187500000000000e-01 2.3437500000000000e-01 0.0000000000000000e+00 0
1.8750000000000000e-01 2.3437500000000000e-01 0.0000000000000000e+00 0
2.0312500000000000e-01 2.3437500000000000e-01 0.0000000000000000e+00 0
2.1875000000000000e-01 2.3437500000000000e-01 0.0000000000000000e+00 0
2.3437500000000000e-01 2.3437500000000000e-01 0.0000000000000000e+00 0
2.5000000000000000e-01 2.3437500000000000e-01 0.0000000000000000e+00 0
2.6562500000000000e-01 2.3437500000000000e-01 0.0000000000000000e+00 0
2.8125000000000000e-01 2.3437500000000000e-01 0.0000000000000000e+00 0
2.9687500000000000e-01 2.3437500000000000e-01 0.0000000000000000e+00 0
3.1250000000000000e-01 2.3437500000000000e-01 0.0000000000000000e+00 0
3.2812500000000000e-01 2.3437500000000000e-01 0.0000000000000000e+00 0
3.4375000000000000e-01 2.3437500000000000e-01 0.0000000000000000e+00 0
3.5937500000000000e-01 2.3437500000000000e-01 0.0000000000000000e+00 0
3.7500000000000000e-01 2.3437500000000000e-01 0.0000000000000000e+00 0
3.9062500000000000e-01 2.3437500000000000e-01 0.0000000000000000e+00 0
4.0625000000000000e-01 2.3437500000000000e-01 0.0000000000000000e+00 0
4.2187500000000000e-01 2.3437500000000000e-01 0.0000000000000000e+00 0
4.3750000000000000e-01 2.3437500000000000e-01 0.0000000000000000e+00 0
4.5312500000000000e-01 2.3437500000000000e-01 0.0000000000000000e+00 0
4.6875000000000000e-01 2.3437500000000000e-01 0.0000000000000000e+00 0
4.8437500000000000e-01 2.3437500000000000e-01 0.0000000000000000e+00 0
5.0000000000000000e-01 2.3437500000000000e-01 0.0000000000000000e+00 0
5.1562500000000000e-01 2.3437500000000000e-01 0.0000000000000000e+00 0
5.3125000000000000e-01 2.3437500000000000e-01 0.0000000000000000e+00 0
5.4687500000000000e-01 2.3437500000000000e-01 0.0000000000000000e+00 0
5.6250000000000000e-01 2.3437500000000000e-01 0.0000000000000000e+00 0
5.7812500000000000e-01 2.3437500000000000e-01 0.0000000000000000e+00 0
5.9375000000000000e-01 2.3437500000000000e-01 0.0000000000000000e+00 0
6.0937500000000000e-01 2.3437500000000000e-01 0.0000000000000000e+00 0
6.2500000000000000e-01 2.3437500000000000e-01 0.0000000000000000e+00 0
6.4062500000000000e-01 2.3437500000000000e-01 0.0000000000000000e+00 0
6.5625000000000000e-01 2.3437500000000000e-01 0.0000000000000000e+00 0
6.7187500000000000e-01 2.3437500000000000e-01 0.0000000000000000e+00 0
6.8750000000000000e-01 2.3437500000000000e-01 0.0000000000000000e+00 0
7.0312500000000000e-01 2.3437500000000000e-01 0.0000000000000000e+00 0
7.1875000000000000e-01 2.3437500000000000e-01 0.0000000000000000e+00 0
7.3437500000000000e-01 2.3437500000000000e-01 0.0000000000000000e+00 0
7.5000000000000000e-01 2.3437500000000000e-01 0.0000000000000000e+00 0
7.6562500000000000e-01 2.3437500000000000e-01 0.0000000000000000e+00 0
7.8125000000000000e-01 2.3437500000000000e-01 0.0000000000000000e+00 0
7.9687500000000000e-01 2.3437500000000000e-01 0.0000000000000000e+00 0
8.1250000000000000e-01 2.3437500000000000e-01 0.0000000000000000e+00 0
8.2812500000000000e-01 2.3437500000000000e-01 0.0000000000000000e+00 0
8.4375000000000000e-01 2.3437500000000000e-01 0.0000000000000000e+00 0
8.5937500000000000e-01 2.3437500000000000e-01 0.0000000000000000e+00 0
8.7500000000000000e-01 2.3437500000000000e-01 0.0000000000000000e+00 0
8.9062500000000000e-01 2.3437500000000000e-01 0.0000000000000000e+00 0
9.0625000000000000e-01 2.3437500000000000e-01 0.0000000000000000e+00 0
9.2187500000000000e-01 2.3437500000000000e-01 0.0000000000000000e+00 0
9.3750000000000000e-01 2.3437500000000000e-01 0.0000000000000000e+00 0
9.5312500000000000e-01 2.3437500000000000e-01 0.0000000000000000e+00 0
9.6875000000000000e-01 2.3437500000000000e-01 0.0000000000000000e+00 0
9.8437500000000000e-01 2.3437500000000000e-01 0.0000000000000000e+00 0
1.5625000000000000e-02 2.5000000000000000e-01 0.0000000000000000e+00 0
3.1250000000000000e-02 2.5000000000000000e-01 0.0000000000000000e+00 0
4.6875000000000000e-02 2.5000000000000000e-01 0.0000000000000000e+00 0
6.2500000000000000e-02 2.5000000000000000e-01 0.0000000000000000e+00 0
7.8125000000000000e-02 2.5000000000000000e-01 0.0000000000000000e+00 0
9.3750000000000000e-02 2.5000000000000000e-01 0.0000000000000000e+00 0
1.0937500000000000e-01 2.5000000000000000e-01 0.0000000000000000e+00 0
1.2500000000000000e-01 2.5000000000000000e-01 0.0000000000000000e+00 0
1.4062500000000000e-01 2.5000000000000000e-01 0.0000000000000000e+00 0
1.5625000000000000e-01 2.5000000000000000e-01 0.0000000000000000e+00 0
1.7187500000000000e-01 2.5000000000000000e-01 0.0000000000000000e+00 0
1.8750000000000000e-01 2.5000000000000000e-01 0.0000000000000000e+00 0
2.0312500000000000e-01 2.5000000000000000e-01 0.0000000000000000e+00 0
2.1875000000000000e-01 2.5000000000000000e-01 0.0000000000000000e+00 0
2.3437500000000000e-01 2.5000000000000000e-01 0.0000000000000000e+00 0
2.5000000000000000e-01 2.5000000000000000e-01 0.0000000000000000e+00 0
2.6562500000000000e-01 2.5000000000000000e-01 0.0000000000000000e+00 0
2.8125000000000000e-01 2.5000000000000000e-01 0.0000000000000000e+00 0
2.9687500000000000e-01 2.5000000000000000e-01 0.0000000000000000e+00 0
3.1250000000000000e-01 2.5000000000000000e-01 0.0000000000000000e+00 0
3.2812500000000000e-01 2.5000000000000000e-01 0.0000000000000000e+00 0
3.4375000000000000e-01 2.5000000000000000e-01 0.0000000000000000e+00 0
3.5937500000000000e-01 2.5000000000000000e-01 0.0000000000000000e+00 0
3.7500000000000000e-01 2.5000000000000000e-01 0.0000000000000000e+00 0
3.9062500000000000e-01 2.5000000000000000e-01 0.0000000000000000e+00 0
4.0625000000000000e-01 2.5000000000000000e-01 0.0000000000000000e+00 0
4.2187500000000000e-01 2.5000000000000000e-01 0.0000000000000000e+00 0
4.3750000000000000e-01 2.5000000000000000e-01 0.0000000000000000e+00 0
4.5312500000000000e-01 2.5000000000000000e-01 0.0000000000000000e+00 0
4.6875000000000000e-01 2.5000000000000000e-01 0.0000000000000000e+00 0
4.8437500000000000e-01 2.5000000000000000e-01 0.0000000000000000e+00 0
5.0000000000000000e-01 2.5000000000000000e-01 0.0000000000000000e+00 0
5.1562500000000000e-01 2.5000000000000000e-01 0.0000000000000000e+00 0
5.3125000000000000e-01 2.5000000000000000e-01 0.0000000000000000e+00 0
5.4687500000000000e-01 2.5000000000000000e-01 0.0000000000000000e+00 0
5.6250000000000000e-01 2.5000000000000000e-01 0.0000000000000000e+00 0
5.7812500000000000e-01 2.5000000000000000e-01 0.0000000000000000e+00 0
5.9375000000000000e-01 2.5000000000000000e-01 0.0000000000000000e+00 0
6.0937500000000000e-01 2.5000000000000000e-01 0.0000000000000000e+00 0
6.2500000000000000e-01 2.5000000000000000e-01 0.0000000000000000e+00 0
6.4062500000000000e-01 2.5000000000000000e-01 0.0000000000000000e+00 0
6.5625000000000000e-01 2.5000000000000000e-01 0.0000000000000000e+00 0
6.7187500000000000e-01 2.5000000000000000e-01 0.0000000000000000e+00 0
6.8750000000000000e-01 2.5000000000000000e-01 0.0000000000000000e+00 0
7.0312500000000000e-01 2.5000000000000000e-01 0.0000000000000000e+00 0
7.1875000000000000e-01 2.5000000000000000e-01 0.0000000000000000e+00 0
7.3437500000000000e-01 2.5000000000000000e-01 0.0000000000000000e+00 0
7.5000000000000000e-01 2.5000000000000000e-01 0.0000000000000000e+00 0
7.6562500000000000e-01 2.5000000000000000e-01 0.0000000000000000e+00 0
7.8125000000000000e-01 2.5000000000000000e-01 0.0000000000000000e+00 0
7.9687500000000000e-01 2.5000000000000000e-01 0.0000000000000000e+00 0
8.1250000000000000e-01 2.5000000000000000e-01 0.0000000000000000e+00 0
8.2812500000000000e-01 2.5000000000000000e-01 0.0000000000000000e+00 0
8.4375000000000000e-01 2.5000000000000000e-01 0.0000000000000000e+00 0
8.5937500000000000e-01 2.5000000000000000e-01 0.0000000000000000e+00 0
8.7500000000000000e-01 2.5000000000000000e-01 0.0000000000000000e+00 0
8.9062500000000000e-01 2.5000000000000000e-01 0.0000000000000000e+00 0
9.0625000000000000e-01 2.5000000000000000e-01 0.0000000000000000e+00 0
9.2187500000000000e-01 2.5000000000000000e-01 0.0000000000000000e+00 0
9.3750000000000000e-01 2.5000000000000000e-01 0.0000000000000000e+00 0
9.5312500000000000e-01 2.5000000000000000e-01 0.0000000000000000e+00 0
9.6875000000000000e-01 2.5000000000000000e-01 0.0000000000000000e+00 0
9.8437500000000000e-01 2.5000000000000000e-01 0.0000000000000000e+00 0
1.5625000000000000e-02 2.6562500000000000e-01 0.0000000000000000e+00 0
3.1250000000000000e-02 2.6562500000000000e-01 0.0000000000000000e+00 0
4.6875000000000000e-02 2.6562500000000000e-01 0.0000000000000000e+00 0
6.2500000000000000e-02 2.6562500000000000e-01 0.0000000000000000e+00 0
7.8125000000000000e-02 2.6562500000000000e-01 0.0000000000000000e+00 0
9.3750000000000000e-02 2.6562500000000000e-01 0.0000000000000000e+00 0
1.0937500000000000e-01 2.6562500000000000e-01 0.0000000000000000e+00 0
1.2500000000000000e-01 2.6562500000000000e-01 0.0000000000000000e+00 0
1.4062500000000000e-01 2.6562500000000000e-01 0.0000000000000000e+00 0
1.5625000000000000e-01 2.6562500000000000e-01 0.0000000000000000e+00 0
1.7187500000000000e-01 2.6562500000000000e-01 0.0000000000000000e+00 0
1.8750000000000000e-01 2.6562500000000000e-01 0.0000000000000000e+00 0
2.0312500000000000e-01 2.6562500000000000e-01 0.0000000000000000e+00 0
2.1875000000000000e-01 2.6562500000000000e-01 0.0000000000000000e+00 0
2.3437500000000000e-01 2.6562500000000000e-01 0.0000000000000000e+00 0
2.5000000000000000e-01 2.6562500000000000e-01 0.0000000000000000e+00 0
2.6562500000000000e-01 2.6562500000000000e-01 0.0000000000000000e+00 0
2.8125000000000000e-01 2.6562500000000000e-01 0.0000000000000000e+00 0
2.9687500000000000e-01 2.6562500000000000e-01 0.0000000000000000e+00 0
3.1250000000000000e-01 2.6562500000000000e-01 0.0000000000000000e+00 0
3.2812500000000000e-01 2.6562500000000000e-01 0.0000000000000000e+00 0
3.4375000000000000e-01 2.6562500000000000e-01 0.0000000000000000e+00 0
3.5937500000000000e-01 2.6562500000000000e-01 0.0000000000000000e+00 0
3.7500000000000000e-01 2.6562500000000000e-01 0.0000000000000000e+00 0
3.9062500000000000e-01 2.6562500000000000e-01 0.0000000000000000e+00 0
4.0625000000000000e-01 2.6562500000000000e-01 0.0000000000000000e+00 0
4.2187500000000000e-01 2.6562500000000000e-01 0.0000000000000000e+00 0
4.3750000000000000e-01 2.6562500000000000e-01 0.0000000000000000e+00 0
4.5312500000000000e-01 2.6562500000000000e-01 0.0000000000000000e+00 0
4.6875000000000000e-01 2.6562500000000000e-01 0.0000000000000000e+00 0
4.8437500000000000e-01 2.6562500000000000e-01 0.0000000000000000e+00 0
5.0000000000000000e-01 2.6562500000000000e-01 0.0000000000000000e+00 0
5.1562500000000000e-01 2.6562500000000000e-01 0.0000000000000000e+00 0
5.3125000000000000e-01 2.6562500000000000e-01 0.0000000000000000e+00 0
5.4687500000000000e-01 2.6562500000000000e-01 0.0000000000000000e+00 0
5.6250000000000000e-01 2.6562500000000000e-01 0.0000000000000000e+00 0
5.7812500000000000e-01 2.6562500000000000e-01 0.0000000000000000e+00 0
5.9375000000000000e-01 2.6562500000000000e-01 0.0000000000000000e+00 0
6.0937500000000000e-01 2.6562500000000000e-01 0.0000000000000000e+00 0
6.2500000000000000e-01 2.6562500000000000e-01 0.0000000000000000e+00 0
6.4062500000000000e-01 2.6562500000000000e-01 0.0000000000000000e+00 0
6.5625000000000000e-01 2.6562500000000000e-01 0.0000000000000000e+00 0
6.7187500000000000e-01 2.6562500000000000e-01 0.0000000000000000e+00 0
6.8750000000000000e-01 2.6562500000000000e-01 0.0000000000000000e+00 0
7.0312500000000000e-01 2.6562500000000000e-01 0.0000000000000000e+00 0
7.1875000000000000e-01 2.6562500000000000e-01 0.0000000000000000e+00 0
7.3437500000000000e-01 2.6562500000000000e-01 0.0000000000000000e+00 0
7.5000000000000000e-01 2.6562500000000000e-01 0.0000000000000000e+00 0
7.6562500000000000e-01 2.6562500000000000e-01 0.0000000000000000e+00 0
7.8125000000000000e-01 2.6562500000000000e-01 0.0000000000000000e+00 0
7.9687500000000000e-01 2.6562500000000000e-01 0.0000000000000000e+00 0
8.1250000000000000e-01 2.6562500000000000e-01 0.0000000000000000e+00 0
8.2812500000000000e-01 2.6562500000000000e-01 0.0000000000000000e+00 0
8.4375000000000000e-01 2.6562500000000000e-01 0.0000000000000000e+00 0
8.5937500000000000e-01 2.6562500000000000e-01 0.0000000000000000e+00 0
8.7500000000000000e-01 2.6562500000000000e-01 0.0000000000000000e+00 0
8.9062500000000000e-01 2.6562500000000000e-01 0.0000000000000000e+00 0
9.0625000000000000e-01 2.6562500000000000e-01 0.0000000000000000e+00 0
9.2187500000000000e-01 2.6562500000000000e-01 0.0000000000000000e+00 0
9.3750000000000000e-01 2.6562500000000000e-01 0.0000000000000000e+00 0
9.5312500000000000e-01 2.6562500000000000e-01 0.0000000000000000e+00 0
9.6875000000000000e-01 2.6562500000000000e-01 0.0000000000000000e+00 0
9.8437500000000000e-01 2.6562500000000000e-01 0.0000000000000000e+00 0
1.5625000000000000e-02 2.8125000000000000e-01 0.0000000000000000e+00 0
3.1250000000000000e-02 2.8125000000000000e-01 0.0000000000000000e+00 0
4.6875000000000000e-02 2.8125000000000000e-01 0.0000000000000000e+00 0
6.2500000000000000e-02 2.8125000000000000e-01 0.0000000000000000e+00 0
7.8125000000000000e-02 2.8125000000000000e-01 0.0000000000000000e+00 0
9.3750000000000000e-02 2.8125000000000000e-01 0.0000000000000000e+00 0
1.0937500000000000e-01 2.8125000000000000e-01 0.0000000000000000e+00 0
1.2500000000000000e-01 2.8125000000000000e-01 0.0000000000000000e+00 0
1.4062500000000000e-01 2.8125000000000000e-01 0.0000000000000000e+00 0
1.5625000000000000e-01 2.8125000000000000e-01 0.0000000000000000e+00 0
1.7187500000000000e-01 2.8125000000000000e-01 0.0000000000000000e+00 0
1.8750000000000000e-01 2.8125000000000000e-01 0.0000000000000000e+00 0
2.0312500000000000e-01 2.8125000000000000e-01 0.0000000000000000e+00 0
2.1875000000000000e-01 2.8125000000000000e-01 0.0000000000000000e+00 0
2.3437500000000000e-01 2.8125000000000000e-01 0.0000000000000000e+00 0
2.5000000000000000e-01 2.8125000000000000e-01 0.0000000000000000e+00 0
2.6562500000000000e-01 2.8125000000000000e-01 0.0000000000000000e+00 0
2.8125000000000000e-01 2.8125000000000000e-01 0.0000000000000000e+00 0
2.9687500000000000e-01 2.8125000000000000e-01 0.0000000000000000e+00 0
3.1250000000000000e-01 2.8125000000000000e-01 0.0000000000000000e+00 0
3.2812500000000000e-01 2.8125000000000000e-01 0.0000000000000000e+00 0
3.4375000000000000e-01 2.8125000000000000e-01 0.0000000000000000e+00 0
3.5937500000000000e-01 2.8125000000000000e-01 0.0000000000000000e+00 0
3.7500000000000000e-01 2.8125000000000000e-01 0.0000000000000000e+00 0
3.9062500000000000e-01 2.8125000000000000e-01 0.0000000000000000e+00 0
4.0625000000000000e-01 2.8125000000000000e-01 0.0000000000000000e+00 0
4.2187500000000000e-01 2.8125000000000000e-01 0.0000000000000000e+00 0
4.3750000000000000e-01 2.8125000000000000e-01 0.0000000000000000e+00 0
4.5312500000000000e-01 2.8125000000000000e-01 0.0000000000000000e+00 0
4.6875000000000000e-01 2.8125000000000000e-01 0.0000000000000000e+00 0
4.8437500000000000e-01 2.8125000000000000e-01 0.0000000000000000e+00 0
5.0000000000000000e-01 2.8125000000000000e-01 0.0000000000000000e+00 0
5.1562500000000000e-01 2.8125000000000000e-01 0.0000000000000000e+00 0
5.3125000000000000e-01 2.8125000000000000e-01 0.0000000000000000e+00 0
5.4687500000000000e-01 2.8125000000000000e-01 0.0000000000000000e+00 0
5.6250000000000000e-01 2.8125000000000000e-01 0.0000000000000000e+00 0
5.7812500000000000e-01 2.8125000000000000e-01 0.0000000000000000e+00 0
5.9375000000000000e-01 2.8125000000000000e-01 0.0000000000000000e+00 0
6.0937500000000000e-01 2.8125000000000000e-01 0.0000000000000000e+00 0
6.2500000000000000e-01 2.8125000000000000e-01 0.0000000000000000e+00 0
6.4062500000000000e-01 2.8125000000000000e-01 0.0000000000000000e+00 0
6.5625000000000000e-01 2.8125000000000000e-01 0.0000000000000000e+00 0
6.7187500000000000e-01 2.8125000000000000e-01 0.0000000000000000e+00 0
6.8750000000000000e-01 2.8125000000000000e-01 0.0000000000000000e+00 0
7.0312500000000000e-01 2.8125000000000000e-01 0.0000000000000000e+00 0
7.1875000000000000e-01 2.8125000000000000e-01 0.0000000000000000e+00 0
7.3437500000000000e-01 2.8125000000000000e-01 0.0000000000000000e+00 0
7.5000000000000000e-01 2.8125000000000000e-01 0.0000000000000000e+00 0
7.6562500000000000e-01 2.8125000000000000e-01 0.0000000000000000e+00 0
7.8125000000000000e-01 2.8125000000000000e-01 0.0000000000000000e+00 0
7.9687500000000000e-01 2.8125000000000000e-01 0.0000000000000000e+00 0
8.1250000000000000e-01 2.8125000000000000e-01 0.0000000000000000e+00 0
8.2812500000000000e-01 2.8125000000000000e-01 0.0000000000000000e+00 0
8.4375000000000000e-01 2.8125000000000000e-01 0.0000000000000000e+00 0
8.5937500000000000e-01 2.8125000000000000e-01 0.0000000000000000e+00 0
8.7500000000000000e-01 2.8125000000000000e-01 0.0000000000000000e+00 0
8.9062500000000000e-01 2.8125000000000000e-01 0.0000000000000000e+00 0
9.0625000000000000e-01 2.8125000000000000e-01 0.0000000000000000e+00 0
9.2187500000000000e-01 2.8125000000000000e-01 0.0000000000000000e+00 0
9.3750000000000000e-01 2.8125000000000000e-01 0.0000000000000000e+00 0
9.5312500000000000e-01 2.8125000000000000e-01 0.0000000000000000e+00 0
9.6875000000000000e-01 2.8125000000000000e-01 0.0000000000000000e+00 0
9.8437500000000000e-01 2.8125000000000000e-01 0.0000000000000000e+00 0
1.5625000000000000e-02 2.9687500000000000e-01 0.0000000000000000e+00 0
3.1250000000000000e-02 2.9687500000000000e-01 0.0000000000000000e+00 0
4.6875000000000000e-02 2.9687500000000000e-01 0.0000000000000000e+00 0
6.2500000000000000e-02 2.9687500000000000e-01 0.0000000000000000e+00 0
7.8125000000000000e-02 2.9687500000000000e-01 0.0000000000000000e+00 0
9.3750000000000000e-02 2.9687500000000000e-01 0.0000000000000000e+00 0
1.0937500000000000e-01 2.9687500000000000e-01 0.0000000000000000e+00 0
1.2500000000000000e-01 2.9687500000000000e-01 0.0000000000000000e+00 0
1.4062500000000000e-01 2.9687500000000000e-01 0.0000000000000000e+00 0
1.5625000000000000e-01 2.9687500000000000e-01 0.0000000000000000e+00 0
1.7187500000000000e-01 2.9687500000000000e-01 0.0000000000000000e+00 0
1.8750000000000000e-01 2.9687500000000000e-01 0.0000000000000000e+00 0
2.0312500000000000e-01 2.9687500000000000e-01 0.0000000000000000e+00 0
2.1875000000000000e-01 2.9687500000000000e-01 0.0000000000000000e+00 0
2.3437500000000000e-01 2.9687500000000000e-01 0.0000000000000000e+00 0
2.5000000000000000e-01 2.9687500000000000e-01 0.0000000000000000e+00 0
2.6562500000000000e-01 2.9687500000000000e-01 0.0000000000000000e+00 0
2.8125000000000000e-01 2.9687500000000000e-01 0.0000000000000000e+00 0
2.9687500000000000e-01 2.9687500000000000e-01 0.0000000000000000e+00 0
3.1250000000000000e-01 2.9687500000000000e-01 0.0000000000000000e+00 0
3.2812500000000000e-01 2.9687500000000000e-01 0.0000000000000000e+00 0
3.4375000000000000e-01 2.9687500000000000e-01 0.0000000000000000e+00 0
3.5937500000000000e-01 2.9687500000000000e-01 0.0000000000000000e+00 0
3.7500000000000000e-01 2.9687500000000000e-01 0.0000000000000000e+00 0
3.9062500000000000e-01 2.9687500000000000e-01 0.0000000000000000e+00 0
4.0625000000000000e-01 2.9687500000000000e-01 0.0000000000000000e+00 0
4.2187500000000000e-01 2.9687500000000000e-01 0.0000000000000000e+00 0
4.3750000000000000e-01 2.9687500000000000e-01 0.0000000000000000e+00 0
4.5312500000000000e-01 2.9687500000000000e-01 0.0000000000000000e+00 0
4.6875000000000000e-01 2.9687500000000000e-01 0.0000000000000000e+00 0
4.8437500000000000e-01 2.9687500000000000e-01 0.0000000000000000e+00 0
5.0000000000000000e-01 2.9687500000000000e-01 0.0000000000000000e+00 0
5.1562500000000000e-01 2.9687500000000000e-01 0.0000000000000000e+00 0
5.3125000000000000e-01 2.9687500000000000e-01 0.0000000000000000e+00 0
5.4687500000000000e-01 2.9687500000000000e-01 0.0000000000000000e+00 0
5.6250000000000000e-01 2.9687500000000000e-01 0.0000000000000000e+00 0
5.7812500000000000e-01 2.9687500000000000e-01 0.0000000000000000e+00 0
5.9375000000000000e-01 2.9687500000000000e-01 0.0000000000000000e+00 0
6.0937500000000000e-01 2.9687500000000000e-01 0.0000000000000000e+00 0
6.2500000000000000e-01 2.9687500000000000e-01 0.0000000000000000e+00 0
6.4062500000000000e-01 2.9687500000000000e-01 0.0000000000000000e+00 0
6.5625000000000000e-01 2.9687500000000000e-01 0.0000000000000000e+00 0
6.7187500000000000e-01 2.9687500000000000e-01 0.0000000000000000e+00 0
6.8750000000000000e-01 2.9687500000000000e-01 0.0000000000000000e+00 0
7.0312500000000000e-01 2.9687500000000000e-01 0.0000000000000000e+00 0
7.1875000000000000e-01 2.9687500000000000e-01 0.0000000000000000e+00 0
7.3437500000000000e-01 2.9687500000000000e-01 0.0000000000000000e+00 0
7.5000000000000000e-01 2.9687500000000000e-01 0.0000000000000000e+00 0
7.6562500000000000e-01 2.9687500000000000e-01 0.0000000000000000e+00 0
7.8125000000000000e-01 2.9687500000000000e-01 0.0000000000000000e+00 0
7.9687500000000000e-01 2.9687500000000000e-01 0.0000000000000000e+00 0
8.1250000000000000e-01 2.9687500000000000e-01 0.0000000000000000e+00 0
8.2812500000000000e-01 2.9687500000000000e-01 0.0000000000000000e+00 0
8.4375000000000000e-01 2.9687500000000000e-01 0.0000000000000000e+00 0
8.5937500000000000e-01 2.9687500000000000e-01 0.0000000000000000e+00 0
8.7500000000000000e-01 2.9687500000000000e-01 0.0000000000000000e+00 0
8.9062500000000000e-01 2.9687500000000000e-01 0.0000000000000000e+00 0
9.0625000000000000e-01 2.9687500000000000e-01 0.0000000000000000e+00 0
9.2187500000000000e-01 2.9687500000000000e-01 0.0000000000000000e+00 0
9.3750000000000000e-01 2.9687500000000000e-01 0.0000000000000000e+00 0
9.5312500000000000e-01 2.9687500000000000e-01 0.0000000000000000e+00 0
9.6875000000000000e-01 2.9687500000000000e-01 0.0000000000000000e+00 0
9.8437500000000000e-01 2.9687500000000000e-01 0.0000000000000000e+00 0
1.5625000000000000e-02 3.1250000000000000e-01 0.0000000000000000e+00 0
3.1250000000000000e-02 3.1250000000000000e-01 0.0000000000000000e+00 0
4.6875000000000000e-02 3.1250000000000000e-01 0.0000000000000000e+00 0
6.2500000000000000e-02 3.1250000000000000e-01 0.0000000000000000e+00 0
7.8125000000000000e-02 3.1250000000000000e-01 0.0000000000000000e+00 0
9.3750000000000000e-02 3.1250000000000000e-01 0.0000000000000000e+00 0
1.0937500000000000e-01 3.1250000000000000e-01 0.0000000000000000e+00 0
1.2500000000000000e-01 3.1250000000000000e-01 0.0000000000000000e+00 0
1.4062500000000000e-01 3.1250000000000000e-01 0.0000000000000000e+00 0
1.5625000000000000e-01 3.1250000000000000e-01 0.0000000000000000e+00 0
1.7187500000000000e-01 3.1250000000000000e-01 0.0000000000000000e+00 0
1.8750000000000000e-01 3.1250000000000000e-01 0.0000000000000000e+00 0
2.0312500000000000e-01 3.1250000000000000e-01 0.0000000000000000e+00 0
2.1875000000000000e-01 3.1250000000000000e-01 0.0000000000000000e+00 0
2.3437500000000000e-01 3.1250000000000000e-01 0.0000000000000000e+00 0
2.5000000000000000e-01 3.1250000000000000e-01 0.0000000000000000e+00 0
2.6562500000000000e-01 3.1250000000000000e-01 0.0000000000000000e+00 0
2.8125000000000000e-01 3.1250000000000000e-01 0.0000000000000000e+00 0
2.9687500000000000e-01 3.1250000000000000e-01 0.0000000000000000e+00 0
3.1250000000000000e-01 3.1250000000000000e-01 0.0000000000000000e+00 0
3.2812500000000000e-01 3.1250000000000000e-01 0.0000000000000000e+00 0
3.4375000000000000e-01 3.1250000000000000e-01 0.0000000000000000e+00 0
3.5937500000000000e-01 3.1250000000000000e-01 0.0000000000000000e+00 0
3.7500000000000000e-01 3.1250000000000000e-01 0.0000000000000000e+00 0
3.9062500000000000e-01 3.1250000000000000e-01 0.0000000000000000e+00 0
4.0625000000000000e-01 3.1250000000000000e-01 0.0000000000000000e+00 0
4.2187500000000000e-01 3.1250000000000000e-01 0.0000000000000000e+00 0
4.3750000000000000e-01 3.1250000000000000e-01 0.0000000000000000e+00 0
4.5312500000000000e-01 3.1250000000000000e-01 0.0000000000000000e+00 0
4.6875000000000000e-01 3.1250000000000000e-01 0.0000000000000000e+00 0
4.8437500000000000e-01 3.1250000000000000e-01 0.0000000000000000e+00 0
5.0000000000000000e-01 3.1250000000000000e-01 0.0000000000000000e+00 0
5.1562500000000000e-01 3.1250000000000000e-01 0.0000000000000000e+00 0
5.3125000000000000e-01 3.1250000000000000e-01 0.0000000000000000e+00 0
5.4687500000000000e-01 3.1250000000000000e-01 0.0000000000000000e+00 0
5.6250000000000000e-01 3.1250000000000000e-01 0.0000000000000000e+00 0
5.7812500000000000e-01 3.1250000000000000e-01 0.0000000000000000e+00 0
5.9375000000000000e-01 3.1250000000000000e-01 0.0000000000000000e+00 0
6.0937500000000000e-01 3.1250000000000000e-01 0.0000000000000000e+00 0
6.2500000000000000e-01 3.1250000000000000e-01 0.0000000000000000e+00 0
6.4062500000000000e-01 3.1250000000000000e-01 0.0000000000000000e+00 0
6.5625000000000000e-01 3.1250000000000000e-01 0.0000000000000000e+00 0
6.7187500000000000e-01 3.1250000000000000e-01 0.0000000000000000e+00 0
6.8750000000000000e-01 3.1250000000000000e-01 0.0000000000000000e+00 0
7.0312500000000000e-01 3.1250000000000000e-01 0.0000000000000000e+00 0
7.1875000000000000e-01 3.1250000000000000e-01 0.0000000000000000e+00 0
7.3437500000000000e-01 3.1250000000000000e-01 0.0000000000000000e+00 0
7.5000000000000000e-01 3.1250000000000000e-01 0.0000000000000000e+00 0
7.6562500000000000e-01 3.1250000000000000e-01 0.0000000000000000e+00 0
7.8125000000000000e-01 3.1250000000000000e-01 0.0000000000000000e+00 0
7.9687500000000000e-01 3.1250000000000000e-01 0.0000000000000000e+00 0
8.1250000000000000e-01 3.1250000000000000e-01 0.0000000000000000e+00 0
8.2812500000000000e-01 3.1250000000000000e-01 0.0000000000000000e+00 0
8.4375000000000000e-01 3.1250000000000000e-01 0.0000000000000000e+00 0
8.5937500000000000e-01 3.1250000000000000e-01 0.0000000000000000e+00 0
8.7500000000000000e-01 3.1250000000000000e-01 0.0000000000000000e+00 0
8.9062500000000000e-01 3.1250000000000000e-01 0.0000000000000000e+00 0
9.0625000000000000e-01 3.1250000000000000e-01 0.0000000000000000e+00 0
9.2187500000000000e-01 3.1250000000000000e-01 0.0000000000000000e+00 0
9.3750000000000000e-01 3.1250000000000000e-01 0.0000000000000000e+00 0
9.5312500000000000e-01 3.1250000000000000e-01 0.0000000000000000e+00 0
9.6875000000000000e-01 3.1250000000000000e-01 0.0000000000000000e+00 0
9.8437500000000000e-01 3.1250000000000000e-01 0.0000000000000000e+00 0
1.5625000000000000e-02 3.2812500000000000e-01 0.0000000000000000e+00 0
3.1250000000000000e-02 3.2812500000000000e-01 0.0000000000000000e+00 0
4.6875000000000000e-02 3.2812500000000000e-01 0.0000000000000000e+00 0
6.2500000000000000e-02 3.2812500000000000e-01 0.0000000000000000e+00 0
7.8125000000000000e-02 3.2812500000000000e-01 0.0000000000000000e+00 0
9.3750000000000000e-02 3.2812500000000000e-01 0.0000000000000000e+00 0
1.0937500000000000e-01 3.2812500000000000e-01 0.0000000000000000e+00 0
1.2500000000000000e-01 3.2812500000000000e-01 0.0000000000000000e+00 0
1.4062500000000000e-01 3.2812500000000000e-01 0.0000000000000000e+00 0
1.5625000000000000e-01 3.2812500000000000e-01 0.0000000000000000e+00 0
1.7187500000000000e-01 3.2812500000000000e-01 0.0000000000000000e+00 0
1.8750000000000000e-01 3.2812500000000000e-01 0.0000000000000000e+00 0
2.0312500000000000e-01 3.2812500000000000e-01 0.0000000000000000e+00 0
2.1875000000000000e-01 3.2812500000000000e-01 0.0000000000000000e+00 0
2.3437500000000000e-01 3.2812500000000000e-01 0.0000000000000000e+00 0
2.5000000000000000e-01 3.2812500000000000e-01 0.0000000000000000e+00 0
2.6562500000000000e-01 3.2812500000000000e-01 0.0000000000000000e+00 0
2.8125000000000000e-01 3.2812500000000000e-01 0.0000000000000000e+00 0
2.9687500000000000e-01 3.2812500000000000e-01 0.0000000000000000e+00 0
3.1250000000000000e-01 3.2812500000000000e-01 0.0000000000000000e+00 0
3.2812500000000000e-01 3.2812500000000000e-01 0.0000000000000000e+00 0
3.4375000000000000e-01 3.2812500000000000e-01 0.0000000000000000e+00 0
3.5937500000000000e-01 3.2812500000000000e-01 0.0000000000000000e+00 0
3.7500000000000000e-01 3.2812500000000000e-01 0.0000000000000000e+00 0
3.9062500000000000e-01 3.2812500000000000e-01 0.0000000000000000e+00 0
4.0625000000000000e-01 3.2812500000000000e-01 0.0000000000000000e+00 0
4.2187500000000000e-01 3.2812500000000000e-01 0.0000000000000000e+00 0
4.3750000000000000e-01 3.2812500000000000e-01 0.0000000000000000e+00 0
4.5312500000000000e-01 3.2812500000000000e-01 0.0000000000000000e+00 0
4.6875000000000000e-01 3.2812500000000000e-01 0.0000000000000000e+00 0
4.8437500000000000e-01 3.2812500000000000e-01 0.0000000000000000e+00 0
5.0000000000000000e-01 3.2812500000000000e-01 0.0000000000000000e+00 0
5.1562500000000000e-01 3.2812500000000000e-01 0.0000000000000000e+00 0
5.3125000000000000e-01 3.2812500000000000e-01 0.0000000000000000e+00 0
5.4687500000000000e-01 3.2812500000000000e-01 0.0000000000000000e+00 0
5.6250000000000000e-01 3.2812500000000000e-01 0.0000000000000000e+00 0
5.7812500000000000e-01 3.2812500000000000e-01 0.0000000000000000e+00 0
5.9375000000000000e-01 3.2812500000000000e-01 0.0000000000000000e+00 0
6.0937500000000000e-01 3.2812500000000000e-01 0.0000000000000000e+00 0
6.2500000000000000e-01 3.2812500000000000e-01 0.0000000000000000e+00 0
6.4062500000000000e-01 3.2812500000000000e-01 0.0000000000000000e+00 0
6.5625000000000000e-01 3.2812500000000000e-01 0.0000000000000000e+00 0
6.7187500000000000e-01 3.2812500000000000e-01 0.0000000000000000e+00 0
6.8750000000000000e-01 3.2812500000000000e-01 0.0000000000000000e+00 0
7.0312500000000000e-01 3.2812500000000000e-01 0.0000000000000000e+00 0
7.1875000000000000e-01 3.2812500000000000e-01 0.0000000000000000e+00 0
7.3437500000000000e-01 3.2812500000000000e-01 0.0000000000000000e+00 0
7.5000000000000000e-01 3.2812500000000000e-01 0.0000000000000000e+00 0
7.6562500000000000e-01 3.2812500000000000e-01 0.0000000000000000e+00 0
7.8125000000000000e-01 3.2812500000000000e-01 0.0000000000000000e+00 0
7.9687500000000000e-01 3.2812500000000000e-01 0.0000000000000000e+00 0
8.1250000000000000e-01 3.2812500000000000e-01 0.0000000000000000e+00 0
8.2812500000000000e-01 3.2812500000000000e-01 0.0000000000000000e+00 0
8.4375000000000000e-01 3.2812500000000000e-01 0.0000000000000000e+00 0
8.5937500000000000e-01 3.2812500000000000e-01 0.0000000000000000e+00 0
8.7500000000000000e-01 3.2812500000000000e-01 0.0000000000000000e+00 0
8.9062500000000000e-01 3.2812500000000000e-01 0.0000000000000000e+00 0
9.0625000000000000e-01 3.2812500000000000e-01 0.0000000000000000e+00 0
9.2187500000000000e-01 3.2812500000000000e-01 0.0000000000000000e+00 0
9.3750000000000000e-01 3.2812500000000000e-01 0.0000000000000000e+00 0
9.5312500000000000e-01 3.2812500000000000e-01 0.0000000000000000e+00 0
9.6875000000000000e-01 3.2812500000000000e-01 0.0000000000000000e+00 0
9.8437500000000000e-01 3.2812500000000000e-01 0.0000000000000000e+00 0
1.5625000000000000e-02 3.4375000000000000e-01 0.0000000000000000e+00 0
3.1250000000000000e-02 3.4375000000000000e-01 0.0000000000000000e+00 0
4.6875000000000000e-02 3.4375000000000000e-01 0.0000000000000000e+00 0
6.2500000000000000e-02 3.4375000000000000e-01 0.0000000000000000e+00 0
7.8125000000000000e-02 3.4375000000000000e-01 0.0000000000000000e+00 0
9.3750000000000000e-02 3.4375000000000000e-01 0.0000000000000000e+00 0
1.0937500000000000e-01 3.4375000000000000e-01 0.0000000000000000e+00 0
1.2500000000000000e-01 3.4375000000000000e-01 0.0000000000000000e+00 0
1.4062500000000000e-01 3.4375000000000000e-01 0.0000000000000000e+00 0
1.5625000000000000e-01 3.4375000000000000e-01 0.0000000000000000e+00 0
1.7187500000000000e-01 3.4375000000000000e-01 0.0000000000000000e+00 0
1.8750000000000000e-01 3.4375000000000000e-01 0.0000000000000000e+00 0
2.0312500000000000e-01 3.4375000000000000e-01 0.0000000000000000e+00 0
2.1875000000000000e-01 3.4375000000000000e-01 0.0000000000000000e+00 0
2.3437500000000000e-01 3.4375000000000000e-01 0.0000000000000000e+00 0
2.5000000000000000e-01 3.4375000000000000e-01 0.0000000000000000e+00 0
2.6562500000000000e-01 3.4375000000000000e-01 0.0000000000000000e+00 0
2.8125000000000000e-01 3.4375000000000000e-01 0.0000000000000000e+00 0
2.9687500000000000e-01 3.4375000000000000e-01 0.0000000000000000e+00 0
3.1250000000000000e-01 3.4375000000000000e-01 0.0000000000000000e+00 0
3.2812500000000000e-01 3.4375000000000000e-01 0.0000000000000000e+00 0
3.4375000000000000e-01 3.4375000000000000e-01 0.0000000000000000e+00 0
3.5937500000000000e-01 3.4375000000000000e-01 0.0000000000000000e+00 0
3.7500000000000000e-01 3.4375000000000000e-01 0.0000000000000000e+00 0
3.9062500000000000e-01 3.4375000000000000e-01 0.0000000000000000e+00 0
4.0625000000000000e-01 3.4375000000000000e-01 0.0000000000000000e+00 0
4.2187500000000000e-01 3.4375000000000000e-01 0.0000000000000000e+00 0
4.3750000000000000e-01 3.4375000000000000e-01 0.0000000000000000e+00 0
4.5312500000000000e-01 3.4375000000000000e-01 0.0000000000000000e+00 0
4.6875000000000000e-01 3.4375000000000000e-01 0.0000000000000000e+00 0
4.8437500000000000e-01 3.4375000000000000e-01 0.0000000000000000e+00 0
5.0000000000000000e-01 3.4375000000000000e-01 0.0000000000000000e+00 0
5.1562500000000000e-01 3.4375000000000000e-01 0.0000000000000000e+00 0
5.3125000000000000e-01 3.4375000000000000e-01 0.0000000000000000e+00 0
5.4687500000000000e-01 3.4375000000000000e-01 0.0000000000000000e+00 0
5.6250000000000000e-01 3.4375000000000000e-01 0.0000000000000000e+00 0
5.7812500000000000e-01 3.4375000000000000e-01 0.0000000000000000e+00 0
5.9375000000000000e-01 3.4375000000000000e-01 0.0000000000000000e+00 0
6.0937500000000000e-01 3.4375000000000000e-01 0.0000000000000000e+00 0
6.2500000000000000e-01 3.4375000000000000e-01 0.0000000000000000e+00 0
6.4062500000000000e-01 3.4375000000000000e-01 0.0000000000000000e+00 0
6.5625000000000000e-01 3.4375000000000000e-01 0.0000000000000000e+00 0
6.7187500000000000e-01 3.4375000000000000e-01 0.0000000000000000e+00 0
6.8750000000000000e-01 3.4375000000000000e-01 0.0000000000000000e+00 0
7.0312500000000000e-01 3.4375000000000000e-01 0.0000000000000000e+00 0
7.1875000000000000e-01 3.4375000000000000e-01 0.0000000000000000e+00 0
7.3437500000000000e-01 3.4375000000000000e-01 0.0000000000000000e+00 0
7.5000000000000000e-01 3.4375000000000000e-01 0.0000000000000000e+00 0
7.6562500000000000e-01 3.4375000000000000e-01 0.0000000000000000e+00 0
7.8125000000000000e-01 3.4375000000000000e-01 0.0000000000000000e+00 0
7.9687500000000000e-01 3.4375000000000000e-01 0.0000000000000000e+00 0
8.1250000000000000e-01 3.4375000000000000e-01 0.0000000000000000e+00 0
8.2812500000000000e-01 3.4375000000000000e-01 0.0000000000000000e+00 0
8.4375000000000000e-01 3.4375000000000000e-01 0.0000000000000000e+00 0
8.5937500000000000e-01 3.4375000000000000e-01 0.0000000000000000e+00 0
8.7500000000000000e-01 3.4375000000000000e-01 0.0000000000000000e+00 0
8.9062500000000000e-01 3.4375000000000000e-01 0.0000000000000000e+00 0
9.0625000000000000e-01 3.4375000000000000e-01 0.0000000000000000e+00 0
9.2187500000000000e-01 3.4375000000000000e-01 0.0000000000000000e+00 0
9.3750000000000000e-01 3.4375000000000000e-01 0.0000000000000000e+00 0
9.5312500000000000e-01 3.4375000000000000e-01 0.0000000000000000e+00 0
9.6875000000000000e-01 3.4375000000000000e-01 0.0000000000000000e+00 0
9.8437500000000000e-01 3.4375000000000000e-01 0.0000000000000000e+00 0
1.5625000000000000e-02 3.5937500000000000e-01 0.0000000000000000e+00 0
3.1250000000000000e-02 3.5937500000000000e-01 0.0000000000000000e+00 0
4.6875000000000000e-02 3.5937500000000000e-01 0.0000000000000000e+00 0
6.2500000000000000e-02 3.5937500000000000e-01 0.0000000000000000e+00 0
7.8125000000000000e-02 3.5937500000000000e-01 0.0000000000000000e+00 0
9.3750000000000000e-02 3.5937500000000000e-01 0.0000000000000000e+00 0
1.0937500000000000e-01 3.5937500000000000e-01 0.0000000000000000e+00 0
1.2500000000000000e-01 3.5937500000000000e-01 0.0000000000000000e+00 0
1.4062500000000000e-01 3.5937500000000000e-01 0.0000000000000000e+00 0
1.5625000000000000e-01 3.5937500000000000e-01 0.0000000000000000e+00 0
1.7187500000000000e-01 3.5937500000000000e-01 0.0000000000000000e+00 0
1.8750000000000000e-01 3.5937500000000000e-01 0.0000000000000000e+00 0
2.0312500000000000e-01 3.5937500000000000e-01 0.0000000000000000e+00 0
2.1875000000000000e-01 3.5937500000000000e-01 0.0000000000000000e+00 0
2.3437500000000000e-01 3.5937500000000000e-01 0.0000000000000000e+00 0
2.5000000000000000e-01 3.5937500000000000e-01 0.0000000000000000e+00 0
2.6562500000000000e-01 3.5937500000000000e-01 0.0000000000000000e+00 0
2.8125000000000000e-01 3.5937500000000000e-01 0.0000000000000000e+00 0
2.9687500000000000e-01 3.5937500000000000e-01 0.0000000000000000e+00 0
3.1250000000000000e-01 3.5937500000000000e-01 0.0000000000000000e+00 0
3.2812500000000000e-01 3.5937500000000000e-01 0.0000000000000000e+00 0
3.4375000000000000e-01 3.5937500000000000e-01 0.0000000000000000e+00 0
3.5937500000000000e-01 3.5937500000000000e-01 0.0000000000000000e+00 0
3.7500000000000000e-01 3.5937500000000000e-01 0.0000000000000000e+00 0
3.9062500000000000e-01 3.5937500000000000e-01 0.0000000000000000e+00 0
4.0625000000000000e-01 3.5937500000000000e-01 0.0000000000000000e+00 0
4.2187500000000000e-01 3.5937500000000000e-01 0.0000000000000000e+00 0
4.3750000000000000e-01 3.5937500000000000e-01 0.0000000000000000e+00 0
4.5312500000000000e-01 3.5937500000000000e-01 0.0000000000000000e+00 0
4.6875000000000000e-01 3.5937500000000000e-01 0.0000000000000000e+00 0
4.8437500000000000e-01 3.5937500000000000e-01 0.0000000000000000e+00 0
5.0000000000000000e-01 3.5937500000000000e-01 0.0000000000000000e+00 0
5.1562500000000000e-01 3.5937500000000000e-01 0.0000000000000000e+00 0
5.3125000000000000e-01 3.5937500000000000e-01 0.0000000000000000e+00 0
5.4687500000000000e-01 3.5937500000000000e-01 0.0000000000000000e+00 0
5.6250000000000000e-01 3.5937500000000000e-01 0.0000000000000000e+00 0
5.7812500000000000e-01 3.5937500000000000e-01 0.0000000000000000e+00 0
5.9375000000000000e-01 3.5937500000000000e-01 0.0000000000000000e+00 0
6.0937500000000000e-01 3.5937500000000000e-01 0.0000000000000000e+00 0
6.2500000000000000e-01 3.5937500000000000e-01 0.0000000000000000e+00 0
6.4062500000000000e-01 3.5937500000000000e-01 0.0000000000000000e+00 0
6.5625000000000000e-01 3.5937500000000000e-01 0.0000000000000000e+00 0
6.7187500000000000e-01 3.5937500000000000e-01 0.0000000000000000e+00 0
6.8750000000000000e-01 3.5937500000000000e-01 0.0000000000000000e+00 0
7.0312500000000000e-01 3.5937500000000000e-01 0.0000000000000000e+00 0
7.1875000000000000e-01 3.5937500000000000e-01 0.0000000000000000e+00 0
7.3437500000000000e-01 3.5937500000000000e-01 0.0000000000000000e+00 0
7.5000000000000000e-01 3.5937500000000000e-01 0.0000000000000000e+00 0
7.6562500000000000e-01 3.5937500000000000e-01 0.0000000000000000e+00 0
7.8125000000000000e-01 3.5937500000000000e-01 0.0000000000000000e+00 0
7.9687500000000000e-01 3.5937500000000000e-01 0.0000000000000000e+00 0
8.1250000000000000e-01 3.5937500000000000e-01 0.0000000000000000e+00 0
8.2812500000000000e-01 3.5937500000000000e-01 0.0000000000000000e+00 0
8.4375000000000000e-01 3.5937500000000000e-01 0.0000000000000000e+00 0
8.5937500000000000e-01 3.5937500000000000e-01 0.0000000000000000e+00 0
8.7500000000000000e-01 3.5937500000000000e-01 0.0000000000000000e+00 0
8.9062500000000000e-01 3.5937500000000000e-01 0.0000000000000000e+00 0
9.0625000000000000e-01 3.5937500000000000e-01 0.0000000000000000e+00 0
9.2187500000000000e-01 3.5937500000000000e-01 0.0000000000000000e+00 0
9.3750000000000000e-01 3.5937500000000000e-01 0.0000000000000000e+00 0
9.5312500000000000e-01 3.5937500000000000e-01 0.0000000000000000e+00 0
9.6875000000000000e-01 3.5937500000000000e-01 0.0000000000000000e+00 0
9.8437500000000000e-01 3.5937500000000000e-01 0.0000000000000000e+00 0
1.5625000000000000e-02 3.7500000000000000e-01 0.0000000000000000e+00 0
3.1250000000000000e-02 3.7500000000000000e-01 0.0000000000000000e+00 0
4.6875000000000000e-02 3.7500000000000000e-01 0.0000000000000000e+00 0
6.2500000000000000e-02 3.7500000000000000e-01 0.0000000000000000e+00 0
7.8125000000000000e-02 3.7500000000000000e-01 0.0000000000000000e+00 0
9.3750000000000000e-02 3.7500000000000000e-01 0.0000000000000000e+00 0
1.0937500000000000e-01 3.7500000000000000e-01 0.0000000000000000e+00 0
1.2500000000000000e-01 3.7500000000000000e-01 0.0000000000000000e+00 0
1.4062500000000000e-01 3.7500000000000000e-01 0.0000000000000000e+00 0
1.5625000000000000e-01 3.7500000000000000e-01 0.0000000000000000e+00 0
1.7187500000000000e-01 3.7500000000000000e-01 0.0000000000000000e+00 0
1.8750000000000000e-01 3.7500000000000000e-01 0.0000000000000000e+00 0
2.0312500000000000e-01 3.7500000000000000e-01 0.0000000000000000e+00 0
2.1875000000000000e-01 3.7500000000000000e-01 0.0000000000000000e+00 0
2.3437500000000000e-01 3.7500000000000000e-01 0.0000000000000000e+00 0
2.5000000000000000e-01 3.7500000000000000e-01 0.0000000000000000e+00 0
2.6562500000000000e-01 3.7500000000000000e-01 0.0000000000000000e+00 0
2.8125000000000000e-01 3.7500000000000000e-01 0.0000000000000000e+00 0
2.9687500000000000e-01 3.7500000000000000e-01 0.0000000000000000e+00 0
3.1250000000000000e-01 3.7500000000000000e-01 0.0000000000000000e+00 0
3.2812500000000000e-01 3.7500000000000000e-01 0.0000000000000000e+00 0
3.4375000000000000e-01 3.7500000000000000e-01 0.0000000000000000e+00 0
3.5937500000000000e-01 3.7500000000000000e-01 0.0000000000000000e+00 0
3.7500000000000000e-01 3.7500000000000000e-01 0.0000000000000000e+00 0
3.9062500000000000e-01 3.7500000000000000e-01 0.0000000000000000e+00 0
4.0625000000000000e-01 3.7500000000000000e-01 0.0000000000000000e+00 0
4.2187500000000000e-01 3.7500000000000000e-01 0.0000000000000000e+00 0
4.3750000000000000e-01 3.7500000000000000e-01 0.0000000000000000e+00 0
4.5312500000000000e-01 3.7500000000000000e-01 0.0000000000000000e+00 0
4.6875000000000000e-01 3.7500000000000000e-01 0.0000000000000000e+00 0
4.8437500000000000e-01 3.7500000000000000e-01 0.0000000000000000e+00 0
5.0000000000000000e-01 3.7500000000000000e-01 0.0000000000000000e+00 0
5.1562500000000000e-01 3.7500000000000000e-01 0.0000000000000000e+00 0
5.3125000000000000e-01 3.7500000000000000e-01 0.0000000000000000e+00 0
5.4687500000000000e-01 3.7500000000000000e-01 0.0000000000000000e+00 0
5.6250000000000000e-01 3.7500000000000000e-01 0.0000000000000000e+00 0
5.7812500000000000e-01 3.7500000000000000e-01 0.0000000000000000e+00 0
5.9375000000000000e-01 3.7500000000000000e-01 0.0000000000000000e+00 0
6.0937500000000000e-01 3.7500000000000000e-01 0.0000000000000000e+00 0
6.2500000000000000e-01 3.7500000000000000e-01 0.0000000000000000e+00 0
6.4062500000000000e-01 3.7500000000000000e-01 0.0000000000000000e+00 0
6.5625000000000000e-01 3.7500000000000000e-01 0.0000000000000000e+00 0
6.7187500000000000e-01 3.7500000000000000e-01 0.0000000000000000e+00 0
6.8750000000000000e-01 3.7500000000000000e-01 0.0000000000000000e+00 0
7.0312500000000000e-01 3.7500000000000000e-01 0.0000000000000000e+00 0
7.1875000000000000e-01 3.7500000000000000e-01 0.0000000000000000e+00 0
7.3437500000000000e-01 3.7500000000000000e-01 0.0000000000000000e+00 0
7.5000000000000000e-01 3.7500000000000000e-01 0.0000000000000000e+00 0
7.6562500000000000e-01 3.7500000000000000e-01 0.0000000000000000e+00 0
7.8125000000000000e-01 3.7500000000000000e-01 0.0000000000000000e+00 0
7.9687500000000000e-01 3.7500000000000000e-01 0.0000000000000000e+00 0
8.1250000000000000e-01 3.7500000000000000e-01 0.0000000000000000e+00 0
8.2812500000000000e-01 3.7500000000000000e-01 0.0000000000000000e+00 0
8.4375000000000000e-01 3.7500000000000000e-01 0.0000000000000000e+00 0
8.5937500000000000e-01 3.7500000000000000e-01 0.0000000000000000e+00 0
8.7500000000000000e-01 3.7500000000000000e-01 0.0000000000000000e+00 0
8.9062500000000000e-01 3.7500000000000000e-01 0.0000000000000000e+00 0
9.0625000000000000e-01 3.7500000000000000e-01 0.0000000000000000e+00 0
9.2187500000000000e-01 3.7500000000000000e-01 0.0000000000000000e+00 0
9.3750000000000000e-01 3.7500000000000000e-01 0.0000000000000000e+00 0
9.5312500000000000e-01 3.7500000000000000e-01 0.0000000000000000e+00 0
9.6875000000000000e-01 3.7500000000000000e-01 0.0000000000000000e+00 0
9.8437500000000000e-01 3.7500000000000000e-01 0.0000000000000000e+00 0
1.5625000000000000e-02 3.9062500000000000e-01 0.0000000000000000e+00 0
3.1250000000000000e-02 3.9062500000000000e-01 0.0000000000000000e+00 0
4.6875000000000000e-02 3.9062500000000000e-01 0.0000000000000000e+00 0
6.2500000000000000e-02 3.9062500000000000e-01 0.0000000000000000e+00 0
7.8125000000000000e-02 3.9062500000000000e-01 0.0000000000000000e+00 0
9.3750000000000000e-02 3.9062500000000000e-01 0.0000000000000000e+00 0
1.0937500000000000e-01 3.9062500000000000e-01 0.0000000000000000e+00 0
1.2500000000000000e-01 3.9062500000000000e-01 0.0000000000000000e+00 0
1.4062500000000000e-01 3.9062500000000000e-01 0.0000000000000000e+00 0
1.5625000000000000e-01 3.9062500000000000e-01 0.0000000000000000e+00 0
1.7187500000000000e-01 3.9062500000000000e-01 0.0000000000000000e+00 0
1.8750000000000000e-01 3.9062500000000000e-01 0.0000000000000000e+00 0
2.0312500000000000e-01 3.9062500000000000e-01 0.0000000000000000e+00 0
2.1875000000000000e-01 3.9062500000000000e-01 0.0000000000000000e+00 0
2.3437500000000000e-01 3.9062500000000000e-01 0.0000000000000000e+00 0
2.5000000000000000e-01 3.9062500000000000e-01 0.0000000000000000e+00 0
2.6562500000000000e-01 3.9062500000000000e-01 0.0000000000000000e+00 0
2.8125000000000000e-01 3.9062500000000000e-01 0.0000000000000000e+00 0
2.9687500000000000e-01 3.9062500000000000e-01 0.0000000000000000e+00 0
3.1250000000000000e-01 3.9062500000000000e-01 0.0000000000000000e+00 0
3.2812500000000000e-01 3.9062500000000000e-01 0.0000000000000000e+00 0
3.4375000000000000e-01 3.9062500000000000e-01 0.0000000000000000e+00 0
3.5937500000000000e-01 3.9062500000000000e-01 0.0000000000000000e+00 0
3.7500000000000000e-01 3.9062500000000000e-01 0.0000000000000000e+00 0
3.9062500000000000e-01 3.9062500000000000e-01 0.0000000000000000e+00 0
4.0625000000000000e-01 3.9062500000000000e-01 0.0000000000000000e+00 0
4.2187500000000000e-01 3.9062500000000000e-01 0.0000000000000000e+00 0
4.3750000000000000e-01 3.9062500000000000e-01 0.0000000000000000e+00 0
4.5312500000000000e-01 3.9062500000000000e-01 0.0000000000000000e+00 0
4.6875000000000000e-01 3.9062500000000000e-01 0.0000000000000000e+00 0
4.8437500000000000e-01 3.9062500000000000e-01 0.0000000000000000e+00 0
5.0000000000000000e-01 3.9062500000000000e-01 0.0000000000000000e+00 0
5.1562500000000000e-01 3.9062500000000000e-01 0.0000000000000000e+00 0
5.3125000000000000e-01 3.9062500000000000e-01 0.0000000000000000e+00 0
5.4687500000000000e-01 3.9062500000000000e-01 0.0000000000000000e+00 0
5.6250000000000000e-01 3.9062500000000000e-01 0.0000000000000000e+00 0
5.7812500000000000e-01 3.9062500000000000e-01 0.0000000000000000e+00 0
5.9375000000000000e-01 3.9062500000000000e-01 0.0000000000000000e+00 0
6.0937500000000000e-01 3.9062500000000000e-01 0.0000000000000000e+00 0
6.2500000000000000e-01 3.9062500000000000e-01 0.0000000000000000e+00 0
6.4062500000000000e-01 3.9062500000000000e-01 0.0000000000000000e+00 0
6.5625000000000000e-01 3.9062500000000000e-01 0.0000000000000000e+00 0
6.7187500000000000e-01 3.9062500000000000e-01 0.0000000000000000e+00 0
6.8750000000000000e-01 3.9062500000000000e-01 0.0000000000000000e+00 0
7.0312500000000000e-01 3.9062500000000000e-01 0.0000000000000000e+00 0
7.1875000000000000e-01 3.9062500000000000e-01 0.0000000000000000e+00 0
7.3437500000000000e-01 3.9062500000000000e-01 0.0000000000000000e+00 0
7.5000000000000000e-01 3.9062500000000000e-01 0.0000000000000000e+00 0
7.6562500000000000e-01 3.9062500000000000e-01 0.0000000000000000e+00 0
7.8125000000000000e-01 3.9062500000000000e-01 0.0000000000000000e+00 0
7.9687500000000000e-01 3.9062500000000000e-01 0.0000000000000000e+00 0
8.1250000000000000e-01 3.9062500000000000e-01 0.0000000000000000e+00 0
8.2812500000000000e-01 3.9062500000000000e-01 0.0000000000000000e+00 0
8.4375000000000000e-01 3.9062500000000000e-01 0.0000000000000000e+00 0
8.5937500000000000e-01 3.9062500000000000e-01 0.0000000000000000e+00 0
8.7500000000000000e-01 3.9062500000000000e-01 0.0000000000000000e+00 0
8.9062500000000000e-01 3.9062500000000000e-01 0.0000000000000000e+00 0
9.0625000000000000e-01 3.9062500000000000e-01 0.0000000000000000e+00 0
9.2187500000000000e-01 3.9062500000000000e-01 0.0000000000000000e+00 0
9.3750000000000000e-01 3.9062500000000000e-01 0.0000000000000000e+00 0
9.5312500000000000e-01 3.9062500000000000e-01 0.0000000000000000e+00 0
9.6875000000000000e-01 3.9062500000000000e-01 0.0000000000000000e+00 0
9.8437500000000000e-01 3.9062500000000000e-01 0.0000000000000000e+00 0
1.5625000000000000e-02 4.0625000000000000e-01 0.0000000000000000e+00 0
3.1250000000000000e-02 4.0625000000000000e-01 0.0000000000000000e+00 0
4.6875000000000000e-02 4.0625000000000000e-01 0.0000000000000000e+00 0
6.2500000000000000e-02 4.0625000000000000e-01 0.0000000000000000e+00 0
7.8125000000000000e-02 4.0625000000000000e-01 0.0000000000000000e+00 0
9.3750000000000000e-02 4.0625000000000000e-01 0.0000000000000000e+00 0
1.0937500000000000e-01 4.0625000000000000e-01 0.0000000000000000e+00 0
1.2500000000000000e-01 4.0625000000000000e-01 0.0000000000000000e+00 0
1.4062500000000000e-01 4.0625000000000000e-01 0.0000000000000000e+00 0
1.5625000000000000e-01 4.0625000000000000e-01 0.0000000000000000e+00 0
1.7187500000000000e-01 4.0625000000000000e-01 0.0000000000000000e+00 0
1.8750000000000000e-01 4.0625000000000000e-01 0.0000000000000000e+00 0
2.0312500000000000e-01 4.0625000000000000e-01 0.0000000000000000e+00 0
2.1875000000000000e-01 4.0625000000000000e-01 0.0000000000000000e+00 0
2.3437500000000000e-01 4.0625000000000000e-01 0.0000000000000000e+00 0
2.5000000000000000e-01 4.0625000000000000e-01 0.0000000000000000e+00 0
2.6562500000000000e-01 4.0625000000000000e-01 0.0000000000000000e+00 0
2.8125000000000000e-01 4.0625000000000000e-01 0.0000000000000000e+00 0
2.9687500000000000e-01 4.0625000000000000e-01 0.0000000000000000e+00 0
3.1250000000000000e-01 4.0625000000000000e-01 0.0000000000000000e+00 0
3.2812500000000000e-01 4.0625000000000000e-01 0.0000000000000000e+00 0
3.4375000000000000e-01 4.0625000000000000e-01 0.0000000000000000e+00 0
3.5937500000000000e-01 4.0625000000000000e-01 0.0000000000000000e+00 0
3.7500000000000000e-01 4.0625000000000000e-01 0.0000000000000000e+00 0
3.9062500000000000e-01 4.0625000000000000e-01 0.0000000000000000e+00 0
4.0625000000000000e-01 4.0625000000000000e-01 0.0000000000000000e+00 0
4.2187500000000000e-01 4.0625000000000000e-01 0.0000000000000000e+00 0
4.3750000000000000e-01 4.0625000000000000e-01 0.0000000000000000e+00 0
4.5312500000000000e-01 4.0625000000000000e-01 0.0000000000000000e+00 0
4.6875000000000000e-01 4.0625000000000000e-01 0.0000000000000000e+00 0
4.8437500000000000e-01 4.0625000000000000e-01 0.0000000000000000e+00 0
5.0000000000000000e-01 4.0625000000000000e-01 0.0000000000000000e+00 0
5.1562500000000000e-01 4.0625000000000000e-01 0.0000000000000000e+00 0
5.3125000000000000e-01 4.0625000000000000e-01 0.0000000000000000e+00 0
5.4687500000000000e-01 4.0625000000000000e-01 0.0000000000000000e+00 0
5.6250000000000000e-01 4.0625000000000000e-01 0.0000000000000000e+00 0
5.7812500000000000e-01 4.0625000000000000e-01 0.0000000000000000e+00 0
5.9375000000000000e-01 4.0625000000000000e-01 0.0000000000000000e+00 0
6.0937500000000000e-01 4.0625000000000000e-01 0.0000000000000000e+00 0
6.2500000000000000e-01 4.0625000000000000e-01 0.0000000000000000e+00 0
6.4062500000000000e-01 4.0625000000000000e-01 0.0000000000000000e+00 0
6.5625000000000000e-01 4.0625000000000000e-01 0.0000000000000000e+00 0
6.7187500000000000e-01 4.0625000000000000e-01 0.0000000000000000e+00 0
6.8750000000000000e-01 4.0625000000000000e-01 0.0000000000000000e+00 0
7.0312500000000000e-01 4.0625000000000000e-01 0.0000000000000000e+00 0
7.1875000000000000e-01 4.0625000000000000e-01 0.0000000000000000e+00 0
7.3437500000000000e-01 4.0625000000000000e-01 0.0000000000000000e+00 0
7.5000000000000000e-01 4.0625000000000000e-01 0.0000000000000000e+00 0
7.6562500000000000e-01 4.0625000000000000e-01 0.0000000000000000e+00 0
7.8125000000000000e-01 4.0625000000000000e-01 0.0000000000000000e+00 0
7.9687500000000000e-01 4.0625000000000000e-01 0.0000000000000000e+00 0
8.1250000000000000e-01 4.0625000000000000e-01 0.0000000000000000e+00 0
8.2812500000000000e-01 4.0625000000000000e-01 0.0000000000000000e+00 0
8.4375000000000000e-01 4.0625000000000000e-01 0.0000000000000000e+00 0
8.5937500000000000e-01 4.0625000000000000e-01 0.0000000000000000e+00 0
8.7500000000000000e-01 4.0625000000000000e-01 0.0000000000000000e+00 0
8.9062500000000000e-01 4.0625000000000000e-01 0.0000000000000000e+00 0
9.0625000000000000e-01 4.0625000000000000e-01 0.0000000000000000e+00 0
9.2187500000000000e-01 4.0625000000000000e-01 0.0000000000000000e+00 0
9.3750000000000000e-01 4.0625000000000000e-01 0.0000000000000000e+00 0
9.5312500000000000e-01 4.0625000000000000e-01 0.0000000000000000e+00 0
9.6875000000000000e-01 4.0625000000000000e-01 0.0000000000000000e+00 0
9.8437500000000000e-01 4.0625000000000000e-01 0.0000000000000000e+00 0
1.5625000000000000e-02 4.2187500000000000e-01 0.0000000000000000e+00 0
3.1250000000000000e-02 4.2187500000000000e-01 0.0000000000000000e+00 0
4.6875000000000000e-02 4.2187500000000000e-01 0.0000000000000000e+00 0
6.2500000000000000e-02 4.2187500000000000e-01 0.0000000000000000e+00 0
7.8125000000000000e-02 4.2187500000000000e-01 0.0000000000000000e+00 0
9.3750000000000000e-02 4.2187500000000000e-01 0.0000000000000000e+00 0
1.0937500000000000e-01 4.2187500000000000e-01 0.0000000000000000e+00 0
1.2500000000000000e-01 4.2187500000000000e-01 0.0000000000000000e+00 0
1.4062500000000000e-01 4.2187500000000000e-01 0.0000000000000000e+00 0
1.5625000000000000e-01 4.2187500000000000e-01 0.0000000000000000e+00 0
1.7187500000000000e-01 4.2187500000000000e-01 0.0000000000000000e+00 0
1.8750000000000000e-01 4.2187500000000000e-01 0.0000000000000000e+00 0
2.0312500000000000e-01 4.2187500000000000e-01 0.0000000000000000e+00 0
2.1875000000000000e-01 4.2187500000000000e-01 0.0000000000000000e+00 0
2.3437500000000000e-01 4.2187500000000000e-01 0.0000000000000000e+00 0
2.5000000000000000e-01 4.2187500000000000e-01 0.0000000000000000e+00 0
2.6562500000000000e-01 4.2187500000000000e-01 0.0000000000000000e+00 0
2.8125000000000000e-01 4.2187500000000000e-01 0.0000000000000000e+00 0
2.9687500000000000e-01 4.2187500000000000e-01 0.0000000000000000e+00 0
3.1250000000000000e-01 4.2187500000000000e-01 0.0000000000000000e+00 0
3.2812500000000000e-01 4.2187500000000000e-01 0.0000000000000000e+00 0
3.4375000000000000e-01 4.2187500000000000e-01 0.0000000000000000e+00 0
3.5937500000000000e-01 4.2187500000000000e-01 0.0000000000000000e+00 0
3.7500000000000000e-01 4.2187500000000000e-01 0.0000000000000000e+00 0
3.9062500000000000e-01 4.2187500000000000e-01 0.0000000000000000e+00 0
4.0625000000000000e-01 4.2187500000000000e-01 0.0000000000000000e+00 0
4.2187500000000000e-01 4.2187500000000000e-01 0.0000000000000000e+00 0
4.3750000000000000e-01 4.2187500000000000e-01 0.0000000000000000e+00 0
4.5312500000000000e-01 4.2187500000000000e-01 0.0000000000000000e+00 0
4.6875000000000000e-01 4.2187500000000000e-01 0.0000000000000000e+00 0
4.8437500000000000e-01 4.2187500000000000e-01 0.0000000000000000e+00 0
5.0000000000000000e-01 4.2187500000000000e-01 0.0000000000000000e+00 0
5.1562500000000000e-01 4.2187500000000000e-01 0.0000000000000000e+00 0
5.3125000000000000e-01 4.2187500000000000e-01 0.0000000000000000e+00 0
5.4687500000000000e-01 4.2187500000000000e-01 0.0000000000000000e+00 0
5.6250000000000000e-01 4.2187500000000000e-01 0.0000000000000000e+00 0
5.7812500000000000e-01 4.2187500000000000e-01 0.0000000000000000e+00 0
5.9375000000000000e-01 4.2187500000000000e-01 0.0000000000000000e+00 0
6.0937500000000000e-01 4.2187500000000000e-01 0.0000000000000000e+00 0
6.2500000000000000e-01 4.2187500000000000e-01 0.0000000000000000e+00 0
6.4062500000000000e-01 4.2187500000000000e-01 0.0000000000000000e+00 0
6.5625000000000000e-01 4.2187500000000000e-01 0.0000000000000000e+00 0
6.7187500000000000e-01 4.2187500000000000e-01 0.0000000000000000e+00 0
6.8750000000000000e-01 4.2187500000000000e-01 0.0000000000000000e+00 0
7.0312500000000000e-01 4.2187500000000000e-01 0.0000000000000000e+00 0
7.1875000000000000e-01 4.2187500000000000e-01 0.0000000000000000e+00 0
7.3437500000000000e-01 4.2187500000000000e-01 0.0000000000000000e+00 0
7.5000000000000000e-01 4.2187500000000000e-01 0.0000000000000000e+00 0
7.6562500000000000e-01 4.2187500000000000e-01 0.0000000000000000e+00 0
7.8125000000000000e-01 4.2187500000000000e-01 0.0000000000000000e+00 0
7.9687500000000000e-01 4.2187500000000000e-01 0.0000000000000000e+00 0
8.1250000000000000e-01 4.2187500000000000e-01 0.0000000000000000e+00 0
8.2812500000000000e-01 4.2187500000000000e-01 0.0000000000000000e+00 0
8.4375000000000000e-01 4.2187500000000000e-01 0.0000000000000000e+00 0
8.5937500000000000e-01 4.2187500000000000e-01 0.0000000000000000e+00 0
8.7500000000000000e-01 4.2187500000000000e-01 0.0000000000000000e+00 0
8.9062500000000000e-01 4.2187500000000000e-01 0.0000000000000000e+00 0
9.0625000000000000e-01 4.2187500000000000e-01 0.0000000000000000e+00 0
9.2187500000000000e-01 4.2187500000000000e-01 0.0000000000000000e+00 0
9.3750000000000000e-01 4.2187500000000000e-01 0.0000000000000000e+00 0
9.5312500000000000e-01 4.2187500000000000e-01 0.0000000000000000e+00 0
9.6875000000000000e-01 4.2187500000000000e-01 0.0000000000000000e+00 0
9.8437500000000000e-01 4.2187500000000000e-01 0.0000000000000000e+00 0
1.5625000000000000e-02 4.3750000000000000e-01 0.0000000000000000e+00 0
3.1250000000000000e-02 4.3750000000000000e-01 0.0000000000000000e+00 0
4.6875000000000000e-02 4.3750000000000000e-01 0.0000000000000000e+00 0
6.2500000000000000e-02 4.3750000000000000e-01 0.0000000000000000e+00 0
7.8125000000000000e-02 4.3750000000000000e-01 0.0000000000000000e+00 0
9.3750000000000000e-02 4.3750000000000000e-01 0.0000000000000000e+00 0
1.0937500000000000e-01 4.3750000000000000e-01 0.0000000000000000e+00 0
1.2500000000000000e-01 4.3750000000000000e-01 0.0000000000000000e+00 0
1.4062500000000000e-01 4.3750000000000000e-01 0.0000000000000000e+00 0
1.5625000000000000e-01 4.3750000000000000e-01 0.0000000000000000e+00 0
1.7187500000000000e-01 4.3750000000000000e-01 0.0000000000000000e+00 0
1.8750000000000000e-01 4.3750000000000000e-01 0.0000000000000000e+00 0
2.0312500000000000e-01 4.3750000000000000e-01 0.0000000000000000e+00 0
2.1875000000000000e-01 4.3750000000000000e-01 0.0000000000000000e+00 0
2.3437500000000000e-01 4.3750000000000000e-01 0.0000000000000000e+00 0
2.5000000000000000e-01 4.3750000000000000e-01 0.0000000000000000e+00 0
2.6562500000000000e-01 4.3750000000000000e-01 0.0000000000000000e+00 0
2.8125000000000000e-01 4.3750000000000000e-01 0.0000000000000000e+00 0
2.9687500000000000e-01 4.3750000000000000e-01 0.0000000000000000e+00 0
3.1250000000000000e-01 4.3750000000000000e-01 0.0000000000000000e+00 0
3.2812500000000000e-01 4.3750000000000000e-01 0.0000000000000000e+00 0
3.4375000000000000e-01 4.3750000000000000e-01 0.0000000000000000e+00 0
3.5937500000000000e-01 4.3750000000000000e-01 0.0000000000000000e+00 0
3.7500000000000000e-01 4.3750000000000000e-01 0.0000000000000000e+00 0
3.9062500000000000e-01 4.3750000000000000e-01 0.0000000000000000e+00 0
4.0625000000000000e-01 4.3750000000000000e-01 0.0000000000000000e+00 0
4.2187500000000000e-01 4.3750000000000000e-01 0.0000000000000000e+00 0
4.3750000000000000e-01 4.3750000000000000e-01 0.0000000000000000e+00 0
4.5312500000000000e-01 4.3750000000000000e-01 0.0000000000000000e+00 0
4.6875000000000000e-01 4.3750000000000000e-01 0.0000000000000000e+00 0
4.8437500000000000e-01 4.3750000000000000e-01 0.0000000000000000e+00 0
5.0000000000000000e-01 4.3750000000000000e-01 0.0000000000000000e+00 0
5.1562500000000000e-01 4.3750000000000000e-01 0.0000000000000000e+00 0
5.3125000000000000e-01 4.3750000000000000e-01 0.0000000000000000e+00 0
5.4687500000000000e-01 4.3750000000000000e-01 0.0000000000000000e+00 0
5.6250000000000000e-01 4.3750000000000000e-01 0.0000000000000000e+00 0
5.7812500000000000e-01 4.3750000000000000e-01 0.0000000000000000e+00 0
5.9375000000000000e-01 4.3750000000000000e-01 0.0000000000000000e+00 0
6.0937500000000000e-01 4.3750000000000000e-01 0.0000000000000000e+00 0
6.2500000000000000e-01 4.3750000000000000e-01 0.0000000000000000e+00 0
6.4062500000000000e-01 4.3750000000000000e-01 0.0000000000000000e+00 0
6.5625000000000000e-01 4.3750000000000000e-01 0.0000000000000000e+00 0
6.7187500000000000e-01 4.3750000000000000e-01 0.0000000000000000e+00 0
6.8750000000000000e-01 4.3750000000000000e-01 0.0000000000000000e+00 0
7.0312500000000000e-01 4.3750000000000000e-01 0.0000000000000000e+00 0
7.1875000000000000e-01 4.3750000000000000e-01 0.0000000000000000e+00 0
7.3437500000000000e-01 4.3750000000000000e-01 0.0000000000000000e+00 0
7.5000000000000000e-01 4.3750000000000000e-01 0.0000000000000000e+00 0
7.6562500000000000e-01 4.3750000000000000e-01 0.0000000000000000e+00 0
7.8125000000000000e-01 4.3750000000000000e-01 0.0000000000000000e+00 0
7.9687500000000000e-01 4.3750000000000000e-01 0.0000000000000000e+00 0
8.1250000000000000e-01 4.3750000000000000e-01 0.0000000000000000e+00 0
8.2812500000000000e-01 4.3750000000000000e-01 0.0000000000000000e+00 0
8.4375000000000000e-01 4.3750000000000000e-01 0.0000000000000000e+00 0
8.5937500000000000e-01 4.3750000000000000e-01 0.0000000000000000e+00 0
8.7500000000000000e-01 4.3750000000000000e-01 0.0000000000000000e+00 0
8.9062500000000000e-01 4.3750000000000000e-01 0.0000000000000000e+00 0
9.0625000000000000e-01 4.3750000000000000e-01 0.0000000000000000e+00 0
9.2187500000000000e-01 4.3750000000000000e-01 0.0000000000000000e+00 0
9.3750000000000000e-01 4.3750000000000000e-01 0.0000000000000000e+00 0
9.5312500000000000e-01 4.3750000000000000e-01 0.0000000000000000e+00 0
9.6875000000000000e-01 4.3750000000000000e-01 0.0000000000000000e+00 0
9.8437500000000000e-01 4.3750000000000000e-01 0.0000000000000000e+00 0
1.5625000000000000e-02 4.5312500000000000e-01 0.0000000000000000e+00 0
3.1250000000000000e-02 4.5312500000000000e-01 0.0000000000000000e+00 0
4.6875000000000000e-02 4.5312500000000000e-01 0.0000000000000000e+00 0
6.2500000000000000e-02 4.5312500000000000e-01 0.0000000000000000e+00 0
7.8125000000000000e-02 4.5312500000000000e-01 0.0000000000000000e+00 0
9.3750000000000000e-02 4.5312500000000000e-01 0.0000000000000000e+00 0
1.0937500000000000e-01 4.5312500000000000e-01 0.0000000000000000e+00 0
1.2500000000000000e-01 4.5312500000000000e-01 0.0000000000000000e+00 0
1.4062500000000000e-01 4.5312500000000000e-01 0.0000000000000000e+00 0
1.5625000000000000e-01 4.5312500000000000e-01 0.0000000000000000e+00 0
1.7187500000000000e-01 4.5312500000000000e-01 0.0000000000000000e+00 0
1.8750000000000000e-01 4.5312500000000000e-01 0.0000000000000000e+00 0
2.0312500000000000e-01 4.5312500000000000e-01 0.0000000000000000e+00 0
2.1875000000000000e-01 4.5312500000000000e-01 0.0000000000000000e+00 0
2.3437500000000000e-01 4.5312500000000000e-01 0.0000000000000000e+00 0
2.5000000000000000e-01 4.5312500000000000e-01 0.0000000000000000e+00 0
2.6562500000000000e-01 4.5312500000000000e-01 0.0000000000000000e+00 0
2.8125000000000000e-01 4.5312500000000000e-01 0.0000000000000000e+00 0
2.9687500000000000e-01 4.5312500000000000e-01 0.0000000000000000e+00 0
3.1250000000000000e-01 4.5312500000000000e-01 0.0000000000000000e+00 0
3.2812500000000000e-01 4.5312500000000000e-01 0.0000000000000000e+00 0
3.4375000000000000e-01 4.5312500000000000e-01 0.0000000000000000e+00 0
3.5937500000000000e-01 4.5312500000000000e-01 0.0000000000000000e+00 0
3.7500000000000000e-01 4.5312500000000000e-01 0.0000000000000000e+00 0
3.9062500000000000e-01 4.5312500000000000e-01 0.0000000000000000e+00 0
4.0625000000000000e-01 4.5312500000000000e-01 0.0000000000000000e+00 0
4.2187500000000000e-01 4.5312500000000000e-01 0.0000000000000000e+00 0
4.3750000000000000e-01 4.5312500000000000e-01 0.0000000000000000e+00 0
4.5312500000000000e-01 4.5312500000000000e-01 0.0000000000000000e+00 0
4.6875000000000000e-01 4.5312500000000000e-01 0.0000000000000000e+00 0
4.8437500000000000e-01 4.5312500000000000e-01 0.0000000000000000e+00 0
5.0000000000000000e-01 4.5312500000000000e-01 0.0000000000000000e+00 0
5.1562500000000000e-01 4.5312500000000000e-01 0.0000000000000000e+00 0
5.3125000000000000e-01 4.5312500000000000e-01 0.0000000000000000e+00 0
5.4687500000000000e-01 4.5312500000000000e-01 0.0000000000000000e+00 0
5.6250000000000000e-01 4.5312500000000000e-01 0.0000000000000000e+00 0
5.7812500000000000e-01 4.5312500000000000e-01 0.0000000000000000e+00 0
5.9375000000000000e-01 4.5312500000000000e-01 0.0000000000000000e+00 0
6.0937500000000000e-01 4.5312500000000000e-01 0.0000000000000000e+00 0
6.2500000000000000e-01 4.5312500000000000e-01 0.0000000000000000e+00 0
6.4062500000000000e-01 4.5312500000000000e-01 0.0000000000000000e+00 0
6.5625000000000000e-01 4.5312500000000000e-01 0.0000000000000000e+00 0
6.7187500000000000e-01 4.5312500000000000e-01 0.0000000000000000e+00 0
6.8750000000000000e-01 4.5312500000000000e-01 0.0000000000000000e+00 0
7.0312500000000000e-01 4.5312500000000000e-01 0.0000000000000000e+00 0
7.1875000000000000e-01 4.5312500000000000e-01 0.0000000000000000e+00 0
7.3437500000000000e-01 4.5312500000000000e-01 0.0000000000000000e+00 0
7.5000000000000000e-01 4.5312500000000000e-01 0.0000000000000000e+00 0
7.6562500000000000e-01 4.5312500000000000e-01 0.0000000000000000e+00 0
7.8125000000000000e-01 4.5312500000000000e-01 0.0000000000000000e+00 0
7.9687500000000000e-01 4.5312500000000000e-01 0.0000000000000000e+00 0
8.1250000000000000e-01 4.5312500000000000e-01 0.0000000000000000e+00 0
8.2812500000000000e-01 4.5312500000000000e-01 0.0000000000000000e+00 0
8.4375000000000000e-01 4.5312500000000000e-01 0.0000000000000000e+00 0
8.5937500000000000e-01 4.5312500000000000e-01 0.0000000000000000e+00 0
8.7500000000000000e-01 4.5312500000000000e-01 0.0000000000000000e+00 0
8.9062500000000000e-01 4.5312500000000000e-01 0.0000000000000000e+00 0
9.0625000000000000e-01 4.5312500000000000e-01 0.0000000000000000e+00 0
9.2187500000000000e-01 4.5312500000000000e-01 0.0000000000000000e+00 0
9.3750000000000000e-01 4.5312500000000000e-01 0.0000000000000000e+00 0
9.5312500000000000e-01 4.5312500000000000e-01 0.0000000000000000e+00 0
9.6875000000000000e-01 4.5312500000000000e-01 0.0000000000000000e+00 0
9.8437500000000000e-01 4.5312500000000000e-01 0.0000000000000000e+00 0
1.5625000000000000e-02 4.6875000000000000e-01 0.0000000000000000e+00 0
3.1250000000000000e-02 4.6875000000000000e-01 0.0000000000000000e+00 0
4.6875000000000000e-02 4.6875000000000000e-01 0.0000000000000000e+00 0
6.2500000000000000e-02 4.6875000000000000e-01 0.0000000000000000e+00 0
7.8125000000000000e-02 4.6875000000000000e-01 0.0000000000000000e+00 0
9.3750000000000000e-02 4.6875000000000000e-01 0.0000000000000000e+00 0
1.0937500000000000e-01 4.6875000000000000e-01 0.0000000000000000e+00 0
1.2500000000000000e-01 4.6875000000000000e-01 0.0000000000000000e+00 0
1.4062500000000000e-01 4.6875000000000000e-01 0.0000000000000000e+00 0
1.5625000000000000e-01 4.6875000000000000e-01 0.0000000000000000e+00 0
1.7187500000000000e-01 4.6875000000000000e-01 0.0000000000000000e+00 0
1.8750000000000000e-01 4.6875000000000000e-01 0.0000000000000000e+00 0
2.0312500000000000e-01 4.6875000000000000e-01 0.0000000000000000e+00 0
2.1875000000000000e-01 4.6875000000000000e-01 0.0000000000000000e+00 0
2.3437500000000000e-01 4.6875000000000000e-01 0.0000000000000000e+00 0
2.5000000000000000e-01 4.6875000000000000e-01 0.0000000000000000e+00 0
2.6562500000000000e-01 4.6875000000000000e-01 0.0000000000000000e+00 0
2.8125000000000000e-01 4.6875000000000000e-01 0.0000000000000000e+00 0
2.9687500000000000e-01 4.6875000000000000e-01 0.0000000000000000e+00 0
3.1250000000000000e-01 4.6875000000000000e-01 0.0000000000000000e+00 0
3.2812500000000000e-01 4.6875000000000000e-01 0.0000000000000000e+00 0
3.4375000000000000e-01 4.6875000000000000e-01 0.0000000000000000e+00 0
3.5937500000000000e-01 4.6875000000000000e-01 0.0000000000000000e+00 0
3.7500000000000000e-01 4.6875000000000000e-01 0.0000000000000000e+00 0
3.9062500000000000e-01 4.6875000000000000e-01 0.0000000000000000e+00 0
4.0625000000000000e-01 4.6875000000000000e-01 0.0000000000000000e+00 0
4.2187500000000000e-01 4.6875000000000000e-01 0.0000000000000000e+00 0
4.3750000000000000e-01 4.6875000000000000e-01 0.0000000000000000e+00 0
4.5312500000000000e-01 4.6875000000000000e-01 0.0000000000000000e+00 0
4.6875000000000000e-01 4.6875000000000000e-01 0.0000000000000000e+00 0
4.8437500000000000e-01 4.6875000000000000e-01 0.0000000000000000e+00 0
5.0000000000000000e-01 4.6875000000000000e-01 0.0000000000000000e+00 0
5.1562500000000000e-01 4.6875000000000000e-01 0.0000000000000000e+00 0
5.3125000000000000e-01 4.6875000000000000e-01 0.0000000000000000e+00 0
5.4687500000000000e-01 4.6875000000000000e-01 0.0000000000000000e+00 0
5.6250000000000000e-01 4.6875000000000000e-01 0.0000000000000000e+00 0
5.7812500000000000e-01 4.6875000000000000e-01 0.0000000000000000e+00 0
5.9375000000000000e-01 4.6875000000000000e-01 0.0000000000000000e+00 0
6.0937500000000000e-01 4.6875000000000000e-01 0.0000000000000000e+00 0
6.2500000000000000e-01 4.6875000000000000e-01 0.0000000000000000e+00 0
6.4062500000000000e-01 4.6875000000000000e-01 0.0000000000000000e+00 0
6.5625000000000000e-01 4.6875000000000000e-01 0.0000000000000000e+00 0
6.7187500000000000e-01 4.6875000000000000e-01 0.0000000000000000e+00 0
6.8750000000000000e-01 4.6875000000000000e-01 0.0000000000000000e+00 0
7.0312500000000000e-01 4.6875000000000000e-01 0.0000000000000000e+00 0
7.1875000000000000e-01 4.6875000000000000e-01 0.0000000000000000e+00 0
7.3437500000000000e-01 4.6875000000000000e-01 0.0000000000000000e+00 0
7.5000000000000000e-01 4.6875000000000000e-01 0.0000000000000000e+00 0
7.6562500000000000e-01 4.6875000000000000e-01 0.0000000000000000e+00 0
7.8125000000000000e-01 4.6875000000000000e-01 0.0000000000000000e+00 0
7.9687500000000000e-01 4.6875000000000000e-01 0.0000000000000000e+00 0
8.1250000000000000e-01 4.6875000000000000e-01 0.0000000000000000e+00 0
8.2812500000000000e-01 4.6875000000000000e-01 0.0000000000000000e+00 0
8.4375000000000000e-01 4.6875000000000000e-01 0.0000000000000000e+00 0
8.5937500000000000e-01 4.6875000000000000e-01 0.0000000000000000e+00 0
8.7500000000000000e-01 4.6875000000000000e-01 0.0000000000000000e+00 0
8.9062500000000000e-01 4.6875000000000000e-01 0.0000000000000000e+00 0
9.0625000000000000e-01 4.6875000000000000e-01 0.0000000000000000e+00 0
9.2187500000000000e-01 4.6875000000000000e-01 0.0000000000000000e+00 0
9.3750000000000000e-01 4.6875000000000000e-01 0.0000000000000000e+00 0
9.5312500000000000e-01 4.6875000000000000e-01 0.0000000000000000e+00 0
9.6875000000000000e-01 4.6875000000000000e-01 0.0000000000000000e+00 0
9.8437500000000000e-01 4.6875000000000000e-01 0.0000000000000000e+00 0
1.5625000000000000e-02 4.8437500000000000e-01 0.0000000000000000e+00 0
3.1250000000000000e-02 4.8437500000000000e-01 0.0000000000000000e+00 0
4.6875000000000000e-02 4.8437500000000000e-01 0.0000000000000000e+00 0
6.2500000000000000e-02 4.8437500000000000e-01 0.0000000000000000e+00 0
7.8125000000000000e-02 4.8437500000000000e-01 0.0000000000000000e+00 0
9.3750000000000000e-02 4.8437500000000000e-01 0.0000000000000000e+00 0
1.0937500000000000e-01 4.8437500000000000e-01 0.0000000000000000e+00 0
1.2500000000000000e-01 4.8437500000000000e-01 0.0000000000000000e+00 0
1.4062500000000000e-01 4.8437500000000000e-01 0.0000000000000000e+00 0
1.5625000000000000e-01 4.8437500000000000e-01 0.0000000000000000e+00 0
1.7187500000000000e-01 4.8437500000000000e-01 0.0000000000000000e+00 0
1.8750000000000000e-01 4.8437500000000000e-01 0.0000000000000000e+00 0
2.0312500000000000e-01 4.8437500000000000e-01 0.0000000000000000e+00 0
2.1875000000000000e-01 4.8437500000000000e-01 0.0000000000000000e+00 0
2.3437500000000000e-01 4.8437500000000000e-01 0.0000000000000000e+00 0
2.5000000000000000e-01 4.8437500000000000e-01 0.0000000000000000e+00 0
2.6562500000000000e-01 4.8437500000000000e-01 0.0000000000000000e+00 0
2.8125000000000000e-01 4.8437500000000000e-01 0.0000000000000000e+00 0
2.9687500000000000e-01 4.8437500000000000e-01 0.0000000000000000e+00 0
3.1250000000000000e-01 4.8437500000000000e-01 0.0000000000000000e+00 0
3.2812500000000000e-01 4.8437500000000000e-01 0.0000000000000000e+00 0
3.4375000000000000e-01 4.8437500000000000e-01 0.0000000000000000e+00 0
3.5937500000000000e-01 4.8437500000000000e-01 0.0000000000000000e+00 0
3.7500000000000000e-01 4.8437500000000000e-01 0.0000000000000000e+00 0
3.9062500000000000e-01 4.8437500000000000e-01 0.0000000000000000e+00 0
4.0625000000000000e-01 4.8437500000000000e-01 0.0000000000000000e+00 0
4.2187500000000000e-01 4.8437500000000000e-01 0.0000000000000000e+00 0
4.3750000000000000e-01 4.8437500000000000e-01 0.0000000000000000e+00 0
4.5312500000000000e-01 4.8437500000000000e-01 0.0000000000000000e+00 0
4.6875000000000000e-01 4.8437500000000000e-01 0.0000000000000000e+00 0
4.8437500000000000e-01 4.8437500000000000e-01 0.0000000000000000e+00 0
5.0000000000000000e-01 4.8437500000000000e-01 0.0000000000000000e+00 0
5.1562500000000000e-01 4.8437500000000000e-01 0.0000000000000000e+00 0
5.3125000000000000e-01 4.8437500000000000e-01 0.0000000000000000e+00 0
5.4687500000000000e-01 4.8437500000000000e-01 0.0000000000000000e+00 0
5.6250000000000000e-01 4.8437500000000000e-01 0.0000000000000000e+00 0
5.7812500000000000e-01 4.8437500000000000e-01 0.0000000000000000e+00 0
5.9375000000000000e-01 4.8437500000000000e-01 0.0000000000000000e+00 0
6.0937500000000000e-01 4.8437500000000000e-01 0.0000000000000000e+00 0
6.2500000000000000e-01 4.8437500000000000e-01 0.0000000000000000e+00 0
6.4062500000000000e-01 4.8437500000000000e-01 0.0000000000000000e+00 0
6.5625000000000000e-01 4.8437500000000000e-01 0.0000000000000000e+00 0
6.7187500000000000e-01 4.8437500000000000e-01 0.0000000000000000e+00 0
6.8750000000000000e-01 4.8437500000000000e-01 0.0000000000000000e+00 0
7.0312500000000000e-01 4.8437500000000000e-01 0.0000000000000000e+00 0
7.1875000000000000e-01 4.8437500000000000e-01 0.0000000000000000e+00 0
7.3437500000000000e-01 4.8437500000000000e-01 0.0000000000000000e+00 0
7.5000000000000000e-01 4.8437500000000000e-01 0.0000000000000000e+00 0
7.6562500000000000e-01 4.8437500000000000e-01 0.0000000000000000e+00 0
7.8125000000000000e-01 4.8437500000000000e-01 0.0000000000000000e+00 0
7.9687500000000000e-01 4.8437500000000000e-01 0.0000000000000000e+00 0
8.1250000000000000e-01 4.8437500000000000e-01 0.0000000000000000e+00 0
8.2812500000000000e-01 4.8437500000000000e-01 0.0000000000000000e+00 0
8.4375000000000000e-01 4.8437500000000000e-01 0.0000000000000000e+00 0
8.5937500000000000e-01 4.8437500000000000e-01 0.0000000000000000e+00 0
8.7500000000000000e-01 4.8437500000000000e-01 0.0000000000000000e+00 0
8.9062500000000000e-01 4.8437500000000000e-01 0.0000000000000000e+00 0
9.0625000000000000e-01 4.8437500000000000e-01 0.0000000000000000e+00 0
9.2187500000000000e-01 4.8437500000000000e-01 0.0000000000000000e+00 0
9.3750000000000000e-01 4.8437500000000000e-01 0.0000000000000000e+00 0
9.5312500000000000e-01 4.8437500000000000e-01 0.0000000000000000e+00 0
9.6875000000000000e-01 4.8437500000000000e-01 0.0000000000000000e+00 0
9.8437500000000000e-01 4.8437500000000000e-01 0.0000000000000000e+00 0
1.5625000000000000e-02 5.0000000000000000e-01 0.0000000000000000e+00 0
3.1250000000000000e-02 5.0000000000000000e-01 0.0000000000000000e+00 0
4.6875000000000000e-02 5.0000000000000000e-01 0.0000000000000000e+00 0
6.2500000000000000e-02 5.0000000000000000e-01 0.0000000000000000e+00 0
7.8125000000000000e-02 5.0000000000000000e-01 0.0000000000000000e+00 0
9.3750000000000000e-02 5.0000000000000000e-01 0.0000000000000000e+00 0
1.0937500000000000e-01 5.0000000000000000e-01 0.0000000000000000e+00 0
1.2500000000000000e-01 5.0000000000000000e-01 0.0000000000000000e+00 0
1.4062500000000000e-01 5.0000000000000000e-01 0.0000000000000000e+00 0
1.5625000000000000e-01 5.0000000000000000e-01 0.0000000000000000e+00 0
1.7187500000000000e-01 5.0000000000000000e-01 0.0000000000000000e+00 0
1.8750000000000000e-01 5.0000000000000000e-01 0.0000000000000000e+00 0
2.0312500000000000e-01 5.0000000000000000e-01 0.0000000000000000e+00 0
2.1875000000000000e-01 5.0000000000000000e-01 0.0000000000000000e+00 0
2.3437500000000000e-01 5.0000000000000000e-01 0.0000000000000000e+00 0
2.5000000000000000e-01 5.0000000000000000e-01 0.0000000000000000e+00 0
2.6562500000000000e-01 5.0000000000000000e-01 0.0000000000000000e+00 0
2.8125000000000000e-01 5.0000000000000000e-01 0.0000000000000000e+00 0
2.9687500000000000e-01 5.0000000000000000e-01 0.0000000000000000e+00 0
3.1250000000000000e-01 5.0000000000000000e-01 0.0000000000000000e+00 0
3.2812500000000000e-01 5.0000000000000000e-01 0.0000000000000000e+00 0
3.4375000000000000e-01 5.0000000000000000e-01 0.0000000000000000e+00 0
3.5937500000000000e-01 5.0000000000000000e-01 0.0000000000000000e+00 0
3.7500000000000000e-01 5.0000000000000000e-01 0.0000000000000000e+00 0
3.9062500000000000e-01 5.0000000000000000e-01 0.0000000000000000e+00 0
4.0625000000000000e-01 5.0000000000000000e-01 0.0000000000000000e+00 0
4.2187500000000000e-01 5.0000000000000000e-01 0.0000000000000000e+00 0
4.3750000000000000e-01 5.0000000000000000e-01 0.0000000000000000e+00 0
4.5312500000000000e-01 5.0000000000000000e-01 0.0000000000000000e+00 0
4.6875000000000000e-01 5.0000000000000000e-01 0.0000000000000000e+00 0
4.8437500000000000e-01 5.0000000000000000e-01 0.0000000000000000e+00 0
5.0000000000000000e-01 5.0000000000000000e-01 0.0000000000000000e+00 0
5.1562500000000000e-01 5.0000000000000000e-01 0.0000000000000000e+00 0
5.3125000000000000e-01 5.0000000000000000e-01 0.0000000000000000e+00 0
5.4687500000000000e-01 5.0000000000000000e-01 0.0000000000000000e+00 0
5.6250000000000000e-01 5.0000000000000000e-01 0.0000000000000000e+00 0
5.7812500000000000e-01 5.0000000000000000e-01 0.0000000000000000e+00 0
5.9375000000000000e-01 5.0000000000000000e-01 0.0000000000000000e+00 0
6.0937500000000000e-01 5.0000000000000000e-01 0.0000000000000000e+00 0
6.2500000000000000e-01 5.0000000000000000e-01 0.0000000000000000e+00 0
6.4062500000000000e-01 5.0000000000000000e-01 0.0000000000000000e+00 0
6.5625000000000000e-01 5.0000000000000000e-01 0.0000000000000000e+00 0
6.7187500000000000e-01 5.0000000000000000e-01 0.0000000000000000e+00 0
6.8750000000000000e-01 5.0000000000000000e-01 0.0000000000000000e+00 0
7.0312500000000000e-01 5.0000000000000000e-01 0.0000000000000000e+00 0
7.1875000000000000e-01 5.0000000000000000e-01 0.0000000000000000e+00 0
7.3437500000000000e-01 5.0000000000000000e-01 0.0000000000000000e+00 0
7.5000000000000000e-01 5.0000000000000000e-01 0.0000000000000000e+00 0
7.6562500000000000e-01 5.0000000000000000e-01 0.0000000000000000e+00 0
7.8125000000000000e-01 5.0000000000000000e-01 0.0000000000000000e+00 0
7.9687500000000000e-01 5.0000000000000000e-01 0.0000000000000000e+00 0
8.1250000000000000e-01 5.0000000000000000e-01 0.0000000000000000e+00 0
8.2812500000000000e-01 5.0000000000000000e-01 0.0000000000000000e+00 0
8.4375000000000000e-01 5.0000000000000000e-01 0.0000000000000000e+00 0
8.5937500000000000e-01 5.0000000000000000e-01 0.0000000000000000e+00 0
8.7500000000000000e-01 5.0000000000000000e-01 0.0000000000000000e+00 0
8.9062500000000000e-01 5.0000000000000000e-01 0.0000000000000000e+00 0
9.0625000000000000e-01 5.0000000000000000e-01 0.0000000000000000e+00 0
9.2187500000000000e-01 5.0000000000000000e-01 0.0000000000000000e+00 0
9.3750000000000000e-01 5.0000000000000000e-01 0.0000000000000000e+00 0
9.5312500000000000e-01 5.0000000000000000e-01 0.0000000000000000e+00 0
9.6875000000000000e-01 5.0000000000000000e-01 0.0000000000000000e+00 0
9.8437500000000000e-01 5.0000000000000000e-01 0.0000000000000000e+00 0
1.5625000000000000e-02 5.1562500000000000e-01 0.0000000000000000e+00 0
3.1250000000000000e-02 5.1562500000000000e-01 0.0000000000000000e+00 0
4.6875000000000000e-02 5.1562500000000000e-01 0.0000000000000000e+00 0
6.2500000000000000e-02 5.1562500000000000e-01 0.0000000000000000e+00 0
7.8125000000000000e-02 5.1562500000000000e-01 0.0000000000000000e+00 0
9.3750000000000000e-02 5.1562500000000000e-01 0.0000000000000000e+00 0
1.0937500000000000e-01 5.1562500000000000e-01 0.0000000000000000e+00 0
1.2500000000000000e-01 5.1562500000000000e-01 0.0000000000000000e+00 0
1.4062500000000000e-01 5.1562500000000000e-01 0.0000000000000000e+00 0
1.5625000000000000e-01 5.1562500000000000e-01 0.0000000000000000e+00 0
1.7187500000000000e-01 5.1562500000000000e-01 0.0000000000000000e+00 0
1.8750000000000000e-01 5.1562500000000000e-01 0.0000000000000000e+00 0
2.0312500000000000e-01 5.1562500000000000e-01 0.0000000000000000e+00 0
2.1875000000000000e-01 5.1562500000000000e-01 0.0000000000000000e+00 0
2.3437500000000000e-01 5.1562500000000000e-01 0.0000000000000000e+00 0
2.5000000000000000e-01 5.1562500000000000e-01 0.0000000000000000e+00 0
2.6562500000000000e-01 5.1562500000000000e-01 0.0000000000000000e+00 0
2.8125000000000000e-01 5.1562500000000000e-01 0.0000000000000000e+00 0
2.9687500000000000e-01 5.1562500000000000e-01 0.0000000000000000e+00 0
3.1250000000000000e-01 5.1562500000000000e-01 0.0000000000000000e+00 0
3.2812500000000000e-01 5.1562500000000000e-01 0.0000000000000000e+00 0
3.4375000000000000e-01 5.1562500000000000e-01 0.0000000000000000e+00 0
3.5937500000000000e-01 5.1562500000000000e-01 0.0000000000000000e+00 0
3.7500000000000000e-01 5.1562500000000000e-01 0.0000000000000000e+00 0
3.9062500000000000e-01 5.1562500000000000e-01 0.0000000000000000e+00 0
4.0625000000000000e-01 5.1562500000000000e-01 0.0000000000000000e+00 0
4.2187500000000000e-01 5.1562500000000000e-01 0.0000000000000000e+00 0
4.3750000000000000e-01 5.1562500000000000e-01 0.0000000000000000e+00 0
4.5312500000000000e-01 5.1562500000000000e-01 0.0000000000000000e+00 0
4.6875000000000000e-01 5.1562500000000000e-01 0.0000000000000000e+00 0
4.8437500000000000e-01 5.1562500000000000e-01 0.0000000000000000e+00 0
5.0000000000000000e-01 5.1562500000000000e-01 0.0000000000000000e+00 0
5.1562500000000000e-01 5.1562500000000000e-01 0.0000000000000000e+00 0
5.3125000000000000e-01 5.1562500000000000e-01 0.0000000000000000e+00 0
5.4687500000000000e-01 5.1562500000000000e-01 0.0000000000000000e+00 0
5.6250000000000000e-01 5.1562500000000000e-01 0.0000000000000000e+00 0
5.7812500000000000e-01 5.1562500000000000e-01 0.0000000000000000e+00 0
5.9375000000000000e-01 5.1562500000000000e-01 0.0000000000000000e+00 0
6.0937500000000000e-01 5.1562500000000000e-01 0.0000000000000000e+00 0
6.2500000000000000e-01 5.1562500000000000e-01 0.0000000000000000e+00 0
6.4062500000000000e-01 5.1562500000000000e-01 0.0000000000000000e+00 0
6.5625000000000000e-01 5.1562500000000000e-01 0.0000000000000000e+00 0
6.7187500000000000e-01 5.1562500000000000e-01 0.0000000000000000e+00 0
6.8750000000000000e-01 5.1562500000000000e-01 0.0000000000000000e+00 0
7.0312500000000000e-01 5.1562500000000000e-01 0.0000000000000000e+00 0
7.1875000000000000e-01 5.1562500000000000e-01 0.0000000000000000e+00 0
7.3437500000000000e-01 5.1562500000000000e-01 0.0000000000000000e+00 0
7.5000000000000000e-01 5.1562500000000000e-01 0.0000000000000000e+00 0
7.6562500000000000e-01 5.1562500000000000e-01 0.0000000000000000e+00 0
7.8125000000000000e-01 5.1562500000000000e-01 0.0000000000000000e+00 0
7.9687500000000000e-01 5.1562500000000000e-01 0.0000000000000000e+00 0
8.1250000000000000e-01 5.1562500000000000e-01 0.0000000000000000e+00 0
8.2812500000000000e-01 5.1562500000000000e-01 0.0000000000000000e+00 0
8.4375000000000000e-01 5.1562500000000000e-01 0.0000000000000000e+00 0
8.5937500000000000e-01 5.1562500000000000e-01 0.0000000000000000e+00 0
8.7500000000000000e-01 5.1562500000000000e-01 0.0000000000000000e+00 0
8.9062500000000000e-01 5.1562500000000000e-01 0.0000000000000000e+00 0
9.0625000000000000e-01 5.1562500000000000e-01 0.0000000000000000e+00 0
9.2187500000000000e-01 5.1562500000000000e-01 0.0000000000000000e+00 0
9.3750000000000000e-01 5.1562500000000000e-01 0.0000000000000000e+00 0
9.5312500000000000e-01 5.1562500000000000e-01 0.0000000000000000e+00 0
9.6875000000000000e-01 5.1562500000000000e-01 0.0000000000000000e+00 0
9.8437500000000000e-01 5.1562500000000000e-01 0.0000000000000000e+00 0
1.5625000000000000e-02 5.3125000000000000e-01 0.0000000000000000e+00 0
3.1250000000000000e-02 5.3125000000000000e-01 0.0000000000000000e+00 0
4.6875000000000000e-02 5.3125000000000000e-01 0.0000000000000000e+00 0
6.2500000000000000e-02 5.3125000000000000e-01 0.0000000000000000e+00 0
7.8125000000000000e-02 5.3125000000000000e-01 0.0000000000000000e+00 0
9.3750000000000000e-02 5.3125000000000000e-01 0.0000000000000000e+00 0
1.0937500000000000e-01 5.3125000000000000e-01 0.0000000000000000e+00 0
1.2500000000000000e-01 5.3125000000000000e-01 0.0000000000000000e+00 0
1.4062500000000000e-01 5.3125000000000000e-01 0.0000000000000000e+00 0
1.5625000000000000e-01 5.3125000000000000e-01 0.0000000000000000e+00 0
1.7187500000000000e-01 5.3125000000000000e-01 0.0000000000000000e+00 0
1.8750000000000000e-01 5.3125000000000000e-01 0.0000000000000000e+00 0
2.0312500000000000e-01 5.3125000000000000e-01 0.0000000000000000e+00 0
2.1875000000000000e-01 5.3125000000000000e-01 0.0000000000000000e+00 0
2.3437500000000000e-01 5.3125000000000000e-01 0.0000000000000000e+00 0
2.5000000000000000e-01 5.3125000000000000e-01 0.0000000000000000e+00 0
2.6562500000000000e-01 5.3125000000000000e-01 0.0000000000000000e+00 0
2.8125000000000000e-01 5.3125000000000000e-01 0.0000000000000000e+00 0
2.9687500000000000e-01 5.3125000000000000e-01 0.0000000000000000e+00 0
3.1250000000000000e-01 5.3125000000000000e-01 0.0000000000000000e+00 0
3.2812500000000000e-01 5.3125000000000000e-01 0.0000000000000000e+00 0
3.4375000000000000e-01 5.3125000000000000e-01 0.0000000000000000e+00 0
3.5937500000000000e-01 5.3125000000000000e-01 0.0000000000000000e+00 0
3.7500000000000000e-01 5.3125000000000000e-01 0.0000000000000000e+00 0
3.9062500000000000e-01 5.3125000000000000e-01 0.0000000000000000e+00 0
4.0625000000000000e-01 5.3125000000000000e-01 0.0000000000000000e+00 0
4.2187500000000000e-01 5.3125000000000000e-01 0.0000000000000000e+00 0
4.3750000000000000e-01 5.3125000000000000e-01 0.0000000000000000e+00 0
4.5312500000000000e-01 5.3125000000000000e-01 0.0000000000000000e+00 0
4.6875000000000000e-01 5.3125000000000000e-01 0.0000000000000000e+00 0
4.8437500000000000e-01 5.3125000000000000e-01 0.0000000000000000e+00 0
5.0000000000000000e-01 5.3125000000000000e-01 0.0000000000000000e+00 0
5.1562500000000000e-01 5.3125000000000000e-01 0.0000000000000000e+00 0
5.3125000000000000e-01 5.3125000000000000e-01 0.0000000000000000e+00 0
5.4687500000000000e-01 5.3125000000000000e-01 0.0000000000000000e+00 0
5.6250000000000000e-01 5.3125000000000000e-01 0.0000000000000000e+00 0
5.7812500000000000e-01 5.3125000000000000e-01 0.0000000000000000e+00 0
5.9375000000000000e-01 5.3125000000000000e-01 0.0000000000000000e+00 0
6.0937500000000000e-01 5.3125000000000000e-01 0.0000000000000000e+00 0
6.2500000000000000e-01 5.3125000000000000e-01 0.0000000000000000e+00 0
6.4062500000000000e-01 5.3125000000000000e-01 0.0000000000000000e+00 0
6.5625000000000000e-01 5.3125000000000000e-01 0.0000000000000000e+00 0
6.7187500000000000e-01 5.3125000000000000e-01 0.0000000000000000e+00 0
6.8750000000000000e-01 5.3125000000000000e-01 0.0000000000000000e+00 0
7.0312500000000000e-01 5.3125000000000000e-01 0.0000000000000000e+00 0
7.1875000000000000e-01 5.3125000000000000e-01 0.0000000000000000e+00 0
7.3437500000000000e-01 5.3125000000000000e-01 0.0000000000000000e+00 0
7.5000000000000000e-01 5.3125000000000000e-01 0.0000000000000000e+00 0
7.6562500000000000e-01 5.3125000000000000e-01 0.0000000000000000e+00 0
7.8125000000000000e-01 5.3125000000000000e-01 0.0000000000000000e+00 0
7.9687500000000000e-01 5.3125000000000000e-01 0.0000000000000000e+00 0
8.1250000000000000e-01 5.3125000000000000e-01 0.0000000000000000e+00 0
8.2812500000000000e-01 5.3125000000000000e-01 0.0000000000000000e+00 0
8.4375000000000000e-01 5.3125000000000000e-01 0.0000000000000000e+00 0
8.5937500000000000e-01 5.3125000000000000e-01 0.0000000000000000e+00 0
8.7500000000000000e-01 5.3125000000000000e-01 0.0000000000000000e+00 0
8.9062500000000000e-01 5.3125000000000000e-01 0.0000000000000000e+00 0
9.0625000000000000e-01 5.3125000000000000e-01 0.0000000000000000e+00 0
9.2187500000000000e-01 5.3125000000000000e-01 0.0000000000000000e+00 0
9.3750000000000000e-01 5.3125000000000000e-01 0.0000000000000000e+00 0
9.5312500000000000e-01 5.3125000000000000e-01 0.0000000000000000e+00 0
9.6875000000000000e-01 5.3125000000000000e-01 0.0000000000000000e+00 0
9.8437500000000000e-01 5.3125000000000000e-01 0.0000000000000000e+00 0
1.5625000000000000e-02 5.4687500000000000e-01 0.0000000000000000e+00 0
3.1250000000000000e-02 5.4687500000000000e-01 0.0000000000000000e+00 0
4.6875000000000000e-02 5.4687500000000000e-01 0.0000000000000000e+00 0
6.2500000000000000e-02 5.4687500000000000e-01 0.0000000000000000e+00 0
7.8125000000000000e-02 5.4687500000000000e-01 0.0000000000000000e+00 0
9.3750000000000000e-02 5.4687500000000000e-01 0.0000000000000000e+00 0
1.0937500000000000e-01 5.4687500000000000e-01 0.0000000000000000e+00 0
1.2500000000000000e-01 5.4687500000000000e-01 0.0000000000000000e+00 0
1.4062500000000000e-01 5.4687500000000000e-01 0.0000000000000000e+00 0
1.5625000000000000e-01 5.4687500000000000e-01 0.0000000000000000e+00 0
1.7187500000000000e-01 5.4687500000000000e-01 0.0000000000000000e+00 0
1.8750000000000000e-01 5.4687500000000000e-01 0.0000000000000000e+00 0
2.0312500000000000e-01 5.4687500000000000e-01 0.0000000000000000e+00 0
2.1875000000000000e-01 5.4687500000000000e-01 0.0000000000000000e+00 0
2.3437500000000000e-01 5.4687500000000000e-01 0.0000000000000000e+00 0
2.5000000000000000e-01 5.4687500000000000e-01 0.0000000000000000e+00 0
2.6562500000000000e-01 5.4687500000000000e-01 0.0000000000000000e+00 0
2.8125000000000000e-01 5.4687500000000000e-01 0.0000000000000000e+00 0
2.9687500000000000e-01 5.4687500000000000e-01 0.0000000000000000e+00 0
3.1250000000000000e-01 5.4687500000000000e-01 0.0000000000000000e+00 0
3.2812500000000000e-01 5.4687500000000000e-01 0.0000000000000000e+00 0
3.4375000000000000e-01 5.4687500000000000e-01 0.0000000000000000e+00 0
3.5937500000000000e-01 5.4687500000000000e-01 0.0000000000000000e+00 0
3.7500000000000000e-01 5.4687500000000000e-01 0.0000000000000000e+00 0
3.9062500000000000e-01 5.4687500000000000e-01 0.0000000000000000e+00 0
4.0625000000000000e-01 5.4687500000000000e-01 0.0000000000000000e+00 0
4.2187500000000000e-01 5.4687500000000000e-01 0.0000000000000000e+00 0
4.3750000000000000e-01 5.4687500000000000e-01 0.0000000000000000e+00 0
4.5312500000000000e-01 5.4687500000000000e-01 0.0000000000000000e+00 0
4.6875000000000000e-01 5.4687500000000000e-01 0.0000000000000000e+00 0
4.8437500000000000e-01 5.4687500000000000e-01 0.0000000000000000e+00 0
5.0000000000000000e-01 5.4687500000000000e-01 0.0000000000000000e+00 0
5.1562500000000000e-01 5.4687500000000000e-01 0.0000000000000000e+00 0
5.3125000000000000e-01 5.4687500000000000e-01 0.0000000000000000e+00 0
5.4687500000000000e-01 5.4687500000000000e-01 0.0000000000000000e+00 0
5.6250000000000000e-01 5.4687500000000000e-01 0.0000000000000000e+00 0
5.7812500000000000e-01 5.4687500000000000e-01 0.0000000000000000e+00 0
5.9375000000000000e-01 5.4687500000000000e-01 0.0000000000000000e+00 0
6.0937500000000000e-01 5.4687500000000000e-01 0.0000000000000000e+00 0
6.2500000000000000e-01 5.4687500000000000e-01 0.0000000000000000e+00 0
6.4062500000000000e-01 5.4687500000000000e-01 0.0000000000000000e+00 0
6.5625000000000000e-01 5.4687500000000000e-01 0.0000000000000000e+00 0
6.7187500000000000e-01 5.4687500000000000e-01 0.0000000000000000e+00 0
6.8750000000000000e-01 5.4687500000000000e-01 0.0000000000000000e+00 0
7.0312500000000000e-01 5.4687500000000000e-01 0.0000000000000000e+00 0
7.1875000000000000e-01 5.4687500000000000e-01 0.0000000000000000e+00 0
7.3437500000000000e-01 5.4687500000000000e-01 0.0000000000000000e+00 0
7.5000000000000000e-01 5.4687500000000000e-01 0.0000000000000000e+00 0
7.6562500000000000e-01 5.4687500000000000e-01 0.0000000000000000e+00 0
7.8125000000000000e-01 5.4687500000000000e-01 0.0000000000000000e+00 0
7.9687500000000000e-01 5.4687500000000000e-01 0.0000000000000000e+00 0
8.1250000000000000e-01 5.4687500000000000e-01 0.0000000000000000e+00 0
8.2812500000000000e-01 5.4687500000000000e-01 0.0000000000000000e+00 0
8.4375000000000000e-01 5.4687500000000000e-01 0.0000000000000000e+00 0
8.5937500000000000e-01 5.4687500000000000e-01 0.0000000000000000e+00 0
8.7500000000000000e-01 5.4687500000000000e-01 0.0000000000000000e+00 0
8.9062500000000000e-01 5.4687500000000000e-01 0.0000000000000000e+00 0
9.0625000000000000e-01 5.4687500000000000e-01 0.0000000000000000e+00 0
9.2187500000000000e-01 5.4687500000000000e-01 0.0000000000000000e+00 0
9.3750000000000000e-01 5.4687500000000000e-01 0.0000000000000000e+00 0
9.5312500000000000e-01 5.4687500000000000e-01 0.0000000000000000e+00 0
9.6875000000000000e-01 5.4687500000000000e-01 0.0000000000000000e+00 0
9.8437500000000000e-01 5.4687500000000000e-01 0.0000000000000000e+00 0
1.5625000000000000e-02 5.6250000000000000e-01 0.0000000000000000e+00 0
3.1250000000000000e-02 5.6250000000000000e-01 0.0000000000000000e+00 0
4.6875000000000000e-02 5.6250000000000000e-01 0.0000000000000000e+00 0
6.2500000000000000e-02 5.6250000000000000e-01 0.0000000000000000e+00 0
7.8125000000000000e-02 5.6250000000000000e-01 0.0000000000000000e+00 0
9.3750000000000000e-02 5.6250000000000000e-01 0.0000000000000000e+00 0
1.0937500000000000e-01 5.6250000000000000e-01 0.0000000000000000e+00 0
1.2500000000000000e-01 5.6250000000000000e-01 0.0000000000000000e+00 0
1.4062500000000000e-01 5.6250000000000000e-01 0.0000000000000000e+00 0
1.5625000000000000e-01 5.6250000000000000e-01 0.0000000000000000e+00 0
1.7187500000000000e-01 5.6250000000000000e-01 0.0000000000000000e+00 0
1.8750000000000000e-01 5.6250000000000000e-01 0.0000000000000000e+00 0
2.0312500000000000e-01 5.6250000000000000e-01 0.0000000000000000e+00 0
2.1875000000000000e-01 5.6250000000000000e-01 0.0000000000000000e+00 0
2.3437500000000000e-01 5.6250000000000000e-01 0.0000000000000000e+00 0
2.5000000000000000e-01 5.6250000000000000e-01 0.0000000000000000e+00 0
2.6562500000000000e-01 5.6250000000000000e-01 0.0000000000000000e+00 0
2.8125000000000000e-01 5.6250000000000000e-01 0.0000000000000000e+00 0
2.9687500000000000e-01 5.6250000000000000e-01 0.0000000000000000e+00 0
3.1250000000000000e-01 5.6250000000000000e-01 0.0000000000000000e+00 0
3.2812500000000000e-01 5.6250000000000000e-01 0.0000000000000000e+00 0
3.4375000000000000e-01 5.6250000000000000e-01 0.0000000000000000e+00 0
3.5937500000000000e-01 5.6250000000000000e-01 0.0000000000000000e+00 0
3.7500000000000000e-01 5.6250000000000000e-01 0.0000000000000000e+00 0
3.9062500000000000e-01 5.6250000000000000e-01 0.0000000000000000e+00 0
4.0625000000000000e-01 5.6250000000000000e-01 0.0000000000000000e+00 0
4.2187500000000000e-01 5.6250000000000000e-01 0.0000000000000000e+00 0
4.3750000000000000e-01 5.6250000000000000e-01 0.0000000000000000e+00 0
4.5312500000000000e-01 5.6250000000000000e-01 0.0000000000000000e+00 0
4.6875000000000000e-01 5.6250000000000000e-01 0.0000000000000000e+00 0
4.8437500000000000e-01 5.6250000000000000e-01 0.0000000000000000e+00 0
5.0000000000000000e-01 5.6250000000000000e-01 0.0000000000000000e+00 0
5.1562500000000000e-01 5.6250000000000000e-01 0.0000000000000000e+00 0
5.3125000000000000e-01 5.6250000000000000e-01 0.0000000000000000e+00 0
5.4687500000000000e-01 5.6250000000000000e-01 0.0000000000000000e+00 0
5.6250000000000000e-01 5.6250000000000000e-01 0.0000000000000000e+00 0
5.7812500000000000e-01 5.6250000000000000e-01 0.0000000000000000e+00 0
5.9375000000000000e-01 5.6250000000000000e-01 0.0000000000000000e+00 0
6.0937500000000000e-01 5.6250000000000000e-01 0.0000000000000000e+00 0
6.2500000000000000e-01 5.6250000000000000e-01 0.0000000000000000e+00 0
6.4062500000000000e-01 5.6250000000000000e-01 0.0000000000000000e+00 0
6.5625000000000000e-01 5.6250000000000000e-01 0.0000000000000000e+00 0
6.7187500000000000e-01 5.6250000000000000e-01 0.0000000000000000e+00 0
6.8750000000000000e-01 5.6250000000000000e-01 0.0000000000000000e+00 0
7.0312500000000000e-01 5.6250000000000000e-01 0.0000000000000000e+00 0
7.1875000000000000e-01 5.6250000000000000e-01 0.0000000000000000e+00 0
7.3437500000000000e-01 5.6250000000000000e-01 0.0000000000000000e+00 0
7.5000000000000000e-01 5.6250000000000000e-01 0.0000000000000000e+00 0
7.6562500000000000e-01 5.6250000000000000e-01 0.0000000000000000e+00 0
7.8125000000000000e-01 5.6250000000000000e-01 0.0000000000000000e+00 0
7.9687500000000000e-01 5.6250000000000000e-01 0.0000000000000000e+00 0
8.1250000000000000e-01 5.6250000000000000e-01 0.0000000000000000e+00 0
8.2812500000000000e-01 5.6250000000000000e-01 0.0000000000000000e+00 0
8.4375000000000000e-01 5.6250000000000000e-01 0.0000000000000000e+00 0
8.5937500000000000e-01 5.6250000000000000e-01 0.0000000000000000e+00 0
8.7500000000000000e-01 5.6250000000000000e-01 0.0000000000000000e+00 0
8.9062500000000000e-01 5.6250000000000000e-01 0.0000000000000000e+00 0
9.0625000000000000e-01 5.6250000000000000e-01 0.0000000000000000e+00 0
9.2187500000000000e-01 5.6250000000000000e-01 0.0000000000000000e+00 0
9.3750000000000000e-01 5.6250000000000000e-01 0.0000000000000000e+00 0
9.5312500000000000e-01 5.6250000000000000e-01 0.0000000000000000e+00 0
9.6875000000000000e-01 5.6250000000000000e-01 0.0000000000000000e+00 0
9.8437500000000000e-01 5.6250000000000000e-01 0.0000000000000000e+00 0
1.5625000000000000e-02 5.7812500000000000e-01 0.0000000000000000e+00 0
3.1250000000000000e-02 5.7812500000000000e-01 0.0000000000000000e+00 0
4.6875000000000000e-02 5.7812500000000000e-01 0.0000000000000000e+00 0
6.2500000000000000e-02 5.7812500000000000e-01 0.0000000000000000e+00 0
7.8125000000000000e-02 5.7812500000000000e-01 0.0000000000000000e+00 0
9.3750000000000000e-02 5.7812500000000000e-01 0.0000000000000000e+00 0
1.0937500000000000e-01 5.7812500000000000e-01 0.0000000000000000e+00 0
1.2500000000000000e-01 5.7812500000000000e-01 0.0000000000000000e+00 0
1.4062500000000000e-01 5.7812500000000000e-01 0.0000000000000000e+00 0
1.5625000000000000e-01 5.7812500000000000e-01 0.0000000000000000e+00 0
1.7187500000000000e-01 5.7812500000000000e-01 0.0000000000000000e+00 0
1.8750000000000000e-01 5.7812500000000000e-01 0.0000000000000000e+00 0
2.0312500000000000e-01 5.7812500000000000e-01 0.0000000000000000e+00 0
2.1875000000000000e-01 5.7812500000000000e-01 0.0000000000000000e+00 0
2.3437500000000000e-01 5.7812500000000000e-01 0.0000000000000000e+00 0
2.5000000000000000e-01 5.7812500000000000e-01 0.0000000000000000e+00 0
2.6562500000000000e-01 5.7812500000000000e-01 0.0000000000000000e+00 0
2.8125000000000000e-01 5.7812500000000000e-01 0.0000000000000000e+00 0
2.9687500000000000e-01 5.7812500000000000e-01 0.0000000000000000e+00 0
3.1250000000000000e-01 5.7812500000000000e-01 0.0000000000000000e+00 0
3.2812500000000000e-01 5.7812500000000000e-01 0.0000000000000000e+00 0
3.4375000000000000e-01 5.7812500000000000e-01 0.0000000000000000e+00 0
3.5937500000000000e-01 5.7812500000000000e-01 0.0000000000000000e+00 0
3.7500000000000000e-01 5.7812500000000000e-01 0.0000000000000000e+00 0
3.9062500000000000e-01 5.7812500000000000e-01 0.0000000000000000e+00 0
4.0625000000000000e-01 5.7812500000000000e-01 0.0000000000000000e+00 0
4.2187500000000000e-01 5.7812500000000000e-01 0.0000000000000000e+00 0
4.3750000000000000e-01 5.7812500000000000e-01 0.0000000000000000e+00 0
4.5312500000000000e-01 5.7812500000000000e-01 0.0000000000000000e+00 0
4.6875000000000000e-01 5.7812500000000000e-01 0.0000000000000000e+00 0
4.8437500000000000e-01 5.7812500000000000e-01 0.0000000000000000e+00 0
5.0000000000000000e-01 5.7812500000000000e-01 0.0000000000000000e+00 0
5.1562500000000000e-01 5.7812500000000000e-01 0.0000000000000000e+00 0
5.3125000000000000e-01 5.7812500000000000e-01 0.0000000000000000e+00 0
5.4687500000000000e-01 5.7812500000000000e-01 0.0000000000000000e+00 0
5.6250000000000000e-01 5.7812500000000000e-01 0.0000000000000000e+00 0
5.7812500000000000e-01 5.7812500000000000e-01 0.0000000000000000e+00 0
5.9375000000000000e-01 5.7812500000000000e-01 0.0000000000000000e+00 0
6.0937500000000000e-01 5.7812500000000000e-01 0.0000000000000000e+00 0
6.2500000000000000e-01 5.7812500000000000e-01 0.0000000000000000e+00 0
6.4062500000000000e-01 5.7812500000000000e-01 0.0000000000000000e+00 0
6.5625000000000000e-01 5.7812500000000000e-01 0.0000000000000000e+00 0
6.7187500000000000e-01 5.7812500000000000e-01 0.0000000000000000e+00 0
6.8750000000000000e-01 5.7812500000000000e-01 0.0000000000000000e+00 0
7.0312500000000000e-01 5.7812500000000000e-01 0.0000000000000000e+00 0
7.1875000000000000e-01 5.7812500000000000e-01 0.0000000000000000e+00 0
7.3437500000000000e-01 5.7812500000000000e-01 0.0000000000000000e+00 0
7.5000000000000000e-01 5.7812500000000000e-01 0.0000000000000000e+00 0
7.6562500000000000e-01 5.7812500000000000e-01 0.0000000000000000e+00 0
7.8125000000000000e-01 5.7812500000000000e-01 0.0000000000000000e+00 0
7.9687500000000000e-01 5.7812500000000000e-01 0.0000000000000000e+00 0
8.1250000000000000e-01 5.7812500000000000e-01 0.0000000000000000e+00 0
8.2812500000000000e-01 5.7812500000000000e-01 0.0000000000000000e+00 0
8.4375000000000000e-01 5.7812500000000000e-01 0.0000000000000000e+00 0
8.5937500000000000e-01 5.7812500000000000e-01 0.0000000000000000e+00 0
8.7500000000000000e-01 5.7812500000000000e-01 0.0000000000000000e+00 0
8.9062500000000000e-01 5.7812500000000000e-01 0.0000000000000000e+00 0
9.0625000000000000e-01 5.7812500000000000e-01 0.0000000000000000e+00 0
9.2187500000000000e-01 5.7812500000000000e-01 0.0000000000000000e+00 0
9.3750000000000000e-01 5.7812500000000000e-01 0.0000000000000000e+00 0
9.5312500000000000e-01 5.7812500000000000e-01 0.0000000000000000e+00 0
9.6875000000000000e-01 5.7812500000000000e-01 0.0000000000000000e+00 0
9.8437500000000000e-01 5.7812500000000000e-01 0.0000000000000000e+00 0
1.5625000000000000e-02 5.9375000000000000e-01 0.0000000000000000e+00 0
3.1250000000000000e-02 5.9375000000000000e-01 0.0000000000000000e+00 0
4.6875000000000000e-02 5.9375000000000000e-01 0.0000000000000000e+00 0
6.2500000000000000e-02 5.9375000000000000e-01 0.0000000000000000e+00 0
7.8125000000000000e-02 5.9375000000000000e-01 0.0000000000000000e+00 0
9.3750000000000000e-02 5.9375000000000000e-01 0.0000000000000000e+00 0
1.0937500000000000e-01 5.9375000000000000e-01 0.0000000000000000e+00 0
1.2500000000000000e-01 5.9375000000000000e-01 0.0000000000000000e+00 0
1.4062500000000000e-01 5.9375000000000000e-01 0.0000000000000000e+00 0
1.5625000000000000e-01 5.9375000000000000e-01 0.0000000000000000e+00 0
1.7187500000000000e-01 5.9375000000000000e-01 0.0000000000000000e+00 0
1.8750000000000000e-01 5.9375000000000000e-01 0.0000000000000000e+00 0
2.0312500000000000e-01 5.9375000000000000e-01 0.0000000000000000e+00 0
2.1875000000000000e-01 5.9375000000000000e-01 0.0000000000000000e+00 0
2.3437500000000000e-01 5.9375000000000000e-01 0.0000000000000000e+00 0
2.5000000000000000e-01 5.9375000000000000e-01 0.0000000000000000e+00 0
2.6562500000000000e-01 5.9375000000000000e-01 0.0000000000000000e+00 0
2.8125000000000000e-01 5.9375000000000000e-01 0.0000000000000000e+00 0
2.9687500000000000e-01 5.9375000000000000e-01 0.0000000000000000e+00 0
3.1250000000000000e-01 5.9375000000000000e-01 0.0000000000000000e+00 0
3.2812500000000000e-01 5.9375000000000000e-01 0.0000000000000000e+00 0
3.4375000000000000e-01 5.9375000000000000e-01 0.0000000000000000e+00 0
3.5937500000000000e-01 5.9375000000000000e-01 0.0000000000000000e+00 0
3.7500000000000000e-01 5.9375000000000000e-01 0.0000000000000000e+00 0
3.9062500000000000e-01 5.9375000000000000e-01 0.0000000000000000e+00 0
4.0625000000000000e-01 5.9375000000000000e-01 0.0000000000000000e+00 0
4.2187500000000000e-01 5.9375000000000000e-01 0.0000000000000000e+00 0
4.3750000000000000e-01 5.9375000000000000e-01 0.0000000000000000e+00 0
4.5312500000000000e-01 5.9375000000000000e-01 0.0000000000000000e+00 0
4.6875000000000000e-01 5.9375000000000000e-01 0.0000000000000000e+00 0
4.8437500000000000e-01 5.9375000000000000e-01 0.0000000000000000e+00 0
5.0000000000000000e-01 5.9375000000000000e-01 0.0000000000000000e+00 0
5.1562500000000000e-01 5.9375000000000000e-01 0.0000000000000000e+00 0
5.3125000000000000e-01 5.9375000000000000e-01 0.0000000000000000e+00 0
5.4687500000000000e-01 5.9375000000000000e-01 0.0000000000000000e+00 0
5.6250000000000000e-01 5.9375000000000000e-01 0.0000000000000000e+00 0
5.7812500000000000e-01 5.9375000000000000e-01 0.0000000000000000e+00 0
5.9375000000000000e-01 5.9375000000000000e-01 0.0000000000000000e+00 0
6.0937500000000000e-01 5.9375000000000000e-01 0.0000000000000000e+00 0
6.2500000000000000e-01 5.9375000000000000e-01 0.0000000000000000e+00 0
6.4062500000000000e-01 5.9375000000000000e-01 0.0000000000000000e+00 0
6.5625000000000000e-01 5.9375000000000000e-01 0.0000000000000000e+00 0
6.7187500000000000e-01 5.9375000000000000e-01 0.0000000000000000e+00 0
6.8750000000000000e-01 5.9375000000000000e-01 0.0000000000000000e+00 0
7.0312500000000000e-01 5.9375000000000000e-01 0.0000000000000000e+00 0
7.1875000000000000e-01 5.9375000000000000e-01 0.0000000000000000e+00 0
7.3437500000000000e-01 5.9375000000000000e-01 0.0000000000000000e+00 0
7.5000000000000000e-01 5.9375000000000000e-01 0.0000000000000000e+00 0
7.6562500000000000e-01 5.9375000000000000e-01 0.0000000000000000e+00 0
7.8125000000000000e-01 5.9375000000000000e-01 0.0000000000000000e+00 0
7.9687500000000000e-01 5.9375000000000000e-01 0.0000000000000000e+00 0
8.1250000000000000e-01 5.9375000000000000e-01 0.0000000000000000e+00 0
8.2812500000000000e-01 5.9375000000000000e-01 0.0000000000000000e+00 0
8.4375000000000000e-01 5.9375000000000000e-01 0.0000000000000000e+00 0
8.5937500000000000e-01 5.9375000000000000e-01 0.0000000000000000e+00 0
8.7500000000000000e-01 5.9375000000000000e-01 0.0000000000000000e+00 0
8.9062500000000000e-01 5.9375000000000000e-01 0.0000000000000000e+00 0
9.0625000000000000e-01 5.9375000000000000e-01 0.0000000000000000e+00 0
9.2187500000000000e-01 5.9375000000000000e-01 0.0000000000000000e+00 0
9.3750000000000000e-01 5.9375000000000000e-01 0.0000000000000000e+00 0
9.5312500000000000e-01 5.9375000000000000e-01 0.0000000000000000e+00 0
9.6875000000000000e-01 5.9375000000000000e-01 0.0000000000000000e+00 0
9.8437500000000000e-01 5.9375000000000000e-01 0.0000000000000000e+00 0
1.5625000000000000e-02 6.0937500000000000e-01 0.0000000000000000e+00 0
3.1250000000000000e-02 6.0937500000000000e-01 0.0000000000000000e+00 0
4.6875000000000000e-02 6.0937500000000000e-01 0.0000000000000000e+00 0
6.2500000000000000e-02 6.0937500000000000e-01 0.0000000000000000e+00 0
7.8125000000000000e-02 6.0937500000000000e-01 0.0000000000000000e+00 0
9.3750000000000000e-02 6.0937500000000000e-01 0.0000000000000000e+00 0
1.0937500000000000e-01 6.0937500000000000e-01 0.0000000000000000e+00 0
1.2500000000000000e-01 6.0937500000000000e-01 0.0000000000000000e+00 0
1.4062500000000000e-01 6.0937500000000000e-01 0.0000000000000000e+00 0
1.5625000000000000e-01 6.0937500000000000e-01 0.0000000000000000e+00 0
1.7187500000000000e-01 6.0937500000000000e-01 0.0000000000000000e+00 0
1.8750000000000000e-01 6.0937500000000000e-01 0.0000000000000000e+00 0
2.0312500000000000e-01 6.0937500000000000e-01 0.0000000000000000e+00 0
2.1875000000000000e-01 6.0937500000000000e-01 0.0000000000000000e+00 0
2.3437500000000000e-01 6.0937500000000000e-01 0.0000000000000000e+00 0
2.5000000000000000e-01 6.0937500000000000e-01 0.0000000000000000e+00 0
2.6562500000000000e-01 6.0937500000000000e-01 0.0000000000000000e+00 0
2.8125000000000000e-01 6.0937500000000000e-01 0.0000000000000000e+00 0
2.9687500000000000e-01 6.0937500000000000e-01 0.0000000000000000e+00 0
3.1250000000000000e-01 6.0937500000000000e-01 0.0000000000000000e+00 0
3.2812500000000000e-01 6.0937500000000000e-01 0.0000000000000000e+00 0
3.4375000000000000e-01 6.0937500000000000e-01 0.0000000000000000e+00 0
3.5937500000000000e-01 6.0937500000000000e-01 0.0000000000000000e+00 0
3.7500000000000000e-01 6.0937500000000000e-01 0.0000000000000000e+00 0
3.9062500000000000e-01 6.0937500000000000e-01 0.0000000000000000e+00 0
4.0625000000000000e-01 6.0937500000000000e-01 0.0000000000000000e+00 0
4.2187500000000000e-01 6.0937500000000000e-01 0.0000000000000000e+00 0
4.3750000000000000e-01 6.0937500000000000e-01 0.0000000000000000e+00 0
4.5312500000000000e-01 6.0937500000000000e-01 0.0000000000000000e+00 0
4.6875000000000000e-01 6.0937500000000000e-01 0.0000000000000000e+00 0
4.8437500000000000e-01 6.0937500000000000e-01 0.0000000000000000e+00 0
5.0000000000000000e-01 6.0937500000000000e-01 0.0000000000000000e+00 0
5.1562500000000000e-01 6.0937500000000000e-01 0.0000000000000000e+00 0
5.3125000000000000e-01 6.0937500000000000e-01 0.0000000000000000e+00 0
5.4687500000000000e-01 6.0937500000000000e-01 0.0000000000000000e+00 0
5.6250000000000000e-01 6.0937500000000000e-01 0.0000000000000000e+00 0
5.7812500000000000e-01 6.0937500000000000e-01 0.0000000000000000e+00 0
5.9375000000000000e-01 6.0937500000000000e-01 0.0000000000000000e+00 0
6.0937500000000000e-01 6.0937500000000000e-01 0.0000000000000000e+00 0
6.2500000000000000e-01 6.0937500000000000e-01 0.0000000000000000e+00 0
6.4062500000000000e-01 6.0937500000000000e-01 0.0000000000000000e+00 0
6.5625000000000000e-01 6.0937500000000000e-01 0.0000000000000000e+00 0
6.7187500000000000e-01 6.0937500000000000e-01 0.0000000000000000e+00 0
6.8750000000000000e-01 6.0937500000000000e-01 0.0000000000000000e+00 0
7.0312500000000000e-01 6.0937500000000000e-01 0.0000000000000000e+00 0
7.1875000000000000e-01 6.0937500000000000e-01 0.0000000000000000e+00 0
7.3437500000000000e-01 6.0937500000000000e-01 0.0000000000000000e+00 0
7.5000000000000000e-01 6.0937500000000000e-01 0.0000000000000000e+00 0
7.6562500000000000e-01 6.0937500000000000e-01 0.0000000000000000e+00 0
7.8125000000000000e-01 6.0937500000000000e-01 0.0000000000000000e+00 0
7.9687500000000000e-01 6.0937500000000000e-01 0.0000000000000000e+00 0
8.1250000000000000e-01 6.0937500000000000e-01 0.0000000000000000e+00 0
8.2812500000000000e-01 6.0937500000000000e-01 0.0000000000000000e+00 0
8.4375000000000000e-01 6.0937500000000000e-01 0.0000000000000000e+00 0
8.5937500000000000e-01 6.0937500000000000e-01 0.0000000000000000e+00 0
8.7500000000000000e-01 6.0937500000000000e-01 0.0000000000000000e+00 0
8.9062500000000000e-01 6.0937500000000000e-01 0.0000000000000000e+00 0
9.0625000000000000e-01 6.0937500000000000e-01 0.0000000000000000e+00 0
9.2187500000000000e-01 6.0937500000000000e-01 0.0000000000000000e+00 0
9.3750000000000000e-01 6.0937500000000000e-01 0.0000000000000000e+00 0
9.5312500000000000e-01 6.0937500000000000e-01 0.0000000000000000e+00 0
9.6875000000000000e-01 6.0937500000000000e-01 0.0000000000000000e+00 0
9.8437500000000000e-01 6.0937500000000000e-01 0.0000000000000000e+00 0
1.5625000000000000e-02 6.2500000000000000e-01 0.0000000000000000e+00 0
3.1250000000000000e-02 6.2500000000000000e-01 0.0000000000000000e+00 0
4.6875000000000000e-02 6.2500000000000000e-01 0.0000000000000000e+00 0
6.2500000000000000e-02 6.2500000000000000e-01 0.0000000000000000e+00 0
7.8125000000000000e-02 6.2500000000000000e-01 0.0000000000000000e+00 0
9.3750000000000000e-02 6.2500000000000000e-01 0.0000000000000000e+00 0
1.0937500000000000e-01 6.2500000000000000e-01 0.0000000000000000e+00 0
1.2500000000000000e-01 6.2500000000000000e-01 0.0000000000000000e+00 0
1.4062500000000000e-01 6.2500000000000000e-01 0.0000000000000000e+00 0
1.5625000000000000e-01 6.2500000000000000e-01 0.0000000000000000e+00 0
1.7187500000000000e-01 6.2500000000000000e-01 0.0000000000000000e+00 0
1.8750000000000000e-01 6.2500000000000000e-01 0.0000000000000000e+00 0
2.0312500000000000e-01 6.2500000000000000e-01 0.0000000000000000e+00 0
2.1875000000000000e-01 6.2500000000000000e-01 0.0000000000000000e+00 0
2.3437500000000000e-01 6.2500000000000000e-01 0.0000000000000000e+00 0
2.5000000000000000e-01 6.2500000000000000e-01 0.0000000000000000e+00 0
2.6562500000000000e-01 6.2500000000000000e-01 0.0000000000000000e+00 0
2.8125000000000000e-01 6.2500000000000000e-01 0.0000000000000000e+00 0
2.9687500000000000e-01 6.2500000000000000e-01 0.0000000000000000e+00 0
3.1250000000000000e-01 6.2500000000000000e-01 0.0000000000000000e+00 0
3.2812500000000000e-01 6.2500000000000000e-01 0.0000000000000000e+00 0
3.4375000000000000e-01 6.2500000000000000e-01 0.0000000000000000e+00 0
3.5937500000000000e-01 6.2500000000000000e-01 0.0000000000000000e+00 0
3.7500000000000000e-01 6.2500000000000000e-01 0.0000000000000000e+00 0
3.9062500000000000e-01 6.2500000000000000e-01 0.0000000000000000e+00 0
4.0625000000000000e-01 6.2500000000000000e-01 0.0000000000000000e+00 0
4.2187500000000000e-01 6.2500000000000000e-01 0.0000000000000000e+00 0
4.3750000000000000e-01 6.2500000000000000e-01 0.0000000000000000e+00 0
4.5312500000000000e-01 6.2500000000000000e-01 0.0000000000000000e+00 0
4.6875000000000000e-01 6.2500000000000000e-01 0.0000000000000000e+00 0
4.8437500000000000e-01 6.2500000000000000e-01 0.0000000000000000e+00 0
5.0000000000000000e-01 6.2500000000000000e-01 0.0000000000000000e+00 0
5.1562500000000000e-01 6.2500000000000000e-01 0.0000000000000000e+00 0
5.3125000000000000e-01 6.2500000000000000e-01 0.0000000000000000e+00 0
5.4687500000000000e-01 6.2500000000000000e-01 0.0000000000000000e+00 0
5.6250000000000000e-01 6.2500000000000000e-01 0.0000000000000000e+00 0
5.7812500000000000e-01 6.2500000000000000e-01 0.0000000000000000e+00 0
5.9375000000000000e-01 6.2500000000000000e-01 0.0000000000000000e+00 0
6.0937500000000000e-01 6.2500000000000000e-01 0.0000000000000000e+00 0
6.2500000000000000e-01 6.2500000000000000e-01 0.0000000000000000e+00 0
6.4062500000000000e-01 6.2500000000000000e-01 0.0000000000000000e+00 0
6.5625000000000000e-01 6.2500000000000000e-01 0.0000000000000000e+00 0
6.7187500000000000e-01 6.2500000000000000e-01 0.0000000000000000e+00 0
6.8750000000000000e-01 6.2500000000000000e-01 0.0000000000000000e+00 0
7.0312500000000000e-01 6.2500000000000000e-01 0.0000000000000000e+00 0
7.1875000000000000e-01 6.2500000000000000e-01 0.0000000000000000e+00 0
7.3437500000000000e-01 6.2500000000000000e-01 0.0000000000000000e+00 0
7.5000000000000000e-01 6.2500000000000000e-01 0.0000000000000000e+00 0
7.6562500000000000e-01 6.2500000000000000e-01 0.0000000000000000e+00 0
7.8125000000000000e-01 6.2500000000000000e-01 0.0000000000000000e+00 0
7.9687500000000000e-01 6.2500000000000000e-01 0.0000000000000000e+00 0
8.1250000000000000e-01 6.2500000000000000e-01 0.0000000000000000e+00 0
8.2812500000000000e-01 6.2500000000000000e-01 0.0000000000000000e+00 0
8.4375000000000000e-01 6.2500000000000000e-01 0.0000000000000000e+00 0
8.5937500000000000e-01 6.2500000000000000e-01 0.0000000000000000e+00 0
8.7500000000000000e-01 6.2500000000000000e-01 0.0000000000000000e+00 0
8.9062500000000000e-01 6.2500000000000000e-01 0.0000000000000000e+00 0
9.0625000000000000e-01 6.2500000000000000e-01 0.0000000000000000e+00 0
9.2187500000000000e-01 6.2500000000000000e-01 0.0000000000000000e+00 0
9.3750000000000000e-01 6.2500000000000000e-01 0.0000000000000000e+00 0
9.5312500000000000e-01 6.2500000000000000e-01 0.0000000000000000e+00 0
9.6875000000000000e-01 6.2500000000000000e-01 0.0000000000000000e+00 0
9.8437500000000000e-01 6.2500000000000000e-01 0.0000000000000000e+00 0
1.5625000000000000e-02 6.4062500000000000e-01 0.0000000000000000e+00 0
3.1250000000000000e-02 6.4062500000000000e-01 0.0000000000000000e+00 0
4.6875000000000000e-02 6.4062500000000000e-01 0.0000000000000000e+00 0
6.2500000000000000e-02 6.4062500000000000e-01 0.0000000000000000e+00 0
7.8125000000000000e-02 6.4062500000000000e-01 0.0000000000000000e+00 0
9.3750000000000000e-02 6.4062500000000000e-01 0.0000000000000000e+00 0
1.0937500000000000e-01 6.4062500000000000e-01 0.0000000000000000e+00 0
1.2500000000000000e-01 6.4062500000000000e-01 0.0000000000000000e+00 0
1.4062500000000000e-01 6.4062500000000000e-01 0.0000000000000000e+00 0
1.5625000000000000e-01 6.4062500000000000e-01 0.0000000000000000e+00 0
1.7187500000000000e-01 6.4062500000000000e-01 0.0000000000000000e+00 0
1.8750000000000000e-01 6.4062500000000000e-01 0.0000000000000000e+00 0
2.0312500000000000e-01 6.4062500000000000e-01 0.0000000000000000e+00 0
2.1875000000000000e-01 6.4062500000000000e-01 0.0000000000000000e+00 0
2.3437500000000000e-01 6.4062500000000000e-01 0.0000000000000000e+00 0
2.5000000000000000e-01 6.4062500000000000e-01 0.0000000000000000e+00 0
2.6562500000000000e-01 6.4062500000000000e-01 0.0000000000000000e+00 0
2.8125000000000000e-01 6.4062500000000000e-01 0.0000000000000000e+00 0
2.9687500000000000e-01 6.4062500000000000e-01 0.0000000000000000e+00 0
3.1250000000000000e-01 6.4062500000000000e-01 0.0000000000000000e+00 0
3.2812500000000000e-01 6.4062500000000000e-01 0.0000000000000000e+00 0
3.4375000000000000e-01 6.4062500000000000e-01 0.0000000000000000e+00 0
3.5937500000000000e-01 6.4062500000000000e-01 0.0000000000000000e+00 0
3.7500000000000000e-01 6.4062500000000000e-01 0.0000000000000000e+00 0
3.9062500000000000e-01 6.4062500000000000e-01 0.0000000000000000e+00 0
4.0625000000000000e-01 6.4062500000000000e-01 0.0000000000000000e+00 0
4.2187500000000000e-01 6.4062500000000000e-01 0.0000000000000000e+00 0
4.3750000000000000e-01 6.4062500000000000e-01 0.0000000000000000e+00 0
4.5312500000000000e-01 6.4062500000000000e-01 0.0000000000000000e+00 0
4.6875000000000000e-01 6.4062500000000000e-01 0.0000000000000000e+00 0
4.8437500000000000e-01 6.4062500000000000e-01 0.0000000000000000e+00 0
5.0000000000000000e-01 6.4062500000000000e-01 0.0000000000000000e+00 0
5.1562500000000000e-01 6.4062500000000000e-01 0.0000000000000000e+00 0
5.3125000000000000e-01 6.4062500000000000e-01 0.0000000000000000e+00 0
5.4687500000000000e-01 6.4062500000000000e-01 0.0000000000000000e+00 0
5.6250000000000000e-01 6.4062500000000000e-01 0.0000000000000000e+00 0
5.7812500000000000e-01 6.4062500000000000e-01 0.0000000000000000e+00 0
5.9375000000000000e-01 6.4062500000000000e-01 0.0000000000000000e+00 0
6.0937500000000000e-01 6.4062500000000000e-01 0.0000000000000000e+00 0
6.2500000000000000e-01 6.4062500000000000e-01 0.0000000000000000e+00 0
6.4062500000000000e-01 6.4062500000000000e-01 0.0000000000000000e+00 0
6.5625000000000000e-01 6.4062500000000000e-01 0.0000000000000000e+00 0
6.7187500000000000e-01 6.4062500000000000e-01 0.0000000000000000e+00 0
6.8750000000000000e-01 6.4062500000000000e-01 0.0000000000000000e+00 0
7.0312500000000000e-01 6.4062500000000000e-01 0.0000000000000000e+00 0
7.1875000000000000e-01 6.4062500000000000e-01 0.0000000000000000e+00 0
7.3437500000000000e-01 6.4062500000000000e-01 0.0000000000000000e+00 0
7.5000000000000000e-01 6.4062500000000000e-01 0.0000000000000000e+00 0
7.6562500000000000e-01 6.4062500000000000e-01 0.0000000000000000e+00 0
7.8125000000000000e-01 6.4062500000000000e-01 0.0000000000000000e+00 0
7.9687500000000000e-01 6.4062500000000000e-01 0.0000000000000000e+00 0
8.1250000000000000e-01 6.4062500000000000e-01 0.0000000000000000e+00 0
8.2812500000000000e-01 6.4062500000000000e-01 0.0000000000000000e+00 0
8.4375000000000000e-01 6.4062500000000000e-01 0.0000000000000000e+00 0
8.5937500000000000e-01 6.4062500000000000e-01 0.0000000000000000e+00 0
8.7500000000000000e-01 6.4062500000000000e-01 0.0000000000000000e+00 0
8.9062500000000000e-01 6.4062500000000000e-01 0.0000000000000000e+00 0
9.0625000000000000e-01 6.4062500000000000e-01 0.0000000000000000e+00 0
9.2187500000000000e-01 6.4062500000000000e-01 0.0000000000000000e+00 0
9.3750000000000000e-01 6.4062500000000000e-01 0.0000000000000000e+00 0
9.5312500000000000e-01 6.4062500000000000e-01 0.0000000000000000e+00 0
9.6875000000000000e-01 6.4062500000000000e-01 0.0000000000000000e+00 0
9.8437500000000000e-01 6.4062500000000000e-01 0.0000000000000000e+00 0
1.5625000000000000e-02 6.5625000000000000e-01 0.0000000000000000e+00 0
3.1250000000000000e-02 6.5625000000000000e-01 0.0000000000000000e+00 0
4.6875000000000000e-02 6.5625000000000000e-01 0.0000000000000000e+00 0
6.2500000000000000e-02 6.5625000000000000e-01 0.0000000000000000e+00 0
7.8125000000000000e-02 6.5625000000000000e-01 0.0000000000000000e+00 0
9.3750000000000000e-02 6.5625000000000000e-01 0.0000000000000000e+00 0
1.0937500000000000e-01 6.5625000000000000e-01 0.0000000000000000e+00 0
1.2500000000000000e-01 6.5625000000000000e-01 0.0000000000000000e+00 0
1.4062500000000000e-01 6.5625000000000000e-01 0.0000000000000000e+00 0
1.5625000000000000e-01 6.5625000000000000e-01 0.0000000000000000e+00 0
1.7187500000000000e-01 6.5625000000000000e-01 0.0000000000000000e+00 0
1.8750000000000000e-01 6.5625000000000000e-01 0.0000000000000000e+00 0
2.0312500000000000e-01 6.5625000000000000e-01 0.0000000000000000e+00 0
2.1875000000000000e-01 6.5625000000000000e-01 0.0000000000000000e+00 0
2.3437500000000000e-01 6.5625000000000000e-01 0.0000000000000000e+00 0
2.5000000000000000e-01 6.5625000000000000e-01 0.0000000000000000e+00 0
2.6562500000000000e-01 6.5625000000000000e-01 0.0000000000000000e+00 0
2.8125000000000000e-01 6.5625000000000000e-01 0.0000000000000000e+00 0
2.9687500000000000e-01 6.5625000000000000e-01 0.0000000000000000e+00 0
3.1250000000000000e-01 6.5625000000000000e-01 0.0000000000000000e+00 0
3.2812500000000000e-01 6.5625000000000000e-01 0.0000000000000000e+00 0
3.4375000000000000e-01 6.5625000000000000e-01 0.0000000000000000e+00 0
3.5937500000000000e-01 6.5625000000000000e-01 0.0000000000000000e+00 0
3.7500000000000000e-01 6.5625000000000000e-01 0.0000000000000000e+00 0
3.9062500000000000e-01 6.5625000000000000e-01 0.0000000000000000e+00 0
4.0625000000000000e-01 6.5625000000000000e-01 0.0000000000000000e+00 0
4.2187500000000000e-01 6.5625000000000000e-01 0.0000000000000000e+00 0
4.3750000000000000e-01 6.5625000000000000e-01 0.0000000000000000e+00 0
4.5312500000000000e-01 6.5625000000000000e-01 0.0000000000000000e+00 0
4.6875000000000000e-01 6.5625000000000000e-01 0.0000000000000000e+00 0
4.8437500000000000e-01 6.5625000000000000e-01 0.0000000000000000e+00 0
5.0000000000000000e-01 6.5625000000000000e-01 0.0000000000000000e+00 0
5.1562500000000000e-01 6.5625000000000000e-01 0.0000000000000000e+00 0
5.3125000000000000e-01 6.5625000000000000e-01 0.0000000000000000e+00 0
5.4687500000000000e-01 6.5625000000000000e-01 0.0000000000000000e+00 0
5.6250000000000000e-01 6.5625000000000000e-01 0.0000000000000000e+00 0
5.7812500000000000e-01 6.5625000000000000e-01 0.0000000000000000e+00 0
5.9375000000000000e-01 6.5625000000000000e-01 0.0000000000000000e+00 0
6.0937500000000000e-01 6.5625000000000000e-01 0.0000000000000000e+00 0
6.2500000000000000e-01 6.5625000000000000e-01 0.0000000000000000e+00 0
6.4062500000000000e-01 6.5625000000000000e-01 0.0000000000000000e+00 0
6.5625000000000000e-01 6.5625000000000000e-01 0.0000000000000000e+00 0
6.7187500000000000e-01 6.5625000000000000e-01 0.0000000000000000e+00 0
6.8750000000000000e-01 6.5625000000000000e-01 0.0000000000000000e+00 0
7.0312500000000000e-01 6.5625000000000000e-01 0.0000000000000000e+00 0
7.1875000000000000e-01 6.5625000000000000e-01 0.0000000000000000e+00 0
7.3437500000000000e-01 6.5625000000000000e-01 0.0000000000000000e+00 0
7.5000000000000000e-01 6.5625000000000000e-01 0.0000000000000000e+00 0
7.6562500000000000e-01 6.5625000000000000e-01 0.0000000000000000e+00 0
7.8125000000000000e-01 6.5625000000000000e-01 0.0000000000000000e+00 0
7.9687500000000000e-01 6.5625000000000000e-01 0.0000000000000000e+00 0
8.1250000000000000e-01 6.5625000000000000e-01 0.0000000000000000e+00 0
8.2812500000000000e-01 6.5625000000000000e-01 0.0000000000000000e+00 0
8.4375000000000000e-01 6.5625000000000000e-01 0.0000000000000000e+00 0
8.5937500000000000e-01 6.5625000000000000e-01 0.0000000000000000e+00 0
8.7500000000000000e-01 6.5625000000000000e-01 0.0000000000000000e+00 0
8.9062500000000000e-01 6.5625000000000000e-01 0.0000000000000000e+00 0
9.0625000000000000e-01 6.5625000000000000e-01 0.0000000000000000e+00 0
9.2187500000000000e-01 6.5625000000000000e-01 0.0000000000000000e+00 0
9.3750000000000000e-01 6.5625000000000000e-01 0.0000000000000000e+00 0
9.5312500000000000e-01 6.5625000000000000e-01 0.0000000000000000e+00 0
9.6875000000000000e-01 6.5625000000000000e-01 0.0000000000000000e+00 0
9.8437500000000000e-01 6.5625000000000000e-01 0.0000000000000000e+00 0
1.5625000000000000e-02 6.7187500000000000e-01 0.0000000000000000e+00 0
3.1250000000000000e-02 6.7187500000000000e-01 0.0000000000000000e+00 0
4.6875000000000000e-02 6.7187500000000000e-01 0.0000000000000000e+00 0
6.2500000000000000e-02 6.7187500000000000e-01 0.0000000000000000e+00 0
7.8125000000000000e-02 6.7187500000000000e-01 0.0000000000000000e+00 0
9.3750000000000000e-02 6.7187500000000000e-01 0.0000000000000000e+00 0
1.0937500000000000e-01 6.7187500000000000e-01 0.0000000000000000e+00 0
1.2500000000000000e-01 6.7187500000000000e-01 0.0000000000000000e+00 0
1.4062500000000000e-01 6.7187500000000000e-01 0.0000000000000000e+00 0
1.5625000000000000e-01 6.7187500000000000e-01 0.0000000000000000e+00 0
1.7187500000000000e-01 6.7187500000000000e-01 0.0000000000000000e+00 0
1.8750000000000000e-01 6.7187500000000000e-01 0.0000000000000000e+00 0
2.0312500000000000e-01 6.7187500000000000e-01 0.0000000000000000e+00 0
2.1875000000000000e-01 6.7187500000000000e-01 0.0000000000000000e+00 0
2.3437500000000000e-01 6.7187500000000000e-01 0.0000000000000000e+00 0
2.5000000000000000e-01 6.7187500000000000e-01 0.0000000000000000e+00 0
2.6562500000000000e-01 6.7187500000000000e-01 0.0000000000000000e+00 0
2.8125000000000000e-01 6.7187500000000000e-01 0.0000000000000000e+00 0
2.9687500000000000e-01 6.7187500000000000e-01 0.0000000000000000e+00 0
3.1250000000000000e-01 6.7187500000000000e-01 0.0000000000000000e+00 0
3.2812500000000000e-01 6.7187500000000000e-01 0.0000000000000000e+00 0
3.4375000000000000e-01 6.7187500000000000e-01 0.0000000000000000e+00 0
3.5937500000000000e-01 6.7187500000000000e-01 0.0000000000000000e+00 0
3.7500000000000000e-01 6.7187500000000000e-01 0.0000000000000000e+00 0
3.9062500000000000e-01 6.7187500000000000e-01 0.0000000000000000e+00 0
4.0625000000000000e-01 6.7187500000000000e-01 0.0000000000000000e+00 0
4.2187500000000000e-01 6.7187500000000000e-01 0.0000000000000000e+00 0
4.3750000000000000e-01 6.7187500000000000e-01 0.0000000000000000e+00 0
4.5312500000000000e-01 6.7187500000000000e-01 0.0000000000000000e+00 0
4.6875000000000000e-01 6.7187500000000000e-01 0.0000000000000000e+00 0
4.8437500000000000e-01 6.7187500000000000e-01 0.0000000000000000e+00 0
5.0000000000000000e-01 6.7187500000000000e-01 0.0000000000000000e+00 0
5.1562500000000000e-01 6.7187500000000000e-01 0.0000000000000000e+00 0
5.3125000000000000e-01 6.7187500000000000e-01 0.0000000000000000e+00 0
5.4687500000000000e-01 6.7187500000000000e-01 0.0000000000000000e+00 0
5.6250000000000000e-01 6.7187500000000000e-01 0.0000000000000000e+00 0
5.7812500000000000e-01 6.7187500000000000e-01 0.0000000000000000e+00 0
5.9375000000000000e-01 6.7187500000000000e-01 0.0000000000000000e+00 0
6.0937500000000000e-01 6.7187500000000000e-01 0.0000000000000000e+00 0
6.2500000000000000e-01 6.7187500000000000e-01 0.0000000000000000e+00 0
6.4062500000000000e-01 6.7187500000000000e-01 0.0000000000000000e+00 0
6.5625000000000000e-01 6.7187500000000000e-01 0.0000000000000000e+00 0
6.7187500000000000e-01 6.7187500000000000e-01 0.0000000000000000e+00 0
6.8750000000000000e-01 6.7187500000000000e-01 0.0000000000000000e+00 0
7.0312500000000000e-01 6.7187500000000000e-01 0.0000000000000000e+00 0
7.1875000000000000e-01 6.7187500000000000e-01 0.0000000000000000e+00 0
7.3437500000000000e-01 6.7187500000000000e-01 0.0000000000000000e+00 0
7.5000000000000000e-01 6.7187500000000000e-01 0.0000000000000000e+00 0
7.6562500000000000e-01 6.7187500000000000e-01 0.0000000000000000e+00 0
7.8125000000000000e-01 6.7187500000000000e-01 0.0000000000000000e+00 0
7.9687500000000000e-01 6.7187500000000000e-01 0.0000000000000000e+00 0
8.1250000000000000e-01 6.7187500000000000e-01 0.0000000000000000e+00 0
8.2812500000000000e-01 6.7187500000000000e-01 0.0000000000000000e+00 0
8.4375000000000000e-01 6.7187500000000000e-01 0.0000000000000000e+00 0
8.5937500000000000e-01 6.7187500000000000e-01 0.0000000000000000e+00 0
8.7500000000000000e-01 6.7187500000000000e-01 0.0000000000000000e+00 0
8.9062500000000000e-01 6.7187500000000000e-01 0.0000000000000000e+00 0
9.0625000000000000e-01 6.7187500000000000e-01 0.0000000000000000e+00 0
9.2187500000000000e-01 6.7187500000000000e-01 0.0000000000000000e+00 0
9.3750000000000000e-01 6.7187500000000000e-01 0.0000000000000000e+00 0
9.5312500000000000e-01 6.7187500000000000e-01 0.0000000000000000e+00 0
9.6875000000000000e-01 6.7187500000000000e-01 0.0000000000000000e+00 0
9.8437500000000000e-01 6.7187500000000000e-01 0.0000000000000000e+00 0
1.5625000000000000e-02 6.8750000000000000e-01 0.0000000000000000e+00 0
3.1250000000000000e-02 6.8750000000000000e-01 0.0000000000000000e+00 0
4.6875000000000000e-02 6.8750000000000000e-01 0.0000000000000000e+00 0
6.2500000000000000e-02 6.8750000000000000e-01 0.0000000000000000e+00 0
7.8125000000000000e-02 6.8750000000000000e-01 0.0000000000000000e+00 0
9.3750000000000000e-02 6.8750000000000000e-01 0.0000000000000000e+00 0
1.0937500000000000e-01 6.8750000000000000e-01 0.0000000000000000e+00 0
1.2500000000000000e-01 6.8750000000000000e-01 0.0000000000000000e+00 0
1.4062500000000000e-01 6.8750000000000000e-01 0.0000000000000000e+00 0
1.5625000000000000e-01 6.8750000000000000e-01 0.0000000000000000e+00 0
1.7187500000000000e-01 6.8750000000000000e-01 0.0000000000000000e+00 0
1.8750000000000000e-01 6.8750000000000000e-01 0.0000000000000000e+00 0
2.0312500000000000e-01 6.8750000000000000e-01 0.0000000000000000e+00 0
2.1875000000000000e-01 6.8750000000000000e-01 0.0000000000000000e+00 0
2.3437500000000000e-01 6.8750000000000000e-01 0.0000000000000000e+00 0
2.5000000000000000e-01 6.8750000000000000e-01 0.0000000000000000e+00 0
2.6562500000000000e-01 6.8750000000000000e-01 0.0000000000000000e+00 0
2.8125000000000000e-01 6.8750000000000000e-01 0.0000000000000000e+00 0
2.9687500000000000e-01 6.8750000000000000e-01 0.0000000000000000e+00 0
3.1250000000000000e-01 6.8750000000000000e-01 0.0000000000000000e+00 0
3.2812500000000000e-01 6.8750000000000000e-01 0.0000000000000000e+00 0
3.4375000000000000e-01 6.8750000000000000e-01 0.0000000000000000e+00 0
3.5937500000000000e-01 6.8750000000000000e-01 0.0000000000000000e+00 0
3.7500000000000000e-01 6.8750000000000000e-01 0.0000000000000000e+00 0
3.9062500000000000e-01 6.8750000000000000e-01 0.0000000000000000e+00 0
4.0625000000000000e-01 6.8750000000000000e-01 0.0000000000000000e+00 0
4.2187500000000000e-01 6.8750000000000000e-01 0.0000000000000000e+00 0
4.3750000000000000e-01 6.8750000000000000e-01 0.0000000000000000e+00 0
4.5312500000000000e-01 6.8750000000000000e-01 0.0000000000000000e+00 0
4.6875000000000000e-01 6.8750000000000000e-01 0.0000000000000000e+00 0
4.8437500000000000e-01 6.8750000000000000e-01 0.0000000000000000e+00 0
5.0000000000000000e-01 6.8750000000000000e-01 0.0000000000000000e+00 0
5.1562500000000000e-01 6.8750000000000000e-01 0.0000000000000000e+00 0
5.3125000000000000e-01 6.8750000000000000e-01 0.0000000000000000e+00 0
5.4687500000000000e-01 6.8750000000000000e-01 0.0000000000000000e+00 0
5.6250000000000000e-01 6.8750000000000000e-01 0.0000000000000000e+00 0
5.7812500000000000e-01 6.8750000000000000e-01 0.0000000000000000e+00 0
5.9375000000000000e-01 6.8750000000000000e-01 0.0000000000000000e+00 0
6.0937500000000000e-01 6.8750000000000000e-01 0.0000000000000000e+00 0
6.2500000000000000e-01 6.8750000000000000e-01 0.0000000000000000e+00 0
6.4062500000000000e-01 6.8750000000000000e-01 0.0000000000000000e+00 0
6.5625000000000000e-01 6.8750000000000000e-01 0.0000000000000000e+00 0
6.7187500000000000e-01 6.8750000000000000e-01 0.0000000000000000e+00 0
6.8750000000000000e-01 6.8750000000000000e-01 0.0000000000000000e+00 0
7.0312500000000000e-01 6.8750000000000000e-01 0.0000000000000000e+00 0
7.1875000000000000e-01 6.8750000000000000e-01 0.0000000000000000e+00 0
7.3437500000000000e-01 6.8750000000000000e-01 0.0000000000000000e+00 0
7.5000000000000000e-01 6.8750000000000000e-01 0.0000000000000000e+00 0
7.6562500000000000e-01 6.8750000000000000e-01 0.0000000000000000e+00 0
7.8125000000000000e-01 6.8750000000000000e-01 0.0000000000000000e+00 0
7.9687500000000000e-01 6.8750000000000000e-01 0.0000000000000000e+00 0
8.1250000000000000e-01 6.8750000000000000e-01 0.0000000000000000e+00 0
8.2812500000000000e-01 6.8750000000000000e-01 0.0000000000000000e+00 0
8.4375000000000000e-01 6.8750000000000000e-01 0.0000000000000000e+00 0
8.5937500000000000e-01 6.8750000000000000e-01 0.0000000000000000e+00 0
8.7500000000000000e-01 6.8750000000000000e-01 0.0000000000000000e+00 0
8.9062500000000000e-01 6.8750000000000000e-01 0.0000000000000000e+00 0
9.0625000000000000e-01 6.8750000000000000e-01 0.0000000000000000e+00 0
9.2187500000000000e-01 6.8750000000000000e-01 0.0000000000000000e+00 0
9.3750000000000000e-01 6.8750000000000000e-01 0.0000000000000000e+00 0
9.5312500000000000e-01 6.8750000000000000e-01 0.0000000000000000e+00 0
9.6875000000000000e-01 6.8750000000000000e-01 0.0000000000000000e+00 0
9.8437500000000000e-01 6.8750000000000000e-01 0.0000000000000000e+00 0
1.5625000000000000e-02 7.0312500000000000e-01 0.0000000000000000e+00 0
3.1250000000000000e-02 7.0312500000000000e-01 0.0000000000000000e+00 0
4.6875000000000000e-02 7.0312500000000000e-01 0.0000000000000000e+00 0
6.2500000000000000e-02 7.0312500000000000e-01 0.0000000000000000e+00 0
7.8125000000000000e-02 7.0312500000000000e-01 0.0000000000000000e+00 0
9.3750000000000000e-02 7.0312500000000000e-01 0.0000000000000000e+00 0
1.0937500000000000e-01 7.0312500000000000e-01 0.0000000000000000e+00 0
1.2500000000000000e-01 7.0312500000000000e-01 0.0000000000000000e+00 0
1.4062500000000000e-01 7.0312500000000000e-01 0.0000000000000000e+00 0
1.5625000000000000e-01 7.0312500000000000e-01 0.0000000000000000e+00 0
1.7187500000000000e-01 7.0312500000000000e-01 0.0000000000000000e+00 0
1.8750000000000000e-01 7.0312500000000000e-01 0.0000000000000000e+00 0
2.0312500000000000e-01 7.0312500000000000e-01 0.0000000000000000e+00 0
2.1875000000000000e-01 7.0312500000000000e-01 0.0000000000000000e+00 0
2.3437500000000000e-01 7.0312500000000000e-01 0.0000000000000000e+00 0
2.5000000000000000e-01 7.0312500000000000e-01 0.0000000000000000e+00 0
2.6562500000000000e-01 7.0312500000000000e-01 0.0000000000000000e+00 0
2.8125000000000000e-01 7.0312500000000000e-01 0.0000000000000000e+00 0
2.9687500000000000e-01 7.0312500000000000e-01 0.0000000000000000e+00 0
3.1250000000000000e-01 7.0312500000000000e-01 0.0000000000000000e+00 0
3.2812500000000000e-01 7.0312500000000000e-01 0.0000000000000000e+00 0
3.4375000000000000e-01 7.0312500000000000e-01 0.0000000000000000e+00 0
3.5937500000000000e-01 7.0312500000000000e-01 0.0000000000000000e+00 0
3.7500000000000000e-01 7.0312500000000000e-01 0.0000000000000000e+00 0
3.9062500000000000e-01 7.0312500000000000e-01 0.0000000000000000e+00 0
4.0625000000000000e-01 7.0312500000000000e-01 0.0000000000000000e+00 0
4.2187500000000000e-01 7.0312500000000000e-01 0.0000000000000000e+00 0
4.3750000000000000e-01 7.0312500000000000e-01 0.0000000000000000e+00 0
4.5312500000000000e-01 7.0312500000000000e-01 0.0000000000000000e+00 0
4.6875000000000000e-01 7.0312500000000000e-01 0.0000000000000000e+00 0
4.8437500000000000e-01 7.0312500000000000e-01 0.0000000000000000e+00 0
5.0000000000000000e-01 7.0312500000000000e-01 0.0000000000000000e+00 0
5.1562500000000000e-01 7.0312500000000000e-01 0.0000000000000000e+00 0
5.3125000000000000e-01 7.0312500000000000e-01 0.0000000000000000e+00 0
5.4687500000000000e-01 7.0312500000000000e-01 0.0000000000000000e+00 0
5.6250000000000000e-01 7.0312500000000000e-01 0.0000000000000000e+00 0
5.7812500000000000e-01 7.0312500000000000e-01 0.0000000000000000e+00 0
5.9375000000000000e-01 7.0312500000000000e-01 0.0000000000000000e+00 0
6.0937500000000000e-01 7.0312500000000000e-01 0.0000000000000000e+00 0
6.2500000000000000e-01 7.0312500000000000e-01 0.0000000000000000e+00 0
6.4062500000000000e-01 7.0312500000000000e-01 0.0000000000000000e+00 0
6.5625000000000000e-01 7.0312500000000000e-01 0.0000000000000000e+00 0
6.7187500000000000e-01 7.0312500000000000e-01 0.0000000000000000e+00 0
6.8750000000000000e-01 7.0312500000000000e-01 0.0000000000000000e+00 0
7.0312500000000000e-01 7.0312500000000000e-01 0.0000000000000000e+00 0
7.1875000000000000e-01 7.0312500000000000e-01 0.0000000000000000e+00 0
7.3437500000000000e-01 7.0312500000000000e-01 0.0000000000000000e+00 0
7.5000000000000000e-01 7.0312500000000000e-01 0.0000000000000000e+00 0
7.6562500000000000e-01 7.0312500000000000e-01 0.0000000000000000e+00 0
7.8125000000000000e-01 7.0312500000000000e-01 0.0000000000000000e+00 0
7.9687500000000000e-01 7.0312500000000000e-01 0.0000000000000000e+00 0
8.1250000000000000e-01 7.0312500000000000e-01 0.0000000000000000e+00 0
8.2812500000000000e-01 7.0312500000000000e-01 0.0000000000000000e+00 0
8.4375000000000000e-01 7.0312500000000000e-01 0.0000000000000000e+00 0
8.5937500000000000e-01 7.0312500000000000e-01 0.0000000000000000e+00 0
8.7500000000000000e-01 7.0312500000000000e-01 0.0000000000000000e+00 0
8.9062500000000000e-01 7.0312500000000000e-01 0.0000000000000000e+00 0
9.0625000000000000e-01 7.0312500000000000e-01 0.0000000000000000e+00 0
9.2187500000000000e-01 7.0312500000000000e-01 0.0000000000000000e+00 0
9.3750000000000000e-01 7.0312500000000000e-01 0.0000000000000000e+00 0
9.5312500000000000e-01 7.0312500000000000e-01 0.0000000000000000e+00 0
9.6875000000000000e-01 7.0312500000000000e-01 0.0000000000000000e+00 0
9.8437500000000000e-01 7.0312500000000000e-01 0.0000000000000000e+00 0
1.5625000000000000e-02 7.1875000000000000e-01 0.0000000000000000e+00 0
3.1250000000000000e-02 7.1875000000000000e-01 0.0000000000000000e+00 0
4.6875000000000000e-02 7.1875000000000000e-01 0.0000000000000000e+00 0
6.2500000000000000e-02 7.1875000000000000e-01 0.0000000000000000e+00 0
7.8125000000000000e-02 7.1875000000000000e-01 0.0000000000000000e+00 0
9.3750000000000000e-02 7.1875000000000000e-01 0.0000000000000000e+00 0
1.0937500000000000e-01 7.1875000000000000e-01 0.0000000000000000e+00 0
1.2500000000000000e-01 7.1875000000000000e-01 0.0000000000000000e+00 0
1.4062500000000000e-01 7.1875000000000000e-01 0.0000000000000000e+00 0
1.5625000000000000e-01 7.1875000000000000e-01 0.0000000000000000e+00 0
1.7187500000000000e-01 7.1875000000000000e-01 0.0000000000000000e+00 0
1.8750000000000000e-01 7.1875000000000000e-01 0.0000000000000000e+00 0
2.0312500000000000e-01 7.1875000000000000e-01 0.0000000000000000e+00 0
2.1875000000000000e-01 7.1875000000000000e-01 0.0000000000000000e+00 0
2.3437500000000000e-01 7.1875000000000000e-01 0.0000000000000000e+00 0
2.5000000000000000e-01 7.1875000000000000e-01 0.0000000000000000e+00 0
2.6562500000000000e-01 7.1875000000000000e-01 0.0000000000000000e+00 0
2.8125000000000000e-01 7.1875000000000000e-01 0.0000000000000000e+00 0
2.9687500000000000e-01 7.1875000000000000e-01 0.0000000000000000e+00 0
3.1250000000000000e-01 7.1875000000000000e-01 0.0000000000000000e+00 0
3.2812500000000000e-01 7.1875000000000000e-01 0.0000000000000000e+00 0
3.4375000000000000e-01 7.1875000000000000e-01 0.0000000000000000e+00 0
3.5937500000000000e-01 7.1875000000000000e-01 0.0000000000000000e+00 0
3.7500000000000000e-01 7.1875000000000000e-01 0.0000000000000000e+00 0
3.9062500000000000e-01 7.1875000000000000e-01 0.0000000000000000e+00 0
4.0625000000000000e-01 7.1875000000000000e-01 0.0000000000000000e+00 0
4.2187500000000000e-01 7.1875000000000000e-01 0.0000000000000000e+00 0
4.3750000000000000e-01 7.1875000000000000e-01 0.0000000000000000e+00 0
4.5312500000000000e-01 7.1875000000000000e-01 0.0000000000000000e+00 0
4.6875000000000000e-01 7.1875000000000000e-01 0.0000000000000000e+00 0
4.8437500000000000e-01 7.1875000000000000e-01 0.0000000000000000e+00 0
5.0000000000000000e-01 7.1875000000000000e-01 0.0000000000000000e+00 0
5.1562500000000000e-01 7.1875000000000000e-01 0.0000000000000000e+00 0
5.3125000000000000e-01 7.1875000000000000e-01 0.0000000000000000e+00 0
5.4687500000000000e-01 7.1875000000000000e-01 0.0000000000000000e+00 0
5.6250000000000000e-01 7.1875000000000000e-01 0.0000000000000000e+00 0
5.7812500000000000e-01 7.1875000000000000e-01 0.0000000000000000e+00 0
5.9375000000000000e-01 7.1875000000000000e-01 0.0000000000000000e+00 0
6.0937500000000000e-01 7.1875000000000000e-01 0.0000000000000000e+00 0
6.2500000000000000e-01 7.1875000000000000e-01 0.0000000000000000e+00 0
6.4062500000000000e-01 7.1875000000000000e-01 0.0000000000000000e+00 0
6.5625000000000000e-01 7.1875000000000000e-01 0.0000000000000000e+00 0
6.7187500000000000e-01 7.1875000000000000e-01 0.0000000000000000e+00 0
6.8750000000000000e-01 7.1875000000000000e-01 0.0000000000000000e+00 0
7.0312500000000000e-01 7.1875000000000000e-01 0.0000000000000000e+00 0
7.1875000000000000e-01 7.1875000000000000e-01 0.0000000000000000e+00 0
7.3437500000000000e-01 7.1875000000000000e-01 0.0000000000000000e+00 0
7.5000000000000000e-01 7.1875000000000000e-01 0.0000000000000000e+00 0
7.6562500000000000e-01 7.1875000000000000e-01 0.0000000000000000e+00 0
7.8125000000000000e-01 7.1875000000000000e-01 0.0000000000000000e+00 0
7.9687500000000000e-01 7.1875000000000000e-01 0.0000000000000000e+00 0
8.1250000000000000e-01 7.1875000000000000e-01 0.0000000000000000e+00 0
8.2812500000000000e-01 7.1875000000000000e-01 0.0000000000000000e+00 0
8.4375000000000000e-01 7.1875000000000000e-01 0.0000000000000000e+00 0
8.5937500000000000e-01 7.1875000000000000e-01 0.0000000000000000e+00 0
8.7500000000000000e-01 7.1875000000000000e-01 0.0000000000000000e+00 0
8.9062500000000000e-01 7.1875000000000000e-01 0.0000000000000000e+00 0
9.0625000000000000e-01 7.1875000000000000e-01 0.0000000000000000e+00 0
9.2187500000000000e-01 7.1875000000000000e-01 0.0000000000000000e+00 0
9.3750000000000000e-01 7.1875000000000000e-01 0.0000000000000000e+00 0
9.5312500000000000e-01 7.1875000000000000e-01 0.0000000000000000e+00 0
9.6875000000000000e-01 7.1875000000000000e-01 0.0000000000000000e+00 0
9.8437500000000000e-01 7.1875000000000000e-01 0.0000000000000000e+00 0
1.5625000000000000e-02 7.3437500000000000e-01 0.0000000000000000e+00 0
3.1250000000000000e-02 7.3437500000000000e-01 0.0000000000000000e+00 0
4.6875000000000000e-02 7.3437500000000000e-01 0.0000000000000000e+00 0
6.2500000000000000e-02 7.3437500000000000e-01 0.0000000000000000e+00 0
7.8125000000000000e-02 7.3437500000000000e-01 0.0000000000000000e+00 0
9.3750000000000000e-02 7.3437500000000000e-01 0.0000000000000000e+00 0
1.0937500000000000e-01 7.3437500000000000e-01 0.0000000000000000e+00 0
1.2500000000000000e-01 7.3437500000000000e-01 0.0000000000000000e+00 0
1.4062500000000000e-01 7.3437500000000000e-01 0.0000000000000000e+00 0
1.5625000000000000e-01 7.3437500000000000e-01 0.0000000000000000e+00 0
1.7187500000000000e-01 7.3437500000000000e-01 0.0000000000000000e+00 0
1.8750000000000000e-01 7.3437500000000000e-01 0.0000000000000000e+00 0
2.0312500000000000e-01 7.3437500000000000e-01 0.0000000000000000e+00 0
2.1875000000000000e-01 7.3437500000000000e-01 0.0000000000000000e+00 0
2.3437500000000000e-01 7.3437500000000000e-01 0.0000000000000000e+00 0
2.5000000000000000e-01 7.3437500000000000e-01 0.0000000000000000e+00 0
2.6562500000000000e-01 7.3437500000000000e-01 0.0000000000000000e+00 0
2.8125000000000000e-01 7.3437500000000000e-01 0.0000000000000000e+00 0
2.9687500000000000e-01 7.3437500000000000e-01 0.0000000000000000e+00 0
3.1250000000000000e-01 7.3437500000000000e-01 0.0000000000000000e+00 0
3.2812500000000000e-01 7.3437500000000000e-01 0.0000000000000000e+00 0
3.4375000000000000e-01 7.3437500000000000e-01 0.0000000000000000e+00 0
3.5937500000000000e-01 7.3437500000000000e-01 0.0000000000000000e+00 0
3.7500000000000000e-01 7.3437500000000000e-01 0.0000000000000000e+00 0
3.9062500000000000e-01 7.3437500000000000e-01 0.0000000000000000e+00 0
4.0625000000000000e-01 7.3437500000000000e-01 0.0000000000000000e+00 0
4.2187500000000000e-01 7.3437500000000000e-01 0.0000000000000000e+00 0
4.3750000000000000e-01 7.3437500000000000e-01 0.0000000000000000e+00 0
4.5312500000000000e-01 7.3437500000000000e-01 0.0000000000000000e+00 0
4.6875000000000000e-01 7.3437500000000000e-01 0.0000000000000000e+00 0
4.8437500000000000e-01 7.3437500000000000e-01 0.0000000000000000e+00 0
5.0000000000000000e-01 7.3437500000000000e-01 0.0000000000000000e+00 0
5.1562500000000000e-01 7.3437500000000000e-01 0.0000000000000000e+00 0
5.3125000000000000e-01 7.3437500000000000e-01 0.0000000000000000e+00 0
5.4687500000000000e-01 7.3437500000000000e-01 0.0000000000000000e+00 0
5.6250000000000000e-01 7.3437500000000000e-01 0.0000000000000000e+00 0
5.7812500000000000e-01 7.3437500000000000e-01 0.0000000000000000e+00 0
5.9375000000000000e-01 7.3437500000000000e-01 0.0000000000000000e+00 0
6.0937500000000000e-01 7.3437500000000000e-01 0.0000000000000000e+00 0
6.2500000000000000e-01 7.3437500000000000e-01 0.0000000000000000e+00 0
6.4062500000000000e-01 7.3437500000000000e-01 0.0000000000000000e+00 0
6.5625000000000000e-01 7.3437500000000000e-01 0.0000000000000000e+00 0
6.7187500000000000e-01 7.3437500000000000e-01 0.0000000000000000e+00 0
6.8750000000000000e-01 7.3437500000000000e-01 0.0000000000000000e+00 0
7.0312500000000000e-01 7.3437500000000000e-01 0.0000000000000000e+00 0
7.1875000000000000e-01 7.3437500000000000e-01 0.0000000000000000e+00 0
7.3437500000000000e-01 7.3437500000000000e-01 0.0000000000000000e+00 0
7.5000000000000000e-01 7.3437500000000000e-01 0.0000000000000000e+00 0
7.6562500000000000e-01 7.3437500000000000e-01 0.0000000000000000e+00 0
7.8125000000000000e-01 7.3437500000000000e-01 0.0000000000000000e+00 0
7.9687500000000000e-01 7.3437500000000000e-01 0.0000000000000000e+00 0
8.1250000000000000e-01 7.3437500000000000e-01 0.0000000000000000e+00 0
8.2812500000000000e-01 7.3437500000000000e-01 0.0000000000000000e+00 0
8.4375000000000000e-01 7.3437500000000000e-01 0.0000000000000000e+00 0
8.5937500000000000e-01 7.3437500000000000e-01 0.0000000000000000e+00 0
8.7500000000000000e-01 7.3437500000000000e-01 0.0000000000000000e+00 0
8.9062500000000000e-01 7.3437500000000000e-01 0.0000000000000000e+00 0
9.0625000000000000e-01 7.3437500000000000e-01 0.0000000000000000e+00 0
9.2187500000000000e-01 7.3437500000000000e-01 0.0000000000000000e+00 0
9.3750000000000000e-01 7.3437500000000000e-01 0.0000000000000000e+00 0
9.5312500000000000e-01 7.3437500000000000e-01 0.0000000000000000e+00 0
9.6875000000000000e-01 7.3437500000000000e-01 0.0000000000000000e+00 0
9.8437500000000000e-01 7.3437500000000000e-01 0.0000000000000000e+00 0
1.5625000000000000e-02 7.5000000000000000e-01 0.0000000000000000e+00 0
3.1250000000000000e-02 7.5000000000000000e-01 0.0000000000000000e+00 0
4.6875000000000000e-02 7.5000000000000000e-01 0.0000000000000000e+00 0
6.2500000000000000e-02 7.5000000000000000e-01 0.0000000000000000e+00 0
7.8125000000000000e-02 7.5000000000000000e-01 0.0000000000000000e+00 0
9.3750000000000000e-02 7.5000000000000000e-01 0.0000000000000000e+00 0
1.0937500000000000e-01 7.5000000000000000e-01 0.0000000000000000e+00 0
1.2500000000000000e-01 7.5000000000000000e-01 0.0000000000000000e+00 0
1.4062500000000000e-01 7.5000000000000000e-01 0.0000000000000000e+00 0
1.5625000000000000e-01 7.5000000000000000e-01 0.0000000000000000e+00 0
1.7187500000000000e-01 7.5000000000000000e-01 0.0000000000000000e+00 0
1.8750000000000000e-01 7.5000000000000000e-01 0.0000000000000000e+00 0
2.0312500000000000e-01 7.5000000000000000e-01 0.0000000000000000e+00 0
2.1875000000000000e-01 7.5000000000000000e-01 0.0000000000000000e+00 0
2.3437500000000000e-01 7.5000000000000000e-01 0.0000000000000000e+00 0
2.5000000000000000e-01 7.5000000000000000e-01 0.0000000000000000e+00 0
2.6562500000000000e-01 7.5000000000000000e-01 0.0000000000000000e+00 0
2.8125000000000000e-01 7.5000000000000000e-01 0.0000000000000000e+00 0
2.9687500000000000e-01 7.5000000000000000e-01 0.0000000000000000e+00 0
3.1250000000000000e-01 7.5000000000000000e-01 0.0000000000000000e+00 0
3.2812500000000000e-01 7.5000000000000000e-01 0.0000000000000000e+00 0
3.4375000000000000e-01 7.5000000000000000e-01 0.0000000000000000e+00 0
3.5937500000000000e-01 7.5000000000000000e-01 0.0000000000000000e+00 0
3.7500000000000000e-01 7.5000000000000000e-01 0.0000000000000000e+00 0
3.9062500000000000e-01 7.5000000000000000e-01 0.0000000000000000e+00 0
4.0625000000000000e-01 7.5000000000000000e-01 0.0000000000000000e+00 0
4.2187500000000000e-01 7.5000000000000000e-01 0.0000000000000000e+00 0
4.3750000000000000e-01 7.5000000000000000e-01 0.0000000000000000e+00 0
4.5312500000000000e-01 7.5000000000000000e-01 0.0000000000000000e+00 0
4.6875000000000000e-01 7.5000000000000000e-01 0.0000000000000000e+00 0
4.8437500000000000e-01 7.5000000000000000e-01 0.0000000000000000e+00 0
5.0000000000000000e-01 7.5000000000000000e-01 0.0000000000000000e+00 0
5.1562500000000000e-01 7.5000000000000000e-01 0.0000000000000000e+00 0
5.3125000000000000e-01 7.5000000000000000e-01 0.0000000000000000e+00 0
5.4687500000000000e-01 7.5000000000000000e-01 0.0000000000000000e+00 0
5.6250000000000000e-01 7.5000000000000000e-01 0.0000000000000000e+00 0
5.7812500000000000e-01 7.5000000000000000e-01 0.0000000000000000e+00 0
5.9375000000000000e-01 7.5000000000000000e-01 0.0000000000000000e+00 0
6.0937500000000000e-01 7.5000000000000000e-01 0.0000000000000000e+00 0
6.2500000000000000e-01 7.5000000000000000e-01 0.0000000000000000e+00 0
6.4062500000000000e-01 7.5000000000000000e-01 0.0000000000000000e+00 0
6.5625000000000000e-01 7.5000000000000000e-01 0.0000000000000000e+00 0
6.7187500000000000e-01 7.5000000000000000e-01 0.0000000000000000e+00 0
6.8750000000000000e-01 7.5000000000000000e-01 0.0000000000000000e+00 0
7.0312500000000000e-01 7.5000000000000000e-01 0.0000000000000000e+00 0
7.1875000000000000e-01 7.5000000000000000e-01 0.0000000000000000e+00 0
7.3437500000000000e-01 7.5000000000000000e-01 0.0000000000000000e+00 0
7.5000000000000000e-01 7.5000000000000000e-01 0.0000000000000000e+00 0
7.6562500000000000e-01 7.5000000000000000e-01 0.0000000000000000e+00 0
7.8125000000000000e-01 7.5000000000000000e-01 0.0000000000000000e+00 0
7.9687500000000000e-01 7.5000000000000000e-01 0.0000000000000000e+00 0
8.1250000000000000e-01 7.5000000000000000e-01 0.0000000000000000e+00 0
8.2812500000000000e-01 7.5000000000000000e-01 0.0000000000000000e+00 0
8.4375000000000000e-01 7.5000000000000000e-01 0.0000000000000000e+00 0
8.5937500000000000e-01 7.5000000000000000e-01 0.0000000000000000e+00 0
8.7500000000000000e-01 7.5000000000000000e-01 0.0000000000000000e+00 0
8.9062500000000000e-01 7.5000000000000000e-01 0.0000000000000000e+00 0
9.0625000000000000e-01 7.5000000000000000e-01 0.0000000000000000e+00 0
9.2187500000000000e-01 7.5000000000000000e-01 0.0000000000000000e+00 0
9.3750000000000000e-01 7.5000000000000000e-01 0.0000000000000000e+00 0
9.5312500000000000e-01 7.5000000000000000e-01 0.0000000000000000e+00 0
9.6875000000000000e-01 7.5000000000000000e-01 0.0000000000000000e+00 0
9.8437500000000000e-01 7.5000000000000000e-01 0.0000000000000000e+00 0
1.5625000000000000e-02 7.6562500000000000e-01 0.0000000000000000e+00 0
3.1250000000000000e-02 7.6562500000000000e-01 0.0000000000000000e+00 0
4.6875000000000000e-02 7.6562500000000000e-01 0.0000000000000000e+00 0
6.2500000000000000e-02 7.6562500000000000e-01 0.0000000000000000e+00 0
7.8125000000000000e-02 7.6562500000000000e-01 0.0000000000000000e+00 0
9.3750000000000000e-02 7.6562500000000000e-01 0.0000000000000000e+00 0
1.0937500000000000e-01 7.6562500000000000e-01 0.0000000000000000e+00 0
1.2500000000000000e-01 7.6562500000000000e-01 0.0000000000000000e+00 0
1.4062500000000000e-01 7.6562500000000000e-01 0.0000000000000000e+00 0
1.5625000000000000e-01 7.6562500000000000e-01 0.0000000000000000e+00 0
1.7187500000000000e-01 7.6562500000000000e-01 0.0000000000000000e+00 0
1.8750000000000000e-01 7.6562500000000000e-01 0.0000000000000000e+00 0
2.0312500000000000e-01 7.6562500000000000e-01 0.0000000000000000e+00 0
2.1875000000000000e-01 7.6562500000000000e-01 0.0000000000000000e+00 0
2.3437500000000000e-01 7.6562500000000000e-01 0.0000000000000000e+00 0
2.5000000000000000e-01 7.6562500000000000e-01 0.0000000000000000e+00 0
2.6562500000000000e-01 7.6562500000000000e-01 0.0000000000000000e+00 0
2.8125000000000000e-01 7.6562500000000000e-01 0.0000000000000000e+00 0
2.9687500000000000e-01 7.6562500000000000e-01 0.0000000000000000e+00 0
3.1250000000000000e-01 7.6562500000000000e-01 0.0000000000000000e+00 0
3.2812500000000000e-01 7.6562500000000000e-01 0.0000000000000000e+00 0
3.4375000000000000e-01 7.6562500000000000e-01 0.0000000000000000e+00 0
3.5937500000000000e-01 7.6562500000000000e-01 0.0000000000000000e+00 0
3.7500000000000000e-01 7.6562500000000000e-01 0.0000000000000000e+00 0
3.9062500000000000e-01 7.6562500000000000e-01 0.0000000000000000e+00 0
4.0625000000000000e-01 7.6562500000000000e-01 0.0000000000000000e+00 0
4.2187500000000000e-01 7.6562500000000000e-01 0.0000000000000000e+00 0
4.3750000000000000e-01 7.6562500000000000e-01 0.0000000000000000e+00 0
4.5312500000000000e-01 7.6562500000000000e-01 0.0000000000000000e+00 0
4.6875000000000000e-01 7.6562500000000000e-01 0.0000000000000000e+00 0
4.8437500000000000e-01 7.6562500000000000e-01 0.0000000000000000e+00 0
5.0000000000000000e-01 7.6562500000000000e-01 0.0000000000000000e+00 0
5.1562500000000000e-01 7.6562500000000000e-01 0.0000000000000000e+00 0
5.3125000000000000e-01 7.6562500000000000e-01 0.0000000000000000e+00 0
5.4687500000000000e-01 7.6562500000000000e-01 0.0000000000000000e+00 0
5.6250000000000000e-01 7.6562500000000000e-01 0.0000000000000000e+00 0
5.7812500000000000e-01 7.6562500000000000e-01 0.0000000000000000e+00 0
5.9375000000000000e-01 7.6562500000000000e-01 0.0000000000000000e+00 0
6.0937500000000000e-01 7.6562500000000000e-01 0.0000000000000000e+00 0
6.2500000000000000e-01 7.6562500000000000e-01 0.0000000000000000e+00 0
6.4062500000000000e-01 7.6562500000000000e-01 0.0000000000000000e+00 0
6.5625000000000000e-01 7.6562500000000000e-01 0.0000000000000000e+00 0
6.7187500000000000e-01 7.6562500000000000e-01 0.0000000000000000e+00 0
6.8750000000000000e-01 7.6562500000000000e-01 0.0000000000000000e+00 0
7.0312500000000000e-01 7.6562500000000000e-01 0.0000000000000000e+00 0
7.1875000000000000e-01 7.6562500000000000e-01 0.0000000000000000e+00 0
7.3437500000000000e-01 7.6562500000000000e-01 0.0000000000000000e+00 0
7.5000000000000000e-01 7.6562500000000000e-01 0.0000000000000000e+00 0
7.6562500000000000e-01 7.6562500000000000e-01 0.0000000000000000e+00 0
7.8125000000000000e-01 7.6562500000000000e-01 0.0000000000000000e+00 0
7.9687500000000000e-01 7.6562500000000000e-01 0.0000000000000000e+00 0
8.1250000000000000e-01 7.6562500000000000e-01 0.0000000000000000e+00 0
8.2812500000000000e-01 7.6562500000000000e-01 0.0000000000000000e+00 0
8.4375000000000000e-01 7.6562500000000000e-01 0.0000000000000000e+00 0
8.5937500000000000e-01 7.6562500000000000e-01 0.0000000000000000e+00 0
8.7500000000000000e-01 7.6562500000000000e-01 0.0000000000000000e+00 0
8.9062500000000000e-01 7.6562500000000000e-01 0.0000000000000000e+00 0
9.0625000000000000e-01 7.6562500000000000e-01 0.0000000000000000e+00 0
9.2187500000000000e-01 7.6562500000000000e-01 0.0000000000000000e+00 0
9.3750000000000000e-01 7.6562500000000000e-01 0.0000000000000000e+00 0
9.5312500000000000e-01 7.6562500000000000e-01 0.0000000000000000e+00 0
9.6875000000000000e-01 7.6562500000000000e-01 0.0000000000000000e+00 0
9.8437500000000000e-01 7.6562500000000000e-01 0.0000000000000000e+00 0
1.5625000000000000e-02 7.8125000000000000e-01 0.0000000000000000e+00 0
3.1250000000000000e-02 7.8125000000000000e-01 0.0000000000000000e+00 0
4.6875000000000000e-02 7.8125000000000000e-01 0.0000000000000000e+00 0
6.2500000000000000e-02 7.8125000000000000e-01 0.0000000000000000e+00 0
7.8125000000000000e-02 7.8125000000000000e-01 0.0000000000000000e+00 0
9.3750000000000000e-02 7.8125000000000000e-01 0.0000000000000000e+00 0
1.0937500000000000e-01 7.8125000000000000e-01 0.0000000000000000e+00 0
1.2500000000000000e-01 7.8125000000000000e-01 0.0000000000000000e+00 0
1.4062500000000000e-01 7.8125000000000000e-01 0.0000000000000000e+00 0
1.5625000000000000e-01 7.8125000000000000e-01 0.0000000000000000e+00 0
1.7187500000000000e-01 7.8125000000000000e-01 0.0000000000000000e+00 0
1.8750000000000000e-01 7.8125000000000000e-01 0.0000000000000000e+00 0
2.0312500000000000e-01 7.8125000000000000e-01 0.0000000000000000e+00 0
2.1875000000000000e-01 7.8125000000000000e-01 0.0000000000000000e+00 0
2.3437500000000000e-01 7.8125000000000000e-01 0.0000000000000000e+00 0
2.5000000000000000e-01 7.8125000000000000e-01 0.0000000000000000e+00 0
2.6562500000000000e-01 7.8125000000000000e-01 0.0000000000000000e+00 0
2.8125000000000000e-01 7.8125000000000000e-01 0.0000000000000000e+00 0
2.9687500000000000e-01 7.8125000000000000e-01 0.0000000000000000e+00 0
3.1250000000000000e-01 7.8125000000000000e-01 0.0000000000000000e+00 0
3.2812500000000000e-01 7.8125000000000000e-01 0.0000000000000000e+00 0
3.4375000000000000e-01 7.8125000000000000e-01 0.0000000000000000e+00 0
3.5937500000000000e-01 7.8125000000000000e-01 0.0000000000000000e+00 0
3.7500000000000000e-01 7.8125000000000000e-01 0.0000000000000000e+00 0
3.9062500000000000e-01 7.8125000000000000e-01 0.0000000000000000e+00 0
4.0625000000000000e-01 7.8125000000000000e-01 0.0000000000000000e+00 0
4.2187500000000000e-01 7.8125000000000000e-01 0.0000000000000000e+00 0
4.3750000000000000e-01 7.8125000000000000e-01 0.0000000000000000e+00 0
4.5312500000000000e-01 7.8125000000000000e-01 0.0000000000000000e+00 0
4.6875000000000000e-01 7.8125000000000000e-01 0.0000000000000000e+00 0
4.8437500000000000e-01 7.8125000000000000e-01 0.0000000000000000e+00 0
5.0000000000000000e-01 7.8125000000000000e-01 0.0000000000000000e+00 0
5.1562500000000000e-01 7.8125000000000000e-01 0.0000000000000000e+00 0
5.3125000000000000e-01 7.8125000000000000e-01 0.0000000000000000e+00 0
5.4687500000000000e-01 7.8125000000000000e-01 0.0000000000000000e+00 0
5.6250000000000000e-01 7.8125000000000000e-01 0.0000000000000000e+00 0
5.7812500000000000e-01 7.8125000000000000e-01 0.0000000000000000e+00 0
5.9375000000000000e-01 7.8125000000000000e-01 0.0000000000000000e+00 0
6.0937500000000000e-01 7.8125000000000000e-01 0.0000000000000000e+00 0
6.2500000000000000e-01 7.8125000000000000e-01 0.0000000000000000e+00 0
6.4062500000000000e-01 7.8125000000000000e-01 0.0000000000000000e+00 0
6.5625000000000000e-01 7.8125000000000000e-01 0.0000000000000000e+00 0
6.7187500000000000e-01 7.8125000000000000e-01 0.0000000000000000e+00 0
6.8750000000000000e-01 7.8125000000000000e-01 0.0000000000000000e+00 0
7.0312500000000000e-01 7.8125000000000000e-01 0.0000000000000000e+00 0
7.1875000000000000e-01 7.8125000000000000e-01 0.0000000000000000e+00 0
7.3437500000000000e-01 7.8125000000000000e-01 0.0000000000000000e+00 0
7.5000000000000000e-01 7.8125000000000000e-01 0.0000000000000000e+00 0
7.6562500000000000e-01 7.8125000000000000e-01 0.0000000000000000e+00 0
7.8125000000000000e-01 7.8125000000000000e-01 0.0000000000000000e+00 0
7.9687500000000000e-01 7.8125000000000000e-01 0.0000000000000000e+00 0
8.1250000000000000e-01 7.8125000000000000e-01 0.0000000000000000e+00 0
8.2812500000000000e-01 7.8125000000000000e-01 0.0000000000000000e+00 0
8.4375000000000000e-01 7.8125000000000000e-01 0.0000000000000000e+00 0
8.5937500000000000e-01 7.8125000000000000e-01 0.0000000000000000e+00 0
8.7500000000000000e-01 7.8125000000000000e-01 0.0000000000000000e+00 0
8.9062500000000000e-01 7.8125000000000000e-01 0.0000000000000000e+00 0
9.0625000000000000e-01 7.8125000000000000e-01 0.0000000000000000e+00 0
9.2187500000000000e-01 7.8125000000000000e-01 0.0000000000000000e+00 0
9.3750000000000000e-01 7.8125000000000000e-01 0.0000000000000000e+00 0
9.5312500000000000e-01 7.8125000000000000e-01 0.0000000000000000e+00 0
9.6875000000000000e-01 7.8125000000000000e-01 0.0000000000000000e+00 0
9.8437500000000000e-01 7.8125000000000000e-01 0.0000000000000000e+00 0
1.5625000000000000e-02 7.9687500000000000e-01 0.0000000000000000e+00 0
3.1250000000000000e-02 7.9687500000000000e-01 0.0000000000000000e+00 0
4.6875000000000000e-02 7.9687500000000000e-01 0.0000000000000000e+00 0
6.2500000000000000e-02 7.9687500000000000e-01 0.0000000000000000e+00 0
7.8125000000000000e-02 7.9687500000000000e-01 0.0000000000000000e+00 0
9.3750000000000000e-02 7.9687500000000000e-01 0.0000000000000000e+00 0
1.0937500000000000e-01 7.9687500000000000e-01 0.0000000000000000e+00 0
1.2500000000000000e-01 7.9687500000000000e-01 0.0000000000000000e+00 0
1.4062500000000000e-01 7.9687500000000000e-01 0.0000000000000000e+00 0
1.5625000000000000e-01 7.9687500000000000e-01 0.0000000000000000e+00 0
1.7187500000000000e-01 7.9687500000000000e-01 0.0000000000000000e+00 0
1.8750000000000000e-01 7.9687500000000000e-01 0.0000000000000000e+00 0
2.0312500000000000e-01 7.9687500000000000e-01 0.0000000000000000e+00 0
2.1875000000000000e-01 7.9687500000000000e-01 0.0000000000000000e+00 0
2.3437500000000000e-01 7.9687500000000000e-01 0.0000000000000000e+00 0
2.5000000000000000e-01 7.9687500000000000e-01 0.0000000000000000e+00 0
2.6562500000000000e-01 7.9687500000000000e-01 0.0000000000000000e+00 0
2.8125000000000000e-01 7.9687500000000000e-01 0.0000000000000000e+00 0
2.9687500000000000e-01 7.9687500000000000e-01 0.0000000000000000e+00 0
3.1250000000000000e-01 7.9687500000000000e-01 0.0000000000000000e+00 0
3.2812500000000000e-01 7.9687500000000000e-01 0.0000000000000000e+00 0
3.4375000000000000e-01 7.9687500000000000e-01 0.0000000000000000e+00 0
3.5937500000000000e-01 7.9687500000000000e-01 0.0000000000000000e+00 0
3.7500000000000000e-01 7.9687500000000000e-01 0.0000000000000000e+00 0
3.9062500000000000e-01 7.9687500000000000e-01 0.0000000000000000e+00 0
4.0625000000000000e-01 7.9687500000000000e-01 0.0000000000000000e+00 0
4.2187500000000000e-01 7.9687500000000000e-01 0.0000000000000000e+00 0
4.3750000000000000e-01 7.9687500000000000e-01 0.0000000000000000e+00 0
4.5312500000000000e-01 7.9687500000000000e-01 0.0000000000000000e+00 0
4.6875000000000000e-01 7.9687500000000000e-01 0.0000000000000000e+00 0
4.8437500000000000e-01 7.9687500000000000e-01 0.0000000000000000e+00 0
5.0000000000000000e-01 7.9687500000000000e-01 0.0000000000000000e+00 0
5.1562500000000000e-01 7.9687500000000000e-01 0.0000000000000000e+00 0
5.3125000000000000e-01 7.9687500000000000e-01 0.0000000000000000e+00 0
5.4687500000000000e-01 7.9687500000000000e-01 0.0000000000000000e+00 0
5.6250000000000000e-01 7.9687500000000000e-01 0.0000000000000000e+00 0
5.7812500000000000e-01 7.9687500000000000e-01 0.0000000000000000e+00 0
5.9375000000000000e-01 7.9687500000000000e-01 0.0000000000000000e+00 0
6.0937500000000000e-01 7.9687500000000000e-01 0.0000000000000000e+00 0
6.2500000000000000e-01 7.9687500000000000e-01 0.0000000000000000e+00 0
6.4062500000000000e-01 7.9687500000000000e-01 0.0000000000000000e+00 0
6.5625000000000000e-01 7.9687500000000000e-01 0.0000000000000000e+00 0
6.7187500000000000e-01 7.9687500000000000e-01 0.0000000000000000e+00 0
6.8750000000000000e-01 7.9687500000000000e-01 0.0000000000000000e+00 0
7.0312500000000000e-01 7.9687500000000000e-01 0.0000000000000000e+00 0
7.1875000000000000e-01 7.9687500000000000e-01 0.0000000000000000e+00 0
7.3437500000000000e-01 7.9687500000000000e-01 0.0000000000000000e+00 0
7.5000000000000000e-01 7.9687500000000000e-01 0.0000000000000000e+00 0
7.6562500000000000e-01 7.9687500000000000e-01 0.0000000000000000e+00 0
7.8125000000000000e-01 7.9687500000000000e-01 0.0000000000000000e+00 0
7.9687500000000000e-01 7.9687500000000000e-01 0.0000000000000000e+00 0
8.1250000000000000e-01 7.9687500000000000e-01 0.0000000000000000e+00 0
8.2812500000000000e-01 7.9687500000000000e-01 0.0000000000000000e+00 0
8.4375000000000000e-01 7.9687500000000000e-01 0.0000000000000000e+00 0
8.5937500000000000e-01 7.9687500000000000e-01 0.0000000000000000e+00 0
8.7500000000000000e-01 7.9687500000000000e-01 0.0000000000000000e+00 0
8.9062500000000000e-01 7.9687500000000000e-01 0.0000000000000000e+00 0
9.0625000000000000e-01 7.9687500000000000e-01 0.0000000000000000e+00 0
9.2187500000000000e-01 7.9687500000000000e-01 0.0000000000000000e+00 0
9.3750000000000000e-01 7.9687500000000000e-01 0.0000000000000000e+00 0
9.5312500000000000e-01 7.9687500000000000e-01 0.0000000000000000e+00 0
9.6875000000000000e-01 7.9687500000000000e-01 0.0000000000000000e+00 0
9.8437500000000000e-01 7.9687500000000000e-01 0.0000000000000000e+00 0
1.5625000000000000e-02 8.1250000000000000e-01 0.0000000000000000e+00 0
3.1250000000000000e-02 8.1250000000000000e-01 0.0000000000000000e+00 0
4.6875000000000000e-02 8.1250000000000000e-01 0.0000000000000000e+00 0
6.2500000000000000e-02 8.1250000000000000e-01 0.0000000000000000e+00 0
7.8125000000000000e-02 8.1250000000000000e-01 0.0000000000000000e+00 0
9.3750000000000000e-02 8.1250000000000000e-01 0.0000000000000000e+00 0
1.0937500000000000e-01 8.1250000000000000e-01 0.0000000000000000e+00 0
1.2500000000000000e-01 8.1250000000000000e-01 0.0000000000000000e+00 0
1.4062500000000000e-01 8.1250000000000000e-01 0.0000000000000000e+00 0
1.5625000000000000e-01 8.1250000000000000e-01 0.0000000000000000e+00 0
1.7187500000000000e-01 8.1250000000000000e-01 0.0000000000000000e+00 0
1.8750000000000000e-01 8.1250000000000000e-01 0.0000000000000000e+00 0
2.0312500000000000e-01 8.1250000000000000e-01 0.0000000000000000e+00 0
2.1875000000000000e-01 8.1250000000000000e-01 0.0000000000000000e+00 0
2.3437500000000000e-01 8.1250000000000000e-01 0.0000000000000000e+00 0
2.5000000000000000e-01 8.1250000000000000e-01 0.0000000000000000e+00 0
2.6562500000000000e-01 8.1250000000000000e-01 0.0000000000000000e+00 0
2.8125000000000000e-01 8.1250000000000000e-01 0.0000000000000000e+00 0
2.9687500000000000e-01 8.1250000000000000e-01 0.0000000000000000e+00 0
3.1250000000000000e-01 8.1250000000000000e-01 0.0000000000000000e+00 0
3.2812500000000000e-01 8.1250000000000000e-01 0.0000000000000000e+00 0
3.4375000000000000e-01 8.1250000000000000e-01 0.0000000000000000e+00 0
3.5937500000000000e-01 8.1250000000000000e-01 0.0000000000000000e+00 0
3.7500000000000000e-01 8.1250000000000000e-01 0.0000000000000000e+00 0
3.9062500000000000e-01 8.1250000000000000e-01 0.0000000000000000e+00 0
4.0625000000000000e-01 8.1250000000000000e-01 0.0000000000000000e+00 0
4.2187500000000000e-01 8.1250000000000000e-01 0.0000000000000000e+00 0
4.3750000000000000e-01 8.1250000000000000e-01 0.0000000000000000e+00 0
4.5312500000000000e-01 8.1250000000000000e-01 0.0000000000000000e+00 0
4.6875000000000000e-01 8.1250000000000000e-01 0.0000000000000000e+00 0
4.8437500000000000e-01 8.1250000000000000e-01 0.0000000000000000e+00 0
5.0000000000000000e-01 8.1250000000000000e-01 0.0000000000000000e+00 0
5.1562500000000000e-01 8.1250000000000000e-01 0.0000000000000000e+00 0
5.3125000000000000e-01 8.1250000000000000e-01 0.0000000000000000e+00 0
5.4687500000000000e-01 8.1250000000000000e-01 0.0000000000000000e+00 0
5.6250000000000000e-01 8.1250000000000000e-01 0.0000000000000000e+00 0
5.7812500000000000e-01 8.1250000000000000e-01 0.0000000000000000e+00 0
5.9375000000000000e-01 8.1250000000000000e-01 0.0000000000000000e+00 0
6.0937500000000000e-01 8.1250000000000000e-01 0.0000000000000000e+00 0
6.2500000000000000e-01 8.1250000000000000e-01 0.0000000000000000e+00 0
6.4062500000000000e-01 8.1250000000000000e-01 0.0000000000000000e+00 0
6.5625000000000000e-01 8.1250000000000000e-01 0.0000000000000000e+00 0
6.7187500000000000e-01 8.1250000000000000e-01 0.0000000000000000e+00 0
6.8750000000000000e-01 8.1250000000000000e-01 0.0000000000000000e+00 0
7.0312500000000000e-01 8.1250000000000000e-01 0.0000000000000000e+00 0
7.1875000000000000e-01 8.1250000000000000e-01 0.0000000000000000e+00 0
7.3437500000000000e-01 8.1250000000000000e-01 0.0000000000000000e+00 0
7.5000000000000000e-01 8.1250000000000000e-01 0.0000000000000000e+00 0
7.6562500000000000e-01 8.1250000000000000e-01 0.0000000000000000e+00 0
7.8125000000000000e-01 8.1250000000000000e-01 0.0000000000000000e+00 0
7.9687500000000000e-01 8.1250000000000000e-01 0.0000000000000000e+00 0
8.1250000000000000e-01 8.1250000000000000e-01 0.0000000000000000e+00 0
8.2812500000000000e-01 8.1250000000000000e-01 0.0000000000000000e+00 0
8.4375000000000000e-01 8.1250000000000000e-01 0.0000000000000000e+00 0
8.5937500000000000e-01 8.1250000000000000e-01 0.0000000000000000e+00 0
8.7500000000000000e-01 8.1250000000000000e-01 0.0000000000000000e+00 0
8.9062500000000000e-01 8.1250000000000000e-01 0.0000000000000000e+00 0
9.0625000000000000e-01 8.1250000000000000e-01 0.0000000000000000e+00 0
9.2187500000000000e-01 8.1250000000000000e-01 0.0000000000000000e+00 0
9.3750000000000000e-01 8.1250000000000000e-01 0.0000000000000000e+00 0
9.5312500000000000e-01 8.1250000000000000e-01 0.0000000000000000e+00 0
9.6875000000000000e-01 8.1250000000000000e-01 0.0000000000000000e+00 0
9.8437500000000000e-01 8.1250000000000000e-01 0.0000000000000000e+00 0
1.5625000000000000e-02 8.2812500000000000e-01 0.0000000000000000e+00 0
3.1250000000000000e-02 8.2812500000000000e-01 0.0000000000000000e+00 0
4.6875000000000000e-02 8.2812500000000000e-01 0.0000000000000000e+00 0
6.2500000000000000e-02 8.2812500000000000e-01 0.0000000000000000e+00 0
7.8125000000000000e-02 8.2812500000000000e-01 0.0000000000000000e+00 0
9.3750000000000000e-02 8.2812500000000000e-01 0.0000000000000000e+00 0
1.0937500000000000e-01 8.2812500000000000e-01 0.0000000000000000e+00 0
1.2500000000000000e-01 8.2812500000000000e-01 0.0000000000000000e+00 0
1.4062500000000000e-01 8.2812500000000000e-01 0.0000000000000000e+00 0
1.5625000000000000e-01 8.2812500000000000e-01 0.0000000000000000e+00 0
1.7187500000000000e-01 8.2812500000000000e-01 0.0000000000000000e+00 0
1.8750000000000000e-01 8.2812500000000000e-01 0.0000000000000000e+00 0
2.0312500000000000e-01 8.2812500000000000e-01 0.0000000000000000e+00 0
2.1875000000000000e-01 8.2812500000000000e-01 0.0000000000000000e+00 0
2.3437500000000000e-01 8.2812500000000000e-01 0.0000000000000000e+00 0
2.5000000000000000e-01 8.2812500000000000e-01 0.0000000000000000e+00 0
2.6562500000000000e-01 8.2812500000000000e-01 0.0000000000000000e+00 0
2.8125000000000000e-01 8.2812500000000000e-01 0.0000000000000000e+00 0
2.9687500000000000e-01 8.2812500000000000e-01 0.0000000000000000e+00 0
3.1250000000000000e-01 8.2812500000000000e-01 0.0000000000000000e+00 0
3.2812500000000000e-01 8.2812500000000000e-01 0.0000000000000000e+00 0
3.4375000000000000e-01 8.2812500000000000e-01 0.0000000000000000e+00 0
3.5937500000000000e-01 8.2812500000000000e-01 0.0000000000000000e+00 0
3.7500000000000000e-01 8.2812500000000000e-01 0.0000000000000000e+00 0
3.9062500000000000e-01 8.2812500000000000e-01 0.0000000000000000e+00 0
4.0625000000000000e-01 8.2812500000000000e-01 0.0000000000000000e+00 0
4.2187500000000000e-01 8.2812500000000000e-01 0.0000000000000000e+00 0
4.3750000000000000e-01 8.2812500000000000e-01 0.0000000000000000e+00 0
4.5312500000000000e-01 8.2812500000000000e-01 0.0000000000000000e+00 0
4.6875000000000000e-01 8.2812500000000000e-01 0.0000000000000000e+00 0
4.8437500000000000e-01 8.2812500000000000e-01 0.0000000000000000e+00 0
5.0000000000000000e-01 8.2812500000000000e-01 0.0000000000000000e+00 0
5.1562500000000000e-01 8.2812500000000000e-01 0.0000000000000000e+00 0
5.3125000000000000e-01 8.2812500000000000e-01 0.0000000000000000e+00 0
5.4687500000000000e-01 8.2812500000000000e-01 0.0000000000000000e+00 0
5.6250000000000000e-01 8.2812500000000000e-01 0.0000000000000000e+00 0
5.7812500000000000e-01 8.2812500000000000e-01 0.0000000000000000e+00 0
5.9375000000000000e-01 8.2812500000000000e-01 0.0000000000000000e+00 0
6.0937500000000000e-01 8.2812500000000000e-01 0.0000000000000000e+00 0
6.2500000000000000e-01 8.2812500000000000e-01 0.0000000000000000e+00 0
6.4062500000000000e-01 8.2812500000000000e-01 0.0000000000000000e+00 0
6.5625000000000000e-01 8.2812500000000000e-01 0.0000000000000000e+00 0
6.7187500000000000e-01 8.2812500000000000e-01 0.0000000000000000e+00 0
6.8750000000000000e-01 8.2812500000000000e-01 0.0000000000000000e+00 0
7.0312500000000000e-01 8.2812500000000000e-01 0.0000000000000000e+00 0
7.1875000000000000e-01 8.2812500000000000e-01 0.0000000000000000e+00 0
7.3437500000000000e-01 8.2812500000000000e-01 0.0000000000000000e+00 0
7.5000000000000000e-01 8.2812500000000000e-01 0.0000000000000000e+00 0
7.6562500000000000e-01 8.2812500000000000e-01 0.0000000000000000e+00 0
7.8125000000000000e-01 8.2812500000000000e-01 0.0000000000000000e+00 0
7.9687500000000000e-01 8.2812500000000000e-01 0.0000000000000000e+00 0
8.1250000000000000e-01 8.2812500000000000e-01 0.0000000000000000e+00 0
8.2812500000000000e-01 8.2812500000000000e-01 0.0000000000000000e+00 0
8.4375000000000000e-01 8.2812500000000000e-01 0.0000000000000000e+00 0
8.5937500000000000e-01 8.2812500000000000e-01 0.0000000000000000e+00 0
8.7500000000000000e-01 8.2812500000000000e-01 0.0000000000000000e+00 0
8.9062500000000000e-01 8.2812500000000000e-01 0.0000000000000000e+00 0
9.0625000000000000e-01 8.2812500000000000e-01 0.0000000000000000e+00 0
9.2187500000000000e-01 8.2812500000000000e-01 0.0000000000000000e+00 0
9.3750000000000000e-01 8.2812500000000000e-01 0.0000000000000000e+00 0
9.5312500000000000e-01 8.2812500000000000e-01 0.0000000000000000e+00 0
9.6875000000000000e-01 8.2812500000000000e-01 0.0000000000000000e+00 0
9.8437500000000000e-01 8.2812500000000000e-01 0.0000000000000000e+00 0
1.5625000000000000e-02 8.4375000000000000e-01 0.0000000000000000e+00 0
3.1250000000000000e-02 8.4375000000000000e-01 0.0000000000000000e+00 0
4.6875000000000000e-02 8.4375000000000000e-01 0.0000000000000000e+00 0
6.2500000000000000e-02 8.4375000000000000e-01 0.0000000000000000e+00 0
7.8125000000000000e-02 8.4375000000000000e-01 0.0000000000000000e+00 0
9.3750000000000000e-02 8.4375000000000000e-01 0.0000000000000000e+00 0
1.0937500000000000e-01 8.4375000000000000e-01 0.0000000000000000e+00 0
1.2500000000000000e-01 8.4375000000000000e-01 0.0000000000000000e+00 0
1.4062500000000000e-01 8.4375000000000000e-01 0.0000000000000000e+00 0
1.5625000000000000e-01 8.4375000000000000e-01 0.0000000000000000e+00 0
1.7187500000000000e-01 8.4375000000000000e-01 0.0000000000000000e+00 0
1.8750000000000000e-01 8.4375000000000000e-01 0.0000000000000000e+00 0
2.0312500000000000e-01 8.4375000000000000e-01 0.0000000000000000e+00 0
2.1875000000000000e-01 8.4375000000000000e-01 0.0000000000000000e+00 0
2.3437500000000000e-01 8.4375000000000000e-01 0.0000000000000000e+00 0
2.5000000000000000e-01 8.4375000000000000e-01 0.0000000000000000e+00 0
2.6562500000000000e-01 8.4375000000000000e-01 0.0000000000000000e+00 0
2.8125000000000000e-01 8.4375000000000000e-01 0.0000000000000000e+00 0
2.9687500000000000e-01 8.4375000000000000e-01 0.0000000000000000e+00 0
3.1250000000000000e-01 8.4375000000000000e-01 0.0000000000000000e+00 0
3.2812500000000000e-01 8.4375000000000000e-01 0.0000000000000000e+00 0
3.4375000000000000e-01 8.4375000000000000e-01 0.0000000000000000e+00 0
3.5937500000000000e-01 8.4375000000000000e-01 0.0000000000000000e+00 0
3.7500000000000000e-01 8.4375000000000000e-01 0.0000000000000000e+00 0
3.9062500000000000e-01 8.4375000000000000e-01 0.0000000000000000e+00 0
4.0625000000000000e-01 8.4375000000000000e-01 0.0000000000000000e+00 0
4.2187500000000000e-01 8.4375000000000000e-01 0.0000000000000000e+00 0
4.3750000000000000e-01 8.4375000000000000e-01 0.0000000000000000e+00 0
4.5312500000000000e-01 8.4375000000000000e-01 0.0000000000000000e+00 0
4.6875000000000000e-01 8.4375000000000000e-01 0.0000000000000000e+00 0
4.8437500000000000e-01 8.4375000000000000e-01 0.0000000000000000e+00 0
5.0000000000000000e-01 8.4375000000000000e-01 0.0000000000000000e+00 0
5.1562500000000000e-01 8.4375000000000000e-01 0.0000000000000000e+00 0
5.3125000000000000e-01 8.4375000000000000e-01 0.0000000000000000e+00 0
5.4687500000000000e-01 8.4375000000000000e-01 0.0000000000000000e+00 0
5.6250000000000000e-01 8.4375000000000000e-01 0.0000000000000000e+00 0
5.7812500000000000e-01 8.4375000000000000e-01 0.0000000000000000e+00 0
5.9375000000000000e-01 8.4375000000000000e-01 0.0000000000000000e+00 0
6.0937500000000000e-01 8.4375000000000000e-01 0.0000000000000000e+00 0
6.2500000000000000e-01 8.4375000000000000e-01 0.0000000000000000e+00 0
6.4062500000000000e-01 8.4375000000000000e-01 0.0000000000000000e+00 0
6.5625000000000000e-01 8.4375000000000000e-01 0.0000000000000000e+00 0
6.7187500000000000e-01 8.4375000000000000e-01 0.0000000000000000e+00 0
6.8750000000000000e-01 8.4375000000000000e-01 0.0000000000000000e+00 0
7.0312500000000000e-01 8.4375000000000000e-01 0.0000000000000000e+00 0
7.1875000000000000e-01 8.4375000000000000e-01 0.0000000000000000e+00 0
7.3437500000000000e-01 8.4375000000000000e-01 0.0000000000000000e+00 0
7.5000000000000000e-01 8.4375000000000000e-01 0.0000000000000000e+00 0
7.6562500000000000e-01 8.4375000000000000e-01 0.0000000000000000e+00 0
7.8125000000000000e-01 8.4375000000000000e-01 0.0000000000000000e+00 0
7.9687500000000000e-01 8.4375000000000000e-01 0.0000000000000000e+00 0
8.1250000000000000e-01 8.4375000000000000e-01 0.0000000000000000e+00 0
8.2812500000000000e-01 8.4375000000000000e-01 0.0000000000000000e+00 0
8.4375000000000000e-01 8.4375000000000000e-01 0.0000000000000000e+00 0
8.5937500000000000e-01 8.4375000000000000e-01 0.0000000000000000e+00 0
8.7500000000000000e-01 8.4375000000000000e-01 0.0000000000000000e+00 0
8.9062500000000000e-01 8.4375000000000000e-01 0.0000000000000000e+00 0
9.0625000000000000e-01 8.4375000000000000e-01 0.0000000000000000e+00 0
9.2187500000000000e-01 8.4375000000000000e-01 0.0000000000000000e+00 0
9.3750000000000000e-01 8.4375000000000000e-01 0.0000000000000000e+00 0
9.5312500000000000e-01 8.4375000000000000e-01 0.0000000000000000e+00 0
9.6875000000000000e-01 8.4375000000000000e-01 0.0000000000000000e+00 0
9.8437500000000000e-01 8.4375000000000000e-01 0.0000000000000000e+00 0
1.5625000000000000e-02 8.5937500000000000e-01 0.0000000000000000e+00 0
3.1250000000000000e-02 8.5937500000000000e-01 0.0000000000000000e+00 0
4.6875000000000000e-02 8.5937500000000000e-01 0.0000000000000000e+00 0
6.2500000000000000e-02 8.5937500000000000e-01 0.0000000000000000e+00 0
7.8125000000000000e-02 8.5937500000000000e-01 0.0000000000000000e+00 0
9.3750000000000000e-02 8.5937500000000000e-01 0.0000000000000000e+00 0
1.0937500000000000e-01 8.5937500000000000e-01 0.0000000000000000e+00 0
1.2500000000000000e-01 8.5937500000000000e-01 0.0000000000000000e+00 0
1.4062500000000000e-01 8.5937500000000000e-01 0.0000000000000000e+00 0
1.5625000000000000e-01 8.5937500000000000e-01 0.0000000000000000e+00 0
1.7187500000000000e-01 8.5937500000000000e-01 0.0000000000000000e+00 0
1.8750000000000000e-01 8.5937500000000000e-01 0.0000000000000000e+00 0
2.0312500000000000e-01 8.5937500000000000e-01 0.0000000000000000e+00 0
2.1875000000000000e-01 8.5937500000000000e-01 0.0000000000000000e+00 0
2.3437500000000000e-01 8.5937500000000000e-01 0.0000000000000000e+00 0
2.5000000000000000e-01 8.5937500000000000e-01 0.0000000000000000e+00 0
2.6562500000000000e-01 8.5937500000000000e-01 0.0000000000000000e+00 0
2.8125000000000000e-01 8.5937500000000000e-01 0.0000000000000000e+00 0
2.9687500000000000e-01 8.5937500000000000e-01 0.0000000000000000e+00 0
3.1250000000000000e-01 8.5937500000000000e-01 0.0000000000000000e+00 0
3.2812500000000000e-01 8.5937500000000000e-01 0.0000000000000000e+00 0
3.4375000000000000e-01 8.5937500000000000e-01 0.0000000000000000e+00 0
3.5937500000000000e-01 8.5937500000000000e-01 0.0000000000000000e+00 0
3.7500000000000000e-01 8.5937500000000000e-01 0.0000000000000000e+00 0
3.9062500000000000e-01 8.5937500000000000e-01 0.0000000000000000e+00 0
4.0625000000000000e-01 8.5937500000000000e-01 0.0000000000000000e+00 0
4.2187500000000000e-01 8.5937500000000000e-01 0.0000000000000000e+00 0
4.3750000000000000e-01 8.5937500000000000e-01 0.0000000000000000e+00 0
4.5312500000000000e-01 8.5937500000000000e-01 0.0000000000000000e+00 0
4.6875000000000000e-01 8.5937500000000000e-01 0.0000000000000000e+00 0
4.8437500000000000e-01 8.5937500000000000e-01 0.0000000000000000e+00 0
5.0000000000000000e-01 8.5937500000000000e-01 0.0000000000000000e+00 0
5.1562500000000000e-01 8.5937500000000000e-01 0.0000000000000000e+00 0
5.3125000000000000e-01 8.5937500000000000e-01 0.0000000000000000e+00 0
5.4687500000000000e-01 8.5937500000000000e-01 0.0000000000000000e+00 0
5.6250000000000000e-01 8.5937500000000000e-01 0.0000000000000000e+00 0
5.7812500000000000e-01 8.5937500000000000e-01 0.0000000000000000e+00 0
5.9375000000000000e-01 8.5937500000000000e-01 0.0000000000000000e+00 0
6.0937500000000000e-01 8.5937500000000000e-01 0.0000000000000000e+00 0
6.2500000000000000e-01 8.5937500000000000e-01 0.0000000000000000e+00 0
6.4062500000000000e-01 8.5937500000000000e-01 0.0000000000000000e+00 0
6.5625000000000000e-01 8.5937500000000000e-01 0.0000000000000000e+00 0
6.7187500000000000e-01 8.5937500000000000e-01 0.0000000000000000e+00 0
6.8750000000000000e-01 8.5937500000000000e-01 0.0000000000000000e+00 0
7.0312500000000000e-01 8.5937500000000000e-01 0.0000000000000000e+00 0
7.1875000000000000e-01 8.5937500000000000e-01 0.0000000000000000e+00 0
7.3437500000000000e-01 8.5937500000000000e-01 0.0000000000000000e+00 0
7.5000000000000000e-01 8.5937500000000000e-01 0.0000000000000000e+00 0
7.6562500000000000e-01 8.5937500000000000e-01 0.0000000000000000e+00 0
7.8125000000000000e-01 8.5937500000000000e-01 0.0000000000000000e+00 0
7.9687500000000000e-01 8.5937500000000000e-01 0.0000000000000000e+00 0
8.1250000000000000e-01 8.5937500000000000e-01 0.0000000000000000e+00 0
8.2812500000000000e-01 8.5937500000000000e-01 0.0000000000000000e+00 0
8.4375000000000000e-01 8.5937500000000000e-01 0.0000000000000000e+00 0
8.5937500000000000e-01 8.5937500000000000e-01 0.0000000000000000e+00 0
8.7500000000000000e-01 8.5937500000000000e-01 0.0000000000000000e+00 0
8.9062500000000000e-01 8.5937500000000000e-01 0.0000000000000000e+00 0
9.0625000000000000e-01 8.5937500000000000e-01 0.0000000000000000e+00 0
9.2187500000000000e-01 8.5937500000000000e-01 0.0000000000000000e+00 0
9.3750000000000000e-01 8.5937500000000000e-01 0.0000000000000000e+00 0
9.5312500000000000e-01 8.5937500000000000e-01 0.0000000000000000e+00 0
9.6875000000000000e-01 8.5937500000000000e-01 0.0000000000000000e+00 0
9.8437500000000000e-01 8.5937500000000000e-01 0.0000000000000000e+00 0
1.5625000000000000e-02 8.7500000000000000e-01 0.0000000000000000e+00 0
3.1250000000000000e-02 8.7500000000000000e-01 0.0000000000000000e+00 0
4.6875000000000000e-02 8.7500000000000000e-01 0.0000000000000000e+00 0
6.2500000000000000e-02 8.7500000000000000e-01 0.0000000000000000e+00 0
7.8125000000000000e-02 8.7500000000000000e-01 0.0000000000000000e+00 0
9.3750000000000000e-02 8.7500000000000000e-01 0.0000000000000000e+00 0
1.0937500000000000e-01 8.7500000000000000e-01 0.0000000000000000e+00 0
1.2500000000000000e-01 8.7500000000000000e-01 0.0000000000000000e+00 0
1.4062500000000000e-01 8.7500000000000000e-01 0.0000000000000000e+00 0
1.5625000000000000e-01 8.7500000000000000e-01 0.0000000000000000e+00 0
1.7187500000000000e-01 8.7500000000000000e-01 0.0000000000000000e+00 0
1.8750000000000000e-01 8.7500000000000000e-01 0.0000000000000000e+00 0
2.0312500000000000e-01 8.7500000000000000e-01 0.0000000000000000e+00 0
2.1875000000000000e-01 8.7500000000000000e-01 0.0000000000000000e+00 0
2.3437500000000000e-01 8.7500000000000000e-01 0.0000000000000000e+00 0
2.5000000000000000e-01 8.7500000000000000e-01 0.0000000000000000e+00 0
2.6562500000000000e-01 8.7500000000000000e-01 0.0000000000000000e+00 0
2.8125000000000000e-01 8.7500000000000000e-01 0.0000000000000000e+00 0
2.9687500000000000e-01 8.7500000000000000e-01 0.0000000000000000e+00 0
3.1250000000000000e-01 8.7500000000000000e-01 0.0000000000000000e+00 0
3.2812500000000000e-01 8.7500000000000000e-01 0.0000000000000000e+00 0
3.4375000000000000e-01 8.7500000000000000e-01 0.0000000000000000e+00 0
3.5937500000000000e-01 8.7500000000000000e-01 0.0000000000000000e+00 0
3.7500000000000000e-01 8.7500000000000000e-01 0.0000000000000000e+00 0
3.9062500000000000e-01 8.7500000000000000e-01 0.0000000000000000e+00 0
4.0625000000000000e-01 8.7500000000000000e-01 0.0000000000000000e+00 0
4.2187500000000000e-01 8.7500000000000000e-01 0.0000000000000000e+00 0
4.3750000000000000e-01 8.7500000000000000e-01 0.0000000000000000e+00 0
4.5312500000000000e-01 8.7500000000000000e-01 0.0000000000000000e+00 0
4.6875000000000000e-01 8.7500000000000000e-01 0.0000000000000000e+00 0
4.8437500000000000e-01 8.7500000000000000e-01 0.0000000000000000e+00 0
5.0000000000000000e-01 8.7500000000000000e-01 0.0000000000000000e+00 0
5.1562500000000000e-01 8.7500000000000000e-01 0.0000000000000000e+00 0
5.3125000000000000e-01 8.7500000000000000e-01 0.0000000000000000e+00 0
5.4687500000000000e-01 8.7500000000000000e-01 0.0000000000000000e+00 0
5.6250000000000000e-01 8.7500000000000000e-01 0.0000000000000000e+00 0
5.7812500000000000e-01 8.7500000000000000e-01 0.0000000000000000e+00 0
5.9375000000000000e-01 8.7500000000000000e-01 0.0000000000000000e+00 0
6.0937500000000000e-01 8.7500000000000000e-01 0.0000000000000000e+00 0
6.2500000000000000e-01 8.7500000000000000e-01 0.0000000000000000e+00 0
6.4062500000000000e-01 8.7500000000000000e-01 0.0000000000000000e+00 0
6.5625000000000000e-01 8.7500000000000000e-01 0.0000000000000000e+00 0
6.7187500000000000e-01 8.7500000000000000e-01 0.0000000000000000e+00 0
6.8750000000000000e-01 8.7500000000000000e-01 0.0000000000000000e+00 0
7.0312500000000000e-01 8.7500000000000000e-01 0.0000000000000000e+00 0
7.1875000000000000e-01 8.7500000000000000e-01 0.0000000000000000e+00 0
7.3437500000000000e-01 8.7500000000000000e-01 0.0000000000000000e+00 0
7.5000000000000000e-01 8.7500000000000000e-01 0.0000000000000000e+00 0
7.6562500000000000e-01 8.7500000000000000e-01 0.0000000000000000e+00 0
7.8125000000000000e-01 8.7500000000000000e-01 0.0000000000000000e+00 0
7.9687500000000000e-01 8.7500000000000000e-01 0.0000000000000000e+00 0
8.1250000000000000e-01 8.7500000000000000e-01 0.0000000000000000e+00 0
8.2812500000000000e-01 8.7500000000000000e-01 0.0000000000000000e+00 0
8.4375000000000000e-01 8.7500000000000000e-01 0.0000000000000000e+00 0
8.5937500000000000e-01 8.7500000000000000e-01 0.0000000000000000e+00 0
8.7500000000000000e-01 8.7500000000000000e-01 0.0000000000000000e+00 0
8.9062500000000000e-01 8.7500000000000000e-01 0.0000000000000000e+00 0
9.0625000000000000e-01 8.7500000000000000e-01 0.0000000000000000e+00 0
9.2187500000000000e-01 8.7500000000000000e-01 0.0000000000000000e+00 0
9.3750000000000000e-01 8.7500000000000000e-01 0.0000000000000000e+00 0
9.5312500000000000e-01 8.7500000000000000e-01 0.0000000000000000e+00 0
9.6875000000000000e-01 8.7500000000000000e-01 0.0000000000000000e+00 0
9.8437500000000000e-01 8.7500000000000000e-01 0.0000000000000000e+00 0
1.5625000000000000e-02 8.9062500000000000e-01 0.0000000000000000e+00 0
3.1250000000000000e-02 8.9062500000000000e-01 0.0000000000000000e+00 0
4.6875000000000000e-02 8.9062500000000000e-01 0.0000000000000000e+00 0
6.2500000000000000e-02 8.9062500000000000e-01 0.0000000000000000e+00 0
7.8125000000000000e-02 8.9062500000000000e-01 0.0000000000000000e+00 0
9.3750000000000000e-02 8.9062500000000000e-01 0.0000000000000000e+00 0
1.0937500000000000e-01 8.9062500000000000e-01 0.0000000000000000e+00 0
1.2500000000000000e-01 8.9062500000000000e-01 0.0000000000000000e+00 0
1.4062500000000000e-01 8.9062500000000000e-01 0.0000000000000000e+00 0
1.5625000000000000e-01 8.9062500000000000e-01 0.0000000000000000e+00 0
1.7187500000000000e-01 8.9062500000000000e-01 0.0000000000000000e+00 0
1.8750000000000000e-01 8.9062500000000000e-01 0.0000000000000000e+00 0
2.0312500000000000e-01 8.9062500000000000e-01 0.0000000000000000e+00 0
2.1875000000000000e-01 8.9062500000000000e-01 0.0000000000000000e+00 0
2.3437500000000000e-01 8.9062500000000000e-01 0.0000000000000000e+00 0
2.5000000000000000e-01 8.9062500000000000e-01 0.0000000000000000e+00 0
2.6562500000000000e-01 8.9062500000000000e-01 0.0000000000000000e+00 0
2.8125000000000000e-01 8.9062500000000000e-01 0.0000000000000000e+00 0
2.9687500000000000e-01 8.9062500000000000e-01 0.0000000000000000e+00 0
3.1250000000000000e-01 8.9062500000000000e-01 0.0000000000000000e+00 0
3.2812500000000000e-01 8.9062500000000000e-01 0.0000000000000000e+00 0
3.4375000000000000e-01 8.9062500000000000e-01 0.0000000000000000e+00 0
3.5937500000000000e-01 8.9062500000000000e-01 0.0000000000000000e+00 0
3.7500000000000000e-01 8.9062500000000000e-01 0.0000000000000000e+00 0
3.9062500000000000e-01 8.9062500000000000e-01 0.0000000000000000e+00 0
4.0625000000000000e-01 8.9062500000000000e-01 0.0000000000000000e+00 0
4.2187500000000000e-01 8.9062500000000000e-01 0.0000000000000000e+00 0
4.3750000000000000e-01 8.9062500000000000e-01 0.0000000000000000e+00 0
4.5312500000000000e-01 8.9062500000000000e-01 0.0000000000000000e+00 0
4.6875000000000000e-01 8.9062500000000000e-01 0.0000000000000000e+00 0
4.8437500000000000e-01 8.9062500000000000e-01 0.0000000000000000e+00 0
5.0000000000000000e-01 8.9062500000000000e-01 0.0000000000000000e+00 0
5.1562500000000000e-01 8.9062500000000000e-01 0.0000000000000000e+00 0
5.3125000000000000e-01 8.9062500000000000e-01 0.0000000000000000e+00 0
5.4687500000000000e-01 8.9062500000000000e-01 0.0000000000000000e+00 0
5.6250000000000000e-01 8.9062500000000000e-01 0.0000000000000000e+00 0
5.7812500000000000e-01 8.9062500000000000e-01 0.0000000000000000e+00 0
5.9375000000000000e-01 8.9062500000000000e-01 0.0000000000000000e+00 0
6.0937500000000000e-01 8.9062500000000000e-01 0.0000000000000000e+00 0
6.2500000000000000e-01 8.9062500000000000e-01 0.0000000000000000e+00 0
6.4062500000000000e-01 8.9062500000000000e-01 0.0000000000000000e+00 0
6.5625000000000000e-01 8.9062500000000000e-01 0.0000000000000000e+00 0
6.7187500000000000e-01 8.9062500000000000e-01 0.0000000000000000e+00 0
6.8750000000000000e-01 8.9062500000000000e-01 0.0000000000000000e+00 0
7.0312500000000000e-01 8.9062500000000000e-01 0.0000000000000000e+00 0
7.1875000000000000e-01 8.9062500000000000e-01 0.0000000000000000e+00 0
7.3437500000000000e-01 8.9062500000000000e-01 0.0000000000000000e+00 0
7.5000000000000000e-01 8.9062500000000000e-01 0.0000000000000000e+00 0
7.6562500000000000e-01 8.9062500000000000e-01 0.0000000000000000e+00 0
7.8125000000000000e-01 8.9062500000000000e-01 0.0000000000000000e+00 0
7.9687500000000000e-01 8.9062500000000000e-01 0.0000000000000000e+00 0
8.1250000000000000e-01 8.9062500000000000e-01 0.0000000000000000e+00 0
8.2812500000000000e-01 8.9062500000000000e-01 0.0000000000000000e+00 0
8.4375000000000000e-01 8.9062500000000000e-01 0.0000000000000000e+00 0
8.5937500000000000e-01 8.9062500000000000e-01 0.0000000000000000e+00 0
8.7500000000000000e-01 8.9062500000000000e-01 0.0000000000000000e+00 0
8.9062500000000000e-01 8.9062500000000000e-01 0.0000000000000000e+00 0
9.0625000000000000e-01 8.9062500000000000e-01 0.0000000000000000e+00 0
9.2187500000000000e-01 8.9062500000000000e-01 0.0000000000000000e+00 0
9.3750000000000000e-01 8.9062500000000000e-01 0.0000000000000000e+00 0
9.5312500000000000e-01 8.9062500000000000e-01 0.0000000000000000e+00 0
9.6875000000000000e-01 8.9062500000000000e-01 0.0000000000000000e+00 0
9.8437500000000000e-01 8.9062500000000000e-01 0.0000000000000000e+00 0
1.5625000000000000e-02 9.0625000000000000e-01 0.0000000000000000e+00 0
3.1250000000000000e-02 9.0625000000000000e-01 0.0000000000000000e+00 0
4.6875000000000000e-02 9.0625000000000000e-01 0.0000000000000000e+00 0
6.2500000000000000e-02 9.0625000000000000e-01 0.0000000000000000e+00 0
7.8125000000000000e-02 9.0625000000000000e-01 0.0000000000000000e+00 0
9.3750000000000000e-02 9.0625000000000000e-01 0.0000000000000000e+00 0
1.0937500000000000e-01 9.0625000000000000e-01 0.0000000000000000e+00 0
1.2500000000000000e-01 9.0625000000000000e-01 0.0000000000000000e+00 0
1.4062500000000000e-01 9.0625000000000000e-01 0.0000000000000000e+00 0
1.5625000000000000e-01 9.0625000000000000e-01 0.0000000000000000e+00 0
1.7187500000000000e-01 9.0625000000000000e-01 0.0000000000000000e+00 0
1.8750000000000000e-01 9.0625000000000000e-01 0.0000000000000000e+00 0
2.0312500000000000e-01 9.0625000000000000e-01 0.0000000000000000e+00 0
2.1875000000000000e-01 9.0625000000000000e-01 0.0000000000000000e+00 0
2.3437500000000000e-01 9.0625000000000000e-01 0.0000000000000000e+00 0
2.5000000000000000e-01 9.0625000000000000e-01 0.0000000000000000e+00 0
2.6562500000000000e-01 9.0625000000000000e-01 0.0000000000000000e+00 0
2.8125000000000000e-01 9.0625000000000000e-01 0.0000000000000000e+00 0
2.9687500000000000e-01 9.0625000000000000e-01 0.0000000000000000e+00 0
3.1250000000000000e-01 9.0625000000000000e-01 0.0000000000000000e+00 0
3.2812500000000000e-01 9.0625000000000000e-01 0.0000000000000000e+00 0
3.4375000000000000e-01 9.0625000000000000e-01 0.0000000000000000e+00 0
3.5937500000000000e-01 9.0625000000000000e-01 0.0000000000000000e+00 0
3.7500000000000000e-01 9.0625000000000000e-01 0.0000000000000000e+00 0
3.9062500000000000e-01 9.0625000000000000e-01 0.0000000000000000e+00 0
4.0625000000000000e-01 9.0625000000000000e-01 0.0000000000000000e+00 0
4.2187500000000000e-01 9.0625000000000000e-01 0.0000000000000000e+00 0
4.3750000000000000e-01 9.0625000000000000e-01 0.0000000000000000e+00 0
4.5312500000000000e-01 9.0625000000000000e-01 0.0000000000000000e+00 0
4.6875000000000000e-01 9.0625000000000000e-01 0.0000000000000000e+00 0
4.8437500000000000e-01 9.0625000000000000e-01 0.0000000000000000e+00 0
5.0000000000000000e-01 9.0625000000000000e-01 0.0000000000000000e+00 0
5.1562500000000000e-01 9.0625000000000000e-01 0.0000000000000000e+00 0
5.3125000000000000e-01 9.0625000000000000e-01 0.0000000000000000e+00 0
5.4687500000000000e-01 9.0625000000000000e-01 0.0000000000000000e+00 0
5.6250000000000000e-01 9.0625000000000000e-01 0.0000000000000000e+00 0
5.7812500000000000e-01 9.0625000000000000e-01 0.0000000000000000e+00 0
5.9375000000000000e-01 9.0625000000000000e-01 0.0000000000000000e+00 0
6.0937500000000000e-01 9.0625000000000000e-01 0.0000000000000000e+00 0
6.2500000000000000e-01 9.0625000000000000e-01 0.0000000000000000e+00 0
6.4062500000000000e-01 9.0625000000000000e-01 0.0000000000000000e+00 0
6.5625000000000000e-01 9.0625000000000000e-01 0.0000000000000000e+00 0
6.7187500000000000e-01 9.0625000000000000e-01 0.0000000000000000e+00 0
6.8750000000000000e-01 9.0625000000000000e-01 0.0000000000000000e+00 0
7.0312500000000000e-01 9.0625000000000000e-01 0.0000000000000000e+00 0
7.1875000000000000e-01 9.0625000000000000e-01 0.0000000000000000e+00 0
7.3437500000000000e-01 9.0625000000000000e-01 0.0000000000000000e+00 0
7.5000000000000000e-01 9.0625000000000000e-01 0.0000000000000000e+00 0
7.6562500000000000e-01 9.0625000000000000e-01 0.0000000000000000e+00 0
7.8125000000000000e-01 9.0625000000000000e-01 0.0000000000000000e+00 0
7.9687500000000000e-01 9.0625000000000000e-01 0.0000000000000000e+00 0
8.1250000000000000e-01 9.0625000000000000e-01 0.0000000000000000e+00 0
8.2812500000000000e-01 9.0625000000000000e-01 0.0000000000000000e+00 0
8.4375000000000000e-01 9.0625000000000000e-01 0.0000000000000000e+00 0
8.5937500000000000e-01 9.0625000000000000e-01 0.0000000000000000e+00 0
8.7500000000000000e-01 9.0625000000000000e-01 0.0000000000000000e+00 0
8.9062500000000000e-01 9.0625000000000000e-01 0.0000000000000000e+00 0
9.0625000000000000e-01 9.0625000000000000e-01 0.0000000000000000e+00 0
9.2187500000000000e-01 9.0625000000000000e-01 0.0000000000000000e+00 0
9.3750000000000000e-01 9.0625000000000000e-01 0.0000000000000000e+00 0
9.5312500000000000e-01 9.0625000000000000e-01 0.0000000000000000e+00 0
9.6875000000000000e-01 9.0625000000000000e-01 0.0000000000000000e+00 0
9.8437500000000000e-01 9.0625000000000000e-01 0.0000000000000000e+00 0
1.5625000000000000e-02 9.2187500000000000e-01 0.0000000000000000e+00 0
3.1250000000000000e-02 9.2187500000000000e-01 0.0000000000000000e+00 0
4.6875000000000000e-02 9.2187500000000000e-01 0.0000000000000000e+00 0
6.2500000000000000e-02 9.2187500000000000e-01 0.0000000000000000e+00 0
7.8125000000000000e-02 9.2187500000000000e-01 0.0000000000000000e+00 0
9.3750000000000000e-02 9.2187500000000000e-01 0.0000000000000000e+00 0
1.0937500000000000e-01 9.2187500000000000e-01 0.0000000000000000e+00 0
1.2500000000000000e-01 9.2187500000000000e-01 0.0000000000000000e+00 0
1.4062500000000000e-01 9.2187500000000000e-01 0.0000000000000000e+00 0
1.5625000000000000e-01 9.2187500000000000e-01 0.0000000000000000e+00 0
1.7187500000000000e-01 9.2187500000000000e-01 0.0000000000000000e+00 0
1.8750000000000000e-01 9.2187500000000000e-01 0.0000000000000000e+00 0
2.0312500000000000e-01 9.2187500000000000e-01 0.0000000000000000e+00 0
2.1875000000000000e-01 9.2187500000000000e-01 0.0000000000000000e+00 0
2.3437500000000000e-01 9.2187500000000000e-01 0.0000000000000000e+00 0
2.5000000000000000e-01 9.2187500000000000e-01 0.0000000000000000e+00 0
2.6562500000000000e-01 9.2187500000000000e-01 0.0000000000000000e+00 0
2.8125000000000000e-01 9.2187500000000000e-01 0.0000000000000000e+00 0
2.9687500000000000e-01 9.2187500000000000e-01 0.0000000000000000e+00 0
3.1250000000000000e-01 9.2187500000000000e-01 0.0000000000000000e+00 0
3.2812500000000000e-01 9.2187500000000000e-01 0.0000000000000000e+00 0
3.4375000000000000e-01 9.2187500000000000e-01 0.0000000000000000e+00 0
3.5937500000000000e-01 9.2187500000000000e-01 0.0000000000000000e+00 0
3.7500000000000000e-01 9.2187500000000000e-01 0.0000000000000000e+00 0
3.9062500000000000e-01 9.2187500000000000e-01 0.0000000000000000e+00 0
4.0625000000000000e-01 9.2187500000000000e-01 0.0000000000000000e+00 0
4.2187500000000000e-01 9.2187500000000000e-01 0.0000000000000000e+00 0
4.3750000000000000e-01 9.2187500000000000e-01 0.0000000000000000e+00 0
4.5312500000000000e-01 9.2187500000000000e-01 0.0000000000000000e+00 0
4.6875000000000000e-01 9.2187500000000000e-01 0.0000000000000000e+00 0
4.8437500000000000e-01 9.2187500000000000e-01 0.0000000000000000e+00 0
5.0000000000000000e-01 9.2187500000000000e-01 0.0000000000000000e+00 0
5.1562500000000000e-01 9.2187500000000000e-01 0.0000000000000000e+00 0
5.3125000000000000e-01 9.2187500000000000e-01 0.0000000000000000e+00 0
5.4687500000000000e-01 9.2187500000000000e-01 0.0000000000000000e+00 0
5.6250000000000000e-01 9.2187500000000000e-01 0.0000000000000000e+00 0
5.7812500000000000e-01 9.2187500000000000e-01 0.0000000000000000e+00 0
5.9375000000000000e-01 9.2187500000000000e-01 0.0000000000000000e+00 0
6.0937500000000000e-01 9.2187500000000000e-01 0.0000000000000000e+00 0
6.2500000000000000e-01 9.2187500000000000e-01 0.0000000000000000e+00 0
6.4062500000000000e-01 9.2187500000000000e-01 0.0000000000000000e+00 0
6.5625000000000000e-01 9.2187500000000000e-01 0.0000000000000000e+00 0
6.7187500000000000e-01 9.2187500000000000e-01 0.0000000000000000e+00 0
6.8750000000000000e-01 9.2187500000000000e-01 0.0000000000000000e+00 0
7.0312500000000000e-01 9.2187500000000000e-01 0.0000000000000000e+00 0
7.1875000000000000e-01 9.2187500000000000e-01 0.0000000000000000e+00 0
7.3437500000000000e-01 9.2187500000000000e-01 0.0000000000000000e+00 0
7.5000000000000000e-01 9.2187500000000000e-01 0.0000000000000000e+00 0
7.6562500000000000e-01 9.2187500000000000e-01 0.0000000000000000e+00 0
7.8125000000000000e-01 9.2187500000000000e-01 0.0000000000000000e+00 0
7.9687500000000000e-01 9.2187500000000000e-01 0.0000000000000000e+00 0
8.1250000000000000e-01 9.2187500000000000e-01 0.0000000000000000e+00 0
8.2812500000000000e-01 9.2187500000000000e-01 0.0000000000000000e+00 0
8.4375000000000000e-01 9.2187500000000000e-01 0.0000000000000000e+00 0
8.5937500000000000e-01 9.2187500000000000e-01 0.0000000000000000e+00 0
8.7500000000000000e-01 9.2187500000000000e-01 0.0000000000000000e+00 0
8.9062500000000000e-01 9.2187500000000000e-01 0.0000000000000000e+00 0
9.0625000000000000e-01 9.2187500000000000e-01 0.0000000000000000e+00 0
9.2187500000000000e-01 9.2187500000000000e-01 0.0000000000000000e+00 0
9.3750000000000000e-01 9.2187500000000000e-01 0.0000000000000000e+00 0
9.5312500000000000e-01 9.2187500000000000e-01 0.0000000000000000e+00 0
9.6875000000000000e-01 9.2187500000000000e-01 0.0000000000000000e+00 0
9.8437500000000000e-01 9.2187500000000000e-01 0.0000000000000000e+00 0
1.5625000000000000e-02 9.3750000000000000e-01 0.0000000000000000e+00 0
3.1250000000000000e-02 9.3750000000000000e-01 0.0000000000000000e+00 0
4.6875000000000000e-02 9.3750000000000000e-01 0.0000000000000000e+00 0
6.2500000000000000e-02 9.3750000000000000e-01 0.0000000000000000e+00 0
7.8125000000000000e-02 9.3750000000000000e-01 0.0000000000000000e+00 0
9.3750000000000000e-02 9.3750000000000000e-01 0.0000000000000000e+00 0
1.0937500000000000e-01 9.3750000000000000e-01 0.0000000000000000e+00 0
1.2500000000000000e-01 9.3750000000000000e-01 0.0000000000000000e+00 0
1.4062500000000000e-01 9.3750000000000000e-01 0.0000000000000000e+00 0
1.5625000000000000e-01 9.3750000000000000e-01 0.0000000000000000e+00 0
1.7187500000000000e-01 9.3750000000000000e-01 0.0000000000000000e+00 0
1.8750000000000000e-01 9.3750000000000000e-01 0.0000000000000000e+00 0
2.0312500000000000e-01 9.3750000000000000e-01 0.0000000000000000e+00 0
2.1875000000000000e-01 9.3750000000000000e-01 0.0000000000000000e+00 0
2.3437500000000000e-01 9.3750000000000000e-01 0.0000000000000000e+00 0
2.5000000000000000e-01 9.3750000000000000e-01 0.0000000000000000e+00 0
2.6562500000000000e-01 9.3750000000000000e-01 0.0000000000000000e+00 0
2.8125000000000000e-01 9.3750000000000000e-01 0.0000000000000000e+00 0
2.9687500000000000e-01 9.3750000000000000e-01 0.0000000000000000e+00 0
3.1250000000000000e-01 9.3750000000000000e-01 0.0000000000000000e+00 0
3.2812500000000000e-01 9.3750000000000000e-01 0.0000000000000000e+00 0
3.4375000000000000e-01 9.3750000000000000e-01 0.0000000000000000e+00 0
3.5937500000000000e-01 9.3750000000000000e-01 0.0000000000000000e+00 0
3.7500000000000000e-01 9.3750000000000000e-01 0.0000000000000000e+00 0
3.9062500000000000e-01 9.3750000000000000e-01 0.0000000000000000e+00 0
4.0625000000000000e-01 9.3750000000000000e-01 0.0000000000000000e+00 0
4.2187500000000000e-01 9.3750000000000000e-01 0.0000000000000000e+00 0
4.3750000000000000e-01 9.3750000000000000e-01 0.0000000000000000e+00 0
4.5312500000000000e-01 9.3750000000000000e-01 0.0000000000000000e+00 0
4.6875000000000000e-01 9.3750000000000000e-01 0.0000000000000000e+00 0
4.8437500000000000e-01 9.3750000000000000e-01 0.0000000000000000e+00 0
5.0000000000000000e-01 9.3750000000000000e-01 0.0000000000000000e+00 0
5.1562500000000000e-01 9.3750000000000000e-01 0.0000000000000000e+00 0
5.3125000000000000e-01 9.3750000000000000e-01 0.0000000000000000e+00 0
5.4687500000000000e-01 9.3750000000000000e-01 0.0000000000000000e+00 0
5.6250000000000000e-01 9.3750000000000000e-01 0.0000000000000000e+00 0
5.7812500000000000e-01 9.3750000000000000e-01 0.0000000000000000e+00 0
5.9375000000000000e-01 9.3750000000000000e-01 0.0000000000000000e+00 0
6.0937500000000000e-01 9.3750000000000000e-01 0.0000000000000000e+00 0
6.2500000000000000e-01 9.3750000000000000e-01 0.0000000000000000e+00 0
6.4062500000000000e-01 9.3750000000000000e-01 0.0000000000000000e+00 0
6.5625000000000000e-01 9.3750000000000000e-01 0.0000000000000000e+00 0
6.7187500000000000e-01 9.3750000000000000e-01 0.0000000000000000e+00 0
6.8750000000000000e-01 9.3750000000000000e-01 0.0000000000000000e+00 0
7.0312500000000000e-01 9.3750000000000000e-01 0.0000000000000000e+00 0
7.1875000000000000e-01 9.3750000000000000e-01 0.0000000000000000e+00 0
7.3437500000000000e-01 9.3750000000000000e-01 0.0000000000000000e+00 0
7.5000000000000000e-01 9.3750000000000000e-01 0.0000000000000000e+00 0
7.6562500000000000e-01 9.3750000000000000e-01 0.0000000000000000e+00 0
7.8125000000000000e-01 9.3750000000000000e-01 0.0000000000000000e+00 0
7.9687500000000000e-01 9.3750000000000000e-01 0.0000000000000000e+00 0
8.1250000000000000e-01 9.3750000000000000e-01 0.0000000000000000e+00 0
8.2812500000000000e-01 9.3750000000000000e-01 0.0000000000000000e+00 0
8.4375000000000000e-01 9.3750000000000000e-01 0.0000000000000000e+00 0
8.5937500000000000e-01 9.3750000000000000e-01 0.0000000000000000e+00 0
8.7500000000000000e-01 9.3750000000000000e-01 0.0000000000000000e+00 0
8.9062500000000000e-01 9.3750000000000000e-01 0.0000000000000000e+00 0
9.0625000000000000e-01 9.3750000000000000e-01 0.0000000000000000e+00 0
9.2187500000000000e-01 9.3750000000000000e-01 0.0000000000000000e+00 0
9.3750000000000000e-01 9.3750000000000000e-01 0.0000000000000000e+00 0
9.5312500000000000e-01 9.3750000000000000e-01 0.0000000000000000e+00 0
9.6875000000000000e-01 9.3750000000000000e-01 0.0000000000000000e+00 0
9.8437500000000000e-01 9.3750000000000000e-01 0.0000000000000000e+00 0
1.5625000000000000e-02 9.5312500000000000e-01 0.0000000000000000e+00 0
3.1250000000000000e-02 9.5312500000000000e-01 0.0000000000000000e+00 0
4.6875000000000000e-02 9.5312500000000000e-01 0.0000000000000000e+00 0
6.2500000000000000e-02 9.5312500000000000e-01 0.0000000000000000e+00 0
7.8125000000000000e-02 9.5312500000000000e-01 0.0000000000000000e+00 0
9.3750000000000000e-02 9.5312500000000000e-01 0.0000000000000000e+00 0
1.0937500000000000e-01 9.5312500000000000e-01 0.0000000000000000e+00 0
1.2500000000000000e-01 9.5312500000000000e-01 0.0000000000000000e+00 0
1.4062500000000000e-01 9.5312500000000000e-01 0.0000000000000000e+00 0
1.5625000000000000e-01 9.5312500000000000e-01 0.0000000000000000e+00 0
1.7187500000000000e-01 9.5312500000000000e-01 0.0000000000000000e+00 0
1.8750000000000000e-01 9.5312500000000000e-01 0.0000000000000000e+00 0
2.0312500000000000e-01 9.5312500000000000e-01 0.0000000000000000e+00 0
2.1875000000000000e-01 9.5312500000000000e-01 0.0000000000000000e+00 0
2.3437500000000000e-01 9.5312500000000000e-01 0.0000000000000000e+00 0
2.5000000000000000e-01 9.5312500000000000e-01 0.0000000000000000e+00 0
2.6562500000000000e-01 9.5312500000000000e-01 0.0000000000000000e+00 0
2.8125000000000000e-01 9.5312500000000000e-01 0.0000000000000000e+00 0
2.9687500000000000e-01 9.5312500000000000e-01 0.0000000000000000e+00 0
3.1250000000000000e-01 9.5312500000000000e-01 0.0000000000000000e+00 0
3.2812500000000000e-01 9.5312500000000000e-01 0.0000000000000000e+00 0
3.4375000000000000e-01 9.5312500000000000e-01 0.0000000000000000e+00 0
3.5937500000000000e-01 9.5312500000000000e-01 0.0000000000000000e+00 0
3.7500000000000000e-01 9.5312500000000000e-01 0.0000000000000000e+00 0
3.9062500000000000e-01 9.5312500000000000e-01 0.0000000000000000e+00 0
4.0625000000000000e-01 9.5312500000000000e-01 0.0000000000000000e+00 0
4.2187500000000000e-01 9.5312500000000000e-01 0.0000000000000000e+00 0
4.3750000000000000e-01 9.5312500000000000e-01 0.0000000000000000e+00 0
4.5312500000000000e-01 9.5312500000000000e-01 0.0000000000000000e+00 0
4.6875000000000000e-01 9.5312500000000000e-01 0.0000000000000000e+00 0
4.8437500000000000e-01 9.5312500000000000e-01 0.0000000000000000e+00 0
5.0000000000000000e-01 9.5312500000000000e-01 0.0000000000000000e+00 0
5.1562500000000000e-01 9.5312500000000000e-01 0.0000000000000000e+00 0
5.3125000000000000e-01 9.5312500000000000e-01 0.0000000000000000e+00 0
5.4687500000000000e-01 9.5312500000000000e-01 0.0000000000000000e+00 0
5.6250000000000000e-01 9.5312500000000000e-01 0.0000000000000000e+00 0
5.7812500000000000e-01 9.5312500000000000e-01 0.0000000000000000e+00 0
5.9375000000000000e-01 9.5312500000000000e-01 0.0000000000000000e+00 0
6.0937500000000000e-01 9.5312500000000000e-01 0.0000000000000000e+00 0
6.2500000000000000e-01 9.5312500000000000e-01 0.0000000000000000e+00 0
6.4062500000000000e-01 9.5312500000000000e-01 0.0000000000000000e+00 0
6.5625000000000000e-01 9.5312500000000000e-01 0.0000000000000000e+00 0
6.7187500000000000e-01 9.5312500000000000e-01 0.0000000000000000e+00 0
6.8750000000000000e-01 9.5312500000000000e-01 0.0000000000000000e+00 0
7.0312500000000000e-01 9.5312500000000000e-01 0.0000000000000000e+00 0
7.1875000000000000e-01 9.5312500000000000e-01 0.0000000000000000e+00 0
7.3437500000000000e-01 9.5312500000000000e-01 0.0000000000000000e+00 0
7.5000000000000000e-01 9.5312500000000000e-01 0.0000000000000000e+00 0
7.6562500000000000e-01 9.5312500000000000e-01 0.0000000000000000e+00 0
7.8125000000000000e-01 9.5312500000000000e-01 0.0000000000000000e+00 0
7.9687500000000000e-01 9.5312500000000000e-01 0.0000000000000000e+00 0
8.1250000000000000e-01 9.5312500000000000e-01 0.0000000000000000e+00 0
8.2812500000000000e-01 9.5312500000000000e-01 0.0000000000000000e+00 0
8.4375000000000000e-01 9.5312500000000000e-01 0.0000000000000000e+00 0
8.5937500000000000e-01 9.5312500000000000e-01 0.0000000000000000e+00 0
8.7500000000000000e-01 9.5312500000000000e-01 0.0000000000000000e+00 0
8.9062500000000000e-01 9.5312500000000000e-01 0.0000000000000000e+00 0
9.0625000000000000e-01 9.5312500000000000e-01 0.0000000000000000e+00 0
9.2187500000000000e-01 9.5312500000000000e-01 0.0000000000000000e+00 0
9.3750000000000000e-01 9.5312500000000000e-01 0.0000000000000000e+00 0
9.5312500000000000e-01 9.5312500000000000e-01 0.0000000000000000e+00 0
9.6875000000000000e-01 9.5312500000000000e-01 0.0000000000000000e+00 0
9.8437500000000000e-01 9.5312500000000000e-01 0.0000000000000000e+00 0
1.5625000000000000e-02 9.6875000000000000e-01 0.0000000000000000e+00 0
3.1250000000000000e-02 9.6875000000000000e-01 0.0000000000000000e+00 0
4.6875000000000000e-02 9.6875000000000000e-01 0.0000000000000000e+00 0
6.2500000000000000e-02 9.6875000000000000e-01 0.0000000000000000e+00 0
7.8125000000000000e-02 9.6875000000000000e-01 0.0000000000000000e+00 0
9.3750000000000000e-02 9.6875000000000000e-01 0.0000000000000000e+00 0
1.0937500000000000e-01 9.6875000000000000e-01 0.0000000000000000e+00 0
1.2500000000000000e-01 9.6875000000000000e-01 0.0000000000000000e+00 0
1.4062500000000000e-01 9.6875000000000000e-01 0.0000000000000000e+00 0
1.5625000000000000e-01 9.6875000000000000e-01 0.0000000000000000e+00 0
1.7187500000000000e-01 9.6875000000000000e-01 0.0000000000000000e+00 0
1.8750000000000000e-01 9.6875000000000000e-01 0.0000000000000000e+00 0
2.0312500000000000e-01 9.6875000000000000e-01 0.0000000000000000e+00 0
2.1875000000000000e-01 9.6875000000000000e-01 0.0000000000000000e+00 0
2.3437500000000000e-01 9.6875000000000000e-01 0.0000000000000000e+00 0
2.5000000000000000e-01 9.6875000000000000e-01 0.0000000000000000e+00 0
2.6562500000000000e-01 9.6875000000000000e-01 0.0000000000000000e+00 0
2.8125000000000000e-01 9.6875000000000000e-01 0.0000000000000000e+00 0
2.9687500000000000e-01 9.6875000000000000e-01 0.0000000000000000e+00 0
3.1250000000000000e-01 9.6875000000000000e-01 0.0000000000000000e+00 0
3.2812500000000000e-01 9.6875000000000000e-01 0.0000000000000000e+00 0
3.4375000000000000e-01 9.6875000000000000e-01 0.0000000000000000e+00 0
3.5937500000000000e-01 9.6875000000000000e-01 0.0000000000000000e+00 0
3.7500000000000000e-01 9.6875000000000000e-01 0.0000000000000000e+00 0
3.9062500000000000e-01 9.6875000000000000e-01 0.0000000000000000e+00 0
4.0625000000000000e-01 9.6875000000000000e-01 0.0000000000000000e+00 0
4.2187500000000000e-01 9.6875000000000000e-01 0.0000000000000000e+00 0
4.3750000000000000e-01 9.6875000000000000e-01 0.0000000000000000e+00 0
4.5312500000000000e-01 9.6875000000000000e-01 0.0000000000000000e+00 0
4.6875000000000000e-01 9.6875000000000000e-01 0.0000000000000000e+00 0
4.8437500000000000e-01 9.6875000000000000e-01 0.0000000000000000e+00 0
5.0000000000000000e-01 9.6875000000000000e-01 0.0000000000000000e+00 0
5.1562500000000000e-01 9.6875000000000000e-01 0.0000000000000000e+00 0
5.3125000000000000e-01 9.6875000000000000e-01 0.0000000000000000e+00 0
5.4687500000000000e-01 9.6875000000000000e-01 0.0000000000000000e+00 0
5.6250000000000000e-01 9.6875000000000000e-01 0.0000000000000000e+00 0
5.7812500000000000e-01 9.6875000000000000e-01 0.0000000000000000e+00 0
5.9375000000000000e-01 9.6875000000000000e-01 0.0000000000000000e+00 0
6.0937500000000000e-01 9.6875000000000000e-01 0.0000000000000000e+00 0
6.2500000000000000e-01 9.6875000000000000e-01 0.0000000000000000e+00 0
6.4062500000000000e-01 9.6875000000000000e-01 0.0000000000000000e+00 0
6.5625000000000000e-01 9.6875000000000000e-01 0.0000000000000000e+00 0
6.7187500000000000e-01 9.6875000000000000e-01 0.0000000000000000e+00 0
6.8750000000000000e-01 9.6875000000000000e-01 0.0000000000000000e+00 0
7.0312500000000000e-01 9.6875000000000000e-01 0.0000000000000000e+00 0
7.1875000000000000e-01 9.6875000000000000e-01 0.0000000000000000e+00 0
7.3437500000000000e-01 9.6875000000000000e-01 0.0000000000000000e+00 0
7.5000000000000000e-01 9.6875000000000000e-01 0.0000000000000000e+00 0
7.6562500000000000e-01 9.6875000000000000e-01 0.0000000000000000e+00 0
7.8125000000000000e-01 9.6875000000000000e-01 0.0000000000000000e+00 0
7.9687500000000000e-01 9.6875000000000000e-01 0.0000000000000000e+00 0
8.1250000000000000e-01 9.6875000000000000e-01 0.0000000000000000e+00 0
8.2812500000000000e-01 9.6875000000000000e-01 0.0000000000000000e+00 0
8.4375000000000000e-01 9.6875000000000000e-01 0.0000000000000000e+00 0
8.5937500000000000e-01 9.6875000000000000e-01 0.0000000000000000e+00 0
8.7500000000000000e-01 9.6875000000000000e-01 0.0000000000000000e+00 0
8.9062500000000000e-01 9.6875000000000000e-01 0.0000000000000000e+00 0
9.0625000000000000e-01 9.6875000000000000e-01 0.0000000000000000e+00 0
9.2187500000000000e-01 9.6875000000000000e-01 0.0000000000000000e+00 0
9.3750000000000000e-01 9.6875000000000000e-01 0.0000000000000000e+00 0
9.5312500000000000e-01 9.6875000000000000e-01 0.0000000000000000e+00 0
9.6875000000000000e-01 9.6875000000000000e-01 0.0000000000000000e+00 0
9.8437500000000000e-01 9.6875000000000000e-01 0.0000000000000000e+00 0
1.5625000000000000e-02 9.8437500000000000e-01 0.0000000000000000e+00 0
3.1250000000000000e-02 9.8437500000000000e-01 0.0000000000000000e+00 0
4.6875000000000000e-02 9.8437500000000000e-01 0.0000000000000000e+00 0
6.2500000000000000e-02 9.8437500000000000e-01 0.0000000000000000e+00 0
7.8125000000000000e-02 9.8437500000000000e-01 0.0000000000000000e+00 0
9.3750000000000000e-02 9.8437500000000000e-01 0.0000000000000000e+00 0
1.0937500000000000e-01 9.8437500000000000e-01 0.0000000000000000e+00 0
1.2500000000000000e-01 9.8437500000000000e-01 0.0000000000000000e+00 0
1.4062500000000000e-01 9.8437500000000000e-01 0.0000000000000000e+00 0
1.5625000000000000e-01 9.8437500000000000e-01 0.0000000000000000e+00 0
1.7187500000000000e-01 9.8437500000000000e-01 0.0000000000000000e+00 0
1.8750000000000000e-01 9.8437500000000000e-01 0.0000000000000000e+00 0
2.0312500000000000e-01 9.8437500000000000e-01 0.0000000000000000e+00 0
2.1875000000000000e-01 9.8437500000000000e-01 0.0000000000000000e+00 0
2.3437500000000000e-01 9.8437500000000000e-01 0.0000000000000000e+00 0
2.5000000000000000e-01 9.8437500000000000e-01 0.0000000000000000e+00 0
2.6562500000000000e-01 9.8437500000000000e-01 0.0000000000000000e+00 0
2.8125000000000000e-01 9.8437500000000000e-01 0.0000000000000000e+00 0
2.9687500000000000e-01 9.8437500000000000e-01 0.0000000000000000e+00 0
3.1250000000000000e-01 9.8437500000000000e-01 0.0000000000000000e+00 0
3.2812500000000000e-01 9.8437500000000000e-01 0.0000000000000000e+00 0
3.4375000000000000e-01 9.8437500000000000e-01 0.0000000000000000e+00 0
3.5937500000000000e-01 9.8437500000000000e-01 0.0000000000000000e+00 0
3.7500000000000000e-01 9.8437500000000000e-01 0.0000000000000000e+00 0
3.9062500000000000e-01 9.8437500000000000e-01 0.0000000000000000e+00 0
4.0625000000000000e-01 9.8437500000000000e-01 0.0000000000000000e+00 0
4.2187500000000000e-01 9.8437500000000000e-01 0.0000000000000000e+00 0
4.3750000000000000e-01 9.8437500000000000e-01 0.0000000000000000e+00 0
4.5312500000000000e-01 9.8437500000000000e-01 0.0000000000000000e+00 0
4.6875000000000000e-01 9.8437500000000000e-01 0.0000000000000000e+00 0
4.8437500000000000e-01 9.8437500000000000e-01 0.0000000000000000e+00 0
5.0000000000000000e-01 9.8437500000000000e-01 0.0000000000000000e+00 0
5.1562500000000000e-01 9.8437500000000000e-01 0.0000000000000000e+00 0
5.3125000000000000e-01 9.8437500000000000e-01 0.0000000000000000e+00 0
5.4687500000000000e-01 9.8437500000000000e-01 0.0000000000000000e+00 0
5.6250000000000000e-01 9.8437500000000000e-01 0.0000000000000000e+00 0
5.7812500000000000e-01 9.8437500000000000e-01 0.0000000000000000e+00 0
5.9375000000000000e-01 9.8437500000000000e-01 0.0000000000000000e+00 0
6.0937500000000000e-01 9.8437500000000000e-01 0.0000000000000000e+00 0
6.2500000000000000e-01 9.8437500000000000e-01 0.0000000000000000e+00 0
6.4062500000000000e-01 9.8437500000000000e-01 0.0000000000000000e+00 0
6.5625000000000000e-01 9.8437500000000000e-01 0.0000000000000000e+00 0
6.7187500000000000e-01 9.8437500000000000e-01 0.0000000000000000e+00 0
6.8750000000000000e-01 9.8437500000000000e-01 0.0000000000000000e+00 0
7.0312500000000000e-01 9.8437500000000000e-01 0.0000000000000000e+00 0
7.1875000000000000e-01 9.8437500000000000e-01 0.0000000000000000e+00 0
7.3437500000000000e-01 9.8437500000000000e-01 0.0000000000000000e+00 0
7.5000000000000000e-01 9.8437500000000000e-01 0.0000000000000000e+00 0
7.6562500000000000e-01 9.8437500000000000e-01 0.0000000000000000e+00 0
7.8125000000000000e-01 9.8437500000000000e-01 0.0000000000000000e+00 0
7.9687500000000000e-01 9.8437500000000000e-01 0.0000000000000000e+00 0
8.1250000000000000e-01 9.8437500000000000e-01 0.0000000000000000e+00 0
8.2812500000000000e-01 9.8437500000000000e-01 0.0000000000000000e+00 0
8.4375000000000000e-01 9.8437500000000000e-01 0.0000000000000000e+00 0
8.5937500000000000e-01 9.8437500000000000e-01 0.0000000000000000e+00 0
8.7500000000000000e-01 9.8437500000000000e-01 0.0000000000000000e+00 0
8.9062500000000000e-01 9.8437500000000000e-01 0.0000000000000000e+00 0
9.0625000000000000e-01 9.8437500000000000e-01 0.0000000000000000e+00 0
9.2187500000000000e-01 9.8437500000000000e-01 0.0000000000000000e+00 0
9.3750000000000000e-01 9.8437500000000000e-01 0.0000000000000000e+00 0
9.5312500000000000e-01 9.8437500000000000e-01 0.0000000000000000e+00 0
9.6875000000000000e-01 9.8437500000000000e-01 0.0000000000000000e+00 0
9.8437500000000000e-01 9.8437500000000000e-01 0.0000000000000000e+00 0
1.5625000000000000e-02 9.8437500000000000e-01 1.5625000000000000e-02 0
3.1250000000000000e-02 9.8437500000000000e-01 1.5625000000000000e-02 0
4.6875000000000000e-02 9.8437500000000000e-01 1.5625000000000000e-02 0
6.2500000000000000e-02 9.8437500000000000e-01 1.5625000000000000e-02 0
7.8125000000000000e-02 9.8437500000000000e-01 1.5625000000000000e-02 0
9.3750000000000000e-02 9.8437500000000000e-01 1.5625000000000000e-02 0
1.0937500000000000e-01 9.8437500000000000e-01 1.5625000000000000e-02 0
1.2500000000000000e-01 9.8437500000000000e-01 1.5625000000000000e-02 0
1.4062500000000000e-01 9.8437500000000000e-01 1.5625000000000000e-02 0
1.5625000000000000e-01 9.8437500000000000e-01 1.5625000000000000e-02 0
1.7187500000000000e-01 9.8437500000000000e-01 1.5625000000000000e-02 0
1.8750000000000000e-01 9.8437500000000000e-01 1.5625000000000000e-02 0
2.0312500000000000e-01 9.8437500000000000e-01 1.5625000000000000e-02 0
2.1875000000000000e-01 9.8437500000000000e-01 1.5625000000000000e-02 0
2.3437500000000000e-01 9.8437500000000000e-01 1.5625000000000000e-02 0
2.5000000000000000e-01 9.8437500000000000e-01 1.5625000000000000e-02 0
2.6562500000000000e-01 9.8437500000000000e-01 1.5625000000000000e-02 0
2.8125000000000000e-01 9.8437500000000000e-01 1.5625000000000000e-02 0
2.9687500000000000e-01 9.8437500000000000e-01 1.5625000000000000e-02 0
3.1250000000000000e-01 9.8437500000000000e-01 1.5625000000000000e-02 0
3.2812500000000000e-01 9.8437500000000000e-01 1.5625000000000000e-02 0
3.4375000000000000e-01 9.8437500000000000e-01 1.5625000000000000e-02 0
3.5937500000000000e-01 9.8437500000000000e-01 1.5625000000000000e-02 0
3.7500000000000000e-01 9.8437500000000000e-01 1.5625000000000000e-02 0
3.9062500000000000e-01 9.8437500000000000e-01 1.5625000000000000e-02 0
4.0625000000000000e-01 9.8437500000000000e-01 1.5625000000000000e-02 0
4.2187500000000000e-01 9.8437500000000000e-01 1.5625000000000000e-02 0
4.3750000000000000e-01 9.8437500000000000e-01 1.5625000000000000e-02 0
4.5312500000000000e-01 9.8437500000000000e-01 1.5625000000000000e-02 0
4.6875000000000000e-01 9.8437500000000000e-01 1.5625000000000000e-02 0
4.8437500000000000e-01 9.8437500000000000e-01 1.5625000000000000e-02 0
5.0000000000000000e-01 9.8437500000000000e-01 1.5625000000000000e-02 0
5.1562500000000000e-01 9.8437500000000000e-01 1.5625000000000000e-02 0
5.3125000000000000e-01 9.8437500000000000e-01 1.5625000000000000e-02 0
5.4687500000000000e-01 9.8437500000000000e-01 1.5625000000000000e-02 0
5.6250000000000000e-01 9.8437500000000000e-01 1.5625000000000000e-02 0
5.7812500000000000e-01 9.8437500000000000e-01 1.5625000000000000e-02 0
5.9375000000000000e-01 9.8437500000000000e-01 1.5625000000000000e-02 0
6.0937500000000000e-01 9.8437500000000000e-01 1.5625000000000000e-02 0
6.2500000000000000e-01 9.8437500000000000e-01 1.5625000000000000e-02 0
6.4062500000000000e-01 9.8437500000000000e-01 1.5625000000000000e-02 0
6.5625000000000000e-01 9.8437500000000000e-01 1.5625000000000000e-02 0
6.7187500000000000e-01 9.8437500000000000e-01 1.5625000000000000e-02 0
6.8750000000000000e-01 9.8437500000000000e-01 1.5625000000000000e-02 0
7.0312500000000000e-01 9.8437500000000000e-01 1.5625000000000000e-02 0
7.1875000000000000e-01 9.8437500000000000e-01 1.5625000000000000e-02 0
7.3437500000000000e-01 9.8437500000000000e-01 1.5625000000000000e-02 0
7.5000000000000000e-01 9.8437500000000000e-01 1.5625000000000000e-02 0
7.6562500000000000e-01 9.8437500000000000e-01 1.5625000000000000e-02 0
7.8125000000000000e-01 9.8437500000000000e-01 1.5625000000000000e-02 0
7.9687500000000000e-01 9.8437500000000000e-01 1.5625000000000000e-02 0
8.1250000000000000e-01 9.8437500000000000e-01 1.5625000000000000e-02 0
8.2812500000000000e-01 9.8437500000000000e-01 1.5625000000000000e-02 0
8.4375000000000000e-01 9.8437500000000000e-01 1.5625000000000000e-02 0
8.5937500000000000e-01 9.8437500000000000e-01 1.5625000000000000e-02 0
8.7500000000000000e-01 9.8437500000000000e-01 1.5625000000000000e-02 0
8.9062500000000000e-01 9.8437500000000000e-01 1.5625000000000000e-02 0
9.0625000000000000e-01 9.8437500000000000e-01 1.5625000000000000e-02 0
9.2187500000000000e-01 9.8437500000000000e-01 1.5625000000000000e-02 0
9.3750000000000000e-01 9.8437500000000000e-01 1.5625000000000000e-02 0
9.5312500000000000e-01 9.8437500000000000e-01 1.5625000000000000e-02 0
9.6875000000000000e-01 9.8437500000000000e-01 1.5625000000000000e-02 0
9.8437500000000000e-01 9.8437500000000000e-01 1.5625000000000000e-02 0
1.5625000000000000e-02 9.6875000000000000e-01 1.5625000000000000e-02 0
3.1250000000000000e-02 9.6875000000000000e-01 1.5625000000000000e-02 0
4.6875000000000000e-02 9.6875000000000000e-01 1.5625000000000000e-02 0
6.2500000000000000e-02 9.6875000000000000e-01 1.5625000000000000e-02 0
7.8125000000000000e-02 9.6875000000000000e-01 1.5625000000000000e-02 0
9.3750000000000000e-02 9.6875000000000000e-01 1.5625000000000000e-02 0
1.0937500000000000e-01 9.6875000000000000e-01 1.5625000000000000e-02 0
1.2500000000000000e-01 9.6875000000000000e-01 1.5625000000000000e-02 0
1.4062500000000000e-01 9.6875000000000000e-01 1.5625000000000000e-02 0
1.5625000000000000e-01 9.6875000000000000e-01 1.5625000000000000e-02 0
1.7187500000000000e-01 9.6875000000000000e-01 1.5625000000000000e-02 0
1.8750000000000000e-01 9.6875000000000000e-01 1.5625000000000000e-02 0
2.0312500000000000e-01 9.6875000000000000e-01 1.5625000000000000e-02 0
2.1875000000000000e-01 9.6875000000000000e-01 1.5625000000000000e-02 0
2.3437500000000000e-01 9.6875000000000000e-01 1.5625000000000000e-02 0
2.5000000000000000e-01 9.6875000000000000e-01 1.5625000000000000e-02 0
2.6562500000000000e-01 9.6875000000000000e-01 1.5625000000000000e-02 0
2.8125000000000000e-01 9.6875000000000000e-01 1.5625000000000000e-02 0
2.9687500000000000e-01 9.6875000000000000e-01 1.5625000000000000e-02 0
3.1250000000000000e-01 9.6875000000000000e-01 1.5625000000000000e-02 0
3.2812500000000000e-01 9.6875000000000000e-01 1.5625000000000000e-02 0
3.4375000000000000e-01 9.6875000000000000e-01 1.5625000000000000e-02 0
3.5937500000000000e-01 9.6875000000000000e-01 1.5625000000000000e-02 0
3.7500000000000000e-01 9.6875000000000000e-01 1.5625000000000000e-02 0
3.9062500000000000e-01 9.6875000000000000e-01 1.5625000000000000e-02 0
4.0625000000000000e-01 9.6875000000000000e-01 1.5625000000000000e-02 0
4.2187500000000000e-01 9.6875000000000000e-01 1.5625000000000000e-02 0
4.3750000000000000e-01 9.6875000000000000e-01 1.5625000000000000e-02 0
4.5312500000000000e-01 9.6875000000000000e-01 1.5625000000000000e-02 0
4.6875000000000000e-01 9.6875000000000000e-01 1.5625000000000000e-02 0
4.8437500000000000e-01 9.6875000000000000e-01 1.5625000000000000e-02 0
5.0000000000000000e-01 9.6875000000000000e-01 1.5625000000000000e-02 0
5.1562500000000000e-01 9.6875000000000000e-01 1.5625000000000000e-02 0
5.3125000000000000e-01 9.6875000000000000e-01 1.5625000000000000e-02 0
5.4687500000000000e-01 9.6875000000000000e-01 1.5625000000000000e-02 0
5.6250000000000000e-01 9.6875000000000000e-01 1.5625000000000000e-02 0
5.7812500000000000e-01 9.6875000000000000e-01 1.5625000000000000e-02 0
5.9375000000000000e-01 9.6875000000000000e-01 1.5625000000000000e-02 0
6.0937500000000000e-01 9.6875000000000000e-01 1.5625000000000000e-02 0
6.2500000000000000e-01 9.6875000000000000e-01 1.5625000000000000e-02 0
6.4062500000000000e-01 9.6875000000000000e-01 1.5625000000000000e-02 0
6.5625000000000000e-01 9.6875000000000000e-01 1.5625000000000000e-02 0
6.7187500000000000e-01 9.6875000000000000e-01 1.5625000000000000e-02 0
6.8750000000000000e-01 9.6875000000000000e-01 1.5625000000000000e-02 0
7.0312500000000000e-01 9.6875000000000000e-01 1.5625000000000000e-02 0
7.1875000000000000e-01 9.6875000000000000e-01 1.5625000000000000e-02 0
7.3437500000000000e-01 9.6875000000000000e-01 1.5625000000000000e-02 0
7.5000000000000000e-01 9.6875000000000000e-01 1.5625000000000000e-02 0
7.6562500000000000e-01 9.6875000000000000e-01 1.5625000000000000e-02 0
7.8125000000000000e-01 9.6875000000000000e-01 1.5625000000000000e-02 0
7.9687500000000000e-01 9.6875000000000000e-01 1.5625000000000000e-02 0
8.1250000000000000e-01 9.6875000000000000e-01 1.5625000000000000e-02 0
8.2812500000000000e-01 9.6875000000000000e-01 1.5625000000000000e-02 0
8.4375000000000000e-01 9.6875000000000000e-01 1.5625000000000000e-02 0
8.5937500000000000e-01 9.6875000000000000e-01 1.5625000000000000e-02 0
8.7500000000000000e-01 9.6875000000000000e-01 1.5625000000000000e-02 0
8.9062500000000000e-01 9.6875000000000000e-01 1.5625000000000000e-02 0
9.0625000000000000e-01 9.6875000000000000e-01 1.5625000000000000e-02 0
9.2187500000000000e-01 9.6875000000000000e-01 1.5625000000000000e-02 0
9.3750000000000000e-01 9.6875000000000000e-01 1.5625000000000000e-02 0
9.5312500000000000e-01 9.6875000000000000e-01 1.5625000000000000e-02 0
9.6875000000000000e-01 9.6875000000000000e-01 1.5625000000000000e-02 0
9.8437500000000000e-01 9.6875000000000000e-01 1.5625000000000000e-02 0
1.5625000000000000e-02 9.5312500000000000e-01 1.5625000000000000e-02 0
3.1250000000000000e-02 9.5312500000000000e-01 1.5625000000000000e-02 0
4.6875000000000000e-02 9.5312500000000000e-01 1.5625000000000000e-02 0
6.2500000000000000e-02 9.5312500000000000e-01 1.5625000000000000e-02 0
7.8125000000000000e-02 9.5312500000000000e-01 1.5625000000000000e-02 0
9.3750000000000000e-02 9.5312500000000000e-01 1.5625000000000000e-02 0
1.0937500000000000e-01 9.5312500000000000e-01 1.5625000000000000e-02 0
1.2500000000000000e-01 9.5312500000000000e-01 1.5625000000000000e-02 0
1.4062500000000000e-01 9.5312500000000000e-01 1.5625000000000000e-02 0
1.5625000000000000e-01 9.5312500000000000e-01 1.5625000000000000e-02 0
1.7187500000000000e-01 9.5312500000000000e-01 1.5625000000000000e-02 0
1.8750000000000000e-01 9.5312500000000000e-01 1.5625000000000000e-02 0
2.0312500000000000e-01 9.5312500000000000e-01 1.5625000000000000e-02 0
2.1875000000000000e-01 9.5312500000000000e-01 1.5625000000000000e-02 0
2.3437500000000000e-01 9.5312500000000000e-01 1.5625000000000000e-02 0
2.5000000000000000e-01 9.5312500000000000e-01 1.5625000000000000e-02 0
2.6562500000000000e-01 9.5312500000000000e-01 1.5625000000000000e-02 0
2.8125000000000000e-01 9.5312500000000000e-01 1.5625000000000000e-02 0
2.9687500000000000e-01 9.5312500000000000e-01 1.5625000000000000e-02 0
3.1250000000000000e-01 9.5312500000000000e-01 1.5625000000000000e-02 0
3.2812500000000000e-01 9.5312500000000000e-01 1.5625000000000000e-02 0
3.4375000000000000e-01 9.5312500000000000e-01 1.5625000000000000e-02 0
3.5937500000000000e-01 9.5312500000000000e-01 1.5625000000000000e-02 0
3.7500000000000000e-01 9.5312500000000000e-01 1.5625000000000000e-02 0
3.9062500000000000e-01 9.5312500000000000e-01 1.5625000000000000e-02 0
4.0625000000000000e-01 9.5312500000000000e-01 1.5625000000000000e-02 0
4.2187500000000000e-01 9.5312500000000000e-01 1.5625000000000000e-02 0
4.3750000000000000e-01 9.5312500000000000e-01 1.5625000000000000e-02 0
4.5312500000000000e-01 9.5312500000000000e-01 1.5625000000000000e-02 0
4.6875000000000000e-01 9.5312500000000000e-01 1.5625000000000000e-02 0
4.8437500000000000e-01 9.5312500000000000e-01 1.5625000000000000e-02 0
5.0000000000000000e-01 9.5312500000000000e-01 1.5625000000000000e-02 0
5.1562500000000000e-01 9.5312500000000000e-01 1.5625000000000000e-02 0
5.3125000000000000e-01 9.5312500000000000e-01 1.5625000000000000e-02 0
5.4687500000000000e-01 9.5312500000000000e-01 1.5625000000000000e-02 0
5.6250000000000000e-01 9.5312500000000000e-01 1.5625000000000000e-02 0
5.7812500000000000e-01 9.5312500000000000e-01 1.5625000000000000e-02 0
5.9375000000000000e-01 9.5312500000000000e-01 1.5625000000000000e-02 0
6.0937500000000000e-01 9.5312500000000000e-01 1.5625000000000000e-02 0
6.2500000000000000e-01 9.5312500000000000e-01 1.5625000000000000e-02 0
6.4062500000000000e-01 9.5312500000000000e-01 1.5625000000000000e-02 0
6.5625000000000000e-01 9.5312500000000000e-01 1.5625000000000000e-02 0
6.7187500000000000e-01 9.5312500000000000e-01 1.5625000000000000e-02 0
6.8750000000000000e-01 9.5312500000000000e-01 1.5625000000000000e-02 0
7.0312500000000000e-01 9.5312500000000000e-01 1.5625000000000000e-02 0
7.1875000000000000e-01 9.5312500000000000e-01 1.5625000000000000e-02 0
7.3437500000000000e-01 9.5312500000000000e-01 1.5625000000000000e-02 0
7.5000000000000000e-01 9.5312500000000000e-01 1.5625000000000000e-02 0
7.6562500000000000e-01 9.5312500000000000e-01 1.5625000000000000e-02 0
7.8125000000000000e-01 9.5312500000000000e-01 1.5625000000000000e-02 0
7.9687500000000000e-01 9.5312500000000000e-01 1.5625000000000000e-02 0
8.1250000000000000e-01 9.5312500000000000e-01 1.5625000000000000e-02 0
8.2812500000000000e-01 9.5312500000000000e-01 1.5625000000000000e-02 0
8.4375000000000000e-01 9.5312500000000000e-01 1.5625000000000000e-02 0
8.5937500000000000e-01 9.5312500000000000e-01 1.5625000000000000e-02 0
8.7500000000000000e-01 9.5312500000000000e-01 1.5625000000000000e-02 0
8.9062500000000000e-01 9.5312500000000000e-01 1.5625000000000000e-02 0
9.0625000000000000e-01 9.5312500000000000e-01 1.5625000000000000e-02 0
9.2187500000000000e-01 9.5312500000000000e-01 1.5625000000000000e-02 0
9.3750000000000000e-01 9.5312500000000000e-01 1.5625000000000000e-02 0
9.5312500000000000e-01 9.5312500000000000e-01 1.5625000000000000e-02 0
9.6875000000000000e-01 9.5312500000000000e-01 1.5625000000000000e-02 0
9.8437500000000000e-01 9.5312500000000000e-01 1.5625000000000000e-02 0
1.5625000000000000e-02 9.3750000000000000e-01 1.5625000000000000e-02 0
3.1250000000000000e-02 9.3750000000000000e-01 1.5625000000000000e-02 0
4.6875000000000000e-02 9.3750000000000000e-01 1.5625000000000000e-02 0
6.2500000000000000e-02 9.3750000000000000e-01 1.5625000000000000e-02 0
7.8125000000000000e-02 9.3750000000000000e-01 1.5625000000000000e-02 0
9.3750000000000000e-02 9.3750000000000000e-01 1.5625000000000000e-02 0
1.0937500000000000e-01 9.3750000000000000e-01 1.5625000000000000e-02 0
1.2500000000000000e-01 9.3750000000000000e-01 1.5625000000000000e-02 0
1.4062500000000000e-01 9.3750000000000000e-01 1.5625000000000000e-02 0
1.5625000000000000e-01 9.3750000000000000e-01 1.5625000000000000e-02 0
1.7187500000000000e-01 9.3750000000000000e-01 1.5625000000000000e-02 0
1.8750000000000000e-01 9.3750000000000000e-01 1.5625000000000000e-02 0
2.0312500000000000e-01 9.3750000000000000e-01 1.5625000000000000e-02 0
2.1875000000000000e-01 9.3750000000000000e-01 1.5625000000000000e-02 0
2.3437500000000000e-01 9.3750000000000000e-01 1.5625000000000000e-02 0
2.5000000000000000e-01 9.3750000000000000e-01 1.5625000000000000e-02 0
2.6562500000000000e-01 9.3750000000000000e-01 1.5625000000000000e-02 0
2.8125000000000000e-01 9.3750000000000000e-01 1.5625000000000000e-02 0
2.9687500000000000e-01 9.3750000000000000e-01 1.5625000000000000e-02 0
3.1250000000000000e-01 9.3750000000000000e-01 1.5625000000000000e-02 0
3.2812500000000000e-01 9.3750000000000000e-01 1.5625000000000000e-02 0
3.4375000000000000e-01 9.3750000000000000e-01 1.5625000000000000e-02 0
3.5937500000000000e-01 9.3750000000000000e-01 1.5625000000000000e-02 0
3.7500000000000000e-01 9.3750000000000000e-01 1.5625000000000000e-02 0
3.9062500000000000e-01 9.3750000000000000e-01 1.5625000000000000e-02 0
4.0625000000000000e-01 9.3750000000000000e-01 1.5625000000000000e-02 0
4.2187500000000000e-01 9.3750000000000000e-01 1.5625000000000000e-02 0
4.3750000000000000e-01 9.3750000000000000e-01 1.5625000000000000e-02 0
4.5312500000000000e-01 9.3750000000000000e-01 1.5625000000000000e-02 0
4.6875000000000000e-01 9.3750000000000000e-01 1.5625000000000000e-02 0
4.8437500000000000e-01 9.3750000000000000e-01 1.5625000000000000e-02 0
5.0000000000000000e-01 9.3750000000000000e-01 1.5625000000000000e-02 0
5.1562500000000000e-01 9.3750000000000000e-01 1.5625000000000000e-02 0
5.3125000000000000e-01 9.3750000000000000e-01 1.5625000000000000e-02 0
5.4687500000000000e-01 9.3750000000000000e-01 1.5625000000000000e-02 0
5.6250000000000000e-01 9.3750000000000000e-01 1.5625000000000000e-02 0
5.7812500000000000e-01 9.3750000000000000e-01 1.5625000000000000e-02 0
5.9375000000000000e-01 9.3750000000000000e-01 1.5625000000000000e-02 0
6.0937500000000000e-01 9.3750000000000000e-01 1.5625000000000000e-02 0
6.2500000000000000e-01 9.3750000000000000e-01 1.5625000000000000e-02 0
6.4062500000000000e-01 9.3750000000000000e-01 1.5625000000000000e-02 0
6.5625000000000000e-01 9.3750000000000000e-01 1.5625000000000000e-02 0
6.7187500000000000e-01 9.3750000000000000e-01 1.5625000000000000e-02 0
6.8750000000000000e-01 9.3750000000000000e-01 1.5625000000000000e-02 0
7.0312500000000000e-01 9.3750000000000000e-01 1.5625000000000000e-02 0
7.1875000000000000e-01 9.3750000000000000e-01 1.5625000000000000e-02 0
7.3437500000000000e-01 9.3750000000000000e-01 1.5625000000000000e-02 0
7.5000000000000000e-01 9.3750000000000000e-01 1.5625000000000000e-02 0
7.6562500000000000e-01 9.3750000000000000e-01 1.5625000000000000e-02 0
7.8125000000000000e-01 9.3750000000000000e-01 1.5625000000000000e-02 0
7.9687500000000000e-01 9.3750000000000000e-01 1.5625000000000000e-02 0
8.1250000000000000e-01 9.3750000000000000e-01 1.5625000000000000e-02 0
8.2812500000000000e-01 9.3750000000000000e-01 1.5625000000000000e-02 0
8.4375000000000000e-01 9.3750000000000000e-01 1.5625000000000000e-02 0
8.5937500000000000e-01 9.3750000000000000e-01 1.5625000000000000e-02 0
8.7500000000000000e-01 9.3750000000000000e-01 1.5625000000000000e-02 0
8.9062500000000000e-01 9.3750000000000000e-01 1.5625000000000000e-02 0
9.0625000000000000e-01 9.3750000000000000e-01 1.5625000000000000e-02 0
9.2187500000000000e-01 9.3750000000000000e-01 1.5625000000000000e-02 0
9.3750000000000000e-01 9.3750000000000000e-01 1.5625000000000000e-02 0
9.5312500000000000e-01 9.3750000000000000e-01 1.5625000000000000e-02 0
9.6875000000000000e-01 9.3750000000000000e-01 1.5625000000000000e-02 0
9.8437500000000000e-01 9.3750000000000000e-01 1.5625000000000000e-02 0
1.5625000000000000e-02 9.2187500000000000e-01 1.5625000000000000e-02 0
3.1250000000000000e-02 9.2187500000000000e-01 1.5625000000000000e-02 0
4.6875000000000000e-02 9.2187500000000000e-01 1.5625000000000000e-02 0
6.2500000000000000e-02 9.2187500000000000e-01 1.5625000000000000e-02 0
7.8125000000000000e-02 9.2187500000000000e-01 1.5625000000000000e-02 0
9.3750000000000000e-02 9.2187500000000000e-01 1.5625000000000000e-02 0
1.0937500000000000e-01 9.2187500000000000e-01 1.5625000000000000e-02 0
1.2500000000000000e-01 9.2187500000000000e-01 1.5625000000000000e-02 0
1.4062500000000000e-01 9.2187500000000000e-01 1.5625000000000000e-02 0
1.5625000000000000e-01 9.2187500000000000e-01 1.5625000000000000e-02 0
1.7187500000000000e-01 9.2187500000000000e-01 1.5625000000000000e-02 0
1.8750000000000000e-01 9.2187500000000000e-01 1.5625000000000000e-02 0
2.0312500000000000e-01 9.2187500000000000e-01 1.5625000000000000e-02 0
2.1875000000000000e-01 9.2187500000000000e-01 1.5625000000000000e-02 0
2.3437500000000000e-01 9.2187500000000000e-01 1.5625000000000000e-02 0
2.5000000000000000e-01 9.2187500000000000e-01 1.5625000000000000e-02 0
2.6562500000000000e-01 9.2187500000000000e-01 1.5625000000000000e-02 0
2.8125000000000000e-01 9.2187500000000000e-01 1.5625000000000000e-02 0
2.9687500000000000e-01 9.2187500000000000e-01 1.5625000000000000e-02 0
3.1250000000000000e-01 9.2187500000000000e-01 1.5625000000000000e-02 0
3.2812500000000000e-01 9.2187500000000000e-01 1.5625000000000000e-02 0
3.4375000000000000e-01 9.2187500000000000e-01 1.5625000000000000e-02 0
3.5937500000000000e-01 9.2187500000000000e-01 1.5625000000000000e-02 0
3.7500000000000000e-01 9.2187500000000000e-01 1.5625000000000000e-02 0
3.9062500000000000e-01 9.2187500000000000e-01 1.5625000000000000e-02 0
4.0625000000000000e-01 9.2187500000000000e-01 1.5625000000000000e-02 0
4.2187500000000000e-01 9.2187500000000000e-01 1.5625000000000000e-02 0
4.3750000000000000e-01 9.2187500000000000e-01 1.5625000000000000e-02 0
4.5312500000000000e-01 9.2187500000000000e-01 1.5625000000000000e-02 0
4.6875000000000000e-01 9.2187500000000000e-01 1.5625000000000000e-02 0
4.8437500000000000e-01 9.2187500000000000e-01 1.5625000000000000e-02 0
5.0000000000000000e-01 9.2187500000000000e-01 1.5625000000000000e-02 0
5.1562500000000000e-01 9.2187500000000000e-01 1.5625000000000000e-02 0
5.3125000000000000e-01 9.2187500000000000e-01 1.5625000000000000e-02 0
5.4687500000000000e-01 9.2187500000000000e-01 1.5625000000000000e-02 0
5.6250000000000000e-01 9.2187500000000000e-01 1.5625000000000000e-02 0
5.7812500000000000e-01 9.2187500000000000e-01 1.5625000000000000e-02 0
5.9375000000000000e-01 9.2187500000000000e-01 1.5625000000000000e-02 0
6.0937500000000000e-01 9.2187500000000000e-01 1.5625000000000000e-02 0
6.2500000000000000e-01 9.2187500000000000e-01 1.5625000000000000e-02 0
6.4062500000000000e-01 9.2187500000000000e-01 1.5625000000000000e-02 0
6.5625000000000000e-01 9.2187500000000000e-01 1.5625000000000000e-02 0
6.7187500000000000e-01 9.2187500000000000e-01 1.5625000000000000e-02 0
6.8750000000000000e-01 9.2187500000000000e-01 1.5625000000000000e-02 0
7.0312500000000000e-01 9.2187500000000000e-01 1.5625000000000000e-02 0
7.1875000000000000e-01 9.2187500000000000e-01 1.5625000000000000e-02 0
7.3437500000000000e-01 9.2187500000000000e-01 1.5625000000000000e-02 0
7.5000000000000000e-01 9.2187500000000000e-01 1.5625000000000000e-02 0
7.6562500000000000e-01 9.2187500000000000e-01 1.5625000000000000e-02 0
7.8125000000000000e-01 9.2187500000000000e-01 1.5625000000000000e-02 0
7.9687500000000000e-01 9.2187500000000000e-01 1.5625000000000000e-02 0
8.1250000000000000e-01 9.2187500000000000e-01 1.5625000000000000e-02 0
8.2812500000000000e-01 9.2187500000000000e-01 1.5625000000000000e-02 0
8.4375000000000000e-01 9.2187500000000000e-01 1.5625000000000000e-02 0
8.5937500000000000e-01 9.2187500000000000e-01 1.5625000000000000e-02 0
8.7500000000000000e-01 9.2187500000000000e-01 1.5625000000000000e-02 0
8.9062500000000000e-01 9.2187500000000000e-01 1.5625000000000000e-02 0
9.0625000000000000e-01 9.2187500000000000e-01 1.5625000000000000e-02 0
9.2187500000000000e-01 9.2187500000000000e-01 1.5625000000000000e-02 0
9.3750000000000000e-01 9.2187500000000000e-01 1.5625000000000000e-02 0
9.5312500000000000e-01 9.2187500000000000e-01 1.5625000000000000e-02 0
9.6875000000000000e-01 9.2187500000000000e-01 1.5625000000000000e-02 0
9.8437500000000000e-01 9.2187500000000000e-01 1.5625000000000000e-02 0
1.5625000000000000e-02 9.0625000000000000e-01 1.5625000000000000e-02 0
3.1250000000000000e-02 9.0625000000000000e-01 1.5625000000000000e-02 0
4.6875000000000000e-02 9.0625000000000000e-01 1.5625000000000000e-02 0
6.2500000000000000e-02 9.0625000000000000e-01 1.5625000000000000e-02 0
7.8125000000000000e-02 9.0625000000000000e-01 1.5625000000000000e-02 0
9.3750000000000000e-02 9.0625000000000000e-01 1.5625000000000000e-02 0
1.0937500000000000e-01 9.0625000000000000e-01 1.5625000000000000e-02 0
1.2500000000000000e-01 9.0625000000000000e-01 1.5625000000000000e-02 0
1.4062500000000000e-01 9.0625000000000000e-01 1.5625000000000000e-02 0
1.5625000000000000e-01 9.0625000000000000e-01 1.5625000000000000e-02 0
1.7187500000000000e-01 9.0625000000000000e-01 1.5625000000000000e-02 0
1.8750000000000000e-01 9.0625000000000000e-01 1.5625000000000000e-02 0
2.0312500000000000e-01 9.0625000000000000e-01 1.5625000000000000e-02 0
2.1875000000000000e-01 9.0625000000000000e-01 1.5625000000000000e-02 0
2.3437500000000000e-01 9.0625000000000000e-01 1.5625000000000000e-02 0
2.5000000000000000e-01 9.0625000000000000e-01 1.5625000000000000e-02 0
2.6562500000000000e-01 9.0625000000000000e-01 1.5625000000000000e-02 0
2.8125000000000000e-01 9.0625000000000000e-01 1.5625000000000000e-02 0
2.9687500000000000e-01 9.0625000000000000e-01 1.5625000000000000e-02 0
3.1250000000000000e-01 9.0625000000000000e-01 1.5625000000000000e-02 0
3.2812500000000000e-01 9.0625000000000000e-01 1.5625000000000000e-02 0
3.4375000000000000e-01 9.0625000000000000e-01 1.5625000000000000e-02 0
3.5937500000000000e-01 9.0625000000000000e-01 1.5625000000000000e-02 0
3.7500000000000000e-01 9.0625000000000000e-01 1.5625000000000000e-02 0
3.9062500000000000e-01 9.0625000000000000e-01 1.5625000000000000e-02 0
4.0625000000000000e-01 9.0625000000000000e-01 1.5625000000000000e-02 0
4.2187500000000000e-01 9.0625000000000000e-01 1.5625000000000000e-02 0
4.3750000000000000e-01 9.0625000000000000e-01 1.5625000000000000e-02 0
4.5312500000000000e-01 9.0625000000000000e-01 1.5625000000000000e-02 0
4.6875000000000000e-01 9.0625000000000000e-01 1.5625000000000000e-02 0
4.8437500000000000e-01 9.0625000000000000e-01 1.5625000000000000e-02 0
5.0000000000000000e-01 9.0625000000000000e-01 1.5625000000000000e-02 0
5.1562500000000000e-01 9.0625000000000000e-01 1.5625000000000000e-02 0
5.3125000000000000e-01 9.0625000000000000e-01 1.5625000000000000e-02 0
5.4687500000000000e-01 9.0625000000000000e-01 1.5625000000000000e-02 0
5.6250000000000000e-01 9.0625000000000000e-01 1.5625000000000000e-02 0
5.7812500000000000e-01 9.0625000000000000e-01 1.5625000000000000e-02 0
5.9375000000000000e-01 9.0625000000000000e-01 1.5625000000000000e-02 0
6.0937500000000000e-01 9.0625000000000000e-01 1.5625000000000000e-02 0
6.2500000000000000e-01 9.0625000000000000e-01 1.5625000000000000e-02 0
6.4062500000000000e-01 9.0625000000000000e-01 1.5625000000000000e-02 0
6.5625000000000000e-01 9.0625000000000000e-01 1.5625000000000000e-02 0
6.7187500000000000e-01 9.0625000000000000e-01 1.5625000000000000e-02 0
6.8750000000000000e-01 9.0625000000000000e-01 1.5625000000000000e-02 0
7.0312500000000000e-01 9.0625000000000000e-01 1.5625000000000000e-02 0
7.1875000000000000e-01 9.0625000000000000e-01 1.5625000000000000e-02 0
7.3437500000000000e-01 9.0625000000000000e-01 1.5625000000000000e-02 0
7.5000000000000000e-01 9.0625000000000000e-01 1.5625000000000000e-02 0
7.6562500000000000e-01 9.0625000000000000e-01 1.5625000000000000e-02 0
7.8125000000000000e-01 9.0625000000000000e-01 1.5625000000000000e-02 0
7.9687500000000000e-01 9.0625000000000000e-01 1.5625000000000000e-02 0
8.1250000000000000e-01 9.0625000000000000e-01 1.5625000000000000e-02 0
8.2812500000000000e-01 9.0625000000000000e-01 1.5625000000000000e-02 0
8.4375000000000000e-01 9.0625000000000000e-01 1.5625000000000000e-02 0
8.5937500000000000e-01 9.0625000000000000e-01 1.5625000000000000e-02 0
8.7500000000000000e-01 9.0625000000000000e-01 1.5625000000000000e-02 0
8.9062500000000000e-01 9.0625000000000000e-01 1.5625000000000000e-02 0
9.0625000000000000e-01 9.0625000000000000e-01 1.5625000000000000e-02 0
9.2187500000000000e-01 9.0625000000000000e-01 1.5625000000000000e-02 0
9.3750000000000000e-01 9.0625000000000000e-01 1.5625000000000000e-02 0
9.5312500000000000e-01 9.0625000000000000e-01 1.5625000000000000e-02 0
9.6875000000000000e-01 9.0625000000000000e-01 1.5625000000000000e-02 0
9.8437500000000000e-01 9.0625000000000000e-01 1.5625000000000000e-02 0
1.5625000000000000e-02 8.9062500000000000e-01 1.5625000000000000e-02 0
3.1250000000000000e-02 8.9062500000000000e-01 1.5625000000000000e-02 0
4.6875000000000000e-02 8.9062500000000000e-01 1.5625000000000000e-02 0
6.2500000000000000e-02 8.9062500000000000e-01 1.5625000000000000e-02 0
7.8125000000000000e-02 8.9062500000000000e-01 1.5625000000000000e-02 0
9.3750000000000000e-02 8.9062500000000000e-01 1.5625000000000000e-02 0
1.0937500000000000e-01 8.9062500000000000e-01 1.5625000000000000e-02 0
1.2500000000000000e-01 8.9062500000000000e-01 1.5625000000000000e-02 0
1.4062500000000000e-01 8.9062500000000000e-01 1.5625000000000000e-02 0
1.5625000000000000e-01 8.9062500000000000e-01 1.5625000000000000e-02 0
1.7187500000000000e-01 8.9062500000000000e-01 1.5625000000000000e-02 0
1.8750000000000000e-01 8.9062500000000000e-01 1.5625000000000000e-02 0
2.0312500000000000e-01 8.9062500000000000e-01 1.5625000000000000e-02 0
2.1875000000000000e-01 8.9062500000000000e-01 1.5625000000000000e-02 0
2.3437500000000000e-01 8.9062500000000000e-01 1.5625000000000000e-02 0
2.5000000000000000e-01 8.9062500000000000e-01 1.5625000000000000e-02 0
2.6562500000000000e-01 8.9062500000000000e-01 1.5625000000000000e-02 0
2.8125000000000000e-01 8.9062500000000000e-01 1.5625000000000000e-02 0
2.9687500000000000e-01 8.9062500000000000e-01 1.5625000000000000e-02 0
3.1250000000000000e-01 8.9062500000000000e-01 1.5625000000000000e-02 0
3.2812500000000000e-01 8.9062500000000000e-01 1.5625000000000000e-02 0
3.4375000000000000e-01 8.9062500000000000e-01 1.5625000000000000e-02 0
3.5937500000000000e-01 8.9062500000000000e-01 1.5625000000000000e-02 0
3.7500000000000000e-01 8.9062500000000000e-01 1.5625000000000000e-02 0
3.9062500000000000e-01 8.9062500000000000e-01 1.5625000000000000e-02 0
4.0625000000000000e-01 8.9062500000000000e-01 1.5625000000000000e-02 0
4.2187500000000000e-01 8.9062500000000000e-01 1.5625000000000000e-02 0
4.3750000000000000e-01 8.9062500000000000e-01 1.5625000000000000e-02 0
4.5312500000000000e-01 8.9062500000000000e-01 1.5625000000000000e-02 0
4.6875000000000000e-01 8.9062500000000000e-01 1.5625000000000000e-02 0
4.8437500000000000e-01 8.9062500000000000e-01 1.5625000000000000e-02 0
5.0000000000000000e-01 8.9062500000000000e-01 1.5625000000000000e-02 0
5.1562500000000000e-01 8.9062500000000000e-01 1.5625000000000000e-02 0
5.3125000000000000e-01 8.9062500000000000e-01 1.5625000000000000e-02 0
5.4687500000000000e-01 8.9062500000000000e-01 1.5625000000000000e-02 0
5.6250000000000000e-01 8.9062500000000000e-01 1.5625000000000000e-02 0
5.7812500000000000e-01 8.9062500000000000e-01 1.5625000000000000e-02 0
5.9375000000000000e-01 8.9062500000000000e-01 1.5625000000000000e-02 0
6.0937500000000000e-01 8.9062500000000000e-01 1.5625000000000000e-02 0
6.2500000000000000e-01 8.9062500000000000e-01 1.5625000000000000e-02 0
6.4062500000000000e-01 8.9062500000000000e-01 1.5625000000000000e-02 0
6.5625000000000000e-01 8.9062500000000000e-01 1.5625000000000000e-02 0
6.7187500000000000e-01 8.9062500000000000e-01 1.5625000000000000e-02 0
6.8750000000000000e-01 8.9062500000000000e-01 1.5625000000000000e-02 0
7.0312500000000000e-01 8.9062500000000000e-01 1.5625000000000000e-02 0
7.1875000000000000e-01 8.9062500000000000e-01 1.5625000000000000e-02 0
7.3437500000000000e-01 8.9062500000000000e-01 1.5625000000000000e-02 0
7.5000000000000000e-01 8.9062500000000000e-01 1.5625000000000000e-02 0
7.6562500000000000e-01 8.9062500000000000e-01 1.5625000000000000e-02 0
7.8125000000000000e-01 8.9062500000000000e-01 1.5625000000000000e-02 0
7.9687500000000000e-01 8.9062500000000000e-01 1.5625000000000000e-02 0
8.1250000000000000e-01 8.9062500000000000e-01 1.5625000000000000e-02 0
8.2812500000000000e-01 8.9062500000000000e-01 1.5625000000000000e-02 0
8.4375000000000000e-01 8.9062500000000000e-01 1.5625000000000000e-02 0
8.5937500000000000e-01 8.9062500000000000e-01 1.5625000000000000e-02 0
8.7500000000000000e-01 8.9062500000000000e-01 1.5625000000000000e-02 0
8.9062500000000000e-01 8.9062500000000000e-01 1.5625000000000000e-02 0
9.0625000000000000e-01 8.9062500000000000e-01 1.5625000000000000e-02 0
9.2187500000000000e-01 8.9062500000000000e-01 1.5625000000000000e-02 0
9.3750000000000000e-01 8.9062500000000000e-01 1.5625000000000000e-02 0
9.5312500000000000e-01 8.9062500000000000e-01 1.5625000000000000e-02 0
9.6875000000000000e-01 8.9062500000000000e-01 1.5625000000000000e-02 0
9.8437500000000000e-01 8.9062500000000000e-01 1.5625000000000000e-02 0
1.5625000000000000e-02 8.7500000000000000e-01 1.5625000000000000e-02 0
3.1250000000000000e-02 8.7500000000000000e-01 1.5625000000000000e-02 0
4.6875000000000000e-02 8.7500000000000000e-01 1.5625000000000000e-02 0
6.2500000000000000e-02 8.7500000000000000e-01 1.5625000000000000e-02 0
7.8125000000000000e-02 8.7500000000000000e-01 1.5625000000000000e-02 0
9.3750000000000000e-02 8.7500000000000000e-01 1.5625000000000000e-02 0
1.0937500000000000e-01 8.7500000000000000e-01 1.5625000000000000e-02 0
1.2500000000000000e-01 8.7500000000000000e-01 1.5625000000000000e-02 0
1.4062500000000000e-01 8.7500000000000000e-01 1.5625000000000000e-02 0
1.5625000000000000e-01 8.7500000000000000e-01 1.5625000000000000e-02 0
1.7187500000000000e-01 8.7500000000000000e-01 1.5625000000000000e-02 0
1.8750000000000000e-01 8.7500000000000000e-01 1.5625000000000000e-02 0
2.0312500000000000e-01 8.7500000000000000e-01 1.5625000000000000e-02 0
2.1875000000000000e-01 8.7500000000000000e-01 1.5625000000000000e-02 0
2.3437500000000000e-01 8.7500000000000000e-01 1.5625000000000000e-02 0
2.5000000000000000e-01 8.7500000000000000e-01 1.5625000000000000e-02 0
2.6562500000000000e-01 8.7500000000000000e-01 1.5625000000000000e-02 0
2.8125000000000000e-01 8.7500000000000000e-01 1.5625000000000000e-02 0
2.9687500000000000e-01 8.7500000000000000e-01 1.5625000000000000e-02 0
3.1250000000000000e-01 8.7500000000000000e-01 1.5625000000000000e-02 0
3.2812500000000000e-01 8.7500000000000000e-01 1.5625000000000000e-02 0
3.4375000000000000e-01 8.7500000000000000e-01 1.5625000000000000e-02 0
3.5937500000000000e-01 8.7500000000000000e-01 1.5625000000000000e-02 0
3.7500000000000000e-01 8.7500000000000000e-01 1.5625000000000000e-02 0
3.9062500000000000e-01 8.7500000000000000e-01 1.5625000000000000e-02 0
4.0625000000000000e-01 8.7500000000000000e-01 1.5625000000000000e-02 0
4.2187500000000000e-01 8.7500000000000000e-01 1.5625000000000000e-02 0
4.3750000000000000e-01 8.7500000000000000e-01 1.5625000000000000e-02 0
4.5312500000000000e-01 8.7500000000000000e-01 1.5625000000000000e-02 0
4.6875000000000000e-01 8.7500000000000000e-01 1.5625000000000000e-02 0
4.8437500000000000e-01 8.7500000000000000e-01 1.5625000000000000e-02 0
5.0000000000000000e-01 8.7500000000000000e-01 1.5625000000000000e-02 0
5.1562500000000000e-01 8.7500000000000000e-01 1.5625000000000000e-02 0
5.3125000000000000e-01 8.7500000000000000e-01 1.5625000000000000e-02 0
5.4687500000000000e-01 8.7500000000000000e-01 1.5625000000000000e-02 0
5.6250000000000000e-01 8.7500000000000000e-01 1.5625000000000000e-02 0
5.7812500000000000e-01 8.7500000000000000e-01 1.5625000000000000e-02 0
5.9375000000000000e-01 8.7500000000000000e-01 1.5625000000000000e-02 0
6.0937500000000000e-01 8.7500000000000000e-01 1.5625000000000000e-02 0
6.2500000000000000e-01 8.7500000000000000e-01 1.5625000000000000e-02 0
6.4062500000000000e-01 8.7500000000000000e-01 1.5625000000000000e-02 0
6.5625000000000000e-01 8.7500000000000000e-01 1.5625000000000000e-02 0
6.7187500000000000e-01 8.7500000000000000e-01 1.5625000000000000e-02 0
6.8750000000000000e-01 8.7500000000000000e-01 1.5625000000000000e-02 0
7.0312500000000000e-01 8.7500000000000000e-01 1.5625000000000000e-02 0
7.1875000000000000e-01 8.7500000000000000e-01 1.5625000000000000e-02 0
7.3437500000000000e-01 8.7500000000000000e-01 1.5625000000000000e-02 0
7.5000000000000000e-01 8.7500000000000000e-01 1.5625000000000000e-02 0
7.6562500000000000e-01 8.7500000000000000e-01 1.5625000000000000e-02 0
7.8125000000000000e-01 8.7500000000000000e-01 1.5625000000000000e-02 0
7.9687500000000000e-01 8.7500000000000000e-01 1.5625000000000000e-02 0
8.1250000000000000e-01 8.7500000000000000e-01 1.5625000000000000e-02 0
8.2812500000000000e-01 8.7500000000000000e-01 1.5625000000000000e-02 0
8.4375000000000000e-01 8.7500000000000000e-01 1.5625000000000000e-02 0
8.5937500000000000e-01 8.7500000000000000e-01 1.5625000000000000e-02 0
8.7500000000000000e-01 8.7500000000000000e-01 1.5625000000000000e-02 0
8.9062500000000000e-01 8.7500000000000000e-01 1.5625000000000000e-02 0
9.0625000000000000e-01 8.7500000000000000e-01 1.5625000000000000e-02 0
9.2187500000000000e-01 8.7500000000000000e-01 1.5625000000000000e-02 0
9.3750000000000000e-01 8.7500000000000000e-01 1.5625000000000000e-02 0
9.5312500000000000e-01 8.7500000000000000e-01 1.5625000000000000e-02 0
9.6875000000000000e-01 8.7500000000000000e-01 1.5625000000000000e-02 0
9.8437500000000000e-01 8.7500000000000000e-01 1.5625000000000000e-02 0
1.5625000000000000e-02 8.5937500000000000e-01 1.5625000000000000e-02 0
3.1250000000000000e-02 8.5937500000000000e-01 1.5625000000000000e-02 0
4.6875000000000000e-02 8.5937500000000000e-01 1.5625000000000000e-02 0
6.2500000000000000e-02 8.5937500000000000e-01 1.5625000000000000e-02 0
7.8125000000000000e-02 8.5937500000000000e-01 1.5625000000000000e-02 0
9.3750000000000000e-02 8.5937500000000000e-01 1.5625000000000000e-02 0
1.0937500000000000e-01 8.5937500000000000e-01 1.5625000000000000e-02 0
1.2500000000000000e-01 8.5937500000000000e-01 1.5625000000000000e-02 0
1.4062500000000000e-01 8.5937500000000000e-01 1.5625000000000000e-02 0
1.5625000000000000e-01 8.5937500000000000e-01 1.5625000000000000e-02 0
1.7187500000000000e-01 8.5937500000000000e-01 1.5625000000000000e-02 0
1.8750000000000000e-01 8.5937500000000000e-01 1.5625000000000000e-02 0
2.0312500000000000e-01 8.5937500000000000e-01 1.5625000000000000e-02 0
2.1875000000000000e-01 8.5937500000000000e-01 1.5625000000000000e-02 0
2.3437500000000000e-01 8.5937500000000000e-01 1.5625000000000000e-02 0
2.5000000000000000e-01 8.5937500000000000e-01 1.5625000000000000e-02 0
2.6562500000000000e-01 8.5937500000000000e-01 1.5625000000000000e-02 0
2.8125000000000000e-01 8.5937500000000000e-01 1.5625000000000000e-02 0
2.9687500000000000e-01 8.5937500000000000e-01 1.5625000000000000e-02 0
3.1250000000000000e-01 8.5937500000000000e-01 1.5625000000000000e-02 0
3.2812500000000000e-01 8.5937500000000000e-01 1.5625000000000000e-02 0
3.4375000000000000e-01 8.5937500000000000e-01 1.5625000000000000e-02 0
3.5937500000000000e-01 8.5937500000000000e-01 1.5625000000000000e-02 0
3.7500000000000000e-01 8.5937500000000000e-01 1.5625000000000000e-02 0
3.9062500000000000e-01 8.5937500000000000e-01 1.5625000000000000e-02 0
4.0625000000000000e-01 8.5937500000000000e-01 1.5625000000000000e-02 0
4.2187500000000000e-01 8.5937500000000000e-01 1.5625000000000000e-02 0
4.3750000000000000e-01 8.5937500000000000e-01 1.5625000000000000e-02 0
4.5312500000000000e-01 8.5937500000000000e-01 1.5625000000000000e-02 0
4.6875000000000000e-01 8.5937500000000000e-01 1.5625000000000000e-02 0
4.8437500000000000e-01 8.5937500000000000e-01 1.5625000000000000e-02 0
5.0000000000000000e-01 8.5937500000000000e-01 1.5625000000000000e-02 0
5.1562500000000000e-01 8.5937500000000000e-01 1.5625000000000000e-02 0
5.3125000000000000e-01 8.5937500000000000e-01 1.5625000000000000e-02 0
5.4687500000000000e-01 8.5937500000000000e-01 1.5625000000000000e-02 0
5.6250000000000000e-01 8.5937500000000000e-01 1.5625000000000000e-02 0
5.7812500000000000e-01 8.5937500000000000e-01 1.5625000000000000e-02 0
5.9375000000000000e-01 8.5937500000000000e-01 1.5625000000000000e-02 0
6.0937500000000000e-01 8.5937500000000000e-01 1.5625000000000000e-02 0
6.2500000000000000e-01 8.5937500000000000e-01 1.5625000000000000e-02 0
6.4062500000000000e-01 8.5937500000000000e-01 1.5625000000000000e-02 0
6.5625000000000000e-01 8.5937500000000000e-01 1.5625000000000000e-02 0
6.7187500000000000e-01 8.5937500000000000e-01 1.5625000000000000e-02 0
6.8750000000000000e-01 8.5937500000000000e-01 1.5625000000000000e-02 0
7.0312500000000000e-01 8.5937500000000000e-01 1.5625000000000000e-02 0
7.1875000000000000e-01 8.5937500000000000e-01 1.5625000000000000e-02 0
7.3437500000000000e-01 8.5937500000000000e-01 1.5625000000000000e-02 0
7.5000000000000000e-01 8.5937500000000000e-01 1.5625000000000000e-02 0
7.6562500000000000e-01 8.5937500000000000e-01 1.5625000000000000e-02 0
7.8125000000000000e-01 8.5937500000000000e-01 1.5625000000000000e-02 0
7.9687500000000000e-01 8.5937500000000000e-01 1.5625000000000000e-02 0
8.1250000000000000e-01 8.5937500000000000e-01 1.5625000000000000e-02 0
8.2812500000000000e-01 8.5937500000000000e-01 1.5625000000000000e-02 0
8.4375000000000000e-01 8.5937500000000000e-01 1.5625000000000000e-02 0
8.5937500000000000e-01 8.5937500000000000e-01 1.5625000000000000e-02 0
8.7500000000000000e-01 8.5937500000000000e-01 1.5625000000000000e-02 0
8.9062500000000000e-01 8.5937500000000000e-01 1.5625000000000000e-02 0
9.0625000000000000e-01 8.5937500000000000e-01 1.5625000000000000e-02 0
9.2187500000000000e-01 8.5937500000000000e-01 1.5625000000000000e-02 0
9.3750000000000000e-01 8.5937500000000000e-01 1.5625000000000000e-02 0
9.5312500000000000e-01 8.5937500000000000e-01 1.5625000000000000e-02 0
9.6875000000000000e-01 8.5937500000000000e-01 1.5625000000000000e-02 0
9.8437500000000000e-01 8.5937500000000000e-01 1.5625000000000000e-02 0
1.5625000000000000e-02 8.4375000000000000e-01 1.5625000000000000e-02 0
3.1250000000000000e-02 8.4375000000000000e-01 1.5625000000000000e-02 0
4.6875000000000000e-02 8.4375000000000000e-01 1.5625000000000000e-02 0
6.2500000000000000e-02 8.4375000000000000e-01 1.5625000000000000e-02 0
7.8125000000000000e-02 8.4375000000000000e-01 1.5625000000000000e-02 0
9.3750000000000000e-02 8.4375000000000000e-01 1.5625000000000000e-02 0
1.0937500000000000e-01 8.4375000000000000e-01 1.5625000000000000e-02 0
1.2500000000000000e-01 8.4375000000000000e-01 1.5625000000000000e-02 0
1.4062500000000000e-01 8.4375000000000000e-01 1.5625000000000000e-02 0
1.5625000000000000e-01 8.4375000000000000e-01 1.5625000000000000e-02 0
1.7187500000000000e-01 8.4375000000000000e-01 1.5625000000000000e-02 0
1.8750000000000000e-01 8.4375000000000000e-01 1.5625000000000000e-02 0
2.0312500000000000e-01 8.4375000000000000e-01 1.5625000000000000e-02 0
2.1875000000000000e-01 8.4375000000000000e-01 1.5625000000000000e-02 0
2.3437500000000000e-01 8.4375000000000000e-01 1.5625000000000000e-02 0
2.5000000000000000e-01 8.4375000000000000e-01 1.5625000000000000e-02 0
2.6562500000000000e-01 8.4375000000000000e-01 1.5625000000000000e-02 0
2.8125000000000000e-01 8.4375000000000000e-01 1.5625000000000000e-02 0
2.9687500000000000e-01 8.4375000000000000e-01 1.5625000000000000e-02 0
3.1250000000000000e-01 8.4375000000000000e-01 1.5625000000000000e-02 0
3.2812500000000000e-01 8.4375000000000000e-01 1.5625000000000000e-02 0
3.4375000000000000e-01 8.4375000000000000e-01 1.5625000000000000e-02 0
3.5937500000000000e-01 8.4375000000000000e-01 1.5625000000000000e-02 0
3.7500000000000000e-01 8.4375000000000000e-01 1.5625000000000000e-02 0
3.9062500000000000e-01 8.4375000000000000e-01 1.5625000000000000e-02 0
4.0625000000000000e-01 8.4375000000000000e-01 1.5625000000000000e-02 0
4.2187500000000000e-01 8.4375000000000000e-01 1.5625000000000000e-02 0
4.3750000000000000e-01 8.4375000000000000e-01 1.5625000000000000e-02 0
4.5312500000000000e-01 8.4375000000000000e-01 1.5625000000000000e-02 0
4.6875000000000000e-01 8.4375000000000000e-01 1.5625000000000000e-02 0
4.8437500000000000e-01 8.4375000000000000e-01 1.5625000000000000e-02 0
5.0000000000000000e-01 8.4375000000000000e-01 1.5625000000000000e-02 0
5.1562500000000000e-01 8.4375000000000000e-01 1.5625000000000000e-02 0
5.3125000000000000e-01 8.4375000000000000e-01 1.5625000000000000e-02 0
5.4687500000000000e-01 8.4375000000000000e-01 1.5625000000000000e-02 0
5.6250000000000000e-01 8.4375000000000000e-01 1.5625000000000000e-02 0
5.7812500000000000e-01 8.4375000000000000e-01 1.5625000000000000e-02 0
5.9375000000000000e-01 8.4375000000000000e-01 1.5625000000000000e-02 0
6.0937500000000000e-01 8.4375000000000000e-01 1.5625000000000000e-02 0
6.2500000000000000e-01 8.4375000000000000e-01 1.5625000000000000e-02 0
6.4062500000000000e-01 8.4375000000000000e-01 1.5625000000000000e-02 0
6.5625000000000000e-01 8.4375000000000000e-01 1.5625000000000000e-02 0
6.7187500000000000e-01 8.4375000000000000e-01 1.5625000000000000e-02 0
6.8750000000000000e-01 8.4375000000000000e-01 1.5625000000000000e-02 0
7.0312500000000000e-01 8.4375000000000000e-01 1.5625000000000000e-02 0
7.1875000000000000e-01 8.4375000000000000e-01 1.5625000000000000e-02 0
7.3437500000000000e-01 8.4375000000000000e-01 1.5625000000000000e-02 0
7.5000000000000000e-01 8.4375000000000000e-01 1.5625000000000000e-02 0
7.6562500000000000e-01 8.4375000000000000e-01 1.5625000000000000e-02 0
7.8125000000000000e-01 8.4375000000000000e-01 1.5625000000000000e-02 0
7.9687500000000000e-01 8.4375000000000000e-01 1.5625000000000000e-02 0
8.1250000000000000e-01 8.4375000000000000e-01 1.5625000000000000e-02 0
8.2812500000000000e-01 8.4375000000000000e-01 1.5625000000000000e-02 0
8.4375000000000000e-01 8.4375000000000000e-01 1.5625000000000000e-02 0
8.5937500000000000e-01 8.4375000000000000e-01 1.5625000000000000e-02 0
8.7500000000000000e-01 8.4375000000000000e-01 1.5625000000000000e-02 0
8.9062500000000000e-01 8.4375000000000000e-01 1.5625000000000000e-02 0
9.0625000000000000e-01 8.4375000000000000e-01 1.5625000000000000e-02 0
9.2187500000000000e-01 8.4375000000000000e-01 1.5625000000000000e-02 0
9.3750000000000000e-01 8.4375000000000000e-01 1.5625000000000000e-02 0
9.5312500000000000e-01 8.4375000000000000e-01 1.5625000000000000e-02 0
9.6875000000000000e-01 8.4375000000000000e-01 1.5625000000000000e-02 0
9.8437500000000000e-01 8.4375000000000000e-01 1.5625000000000000e-02 0
1.5625000000000000e-02 8.2812500000000000e-01 1.5625000000000000e-02 0
3.1250000000000000e-02 8.2812500000000000e-01 1.5625000000000000e-02 0
4.6875000000000000e-02 8.2812500000000000e-01 1.5625000000000000e-02 0
6.2500000000000000e-02 8.2812500000000000e-01 1.5625000000000000e-02 0
7.8125000000000000e-02 8.2812500000000000e-01 1.5625000000000000e-02 0
9.3750000000000000e-02 8.2812500000000000e-01 1.5625000000000000e-02 0
1.0937500000000000e-01 8.2812500000000000e-01 1.5625000000000000e-02 0
1.2500000000000000e-01 8.2812500000000000e-01 1.5625000000000000e-02 0
1.4062500000000000e-01 8.2812500000000000e-01 1.5625000000000000e-02 0
1.5625000000000000e-01 8.2812500000000000e-01 1.5625000000000000e-02 0
1.7187500000000000e-01 8.2812500000000000e-01 1.5625000000000000e-02 0
1.8750000000000000e-01 8.2812500000000000e-01 1.5625000000000000e-02 0
2.0312500000000000e-01 8.2812500000000000e-01 1.5625000000000000e-02 0
2.1875000000000000e-01 8.2812500000000000e-01 1.5625000000000000e-02 0
2.3437500000000000e-01 8.2812500000000000e-01 1.5625000000000000e-02 0
2.5000000000000000e-01 8.2812500000000000e-01 1.5625000000000000e-02 0
2.6562500000000000e-01 8.2812500000000000e-01 1.5625000000000000e-02 0
2.8125000000000000e-01 8.2812500000000000e-01 1.5625000000000000e-02 0
2.9687500000000000e-01 8.2812500000000000e-01 1.5625000000000000e-02 0
3.1250000000000000e-01 8.2812500000000000e-01 1.5625000000000000e-02 0
3.2812500000000000e-01 8.2812500000000000e-01 1.5625000000000000e-02 0
3.4375000000000000e-01 8.2812500000000000e-01 1.5625000000000000e-02 0
3.5937500000000000e-01 8.2812500000000000e-01 1.5625000000000000e-02 0
3.7500000000000000e-01 8.2812500000000000e-01 1.5625000000000000e-02 0
3.9062500000000000e-01 8.2812500000000000e-01 1.5625000000000000e-02 0
4.0625000000000000e-01 8.2812500000000000e-01 1.5625000000000000e-02 0
4.2187500000000000e-01 8.2812500000000000e-01 1.5625000000000000e-02 0
4.3750000000000000e-01 8.2812500000000000e-01 1.5625000000000000e-02 0
4.5312500000000000e-01 8.2812500000000000e-01 1.5625000000000000e-02 0
4.6875000000000000e-01 8.2812500000000000e-01 1.5625000000000000e-02 0
4.8437500000000000e-01 8.2812500000000000e-01 1.5625000000000000e-02 0
5.0000000000000000e-01 8.2812500000000000e-01 1.5625000000000000e-02 0
5.1562500000000000e-01 8.2812500000000000e-01 1.5625000000000000e-02 0
5.3125000000000000e-01 8.2812500000000000e-01 1.5625000000000000e-02 0
5.4687500000000000e-01 8.2812500000000000e-01 1.5625000000000000e-02 0
5.6250000000000000e-01 8.2812500000000000e-01 1.5625000000000000e-02 0
5.7812500000000000e-01 8.2812500000000000e-01 1.5625000000000000e-02 0
5.9375000000000000e-01 8.2812500000000000e-01 1.5625000000000000e-02 0
6.0937500000000000e-01 8.2812500000000000e-01 1.5625000000000000e-02 0
6.2500000000000000e-01 8.2812500000000000e-01 1.5625000000000000e-02 0
6.4062500000000000e-01 8.2812500000000000e-01 1.5625000000000000e-02 0
6.5625000000000000e-01 8.2812500000000000e-01 1.5625000000000000e-02 0
6.7187500000000000e-01 8.2812500000000000e-01 1.5625000000000000e-02 0
6.8750000000000000e-01 8.2812500000000000e-01 1.5625000000000000e-02 0
7.0312500000000000e-01 8.2812500000000000e-01 1.5625000000000000e-02 0
7.1875000000000000e-01 8.2812500000000000e-01 1.5625000000000000e-02 0
7.3437500000000000e-01 8.2812500000000000e-01 1.5625000000000000e-02 0
7.5000000000000000e-01 8.2812500000000000e-01 1.5625000000000000e-02 0
7.6562500000000000e-01 8.2812500000000000e-01 1.5625000000000000e-02 0
7.8125000000000000e-01 8.2812500000000000e-01 1.5625000000000000e-02 0
7.9687500000000000e-01 8.2812500000000000e-01 1.5625000000000000e-02 0
8.1250000000000000e-01 8.2812500000000000e-01 1.5625000000000000e-02 0
8.2812500000000000e-01 8.2812500000000000e-01 1.5625000000000000e-02 0
8.4375000000000000e-01 8.2812500000000000e-01 1.5625000000000000e-02 0
8.5937500000000000e-01 8.2812500000000000e-01 1.5625000000000000e-02 0
8.7500000000000000e-01 8.2812500000000000e-01 1.5625000000000000e-02 0
8.9062500000000000e-01 8.2812500000000000e-01 1.5625000000000000e-02 0
9.0625000000000000e-01 8.2812500000000000e-01 1.5625000000000000e-02 0
9.2187500000000000e-01 8.2812500000000000e-01 1.5625000000000000e-02 0
9.3750000000000000e-01 8.2812500000000000e-01 1.5625000000000000e-02 0
9.5312500000000000e-01 8.2812500000000000e-01 1.5625000000000000e-02 0
9.6875000000000000e-01 8.2812500000000000e-01 1.5625000000000000e-02 0
9.8437500000000000e-01 8.2812500000000000e-01 1.5625000000000000e-02 0
1.5625000000000000e-02 8.1250000000000000e-01 1.5625000000000000e-02 0
3.1250000000000000e-02 8.1250000000000000e-01 1.5625000000000000e-02 0
4.6875000000000000e-02 8.1250000000000000e-01 1.5625000000000000e-02 0
6.2500000000000000e-02 8.1250000000000000e-01 1.5625000000000000e-02 0
7.8125000000000000e-02 8.1250000000000000e-01 1.5625000000000000e-02 0
9.3750000000000000e-02 8.1250000000000000e-01 1.5625000000000000e-02 0
1.0937500000000000e-01 8.1250000000000000e-01 1.5625000000000000e-02 0
1.2500000000000000e-01 8.1250000000000000e-01 1.5625000000000000e-02 0
1.4062500000000000e-01 8.1250000000000000e-01 1.5625000000000000e-02 0
1.5625000000000000e-01 8.1250000000000000e-01 1.5625000000000000e-02 0
1.7187500000000000e-01 8.1250000000000000e-01 1.5625000000000000e-02 0
1.8750000000000000e-01 8.1250000000000000e-01 1.5625000000000000e-02 0
2.0312500000000000e-01 8.1250000000000000e-01 1.5625000000000000e-02 0
2.1875000000000000e-01 8.1250000000000000e-01 1.5625000000000000e-02 0
2.3437500000000000e-01 8.1250000000000000e-01 1.5625000000000000e-02 0
2.5000000000000000e-01 8.1250000000000000e-01 1.5625000000000000e-02 0
2.6562500000000000e-01 8.1250000000000000e-01 1.5625000000000000e-02 0
2.8125000000000000e-01 8.1250000000000000e-01 1.5625000000000000e-02 0
2.9687500000000000e-01 8.1250000000000000e-01 1.5625000000000000e-02 0
3.1250000000000000e-01 8.1250000000000000e-01 1.5625000000000000e-02 0
3.2812500000000000e-01 8.1250000000000000e-01 1.5625000000000000e-02 0
3.4375000000000000e-01 8.1250000000000000e-01 1.5625000000000000e-02 0
3.5937500000000000e-01 8.1250000000000000e-01 1.5625000000000000e-02 0
3.7500000000000000e-01 8.1250000000000000e-01 1.5625000000000000e-02 0
3.9062500000000000e-01 8.1250000000000000e-01 1.5625000000000000e-02 0
4.0625000000000000e-01 8.1250000000000000e-01 1.5625000000000000e-02 0
4.2187500000000000e-01 8.1250000000000000e-01 1.5625000000000000e-02 0
4.3750000000000000e-01 8.1250000000000000e-01 1.5625000000000000e-02 0
4.5312500000000000e-01 8.1250000000000000e-01 1.5625000000000000e-02 0
4.6875000000000000e-01 8.1250000000000000e-01 1.5625000000000000e-02 0
4.8437500000000000e-01 8.1250000000000000e-01 1.5625000000000000e-02 0
5.0000000000000000e-01 8.1250000000000000e-01 1.5625000000000000e-02 0
5.1562500000000000e-01 8.1250000000000000e-01 1.5625000000000000e-02 0
5.3125000000000000e-01 8.1250000000000000e-01 1.5625000000000000e-02 0
5.4687500000000000e-01 8.1250000000000000e-01 1.5625000000000000e-02 0
5.6250000000000000e-01 8.1250000000000000e-01 1.5625000000000000e-02 0
5.7812500000000000e-01 8.1250000000000000e-01 1.5625000000000000e-02 0
5.9375000000000000e-01 8.1250000000000000e-01 1.5625000000000000e-02 0
6.0937500000000000e-01 8.1250000000000000e-01 1.5625000000000000e-02 0
6.2500000000000000e-01 8.1250000000000000e-01 1.5625000000000000e-02 0
6.4062500000000000e-01 8.1250000000000000e-01 1.5625000000000000e-02 0
6.5625000000000000e-01 8.1250000000000000e-01 1.5625000000000000e-02 0
6.7187500000000000e-01 8.1250000000000000e-01 1.5625000000000000e-02 0
6.8750000000000000e-01 8.1250000000000000e-01 1.5625000000000000e-02 0
7.0312500000000000e-01 8.1250000000000000e-01 1.5625000000000000e-02 0
7.1875000000000000e-01 8.1250000000000000e-01 1.5625000000000000e-02 0
7.3437500000000000e-01 8.1250000000000000e-01 1.5625000000000000e-02 0
7.5000000000000000e-01 8.1250000000000000e-01 1.5625000000000000e-02 0
7.6562500000000000e-01 8.1250000000000000e-01 1.5625000000000000e-02 0
7.8125000000000000e-01 8.1250000000000000e-01 1.5625000000000000e-02 0
7.9687500000000000e-01 8.1250000000000000e-01 1.5625000000000000e-02 0
8.1250000000000000e-01 8.1250000000000000e-01 1.5625000000000000e-02 0
8.2812500000000000e-01 8.1250000000000000e-01 1.5625000000000000e-02 0
8.4375000000000000e-01 8.1250000000000000e-01 1.5625000000000000e-02 0
8.5937500000000000e-01 8.1250000000000000e-01 1.5625000000000000e-02 0
8.7500000000000000e-01 8.1250000000000000e-01 1.5625000000000000e-02 0
8.9062500000000000e-01 8.1250000000000000e-01 1.5625000000000000e-02 0
9.0625000000000000e-01 8.1250000000000000e-01 1.5625000000000000e-02 0
9.2187500000000000e-01 8.1250000000000000e-01 1.5625000000000000e-02 0
9.3750000000000000e-01 8.1250000000000000e-01 1.5625000000000000e-02 0
9.5312500000000000e-01 8.1250000000000000e-01 1.5625000000000000e-02 0
9.6875000000000000e-01 8.1250000000000000e-01 1.5625000000000000e-02 0
9.8437500000000000e-01 8.1250000000000000e-01 1.5625000000000000e-02 0
1.5625000000000000e-02 7.9687500000000000e-01 1.5625000000000000e-02 0
3.1250000000000000e-02 7.9687500000000000e-01 1.5625000000000000e-02 0
4.6875000000000000e-02 7.9687500000000000e-01 1.5625000000000000e-02 0
6.2500000000000000e-02 7.9687500000000000e-01 1.5625000000000000e-02 0
7.8125000000000000e-02 7.9687500000000000e-01 1.5625000000000000e-02 0
9.3750000000000000e-02 7.9687500000000000e-01 1.5625000000000000e-02 0
1.0937500000000000e-01 7.9687500000000000e-01 1.5625000000000000e-02 0
1.2500000000000000e-01 7.9687500000000000e-01 1.5625000000000000e-02 0
1.4062500000000000e-01 7.9687500000000000e-01 1.5625000000000000e-02 0
1.5625000000000000e-01 7.9687500000000000e-01 1.5625000000000000e-02 0
1.7187500000000000e-01 7.9687500000000000e-01 1.5625000000000000e-02 0
1.8750000000000000e-01 7.9687500000000000e-01 1.5625000000000000e-02 0
2.0312500000000000e-01 7.9687500000000000e-01 1.5625000000000000e-02 0
2.1875000000000000e-01 7.9687500000000000e-01 1.5625000000000000e-02 0
2.3437500000000000e-01 7.9687500000000000e-01 1.5625000000000000e-02 0
2.5000000000000000e-01 7.9687500000000000e-01 1.5625000000000000e-02 0
2.6562500000000000e-01 7.9687500000000000e-01 1.5625000000000000e-02 0
2.8125000000000000e-01 7.9687500000000000e-01 1.5625000000000000e-02 0
2.9687500000000000e-01 7.9687500000000000e-01 1.5625000000000000e-02 0
3.1250000000000000e-01 7.9687500000000000e-01 1.5625000000000000e-02 0
3.2812500000000000e-01 7.9687500000000000e-01 1.5625000000000000e-02 0
3.4375000000000000e-01 7.9687500000000000e-01 1.5625000000000000e-02 0
3.5937500000000000e-01 7.9687500000000000e-01 1.5625000000000000e-02 0
3.7500000000000000e-01 7.9687500000000000e-01 1.5625000000000000e-02 0
3.9062500000000000e-01 7.9687500000000000e-01 1.5625000000000000e-02 0
4.0625000000000000e-01 7.9687500000000000e-01 1.5625000000000000e-02 0
4.2187500000000000e-01 7.9687500000000000e-01 1.5625000000000000e-02 0
4.3750000000000000e-01 7.9687500000000000e-01 1.5625000000000000e-02 0
4.5312500000000000e-01 7.9687500000000000e-01 1.5625000000000000e-02 0
4.6875000000000000e-01 7.9687500000000000e-01 1.5625000000000000e-02 0
4.8437500000000000e-01 7.9687500000000000e-01 1.5625000000000000e-02 0
5.0000000000000000e-01 7.9687500000000000e-01 1.5625000000000000e-02 0
5.1562500000000000e-01 7.9687500000000000e-01 1.5625000000000000e-02 0
5.3125000000000000e-01 7.9687500000000000e-01 1.5625000000000000e-02 0
5.4687500000000000e-01 7.9687500000000000e-01 1.5625000000000000e-02 0
5.6250000000000000e-01 7.9687500000000000e-01 1.5625000000000000e-02 0
5.7812500000000000e-01 7.9687500000000000e-01 1.5625000000000000e-02 0
5.9375000000000000e-01 7.9687500000000000e-01 1.5625000000000000e-02 0
6.0937500000000000e-01 7.9687500000000000e-01 1.5625000000000000e-02 0
6.2500000000000000e-01 7.9687500000000000e-01 1.5625000000000000e-02 0
6.4062500000000000e-01 7.9687500000000000e-01 1.5625000000000000e-02 0
6.5625000000000000e-01 7.9687500000000000e-01 1.5625000000000000e-02 0
6.7187500000000000e-01 7.9687500000000000e-01 1.5625000000000000e-02 0
6.8750000000000000e-01 7.9687500000000000e-01 1.5625000000000000e-02 0
7.0312500000000000e-01 7.9687500000000000e-01 1.5625000000000000e-02 0
7.1875000000000000e-01 7.9687500000000000e-01 1.5625000000000000e-02 0
7.3437500000000000e-01 7.9687500000000000e-01 1.5625000000000000e-02 0
7.5000000000000000e-01 7.9687500000000000e-01 1.5625000000000000e-02 0
7.6562500000000000e-01 7.9687500000000000e-01 1.5625000000000000e-02 0
7.8125000000000000e-01 7.9687500000000000e-01 1.5625000000000000e-02 0
7.9687500000000000e-01 7.9687500000000000e-01 1.5625000000000000e-02 0
8.1250000000000000e-01 7.9687500000000000e-01 1.5625000000000000e-02 0
8.2812500000000000e-01 7.9687500000000000e-01 1.5625000000000000e-02 0
8.4375000000000000e-01 7.9687500000000000e-01 1.5625000000000000e-02 0
8.5937500000000000e-01 7.9687500000000000e-01 1.5625000000000000e-02 0
8.7500000000000000e-01 7.9687500000000000e-01 1.5625000000000000e-02 0
8.9062500000000000e-01 7.9687500000000000e-01 1.5625000000000000e-02 0
9.0625000000000000e-01 7.9687500000000000e-01 1.5625000000000000e-02 0
9.2187500000000000e-01 7.9687500000000000e-01 1.5625000000000000e-02 0
9.3750000000000000e-01 7.9687500000000000e-01 1.5625000000000000e-02 0
9.5312500000000000e-01 7.9687500000000000e-01 1.5625000000000000e-02 0
9.6875000000000000e-01 7.9687500000000000e-01 1.5625000000000000e-02 0
9.8437500000000000e-01 7.9687500000000000e-01 1.5625000000000000e-02 0
1.5625000000000000e-02 7.8125000000000000e-01 1.5625000000000000e-02 0
3.1250000000000000e-02 7.8125000000000000e-01 1.5625000000000000e-02 0
4.6875000000000000e-02 7.8125000000000000e-01 1.5625000000000000e-02 0
6.2500000000000000e-02 7.8125000000000000e-01 1.5625000000000000e-02 0
7.8125000000000000e-02 7.8125000000000000e-01 1.5625000000000000e-02 0
9.3750000000000000e-02 7.8125000000000000e-01 1.5625000000000000e-02 0
1.0937500000000000e-01 7.8125000000000000e-01 1.5625000000000000e-02 0
1.2500000000000000e-01 7.8125000000000000e-01 1.5625000000000000e-02 0
1.4062500000000000e-01 7.8125000000000000e-01 1.5625000000000000e-02 0
1.5625000000000000e-01 7.8125000000000000e-01 1.5625000000000000e-02 0
1.7187500000000000e-01 7.8125000000000000e-01 1.5625000000000000e-02 0
1.8750000000000000e-01 7.8125000000000000e-01 1.5625000000000000e-02 0
2.0312500000000000e-01 7.8125000000000000e-01 1.5625000000000000e-02 0
2.1875000000000000e-01 7.8125000000000000e-01 1.5625000000000000e-02 0
2.3437500000000000e-01 7.8125000000000000e-01 1.5625000000000000e-02 0
2.5000000000000000e-01 7.8125000000000000e-01 1.5625000000000000e-02 0
2.6562500000000000e-01 7.8125000000000000e-01 1.5625000000000000e-02 0
2.8125000000000000e-01 7.8125000000000000e-01 1.5625000000000000e-02 0
2.9687500000000000e-01 7.8125000000000000e-01 1.5625000000000000e-02 0
3.1250000000000000e-01 7.8125000000000000e-01 1.5625000000000000e-02 0
3.2812500000000000e-01 7.8125000000000000e-01 1.5625000000000000e-02 0
3.4375000000000000e-01 7.8125000000000000e-01 1.5625000000000000e-02 0
3.5937500000000000e-01 7.8125000000000000e-01 1.5625000000000000e-02 0
3.7500000000000000e-01 7.8125000000000000e-01 1.5625000000000000e-02 0
3.9062500000000000e-01 7.8125000000000000e-01 1.5625000000000000e-02 0
4.0625000000000000e-01 7.8125000000000000e-01 1.5625000000000000e-02 0
4.2187500000000000e-01 7.8125000000000000e-01 1.5625000000000000e-02 0
4.3750000000000000e-01 7.8125000000000000e-01 1.5625000000000000e-02 0
4.5312500000000000e-01 7.8125000000000000e-01 1.5625000000000000e-02 0
4.6875000000000000e-01 7.8125000000000000e-01 1.5625000000000000e-02 0
4.8437500000000000e-01 7.8125000000000000e-01 1.5625000000000000e-02 0
5.0000000000000000e-01 7.8125000000000000e-01 1.5625000000000000e-02 0
5.1562500000000000e-01 7.8125000000000000e-01 1.5625000000000000e-02 0
5.3125000000000000e-01 7.8125000000000000e-01 1.5625000000000000e-02 0
5.4687500000000000e-01 7.8125000000000000e-01 1.5625000000000000e-02 0
5.6250000000000000e-01 7.8125000000000000e-01 1.5625000000000000e-02 0
5.7812500000000000e-01 7.8125000000000000e-01 1.5625000000000000e-02 0
5.9375000000000000e-01 7.8125000000000000e-01 1.5625000000000000e-02 0
6.0937500000000000e-01 7.8125000000000000e-01 1.5625000000000000e-02 0
6.2500000000000000e-01 7.8125000000000000e-01 1.5625000000000000e-02 0
6.4062500000000000e-01 7.8125000000000000e-01 1.5625000000000000e-02 0
6.5625000000000000e-01 7.8125000000000000e-01 1.5625000000000000e-02 0
6.7187500000000000e-01 7.8125000000000000e-01 1.5625000000000000e-02 0
6.8750000000000000e-01 7.8125000000000000e-01 1.5625000000000000e-02 0
7.0312500000000000e-01 7.8125000000000000e-01 1.5625000000000000e-02 0
7.1875000000000000e-01 7.8125000000000000e-01 1.5625000000000000e-02 0
7.3437500000000000e-01 7.8125000000000000e-01 1.5625000000000000e-02 0
7.5000000000000000e-01 7.8125000000000000e-01 1.5625000000000000e-02 0
7.6562500000000000e-01 7.8125000000000000e-01 1.5625000000000000e-02 0
7.8125000000000000e-01 7.8125000000000000e-01 1.5625000000000000e-02 0
7.9687500000000000e-01 7.8125000000000000e-01 1.5625000000000000e-02 0
8.1250000000000000e-01 7.8125000000000000e-01 1.5625000000000000e-02 0
8.2812500000000000e-01 7.8125000000000000e-01 1.5625000000000000e-02 0
8.4375000000000000e-01 7.8125000000000000e-01 1.5625000000000000e-02 0
8.5937500000000000e-01 7.8125000000000000e-01 1.5625000000000000e-02 0
8.7500000000000000e-01 7.8125000000000000e-01 1.5625000000000000e-02 0
8.9062500000000000e-01 7.8125000000000000e-01 1.5625000000000000e-02 0
9.0625000000000000e-01 7.8125000000000000e-01 1.5625000000000000e-02 0
9.2187500000000000e-01 7.8125000000000000e-01 1.5625000000000000e-02 0
9.3750000000000000e-01 7.8125000000000000e-01 1.5625000000000000e-02 0
9.5312500000000000e-01 7.8125000000000000e-01 1.5625000000000000e-02 0
9.6875000000000000e-01 7.8125000000000000e-01 1.5625000000000000e-02 0
9.8437500000000000e-01 7.8125000000000000e-01 1.5625000000000000e-02 0
1.5625000000000000e-02 7.6562500000000000e-01 1.5625000000000000e-02 0
3.1250000000000000e-02 7.6562500000000000e-01 1.5625000000000000e-02 0
4.6875000000000000e-02 7.6562500000000000e-01 1.5625000000000000e-02 0
6.2500000000000000e-02 7.6562500000000000e-01 1.5625000000000000e-02 0
7.8125000000000000e-02 7.6562500000000000e-01 1.5625000000000000e-02 0
9.3750000000000000e-02 7.6562500000000000e-01 1.5625000000000000e-02 0
1.0937500000000000e-01 7.6562500000000000e-01 1.5625000000000000e-02 0
1.2500000000000000e-01 7.6562500000000000e-01 1.5625000000000000e-02 0
1.4062500000000000e-01 7.6562500000000000e-01 1.5625000000000000e-02 0
1.5625000000000000e-01 7.6562500000000000e-01 1.5625000000000000e-02 0
1.7187500000000000e-01 7.6562500000000000e-01 1.5625000000000000e-02 0
1.8750000000000000e-01 7.6562500000000000e-01 1.5625000000000000e-02 0
2.0312500000000000e-01 7.6562500000000000e-01 1.5625000000000000e-02 0
2.1875000000000000e-01 7.6562500000000000e-01 1.5625000000000000e-02 0
2.3437500000000000e-01 7.6562500000000000e-01 1.5625000000000000e-02 0
2.5000000000000000e-01 7.6562500000000000e-01 1.5625000000000000e-02 0
2.6562500000000000e-01 7.6562500000000000e-01 1.5625000000000000e-02 0
2.8125000000000000e-01 7.6562500000000000e-01 1.5625000000000000e-02 0
2.9687500000000000e-01 7.6562500000000000e-01 1.5625000000000000e-02 0
3.1250000000000000e-01 7.6562500000000000e-01 1.5625000000000000e-02 0
3.2812500000000000e-01 7.6562500000000000e-01 1.5625000000000000e-02 0
3.4375000000000000e-01 7.6562500000000000e-01 1.5625000000000000e-02 0
3.5937500000000000e-01 7.6562500000000000e-01 1.5625000000000000e-02 0
3.7500000000000000e-01 7.6562500000000000e-01 1.5625000000000000e-02 0
3.9062500000000000e-01 7.6562500000000000e-01 1.5625000000000000e-02 0
4.0625000000000000e-01 7.6562500000000000e-01 1.5625000000000000e-02 0
4.2187500000000000e-01 7.6562500000000000e-01 1.5625000000000000e-02 0
4.3750000000000000e-01 7.6562500000000000e-01 1.5625000000000000e-02 0
4.5312500000000000e-01 7.6562500000000000e-01 1.5625000000000000e-02 0
4.6875000000000000e-01 7.6562500000000000e-01 1.5625000000000000e-02 0
4.8437500000000000e-01 7.6562500000000000e-01 1.5625000000000000e-02 0
5.0000000000000000e-01 7.6562500000000000e-01 1.5625000000000000e-02 0
5.1562500000000000e-01 7.6562500000000000e-01 1.5625000000000000e-02 0
5.3125000000000000e-01 7.6562500000000000e-01 1.5625000000000000e-02 0
5.4687500000000000e-01 7.6562500000000000e-01 1.5625000000000000e-02 0
5.6250000000000000e-01 7.6562500000000000e-01 1.5625000000000000e-02 0
5.7812500000000000e-01 7.6562500000000000e-01 1.5625000000000000e-02 0
5.9375000000000000e-01 7.6562500000000000e-01 1.5625000000000000e-02 0
6.0937500000000000e-01 7.6562500000000000e-01 1.5625000000000000e-02 0
6.2500000000000000e-01 7.6562500000000000e-01 1.5625000000000000e-02 0
6.4062500000000000e-01 7.6562500000000000e-01 1.5625000000000000e-02 0
6.5625000000000000e-01 7.6562500000000000e-01 1.5625000000000000e-02 0
6.7187500000000000e-01 7.6562500000000000e-01 1.5625000000000000e-02 0
6.8750000000000000e-01 7.6562500000000000e-01 1.5625000000000000e-02 0
7.0312500000000000e-01 7.6562500000000000e-01 1.5625000000000000e-02 0
7.1875000000000000e-01 7.6562500000000000e-01 1.5625000000000000e-02 0
7.3437500000000000e-01 7.6562500000000000e-01 1.5625000000000000e-02 0
7.5000000000000000e-01 7.6562500000000000e-01 1.5625000000000000e-02 0
7.6562500000000000e-01 7.6562500000000000e-01 1.5625000000000000e-02 0
7.8125000000000000e-01 7.6562500000000000e-01 1.5625000000000000e-02 0
7.9687500000000000e-01 7.6562500000000000e-01 1.5625000000000000e-02 0
8.1250000000000000e-01 7.6562500000000000e-01 1.5625000000000000e-02 0
8.2812500000000000e-01 7.6562500000000000e-01 1.5625000000000000e-02 0
8.4375000000000000e-01 7.6562500000000000e-01 1.5625000000000000e-02 0
8.5937500000000000e-01 7.6562500000000000e-01 1.5625000000000000e-02 0
8.7500000000000000e-01 7.6562500000000000e-01 1.5625000000000000e-02 0
8.9062500000000000e-01 7.6562500000000000e-01 1.5625000000000000e-02 0
9.0625000000000000e-01 7.6562500000000000e-01 1.5625000000000000e-02 0
9.2187500000000000e-01 7.6562500000000000e-01 1.5625000000000000e-02 0
9.3750000000000000e-01 7.6562500000000000e-01 1.5625000000000000e-02 0
9.5312500000000000e-01 7.6562500000000000e-01 1.5625000000000000e-02 0
9.6875000000000000e-01 7.6562500000000000e-01 1.5625000000000000e-02 0
9.8437500000000000e-01 7.6562500000000000e-01 1.5625000000000000e-02 0
1.5625000000000000e-02 7.5000000000000000e-01 1.5625000000000000e-02 0
3.1250000000000000e-02 7.5000000000000000e-01 1.5625000000000000e-02 0
4.6875000000000000e-02 7.5000000000000000e-01 1.5625000000000000e-02 0
6.2500000000000000e-02 7.5000000000000000e-01 1.5625000000000000e-02 0
7.8125000000000000e-02 7.5000000000000000e-01 1.5625000000000000e-02 0
9.3750000000000000e-02 7.5000000000000000e-01 1.5625000000000000e-02 0
1.0937500000000000e-01 7.5000000000000000e-01 1.5625000000000000e-02 0
1.2500000000000000e-01 7.5000000000000000e-01 1.5625000000000000e-02 0
1.4062500000000000e-01 7.5000000000000000e-01 1.5625000000000000e-02 0
1.5625000000000000e-01 7.5000000000000000e-01 1.5625000000000000e-02 0
1.7187500000000000e-01 7.5000000000000000e-01 1.5625000000000000e-02 0
1.8750000000000000e-01 7.5000000000000000e-01 1.5625000000000000e-02 0
2.0312500000000000e-01 7.5000000000000000e-01 1.5625000000000000e-02 0
2.1875000000000000e-01 7.5000000000000000e-01 1.5625000000000000e-02 0
2.3437500000000000e-01 7.5000000000000000e-01 1.5625000000000000e-02 0
2.5000000000000000e-01 7.5000000000000000e-01 1.5625000000000000e-02 0
2.6562500000000000e-01 7.5000000000000000e-01 1.5625000000000000e-02 0
2.8125000000000000e-01 7.5000000000000000e-01 1.5625000000000000e-02 0
2.9687500000000000e-01 7.5000000000000000e-01 1.5625000000000000e-02 0
3.1250000000000000e-01 7.5000000000000000e-01 1.5625000000000000e-02 0
3.2812500000000000e-01 7.5000000000000000e-01 1.5625000000000000e-02 0
3.4375000000000000e-01 7.5000000000000000e-01 1.5625000000000000e-02 0
3.5937500000000000e-01 7.5000000000000000e-01 1.5625000000000000e-02 0
3.7500000000000000e-01 7.5000000000000000e-01 1.5625000000000000e-02 0
3.9062500000000000e-01 7.5000000000000000e-01 1.5625000000000000e-02 0
4.0625000000000000e-01 7.5000000000000000e-01 1.5625000000000000e-02 0
4.2187500000000000e-01 7.5000000000000000e-01 1.5625000000000000e-02 0
4.3750000000000000e-01 7.5000000000000000e-01 1.5625000000000000e-02 0
4.5312500000000000e-01 7.5000000000000000e-01 1.5625000000000000e-02 0
4.6875000000000000e-01 7.5000000000000000e-01 1.5625000000000000e-02 0
4.8437500000000000e-01 7.5000000000000000e-01 1.5625000000000000e-02 0
5.0000000000000000e-01 7.5000000000000000e-01 1.5625000000000000e-02 0
5.1562500000000000e-01 7.5000000000000000e-01 1.5625000000000000e-02 0
5.3125000000000000e-01 7.5000000000000000e-01 1.5625000000000000e-02 0
5.4687500000000000e-01 7.5000000000000000e-01 1.5625000000000000e-02 0
5.6250000000000000e-01 7.5000000000000000e-01 1.5625000000000000e-02 0
5.7812500000000000e-01 7.5000000000000000e-01 1.5625000000000000e-02 0
5.9375000000000000e-01 7.5000000000000000e-01 1.5625000000000000e-02 0
6.0937500000000000e-01 7.5000000000000000e-01 1.5625000000000000e-02 0
6.2500000000000000e-01 7.5000000000000000e-01 1.5625000000000000e-02 0
6.4062500000000000e-01 7.5000000000000000e-01 1.5625000000000000e-02 0
6.5625000000000000e-01 7.5000000000000000e-01 1.5625000000000000e-02 0
6.7187500000000000e-01 7.5000000000000000e-01 1.5625000000000000e-02 0
6.8750000000000000e-01 7.5000000000000000e-01 1.5625000000000000e-02 0
7.0312500000000000e-01 7.5000000000000000e-01 1.5625000000000000e-02 0
7.1875000000000000e-01 7.5000000000000000e-01 1.5625000000000000e-02 0
7.3437500000000000e-01 7.5000000000000000e-01 1.5625000000000000e-02 0
7.5000000000000000e-01 7.5000000000000000e-01 1.5625000000000000e-02 0
7.6562500000000000e-01 7.5000000000000000e-01 1.5625000000000000e-02 0
7.8125000000000000e-01 7.5000000000000000e-01 1.5625000000000000e-02 0
7.9687500000000000e-01 7.5000000000000000e-01 1.5625000000000000e-02 0
8.1250000000000000e-01 7.5000000000000000e-01 1.5625000000000000e-02 0
8.2812500000000000e-01 7.5000000000000000e-01 1.5625000000000000e-02 0
8.4375000000000000e-01 7.5000000000000000e-01 1.5625000000000000e-02 0
8.5937500000000000e-01 7.5000000000000000e-01 1.5625000000000000e-02 0
8.7500000000000000e-01 7.5000000000000000e-01 1.5625000000000000e-02 0
8.9062500000000000e-01 7.5000000000000000e-01 1.5625000000000000e-02 0
9.0625000000000000e-01 7.5000000000000000e-01 1.5625000000000000e-02 0
9.2187500000000000e-01 7.5000000000000000e-01 1.5625000000000000e-02 0
9.3750000000000000e-01 7.5000000000000000e-01 1.5625000000000000e-02 0
9.5312500000000000e-01 7.5000000000000000e-01 1.5625000000000000e-02 0
9.6875000000000000e-01 7.5000000000000000e-01 1.5625000000000000e-02 0
9.8437500000000000e-01 7.5000000000000000e-01 1.5625000000000000e-02 0
1.5625000000000000e-02 7.3437500000000000e-01 1.5625000000000000e-02 0
3.1250000000000000e-02 7.3437500000000000e-01 1.5625000000000000e-02 0
4.6875000000000000e-02 7.3437500000000000e-01 1.5625000000000000e-02 0
6.2500000000000000e-02 7.3437500000000000e-01 1.5625000000000000e-02 0
7.8125000000000000e-02 7.3437500000000000e-01 1.5625000000000000e-02 0
9.3750000000000000e-02 7.3437500000000000e-01 1.5625000000000000e-02 0
1.0937500000000000e-01 7.3437500000000000e-01 1.5625000000000000e-02 0
1.2500000000000000e-01 7.3437500000000000e-01 1.5625000000000000e-02 0
1.4062500000000000e-01 7.3437500000000000e-01 1.5625000000000000e-02 0
1.5625000000000000e-01 7.3437500000000000e-01 1.5625000000000000e-02 0
1.7187500000000000e-01 7.3437500000000000e-01 1.5625000000000000e-02 0
1.8750000000000000e-01 7.3437500000000000e-01 1.5625000000000000e-02 0
2.0312500000000000e-01 7.3437500000000000e-01 1.5625000000000000e-02 0
2.1875000000000000e-01 7.3437500000000000e-01 1.5625000000000000e-02 0
2.3437500000000000e-01 7.3437500000000000e-01 1.5625000000000000e-02 0
2.5000000000000000e-01 7.3437500000000000e-01 1.5625000000000000e-02 0
2.6562500000000000e-01 7.3437500000000000e-01 1.5625000000000000e-02 0
2.8125000000000000e-01 7.3437500000000000e-01 1.5625000000000000e-02 0
2.9687500000000000e-01 7.3437500000000000e-01 1.5625000000000000e-02 0
3.1250000000000000e-01 7.3437500000000000e-01 1.5625000000000000e-02 0
3.2812500000000000e-01 7.3437500000000000e-01 1.5625000000000000e-02 0
3.4375000000000000e-01 7.3437500000000000e-01 1.5625000000000000e-02 0
3.5937500000000000e-01 7.3437500000000000e-01 1.5625000000000000e-02 0
3.7500000000000000e-01 7.3437500000000000e-01 1.5625000000000000e-02 0
3.9062500000000000e-01 7.3437500000000000e-01 1.5625000000000000e-02 0
4.0625000000000000e-01 7.3437500000000000e-01 1.5625000000000000e-02 0
4.2187500000000000e-01 7.3437500000000000e-01 1.5625000000000000e-02 0
4.3750000000000000e-01 7.3437500000000000e-01 1.5625000000000000e-02 0
4.5312500000000000e-01 7.3437500000000000e-01 1.5625000000000000e-02 0
4.6875000000000000e-01 7.3437500000000000e-01 1.5625000000000000e-02 0
4.8437500000000000e-01 7.3437500000000000e-01 1.5625000000000000e-02 0
5.0000000000000000e-01 7.3437500000000000e-01 1.5625000000000000e-02 0
5.1562500000000000e-01 7.3437500000000000e-01 1.5625000000000000e-02 0
5.3125000000000000e-01 7.3437500000000000e-01 1.5625000000000000e-02 0
5.4687500000000000e-01 7.3437500000000000e-01 1.5625000000000000e-02 0
5.6250000000000000e-01 7.3437500000000000e-01 1.5625000000000000e-02 0
5.7812500000000000e-01 7.3437500000000000e-01 1.5625000000000000e-02 0
5.9375000000000000e-01 7.3437500000000000e-01 1.5625000000000000e-02 0
6.0937500000000000e-01 7.3437500000000000e-01 1.5625000000000000e-02 0
6.2500000000000000e-01 7.3437500000000000e-01 1.5625000000000000e-02 0
6.4062500000000000e-01 7.3437500000000000e-01 1.5625000000000000e-02 0
6.5625000000000000e-01 7.3437500000000000e-01 1.5625000000000000e-02 0
6.7187500000000000e-01 7.3437500000000000e-01 1.5625000000000000e-02 0
6.8750000000000000e-01 7.3437500000000000e-01 1.5625000000000000e-02 0
7.0312500000000000e-01 7.3437500000000000e-01 1.5625000000000000e-02 0
7.1875000000000000e-01 7.3437500000000000e-01 1.5625000000000000e-02 0
7.3437500000000000e-01 7.3437500000000000e-01 1.5625000000000000e-02 0
7.5000000000000000e-01 7.3437500000000000e-01 1.5625000000000000e-02 0
7.6562500000000000e-01 7.3437500000000000e-01 1.5625000000000000e-02 0
7.8125000000000000e-01 7.3437500000000000e-01 1.5625000000000000e-02 0
7.9687500000000000e-01 7.3437500000000000e-01 1.5625000000000000e-02 0
8.1250000000000000e-01 7.3437500000000000e-01 1.5625000000000000e-02 0
8.2812500000000000e-01 7.3437500000000000e-01 1.5625000000000000e-02 0
8.4375000000000000e-01 7.3437500000000000e-01 1.5625000000000000e-02 0
8.5937500000000000e-01 7.3437500000000000e-01 1.5625000000000000e-02 0
8.7500000000000000e-01 7.3437500000000000e-01 1.5625000000000000e-02 0
8.9062500000000000e-01 7.3437500000000000e-01 1.5625000000000000e-02 0
9.0625000000000000e-01 7.3437500000000000e-01 1.5625000000000000e-02 0
9.2187500000000000e-01 7.3437500000000000e-01 1.5625000000000000e-02 0
9.3750000000000000e-01 7.3437500000000000e-01 1.5625000000000000e-02 0
9.5312500000000000e-01 7.3437500000000000e-01 1.5625000000000000e-02 0
9.6875000000000000e-01 7.3437500000000000e-01 1.5625000000000000e-02 0
9.8437500000000000e-01 7.3437500000000000e-01 1.5625000000000000e-02 0
1.5625000000000000e-02 7.1875000000000000e-01 1.5625000000000000e-02 0
3.1250000000000000e-02 7.1875000000000000e-01 1.5625000000000000e-02 0
4.6875000000000000e-02 7.1875000000000000e-01 1.5625000000000000e-02 0
6.2500000000000000e-02 7.1875000000000000e-01 1.5625000000000000e-02 0
7.8125000000000000e-02 7.1875000000000000e-01 1.5625000000000000e-02 0
9.3750000000000000e-02 7.1875000000000000e-01 1.5625000000000000e-02 0
1.0937500000000000e-01 7.1875000000000000e-01 1.5625000000000000e-02 0
1.2500000000000000e-01 7.1875000000000000e-01 1.5625000000000000e-02 0
1.4062500000000000e-01 7.1875000000000000e-01 1.5625000000000000e-02 0
1.5625000000000000e-01 7.1875000000000000e-01 1.5625000000000000e-02 0
1.7187500000000000e-01 7.1875000000000000e-01 1.5625000000000000e-02 0
1.8750000000000000e-01 7.1875000000000000e-01 1.5625000000000000e-02 0
2.0312500000000000e-01 7.1875000000000000e-01 1.5625000000000000e-02 0
2.1875000000000000e-01 7.1875000000000000e-01 1.5625000000000000e-02 0
2.3437500000000000e-01 7.1875000000000000e-01 1.5625000000000000e-02 0
2.5000000000000000e-01 7.1875000000000000e-01 1.5625000000000000e-02 0
2.6562500000000000e-01 7.1875000000000000e-01 1.5625000000000000e-02 0
2.8125000000000000e-01 7.1875000000000000e-01 1.5625000000000000e-02 0
2.9687500000000000e-01 7.1875000000000000e-01 1.5625000000000000e-02 0
3.1250000000000000e-01 7.1875000000000000e-01 1.5625000000000000e-02 0
3.2812500000000000e-01 7.1875000000000000e-01 1.5625000000000000e-02 0
3.4375000000000000e-01 7.1875000000000000e-01 1.5625000000000000e-02 0
3.5937500000000000e-01 7.1875000000000000e-01 1.5625000000000000e-02 0
3.7500000000000000e-01 7.1875000000000000e-01 1.5625000000000000e-02 0
3.9062500000000000e-01 7.1875000000000000e-01 1.5625000000000000e-02 0
4.0625000000000000e-01 7.1875000000000000e-01 1.5625000000000000e-02 0
4.2187500000000000e-01 7.1875000000000000e-01 1.5625000000000000e-02 0
4.3750000000000000e-01 7.1875000000000000e-01 1.5625000000000000e-02 0
4.5312500000000000e-01 7.1875000000000000e-01 1.5625000000000000e-02 0
4.6875000000000000e-01 7.1875000000000000e-01 1.5625000000000000e-02 0
4.8437500000000000e-01 7.1875000000000000e-01 1.5625000000000000e-02 0
5.0000000000000000e-01 7.1875000000000000e-01 1.5625000000000000e-02 0
5.1562500000000000e-01 7.1875000000000000e-01 1.5625000000000000e-02 0
5.3125000000000000e-01 7.1875000000000000e-01 1.5625000000000000e-02 0
5.4687500000000000e-01 7.1875000000000000e-01 1.5625000000000000e-02 0
5.6250000000000000e-01 7.1875000000000000e-01 1.5625000000000000e-02 0
5.7812500000000000e-01 7.1875000000000000e-01 1.5625000000000000e-02 0
5.9375000000000000e-01 7.1875000000000000e-01 1.5625000000000000e-02 0
6.0937500000000000e-01 7.1875000000000000e-01 1.5625000000000000e-02 0
6.2500000000000000e-01 7.1875000000000000e-01 1.5625000000000000e-02 0
6.4062500000000000e-01 7.1875000000000000e-01 1.5625000000000000e-02 0
6.5625000000000000e-01 7.1875000000000000e-01 1.5625000000000000e-02 0
6.7187500000000000e-01 7.1875000000000000e-01 1.5625000000000000e-02 0
6.8750000000000000e-01 7.1875000000000000e-01 1.5625000000000000e-02 0
7.0312500000000000e-01 7.1875000000000000e-01 1.5625000000000000e-02 0
7.1875000000000000e-01 7.1875000000000000e-01 1.5625000000000000e-02 0
7.3437500000000000e-01 7.1875000000000000e-01 1.5625000000000000e-02 0
7.5000000000000000e-01 7.1875000000000000e-01 1.5625000000000000e-02 0
7.6562500000000000e-01 7.1875000000000000e-01 1.5625000000000000e-02 0
7.8125000000000000e-01 7.1875000000000000e-01 1.5625000000000000e-02 0
7.9687500000000000e-01 7.1875000000000000e-01 1.5625000000000000e-02 0
8.1250000000000000e-01 7.1875000000000000e-01 1.5625000000000000e-02 0
8.2812500000000000e-01 7.1875000000000000e-01 1.5625000000000000e-02 0
8.4375000000000000e-01 7.1875000000000000e-01 1.5625000000000000e-02 0
8.5937500000000000e-01 7.1875000000000000e-01 1.5625000000000000e-02 0
8.7500000000000000e-01 7.1875000000000000e-01 1.5625000000000000e-02 0
8.9062500000000000e-01 7.1875000000000000e-01 1.5625000000000000e-02 0
9.0625000000000000e-01 7.1875000000000000e-01 1.5625000000000000e-02 0
9.2187500000000000e-01 7.1875000000000000e-01 1.5625000000000000e-02 0
9.3750000000000000e-01 7.1875000000000000e-01 1.5625000000000000e-02 0
9.5312500000000000e-01 7.1875000000000000e-01 1.5625000000000000e-02 0
9.6875000000000000e-01 7.1875000000000000e-01 1.5625000000000000e-02 0
9.8437500000000000e-01 7.1875000000000000e-01 1.5625000000000000e-02 0
1.5625000000000000e-02 7.0312500000000000e-01 1.5625000000000000e-02 0
3.1250000000000000e-02 7.0312500000000000e-01 1.5625000000000000e-02 0
4.6875000000000000e-02 7.0312500000000000e-01 1.5625000000000000e-02 0
6.2500000000000000e-02 7.0312500000000000e-01 1.5625000000000000e-02 0
7.8125000000000000e-02 7.0312500000000000e-01 1.5625000000000000e-02 0
9.3750000000000000e-02 7.0312500000000000e-01 1.5625000000000000e-02 0
1.0937500000000000e-01 7.0312500000000000e-01 1.5625000000000000e-02 0
1.2500000000000000e-01 7.0312500000000000e-01 1.5625000000000000e-02 0
1.4062500000000000e-01 7.0312500000000000e-01 1.5625000000000000e-02 0
1.5625000000000000e-01 7.0312500000000000e-01 1.5625000000000000e-02 0
1.7187500000000000e-01 7.0312500000000000e-01 1.5625000000000000e-02 0
1.8750000000000000e-01 7.0312500000000000e-01 1.5625000000000000e-02 0
2.0312500000000000e-01 7.0312500000000000e-01 1.5625000000000000e-02 0
2.1875000000000000e-01 7.0312500000000000e-01 1.5625000000000000e-02 0
2.3437500000000000e-01 7.0312500000000000e-01 1.5625000000000000e-02 0
2.5000000000000000e-01 7.0312500000000000e-01 1.5625000000000000e-02 0
2.6562500000000000e-01 7.0312500000000000e-01 1.5625000000000000e-02 0
2.8125000000000000e-01 7.0312500000000000e-01 1.5625000000000000e-02 0
2.9687500000000000e-01 7.0312500000000000e-01 1.5625000000000000e-02 0
3.1250000000000000e-01 7.0312500000000000e-01 1.5625000000000000e-02 0
3.2812500000000000e-01 7.0312500000000000e-01 1.5625000000000000e-02 0
3.4375000000000000e-01 7.0312500000000000e-01 1.5625000000000000e-02 0
3.5937500000000000e-01 7.0312500000000000e-01 1.5625000000000000e-02 0
3.7500000000000000e-01 7.0312500000000000e-01 1.5625000000000000e-02 0
3.9062500000000000e-01 7.0312500000000000e-01 1.5625000000000000e-02 0
4.0625000000000000e-01 7.0312500000000000e-01 1.5625000000000000e-02 0
4.2187500000000000e-01 7.0312500000000000e-01 1.5625000000000000e-02 0
4.3750000000000000e-01 7.0312500000000000e-01 1.5625000000000000e-02 0
4.5312500000000000e-01 7.0312500000000000e-01 1.5625000000000000e-02 0
4.6875000000000000e-01 7.0312500000000000e-01 1.5625000000000000e-02 0
4.8437500000000000e-01 7.0312500000000000e-01 1.5625000000000000e-02 0
5.0000000000000000e-01 7.0312500000000000e-01 1.5625000000000000e-02 0
5.1562500000000000e-01 7.0312500000000000e-01 1.5625000000000000e-02 0
5.3125000000000000e-01 7.0312500000000000e-01 1.5625000000000000e-02 0
5.4687500000000000e-01 7.0312500000000000e-01 1.5625000000000000e-02 0
5.6250000000000000e-01 7.0312500000000000e-01 1.5625000000000000e-02 0
5.7812500000000000e-01 7.0312500000000000e-01 1.5625000000000000e-02 0
5.9375000000000000e-01 7.0312500000000000e-01 1.5625000000000000e-02 0
6.0937500000000000e-01 7.0312500000000000e-01 1.5625000000000000e-02 0
6.2500000000000000e-01 7.0312500000000000e-01 1.5625000000000000e-02 0
6.4062500000000000e-01 7.0312500000000000e-01 1.5625000000000000e-02 0
6.5625000000000000e-01 7.0312500000000000e-01 1.5625000000000000e-02 0
6.7187500000000000e-01 7.0312500000000000e-01 1.5625000000000000e-02 0
6.8750000000000000e-01 7.0312500000000000e-01 1.5625000000000000e-02 0
7.0312500000000000e-01 7.0312500000000000e-01 1.5625000000000000e-02 0
7.1875000000000000e-01 7.0312500000000000e-01 1.5625000000000000e-02 0
7.3437500000000000e-01 7.0312500000000000e-01 1.5625000000000000e-02 0
7.5000000000000000e-01 7.0312500000000000e-01 1.5625000000000000e-02 0
7.6562500000000000e-01 7.0312500000000000e-01 1.5625000000000000e-02 0
7.8125000000000000e-01 7.0312500000000000e-01 1.5625000000000000e-02 0
7.9687500000000000e-01 7.0312500000000000e-01 1.5625000000000000e-02 0
8.1250000000000000e-01 7.0312500000000000e-01 1.5625000000000000e-02 0
8.2812500000000000e-01 7.0312500000000000e-01 1.5625000000000000e-02 0
8.4375000000000000e-01 7.0312500000000000e-01 1.5625000000000000e-02 0
8.5937500000000000e-01 7.0312500000000000e-01 1.5625000000000000e-02 0
8.7500000000000000e-01 7.0312500000000000e-01 1.5625000000000000e-02 0
8.9062500000000000e-01 7.0312500000000000e-01 1.5625000000000000e-02 0
9.0625000000000000e-01 7.0312500000000000e-01 1.5625000000000000e-02 0
9.2187500000000000e-01 7.0312500000000000e-01 1.5625000000000000e-02 0
9.3750000000000000e-01 7.0312500000000000e-01 1.5625000000000000e-02 0
9.5312500000000000e-01 7.0312500000000000e-01 1.5625000000000000e-02 0
9.6875000000000000e-01 7.0312500000000000e-01 1.5625000000000000e-02 0
9.8437500000000000e-01 7.0312500000000000e-01 1.5625000000000000e-02 0
1.5625000000000000e-02 6.8750000000000000e-01 1.5625000000000000e-02 0
3.1250000000000000e-02 6.8750000000000000e-01 1.5625000000000000e-02 0
4.6875000000000000e-02 6.8750000000000000e-01 1.5625000000000000e-02 0
6.2500000000000000e-02 6.8750000000000000e-01 1.5625000000000000e-02 0
7.8125000000000000e-02 6.8750000000000000e-01 1.5625000000000000e-02 0
9.3750000000000000e-02 6.8750000000000000e-01 1.5625000000000000e-02 0
1.0937500000000000e-01 6.8750000000000000e-01 1.5625000000000000e-02 0
1.2500000000000000e-01 6.8750000000000000e-01 1.5625000000000000e-02 0
1.4062500000000000e-01 6.8750000000000000e-01 1.5625000000000000e-02 0
1.5625000000000000e-01 6.8750000000000000e-01 1.5625000000000000e-02 0
1.7187500000000000e-01 6.8750000000000000e-01 1.5625000000000000e-02 0
1.8750000000000000e-01 6.8750000000000000e-01 1.5625000000000000e-02 0
2.0312500000000000e-01 6.8750000000000000e-01 1.5625000000000000e-02 0
2.1875000000000000e-01 6.8750000000000000e-01 1.5625000000000000e-02 0
2.3437500000000000e-01 6.8750000000000000e-01 1.5625000000000000e-02 0
2.5000000000000000e-01 6.8750000000000000e-01 1.5625000000000000e-02 0
2.6562500000000000e-01 6.8750000000000000e-01 1.5625000000000000e-02 0
2.8125000000000000e-01 6.8750000000000000e-01 1.5625000000000000e-02 0
2.9687500000000000e-01 6.8750000000000000e-01 1.5625000000000000e-02 0
3.1250000000000000e-01 6.8750000000000000e-01 1.5625000000000000e-02 0
3.2812500000000000e-01 6.8750000000000000e-01 1.5625000000000000e-02 0
3.4375000000000000e-01 6.8750000000000000e-01 1.5625000000000000e-02 0
3.5937500000000000e-01 6.8750000000000000e-01 1.5625000000000000e-02 0
3.7500000000000000e-01 6.8750000000000000e-01 1.5625000000000000e-02 0
3.9062500000000000e-01 6.8750000000000000e-01 1.5625000000000000e-02 0
4.0625000000000000e-01 6.8750000000000000e-01 1.5625000000000000e-02 0
4.2187500000000000e-01 6.8750000000000000e-01 1.5625000000000000e-02 0
4.3750000000000000e-01 6.8750000000000000e-01 1.5625000000000000e-02 0
4.5312500000000000e-01 6.8750000000000000e-01 1.5625000000000000e-02 0
4.6875000000000000e-01 6.8750000000000000e-01 1.5625000000000000e-02 0
4.8437500000000000e-01 6.8750000000000000e-01 1.5625000000000000e-02 0
5.0000000000000000e-01 6.8750000000000000e-01 1.5625000000000000e-02 0
5.1562500000000000e-01 6.8750000000000000e-01 1.5625000000000000e-02 0
5.3125000000000000e-01 6.8750000000000000e-01 1.5625000000000000e-02 0
5.4687500000000000e-01 6.8750000000000000e-01 1.5625000000000000e-02 0
5.6250000000000000e-01 6.8750000000000000e-01 1.5625000000000000e-02 0
5.7812500000000000e-01 6.8750000000000000e-01 1.5625000000000000e-02 0
5.9375000000000000e-01 6.8750000000000000e-01 1.5625000000000000e-02 0
6.0937500000000000e-01 6.8750000000000000e-01 1.5625000000000000e-02 0
6.2500000000000000e-01 6.8750000000000000e-01 1.5625000000000000e-02 0
6.4062500000000000e-01 6.8750000000000000e-01 1.5625000000000000e-02 0
6.5625000000000000e-01 6.8750000000000000e-01 1.5625000000000000e-02 0
6.7187500000000000e-01 6.8750000000000000e-01 1.5625000000000000e-02 0
6.8750000000000000e-01 6.8750000000000000e-01 1.5625000000000000e-02 0
7.0312500000000000e-01 6.8750000000000000e-01 1.5625000000000000e-02 0
7.1875000000000000e-01 6.8750000000000000e-01 1.5625000000000000e-02 0
7.3437500000000000e-01 6.8750000000000000e-01 1.5625000000000000e-02 0
7.5000000000000000e-01 6.8750000000000000e-01 1.5625000000000000e-02 0
7.6562500000000000e-01 6.8750000000000000e-01 1.5625000000000000e-02 0
7.8125000000000000e-01 6.8750000000000000e-01 1.5625000000000000e-02 0
7.9687500000000000e-01 6.8750000000000000e-01 1.5625000000000000e-02 0
8.1250000000000000e-01 6.8750000000000000e-01 1.5625000000000000e-02 0
8.2812500000000000e-01 6.8750000000000000e-01 1.5625000000000000e-02 0
8.4375000000000000e-01 6.8750000000000000e-01 1.5625000000000000e-02 0
8.5937500000000000e-01 6.8750000000000000e-01 1.5625000000000000e-02 0
8.7500000000000000e-01 6.8750000000000000e-01 1.5625000000000000e-02 0
8.9062500000000000e-01 6.8750000000000000e-01 1.5625000000000000e-02 0
9.0625000000000000e-01 6.8750000000000000e-01 1.5625000000000000e-02 0
9.2187500000000000e-01 6.8750000000000000e-01 1.5625000000000000e-02 0
9.3750000000000000e-01 6.8750000000000000e-01 1.5625000000000000e-02 0
9.5312500000000000e-01 6.8750000000000000e-01 1.5625000000000000e-02 0
9.6875000000000000e-01 6.8750000000000000e-01 1.5625000000000000e-02 0
9.8437500000000000e-01 6.8750000000000000e-01 1.5625000000000000e-02 0
1.5625000000000000e-02 6.7187500000000000e-01 1.5625000000000000e-02 0
3.1250000000000000e-02 6.7187500000000000e-01 1.5625000000000000e-02 0
4.6875000000000000e-02 6.7187500000000000e-01 1.5625000000000000e-02 0
6.2500000000000000e-02 6.7187500000000000e-01 1.5625000000000000e-02 0
7.8125000000000000e-02 6.7187500000000000e-01 1.5625000000000000e-02 0
9.3750000000000000e-02 6.7187500000000000e-01 1.5625000000000000e-02 0
1.0937500000000000e-01 6.7187500000000000e-01 1.5625000000000000e-02 0
1.2500000000000000e-01 6.7187500000000000e-01 1.5625000000000000e-02 0
1.4062500000000000e-01 6.7187500000000000e-01 1.5625000000000000e-02 0
1.5625000000000000e-01 6.7187500000000000e-01 1.5625000000000000e-02 0
1.7187500000000000e-01 6.7187500000000000e-01 1.5625000000000000e-02 0
1.8750000000000000e-01 6.7187500000000000e-01 1.5625000000000000e-02 0
2.0312500000000000e-01 6.7187500000000000e-01 1.5625000000000000e-02 0
2.1875000000000000e-01 6.7187500000000000e-01 1.5625000000000000e-02 0
2.3437500000000000e-01 6.7187500000000000e-01 1.5625000000000000e-02 0
2.5000000000000000e-01 6.7187500000000000e-01 1.5625000000000000e-02 0
2.6562500000000000e-01 6.7187500000000000e-01 1.5625000000000000e-02 0
2.8125000000000000e-01 6.7187500000000000e-01 1.5625000000000000e-02 0
2.9687500000000000e-01 6.7187500000000000e-01 1.5625000000000000e-02 0
3.1250000000000000e-01 6.7187500000000000e-01 1.5625000000000000e-02 0
3.2812500000000000e-01 6.7187500000000000e-01 1.5625000000000000e-02 0
3.4375000000000000e-01 6.7187500000000000e-01 1.5625000000000000e-02 0
3.5937500000000000e-01 6.7187500000000000e-01 1.5625000000000000e-02 0
3.7500000000000000e-01 6.7187500000000000e-01 1.5625000000000000e-02 0
3.9062500000000000e-01 6.7187500000000000e-01 1.5625000000000000e-02 0
4.0625000000000000e-01 6.7187500000000000e-01 1.5625000000000000e-02 0
4.2187500000000000e-01 6.7187500000000000e-01 1.5625000000000000e-02 0
4.3750000000000000e-01 6.7187500000000000e-01 1.5625000000000000e-02 0
4.5312500000000000e-01 6.7187500000000000e-01 1.5625000000000000e-02 0
4.6875000000000000e-01 6.7187500000000000e-01 1.5625000000000000e-02 0
4.8437500000000000e-01 6.7187500000000000e-01 1.5625000000000000e-02 0
5.0000000000000000e-01 6.7187500000000000e-01 1.5625000000000000e-02 0
5.1562500000000000e-01 6.7187500000000000e-01 1.5625000000000000e-02 0
5.3125000000000000e-01 6.7187500000000000e-01 1.5625000000000000e-02 0
5.4687500000000000e-01 6.7187500000000000e-01 1.5625000000000000e-02 0
5.6250000000000000e-01 6.7187500000000000e-01 1.5625000000000000e-02 0
5.7812500000000000e-01 6.7187500000000000e-01 1.5625000000000000e-02 0
5.9375000000000000e-01 6.7187500000000000e-01 1.5625000000000000e-02 0
6.0937500000000000e-01 6.7187500000000000e-01 1.5625000000000000e-02 0
6.2500000000000000e-01 6.7187500000000000e-01 1.5625000000000000e-02 0
6.4062500000000000e-01 6.7187500000000000e-01 1.5625000000000000e-02 0
6.5625000000000000e-01 6.7187500000000000e-01 1.5625000000000000e-02 0
6.7187500000000000e-01 6.7187500000000000e-01 1.5625000000000000e-02 0
6.8750000000000000e-01 6.7187500000000000e-01 1.5625000000000000e-02 0
7.0312500000000000e-01 6.7187500000000000e-01 1.5625000000000000e-02 0
7.1875000000000000e-01 6.7187500000000000e-01 1.5625000000000000e-02 0
7.3437500000000000e-01 6.7187500000000000e-01 1.5625000000000000e-02 0
7.5000000000000000e-01 6.7187500000000000e-01 1.5625000000000000e-02 0
7.6562500000000000e-01 6.7187500000000000e-01 1.5625000000000000e-02 0
7.8125000000000000e-01 6.7187500000000000e-01 1.5625000000000000e-02 0
7.9687500000000000e-01 6.7187500000000000e-01 1.5625000000000000e-02 0
8.1250000000000000e-01 6.7187500000000000e-01 1.5625000000000000e-02 0
8.2812500000000000e-01 6.7187500000000000e-01 1.5625000000000000e-02 0
8.4375000000000000e-01 6.7187500000000000e-01 1.5625000000000000e-02 0
8.5937500000000000e-01 6.7187500000000000e-01 1.5625000000000000e-02 0
8.7500000000000000e-01 6.7187500000000000e-01 1.5625000000000000e-02 0
8.9062500000000000e-01 6.7187500000000000e-01 1.5625000000000000e-02 0
9.0625000000000000e-01 6.7187500000000000e-01 1.5625000000000000e-02 0
9.2187500000000000e-01 6.7187500000000000e-01 1.5625000000000000e-02 0
9.3750000000000000e-01 6.7187500000000000e-01 1.5625000000000000e-02 0
9.5312500000000000e-01 6.7187500000000000e-01 1.5625000000000000e-02 0
9.6875000000000000e-01 6.7187500000000000e-01 1.5625000000000000e-02 0
9.8437500000000000e-01 6.7187500000000000e-01 1.5625000000000000e-02 0
1.5625000000000000e-02 6.5625000000000000e-01 1.5625000000000000e-02 0
3.1250000000000000e-02 6.5625000000000000e-01 1.5625000000000000e-02 0
4.6875000000000000e-02 6.5625000000000000e-01 1.5625000000000000e-02 0
6.2500000000000000e-02 6.5625000000000000e-01 1.5625000000000000e-02 0
7.8125000000000000e-02 6.5625000000000000e-01 1.5625000000000000e-02 0
9.3750000000000000e-02 6.5625000000000000e-01 1.5625000000000000e-02 0
1.0937500000000000e-01 6.5625000000000000e-01 1.5625000000000000e-02 0
1.2500000000000000e-01 6.5625000000000000e-01 1.5625000000000000e-02 0
1.4062500000000000e-01 6.5625000000000000e-01 1.5625000000000000e-02 0
1.5625000000000000e-01 6.5625000000000000e-01 1.5625000000000000e-02 0
1.7187500000000000e-01 6.5625000000000000e-01 1.5625000000000000e-02 0
1.8750000000000000e-01 6.5625000000000000e-01 1.5625000000000000e-02 0
2.0312500000000000e-01 6.5625000000000000e-01 1.5625000000000000e-02 0
2.1875000000000000e-01 6.5625000000000000e-01 1.5625000000000000e-02 0
2.3437500000000000e-01 6.5625000000000000e-01 1.5625000000000000e-02 0
2.5000000000000000e-01 6.5625000000000000e-01 1.5625000000000000e-02 0
2.6562500000000000e-01 6.5625000000000000e-01 1.5625000000000000e-02 0
2.8125000000000000e-01 6.5625000000000000e-01 1.5625000000000000e-02 0
2.9687500000000000e-01 6.5625000000000000e-01 1.5625000000000000e-02 0
3.1250000000000000e-01 6.5625000000000000e-01 1.5625000000000000e-02 0
3.2812500000000000e-01 6.5625000000000000e-01 1.5625000000000000e-02 0
3.4375000000000000e-01 6.5625000000000000e-01 1.5625000000000000e-02 0
3.5937500000000000e-01 6.5625000000000000e-01 1.5625000000000000e-02 0
3.7500000000000000e-01 6.5625000000000000e-01 1.5625000000000000e-02 0
3.9062500000000000e-01 6.5625000000000000e-01 1.5625000000000000e-02 0
4.0625000000000000e-01 6.5625000000000000e-01 1.5625000000000000e-02 0
4.2187500000000000e-01 6.5625000000000000e-01 1.5625000000000000e-02 0
4.3750000000000000e-01 6.5625000000000000e-01 1.5625000000000000e-02 0
4.5312500000000000e-01 6.5625000000000000e-01 1.5625000000000000e-02 0
4.6875000000000000e-01 6.5625000000000000e-01 1.5625000000000000e-02 0
4.8437500000000000e-01 6.5625000000000000e-01 1.5625000000000000e-02 0
5.0000000000000000e-01 6.5625000000000000e-01 1.5625000000000000e-02 0
5.1562500000000000e-01 6.5625000000000000e-01 1.5625000000000000e-02 0
5.3125000000000000e-01 6.5625000000000000e-01 1.5625000000000000e-02 0
5.4687500000000000e-01 6.5625000000000000e-01 1.5625000000000000e-02 0
5.6250000000000000e-01 6.5625000000000000e-01 1.5625000000000000e-02 0
5.7812500000000000e-01 6.5625000000000000e-01 1.5625000000000000e-02 0
5.9375000000000000e-01 6.5625000000000000e-01 1.5625000000000000e-02 0
6.0937500000000000e-01 6.5625000000000000e-01 1.5625000000000000e-02 0
6.2500000000000000e-01 6.5625000000000000e-01 1.5625000000000000e-02 0
6.4062500000000000e-01 6.5625000000000000e-01 1.5625000000000000e-02 0
6.5625000000000000e-01 6.5625000000000000e-01 1.5625000000000000e-02 0
6.7187500000000000e-01 6.5625000000000000e-01 1.5625000000000000e-02 0
6.8750000000000000e-01 6.5625000000000000e-01 1.5625000000000000e-02 0
7.0312500000000000e-01 6.5625000000000000e-01 1.5625000000000000e-02 0
7.1875000000000000e-01 6.5625000000000000e-01 1.5625000000000000e-02 0
7.3437500000000000e-01 6.5625000000000000e-01 1.5625000000000000e-02 0
7.5000000000000000e-01 6.5625000000000000e-01 1.5625000000000000e-02 0
7.6562500000000000e-01 6.5625000000000000e-01 1.5625000000000000e-02 0
7.8125000000000000e-01 6.5625000000000000e-01 1.5625000000000000e-02 0
7.9687500000000000e-01 6.5625000000000000e-01 1.5625000000000000e-02 0
8.1250000000000000e-01 6.5625000000000000e-01 1.5625000000000000e-02 0
8.2812500000000000e-01 6.5625000000000000e-01 1.5625000000000000e-02 0
8.4375000000000000e-01 6.5625000000000000e-01 1.5625000000000000e-02 0
8.5937500000000000e-01 6.5625000000000000e-01 1.5625000000000000e-02 0
8.7500000000000000e-01 6.5625000000000000e-01 1.5625000000000000e-02 0
8.9062500000000000e-01 6.5625000000000000e-01 1.5625000000000000e-02 0
9.0625000000000000e-01 6.5625000000000000e-01 1.5625000000000000e-02 0
9.2187500000000000e-01 6.5625000000000000e-01 1.5625000000000000e-02 0
9.3750000000000000e-01 6.5625000000000000e-01 1.5625000000000000e-02 0
9.5312500000000000e-01 6.5625000000000000e-01 1.5625000000000000e-02 0
9.6875000000000000e-01 6.5625000000000000e-01 1.5625000000000000e-02 0
9.8437500000000000e-01 6.5625000000000000e-01 1.5625000000000000e-02 0
1.5625000000000000e-02 6.4062500000000000e-01 1.5625000000000000e-02 0
3.1250000000000000e-02 6.4062500000000000e-01 1.5625000000000000e-02 0
4.6875000000000000e-02 6.4062500000000000e-01 1.5625000000000000e-02 0
6.2500000000000000e-02 6.4062500000000000e-01 1.5625000000000000e-02 0
7.8125000000000000e-02 6.4062500000000000e-01 1.5625000000000000e-02 0
9.3750000000000000e-02 6.4062500000000000e-01 1.5625000000000000e-02 0
1.0937500000000000e-01 6.4062500000000000e-01 1.5625000000000000e-02 0
1.2500000000000000e-01 6.4062500000000000e-01 1.5625000000000000e-02 0
1.4062500000000000e-01 6.4062500000000000e-01 1.5625000000000000e-02 0
1.5625000000000000e-01 6.4062500000000000e-01 1.5625000000000000e-02 0
1.7187500000000000e-01 6.4062500000000000e-01 1.5625000000000000e-02 0
1.8750000000000000e-01 6.4062500000000000e-01 1.5625000000000000e-02 0
2.0312500000000000e-01 6.4062500000000000e-01 1.5625000000000000e-02 0
2.1875000000000000e-01 6.4062500000000000e-01 1.5625000000000000e-02 0
2.3437500000000000e-01 6.4062500000000000e-01 1.5625000000000000e-02 0
2.5000000000000000e-01 6.4062500000000000e-01 1.5625000000000000e-02 0
2.6562500000000000e-01 6.4062500000000000e-01 1.5625000000000000e-02 0
2.8125000000000000e-01 6.4062500000000000e-01 1.5625000000000000e-02 0
2.9687500000000000e-01 6.4062500000000000e-01 1.5625000000000000e-02 0
3.1250000000000000e-01 6.4062500000000000e-01 1.5625000000000000e-02 0
3.2812500000000000e-01 6.4062500000000000e-01 1.5625000000000000e-02 0
3.4375000000000000e-01 6.4062500000000000e-01 1.5625000000000000e-02 0
3.5937500000000000e-01 6.4062500000000000e-01 1.5625000000000000e-02 0
3.7500000000000000e-01 6.4062500000000000e-01 1.5625000000000000e-02 0
3.9062500000000000e-01 6.4062500000000000e-01 1.5625000000000000e-02 0
4.0625000000000000e-01 6.4062500000000000e-01 1.5625000000000000e-02 0
4.2187500000000000e-01 6.4062500000000000e-01 1.5625000000000000e-02 0
4.3750000000000000e-01 6.4062500000000000e-01 1.5625000000000000e-02 0
4.5312500000000000e-01 6.4062500000000000e-01 1.5625000000000000e-02 0
4.6875000000000000e-01 6.4062500000000000e-01 1.5625000000000000e-02 0
4.8437500000000000e-01 6.4062500000000000e-01 1.5625000000000000e-02 0
5.0000000000000000e-01 6.4062500000000000e-01 1.5625000000000000e-02 0
5.1562500000000000e-01 6.4062500000000000e-01 1.5625000000000000e-02 0
5.3125000000000000e-01 6.4062500000000000e-01 1.5625000000000000e-02 0
5.4687500000000000e-01 6.4062500000000000e-01 1.5625000000000000e-02 0
5.6250000000000000e-01 6.4062500000000000e-01 1.5625000000000000e-02 0
5.7812500000000000e-01 6.4062500000000000e-01 1.5625000000000000e-02 0
5.9375000000000000e-01 6.4062500000000000e-01 1.5625000000000000e-02 0
6.0937500000000000e-01 6.4062500000000000e-01 1.5625000000000000e-02 0
6.2500000000000000e-01 6.4062500000000000e-01 1.5625000000000000e-02 0
6.4062500000000000e-01 6.4062500000000000e-01 1.5625000000000000e-02 0
6.5625000000000000e-01 6.4062500000000000e-01 1.5625000000000000e-02 0
6.7187500000000000e-01 6.4062500000000000e-01 1.5625000000000000e-02 0
6.8750000000000000e-01 6.4062500000000000e-01 1.5625000000000000e-02 0
7.0312500000000000e-01 6.4062500000000000e-01 1.5625000000000000e-02 0
7.1875000000000000e-01 6.4062500000000000e-01 1.5625000000000000e-02 0
7.3437500000000000e-01 6.4062500000000000e-01 1.5625000000000000e-02 0
7.5000000000000000e-01 6.4062500000000000e-01 1.5625000000000000e-02 0
7.6562500000000000e-01 6.4062500000000000e-01 1.5625000000000000e-02 0
7.8125000000000000e-01 6.4062500000000000e-01 1.5625000000000000e-02 0
7.9687500000000000e-01 6.4062500000000000e-01 1.5625000000000000e-02 0
8.1250000000000000e-01 6.4062500000000000e-01 1.5625000000000000e-02 0
8.2812500000000000e-01 6.4062500000000000e-01 1.5625000000000000e-02 0
8.4375000000000000e-01 6.4062500000000000e-01 1.5625000000000000e-02 0
8.5937500000000000e-01 6.4062500000000000e-01 1.5625000000000000e-02 0
8.7500000000000000e-01 6.4062500000000000e-01 1.5625000000000000e-02 0
8.9062500000000000e-01 6.4062500000000000e-01 1.5625000000000000e-02 0
9.0625000000000000e-01 6.4062500000000000e-01 1.5625000000000000e-02 0
9.2187500000000000e-01 6.4062500000000000e-01 1.5625000000000000e-02 0
9.3750000000000000e-01 6.4062500000000000e-01 1.5625000000000000e-02 0
9.5312500000000000e-01 6.4062500000000000e-01 1.5625000000000000e-02 0
9.6875000000000000e-01 6.4062500000000000e-01 1.5625000000000000e-02 0
9.8437500000000000e-01 6.4062500000000000e-01 1.5625000000000000e-02 0
1.5625000000000000e-02 6.2500000000000000e-01 1.5625000000000000e-02 0
3.1250000000000000e-02 6.2500000000000000e-01 1.5625000000000000e-02 0
4.6875000000000000e-02 6.2500000000000000e-01 1.5625000000000000e-02 0
6.2500000000000000e-02 6.2500000000000000e-01 1.5625000000000000e-02 0
7.8125000000000000e-02 6.2500000000000000e-01 1.5625000000000000e-02 0
9.3750000000000000e-02 6.2500000000000000e-01 1.5625000000000000e-02 0
1.0937500000000000e-01 6.2500000000000000e-01 1.5625000000000000e-02 0
1.2500000000000000e-01 6.2500000000000000e-01 1.5625000000000000e-02 0
1.4062500000000000e-01 6.2500000000000000e-01 1.5625000000000000e-02 0
1.5625000000000000e-01 6.2500000000000000e-01 1.5625000000000000e-02 0
1.7187500000000000e-01 6.2500000000000000e-01 1.5625000000000000e-02 0
1.8750000000000000e-01 6.2500000000000000e-01 1.5625000000000000e-02 0
2.0312500000000000e-01 6.2500000000000000e-01 1.5625000000000000e-02 0
2.1875000000000000e-01 6.2500000000000000e-01 1.5625000000000000e-02 0
2.3437500000000000e-01 6.2500000000000000e-01 1.5625000000000000e-02 0
2.5000000000000000e-01 6.2500000000000000e-01 1.5625000000000000e-02 0
2.6562500000000000e-01 6.2500000000000000e-01 1.5625000000000000e-02 0
2.8125000000000000e-01 6.2500000000000000e-01 1.5625000000000000e-02 0
2.9687500000000000e-01 6.2500000000000000e-01 1.5625000000000000e-02 0
3.1250000000000000e-01 6.2500000000000000e-01 1.5625000000000000e-02 0
3.2812500000000000e-01 6.2500000000000000e-01 1.5625000000000000e-02 0
3.4375000000000000e-01 6.2500000000000000e-01 1.5625000000000000e-02 0
3.5937500000000000e-01 6.2500000000000000e-01 1.5625000000000000e-02 0
3.7500000000000000e-01 6.2500000000000000e-01 1.5625000000000000e-02 0
3.9062500000000000e-01 6.2500000000000000e-01 1.5625000000000000e-02 0
4.0625000000000000e-01 6.2500000000000000e-01 1.5625000000000000e-02 0
4.2187500000000000e-01 6.2500000000000000e-01 1.5625000000000000e-02 0
4.3750000000000000e-01 6.2500000000000000e-01 1.5625000000000000e-02 0
4.5312500000000000e-01 6.2500000000000000e-01 1.5625000000000000e-02 0
4.6875000000000000e-01 6.2500000000000000e-01 1.5625000000000000e-02 0
4.8437500000000000e-01 6.2500000000000000e-01 1.5625000000000000e-02 0
5.0000000000000000e-01 6.2500000000000000e-01 1.5625000000000000e-02 0
5.1562500000000000e-01 6.2500000000000000e-01 1.5625000000000000e-02 0
5.3125000000000000e-01 6.2500000000000000e-01 1.5625000000000000e-02 0
5.4687500000000000e-01 6.2500000000000000e-01 1.5625000000000000e-02 0
5.6250000000000000e-01 6.2500000000000000e-01 1.5625000000000000e-02 0
5.7812500000000000e-01 6.2500000000000000e-01 1.5625000000000000e-02 0
5.9375000000000000e-01 6.2500000000000000e-01 1.5625000000000000e-02 0
6.0937500000000000e-01 6.2500000000000000e-01 1.5625000000000000e-02 0
6.2500000000000000e-01 6.2500000000000000e-01 1.5625000000000000e-02 0
6.4062500000000000e-01 6.2500000000000000e-01 1.5625000000000000e-02 0
6.5625000000000000e-01 6.2500000000000000e-01 1.5625000000000000e-02 0
6.7187500000000000e-01 6.2500000000000000e-01 1.5625000000000000e-02 0
6.8750000000000000e-01 6.2500000000000000e-01 1.5625000000000000e-02 0
7.0312500000000000e-01 6.2500000000000000e-01 1.5625000000000000e-02 0
7.1875000000000000e-01 6.2500000000000000e-01 1.5625000000000000e-02 0
7.3437500000000000e-01 6.2500000000000000e-01 1.5625000000000000e-02 0
7.5000000000000000e-01 6.2500000000000000e-01 1.5625000000000000e-02 0
7.6562500000000000e-01 6.2500000000000000e-01 1.5625000000000000e-02 0
7.8125000000000000e-01 6.2500000000000000e-01 1.5625000000000000e-02 0
7.9687500000000000e-01 6.2500000000000000e-01 1.5625000000000000e-02 0
8.1250000000000000e-01 6.2500000000000000e-01 1.5625000000000000e-02 0
8.2812500000000000e-01 6.2500000000000000e-01 1.5625000000000000e-02 0
8.4375000000000000e-01 6.2500000000000000e-01 1.5625000000000000e-02 0
8.5937500000000000e-01 6.2500000000000000e-01 1.5625000000000000e-02 0
8.7500000000000000e-01 6.2500000000000000e-01 1.5625000000000000e-02 0
8.9062500000000000e-01 6.2500000000000000e-01 1.5625000000000000e-02 0
9.0625000000000000e-01 6.2500000000000000e-01 1.5625000000000000e-02 0
9.2187500000000000e-01 6.2500000000000000e-01 1.5625000000000000e-02 0
9.3750000000000000e-01 6.2500000000000000e-01 1.5625000000000000e-02 0
9.5312500000000000e-01 6.2500000000000000e-01 1.5625000000000000e-02 0
9.6875000000000000e-01 6.2500000000000000e-01 1.5625000000000000e-02 0
9.8437500000000000e-01 6.2500000000000000e-01 1.5625000000000000e-02 0
1.5625000000000000e-02 6.0937500000000000e-01 1.5625000000000000e-02 0
3.1250000000000000e-02 6.0937500000000000e-01 1.5625000000000000e-02 0
4.6875000000000000e-02 6.0937500000000000e-01 1.5625000000000000e-02 0
6.2500000000000000e-02 6.0937500000000000e-01 1.5625000000000000e-02 0
7.8125000000000000e-02 6.0937500000000000e-01 1.5625000000000000e-02 0
9.3750000000000000e-02 6.0937500000000000e-01 1.5625000000000000e-02 0
1.0937500000000000e-01 6.0937500000000000e-01 1.5625000000000000e-02 0
1.2500000000000000e-01 6.0937500000000000e-01 1.5625000000000000e-02 0
1.4062500000000000e-01 6.0937500000000000e-01 1.5625000000000000e-02 0
1.5625000000000000e-01 6.0937500000000000e-01 1.5625000000000000e-02 0
1.7187500000000000e-01 6.0937500000000000e-01 1.5625000000000000e-02 0
1.8750000000000000e-01 6.0937500000000000e-01 1.5625000000000000e-02 0
2.0312500000000000e-01 6.0937500000000000e-01 1.5625000000000000e-02 0
2.1875000000000000e-01 6.0937500000000000e-01 1.5625000000000000e-02 0
2.3437500000000000e-01 6.0937500000000000e-01 1.5625000000000000e-02 0
2.5000000000000000e-01 6.0937500000000000e-01 1.5625000000000000e-02 0
2.6562500000000000e-01 6.0937500000000000e-01 1.5625000000000000e-02 0
2.8125000000000000e-01 6.0937500000000000e-01 1.5625000000000000e-02 0
2.9687500000000000e-01 6.0937500000000000e-01 1.5625000000000000e-02 0
3.1250000000000000e-01 6.0937500000000000e-01 1.5625000000000000e-02 0
3.2812500000000000e-01 6.0937500000000000e-01 1.5625000000000000e-02 0
3.4375000000000000e-01 6.0937500000000000e-01 1.5625000000000000e-02 0
3.5937500000000000e-01 6.0937500000000000e-01 1.5625000000000000e-02 0
3.7500000000000000e-01 6.0937500000000000e-01 1.5625000000000000e-02 0
3.9062500000000000e-01 6.0937500000000000e-01 1.5625000000000000e-02 0
4.0625000000000000e-01 6.0937500000000000e-01 1.5625000000000000e-02 0
4.2187500000000000e-01 6.0937500000000000e-01 1.5625000000000000e-02 0
4.3750000000000000e-01 6.0937500000000000e-01 1.5625000000000000e-02 0
4.5312500000000000e-01 6.0937500000000000e-01 1.5625000000000000e-02 0
4.6875000000000000e-01 6.0937500000000000e-01 1.5625000000000000e-02 0
4.8437500000000000e-01 6.0937500000000000e-01 1.5625000000000000e-02 0
5.0000000000000000e-01 6.0937500000000000e-01 1.5625000000000000e-02 0
5.1562500000000000e-01 6.0937500000000000e-01 1.5625000000000000e-02 0
5.3125000000000000e-01 6.0937500000000000e-01 1.5625000000000000e-02 0
5.4687500000000000e-01 6.0937500000000000e-01 1.5625000000000000e-02 0
5.6250000000000000e-01 6.0937500000000000e-01 1.5625000000000000e-02 0
5.7812500000000000e-01 6.0937500000000000e-01 1.5625000000000000e-02 0
5.9375000000000000e-01 6.0937500000000000e-01 1.5625000000000000e-02 0
6.0937500000000000e-01 6.0937500000000000e-01 1.5625000000000000e-02 0
6.2500000000000000e-01 6.0937500000000000e-01 1.5625000000000000e-02 0
6.4062500000000000e-01 6.0937500000000000e-01 1.5625000000000000e-02 0
6.5625000000000000e-01 6.0937500000000000e-01 1.5625000000000000e-02 0
6.7187500000000000e-01 6.0937500000000000e-01 1.5625000000000000e-02 0
6.8750000000000000e-01 6.0937500000000000e-01 1.5625000000000000e-02 0
7.0312500000000000e-01 6.0937500000000000e-01 1.5625000000000000e-02 0
7.1875000000000000e-01 6.0937500000000000e-01 1.5625000000000000e-02 0
7.3437500000000000e-01 6.0937500000000000e-01 1.5625000000000000e-02 0
7.5000000000000000e-01 6.0937500000000000e-01 1.5625000000000000e-02 0
7.6562500000000000e-01 6.0937500000000000e-01 1.5625000000000000e-02 0
7.8125000000000000e-01 6.0937500000000000e-01 1.5625000000000000e-02 0
7.9687500000000000e-01 6.0937500000000000e-01 1.5625000000000000e-02 0
8.1250000000000000e-01 6.0937500000000000e-01 1.5625000000000000e-02 0
8.2812500000000000e-01 6.0937500000000000e-01 1.5625000000000000e-02 0
8.4375000000000000e-01 6.0937500000000000e-01 1.5625000000000000e-02 0
8.5937500000000000e-01 6.0937500000000000e-01 1.5625000000000000e-02 0
8.7500000000000000e-01 6.0937500000000000e-01 1.5625000000000000e-02 0
8.9062500000000000e-01 6.0937500000000000e-01 1.5625000000000000e-02 0
9.0625000000000000e-01 6.0937500000000000e-01 1.5625000000000000e-02 0
9.2187500000000000e-01 6.0937500000000000e-01 1.5625000000000000e-02 0
9.3750000000000000e-01 6.0937500000000000e-01 1.5625000000000000e-02 0
9.5312500000000000e-01 6.0937500000000000e-01 1.5625000000000000e-02 0
9.6875000000000000e-01 6.0937500000000000e-01 1.5625000000000000e-02 0
9.8437500000000000e-01 6.0937500000000000e-01 1.5625000000000000e-02 0
1.5625000000000000e-02 5.9375000000000000e-01 1.5625000000000000e-02 0
3.1250000000000000e-02 5.9375000000000000e-01 1.5625000000000000e-02 0
4.6875000000000000e-02 5.9375000000000000e-01 1.5625000000000000e-02 0
6.2500000000000000e-02 5.9375000000000000e-01 1.5625000000000000e-02 0
7.8125000000000000e-02 5.9375000000000000e-01 1.5625000000000000e-02 0
9.3750000000000000e-02 5.9375000000000000e-01 1.5625000000000000e-02 0
1.0937500000000000e-01 5.9375000000000000e-01 1.5625000000000000e-02 0
1.2500000000000000e-01 5.9375000000000000e-01 1.5625000000000000e-02 0
1.4062500000000000e-01 5.9375000000000000e-01 1.5625000000000000e-02 0
1.5625000000000000e-01 5.9375000000000000e-01 1.5625000000000000e-02 0
1.7187500000000000e-01 5.9375000000000000e-01 1.5625000000000000e-02 0
1.8750000000000000e-01 5.9375000000000000e-01 1.5625000000000000e-02 0
2.0312500000000000e-01 5.9375000000000000e-01 1.5625000000000000e-02 0
2.1875000000000000e-01 5.9375000000000000e-01 1.5625000000000000e-02 0
2.3437500000000000e-01 5.9375000000000000e-01 1.5625000000000000e-02 0
2.5000000000000000e-01 5.9375000000000000e-01 1.5625000000000000e-02 0
2.6562500000000000e-01 5.9375000000000000e-01 1.5625000000000000e-02 0
2.8125000000000000e-01 5.9375000000000000e-01 1.5625000000000000e-02 0
2.9687500000000000e-01 5.9375000000000000e-01 1.5625000000000000e-02 0
3.1250000000000000e-01 5.9375000000000000e-01 1.5625000000000000e-02 0
3.2812500000000000e-01 5.9375000000000000e-01 1.5625000000000000e-02 0
3.4375000000000000e-01 5.9375000000000000e-01 1.5625000000000000e-02 0
3.5937500000000000e-01 5.9375000000000000e-01 1.5625000000000000e-02 0
3.7500000000000000e-01 5.9375000000000000e-01 1.5625000000000000e-02 0
3.9062500000000000e-01 5.9375000000000000e-01 1.5625000000000000e-02 0
4.0625000000000000e-01 5.9375000000000000e-01 1.5625000000000000e-02 0
4.2187500000000000e-01 5.9375000000000000e-01 1.5625000000000000e-02 0
4.3750000000000000e-01 5.9375000000000000e-01 1.5625000000000000e-02 0
4.5312500000000000e-01 5.9375000000000000e-01 1.5625000000000000e-02 0
4.6875000000000000e-01 5.9375000000000000e-01 1.5625000000000000e-02 0
4.8437500000000000e-01 5.9375000000000000e-01 1.5625000000000000e-02 0
5.0000000000000000e-01 5.9375000000000000e-01 1.5625000000000000e-02 0
5.1562500000000000e-01 5.9375000000000000e-01 1.5625000000000000e-02 0
5.3125000000000000e-01 5.9375000000000000e-01 1.5625000000000000e-02 0
5.4687500000000000e-01 5.9375000000000000e-01 1.5625000000000000e-02 0
5.6250000000000000e-01 5.9375000000000000e-01 1.5625000000000000e-02 0
5.7812500000000000e-01 5.9375000000000000e-01 1.5625000000000000e-02 0
5.9375000000000000e-01 5.9375000000000000e-01 1.5625000000000000e-02 0
6.0937500000000000e-01 5.9375000000000000e-01 1.5625000000000000e-02 0
6.2500000000000000e-01 5.9375000000000000e-01 1.5625000000000000e-02 0
6.4062500000000000e-01 5.9375000000000000e-01 1.5625000000000000e-02 0
6.5625000000000000e-01 5.9375000000000000e-01 1.5625000000000000e-02 0
6.7187500000000000e-01 5.9375000000000000e-01 1.5625000000000000e-02 0
6.8750000000000000e-01 5.9375000000000000e-01 1.5625000000000000e-02 0
7.0312500000000000e-01 5.9375000000000000e-01 1.5625000000000000e-02 0
7.1875000000000000e-01 5.9375000000000000e-01 1.5625000000000000e-02 0
7.3437500000000000e-01 5.9375000000000000e-01 1.5625000000000000e-02 0
7.5000000000000000e-01 5.9375000000000000e-01 1.5625000000000000e-02 0
7.6562500000000000e-01 5.9375000000000000e-01 1.5625000000000000e-02 0
7.8125000000000000e-01 5.9375000000000000e-01 1.5625000000000000e-02 0
7.9687500000000000e-01 5.9375000000000000e-01 1.5625000000000000e-02 0
8.1250000000000000e-01 5.9375000000000000e-01 1.5625000000000000e-02 0
8.2812500000000000e-01 5.9375000000000000e-01 1.5625000000000000e-02 0
8.4375000000000000e-01 5.9375000000000000e-01 1.5625000000000000e-02 0
8.5937500000000000e-01 5.9375000000000000e-01 1.5625000000000000e-02 0
8.7500000000000000e-01 5.9375000000000000e-01 1.5625000000000000e-02 0
8.9062500000000000e-01 5.9375000000000000e-01 1.5625000000000000e-02 0
9.0625000000000000e-01 5.9375000000000000e-01 1.5625000000000000e-02 0
9.2187500000000000e-01 5.9375000000000000e-01 1.5625000000000000e-02 0
9.3750000000000000e-01 5.9375000000000000e-01 1.5625000000000000e-02 0
9.5312500000000000e-01 5.9375000000000000e-01 1.5625000000000000e-02 0
9.6875000000000000e-01 5.9375000000000000e-01 1.5625000000000000e-02 0
9.8437500000000000e-01 5.9375000000000000e-01 1.5625000000000000e-02 0
1.5625000000000000e-02 5.7812500000000000e-01 1.5625000000000000e-02 0
3.1250000000000000e-02 5.7812500000000000e-01 1.5625000000000000e-02 0
4.6875000000000000e-02 5.7812500000000000e-01 1.5625000000000000e-02 0
6.2500000000000000e-02 5.7812500000000000e-01 1.5625000000000000e-02 0
7.8125000000000000e-02 5.7812500000000000e-01 1.5625000000000000e-02 0
9.3750000000000000e-02 5.7812500000000000e-01 1.5625000000000000e-02 0
1.0937500000000000e-01 5.7812500000000000e-01 1.5625000000000000e-02 0
1.2500000000000000e-01 5.7812500000000000e-01 1.5625000000000000e-02 0
1.4062500000000000e-01 5.7812500000000000e-01 1.5625000000000000e-02 0
1.5625000000000000e-01 5.7812500000000000e-01 1.5625000000000000e-02 0
1.7187500000000000e-01 5.7812500000000000e-01 1.5625000000000000e-02 0
1.8750000000000000e-01 5.7812500000000000e-01 1.5625000000000000e-02 0
2.0312500000000000e-01 5.7812500000000000e-01 1.5625000000000000e-02 0
2.1875000000000000e-01 5.7812500000000000e-01 1.5625000000000000e-02 0
2.3437500000000000e-01 5.7812500000000000e-01 1.5625000000000000e-02 0
2.5000000000000000e-01 5.7812500000000000e-01 1.5625000000000000e-02 0
2.6562500000000000e-01 5.7812500000000000e-01 1.5625000000000000e-02 0
2.8125000000000000e-01 5.7812500000000000e-01 1.5625000000000000e-02 0
2.9687500000000000e-01 5.7812500000000000e-01 1.5625000000000000e-02 0
3.1250000000000000e-01 5.7812500000000000e-01 1.5625000000000000e-02 0
3.2812500000000000e-01 5.7812500000000000e-01 1.5625000000000000e-02 0
3.4375000000000000e-01 5.7812500000000000e-01 1.5625000000000000e-02 0
3.5937500000000000e-01 5.7812500000000000e-01 1.5625000000000000e-02 0
3.7500000000000000e-01 5.7812500000000000e-01 1.5625000000000000e-02 0
3.9062500000000000e-01 5.7812500000000000e-01 1.5625000000000000e-02 0
4.0625000000000000e-01 5.7812500000000000e-01 1.5625000000000000e-02 0
4.2187500000000000e-01 5.7812500000000000e-01 1.5625000000000000e-02 0
4.3750000000000000e-01 5.7812500000000000e-01 1.5625000000000000e-02 0
4.5312500000000000e-01 5.7812500000000000e-01 1.5625000000000000e-02 0
4.6875000000000000e-01 5.7812500000000000e-01 1.5625000000000000e-02 0
4.8437500000000000e-01 5.7812500000000000e-01 1.5625000000000000e-02 0
5.0000000000000000e-01 5.7812500000000000e-01 1.5625000000000000e-02 0
5.1562500000000000e-01 5.7812500000000000e-01 1.5625000000000000e-02 0
5.3125000000000000e-01 5.7812500000000000e-01 1.5625000000000000e-02 0
5.4687500000000000e-01 5.7812500000000000e-01 1.5625000000000000e-02 0
5.6250000000000000e-01 5.7812500000000000e-01 1.5625000000000000e-02 0
5.7812500000000000e-01 5.7812500000000000e-01 1.5625000000000000e-02 0
5.9375000000000000e-01 5.7812500000000000e-01 1.5625000000000000e-02 0
6.0937500000000000e-01 5.7812500000000000e-01 1.5625000000000000e-02 0
6.2500000000000000e-01 5.7812500000000000e-01 1.5625000000000000e-02 0
6.4062500000000000e-01 5.7812500000000000e-01 1.5625000000000000e-02 0
6.5625000000000000e-01 5.7812500000000000e-01 1.5625000000000000e-02 0
6.7187500000000000e-01 5.7812500000000000e-01 1.5625000000000000e-02 0
6.8750000000000000e-01 5.7812500000000000e-01 1.5625000000000000e-02 0
7.0312500000000000e-01 5.7812500000000000e-01 1.5625000000000000e-02 0
7.1875000000000000e-01 5.7812500000000000e-01 1.5625000000000000e-02 0
7.3437500000000000e-01 5.7812500000000000e-01 1.5625000000000000e-02 0
7.5000000000000000e-01 5.7812500000000000e-01 1.5625000000000000e-02 0
7.6562500000000000e-01 5.7812500000000000e-01 1.5625000000000000e-02 0
7.8125000000000000e-01 5.7812500000000000e-01 1.5625000000000000e-02 0
7.9687500000000000e-01 5.7812500000000000e-01 1.5625000000000000e-02 0
8.1250000000000000e-01 5.7812500000000000e-01 1.5625000000000000e-02 0
8.2812500000000000e-01 5.7812500000000000e-01 1.5625000000000000e-02 0
8.4375000000000000e-01 5.7812500000000000e-01 1.5625000000000000e-02 0
8.5937500000000000e-01 5.7812500000000000e-01 1.5625000000000000e-02 0
8.7500000000000000e-01 5.7812500000000000e-01 1.5625000000000000e-02 0
8.9062500000000000e-01 5.7812500000000000e-01 1.5625000000000000e-02 0
9.0625000000000000e-01 5.7812500000000000e-01 1.5625000000000000e-02 0
9.2187500000000000e-01 5.7812500000000000e-01 1.5625000000000000e-02 0
9.3750000000000000e-01 5.7812500000000000e-01 1.5625000000000000e-02 0
9.5312500000000000e-01 5.7812500000000000e-01 1.5625000000000000e-02 0
9.6875000000000000e-01 5.7812500000000000e-01 1.5625000000000000e-02 0
9.8437500000000000e-01 5.7812500000000000e-01 1.5625000000000000e-02 0
1.5625000000000000e-02 5.6250000000000000e-01 1.5625000000000000e-02 0
3.1250000000000000e-02 5.6250000000000000e-01 1.5625000000000000e-02 0
4.6875000000000000e-02 5.6250000000000000e-01 1.5625000000000000e-02 0
6.2500000000000000e-02 5.6250000000000000e-01 1.5625000000000000e-02 0
7.8125000000000000e-02 5.6250000000000000e-01 1.5625000000000000e-02 0
9.3750000000000000e-02 5.6250000000000000e-01 1.5625000000000000e-02 0
1.0937500000000000e-01 5.6250000000000000e-01 1.5625000000000000e-02 0
1.2500000000000000e-01 5.6250000000000000e-01 1.5625000000000000e-02 0
1.4062500000000000e-01 5.6250000000000000e-01 1.5625000000000000e-02 0
1.5625000000000000e-01 5.6250000000000000e-01 1.5625000000000000e-02 0
1.7187500000000000e-01 5.6250000000000000e-01 1.5625000000000000e-02 0
1.8750000000000000e-01 5.6250000000000000e-01 1.5625000000000000e-02 0
2.0312500000000000e-01 5.6250000000000000e-01 1.5625000000000000e-02 0
2.1875000000000000e-01 5.6250000000000000e-01 1.5625000000000000e-02 0
2.3437500000000000e-01 5.6250000000000000e-01 1.5625000000000000e-02 0
2.5000000000000000e-01 5.6250000000000000e-01 1.5625000000000000e-02 0
2.6562500000000000e-01 5.6250000000000000e-01 1.5625000000000000e-02 0
2.8125000000000000e-01 5.6250000000000000e-01 1.5625000000000000e-02 0
2.9687500000000000e-01 5.6250000000000000e-01 1.5625000000000000e-02 0
3.1250000000000000e-01 5.6250000000000000e-01 1.5625000000000000e-02 0
3.2812500000000000e-01 5.6250000000000000e-01 1.5625000000000000e-02 0
3.4375000000000000e-01 5.6250000000000000e-01 1.5625000000000000e-02 0
3.5937500000000000e-01 5.6250000000000000e-01 1.5625000000000000e-02 0
3.7500000000000000e-01 5.6250000000000000e-01 1.5625000000000000e-02 0
3.9062500000000000e-01 5.6250000000000000e-01 1.5625000000000000e-02 0
4.0625000000000000e-01 5.6250000000000000e-01 1.5625000000000000e-02 0
4.2187500000000000e-01 5.6250000000000000e-01 1.5625000000000000e-02 0
4.3750000000000000e-01 5.6250000000000000e-01 1.5625000000000000e-02 0
4.5312500000000000e-01 5.6250000000000000e-01 1.5625000000000000e-02 0
4.6875000000000000e-01 5.6250000000000000e-01 1.5625000000000000e-02 0
4.8437500000000000e-01 5.6250000000000000e-01 1.5625000000000000e-02 0
5.0000000000000000e-01 5.6250000000000000e-01 1.5625000000000000e-02 0
5.1562500000000000e-01 5.6250000000000000e-01 1.5625000000000000e-02 0
5.3125000000000000e-01 5.6250000000000000e-01 1.5625000000000000e-02 0
5.4687500000000000e-01 5.6250000000000000e-01 1.5625000000000000e-02 0
5.6250000000000000e-01 5.6250000000000000e-01 1.5625000000000000e-02 0
5.7812500000000000e-01 5.6250000000000000e-01 1.5625000000000000e-02 0
5.9375000000000000e-01 5.6250000000000000e-01 1.5625000000000000e-02 0
6.0937500000000000e-01 5.6250000000000000e-01 1.5625000000000000e-02 0
6.2500000000000000e-01 5.6250000000000000e-01 1.5625000000000000e-02 0
6.4062500000000000e-01 5.6250000000000000e-01 1.5625000000000000e-02 0
6.5625000000000000e-01 5.6250000000000000e-01 1.5625000000000000e-02 0
6.7187500000000000e-01 5.6250000000000000e-01 1.5625000000000000e-02 0
6.8750000000000000e-01 5.6250000000000000e-01 1.5625000000000000e-02 0
7.0312500000000000e-01 5.6250000000000000e-01 1.5625000000000000e-02 0
7.1875000000000000e-01 5.6250000000000000e-01 1.5625000000000000e-02 0
7.3437500000000000e-01 5.6250000000000000e-01 1.5625000000000000e-02 0
7.5000000000000000e-01 5.6250000000000000e-01 1.5625000000000000e-02 0
7.6562500000000000e-01 5.6250000000000000e-01 1.5625000000000000e-02 0
7.8125000000000000e-01 5.6250000000000000e-01 1.5625000000000000e-02 0
7.9687500000000000e-01 5.6250000000000000e-01 1.5625000000000000e-02 0
8.1250000000000000e-01 5.6250000000000000e-01 1.5625000000000000e-02 0
8.2812500000000000e-01 5.6250000000000000e-01 1.5625000000000000e-02 0
8.4375000000000000e-01 5.6250000000000000e-01 1.5625000000000000e-02 0
8.5937500000000000e-01 5.6250000000000000e-01 1.5625000000000000e-02 0
8.7500000000000000e-01 5.6250000000000000e-01 1.5625000000000000e-02 0
8.9062500000000000e-01 5.6250000000000000e-01 1.5625000000000000e-02 0
9.0625000000000000e-01 5.6250000000000000e-01 1.5625000000000000e-02 0
9.2187500000000000e-01 5.6250000000000000e-01 1.5625000000000000e-02 0
9.3750000000000000e-01 5.6250000000000000e-01 1.5625000000000000e-02 0
9.5312500000000000e-01 5.6250000000000000e-01 1.5625000000000000e-02 0
9.6875000000000000e-01 5.6250000000000000e-01 1.5625000000000000e-02 0
9.8437500000000000e-01 5.6250000000000000e-01 1.5625000000000000e-02 0
1.5625000000000000e-02 5.4687500000000000e-01 1.5625000000000000e-02 0
3.1250000000000000e-02 5.4687500000000000e-01 1.5625000000000000e-02 0
4.6875000000000000e-02 5.4687500000000000e-01 1.5625000000000000e-02 0
6.2500000000000000e-02 5.4687500000000000e-01 1.5625000000000000e-02 0
7.8125000000000000e-02 5.4687500000000000e-01 1.5625000000000000e-02 0
9.3750000000000000e-02 5.4687500000000000e-01 1.5625000000000000e-02 0
1.0937500000000000e-01 5.4687500000000000e-01 1.5625000000000000e-02 0
1.2500000000000000e-01 5.4687500000000000e-01 1.5625000000000000e-02 0
1.4062500000000000e-01 5.4687500000000000e-01 1.5625000000000000e-02 0
1.5625000000000000e-01 5.4687500000000000e-01 1.5625000000000000e-02 0
1.7187500000000000e-01 5.4687500000000000e-01 1.5625000000000000e-02 0
1.8750000000000000e-01 5.4687500000000000e-01 1.5625000000000000e-02 0
2.0312500000000000e-01 5.4687500000000000e-01 1.5625000000000000e-02 0
2.1875000000000000e-01 5.4687500000000000e-01 1.5625000000000000e-02 0
2.3437500000000000e-01 5.4687500000000000e-01 1.5625000000000000e-02 0
2.5000000000000000e-01 5.4687500000000000e-01 1.5625000000000000e-02 0
2.6562500000000000e-01 5.4687500000000000e-01 1.5625000000000000e-02 0
2.8125000000000000e-01 5.4687500000000000e-01 1.5625000000000000e-02 0
2.9687500000000000e-01 5.4687500000000000e-01 1.5625000000000000e-02 0
3.1250000000000000e-01 5.4687500000000000e-01 1.5625000000000000e-02 0
3.2812500000000000e-01 5.4687500000000000e-01 1.5625000000000000e-02 0
3.4375000000000000e-01 5.4687500000000000e-01 1.5625000000000000e-02 0
3.5937500000000000e-01 5.4687500000000000e-01 1.5625000000000000e-02 0
3.7500000000000000e-01 5.4687500000000000e-01 1.5625000000000000e-02 0
3.9062500000000000e-01 5.4687500000000000e-01 1.5625000000000000e-02 0
4.0625000000000000e-01 5.4687500000000000e-01 1.5625000000000000e-02 0
4.2187500000000000e-01 5.4687500000000000e-01 1.5625000000000000e-02 0
4.3750000000000000e-01 5.4687500000000000e-01 1.5625000000000000e-02 0
4.5312500000000000e-01 5.4687500000000000e-01 1.5625000000000000e-02 0
4.6875000000000000e-01 5.4687500000000000e-01 1.5625000000000000e-02 0
4.8437500000000000e-01 5.4687500000000000e-01 1.5625000000000000e-02 0
5.0000000000000000e-01 5.4687500000000000e-01 1.5625000000000000e-02 0
5.1562500000000000e-01 5.4687500000000000e-01 1.5625000000000000e-02 0
5.3125000000000000e-01 5.4687500000000000e-01 1.5625000000000000e-02 0
5.4687500000000000e-01 5.4687500000000000e-01 1.5625000000000000e-02 0
5.6250000000000000e-01 5.4687500000000000e-01 1.5625000000000000e-02 0
5.7812500000000000e-01 5.4687500000000000e-01 1.5625000000000000e-02 0
5.9375000000000000e-01 5.4687500000000000e-01 1.5625000000000000e-02 0
6.0937500000000000e-01 5.4687500000000000e-01 1.5625000000000000e-02 0
6.2500000000000000e-01 5.4687500000000000e-01 1.5625000000000000e-02 0
6.4062500000000000e-01 5.4687500000000000e-01 1.5625000000000000e-02 0
6.5625000000000000e-01 5.4687500000000000e-01 1.5625000000000000e-02 0
6.7187500000000000e-01 5.4687500000000000e-01 1.5625000000000000e-02 0
6.8750000000000000e-01 5.4687500000000000e-01 1.5625000000000000e-02 0
7.0312500000000000e-01 5.4687500000000000e-01 1.5625000000000000e-02 0
7.1875000000000000e-01 5.4687500000000000e-01 1.5625000000000000e-02 0
7.3437500000000000e-01 5.4687500000000000e-01 1.5625000000000000e-02 0
7.5000000000000000e-01 5.4687500000000000e-01 1.5625000000000000e-02 0
7.6562500000000000e-01 5.4687500000000000e-01 1.5625000000000000e-02 0
7.8125000000000000e-01 5.4687500000000000e-01 1.5625000000000000e-02 0
7.9687500000000000e-01 5.4687500000000000e-01 1.5625000000000000e-02 0
8.1250000000000000e-01 5.4687500000000000e-01 1.5625000000000000e-02 0
8.2812500000000000e-01 5.4687500000000000e-01 1.5625000000000000e-02 0
8.4375000000000000e-01 5.4687500000000000e-01 1.5625000000000000e-02 0
8.5937500000000000e-01 5.4687500000000000e-01 1.5625000000000000e-02 0
8.7500000000000000e-01 5.4687500000000000e-01 1.5625000000000000e-02 0
8.9062500000000000e-01 5.4687500000000000e-01 1.5625000000000000e-02 0
9.0625000000000000e-01 5.4687500000000000e-01 1.5625000000000000e-02 0
9.2187500000000000e-01 5.4687500000000000e-01 1.5625000000000000e-02 0
9.3750000000000000e-01 5.4687500000000000e-01 1.5625000000000000e-02 0
9.5312500000000000e-01 5.4687500000000000e-01 1.5625000000000000e-02 0
9.6875000000000000e-01 5.4687500000000000e-01 1.5625000000000000e-02 0
9.8437500000000000e-01 5.4687500000000000e-01 1.5625000000000000e-02 0
1.5625000000000000e-02 5.3125000000000000e-01 1.5625000000000000e-02 0
3.1250000000000000e-02 5.3125000000000000e-01 1.5625000000000000e-02 0
4.6875000000000000e-02 5.3125000000000000e-01 1.5625000000000000e-02 0
6.2500000000000000e-02 5.3125000000000000e-01 1.5625000000000000e-02 0
7.8125000000000000e-02 5.3125000000000000e-01 1.5625000000000000e-02 0
9.3750000000000000e-02 5.3125000000000000e-01 1.5625000000000000e-02 0
1.0937500000000000e-01 5.3125000000000000e-01 1.5625000000000000e-02 0
1.2500000000000000e-01 5.3125000000000000e-01 1.5625000000000000e-02 0
1.4062500000000000e-01 5.3125000000000000e-01 1.5625000000000000e-02 0
1.5625000000000000e-01 5.3125000000000000e-01 1.5625000000000000e-02 0
1.7187500000000000e-01 5.3125000000000000e-01 1.5625000000000000e-02 0
1.8750000000000000e-01 5.3125000000000000e-01 1.5625000000000000e-02 0
2.0312500000000000e-01 5.3125000000000000e-01 1.5625000000000000e-02 0
2.1875000000000000e-01 5.3125000000000000e-01 1.5625000000000000e-02 0
2.3437500000000000e-01 5.3125000000000000e-01 1.5625000000000000e-02 0
2.5000000000000000e-01 5.3125000000000000e-01 1.5625000000000000e-02 0
2.6562500000000000e-01 5.3125000000000000e-01 1.5625000000000000e-02 0
2.8125000000000000e-01 5.3125000000000000e-01 1.5625000000000000e-02 0
2.9687500000000000e-01 5.3125000000000000e-01 1.5625000000000000e-02 0
3.1250000000000000e-01 5.3125000000000000e-01 1.5625000000000000e-02 0
3.2812500000000000e-01 5.3125000000000000e-01 1.5625000000000000e-02 0
3.4375000000000000e-01 5.3125000000000000e-01 1.5625000000000000e-02 0
3.5937500000000000e-01 5.3125000000000000e-01 1.5625000000000000e-02 0
3.7500000000000000e-01 5.3125000000000000e-01 1.5625000000000000e-02 0
3.9062500000000000e-01 5.3125000000000000e-01 1.5625000000000000e-02 0
4.0625000000000000e-01 5.3125000000000000e-01 1.5625000000000000e-02 0
4.2187500000000000e-01 5.3125000000000000e-01 1.5625000000000000e-02 0
4.3750000000000000e-01 5.3125000000000000e-01 1.5625000000000000e-02 0
4.5312500000000000e-01 5.3125000000000000e-01 1.5625000000000000e-02 0
4.6875000000000000e-01 5.3125000000000000e-01 1.5625000000000000e-02 0
4.8437500000000000e-01 5.3125000000000000e-01 1.5625000000000000e-02 0
5.0000000000000000e-01 5.3125000000000000e-01 1.5625000000000000e-02 0
5.1562500000000000e-01 5.3125000000000000e-01 1.5625000000000000e-02 0
5.3125000000000000e-01 5.3125000000000000e-01 1.5625000000000000e-02 0
5.4687500000000000e-01 5.3125000000000000e-01 1.5625000000000000e-02 0
5.6250000000000000e-01 5.3125000000000000e-01 1.5625000000000000e-02 0
5.7812500000000000e-01 5.3125000000000000e-01 1.5625000000000000e-02 0
5.9375000000000000e-01 5.3125000000000000e-01 1.5625000000000000e-02 0
6.0937500000000000e-01 5.3125000000000000e-01 1.5625000000000000e-02 0
6.2500000000000000e-01 5.3125000000000000e-01 1.5625000000000000e-02 0
6.4062500000000000e-01 5.3125000000000000e-01 1.5625000000000000e-02 0
6.5625000000000000e-01 5.3125000000000000e-01 1.5625000000000000e-02 0
6.7187500000000000e-01 5.3125000000000000e-01 1.5625000000000000e-02 0
6.8750000000000000e-01 5.3125000000000000e-01 1.5625000000000000e-02 0
7.0312500000000000e-01 5.3125000000000000e-01 1.5625000000000000e-02 0
7.1875000000000000e-01 5.3125000000000000e-01 1.5625000000000000e-02 0
7.3437500000000000e-01 5.3125000000000000e-01 1.5625000000000000e-02 0
7.5000000000000000e-01 5.3125000000000000e-01 1.5625000000000000e-02 0
7.6562500000000000e-01 5.3125000000000000e-01 1.5625000000000000e-02 0
7.8125000000000000e-01 5.3125000000000000e-01 1.5625000000000000e-02 0
7.9687500000000000e-01 5.3125000000000000e-01 1.5625000000000000e-02 0
8.1250000000000000e-01 5.3125000000000000e-01 1.5625000000000000e-02 0
8.2812500000000000e-01 5.3125000000000000e-01 1.5625000000000000e-02 0
8.4375000000000000e-01 5.3125000000000000e-01 1.5625000000000000e-02 0
8.5937500000000000e-01 5.3125000000000000e-01 1.5625000000000000e-02 0
8.7500000000000000e-01 5.3125000000000000e-01 1.5625000000000000e-02 0
8.9062500000000000e-01 5.3125000000000000e-01 1.5625000000000000e-02 0
9.0625000000000000e-01 5.3125000000000000e-01 1.5625000000000000e-02 0
9.2187500000000000e-01 5.3125000000000000e-01 1.5625000000000000e-02 0
9.3750000000000000e-01 5.3125000000000000e-01 1.5625000000000000e-02 0
9.5312500000000000e-01 5.3125000000000000e-01 1.5625000000000000e-02 0
9.6875000000000000e-01 5.3125000000000000e-01 1.5625000000000000e-02 0
9.8437500000000000e-01 5.3125000000000000e-01 1.5625000000000000e-02 0
1.5625000000000000e-02 5.1562500000000000e-01 1.5625000000000000e-02 0
3.1250000000000000e-02 5.1562500000000000e-01 1.5625000000000000e-02 0
4.6875000000000000e-02 5.1562500000000000e-01 1.5625000000000000e-02 0
6.2500000000000000e-02 5.1562500000000000e-01 1.5625000000000000e-02 0
7.8125000000000000e-02 5.1562500000000000e-01 1.5625000000000000e-02 0
9.3750000000000000e-02 5.1562500000000000e-01 1.5625000000000000e-02 0
1.0937500000000000e-01 5.1562500000000000e-01 1.5625000000000000e-02 0
1.2500000000000000e-01 5.1562500000000000e-01 1.5625000000000000e-02 0
1.4062500000000000e-01 5.1562500000000000e-01 1.5625000000000000e-02 0
1.5625000000000000e-01 5.1562500000000000e-01 1.5625000000000000e-02 0
1.7187500000000000e-01 5.1562500000000000e-01 1.5625000000000000e-02 0
1.8750000000000000e-01 5.1562500000000000e-01 1.5625000000000000e-02 0
2.0312500000000000e-01 5.1562500000000000e-01 1.5625000000000000e-02 0
2.1875000000000000e-01 5.1562500000000000e-01 1.5625000000000000e-02 0
2.3437500000000000e-01 5.1562500000000000e-01 1.5625000000000000e-02 0
2.5000000000000000e-01 5.1562500000000000e-01 1.5625000000000000e-02 0
2.6562500000000000e-01 5.1562500000000000e-01 1.5625000000000000e-02 0
2.8125000000000000e-01 5.1562500000000000e-01 1.5625000000000000e-02 0
2.9687500000000000e-01 5.1562500000000000e-01 1.5625000000000000e-02 0
3.1250000000000000e-01 5.1562500000000000e-01 1.5625000000000000e-02 0
3.2812500000000000e-01 5.1562500000000000e-01 1.5625000000000000e-02 0
3.4375000000000000e-01 5.1562500000000000e-01 1.5625000000000000e-02 0
3.5937500000000000e-01 5.1562500000000000e-01 1.5625000000000000e-02 0
3.7500000000000000e-01 5.1562500000000000e-01 1.5625000000000000e-02 0
3.9062500000000000e-01 5.1562500000000000e-01 1.5625000000000000e-02 0
4.0625000000000000e-01 5.1562500000000000e-01 1.5625000000000000e-02 0
4.2187500000000000e-01 5.1562500000000000e-01 1.5625000000000000e-02 0
4.3750000000000000e-01 5.1562500000000000e-01 1.5625000000000000e-02 0
4.5312500000000000e-01 5.1562500000000000e-01 1.5625000000000000e-02 0
4.6875000000000000e-01 5.1562500000000000e-01 1.5625000000000000e-02 0
4.8437500000000000e-01 5.1562500000000000e-01 1.5625000000000000e-02 0
5.0000000000000000e-01 5.1562500000000000e-01 1.5625000000000000e-02 0
5.1562500000000000e-01 5.1562500000000000e-01 1.5625000000000000e-02 0
5.3125000000000000e-01 5.1562500000000000e-01 1.5625000000000000e-02 0
5.4687500000000000e-01 5.1562500000000000e-01 1.5625000000000000e-02 0
5.6250000000000000e-01 5.1562500000000000e-01 1.5625000000000000e-02 0
5.7812500000000000e-01 5.1562500000000000e-01 1.5625000000000000e-02 0
5.9375000000000000e-01 5.1562500000000000e-01 1.5625000000000000e-02 0
6.0937500000000000e-01 5.1562500000000000e-01 1.5625000000000000e-02 0
6.2500000000000000e-01 5.1562500000000000e-01 1.5625000000000000e-02 0
6.4062500000000000e-01 5.1562500000000000e-01 1.5625000000000000e-02 0
6.5625000000000000e-01 5.1562500000000000e-01 1.5625000000000000e-02 0
6.7187500000000000e-01 5.1562500000000000e-01 1.5625000000000000e-02 0
6.8750000000000000e-01 5.1562500000000000e-01 1.5625000000000000e-02 0
7.0312500000000000e-01 5.1562500000000000e-01 1.5625000000000000e-02 0
7.1875000000000000e-01 5.1562500000000000e-01 1.5625000000000000e-02 0
7.3437500000000000e-01 5.1562500000000000e-01 1.5625000000000000e-02 0
7.5000000000000000e-01 5.1562500000000000e-01 1.5625000000000000e-02 0
7.6562500000000000e-01 5.1562500000000000e-01 1.5625000000000000e-02 0
7.8125000000000000e-01 5.1562500000000000e-01 1.5625000000000000e-02 0
7.9687500000000000e-01 5.1562500000000000e-01 1.5625000000000000e-02 0
8.1250000000000000e-01 5.1562500000000000e-01 1.5625000000000000e-02 0
8.2812500000000000e-01 5.1562500000000000e-01 1.5625000000000000e-02 0
8.4375000000000000e-01 5.1562500000000000e-01 1.5625000000000000e-02 0
8.5937500000000000e-01 5.1562500000000000e-01 1.5625000000000000e-02 0
8.7500000000000000e-01 5.1562500000000000e-01 1.5625000000000000e-02 0
8.9062500000000000e-01 5.1562500000000000e-01 1.5625000000000000e-02 0
9.0625000000000000e-01 5.1562500000000000e-01 1.5625000000000000e-02 0
9.2187500000000000e-01 5.1562500000000000e-01 1.5625000000000000e-02 0
9.3750000000000000e-01 5.1562500000000000e-01 1.5625000000000000e-02 0
9.5312500000000000e-01 5.1562500000000000e-01 1.5625000000000000e-02 0
9.6875000000000000e-01 5.1562500000000000e-01 1.5625000000000000e-02 0
9.8437500000000000e-01 5.1562500000000000e-01 1.5625000000000000e-02 0
1.5625000000000000e-02 5.0000000000000000e-01 1.5625000000000000e-02 0
3.1250000000000000e-02 5.0000000000000000e-01 1.5625000000000000e-02 0
4.6875000000000000e-02 5.0000000000000000e-01 1.5625000000000000e-02 0
6.2500000000000000e-02 5.0000000000000000e-01 1.5625000000000000e-02 0
7.8125000000000000e-02 5.0000000000000000e-01 1.5625000000000000e-02 0
9.3750000000000000e-02 5.0000000000000000e-01 1.5625000000000000e-02 0
1.0937500000000000e-01 5.0000000000000000e-01 1.5625000000000000e-02 0
1.2500000000000000e-01 5.0000000000000000e-01 1.5625000000000000e-02 0
1.4062500000000000e-01 5.0000000000000000e-01 1.5625000000000000e-02 0
1.5625000000000000e-01 5.0000000000000000e-01 1.5625000000000000e-02 0
1.7187500000000000e-01 5.0000000000000000e-01 1.5625000000000000e-02 0
1.8750000000000000e-01 5.0000000000000000e-01 1.5625000000000000e-02 0
2.0312500000000000e-01 5.0000000000000000e-01 1.5625000000000000e-02 0
2.1875000000000000e-01 5.0000000000000000e-01 1.5625000000000000e-02 0
2.3437500000000000e-01 5.0000000000000000e-01 1.5625000000000000e-02 0
2.5000000000000000e-01 5.0000000000000000e-01 1.5625000000000000e-02 0
2.6562500000000000e-01 5.0000000000000000e-01 1.5625000000000000e-02 0
2.8125000000000000e-01 5.0000000000000000e-01 1.5625000000000000e-02 0
2.9687500000000000e-01 5.0000000000000000e-01 1.5625000000000000e-02 0
3.1250000000000000e-01 5.0000000000000000e-01 1.5625000000000000e-02 0
3.2812500000000000e-01 5.0000000000000000e-01 1.5625000000000000e-02 0
3.4375000000000000e-01 5.0000000000000000e-01 1.5625000000000000e-02 0
3.5937500000000000e-01 5.0000000000000000e-01 1.5625000000000000e-02 0
3.7500000000000000e-01 5.0000000000000000e-01 1.5625000000000000e-02 0
3.9062500000000000e-01 5.0000000000000000e-01 1.5625000000000000e-02 0
4.0625000000000000e-01 5.0000000000000000e-01 1.5625000000000000e-02 0
4.2187500000000000e-01 5.0000000000000000e-01 1.5625000000000000e-02 0
4.3750000000000000e-01 5.0000000000000000e-01 1.5625000000000000e-02 0
4.5312500000000000e-01 5.0000000000000000e-01 1.5625000000000000e-02 0
4.6875000000000000e-01 5.0000000000000000e-01 1.5625000000000000e-02 0
4.8437500000000000e-01 5.0000000000000000e-01 1.5625000000000000e-02 0
5.0000000000000000e-01 5.0000000000000000e-01 1.5625000000000000e-02 0
5.1562500000000000e-01 5.0000000000000000e-01 1.5625000000000000e-02 0
5.3125000000000000e-01 5.0000000000000000e-01 1.5625000000000000e-02 0
5.4687500000000000e-01 5.0000000000000000e-01 1.5625000000000000e-02 0
5.6250000000000000e-01 5.0000000000000000e-01 1.5625000000000000e-02 0
5.7812500000000000e-01 5.0000000000000000e-01 1.5625000000000000e-02 0
5.9375000000000000e-01 5.0000000000000000e-01 1.5625000000000000e-02 0
6.0937500000000000e-01 5.0000000000000000e-01 1.5625000000000000e-02 0
6.2500000000000000e-01 5.0000000000000000e-01 1.5625000000000000e-02 0
6.4062500000000000e-01 5.0000000000000000e-01 1.5625000000000000e-02 0
6.5625000000000000e-01 5.0000000000000000e-01 1.5625000000000000e-02 0
6.7187500000000000e-01 5.0000000000000000e-01 1.5625000000000000e-02 0
6.8750000000000000e-01 5.0000000000000000e-01 1.5625000000000000e-02 0
7.0312500000000000e-01 5.0000000000000000e-01 1.5625000000000000e-02 0
7.1875000000000000e-01 5.0000000000000000e-01 1.5625000000000000e-02 0
7.3437500000000000e-01 5.0000000000000000e-01 1.5625000000000000e-02 0
7.5000000000000000e-01 5.0000000000000000e-01 1.5625000000000000e-02 0
7.6562500000000000e-01 5.0000000000000000e-01 1.5625000000000000e-02 0
7.8125000000000000e-01 5.0000000000000000e-01 1.5625000000000000e-02 0
7.9687500000000000e-01 5.0000000000000000e-01 1.5625000000000000e-02 0
8.1250000000000000e-01 5.0000000000000000e-01 1.5625000000000000e-02 0
8.2812500000000000e-01 5.0000000000000000e-01 1.5625000000000000e-02 0
8.4375000000000000e-01 5.0000000000000000e-01 1.5625000000000000e-02 0
8.5937500000000000e-01 5.0000000000000000e-01 1.5625000000000000e-02 0
8.7500000000000000e-01 5.0000000000000000e-01 1.5625000000000000e-02 0
8.9062500000000000e-01 5.0000000000000000e-01 1.5625000000000000e-02 0
9.0625000000000000e-01 5.0000000000000000e-01 1.5625000000000000e-02 0
9.2187500000000000e-01 5.0000000000000000e-01 1.5625000000000000e-02 0
9.3750000000000000e-01 5.0000000000000000e-01 1.5625000000000000e-02 0
9.5312500000000000e-01 5.0000000000000000e-01 1.5625000000000000e-02 0
9.6875000000000000e-01 5.0000000000000000e-01 1.5625000000000000e-02 0
9.8437500000000000e-01 5.0000000000000000e-01 1.5625000000000000e-02 0
1.5625000000000000e-02 4.8437500000000000e-01 1.5625000000000000e-02 0
3.1250000000000000e-02 4.8437500000000000e-01 1.5625000000000000e-02 0
4.6875000000000000e-02 4.8437500000000000e-01 1.5625000000000000e-02 0
6.2500000000000000e-02 4.8437500000000000e-01 1.5625000000000000e-02 0
7.8125000000000000e-02 4.8437500000000000e-01 1.5625000000000000e-02 0
9.3750000000000000e-02 4.8437500000000000e-01 1.5625000000000000e-02 0
1.0937500000000000e-01 4.8437500000000000e-01 1.5625000000000000e-02 0
1.2500000000000000e-01 4.8437500000000000e-01 1.5625000000000000e-02 0
1.4062500000000000e-01 4.8437500000000000e-01 1.5625000000000000e-02 0
1.5625000000000000e-01 4.8437500000000000e-01 1.5625000000000000e-02 0
1.7187500000000000e-01 4.8437500000000000e-01 1.5625000000000000e-02 0
1.8750000000000000e-01 4.8437500000000000e-01 1.5625000000000000e-02 0
2.0312500000000000e-01 4.8437500000000000e-01 1.5625000000000000e-02 0
2.1875000000000000e-01 4.8437500000000000e-01 1.5625000000000000e-02 0
2.3437500000000000e-01 4.8437500000000000e-01 1.5625000000000000e-02 0
2.5000000000000000e-01 4.8437500000000000e-01 1.5625000000000000e-02 0
2.6562500000000000e-01 4.8437500000000000e-01 1.5625000000000000e-02 0
2.8125000000000000e-01 4.8437500000000000e-01 1.5625000000000000e-02 0
2.9687500000000000e-01 4.8437500000000000e-01 1.5625000000000000e-02 0
3.1250000000000000e-01 4.8437500000000000e-01 1.5625000000000000e-02 0
3.2812500000000000e-01 4.8437500000000000e-01 1.5625000000000000e-02 0
3.4375000000000000e-01 4.8437500000000000e-01 1.5625000000000000e-02 0
3.5937500000000000e-01 4.8437500000000000e-01 1.5625000000000000e-02 0
3.7500000000000000e-01 4.8437500000000000e-01 1.5625000000000000e-02 0
3.9062500000000000e-01 4.8437500000000000e-01 1.5625000000000000e-02 0
4.0625000000000000e-01 4.8437500000000000e-01 1.5625000000000000e-02 0
4.2187500000000000e-01 4.8437500000000000e-01 1.5625000000000000e-02 0
4.3750000000000000e-01 4.8437500000000000e-01 1.5625000000000000e-02 0
4.5312500000000000e-01 4.8437500000000000e-01 1.5625000000000000e-02 0
4.6875000000000000e-01 4.8437500000000000e-01 1.5625000000000000e-02 0
4.8437500000000000e-01 4.8437500000000000e-01 1.5625000000000000e-02 0
5.0000000000000000e-01 4.8437500000000000e-01 1.5625000000000000e-02 0
5.1562500000000000e-01 4.8437500000000000e-01 1.5625000000000000e-02 0
5.3125000000000000e-01 4.8437500000000000e-01 1.5625000000000000e-02 0
5.4687500000000000e-01 4.8437500000000000e-01 1.5625000000000000e-02 0
5.6250000000000000e-01 4.8437500000000000e-01 1.5625000000000000e-02 0
5.7812500000000000e-01 4.8437500000000000e-01 1.5625000000000000e-02 0
5.9375000000000000e-01 4.8437500000000000e-01 1.5625000000000000e-02 0
6.0937500000000000e-01 4.8437500000000000e-01 1.5625000000000000e-02 0
6.2500000000000000e-01 4.8437500000000000e-01 1.5625000000000000e-02 0
6.4062500000000000e-01 4.8437500000000000e-01 1.5625000000000000e-02 0
6.5625000000000000e-01 4.8437500000000000e-01 1.5625000000000000e-02 0
6.7187500000000000e-01 4.8437500000000000e-01 1.5625000000000000e-02 0
6.8750000000000000e-01 4.8437500000000000e-01 1.5625000000000000e-02 0
7.0312500000000000e-01 4.8437500000000000e-01 1.5625000000000000e-02 0
7.1875000000000000e-01 4.8437500000000000e-01 1.5625000000000000e-02 0
7.3437500000000000e-01 4.8437500000000000e-01 1.5625000000000000e-02 0
7.5000000000000000e-01 4.8437500000000000e-01 1.5625000000000000e-02 0
7.6562500000000000e-01 4.8437500000000000e-01 1.5625000000000000e-02 0
7.8125000000000000e-01 4.8437500000000000e-01 1.5625000000000000e-02 0
7.9687500000000000e-01 4.8437500000000000e-01 1.5625000000000000e-02 0
8.1250000000000000e-01 4.8437500000000000e-01 1.5625000000000000e-02 0
8.2812500000000000e-01 4.8437500000000000e-01 1.5625000000000000e-02 0
8.4375000000000000e-01 4.8437500000000000e-01 1.5625000000000000e-02 0
8.5937500000000000e-01 4.8437500000000000e-01 1.5625000000000000e-02 0
8.7500000000000000e-01 4.8437500000000000e-01 1.5625000000000000e-02 0
8.9062500000000000e-01 4.8437500000000000e-01 1.5625000000000000e-02 0
9.0625000000000000e-01 4.8437500000000000e-01 1.5625000000000000e-02 0
9.2187500000000000e-01 4.8437500000000000e-01 1.5625000000000000e-02 0
9.3750000000000000e-01 4.8437500000000000e-01 1.5625000000000000e-02 0
9.5312500000000000e-01 4.8437500000000000e-01 1.5625000000000000e-02 0
9.6875000000000000e-01 4.8437500000000000e-01 1.5625000000000000e-02 0
9.8437500000000000e-01 4.8437500000000000e-01 1.5625000000000000e-02 0
1.5625000000000000e-02 4.6875000000000000e-01 1.5625000000000000e-02 0
3.1250000000000000e-02 4.6875000000000000e-01 1.5625000000000000e-02 0
4.6875000000000000e-02 4.6875000000000000e-01 1.5625000000000000e-02 0
6.2500000000000000e-02 4.6875000000000000e-01 1.5625000000000000e-02 0
7.8125000000000000e-02 4.6875000000000000e-01 1.5625000000000000e-02 0
9.3750000000000000e-02 4.6875000000000000e-01 1.5625000000000000e-02 0
1.0937500000000000e-01 4.6875000000000000e-01 1.5625000000000000e-02 0
1.2500000000000000e-01 4.6875000000000000e-01 1.5625000000000000e-02 0
1.4062500000000000e-01 4.6875000000000000e-01 1.5625000000000000e-02 0
1.5625000000000000e-01 4.6875000000000000e-01 1.5625000000000000e-02 0
1.7187500000000000e-01 4.6875000000000000e-01 1.5625000000000000e-02 0
1.8750000000000000e-01 4.6875000000000000e-01 1.5625000000000000e-02 0
2.0312500000000000e-01 4.6875000000000000e-01 1.5625000000000000e-02 0
2.1875000000000000e-01 4.6875000000000000e-01 1.5625000000000000e-02 0
2.3437500000000000e-01 4.6875000000000000e-01 1.5625000000000000e-02 0
2.5000000000000000e-01 4.6875000000000000e-01 1.5625000000000000e-02 0
2.6562500000000000e-01 4.6875000000000000e-01 1.5625000000000000e-02 0
2.8125000000000000e-01 4.6875000000000000e-01 1.5625000000000000e-02 0
2.9687500000000000e-01 4.6875000000000000e-01 1.5625000000000000e-02 0
3.1250000000000000e-01 4.6875000000000000e-01 1.5625000000000000e-02 0
3.2812500000000000e-01 4.6875000000000000e-01 1.5625000000000000e-02 0
3.4375000000000000e-01 4.6875000000000000e-01 1.5625000000000000e-02 0
3.5937500000000000e-01 4.6875000000000000e-01 1.5625000000000000e-02 0
3.7500000000000000e-01 4.6875000000000000e-01 1.5625000000000000e-02 0
3.9062500000000000e-01 4.6875000000000000e-01 1.5625000000000000e-02 0
4.0625000000000000e-01 4.6875000000000000e-01 1.5625000000000000e-02 0
4.2187500000000000e-01 4.6875000000000000e-01 1.5625000000000000e-02 0
4.3750000000000000e-01 4.6875000000000000e-01 1.5625000000000000e-02 0
4.5312500000000000e-01 4.6875000000000000e-01 1.5625000000000000e-02 0
4.6875000000000000e-01 4.6875000000000000e-01 1.5625000000000000e-02 0
4.8437500000000000e-01 4.6875000000000000e-01 1.5625000000000000e-02 0
5.0000000000000000e-01 4.6875000000000000e-01 1.5625000000000000e-02 0
5.1562500000000000e-01 4.6875000000000000e-01 1.5625000000000000e-02 0
5.3125000000000000e-01 4.6875000000000000e-01 1.5625000000000000e-02 0
5.4687500000000000e-01 4.6875000000000000e-01 1.5625000000000000e-02 0
5.6250000000000000e-01 4.6875000000000000e-01 1.5625000000000000e-02 0
5.7812500000000000e-01 4.6875000000000000e-01 1.5625000000000000e-02 0
5.9375000000000000e-01 4.6875000000000000e-01 1.5625000000000000e-02 0
6.0937500000000000e-01 4.6875000000000000e-01 1.5625000000000000e-02 0
6.2500000000000000e-01 4.6875000000000000e-01 1.5625000000000000e-02 0
6.4062500000000000e-01 4.6875000000000000e-01 1.5625000000000000e-02 0
6.5625000000000000e-01 4.6875000000000000e-01 1.5625000000000000e-02 0
6.7187500000000000e-01 4.6875000000000000e-01 1.5625000000000000e-02 0
6.8750000000000000e-01 4.6875000000000000e-01 1.5625000000000000e-02 0
7.0312500000000000e-01 4.6875000000000000e-01 1.5625000000000000e-02 0
7.1875000000000000e-01 4.6875000000000000e-01 1.5625000000000000e-02 0
7.3437500000000000e-01 4.6875000000000000e-01 1.5625000000000000e-02 0
7.5000000000000000e-01 4.6875000000000000e-01 1.5625000000000000e-02 0
7.6562500000000000e-01 4.6875000000000000e-01 1.5625000000000000e-02 0
7.8125000000000000e-01 4.6875000000000000e-01 1.5625000000000000e-02 0
7.9687500000000000e-01 4.6875000000000000e-01 1.5625000000000000e-02 0
8.1250000000000000e-01 4.6875000000000000e-01 1.5625000000000000e-02 0
8.2812500000000000e-01 4.6875000000000000e-01 1.5625000000000000e-02 0
8.4375000000000000e-01 4.6875000000000000e-01 1.5625000000000000e-02 0
8.5937500000000000e-01 4.6875000000000000e-01 1.5625000000000000e-02 0
8.7500000000000000e-01 4.6875000000000000e-01 1.5625000000000000e-02 0
8.9062500000000000e-01 4.6875000000000000e-01 1.5625000000000000e-02 0
9.0625000000000000e-01 4.6875000000000000e-01 1.5625000000000000e-02 0
9.2187500000000000e-01 4.6875000000000000e-01 1.5625000000000000e-02 0
9.3750000000000000e-01 4.6875000000000000e-01 1.5625000000000000e-02 0
9.5312500000000000e-01 4.6875000000000000e-01 1.5625000000000000e-02 0
9.6875000000000000e-01 4.6875000000000000e-01 1.5625000000000000e-02 0
9.8437500000000000e-01 4.6875000000000000e-01 1.5625000000000000e-02 0
1.5625000000000000e-02 4.5312500000000000e-01 1.5625000000000000e-02 0
3.1250000000000000e-02 4.5312500000000000e-01 1.5625000000000000e-02 0
4.6875000000000000e-02 4.5312500000000000e-01 1.5625000000000000e-02 0
6.2500000000000000e-02 4.5312500000000000e-01 1.5625000000000000e-02 0
7.8125000000000000e-02 4.5312500000000000e-01 1.5625000000000000e-02 0
9.3750000000000000e-02 4.5312500000000000e-01 1.5625000000000000e-02 0
1.0937500000000000e-01 4.5312500000000000e-01 1.5625000000000000e-02 0
1.2500000000000000e-01 4.5312500000000000e-01 1.5625000000000000e-02 0
1.4062500000000000e-01 4.5312500000000000e-01 1.5625000000000000e-02 0
1.5625000000000000e-01 4.5312500000000000e-01 1.5625000000000000e-02 0
1.7187500000000000e-01 4.5312500000000000e-01 1.5625000000000000e-02 0
1.8750000000000000e-01 4.5312500000000000e-01 1.5625000000000000e-02 0
2.0312500000000000e-01 4.5312500000000000e-01 1.5625000000000000e-02 0
2.1875000000000000e-01 4.5312500000000000e-01 1.5625000000000000e-02 0
2.3437500000000000e-01 4.5312500000000000e-01 1.5625000000000000e-02 0
2.5000000000000000e-01 4.5312500000000000e-01 1.5625000000000000e-02 0
2.6562500000000000e-01 4.5312500000000000e-01 1.5625000000000000e-02 0
2.8125000000000000e-01 4.5312500000000000e-01 1.5625000000000000e-02 0
2.9687500000000000e-01 4.5312500000000000e-01 1.5625000000000000e-02 0
3.1250000000000000e-01 4.5312500000000000e-01 1.5625000000000000e-02 0
3.2812500000000000e-01 4.5312500000000000e-01 1.5625000000000000e-02 0
3.4375000000000000e-01 4.5312500000000000e-01 1.5625000000000000e-02 0
3.5937500000000000e-01 4.5312500000000000e-01 1.5625000000000000e-02 0
3.7500000000000000e-01 4.5312500000000000e-01 1.5625000000000000e-02 0
3.9062500000000000e-01 4.5312500000000000e-01 1.5625000000000000e-02 0
4.0625000000000000e-01 4.5312500000000000e-01 1.5625000000000000e-02 0
4.2187500000000000e-01 4.5312500000000000e-01 1.5625000000000000e-02 0
4.3750000000000000e-01 4.5312500000000000e-01 1.5625000000000000e-02 0
4.5312500000000000e-01 4.5312500000000000e-01 1.5625000000000000e-02 0
4.6875000000000000e-01 4.5312500000000000e-01 1.5625000000000000e-02 0
4.8437500000000000e-01 4.5312500000000000e-01 1.5625000000000000e-02 0
5.0000000000000000e-01 4.5312500000000000e-01 1.5625000000000000e-02 0
5.1562500000000000e-01 4.5312500000000000e-01 1.5625000000000000e-02 0
5.3125000000000000e-01 4.5312500000000000e-01 1.5625000000000000e-02 0
5.4687500000000000e-01 4.5312500000000000e-01 1.5625000000000000e-02 0
5.6250000000000000e-01 4.5312500000000000e-01 1.5625000000000000e-02 0
5.7812500000000000e-01 4.5312500000000000e-01 1.5625000000000000e-02 0
5.9375000000000000e-01 4.5312500000000000e-01 1.5625000000000000e-02 0
6.0937500000000000e-01 4.5312500000000000e-01 1.5625000000000000e-02 0
6.2500000000000000e-01 4.5312500000000000e-01 1.5625000000000000e-02 0
6.4062500000000000e-01 4.5312500000000000e-01 1.5625000000000000e-02 0
6.5625000000000000e-01 4.5312500000000000e-01 1.5625000000000000e-02 0
6.7187500000000000e-01 4.5312500000000000e-01 1.5625000000000000e-02 0
6.8750000000000000e-01 4.5312500000000000e-01 1.5625000000000000e-02 0
7.0312500000000000e-01 4.5312500000000000e-01 1.5625000000000000e-02 0
7.1875000000000000e-01 4.5312500000000000e-01 1.5625000000000000e-02 0
7.3437500000000000e-01 4.5312500000000000e-01 1.5625000000000000e-02 0
7.5000000000000000e-01 4.5312500000000000e-01 1.5625000000000000e-02 0
7.6562500000000000e-01 4.5312500000000000e-01 1.5625000000000000e-02 0
7.8125000000000000e-01 4.5312500000000000e-01 1.5625000000000000e-02 0
7.9687500000000000e-01 4.5312500000000000e-01 1.5625000000000000e-02 0
8.1250000000000000e-01 4.5312500000000000e-01 1.5625000000000000e-02 0
8.2812500000000000e-01 4.5312500000000000e-01 1.5625000000000000e-02 0
8.4375000000000000e-01 4.5312500000000000e-01 1.5625000000000000e-02 0
8.5937500000000000e-01 4.5312500000000000e-01 1.5625000000000000e-02 0
8.7500000000000000e-01 4.5312500000000000e-01 1.5625000000000000e-02 0
8.9062500000000000e-01 4.5312500000000000e-01 1.5625000000000000e-02 0
9.0625000000000000e-01 4.5312500000000000e-01 1.5625000000000000e-02 0
9.2187500000000000e-01 4.5312500000000000e-01 1.5625000000000000e-02 0
9.3750000000000000e-01 4.5312500000000000e-01 1.5625000000000000e-02 0
9.5312500000000000e-01 4.5312500000000000e-01 1.5625000000000000e-02 0
9.6875000000000000e-01 4.5312500000000000e-01 1.5625000000000000e-02 0
9.8437500000000000e-01 4.5312500000000000e-01 1.5625000000000000e-02 0
1.5625000000000000e-02 4.3750000000000000e-01 1.5625000000000000e-02 0
3.1250000000000000e-02 4.3750000000000000e-01 1.5625000000000000e-02 0
4.6875000000000000e-02 4.3750000000000000e-01 1.5625000000000000e-02 0
6.2500000000000000e-02 4.3750000000000000e-01 1.5625000000000000e-02 0
7.8125000000000000e-02 4.3750000000000000e-01 1.5625000000000000e-02 0
9.3750000000000000e-02 4.3750000000000000e-01 1.5625000000000000e-02 0
1.0937500000000000e-01 4.3750000000000000e-01 1.5625000000000000e-02 0
1.2500000000000000e-01 4.3750000000000000e-01 1.5625000000000000e-02 0
1.4062500000000000e-01 4.3750000000000000e-01 1.5625000000000000e-02 0
1.5625000000000000e-01 4.3750000000000000e-01 1.5625000000000000e-02 0
1.7187500000000000e-01 4.3750000000000000e-01 1.5625000000000000e-02 0
1.8750000000000000e-01 4.3750000000000000e-01 1.5625000000000000e-02 0
2.0312500000000000e-01 4.3750000000000000e-01 1.5625000000000000e-02 0
2.1875000000000000e-01 4.3750000000000000e-01 1.5625000000000000e-02 0
2.3437500000000000e-01 4.3750000000000000e-01 1.5625000000000000e-02 0
2.5000000000000000e-01 4.3750000000000000e-01 1.5625000000000000e-02 0
2.6562500000000000e-01 4.3750000000000000e-01 1.5625000000000000e-02 0
2.8125000000000000e-01 4.3750000000000000e-01 1.5625000000000000e-02 0
2.9687500000000000e-01 4.3750000000000000e-01 1.5625000000000000e-02 0
3.1250000000000000e-01 4.3750000000000000e-01 1.5625000000000000e-02 0
3.2812500000000000e-01 4.3750000000000000e-01 1.5625000000000000e-02 0
3.4375000000000000e-01 4.3750000000000000e-01 1.5625000000000000e-02 0
3.5937500000000000e-01 4.3750000000000000e-01 1.5625000000000000e-02 0
3.7500000000000000e-01 4.3750000000000000e-01 1.5625000000000000e-02 0
3.9062500000000000e-01 4.3750000000000000e-01 1.5625000000000000e-02 0
4.0625000000000000e-01 4.3750000000000000e-01 1.5625000000000000e-02 0
4.2187500000000000e-01 4.3750000000000000e-01 1.5625000000000000e-02 0
4.3750000000000000e-01 4.3750000000000000e-01 1.5625000000000000e-02 0
4.5312500000000000e-01 4.3750000000000000e-01 1.5625000000000000e-02 0
4.6875000000000000e-01 4.3750000000000000e-01 1.5625000000000000e-02 0
4.8437500000000000e-01 4.3750000000000000e-01 1.5625000000000000e-02 0
5.0000000000000000e-01 4.3750000000000000e-01 1.5625000000000000e-02 0
5.1562500000000000e-01 4.3750000000000000e-01 1.5625000000000000e-02 0
5.3125000000000000e-01 4.3750000000000000e-01 1.5625000000000000e-02 0
5.4687500000000000e-01 4.3750000000000000e-01 1.5625000000000000e-02 0
5.6250000000000000e-01 4.3750000000000000e-01 1.5625000000000000e-02 0
5.7812500000000000e-01 4.3750000000000000e-01 1.5625000000000000e-02 0
5.9375000000000000e-01 4.3750000000000000e-01 1.5625000000000000e-02 0
6.0937500000000000e-01 4.3750000000000000e-01 1.5625000000000000e-02 0
6.2500000000000000e-01 4.3750000000000000e-01 1.5625000000000000e-02 0
6.4062500000000000e-01 4.3750000000000000e-01 1.5625000000000000e-02 0
6.5625000000000000e-01 4.3750000000000000e-01 1.5625000000000000e-02 0
6.7187500000000000e-01 4.3750000000000000e-01 1.5625000000000000e-02 0
6.8750000000000000e-01 4.3750000000000000e-01 1.5625000000000000e-02 0
7.0312500000000000e-01 4.3750000000000000e-01 1.5625000000000000e-02 0
7.1875000000000000e-01 4.3750000000000000e-01 1.5625000000000000e-02 0
7.3437500000000000e-01 4.3750000000000000e-01 1.5625000000000000e-02 0
7.5000000000000000e-01 4.3750000000000000e-01 1.5625000000000000e-02 0
7.6562500000000000e-01 4.3750000000000000e-01 1.5625000000000000e-02 0
7.8125000000000000e-01 4.3750000000000000e-01 1.5625000000000000e-02 0
7.9687500000000000e-01 4.3750000000000000e-01 1.5625000000000000e-02 0
8.1250000000000000e-01 4.3750000000000000e-01 1.5625000000000000e-02 0
8.2812500000000000e-01 4.3750000000000000e-01 1.5625000000000000e-02 0
8.4375000000000000e-01 4.3750000000000000e-01 1.5625000000000000e-02 0
8.5937500000000000e-01 4.3750000000000000e-01 1.5625000000000000e-02 0
8.7500000000000000e-01 4.3750000000000000e-01 1.5625000000000000e-02 0
8.9062500000000000e-01 4.3750000000000000e-01 1.5625000000000000e-02 0
9.0625000000000000e-01 4.3750000000000000e-01 1.5625000000000000e-02 0
9.2187500000000000e-01 4.3750000000000000e-01 1.5625000000000000e-02 0
9.3750000000000000e-01 4.3750000000000000e-01 1.5625000000000000e-02 0
9.5312500000000000e-01 4.3750000000000000e-01 1.5625000000000000e-02 0
9.6875000000000000e-01 4.3750000000000000e-01 1.5625000000000000e-02 0
9.8437500000000000e-01 4.3750000000000000e-01 1.5625000000000000e-02 0
1.5625000000000000e-02 4.2187500000000000e-01 1.5625000000000000e-02 0
3.1250000000000000e-02 4.2187500000000000e-01 1.5625000000000000e-02 0
4.6875000000000000e-02 4.2187500000000000e-01 1.5625000000000000e-02 0
6.2500000000000000e-02 4.2187500000000000e-01 1.5625000000000000e-02 0
7.8125000000000000e-02 4.2187500000000000e-01 1.5625000000000000e-02 0
9.3750000000000000e-02 4.2187500000000000e-01 1.5625000000000000e-02 0
1.0937500000000000e-01 4.2187500000000000e-01 1.5625000000000000e-02 0
1.2500000000000000e-01 4.2187500000000000e-01 1.5625000000000000e-02 0
1.4062500000000000e-01 4.2187500000000000e-01 1.5625000000000000e-02 0
1.5625000000000000e-01 4.2187500000000000e-01 1.5625000000000000e-02 0
1.7187500000000000e-01 4.2187500000000000e-01 1.5625000000000000e-02 0
1.8750000000000000e-01 4.2187500000000000e-01 1.5625000000000000e-02 0
2.0312500000000000e-01 4.2187500000000000e-01 1.5625000000000000e-02 0
2.1875000000000000e-01 4.2187500000000000e-01 1.5625000000000000e-02 0
2.3437500000000000e-01 4.2187500000000000e-01 1.5625000000000000e-02 0
2.5000000000000000e-01 4.2187500000000000e-01 1.5625000000000000e-02 0
2.6562500000000000e-01 4.2187500000000000e-01 1.5625000000000000e-02 0
2.8125000000000000e-01 4.2187500000000000e-01 1.5625000000000000e-02 0
2.9687500000000000e-01 4.2187500000000000e-01 1.5625000000000000e-02 0
3.1250000000000000e-01 4.2187500000000000e-01 1.5625000000000000e-02 0
3.2812500000000000e-01 4.2187500000000000e-01 1.5625000000000000e-02 0
3.4375000000000000e-01 4.2187500000000000e-01 1.5625000000000000e-02 0
3.5937500000000000e-01 4.2187500000000000e-01 1.5625000000000000e-02 0
3.7500000000000000e-01 4.2187500000000000e-01 1.5625000000000000e-02 0
3.9062500000000000e-01 4.2187500000000000e-01 1.5625000000000000e-02 0
4.0625000000000000e-01 4.2187500000000000e-01 1.5625000000000000e-02 0
4.2187500000000000e-01 4.2187500000000000e-01 1.5625000000000000e-02 0
4.3750000000000000e-01 4.2187500000000000e-01 1.5625000000000000e-02 0
4.5312500000000000e-01 4.2187500000000000e-01 1.5625000000000000e-02 0
4.6875000000000000e-01 4.2187500000000000e-01 1.5625000000000000e-02 0
4.8437500000000000e-01 4.2187500000000000e-01 1.5625000000000000e-02 0
5.0000000000000000e-01 4.2187500000000000e-01 1.5625000000000000e-02 0
5.1562500000000000e-01 4.2187500000000000e-01 1.5625000000000000e-02 0
5.3125000000000000e-01 4.2187500000000000e-01 1.5625000000000000e-02 0
5.4687500000000000e-01 4.2187500000000000e-01 1.5625000000000000e-02 0
5.6250000000000000e-01 4.2187500000000000e-01 1.5625000000000000e-02 0
5.7812500000000000e-01 4.2187500000000000e-01 1.5625000000000000e-02 0
5.9375000000000000e-01 4.2187500000000000e-01 1.5625000000000000e-02 0
6.0937500000000000e-01 4.2187500000000000e-01 1.5625000000000000e-02 0
6.2500000000000000e-01 4.2187500000000000e-01 1.5625000000000000e-02 0
6.4062500000000000e-01 4.2187500000000000e-01 1.5625000000000000e-02 0
6.5625000000000000e-01 4.2187500000000000e-01 1.5625000000000000e-02 0
6.7187500000000000e-01 4.2187500000000000e-01 1.5625000000000000e-02 0
6.8750000000000000e-01 4.2187500000000000e-01 1.5625000000000000e-02 0
7.0312500000000000e-01 4.2187500000000000e-01 1.5625000000000000e-02 0
7.1875000000000000e-01 4.2187500000000000e-01 1.5625000000000000e-02 0
7.3437500000000000e-01 4.2187500000000000e-01 1.5625000000000000e-02 0
7.5000000000000000e-01 4.2187500000000000e-01 1.5625000000000000e-02 0
7.6562500000000000e-01 4.2187500000000000e-01 1.5625000000000000e-02 0
7.8125000000000000e-01 4.2187500000000000e-01 1.5625000000000000e-02 0
7.9687500000000000e-01 4.2187500000000000e-01 1.5625000000000000e-02 0
8.1250000000000000e-01 4.2187500000000000e-01 1.5625000000000000e-02 0
8.2812500000000000e-01 4.2187500000000000e-01 1.5625000000000000e-02 0
8.4375000000000000e-01 4.2187500000000000e-01 1.5625000000000000e-02 0
8.5937500000000000e-01 4.2187500000000000e-01 1.5625000000000000e-02 0
8.7500000000000000e-01 4.2187500000000000e-01 1.5625000000000000e-02 0
8.9062500000000000e-01 4.2187500000000000e-01 1.5625000000000000e-02 0
9.0625000000000000e-01 4.2187500000000000e-01 1.5625000000000000e-02 0
9.2187500000000000e-01 4.2187500000000000e-01 1.5625000000000000e-02 0
9.3750000000000000e-01 4.2187500000000000e-01 1.5625000000000000e-02 0
9.5312500000000000e-01 4.2187500000000000e-01 1.5625000000000000e-02 0
9.6875000000000000e-01 4.2187500000000000e-01 1.5625000000000000e-02 0
9.8437500000000000e-01 4.2187500000000000e-01 1.5625000000000000e-02 0
1.5625000000000000e-02 4.0625000000000000e-01 1.5625000000000000e-02 0
3.1250000000000000e-02 4.0625000000000000e-01 1.5625000000000000e-02 0
4.6875000000000000e-02 4.0625000000000000e-01 1.5625000000000000e-02 0
6.2500000000000000e-02 4.0625000000000000e-01 1.5625000000000000e-02 0
7.8125000000000000e-02 4.0625000000000000e-01 1.5625000000000000e-02 0
9.3750000000000000e-02 4.0625000000000000e-01 1.5625000000000000e-02 0
1.0937500000000000e-01 4.0625000000000000e-01 1.5625000000000000e-02 0
1.2500000000000000e-01 4.0625000000000000e-01 1.5625000000000000e-02 0
1.4062500000000000e-01 4.0625000000000000e-01 1.5625000000000000e-02 0
1.5625000000000000e-01 4.0625000000000000e-01 1.5625000000000000e-02 0
1.7187500000000000e-01 4.0625000000000000e-01 1.5625000000000000e-02 0
1.8750000000000000e-01 4.0625000000000000e-01 1.5625000000000000e-02 0
2.0312500000000000e-01 4.0625000000000000e-01 1.5625000000000000e-02 0
2.1875000000000000e-01 4.0625000000000000e-01 1.5625000000000000e-02 0
2.3437500000000000e-01 4.0625000000000000e-01 1.5625000000000000e-02 0
2.5000000000000000e-01 4.0625000000000000e-01 1.5625000000000000e-02 0
2.6562500000000000e-01 4.0625000000000000e-01 1.5625000000000000e-02 0
2.8125000000000000e-01 4.0625000000000000e-01 1.5625000000000000e-02 0
2.9687500000000000e-01 4.0625000000000000e-01 1.5625000000000000e-02 0
3.1250000000000000e-01 4.0625000000000000e-01 1.5625000000000000e-02 0
3.2812500000000000e-01 4.0625000000000000e-01 1.5625000000000000e-02 0
3.4375000000000000e-01 4.0625000000000000e-01 1.5625000000000000e-02 0
3.5937500000000000e-01 4.0625000000000000e-01 1.5625000000000000e-02 0
3.7500000000000000e-01 4.0625000000000000e-01 1.5625000000000000e-02 0
3.9062500000000000e-01 4.0625000000000000e-01 1.5625000000000000e-02 0
4.0625000000000000e-01 4.0625000000000000e-01 1.5625000000000000e-02 0
4.2187500000000000e-01 4.0625000000000000e-01 1.5625000000000000e-02 0
4.3750000000000000e-01 4.0625000000000000e-01 1.5625000000000000e-02 0
4.5312500000000000e-01 4.0625000000000000e-01 1.5625000000000000e-02 0
4.6875000000000000e-01 4.0625000000000000e-01 1.5625000000000000e-02 0
4.8437500000000000e-01 4.0625000000000000e-01 1.5625000000000000e-02 0
5.0000000000000000e-01 4.0625000000000000e-01 1.5625000000000000e-02 0
5.1562500000000000e-01 4.0625000000000000e-01 1.5625000000000000e-02 0
5.3125000000000000e-01 4.0625000000000000e-01 1.5625000000000000e-02 0
5.4687500000000000e-01 4.0625000000000000e-01 1.5625000000000000e-02 0
5.6250000000000000e-01 4.0625000000000000e-01 1.5625000000000000e-02 0
5.7812500000000000e-01 4.0625000000000000e-01 1.5625000000000000e-02 0
5.9375000000000000e-01 4.0625000000000000e-01 1.5625000000000000e-02 0
6.0937500000000000e-01 4.0625000000000000e-01 1.5625000000000000e-02 0
6.2500000000000000e-01 4.0625000000000000e-01 1.5625000000000000e-02 0
6.4062500000000000e-01 4.0625000000000000e-01 1.5625000000000000e-02 0
6.5625000000000000e-01 4.0625000000000000e-01 1.5625000000000000e-02 0
6.7187500000000000e-01 4.0625000000000000e-01 1.5625000000000000e-02 0
6.8750000000000000e-01 4.0625000000000000e-01 1.5625000000000000e-02 0
7.0312500000000000e-01 4.0625000000000000e-01 1.5625000000000000e-02 0
7.1875000000000000e-01 4.0625000000000000e-01 1.5625000000000000e-02 0
7.3437500000000000e-01 4.0625000000000000e-01 1.5625000000000000e-02 0
7.5000000000000000e-01 4.0625000000000000e-01 1.5625000000000000e-02 0
7.6562500000000000e-01 4.0625000000000000e-01 1.5625000000000000e-02 0
7.8125000000000000e-01 4.0625000000000000e-01 1.5625000000000000e-02 0
7.9687500000000000e-01 4.0625000000000000e-01 1.5625000000000000e-02 0
8.1250000000000000e-01 4.0625000000000000e-01 1.5625000000000000e-02 0
8.2812500000000000e-01 4.0625000000000000e-01 1.5625000000000000e-02 0
8.4375000000000000e-01 4.0625000000000000e-01 1.5625000000000000e-02 0
8.5937500000000000e-01 4.0625000000000000e-01 1.5625000000000000e-02 0
8.7500000000000000e-01 4.0625000000000000e-01 1.5625000000000000e-02 0
8.9062500000000000e-01 4.0625000000000000e-01 1.5625000000000000e-02 0
9.0625000000000000e-01 4.0625000000000000e-01 1.5625000000000000e-02 0
9.2187500000000000e-01 4.0625000000000000e-01 1.5625000000000000e-02 0
9.3750000000000000e-01 4.0625000000000000e-01 1.5625000000000000e-02 0
9.5312500000000000e-01 4.0625000000000000e-01 1.5625000000000000e-02 0
9.6875000000000000e-01 4.0625000000000000e-01 1.5625000000000000e-02 0
9.8437500000000000e-01 4.0625000000000000e-01 1.5625000000000000e-02 0
1.5625000000000000e-02 3.9062500000000000e-01 1.5625000000000000e-02 0
3.1250000000000000e-02 3.9062500000000000e-01 1.5625000000000000e-02 0
4.6875000000000000e-02 3.9062500000000000e-01 1.5625000000000000e-02 0
6.2500000000000000e-02 3.9062500000000000e-01 1.5625000000000000e-02 0
7.8125000000000000e-02 3.9062500000000000e-01 1.5625000000000000e-02 0
9.3750000000000000e-02 3.9062500000000000e-01 1.5625000000000000e-02 0
1.0937500000000000e-01 3.9062500000000000e-01 1.5625000000000000e-02 0
1.2500000000000000e-01 3.9062500000000000e-01 1.5625000000000000e-02 0
1.4062500000000000e-01 3.9062500000000000e-01 1.5625000000000000e-02 0
1.5625000000000000e-01 3.9062500000000000e-01 1.5625000000000000e-02 0
1.7187500000000000e-01 3.9062500000000000e-01 1.5625000000000000e-02 0
1.8750000000000000e-01 3.9062500000000000e-01 1.5625000000000000e-02 0
2.0312500000000000e-01 3.9062500000000000e-01 1.5625000000000000e-02 0
2.1875000000000000e-01 3.9062500000000000e-01 1.5625000000000000e-02 0
2.3437500000000000e-01 3.9062500000000000e-01 1.5625000000000000e-02 0
2.5000000000000000e-01 3.9062500000000000e-01 1.5625000000000000e-02 0
2.6562500000000000e-01 3.9062500000000000e-01 1.5625000000000000e-02 0
2.8125000000000000e-01 3.9062500000000000e-01 1.5625000000000000e-02 0
2.9687500000000000e-01 3.9062500000000000e-01 1.5625000000000000e-02 0
3.1250000000000000e-01 3.9062500000000000e-01 1.5625000000000000e-02 0
3.2812500000000000e-01 3.9062500000000000e-01 1.5625000000000000e-02 0
3.4375000000000000e-01 3.9062500000000000e-01 1.5625000000000000e-02 0
3.5937500000000000e-01 3.9062500000000000e-01 1.5625000000000000e-02 0
3.7500000000000000e-01 3.9062500000000000e-01 1.5625000000000000e-02 0
3.9062500000000000e-01 3.9062500000000000e-01 1.5625000000000000e-02 0
4.0625000000000000e-01 3.9062500000000000e-01 1.5625000000000000e-02 0
4.2187500000000000e-01 3.9062500000000000e-01 1.5625000000000000e-02 0
4.3750000000000000e-01 3.9062500000000000e-01 1.5625000000000000e-02 0
4.5312500000000000e-01 3.9062500000000000e-01 1.5625000000000000e-02 0
4.6875000000000000e-01 3.9062500000000000e-01 1.5625000000000000e-02 0
4.8437500000000000e-01 3.9062500000000000e-01 1.5625000000000000e-02 0
5.0000000000000000e-01 3.9062500000000000e-01 1.5625000000000000e-02 0
5.1562500000000000e-01 3.9062500000000000e-01 1.5625000000000000e-02 0
5.3125000000000000e-01 3.9062500000000000e-01 1.5625000000000000e-02 0
5.4687500000000000e-01 3.9062500000000000e-01 1.5625000000000000e-02 0
5.6250000000000000e-01 3.9062500000000000e-01 1.5625000000000000e-02 0
5.7812500000000000e-01 3.9062500000000000e-01 1.5625000000000000e-02 0
5.9375000000000000e-01 3.9062500000000000e-01 1.5625000000000000e-02 0
6.0937500000000000e-01 3.9062500000000000e-01 1.5625000000000000e-02 0
6.2500000000000000e-01 3.9062500000000000e-01 1.5625000000000000e-02 0
6.4062500000000000e-01 3.9062500000000000e-01 1.5625000000000000e-02 0
6.5625000000000000e-01 3.9062500000000000e-01 1.5625000000000000e-02 0
6.7187500000000000e-01 3.9062500000000000e-01 1.5625000000000000e-02 0
6.8750000000000000e-01 3.9062500000000000e-01 1.5625000000000000e-02 0
7.0312500000000000e-01 3.9062500000000000e-01 1.5625000000000000e-02 0
7.1875000000000000e-01 3.9062500000000000e-01 1.5625000000000000e-02 0
7.3437500000000000e-01 3.9062500000000000e-01 1.5625000000000000e-02 0
7.5000000000000000e-01 3.9062500000000000e-01 1.5625000000000000e-02 0
7.6562500000000000e-01 3.9062500000000000e-01 1.5625000000000000e-02 0
7.8125000000000000e-01 3.9062500000000000e-01 1.5625000000000000e-02 0
7.9687500000000000e-01 3.9062500000000000e-01 1.5625000000000000e-02 0
8.1250000000000000e-01 3.9062500000000000e-01 1.5625000000000000e-02 0
8.2812500000000000e-01 3.9062500000000000e-01 1.5625000000000000e-02 0
8.4375000000000000e-01 3.9062500000000000e-01 1.5625000000000000e-02 0
8.5937500000000000e-01 3.9062500000000000e-01 1.5625000000000000e-02 0
8.7500000000000000e-01 3.9062500000000000e-01 1.5625000000000000e-02 0
8.9062500000000000e-01 3.9062500000000000e-01 1.5625000000000000e-02 0
9.0625000000000000e-01 3.9062500000000000e-01 1.5625000000000000e-02 0
9.2187500000000000e-01 3.9062500000000000e-01 1.5625000000000000e-02 0
9.3750000000000000e-01 3.9062500000000000e-01 1.5625000000000000e-02 0
9.5312500000000000e-01 3.9062500000000000e-01 1.5625000000000000e-02 0
9.6875000000000000e-01 3.9062500000000000e-01 1.5625000000000000e-02 0
9.8437500000000000e-01 3.9062500000000000e-01 1.5625000000000000e-02 0
1.5625000000000000e-02 3.7500000000000000e-01 1.5625000000000000e-02 0
3.1250000000000000e-02 3.7500000000000000e-01 1.5625000000000000e-02 0
4.6875000000000000e-02 3.7500000000000000e-01 1.5625000000000000e-02 0
6.2500000000000000e-02 3.7500000000000000e-01 1.5625000000000000e-02 0
7.8125000000000000e-02 3.7500000000000000e-01 1.5625000000000000e-02 0
9.3750000000000000e-02 3.7500000000000000e-01 1.5625000000000000e-02 0
1.0937500000000000e-01 3.7500000000000000e-01 1.5625000000000000e-02 0
1.2500000000000000e-01 3.7500000000000000e-01 1.5625000000000000e-02 0
1.4062500000000000e-01 3.7500000000000000e-01 1.5625000000000000e-02 0
1.5625000000000000e-01 3.7500000000000000e-01 1.5625000000000000e-02 0
1.7187500000000000e-01 3.7500000000000000e-01 1.5625000000000000e-02 0
1.8750000000000000e-01 3.7500000000000000e-01 1.5625000000000000e-02 0
2.0312500000000000e-01 3.7500000000000000e-01 1.5625000000000000e-02 0
2.1875000000000000e-01 3.7500000000000000e-01 1.5625000000000000e-02 0
2.3437500000000000e-01 3.7500000000000000e-01 1.5625000000000000e-02 0
2.5000000000000000e-01 3.7500000000000000e-01 1.5625000000000000e-02 0
2.6562500000000000e-01 3.7500000000000000e-01 1.5625000000000000e-02 0
2.8125000000000000e-01 3.7500000000000000e-01 1.5625000000000000e-02 0
2.9687500000000000e-01 3.7500000000000000e-01 1.5625000000000000e-02 0
3.1250000000000000e-01 3.7500000000000000e-01 1.5625000000000000e-02 0
3.2812500000000000e-01 3.7500000000000000e-01 1.5625000000000000e-02 0
3.4375000000000000e-01 3.7500000000000000e-01 1.5625000000000000e-02 0
3.5937500000000000e-01 3.7500000000000000e-01 1.5625000000000000e-02 0
3.7500000000000000e-01 3.7500000000000000e-01 1.5625000000000000e-02 0
3.9062500000000000e-01 3.7500000000000000e-01 1.5625000000000000e-02 0
4.0625000000000000e-01 3.7500000000000000e-01 1.5625000000000000e-02 0
4.2187500000000000e-01 3.7500000000000000e-01 1.5625000000000000e-02 0
4.3750000000000000e-01 3.7500000000000000e-01 1.5625000000000000e-02 0
4.5312500000000000e-01 3.7500000000000000e-01 1.5625000000000000e-02 0
4.6875000000000000e-01 3.7500000000000000e-01 1.5625000000000000e-02 0
4.8437500000000000e-01 3.7500000000000000e-01 1.5625000000000000e-02 0
5.0000000000000000e-01 3.7500000000000000e-01 1.5625000000000000e-02 0
5.1562500000000000e-01 3.7500000000000000e-01 1.5625000000000000e-02 0
5.3125000000000000e-01 3.7500000000000000e-01 1.5625000000000000e-02 0
5.4687500000000000e-01 3.7500000000000000e-01 1.5625000000000000e-02 0
5.6250000000000000e-01 3.7500000000000000e-01 1.5625000000000000e-02 0
5.7812500000000000e-01 3.7500000000000000e-01 1.5625000000000000e-02 0
5.9375000000000000e-01 3.7500000000000000e-01 1.5625000000000000e-02 0
6.0937500000000000e-01 3.7500000000000000e-01 1.5625000000000000e-02 0
6.2500000000000000e-01 3.7500000000000000e-01 1.5625000000000000e-02 0
6.4062500000000000e-01 3.7500000000000000e-01 1.5625000000000000e-02 0
6.5625000000000000e-01 3.7500000000000000e-01 1.5625000000000000e-02 0
6.7187500000000000e-01 3.7500000000000000e-01 1.5625000000000000e-02 0
6.8750000000000000e-01 3.7500000000000000e-01 1.5625000000000000e-02 0
7.0312500000000000e-01 3.7500000000000000e-01 1.5625000000000000e-02 0
7.1875000000000000e-01 3.7500000000000000e-01 1.5625000000000000e-02 0
7.3437500000000000e-01 3.7500000000000000e-01 1.5625000000000000e-02 0
7.5000000000000000e-01 3.7500000000000000e-01 1.5625000000000000e-02 0
7.6562500000000000e-01 3.7500000000000000e-01 1.5625000000000000e-02 0
7.8125000000000000e-01 3.7500000000000000e-01 1.5625000000000000e-02 0
7.9687500000000000e-01 3.7500000000000000e-01 1.5625000000000000e-02 0
8.1250000000000000e-01 3.7500000000000000e-01 1.5625000000000000e-02 0
8.2812500000000000e-01 3.7500000000000000e-01 1.5625000000000000e-02 0
8.4375000000000000e-01 3.7500000000000000e-01 1.5625000000000000e-02 0
8.5937500000000000e-01 3.7500000000000000e-01 1.5625000000000000e-02 0
8.7500000000000000e-01 3.7500000000000000e-01 1.5625000000000000e-02 0
8.9062500000000000e-01 3.7500000000000000e-01 1.5625000000000000e-02 0
9.0625000000000000e-01 3.7500000000000000e-01 1.5625000000000000e-02 0
9.2187500000000000e-01 3.7500000000000000e-01 1.5625000000000000e-02 0
9.3750000000000000e-01 3.7500000000000000e-01 1.5625000000000000e-02 0
9.5312500000000000e-01 3.7500000000000000e-01 1.5625000000000000e-02 0
9.6875000000000000e-01 3.7500000000000000e-01 1.5625000000000000e-02 0
9.8437500000000000e-01 3.7500000000000000e-01 1.5625000000000000e-02 0
1.5625000000000000e-02 3.5937500000000000e-01 1.5625000000000000e-02 0
3.1250000000000000e-02 3.5937500000000000e-01 1.5625000000000000e-02 0
4.6875000000000000e-02 3.5937500000000000e-01 1.5625000000000000e-02 0
6.2500000000000000e-02 3.5937500000000000e-01 1.5625000000000000e-02 0
7.8125000000000000e-02 3.5937500000000000e-01 1.5625000000000000e-02 0
9.3750000000000000e-02 3.5937500000000000e-01 1.5625000000000000e-02 0
1.0937500000000000e-01 3.5937500000000000e-01 1.5625000000000000e-02 0
1.2500000000000000e-01 3.5937500000000000e-01 1.5625000000000000e-02 0
1.4062500000000000e-01 3.5937500000000000e-01 1.5625000000000000e-02 0
1.5625000000000000e-01 3.5937500000000000e-01 1.5625000000000000e-02 0
1.7187500000000000e-01 3.5937500000000000e-01 1.5625000000000000e-02 0
1.8750000000000000e-01 3.5937500000000000e-01 1.5625000000000000e-02 0
2.0312500000000000e-01 3.5937500000000000e-01 1.5625000000000000e-02 0
2.1875000000000000e-01 3.5937500000000000e-01 1.5625000000000000e-02 0
2.3437500000000000e-01 3.5937500000000000e-01 1.5625000000000000e-02 0
2.5000000000000000e-01 3.5937500000000000e-01 1.5625000000000000e-02 0
2.6562500000000000e-01 3.5937500000000000e-01 1.5625000000000000e-02 0
2.8125000000000000e-01 3.5937500000000000e-01 1.5625000000000000e-02 0
2.9687500000000000e-01 3.5937500000000000e-01 1.5625000000000000e-02 0
3.1250000000000000e-01 3.5937500000000000e-01 1.5625000000000000e-02 0
3.2812500000000000e-01 3.5937500000000000e-01 1.5625000000000000e-02 0
3.4375000000000000e-01 3.5937500000000000e-01 1.5625000000000000e-02 0
3.5937500000000000e-01 3.5937500000000000e-01 1.5625000000000000e-02 0
3.7500000000000000e-01 3.5937500000000000e-01 1.5625000000000000e-02 0
3.9062500000000000e-01 3.5937500000000000e-01 1.5625000000000000e-02 0
4.0625000000000000e-01 3.5937500000000000e-01 1.5625000000000000e-02 0
4.2187500000000000e-01 3.5937500000000000e-01 1.5625000000000000e-02 0
4.3750000000000000e-01 3.5937500000000000e-01 1.5625000000000000e-02 0
4.5312500000000000e-01 3.5937500000000000e-01 1.5625000000000000e-02 0
4.6875000000000000e-01 3.5937500000000000e-01 1.5625000000000000e-02 0
4.8437500000000000e-01 3.5937500000000000e-01 1.5625000000000000e-02 0
5.0000000000000000e-01 3.5937500000000000e-01 1.5625000000000000e-02 0
5.1562500000000000e-01 3.5937500000000000e-01 1.5625000000000000e-02 0
5.3125000000000000e-01 3.5937500000000000e-01 1.5625000000000000e-02 0
5.4687500000000000e-01 3.5937500000000000e-01 1.5625000000000000e-02 0
5.6250000000000000e-01 3.5937500000000000e-01 1.5625000000000000e-02 0
5.7812500000000000e-01 3.5937500000000000e-01 1.5625000000000000e-02 0
5.9375000000000000e-01 3.5937500000000000e-01 1.5625000000000000e-02 0
6.0937500000000000e-01 3.5937500000000000e-01 1.5625000000000000e-02 0
6.2500000000000000e-01 3.5937500000000000e-01 1.5625000000000000e-02 0
6.4062500000000000e-01 3.5937500000000000e-01 1.5625000000000000e-02 0
6.5625000000000000e-01 3.5937500000000000e-01 1.5625000000000000e-02 0
6.7187500000000000e-01 3.5937500000000000e-01 1.5625000000000000e-02 0
6.8750000000000000e-01 3.5937500000000000e-01 1.5625000000000000e-02 0
7.0312500000000000e-01 3.5937500000000000e-01 1.5625000000000000e-02 0
7.1875000000000000e-01 3.5937500000000000e-01 1.5625000000000000e-02 0
7.3437500000000000e-01 3.5937500000000000e-01 1.5625000000000000e-02 0
7.5000000000000000e-01 3.5937500000000000e-01 1.5625000000000000e-02 0
7.6562500000000000e-01 3.5937500000000000e-01 1.5625000000000000e-02 0
7.8125000000000000e-01 3.5937500000000000e-01 1.5625000000000000e-02 0
7.9687500000000000e-01 3.5937500000000000e-01 1.5625000000000000e-02 0
8.1250000000000000e-01 3.5937500000000000e-01 1.5625000000000000e-02 0
8.2812500000000000e-01 3.5937500000000000e-01 1.5625000000000000e-02 0
8.4375000000000000e-01 3.5937500000000000e-01 1.5625000000000000e-02 0
8.5937500000000000e-01 3.5937500000000000e-01 1.5625000000000000e-02 0
8.7500000000000000e-01 3.5937500000000000e-01 1.5625000000000000e-02 0
8.9062500000000000e-01 3.5937500000000000e-01 1.5625000000000000e-02 0
9.0625000000000000e-01 3.5937500000000000e-01 1.5625000000000000e-02 0
9.2187500000000000e-01 3.5937500000000000e-01 1.5625000000000000e-02 0
9.3750000000000000e-01 3.5937500000000000e-01 1.5625000000000000e-02 0
9.5312500000000000e-01 3.5937500000000000e-01 1.5625000000000000e-02 0
9.6875000000000000e-01 3.5937500000000000e-01 1.5625000000000000e-02 0
9.8437500000000000e-01 3.5937500000000000e-01 1.5625000000000000e-02 0
1.5625000000000000e-02 3.4375000000000000e-01 1.5625000000000000e-02 0
3.1250000000000000e-02 3.4375000000000000e-01 1.5625000000000000e-02 0
4.6875000000000000e-02 3.4375000000000000e-01 1.5625000000000000e-02 0
6.2500000000000000e-02 3.4375000000000000e-01 1.5625000000000000e-02 0
7.8125000000000000e-02 3.4375000000000000e-01 1.5625000000000000e-02 0
9.3750000000000000e-02 3.4375000000000000e-01 1.5625000000000000e-02 0
1.0937500000000000e-01 3.4375000000000000e-01 1.5625000000000000e-02 0
1.2500000000000000e-01 3.4375000000000000e-01 1.5625000000000000e-02 0
1.4062500000000000e-01 3.4375000000000000e-01 1.5625000000000000e-02 0
1.5625000000000000e-01 3.4375000000000000e-01 1.5625000000000000e-02 0
1.7187500000000000e-01 3.4375000000000000e-01 1.5625000000000000e-02 0
1.8750000000000000e-01 3.4375000000000000e-01 1.5625000000000000e-02 0
2.0312500000000000e-01 3.4375000000000000e-01 1.5625000000000000e-02 0
2.1875000000000000e-01 3.4375000000000000e-01 1.5625000000000000e-02 0
2.3437500000000000e-01 3.4375000000000000e-01 1.5625000000000000e-02 0
2.5000000000000000e-01 3.4375000000000000e-01 1.5625000000000000e-02 0
2.6562500000000000e-01 3.4375000000000000e-01 1.5625000000000000e-02 0
2.8125000000000000e-01 3.4375000000000000e-01 1.5625000000000000e-02 0
2.9687500000000000e-01 3.4375000000000000e-01 1.5625000000000000e-02 0
3.1250000000000000e-01 3.4375000000000000e-01 1.5625000000000000e-02 0
3.2812500000000000e-01 3.4375000000000000e-01 1.5625000000000000e-02 0
3.4375000000000000e-01 3.4375000000000000e-01 1.5625000000000000e-02 0
3.5937500000000000e-01 3.4375000000000000e-01 1.5625000000000000e-02 0
3.7500000000000000e-01 3.4375000000000000e-01 1.5625000000000000e-02 0
3.9062500000000000e-01 3.4375000000000000e-01 1.5625000000000000e-02 0
4.0625000000000000e-01 3.4375000000000000e-01 1.5625000000000000e-02 0
4.2187500000000000e-01 3.4375000000000000e-01 1.5625000000000000e-02 0
4.3750000000000000e-01 3.4375000000000000e-01 1.5625000000000000e-02 0
4.5312500000000000e-01 3.4375000000000000e-01 1.5625000000000000e-02 0
4.6875000000000000e-01 3.4375000000000000e-01 1.5625000000000000e-02 0
4.8437500000000000e-01 3.4375000000000000e-01 1.5625000000000000e-02 0
5.0000000000000000e-01 3.4375000000000000e-01 1.5625000000000000e-02 0
5.1562500000000000e-01 3.4375000000000000e-01 1.5625000000000000e-02 0
5.3125000000000000e-01 3.4375000000000000e-01 1.5625000000000000e-02 0
5.4687500000000000e-01 3.4375000000000000e-01 1.5625000000000000e-02 0
5.6250000000000000e-01 3.4375000000000000e-01 1.5625000000000000e-02 0
5.7812500000000000e-01 3.4375000000000000e-01 1.5625000000000000e-02 0
5.9375000000000000e-01 3.4375000000000000e-01 1.5625000000000000e-02 0
6.0937500000000000e-01 3.4375000000000000e-01 1.5625000000000000e-02 0
6.2500000000000000e-01 3.4375000000000000e-01 1.5625000000000000e-02 0
6.4062500000000000e-01 3.4375000000000000e-01 1.5625000000000000e-02 0
6.5625000000000000e-01 3.4375000000000000e-01 1.5625000000000000e-02 0
6.7187500000000000e-01 3.4375000000000000e-01 1.5625000000000000e-02 0
6.8750000000000000e-01 3.4375000000000000e-01 1.5625000000000000e-02 0
7.0312500000000000e-01 3.4375000000000000e-01 1.5625000000000000e-02 0
7.1875000000000000e-01 3.4375000000000000e-01 1.5625000000000000e-02 0
7.3437500000000000e-01 3.4375000000000000e-01 1.5625000000000000e-02 0
7.5000000000000000e-01 3.4375000000000000e-01 1.5625000000000000e-02 0
7.6562500000000000e-01 3.4375000000000000e-01 1.5625000000000000e-02 0
7.8125000000000000e-01 3.4375000000000000e-01 1.5625000000000000e-02 0
7.9687500000000000e-01 3.4375000000000000e-01 1.5625000000000000e-02 0
8.1250000000000000e-01 3.4375000000000000e-01 1.5625000000000000e-02 0
8.2812500000000000e-01 3.4375000000000000e-01 1.5625000000000000e-02 0
8.4375000000000000e-01 3.4375000000000000e-01 1.5625000000000000e-02 0
8.5937500000000000e-01 3.4375000000000000e-01 1.5625000000000000e-02 0
8.7500000000000000e-01 3.4375000000000000e-01 1.5625000000000000e-02 0
8.9062500000000000e-01 3.4375000000000000e-01 1.5625000000000000e-02 0
9.0625000000000000e-01 3.4375000000000000e-01 1.5625000000000000e-02 0
9.2187500000000000e-01 3.4375000000000000e-01 1.5625000000000000e-02 0
9.3750000000000000e-01 3.4375000000000000e-01 1.5625000000000000e-02 0
9.5312500000000000e-01 3.4375000000000000e-01 1.5625000000000000e-02 0
9.6875000000000000e-01 3.4375000000000000e-01 1.5625000000000000e-02 0
9.8437500000000000e-01 3.4375000000000000e-01 1.5625000000000000e-02 0
1.5625000000000000e-02 3.2812500000000000e-01 1.5625000000000000e-02 0
3.1250000000000000e-02 3.2812500000000000e-01 1.5625000000000000e-02 0
4.6875000000000000e-02 3.2812500000000000e-01 1.5625000000000000e-02 0
6.2500000000000000e-02 3.2812500000000000e-01 1.5625000000000000e-02 0
7.8125000000000000e-02 3.2812500000000000e-01 1.5625000000000000e-02 0
9.3750000000000000e-02 3.2812500000000000e-01 1.5625000000000000e-02 0
1.0937500000000000e-01 3.2812500000000000e-01 1.5625000000000000e-02 0
1.2500000000000000e-01 3.2812500000000000e-01 1.5625000000000000e-02 0
1.4062500000000000e-01 3.2812500000000000e-01 1.5625000000000000e-02 0
1.5625000000000000e-01 3.2812500000000000e-01 1.5625000000000000e-02 0
1.7187500000000000e-01 3.2812500000000000e-01 1.5625000000000000e-02 0
1.8750000000000000e-01 3.2812500000000000e-01 1.5625000000000000e-02 0
2.0312500000000000e-01 3.2812500000000000e-01 1.5625000000000000e-02 0
2.1875000000000000e-01 3.2812500000000000e-01 1.5625000000000000e-02 0
2.3437500000000000e-01 3.2812500000000000e-01 1.5625000000000000e-02 0
2.5000000000000000e-01 3.2812500000000000e-01 1.5625000000000000e-02 0
2.6562500000000000e-01 3.2812500000000000e-01 1.5625000000000000e-02 0
2.8125000000000000e-01 3.2812500000000000e-01 1.5625000000000000e-02 0
2.9687500000000000e-01 3.2812500000000000e-01 1.5625000000000000e-02 0
3.1250000000000000e-01 3.2812500000000000e-01 1.5625000000000000e-02 0
3.2812500000000000e-01 3.2812500000000000e-01 1.5625000000000000e-02 0
3.4375000000000000e-01 3.2812500000000000e-01 1.5625000000000000e-02 0
3.5937500000000000e-01 3.2812500000000000e-01 1.5625000000000000e-02 0
3.7500000000000000e-01 3.2812500000000000e-01 1.5625000000000000e-02 0
3.9062500000000000e-01 3.2812500000000000e-01 1.5625000000000000e-02 0
4.0625000000000000e-01 3.2812500000000000e-01 1.5625000000000000e-02 0
4.2187500000000000e-01 3.2812500000000000e-01 1.5625000000000000e-02 0
4.3750000000000000e-01 3.2812500000000000e-01 1.5625000000000000e-02 0
4.5312500000000000e-01 3.2812500000000000e-01 1.5625000000000000e-02 0
4.6875000000000000e-01 3.2812500000000000e-01 1.5625000000000000e-02 0
4.8437500000000000e-01 3.2812500000000000e-01 1.5625000000000000e-02 0
5.0000000000000000e-01 3.2812500000000000e-01 1.5625000000000000e-02 0
5.1562500000000000e-01 3.2812500000000000e-01 1.5625000000000000e-02 0
5.3125000000000000e-01 3.2812500000000000e-01 1.5625000000000000e-02 0
5.4687500000000000e-01 3.2812500000000000e-01 1.5625000000000000e-02 0
5.6250000000000000e-01 3.2812500000000000e-01 1.5625000000000000e-02 0
5.7812500000000000e-01 3.2812500000000000e-01 1.5625000000000000e-02 0
5.9375000000000000e-01 3.2812500000000000e-01 1.5625000000000000e-02 0
6.0937500000000000e-01 3.2812500000000000e-01 1.5625000000000000e-02 0
6.2500000000000000e-01 3.2812500000000000e-01 1.5625000000000000e-02 0
6.4062500000000000e-01 3.2812500000000000e-01 1.5625000000000000e-02 0
6.5625000000000000e-01 3.2812500000000000e-01 1.5625000000000000e-02 0
6.7187500000000000e-01 3.2812500000000000e-01 1.5625000000000000e-02 0
6.8750000000000000e-01 3.2812500000000000e-01 1.5625000000000000e-02 0
7.0312500000000000e-01 3.2812500000000000e-01 1.5625000000000000e-02 0
7.1875000000000000e-01 3.2812500000000000e-01 1.5625000000000000e-02 0
7.3437500000000000e-01 3.2812500000000000e-01 1.5625000000000000e-02 0
7.5000000000000000e-01 3.2812500000000000e-01 1.5625000000000000e-02 0
7.6562500000000000e-01 3.2812500000000000e-01 1.5625000000000000e-02 0
7.8125000000000000e-01 3.2812500000000000e-01 1.5625000000000000e-02 0
7.9687500000000000e-01 3.2812500000000000e-01 1.5625000000000000e-02 0
8.1250000000000000e-01 3.2812500000000000e-01 1.5625000000000000e-02 0
8.2812500000000000e-01 3.2812500000000000e-01 1.5625000000000000e-02 0
8.4375000000000000e-01 3.2812500000000000e-01 1.5625000000000000e-02 0
8.5937500000000000e-01 3.2812500000000000e-01 1.5625000000000000e-02 0
8.7500000000000000e-01 3.2812500000000000e-01 1.5625000000000000e-02 0
8.9062500000000000e-01 3.2812500000000000e-01 1.5625000000000000e-02 0
9.0625000000000000e-01 3.2812500000000000e-01 1.5625000000000000e-02 0
9.2187500000000000e-01 3.2812500000000000e-01 1.5625000000000000e-02 0
9.3750000000000000e-01 3.2812500000000000e-01 1.5625000000000000e-02 0
9.5312500000000000e-01 3.2812500000000000e-01 1.5625000000000000e-02 0
9.6875000000000000e-01 3.2812500000000000e-01 1.5625000000000000e-02 0
9.8437500000000000e-01 3.2812500000000000e-01 1.5625000000000000e-02 0
1.5625000000000000e-02 3.1250000000000000e-01 1.5625000000000000e-02 0
3.1250000000000000e-02 3.1250000000000000e-01 1.5625000000000000e-02 0
4.6875000000000000e-02 3.1250000000000000e-01 1.5625000000000000e-02 0
6.2500000000000000e-02 3.1250000000000000e-01 1.5625000000000000e-02 0
7.8125000000000000e-02 3.1250000000000000e-01 1.5625000000000000e-02 0
9.3750000000000000e-02 3.1250000000000000e-01 1.5625000000000000e-02 0
1.0937500000000000e-01 3.1250000000000000e-01 1.5625000000000000e-02 0
1.2500000000000000e-01 3.1250000000000000e-01 1.5625000000000000e-02 0
1.4062500000000000e-01 3.1250000000000000e-01 1.5625000000000000e-02 0
1.5625000000000000e-01 3.1250000000000000e-01 1.5625000000000000e-02 0
1.7187500000000000e-01 3.1250000000000000e-01 1.5625000000000000e-02 0
1.8750000000000000e-01 3.1250000000000000e-01 1.5625000000000000e-02 0
2.0312500000000000e-01 3.1250000000000000e-01 1.5625000000000000e-02 0
2.1875000000000000e-01 3.1250000000000000e-01 1.5625000000000000e-02 0
2.3437500000000000e-01 3.1250000000000000e-01 1.5625000000000000e-02 0
2.5000000000000000e-01 3.1250000000000000e-01 1.5625000000000000e-02 0
2.6562500000000000e-01 3.1250000000000000e-01 1.5625000000000000e-02 0
2.8125000000000000e-01 3.1250000000000000e-01 1.5625000000000000e-02 0
2.9687500000000000e-01 3.1250000000000000e-01 1.5625000000000000e-02 0
3.1250000000000000e-01 3.1250000000000000e-01 1.5625000000000000e-02 0
3.2812500000000000e-01 3.1250000000000000e-01 1.5625000000000000e-02 0
3.4375000000000000e-01 3.1250000000000000e-01 1.5625000000000000e-02 0
3.5937500000000000e-01 3.1250000000000000e-01 1.5625000000000000e-02 0
3.7500000000000000e-01 3.1250000000000000e-01 1.5625000000000000e-02 0
3.9062500000000000e-01 3.1250000000000000e-01 1.5625000000000000e-02 0
4.0625000000000000e-01 3.1250000000000000e-01 1.5625000000000000e-02 0
4.2187500000000000e-01 3.1250000000000000e-01 1.5625000000000000e-02 0
4.3750000000000000e-01 3.1250000000000000e-01 1.5625000000000000e-02 0
4.5312500000000000e-01 3.1250000000000000e-01 1.5625000000000000e-02 0
4.6875000000000000e-01 3.1250000000000000e-01 1.5625000000000000e-02 0
4.8437500000000000e-01 3.1250000000000000e-01 1.5625000000000000e-02 0
5.0000000000000000e-01 3.1250000000000000e-01 1.5625000000000000e-02 0
5.1562500000000000e-01 3.1250000000000000e-01 1.5625000000000000e-02 0
5.3125000000000000e-01 3.1250000000000000e-01 1.5625000000000000e-02 0
5.4687500000000000e-01 3.1250000000000000e-01 1.5625000000000000e-02 0
5.6250000000000000e-01 3.1250000000000000e-01 1.5625000000000000e-02 0
5.7812500000000000e-01 3.1250000000000000e-01 1.5625000000000000e-02 0
5.9375000000000000e-01 3.1250000000000000e-01 1.5625000000000000e-02 0
6.0937500000000000e-01 3.1250000000000000e-01 1.5625000000000000e-02 0
6.2500000000000000e-01 3.1250000000000000e-01 1.5625000000000000e-02 0
6.4062500000000000e-01 3.1250000000000000e-01 1.5625000000000000e-02 0
6.5625000000000000e-01 3.1250000000000000e-01 1.5625000000000000e-02 0
6.7187500000000000e-01 3.1250000000000000e-01 1.5625000000000000e-02 0
6.8750000000000000e-01 3.1250000000000000e-01 1.5625000000000000e-02 0
7.0312500000000000e-01 3.1250000000000000e-01 1.5625000000000000e-02 0
7.1875000000000000e-01 3.1250000000000000e-01 1.5625000000000000e-02 0
7.3437500000000000e-01 3.1250000000000000e-01 1.5625000000000000e-02 0
7.5000000000000000e-01 3.1250000000000000e-01 1.5625000000000000e-02 0
7.6562500000000000e-01 3.1250000000000000e-01 1.5625000000000000e-02 0
7.8125000000000000e-01 3.1250000000000000e-01 1.5625000000000000e-02 0
7.9687500000000000e-01 3.1250000000000000e-01 1.5625000000000000e-02 0
8.1250000000000000e-01 3.1250000000000000e-01 1.5625000000000000e-02 0
8.2812500000000000e-01 3.1250000000000000e-01 1.5625000000000000e-02 0
8.4375000000000000e-01 3.1250000000000000e-01 1.5625000000000000e-02 0
8.5937500000000000e-01 3.1250000000000000e-01 1.5625000000000000e-02 0
8.7500000000000000e-01 3.1250000000000000e-01 1.5625000000000000e-02 0
8.9062500000000000e-01 3.1250000000000000e-01 1.5625000000000000e-02 0
9.0625000000000000e-01 3.1250000000000000e-01 1.5625000000000000e-02 0
9.2187500000000000e-01 3.1250000000000000e-01 1.5625000000000000e-02 0
9.3750000000000000e-01 3.1250000000000000e-01 1.5625000000000000e-02 0
9.5312500000000000e-01 3.1250000000000000e-01 1.5625000000000000e-02 0
9.6875000000000000e-01 3.1250000000000000e-01 1.5625000000000000e-02 0
9.8437500000000000e-01 3.1250000000000000e-01 1.5625000000000000e-02 0
1.5625000000000000e-02 2.9687500000000000e-01 1.5625000000000000e-02 0
3.1250000000000000e-02 2.9687500000000000e-01 1.5625000000000000e-02 0
4.6875000000000000e-02 2.9687500000000000e-01 1.5625000000000000e-02 0
6.2500000000000000e-02 2.9687500000000000e-01 1.5625000000000000e-02 0
7.8125000000000000e-02 2.9687500000000000e-01 1.5625000000000000e-02 0
9.3750000000000000e-02 2.9687500000000000e-01 1.5625000000000000e-02 0
1.0937500000000000e-01 2.9687500000000000e-01 1.5625000000000000e-02 0
1.2500000000000000e-01 2.9687500000000000e-01 1.5625000000000000e-02 0
1.4062500000000000e-01 2.9687500000000000e-01 1.5625000000000000e-02 0
1.5625000000000000e-01 2.9687500000000000e-01 1.5625000000000000e-02 0
1.7187500000000000e-01 2.9687500000000000e-01 1.5625000000000000e-02 0
1.8750000000000000e-01 2.9687500000000000e-01 1.5625000000000000e-02 0
2.0312500000000000e-01 2.9687500000000000e-01 1.5625000000000000e-02 0
2.1875000000000000e-01 2.9687500000000000e-01 1.5625000000000000e-02 0
2.3437500000000000e-01 2.9687500000000000e-01 1.5625000000000000e-02 0
2.5000000000000000e-01 2.9687500000000000e-01 1.5625000000000000e-02 0
2.6562500000000000e-01 2.9687500000000000e-01 1.5625000000000000e-02 0
2.8125000000000000e-01 2.9687500000000000e-01 1.5625000000000000e-02 0
2.9687500000000000e-01 2.9687500000000000e-01 1.5625000000000000e-02 0
3.1250000000000000e-01 2.9687500000000000e-01 1.5625000000000000e-02 0
3.2812500000000000e-01 2.9687500000000000e-01 1.5625000000000000e-02 0
3.4375000000000000e-01 2.9687500000000000e-01 1.5625000000000000e-02 0
3.5937500000000000e-01 2.9687500000000000e-01 1.5625000000000000e-02 0
3.7500000000000000e-01 2.9687500000000000e-01 1.5625000000000000e-02 0
3.9062500000000000e-01 2.9687500000000000e-01 1.5625000000000000e-02 0
4.0625000000000000e-01 2.9687500000000000e-01 1.5625000000000000e-02 0
4.2187500000000000e-01 2.9687500000000000e-01 1.5625000000000000e-02 0
4.3750000000000000e-01 2.9687500000000000e-01 1.5625000000000000e-02 0
4.5312500000000000e-01 2.9687500000000000e-01 1.5625000000000000e-02 0
4.6875000000000000e-01 2.9687500000000000e-01 1.5625000000000000e-02 0
4.8437500000000000e-01 2.9687500000000000e-01 1.5625000000000000e-02 0
5.0000000000000000e-01 2.9687500000000000e-01 1.5625000000000000e-02 0
5.1562500000000000e-01 2.9687500000000000e-01 1.5625000000000000e-02 0
5.3125000000000000e-01 2.9687500000000000e-01 1.5625000000000000e-02 0
5.4687500000000000e-01 2.9687500000000000e-01 1.5625000000000000e-02 0
5.6250000000000000e-01 2.9687500000000000e-01 1.5625000000000000e-02 0
5.7812500000000000e-01 2.9687500000000000e-01 1.5625000000000000e-02 0
5.9375000000000000e-01 2.9687500000000000e-01 1.5625000000000000e-02 0
6.0937500000000000e-01 2.9687500000000000e-01 1.5625000000000000e-02 0
6.2500000000000000e-01 2.9687500000000000e-01 1.5625000000000000e-02 0
6.4062500000000000e-01 2.9687500000000000e-01 1.5625000000000000e-02 0
6.5625000000000000e-01 2.9687500000000000e-01 1.5625000000000000e-02 0
6.7187500000000000e-01 2.9687500000000000e-01 1.5625000000000000e-02 0
6.8750000000000000e-01 2.9687500000000000e-01 1.5625000000000000e-02 0
7.0312500000000000e-01 2.9687500000000000e-01 1.5625000000000000e-02 0
7.1875000000000000e-01 2.9687500000000000e-01 1.5625000000000000e-02 0
7.3437500000000000e-01 2.9687500000000000e-01 1.5625000000000000e-02 0
7.5000000000000000e-01 2.9687500000000000e-01 1.5625000000000000e-02 0
7.6562500000000000e-01 2.9687500000000000e-01 1.5625000000000000e-02 0
7.8125000000000000e-01 2.9687500000000000e-01 1.5625000000000000e-02 0
7.9687500000000000e-01 2.9687500000000000e-01 1.5625000000000000e-02 0
8.1250000000000000e-01 2.9687500000000000e-01 1.5625000000000000e-02 0
8.2812500000000000e-01 2.9687500000000000e-01 1.5625000000000000e-02 0
8.4375000000000000e-01 2.9687500000000000e-01 1.5625000000000000e-02 0
8.5937500000000000e-01 2.9687500000000000e-01 1.5625000000000000e-02 0
8.7500000000000000e-01 2.9687500000000000e-01 1.5625000000000000e-02 0
8.9062500000000000e-01 2.9687500000000000e-01 1.5625000000000000e-02 0
9.0625000000000000e-01 2.9687500000000000e-01 1.5625000000000000e-02 0
9.2187500000000000e-01 2.9687500000000000e-01 1.5625000000000000e-02 0
9.3750000000000000e-01 2.9687500000000000e-01 1.5625000000000000e-02 0
9.5312500000000000e-01 2.9687500000000000e-01 1.5625000000000000e-02 0
9.6875000000000000e-01 2.9687500000000000e-01 1.5625000000000000e-02 0
9.8437500000000000e-01 2.9687500000000000e-01 1.5625000000000000e-02 0
1.5625000000000000e-02 2.8125000000000000e-01 1.5625000000000000e-02 0
3.1250000000000000e-02 2.8125000000000000e-01 1.5625000000000000e-02 0
4.6875000000000000e-02 2.8125000000000000e-01 1.5625000000000000e-02 0
6.2500000000000000e-02 2.8125000000000000e-01 1.5625000000000000e-02 0
7.8125000000000000e-02 2.8125000000000000e-01 1.5625000000000000e-02 0
9.3750000000000000e-02 2.8125000000000000e-01 1.5625000000000000e-02 0
1.0937500000000000e-01 2.8125000000000000e-01 1.5625000000000000e-02 0
1.2500000000000000e-01 2.8125000000000000e-01 1.5625000000000000e-02 0
1.4062500000000000e-01 2.8125000000000000e-01 1.5625000000000000e-02 0
1.5625000000000000e-01 2.8125000000000000e-01 1.5625000000000000e-02 0
1.7187500000000000e-01 2.8125000000000000e-01 1.5625000000000000e-02 0
1.8750000000000000e-01 2.8125000000000000e-01 1.5625000000000000e-02 0
2.0312500000000000e-01 2.8125000000000000e-01 1.5625000000000000e-02 0
2.1875000000000000e-01 2.8125000000000000e-01 1.5625000000000000e-02 0
2.3437500000000000e-01 2.8125000000000000e-01 1.5625000000000000e-02 0
2.5000000000000000e-01 2.8125000000000000e-01 1.5625000000000000e-02 0
2.6562500000000000e-01 2.8125000000000000e-01 1.5625000000000000e-02 0
2.8125000000000000e-01 2.8125000000000000e-01 1.5625000000000000e-02 0
2.9687500000000000e-01 2.8125000000000000e-01 1.5625000000000000e-02 0
3.1250000000000000e-01 2.8125000000000000e-01 1.5625000000000000e-02 0
3.2812500000000000e-01 2.8125000000000000e-01 1.5625000000000000e-02 0
3.4375000000000000e-01 2.8125000000000000e-01 1.5625000000000000e-02 0
3.5937500000000000e-01 2.8125000000000000e-01 1.5625000000000000e-02 0
3.7500000000000000e-01 2.8125000000000000e-01 1.5625000000000000e-02 0
3.9062500000000000e-01 2.8125000000000000e-01 1.5625000000000000e-02 0
4.0625000000000000e-01 2.8125000000000000e-01 1.5625000000000000e-02 0
4.2187500000000000e-01 2.8125000000000000e-01 1.5625000000000000e-02 0
4.3750000000000000e-01 2.8125000000000000e-01 1.5625000000000000e-02 0
4.5312500000000000e-01 2.8125000000000000e-01 1.5625000000000000e-02 0
4.6875000000000000e-01 2.8125000000000000e-01 1.5625000000000000e-02 0
4.8437500000000000e-01 2.8125000000000000e-01 1.5625000000000000e-02 0
5.0000000000000000e-01 2.8125000000000000e-01 1.5625000000000000e-02 0
5.1562500000000000e-01 2.8125000000000000e-01 1.5625000000000000e-02 0
5.3125000000000000e-01 2.8125000000000000e-01 1.5625000000000000e-02 0
5.4687500000000000e-01 2.8125000000000000e-01 1.5625000000000000e-02 0
5.6250000000000000e-01 2.8125000000000000e-01 1.5625000000000000e-02 0
5.7812500000000000e-01 2.8125000000000000e-01 1.5625000000000000e-02 0
5.9375000000000000e-01 2.8125000000000000e-01 1.5625000000000000e-02 0
6.0937500000000000e-01 2.8125000000000000e-01 1.5625000000000000e-02 0
6.2500000000000000e-01 2.8125000000000000e-01 1.5625000000000000e-02 0
6.4062500000000000e-01 2.8125000000000000e-01 1.5625000000000000e-02 0
6.5625000000000000e-01 2.8125000000000000e-01 1.5625000000000000e-02 0
6.7187500000000000e-01 2.8125000000000000e-01 1.5625000000000000e-02 0
6.8750000000000000e-01 2.8125000000000000e-01 1.5625000000000000e-02 0
7.0312500000000000e-01 2.8125000000000000e-01 1.5625000000000000e-02 0
7.1875000000000000e-01 2.8125000000000000e-01 1.5625000000000000e-02 0
7.3437500000000000e-01 2.8125000000000000e-01 1.5625000000000000e-02 0
7.5000000000000000e-01 2.8125000000000000e-01 1.5625000000000000e-02 0
7.6562500000000000e-01 2.8125000000000000e-01 1.5625000000000000e-02 0
7.8125000000000000e-01 2.8125000000000000e-01 1.5625000000000000e-02 0
7.9687500000000000e-01 2.8125000000000000e-01 1.5625000000000000e-02 0
8.1250000000000000e-01 2.8125000000000000e-01 1.5625000000000000e-02 0
8.2812500000000000e-01 2.8125000000000000e-01 1.5625000000000000e-02 0
8.4375000000000000e-01 2.8125000000000000e-01 1.5625000000000000e-02 0
8.5937500000000000e-01 2.8125000000000000e-01 1.5625000000000000e-02 0
8.7500000000000000e-01 2.8125000000000000e-01 1.5625000000000000e-02 0
8.9062500000000000e-01 2.8125000000000000e-01 1.5625000000000000e-02 0
9.0625000000000000e-01 2.8125000000000000e-01 1.5625000000000000e-02 0
9.2187500000000000e-01 2.8125000000000000e-01 1.5625000000000000e-02 0
9.3750000000000000e-01 2.8125000000000000e-01 1.5625000000000000e-02 0
9.5312500000000000e-01 2.8125000000000000e-01 1.5625000000000000e-02 0
9.6875000000000000e-01 2.8125000000000000e-01 1.5625000000000000e-02 0
9.8437500000000000e-01 2.8125000000000000e-01 1.5625000000000000e-02 0
1.5625000000000000e-02 2.6562500000000000e-01 1.5625000000000000e-02 0
3.1250000000000000e-02 2.6562500000000000e-01 1.5625000000000000e-02 0
4.6875000000000000e-02 2.6562500000000000e-01 1.5625000000000000e-02 0
6.2500000000000000e-02 2.6562500000000000e-01 1.5625000000000000e-02 0
7.8125000000000000e-02 2.6562500000000000e-01 1.5625000000000000e-02 0
9.3750000000000000e-02 2.6562500000000000e-01 1.5625000000000000e-02 0
1.0937500000000000e-01 2.6562500000000000e-01 1.5625000000000000e-02 0
1.2500000000000000e-01 2.6562500000000000e-01 1.5625000000000000e-02 0
1.4062500000000000e-01 2.6562500000000000e-01 1.5625000000000000e-02 0
1.5625000000000000e-01 2.6562500000000000e-01 1.5625000000000000e-02 0
1.7187500000000000e-01 2.6562500000000000e-01 1.5625000000000000e-02 0
1.8750000000000000e-01 2.6562500000000000e-01 1.5625000000000000e-02 0
2.0312500000000000e-01 2.6562500000000000e-01 1.5625000000000000e-02 0
2.1875000000000000e-01 2.6562500000000000e-01 1.5625000000000000e-02 0
2.3437500000000000e-01 2.6562500000000000e-01 1.5625000000000000e-02 0
2.5000000000000000e-01 2.6562500000000000e-01 1.5625000000000000e-02 0
2.6562500000000000e-01 2.6562500000000000e-01 1.5625000000000000e-02 0
2.8125000000000000e-01 2.6562500000000000e-01 1.5625000000000000e-02 0
2.9687500000000000e-01 2.6562500000000000e-01 1.5625000000000000e-02 0
3.1250000000000000e-01 2.6562500000000000e-01 1.5625000000000000e-02 0
3.2812500000000000e-01 2.6562500000000000e-01 1.5625000000000000e-02 0
3.4375000000000000e-01 2.6562500000000000e-01 1.5625000000000000e-02 0
3.5937500000000000e-01 2.6562500000000000e-01 1.5625000000000000e-02 0
3.7500000000000000e-01 2.6562500000000000e-01 1.5625000000000000e-02 0
3.9062500000000000e-01 2.6562500000000000e-01 1.5625000000000000e-02 0
4.0625000000000000e-01 2.6562500000000000e-01 1.5625000000000000e-02 0
4.2187500000000000e-01 2.6562500000000000e-01 1.5625000000000000e-02 0
4.3750000000000000e-01 2.6562500000000000e-01 1.5625000000000000e-02 0
4.5312500000000000e-01 2.6562500000000000e-01 1.5625000000000000e-02 0
4.6875000000000000e-01 2.6562500000000000e-01 1.5625000000000000e-02 0
4.8437500000000000e-01 2.6562500000000000e-01 1.5625000000000000e-02 0
5.0000000000000000e-01 2.6562500000000000e-01 1.5625000000000000e-02 0
5.1562500000000000e-01 2.6562500000000000e-01 1.5625000000000000e-02 0
5.3125000000000000e-01 2.6562500000000000e-01 1.5625000000000000e-02 0
5.4687500000000000e-01 2.6562500000000000e-01 1.5625000000000000e-02 0
5.6250000000000000e-01 2.6562500000000000e-01 1.5625000000000000e-02 0
5.7812500000000000e-01 2.6562500000000000e-01 1.5625000000000000e-02 0
5.9375000000000000e-01 2.6562500000000000e-01 1.5625000000000000e-02 0
6.0937500000000000e-01 2.6562500000000000e-01 1.5625000000000000e-02 0
6.2500000000000000e-01 2.6562500000000000e-01 1.5625000000000000e-02 0
6.4062500000000000e-01 2.6562500000000000e-01 1.5625000000000000e-02 0
6.5625000000000000e-01 2.6562500000000000e-01 1.5625000000000000e-02 0
6.7187500000000000e-01 2.6562500000000000e-01 1.5625000000000000e-02 0
6.8750000000000000e-01 2.6562500000000000e-01 1.5625000000000000e-02 0
7.0312500000000000e-01 2.6562500000000000e-01 1.5625000000000000e-02 0
7.1875000000000000e-01 2.6562500000000000e-01 1.5625000000000000e-02 0
7.3437500000000000e-01 2.6562500000000000e-01 1.5625000000000000e-02 0
7.5000000000000000e-01 2.6562500000000000e-01 1.5625000000000000e-02 0
7.6562500000000000e-01 2.6562500000000000e-01 1.5625000000000000e-02 0
7.8125000000000000e-01 2.6562500000000000e-01 1.5625000000000000e-02 0
7.9687500000000000e-01 2.6562500000000000e-01 1.5625000000000000e-02 0
8.1250000000000000e-01 2.6562500000000000e-01 1.5625000000000000e-02 0
8.2812500000000000e-01 2.6562500000000000e-01 1.5625000000000000e-02 0
8.4375000000000000e-01 2.6562500000000000e-01 1.5625000000000000e-02 0
8.5937500000000000e-01 2.6562500000000000e-01 1.5625000000000000e-02 0
8.7500000000000000e-01 2.6562500000000000e-01 1.5625000000000000e-02 0
8.9062500000000000e-01 2.6562500000000000e-01 1.5625000000000000e-02 0
9.0625000000000000e-01 2.6562500000000000e-01 1.5625000000000000e-02 0
9.2187500000000000e-01 2.6562500000000000e-01 1.5625000000000000e-02 0
9.3750000000000000e-01 2.6562500000000000e-01 1.5625000000000000e-02 0
9.5312500000000000e-01 2.6562500000000000e-01 1.5625000000000000e-02 0
9.6875000000000000e-01 2.6562500000000000e-01 1.5625000000000000e-02 0
9.8437500000000000e-01 2.6562500000000000e-01 1.5625000000000000e-02 0
1.5625000000000000e-02 2.5000000000000000e-01 1.5625000000000000e-02 0
3.1250000000000000e-02 2.5000000000000000e-01 1.5625000000000000e-02 0
4.6875000000000000e-02 2.5000000000000000e-01 1.5625000000000000e-02 0
6.2500000000000000e-02 2.5000000000000000e-01 1.5625000000000000e-02 0
7.8125000000000000e-02 2.5000000000000000e-01 1.5625000000000000e-02 0
9.3750000000000000e-02 2.5000000000000000e-01 1.5625000000000000e-02 0
1.0937500000000000e-01 2.5000000000000000e-01 1.5625000000000000e-02 0
1.2500000000000000e-01 2.5000000000000000e-01 1.5625000000000000e-02 0
1.4062500000000000e-01 2.5000000000000000e-01 1.5625000000000000e-02 0
1.5625000000000000e-01 2.5000000000000000e-01 1.5625000000000000e-02 0
1.7187500000000000e-01 2.5000000000000000e-01 1.5625000000000000e-02 0
1.8750000000000000e-01 2.5000000000000000e-01 1.5625000000000000e-02 0
2.0312500000000000e-01 2.5000000000000000e-01 1.5625000000000000e-02 0
2.1875000000000000e-01 2.5000000000000000e-01 1.5625000000000000e-02 0
2.3437500000000000e-01 2.5000000000000000e-01 1.5625000000000000e-02 0
2.5000000000000000e-01 2.5000000000000000e-01 1.5625000000000000e-02 0
2.6562500000000000e-01 2.5000000000000000e-01 1.5625000000000000e-02 0
2.8125000000000000e-01 2.5000000000000000e-01 1.5625000000000000e-02 0
2.9687500000000000e-01 2.5000000000000000e-01 1.5625000000000000e-02 0
3.1250000000000000e-01 2.5000000000000000e-01 1.5625000000000000e-02 0
3.2812500000000000e-01 2.5000000000000000e-01 1.5625000000000000e-02 0
3.4375000000000000e-01 2.5000000000000000e-01 1.5625000000000000e-02 0
3.5937500000000000e-01 2.5000000000000000e-01 1.5625000000000000e-02 0
3.7500000000000000e-01 2.5000000000000000e-01 1.5625000000000000e-02 0
3.9062500000000000e-01 2.5000000000000000e-01 1.5625000000000000e-02 0
4.0625000000000000e-01 2.5000000000000000e-01 1.5625000000000000e-02 0
4.2187500000000000e-01 2.5000000000000000e-01 1.5625000000000000e-02 0
4.3750000000000000e-01 2.5000000000000000e-01 1.5625000000000000e-02 0
4.5312500000000000e-01 2.5000000000000000e-01 1.5625000000000000e-02 0
4.6875000000000000e-01 2.5000000000000000e-01 1.5625000000000000e-02 0
4.8437500000000000e-01 2.5000000000000000e-01 1.5625000000000000e-02 0
5.0000000000000000e-01 2.5000000000000000e-01 1.5625000000000000e-02 0
5.1562500000000000e-01 2.5000000000000000e-01 1.5625000000000000e-02 0
5.3125000000000000e-01 2.5000000000000000e-01 1.5625000000000000e-02 0
5.4687500000000000e-01 2.5000000000000000e-01 1.5625000000000000e-02 0
5.6250000000000000e-01 2.5000000000000000e-01 1.5625000000000000e-02 0
5.7812500000000000e-01 2.5000000000000000e-01 1.5625000000000000e-02 0
5.9375000000000000e-01 2.5000000000000000e-01 1.5625000000000000e-02 0
6.0937500000000000e-01 2.5000000000000000e-01 1.5625000000000000e-02 0
6.2500000000000000e-01 2.5000000000000000e-01 1.5625000000000000e-02 0
6.4062500000000000e-01 2.5000000000000000e-01 1.5625000000000000e-02 0
6.5625000000000000e-01 2.5000000000000000e-01 1.5625000000000000e-02 0
6.7187500000000000e-01 2.5000000000000000e-01 1.5625000000000000e-02 0
6.8750000000000000e-01 2.5000000000000000e-01 1.5625000000000000e-02 0
7.0312500000000000e-01 2.5000000000000000e-01 1.5625000000000000e-02 0
7.1875000000000000e-01 2.5000000000000000e-01 1.5625000000000000e-02 0
7.3437500000000000e-01 2.5000000000000000e-01 1.5625000000000000e-02 0
7.5000000000000000e-01 2.5000000000000000e-01 1.5625000000000000e-02 0
7.6562500000000000e-01 2.5000000000000000e-01 1.5625000000000000e-02 0
7.8125000000000000e-01 2.5000000000000000e-01 1.5625000000000000e-02 0
7.9687500000000000e-01 2.5000000000000000e-01 1.5625000000000000e-02 0
8.1250000000000000e-01 2.5000000000000000e-01 1.5625000000000000e-02 0
8.2812500000000000e-01 2.5000000000000000e-01 1.5625000000000000e-02 0
8.4375000000000000e-01 2.5000000000000000e-01 1.5625000000000000e-02 0
8.5937500000000000e-01 2.5000000000000000e-01 1.5625000000000000e-02 0
8.7500000000000000e-01 2.5000000000000000e-01 1.5625000000000000e-02 0
8.9062500000000000e-01 2.5000000000000000e-01 1.5625000000000000e-02 0
9.0625000000000000e-01 2.5000000000000000e-01 1.5625000000000000e-02 0
9.2187500000000000e-01 2.5000000000000000e-01 1.5625000000000000e-02 0
9.3750000000000000e-01 2.5000000000000000e-01 1.5625000000000000e-02 0
9.5312500000000000e-01 2.5000000000000000e-01 1.5625000000000000e-02 0
9.6875000000000000e-01 2.5000000000000000e-01 1.5625000000000000e-02 0
9.8437500000000000e-01 2.5000000000000000e-01 1.5625000000000000e-02 0
1.5625000000000000e-02 2.3437500000000000e-01 1.5625000000000000e-02 0
3.1250000000000000e-02 2.3437500000000000e-01 1.5625000000000000e-02 0
4.6875000000000000e-02 2.3437500000000000e-01 1.5625000000000000e-02 0
6.2500000000000000e-02 2.3437500000000000e-01 1.5625000000000000e-02 0
7.8125000000000000e-02 2.3437500000000000e-01 1.5625000000000000e-02 0
9.3750000000000000e-02 2.3437500000000000e-01 1.5625000000000000e-02 0
1.0937500000000000e-01 2.3437500000000000e-01 1.5625000000000000e-02 0
1.2500000000000000e-01 2.3437500000000000e-01 1.5625000000000000e-02 0
1.4062500000000000e-01 2.3437500000000000e-01 1.5625000000000000e-02 0
1.5625000000000000e-01 2.3437500000000000e-01 1.5625000000000000e-02 0
1.7187500000000000e-01 2.3437500000000000e-01 1.5625000000000000e-02 0
1.8750000000000000e-01 2.3437500000000000e-01 1.5625000000000000e-02 0
2.0312500000000000e-01 2.3437500000000000e-01 1.5625000000000000e-02 0
2.1875000000000000e-01 2.3437500000000000e-01 1.5625000000000000e-02 0
2.3437500000000000e-01 2.3437500000000000e-01 1.5625000000000000e-02 0
2.5000000000000000e-01 2.3437500000000000e-01 1.5625000000000000e-02 0
2.6562500000000000e-01 2.3437500000000000e-01 1.5625000000000000e-02 0
2.8125000000000000e-01 2.3437500000000000e-01 1.5625000000000000e-02 0
2.9687500000000000e-01 2.3437500000000000e-01 1.5625000000000000e-02 0
3.1250000000000000e-01 2.3437500000000000e-01 1.5625000000000000e-02 0
3.2812500000000000e-01 2.3437500000000000e-01 1.5625000000000000e-02 0
3.4375000000000000e-01 2.3437500000000000e-01 1.5625000000000000e-02 0
3.5937500000000000e-01 2.3437500000000000e-01 1.5625000000000000e-02 0
3.7500000000000000e-01 2.3437500000000000e-01 1.5625000000000000e-02 0
3.9062500000000000e-01 2.3437500000000000e-01 1.5625000000000000e-02 0
4.0625000000000000e-01 2.3437500000000000e-01 1.5625000000000000e-02 0
4.2187500000000000e-01 2.3437500000000000e-01 1.5625000000000000e-02 0
4.3750000000000000e-01 2.3437500000000000e-01 1.5625000000000000e-02 0
4.5312500000000000e-01 2.3437500000000000e-01 1.5625000000000000e-02 0
4.6875000000000000e-01 2.3437500000000000e-01 1.5625000000000000e-02 0
4.8437500000000000e-01 2.3437500000000000e-01 1.5625000000000000e-02 0
5.0000000000000000e-01 2.3437500000000000e-01 1.5625000000000000e-02 0
5.1562500000000000e-01 2.3437500000000000e-01 1.5625000000000000e-02 0
5.3125000000000000e-01 2.3437500000000000e-01 1.5625000000000000e-02 0
5.4687500000000000e-01 2.3437500000000000e-01 1.5625000000000000e-02 0
5.6250000000000000e-01 2.3437500000000000e-01 1.5625000000000000e-02 0
5.7812500000000000e-01 2.3437500000000000e-01 1.5625000000000000e-02 0
5.9375000000000000e-01 2.3437500000000000e-01 1.5625000000000000e-02 0
6.0937500000000000e-01 2.3437500000000000e-01 1.5625000000000000e-02 0
6.2500000000000000e-01 2.3437500000000000e-01 1.5625000000000000e-02 0
6.4062500000000000e-01 2.3437500000000000e-01 1.5625000000000000e-02 0
6.5625000000000000e-01 2.3437500000000000e-01 1.5625000000000000e-02 0
6.7187500000000000e-01 2.3437500000000000e-01 1.5625000000000000e-02 0
6.8750000000000000e-01 2.3437500000000000e-01 1.5625000000000000e-02 0
7.0312500000000000e-01 2.3437500000000000e-01 1.5625000000000000e-02 0
7.1875000000000000e-01 2.3437500000000000e-01 1.5625000000000000e-02 0
7.3437500000000000e-01 2.3437500000000000e-01 1.5625000000000000e-02 0
7.5000000000000000e-01 2.3437500000000000e-01 1.5625000000000000e-02 0
7.6562500000000000e-01 2.3437500000000000e-01 1.5625000000000000e-02 0
7.8125000000000000e-01 2.3437500000000000e-01 1.5625000000000000e-02 0
7.9687500000000000e-01 2.3437500000000000e-01 1.5625000000000000e-02 0
8.1250000000000000e-01 2.3437500000000000e-01 1.5625000000000000e-02 0
8.2812500000000000e-01 2.3437500000000000e-01 1.5625000000000000e-02 0
8.4375000000000000e-01 2.3437500000000000e-01 1.5625000000000000e-02 0
8.5937500000000000e-01 2.3437500000000000e-01 1.5625000000000000e-02 0
8.7500000000000000e-01 2.3437500000000000e-01 1.5625000000000000e-02 0
8.9062500000000000e-01 2.3437500000000000e-01 1.5625000000000000e-02 0
9.0625000000000000e-01 2.3437500000000000e-01 1.5625000000000000e-02 0
9.2187500000000000e-01 2.3437500000000000e-01 1.5625000000000000e-02 0
9.3750000000000000e-01 2.3437500000000000e-01 1.5625000000000000e-02 0
9.5312500000000000e-01 2.3437500000000000e-01 1.5625000000000000e-02 0
9.6875000000000000e-01 2.3437500000000000e-01 1.5625000000000000e-02 0
9.8437500000000000e-01 2.3437500000000000e-01 1.5625000000000000e-02 0
1.5625000000000000e-02 2.1875000000000000e-01 1.5625000000000000e-02 0
3.1250000000000000e-02 2.1875000000000000e-01 1.5625000000000000e-02 0
4.6875000000000000e-02 2.1875000000000000e-01 1.5625000000000000e-02 0
6.2500000000000000e-02 2.1875000000000000e-01 1.5625000000000000e-02 0
7.8125000000000000e-02 2.1875000000000000e-01 1.5625000000000000e-02 0
9.3750000000000000e-02 2.1875000000000000e-01 1.5625000000000000e-02 0
1.0937500000000000e-01 2.1875000000000000e-01 1.5625000000000000e-02 0
1.2500000000000000e-01 2.1875000000000000e-01 1.5625000000000000e-02 0
1.4062500000000000e-01 2.1875000000000000e-01 1.5625000000000000e-02 0
1.5625000000000000e-01 2.1875000000000000e-01 1.5625000000000000e-02 0
1.7187500000000000e-01 2.1875000000000000e-01 1.5625000000000000e-02 0
1.8750000000000000e-01 2.1875000000000000e-01 1.5625000000000000e-02 0
2.0312500000000000e-01 2.1875000000000000e-01 1.5625000000000000e-02 0
2.1875000000000000e-01 2.1875000000000000e-01 1.5625000000000000e-02 0
2.3437500000000000e-01 2.1875000000000000e-01 1.5625000000000000e-02 0
2.5000000000000000e-01 2.1875000000000000e-01 1.5625000000000000e-02 0
2.6562500000000000e-01 2.1875000000000000e-01 1.5625000000000000e-02 0
2.8125000000000000e-01 2.1875000000000000e-01 1.5625000000000000e-02 0
2.9687500000000000e-01 2.1875000000000000e-01 1.5625000000000000e-02 0
3.1250000000000000e-01 2.1875000000000000e-01 1.5625000000000000e-02 0
3.2812500000000000e-01 2.1875000000000000e-01 1.5625000000000000e-02 0
3.4375000000000000e-01 2.1875000000000000e-01 1.5625000000000000e-02 0
3.5937500000000000e-01 2.1875000000000000e-01 1.5625000000000000e-02 0
3.7500000000000000e-01 2.1875000000000000e-01 1.5625000000000000e-02 0
3.9062500000000000e-01 2.1875000000000000e-01 1.5625000000000000e-02 0
4.0625000000000000e-01 2.1875000000000000e-01 1.5625000000000000e-02 0
4.2187500000000000e-01 2.1875000000000000e-01 1.5625000000000000e-02 0
4.3750000000000000e-01 2.1875000000000000e-01 1.5625000000000000e-02 0
4.5312500000000000e-01 2.1875000000000000e-01 1.5625000000000000e-02 0
4.6875000000000000e-01 2.1875000000000000e-01 1.5625000000000000e-02 0
4.8437500000000000e-01 2.1875000000000000e-01 1.5625000000000000e-02 0
5.0000000000000000e-01 2.1875000000000000e-01 1.5625000000000000e-02 0
5.1562500000000000e-01 2.1875000000000000e-01 1.5625000000000000e-02 0
5.3125000000000000e-01 2.1875000000000000e-01 1.5625000000000000e-02 0
5.4687500000000000e-01 2.1875000000000000e-01 1.5625000000000000e-02 0
5.6250000000000000e-01 2.1875000000000000e-01 1.5625000000000000e-02 0
5.7812500000000000e-01 2.1875000000000000e-01 1.5625000000000000e-02 0
5.9375000000000000e-01 2.1875000000000000e-01 1.5625000000000000e-02 0
6.0937500000000000e-01 2.1875000000000000e-01 1.5625000000000000e-02 0
6.2500000000000000e-01 2.1875000000000000e-01 1.5625000000000000e-02 0
6.4062500000000000e-01 2.1875000000000000e-01 1.5625000000000000e-02 0
6.5625000000000000e-01 2.1875000000000000e-01 1.5625000000000000e-02 0
6.7187500000000000e-01 2.1875000000000000e-01 1.5625000000000000e-02 0
6.8750000000000000e-01 2.1875000000000000e-01 1.5625000000000000e-02 0
7.0312500000000000e-01 2.1875000000000000e-01 1.5625000000000000e-02 0
7.1875000000000000e-01 2.1875000000000000e-01 1.5625000000000000e-02 0
7.3437500000000000e-01 2.1875000000000000e-01 1.5625000000000000e-02 0
7.5000000000000000e-01 2.1875000000000000e-01 1.5625000000000000e-02 0
7.6562500000000000e-01 2.1875000000000000e-01 1.5625000000000000e-02 0
7.8125000000000000e-01 2.1875000000000000e-01 1.5625000000000000e-02 0
7.9687500000000000e-01 2.1875000000000000e-01 1.5625000000000000e-02 0
8.1250000000000000e-01 2.1875000000000000e-01 1.5625000000000000e-02 0
8.2812500000000000e-01 2.1875000000000000e-01 1.5625000000000000e-02 0
8.4375000000000000e-01 2.1875000000000000e-01 1.5625000000000000e-02 0
8.5937500000000000e-01 2.1875000000000000e-01 1.5625000000000000e-02 0
8.7500000000000000e-01 2.1875000000000000e-01 1.5625000000000000e-02 0
8.9062500000000000e-01 2.1875000000000000e-01 1.5625000000000000e-02 0
9.0625000000000000e-01 2.1875000000000000e-01 1.5625000000000000e-02 0
9.2187500000000000e-01 2.1875000000000000e-01 1.5625000000000000e-02 0
9.3750000000000000e-01 2.1875000000000000e-01 1.5625000000000000e-02 0
9.5312500000000000e-01 2.1875000000000000e-01 1.5625000000000000e-02 0
9.6875000000000000e-01 2.1875000000000000e-01 1.5625000000000000e-02 0
9.8437500000000000e-01 2.1875000000000000e-01 1.5625000000000000e-02 0
1.5625000000000000e-02 2.0312500000000000e-01 1.5625000000000000e-02 0
3.1250000000000000e-02 2.0312500000000000e-01 1.5625000000000000e-02 0
4.6875000000000000e-02 2.0312500000000000e-01 1.5625000000000000e-02 0
6.2500000000000000e-02 2.0312500000000000e-01 1.5625000000000000e-02 0
7.8125000000000000e-02 2.0312500000000000e-01 1.5625000000000000e-02 0
9.3750000000000000e-02 2.0312500000000000e-01 1.5625000000000000e-02 0
1.0937500000000000e-01 2.0312500000000000e-01 1.5625000000000000e-02 0
1.2500000000000000e-01 2.0312500000000000e-01 1.5625000000000000e-02 0
1.4062500000000000e-01 2.0312500000000000e-01 1.5625000000000000e-02 0
1.5625000000000000e-01 2.0312500000000000e-01 1.5625000000000000e-02 0
1.7187500000000000e-01 2.0312500000000000e-01 1.5625000000000000e-02 0
1.8750000000000000e-01 2.0312500000000000e-01 1.5625000000000000e-02 0
2.0312500000000000e-01 2.0312500000000000e-01 1.5625000000000000e-02 0
2.1875000000000000e-01 2.0312500000000000e-01 1.5625000000000000e-02 0
2.3437500000000000e-01 2.0312500000000000e-01 1.5625000000000000e-02 0
2.5000000000000000e-01 2.0312500000000000e-01 1.5625000000000000e-02 0
2.6562500000000000e-01 2.0312500000000000e-01 1.5625000000000000e-02 0
2.8125000000000000e-01 2.0312500000000000e-01 1.5625000000000000e-02 0
2.9687500000000000e-01 2.0312500000000000e-01 1.5625000000000000e-02 0
3.1250000000000000e-01 2.0312500000000000e-01 1.5625000000000000e-02 0
3.2812500000000000e-01 2.0312500000000000e-01 1.5625000000000000e-02 0
3.4375000000000000e-01 2.0312500000000000e-01 1.5625000000000000e-02 0
3.5937500000000000e-01 2.0312500000000000e-01 1.5625000000000000e-02 0
3.7500000000000000e-01 2.0312500000000000e-01 1.5625000000000000e-02 0
3.9062500000000000e-01 2.0312500000000000e-01 1.5625000000000000e-02 0
4.0625000000000000e-01 2.0312500000000000e-01 1.5625000000000000e-02 0
4.2187500000000000e-01 2.0312500000000000e-01 1.5625000000000000e-02 0
4.3750000000000000e-01 2.0312500000000000e-01 1.5625000000000000e-02 0
4.5312500000000000e-01 2.0312500000000000e-01 1.5625000000000000e-02 0
4.6875000000000000e-01 2.0312500000000000e-01 1.5625000000000000e-02 0
4.8437500000000000e-01 2.0312500000000000e-01 1.5625000000000000e-02 0
5.0000000000000000e-01 2.0312500000000000e-01 1.5625000000000000e-02 0
5.1562500000000000e-01 2.0312500000000000e-01 1.5625000000000000e-02 0
5.3125000000000000e-01 2.0312500000000000e-01 1.5625000000000000e-02 0
5.4687500000000000e-01 2.0312500000000000e-01 1.5625000000000000e-02 0
5.6250000000000000e-01 2.0312500000000000e-01 1.5625000000000000e-02 0
5.7812500000000000e-01 2.0312500000000000e-01 1.5625000000000000e-02 0
5.9375000000000000e-01 2.0312500000000000e-01 1.5625000000000000e-02 0
6.0937500000000000e-01 2.0312500000000000e-01 1.5625000000000000e-02 0
6.2500000000000000e-01 2.0312500000000000e-01 1.5625000000000000e-02 0
6.4062500000000000e-01 2.0312500000000000e-01 1.5625000000000000e-02 0
6.5625000000000000e-01 2.0312500000000000e-01 1.5625000000000000e-02 0
6.7187500000000000e-01 2.0312500000000000e-01 1.5625000000000000e-02 0
6.8750000000000000e-01 2.0312500000000000e-01 1.5625000000000000e-02 0
7.0312500000000000e-01 2.0312500000000000e-01 1.5625000000000000e-02 0
7.1875000000000000e-01 2.0312500000000000e-01 1.5625000000000000e-02 0
7.3437500000000000e-01 2.0312500000000000e-01 1.5625000000000000e-02 0
7.5000000000000000e-01 2.0312500000000000e-01 1.5625000000000000e-02 0
7.6562500000000000e-01 2.0312500000000000e-01 1.5625000000000000e-02 0
7.8125000000000000e-01 2.0312500000000000e-01 1.5625000000000000e-02 0
7.9687500000000000e-01 2.0312500000000000e-01 1.5625000000000000e-02 0
8.1250000000000000e-01 2.0312500000000000e-01 1.5625000000000000e-02 0
8.2812500000000000e-01 2.0312500000000000e-01 1.5625000000000000e-02 0
8.4375000000000000e-01 2.0312500000000000e-01 1.5625000000000000e-02 0
8.5937500000000000e-01 2.0312500000000000e-01 1.5625000000000000e-02 0
8.7500000000000000e-01 2.0312500000000000e-01 1.5625000000000000e-02 0
8.9062500000000000e-01 2.0312500000000000e-01 1.5625000000000000e-02 0
9.0625000000000000e-01 2.0312500000000000e-01 1.5625000000000000e-02 0
9.2187500000000000e-01 2.0312500000000000e-01 1.5625000000000000e-02 0
9.3750000000000000e-01 2.0312500000000000e-01 1.5625000000000000e-02 0
9.5312500000000000e-01 2.0312500000000000e-01 1.5625000000000000e-02 0
9.6875000000000000e-01 2.0312500000000000e-01 1.5625000000000000e-02 0
9.8437500000000000e-01 2.0312500000000000e-01 1.5625000000000000e-02 0
1.5625000000000000e-02 1.8750000000000000e-01 1.5625000000000000e-02 0
3.1250000000000000e-02 1.8750000000000000e-01 1.5625000000000000e-02 0
4.6875000000000000e-02 1.8750000000000000e-01 1.5625000000000000e-02 0
6.2500000000000000e-02 1.8750000000000000e-01 1.5625000000000000e-02 0
7.8125000000000000e-02 1.8750000000000000e-01 1.5625000000000000e-02 0
9.3750000000000000e-02 1.8750000000000000e-01 1.5625000000000000e-02 0
1.0937500000000000e-01 1.8750000000000000e-01 1.5625000000000000e-02 0
1.2500000000000000e-01 1.8750000000000000e-01 1.5625000000000000e-02 0
1.4062500000000000e-01 1.8750000000000000e-01 1.5625000000000000e-02 0
1.5625000000000000e-01 1.8750000000000000e-01 1.5625000000000000e-02 0
1.7187500000000000e-01 1.8750000000000000e-01 1.5625000000000000e-02 0
1.8750000000000000e-01 1.8750000000000000e-01 1.5625000000000000e-02 0
2.0312500000000000e-01 1.8750000000000000e-01 1.5625000000000000e-02 0
2.1875000000000000e-01 1.8750000000000000e-01 1.5625000000000000e-02 0
2.3437500000000000e-01 1.8750000000000000e-01 1.5625000000000000e-02 0
2.5000000000000000e-01 1.8750000000000000e-01 1.5625000000000000e-02 0
2.6562500000000000e-01 1.8750000000000000e-01 1.5625000000000000e-02 0
2.8125000000000000e-01 1.8750000000000000e-01 1.5625000000000000e-02 0
2.9687500000000000e-01 1.8750000000000000e-01 1.5625000000000000e-02 0
3.1250000000000000e-01 1.8750000000000000e-01 1.5625000000000000e-02 0
3.2812500000000000e-01 1.8750000000000000e-01 1.5625000000000000e-02 0
3.4375000000000000e-01 1.8750000000000000e-01 1.5625000000000000e-02 0
3.5937500000000000e-01 1.8750000000000000e-01 1.5625000000000000e-02 0
3.7500000000000000e-01 1.8750000000000000e-01 1.5625000000000000e-02 0
3.9062500000000000e-01 1.8750000000000000e-01 1.5625000000000000e-02 0
4.0625000000000000e-01 1.8750000000000000e-01 1.5625000000000000e-02 0
4.2187500000000000e-01 1.8750000000000000e-01 1.5625000000000000e-02 0
4.3750000000000000e-01 1.8750000000000000e-01 1.5625000000000000e-02 0
4.5312500000000000e-01 1.8750000000000000e-01 1.5625000000000000e-02 0
4.6875000000000000e-01 1.8750000000000000e-01 1.5625000000000000e-02 0
4.8437500000000000e-01 1.8750000000000000e-01 1.5625000000000000e-02 0
5.0000000000000000e-01 1.8750000000000000e-01 1.5625000000000000e-02 0
5.1562500000000000e-01 1.8750000000000000e-01 1.5625000000000000e-02 0
5.3125000000000000e-01 1.8750000000000000e-01 1.5625000000000000e-02 0
5.4687500000000000e-01 1.8750000000000000e-01 1.5625000000000000e-02 0
5.6250000000000000e-01 1.8750000000000000e-01 1.5625000000000000e-02 0
5.7812500000000000e-01 1.8750000000000000e-01 1.5625000000000000e-02 0
5.9375000000000000e-01 1.8750000000000000e-01 1.5625000000000000e-02 0
6.0937500000000000e-01 1.8750000000000000e-01 1.5625000000000000e-02 0
6.2500000000000000e-01 1.8750000000000000e-01 1.5625000000000000e-02 0
6.4062500000000000e-01 1.8750000000000000e-01 1.5625000000000000e-02 0
6.5625000000000000e-01 1.8750000000000000e-01 1.5625000000000000e-02 0
6.7187500000000000e-01 1.8750000000000000e-01 1.5625000000000000e-02 0
6.8750000000000000e-01 1.8750000000000000e-01 1.5625000000000000e-02 0
7.0312500000000000e-01 1.8750000000000000e-01 1.5625000000000000e-02 0
7.1875000000000000e-01 1.8750000000000000e-01 1.5625000000000000e-02 0
7.3437500000000000e-01 1.8750000000000000e-01 1.5625000000000000e-02 0
7.5000000000000000e-01 1.8750000000000000e-01 1.5625000000000000e-02 0
7.6562500000000000e-01 1.8750000000000000e-01 1.5625000000000000e-02 0
7.8125000000000000e-01 1.8750000000000000e-01 1.5625000000000000e-02 0
7.9687500000000000e-01 1.8750000000000000e-01 1.5625000000000000e-02 0
8.1250000000000000e-01 1.8750000000000000e-01 1.5625000000000000e-02 0
8.2812500000000000e-01 1.8750000000000000e-01 1.5625000000000000e-02 0
8.4375000000000000e-01 1.8750000000000000e-01 1.5625000000000000e-02 0
8.5937500000000000e-01 1.8750000000000000e-01 1.5625000000000000e-02 0
8.7500000000000000e-01 1.8750000000000000e-01 1.5625000000000000e-02 0
8.9062500000000000e-01 1.8750000000000000e-01 1.5625000000000000e-02 0
9.0625000000000000e-01 1.8750000000000000e-01 1.5625000000000000e-02 0
9.2187500000000000e-01 1.8750000000000000e-01 1.5625000000000000e-02 0
9.3750000000000000e-01 1.8750000000000000e-01 1.5625000000000000e-02 0
9.5312500000000000e-01 1.8750000000000000e-01 1.5625000000000000e-02 0
9.6875000000000000e-01 1.8750000000000000e-01 1.5625000000000000e-02 0
9.8437500000000000e-01 1.8750000000000000e-01 1.5625000000000000e-02 0
1.5625000000000000e-02 1.7187500000000000e-01 1.5625000000000000e-02 0
3.1250000000000000e-02 1.7187500000000000e-01 1.5625000000000000e-02 0
4.6875000000000000e-02 1.7187500000000000e-01 1.5625000000000000e-02 0
6.2500000000000000e-02 1.7187500000000000e-01 1.5625000000000000e-02 0
7.8125000000000000e-02 1.7187500000000000e-01 1.5625000000000000e-02 0
9.3750000000000000e-02 1.7187500000000000e-01 1.5625000000000000e-02 0
1.0937500000000000e-01 1.7187500000000000e-01 1.5625000000000000e-02 0
1.2500000000000000e-01 1.7187500000000000e-01 1.5625000000000000e-02 0
1.4062500000000000e-01 1.7187500000000000e-01 1.5625000000000000e-02 0
1.5625000000000000e-01 1.7187500000000000e-01 1.5625000000000000e-02 0
1.7187500000000000e-01 1.7187500000000000e-01 1.5625000000000000e-02 0
1.8750000000000000e-01 1.7187500000000000e-01 1.5625000000000000e-02 0
2.0312500000000000e-01 1.7187500000000000e-01 1.5625000000000000e-02 0
2.1875000000000000e-01 1.7187500000000000e-01 1.5625000000000000e-02 0
2.3437500000000000e-01 1.7187500000000000e-01 1.5625000000000000e-02 0
2.5000000000000000e-01 1.7187500000000000e-01 1.5625000000000000e-02 0
2.6562500000000000e-01 1.7187500000000000e-01 1.5625000000000000e-02 0
2.8125000000000000e-01 1.7187500000000000e-01 1.5625000000000000e-02 0
2.9687500000000000e-01 1.7187500000000000e-01 1.5625000000000000e-02 0
3.1250000000000000e-01 1.7187500000000000e-01 1.5625000000000000e-02 0
3.2812500000000000e-01 1.7187500000000000e-01 1.5625000000000000e-02 0
3.4375000000000000e-01 1.7187500000000000e-01 1.5625000000000000e-02 0
3.5937500000000000e-01 1.7187500000000000e-01 1.5625000000000000e-02 0
3.7500000000000000e-01 1.7187500000000000e-01 1.5625000000000000e-02 0
3.9062500000000000e-01 1.7187500000000000e-01 1.5625000000000000e-02 0
4.0625000000000000e-01 1.7187500000000000e-01 1.5625000000000000e-02 0
4.2187500000000000e-01 1.7187500000000000e-01 1.5625000000000000e-02 0
4.3750000000000000e-01 1.7187500000000000e-01 1.5625000000000000e-02 0
4.5312500000000000e-01 1.7187500000000000e-01 1.5625000000000000e-02 0
4.6875000000000000e-01 1.7187500000000000e-01 1.5625000000000000e-02 0
4.8437500000000000e-01 1.7187500000000000e-01 1.5625000000000000e-02 0
5.0000000000000000e-01 1.7187500000000000e-01 1.5625000000000000e-02 0
5.1562500000000000e-01 1.7187500000000000e-01 1.5625000000000000e-02 0
5.3125000000000000e-01 1.7187500000000000e-01 1.5625000000000000e-02 0
5.4687500000000000e-01 1.7187500000000000e-01 1.5625000000000000e-02 0
5.6250000000000000e-01 1.7187500000000000e-01 1.5625000000000000e-02 0
5.7812500000000000e-01 1.7187500000000000e-01 1.5625000000000000e-02 0
5.9375000000000000e-01 1.7187500000000000e-01 1.5625000000000000e-02 0
6.0937500000000000e-01 1.7187500000000000e-01 1.5625000000000000e-02 0
6.2500000000000000e-01 1.7187500000000000e-01 1.5625000000000000e-02 0
6.4062500000000000e-01 1.7187500000000000e-01 1.5625000000000000e-02 0
6.5625000000000000e-01 1.7187500000000000e-01 1.5625000000000000e-02 0
6.7187500000000000e-01 1.7187500000000000e-01 1.5625000000000000e-02 0
6.8750000000000000e-01 1.7187500000000000e-01 1.5625000000000000e-02 0
7.0312500000000000e-01 1.7187500000000000e-01 1.5625000000000000e-02 0
7.1875000000000000e-01 1.7187500000000000e-01 1.5625000000000000e-02 0
7.3437500000000000e-01 1.7187500000000000e-01 1.5625000000000000e-02 0
7.5000000000000000e-01 1.7187500000000000e-01 1.5625000000000000e-02 0
7.6562500000000000e-01 1.7187500000000000e-01 1.5625000000000000e-02 0
7.8125000000000000e-01 1.7187500000000000e-01 1.5625000000000000e-02 0
7.9687500000000000e-01 1.7187500000000000e-01 1.5625000000000000e-02 0
8.1250000000000000e-01 1.7187500000000000e-01 1.5625000000000000e-02 0
8.2812500000000000e-01 1.7187500000000000e-01 1.5625000000000000e-02 0
8.4375000000000000e-01 1.7187500000000000e-01 1.5625000000000000e-02 0
8.5937500000000000e-01 1.7187500000000000e-01 1.5625000000000000e-02 0
8.7500000000000000e-01 1.7187500000000000e-01 1.5625000000000000e-02 0
8.9062500000000000e-01 1.7187500000000000e-01 1.5625000000000000e-02 0
9.0625000000000000e-01 1.7187500000000000e-01 1.5625000000000000e-02 0
9.2187500000000000e-01 1.7187500000000000e-01 1.5625000000000000e-02 0
9.3750000000000000e-01 1.7187500000000000e-01 1.5625000000000000e-02 0
9.5312500000000000e-01 1.7187500000000000e-01 1.5625000000000000e-02 0
9.6875000000000000e-01 1.7187500000000000e-01 1.5625000000000000e-02 0
9.8437500000000000e-01 1.7187500000000000e-01 1.5625000000000000e-02 0
1.5625000000000000e-02 1.5625000000000000e-01 1.5625000000000000e-02 0
3.1250000000000000e-02 1.5625000000000000e-01 1.5625000000000000e-02 0
4.6875000000000000e-02 1.5625000000000000e-01 1.5625000000000000e-02 0
6.2500000000000000e-02 1.5625000000000000e-01 1.5625000000000000e-02 0
7.8125000000000000e-02 1.5625000000000000e-01 1.5625000000000000e-02 0
9.3750000000000000e-02 1.5625000000000000e-01 1.5625000000000000e-02 0
1.0937500000000000e-01 1.5625000000000000e-01 1.5625000000000000e-02 0
1.2500000000000000e-01 1.5625000000000000e-01 1.5625000000000000e-02 0
1.4062500000000000e-01 1.5625000000000000e-01 1.5625000000000000e-02 0
1.5625000000000000e-01 1.5625000000000000e-01 1.5625000000000000e-02 0
1.7187500000000000e-01 1.5625000000000000e-01 1.5625000000000000e-02 0
1.8750000000000000e-01 1.5625000000000000e-01 1.5625000000000000e-02 0
2.0312500000000000e-01 1.5625000000000000e-01 1.5625000000000000e-02 0
2.1875000000000000e-01 1.5625000000000000e-01 1.5625000000000000e-02 0
2.3437500000000000e-01 1.5625000000000000e-01 1.5625000000000000e-02 0
2.5000000000000000e-01 1.5625000000000000e-01 1.5625000000000000e-02 0
2.6562500000000000e-01 1.5625000000000000e-01 1.5625000000000000e-02 0
2.8125000000000000e-01 1.5625000000000000e-01 1.5625000000000000e-02 0
2.9687500000000000e-01 1.5625000000000000e-01 1.5625000000000000e-02 0
3.1250000000000000e-01 1.5625000000000000e-01 1.5625000000000000e-02 0
3.2812500000000000e-01 1.5625000000000000e-01 1.5625000000000000e-02 0
3.4375000000000000e-01 1.5625000000000000e-01 1.5625000000000000e-02 0
3.5937500000000000e-01 1.5625000000000000e-01 1.5625000000000000e-02 0
3.7500000000000000e-01 1.5625000000000000e-01 1.5625000000000000e-02 0
3.9062500000000000e-01 1.5625000000000000e-01 1.5625000000000000e-02 0
4.0625000000000000e-01 1.5625000000000000e-01 1.5625000000000000e-02 0
4.2187500000000000e-01 1.5625000000000000e-01 1.5625000000000000e-02 0
4.3750000000000000e-01 1.5625000000000000e-01 1.5625000000000000e-02 0
4.5312500000000000e-01 1.5625000000000000e-01 1.5625000000000000e-02 0
4.6875000000000000e-01 1.5625000000000000e-01 1.5625000000000000e-02 0
4.8437500000000000e-01 1.5625000000000000e-01 1.5625000000000000e-02 0
5.0000000000000000e-01 1.5625000000000000e-01 1.5625000000000000e-02 0
5.1562500000000000e-01 1.5625000000000000e-01 1.5625000000000000e-02 0
5.3125000000000000e-01 1.5625000000000000e-01 1.5625000000000000e-02 0
5.4687500000000000e-01 1.5625000000000000e-01 1.5625000000000000e-02 0
5.6250000000000000e-01 1.5625000000000000e-01 1.5625000000000000e-02 0
5.7812500000000000e-01 1.5625000000000000e-01 1.5625000000000000e-02 0
5.9375000000000000e-01 1.5625000000000000e-01 1.5625000000000000e-02 0
6.0937500000000000e-01 1.5625000000000000e-01 1.5625000000000000e-02 0
6.2500000000000000e-01 1.5625000000000000e-01 1.5625000000000000e-02 0
6.4062500000000000e-01 1.5625000000000000e-01 1.5625000000000000e-02 0
6.5625000000000000e-01 1.5625000000000000e-01 1.5625000000000000e-02 0
6.7187500000000000e-01 1.5625000000000000e-01 1.5625000000000000e-02 0
6.8750000000000000e-01 1.5625000000000000e-01 1.5625000000000000e-02 0
7.0312500000000000e-01 1.5625000000000000e-01 1.5625000000000000e-02 0
7.1875000000000000e-01 1.5625000000000000e-01 1.5625000000000000e-02 0
7.3437500000000000e-01 1.5625000000000000e-01 1.5625000000000000e-02 0
7.5000000000000000e-01 1.5625000000000000e-01 1.5625000000000000e-02 0
7.6562500000000000e-01 1.5625000000000000e-01 1.5625000000000000e-02 0
7.8125000000000000e-01 1.5625000000000000e-01 1.5625000000000000e-02 0
7.9687500000000000e-01 1.5625000000000000e-01 1.5625000000000000e-02 0
8.1250000000000000e-01 1.5625000000000000e-01 1.5625000000000000e-02 0
8.2812500000000000e-01 1.5625000000000000e-01 1.5625000000000000e-02 0
8.4375000000000000e-01 1.5625000000000000e-01 1.5625000000000000e-02 0
8.5937500000000000e-01 1.5625000000000000e-01 1.5625000000000000e-02 0
8.7500000000000000e-01 1.5625000000000000e-01 1.5625000000000000e-02 0
8.9062500000000000e-01 1.5625000000000000e-01 1.5625000000000000e-02 0
9.0625000000000000e-01 1.5625000000000000e-01 1.5625000000000000e-02 0
9.2187500000000000e-01 1.5625000000000000e-01 1.5625000000000000e-02 0
9.3750000000000000e-01 1.5625000000000000e-01 1.5625000000000000e-02 0
9.5312500000000000e-01 1.5625000000000000e-01 1.5625000000000000e-02 0
9.6875000000000000e-01 1.5625000000000000e-01 1.5625000000000000e-02 0
9.8437500000000000e-01 1.5625000000000000e-01 1.5625000000000000e-02 0
1.5625000000000000e-02 1.4062500000000000e-01 1.5625000000000000e-02 0
3.1250000000000000e-02 1.4062500000000000e-01 1.5625000000000000e-02 0
4.6875000000000000e-02 1.4062500000000000e-01 1.5625000000000000e-02 0
6.2500000000000000e-02 1.4062500000000000e-01 1.5625000000000000e-02 0
7.8125000000000000e-02 1.4062500000000000e-01 1.5625000000000000e-02 0
9.3750000000000000e-02 1.4062500000000000e-01 1.5625000000000000e-02 0
1.0937500000000000e-01 1.4062500000000000e-01 1.5625000000000000e-02 0
1.2500000000000000e-01 1.4062500000000000e-01 1.5625000000000000e-02 0
1.4062500000000000e-01 1.4062500000000000e-01 1.5625000000000000e-02 0
1.5625000000000000e-01 1.4062500000000000e-01 1.5625000000000000e-02 0
1.7187500000000000e-01 1.4062500000000000e-01 1.5625000000000000e-02 0
1.8750000000000000e-01 1.4062500000000000e-01 1.5625000000000000e-02 0
2.0312500000000000e-01 1.4062500000000000e-01 1.5625000000000000e-02 0
2.1875000000000000e-01 1.4062500000000000e-01 1.5625000000000000e-02 0
2.3437500000000000e-01 1.4062500000000000e-01 1.5625000000000000e-02 0
2.5000000000000000e-01 1.4062500000000000e-01 1.5625000000000000e-02 0
2.6562500000000000e-01 1.4062500000000000e-01 1.5625000000000000e-02 0
2.8125000000000000e-01 1.4062500000000000e-01 1.5625000000000000e-02 0
2.9687500000000000e-01 1.4062500000000000e-01 1.5625000000000000e-02 0
3.1250000000000000e-01 1.4062500000000000e-01 1.5625000000000000e-02 0
3.2812500000000000e-01 1.4062500000000000e-01 1.5625000000000000e-02 0
3.4375000000000000e-01 1.4062500000000000e-01 1.5625000000000000e-02 0
3.5937500000000000e-01 1.4062500000000000e-01 1.5625000000000000e-02 0
3.7500000000000000e-01 1.4062500000000000e-01 1.5625000000000000e-02 0
3.9062500000000000e-01 1.4062500000000000e-01 1.5625000000000000e-02 0
4.0625000000000000e-01 1.4062500000000000e-01 1.5625000000000000e-02 0
4.2187500000000000e-01 1.4062500000000000e-01 1.5625000000000000e-02 0
4.3750000000000000e-01 1.4062500000000000e-01 1.5625000000000000e-02 0
4.5312500000000000e-01 1.4062500000000000e-01 1.5625000000000000e-02 0
4.6875000000000000e-01 1.4062500000000000e-01 1.5625000000000000e-02 0
4.8437500000000000e-01 1.4062500000000000e-01 1.5625000000000000e-02 0
5.0000000000000000e-01 1.4062500000000000e-01 1.5625000000000000e-02 0
5.1562500000000000e-01 1.4062500000000000e-01 1.5625000000000000e-02 0
5.3125000000000000e-01 1.4062500000000000e-01 1.5625000000000000e-02 0
5.4687500000000000e-01 1.4062500000000000e-01 1.5625000000000000e-02 0
5.6250000000000000e-01 1.4062500000000000e-01 1.5625000000000000e-02 0
5.7812500000000000e-01 1.4062500000000000e-01 1.5625000000000000e-02 0
5.9375000000000000e-01 1.4062500000000000e-01 1.5625000000000000e-02 0
6.0937500000000000e-01 1.4062500000000000e-01 1.5625000000000000e-02 0
6.2500000000000000e-01 1.4062500000000000e-01 1.5625000000000000e-02 0
6.4062500000000000e-01 1.4062500000000000e-01 1.5625000000000000e-02 0
6.5625000000000000e-01 1.4062500000000000e-01 1.5625000000000000e-02 0
6.7187500000000000e-01 1.4062500000000000e-01 1.5625000000000000e-02 0
6.8750000000000000e-01 1.4062500000000000e-01 1.5625000000000000e-02 0
7.0312500000000000e-01 1.4062500000000000e-01 1.5625000000000000e-02 0
7.1875000000000000e-01 1.4062500000000000e-01 1.5625000000000000e-02 0
7.3437500000000000e-01 1.4062500000000000e-01 1.5625000000000000e-02 0
7.5000000000000000e-01 1.4062500000000000e-01 1.5625000000000000e-02 0
7.6562500000000000e-01 1.4062500000000000e-01 1.5625000000000000e-02 0
7.8125000000000000e-01 1.4062500000000000e-01 1.5625000000000000e-02 0
7.9687500000000000e-01 1.4062500000000000e-01 1.5625000000000000e-02 0
8.1250000000000000e-01 1.4062500000000000e-01 1.5625000000000000e-02 0
8.2812500000000000e-01 1.4062500000000000e-01 1.5625000000000000e-02 0
8.4375000000000000e-01 1.4062500000000000e-01 1.5625000000000000e-02 0
8.5937500000000000e-01 1.4062500000000000e-01 1.5625000000000000e-02 0
8.7500000000000000e-01 1.4062500000000000e-01 1.5625000000000000e-02 0
8.9062500000000000e-01 1.4062500000000000e-01 1.5625000000000000e-02 0
9.0625000000000000e-01 1.4062500000000000e-01 1.5625000000000000e-02 0
9.2187500000000000e-01 1.4062500000000000e-01 1.5625000000000000e-02 0
9.3750000000000000e-01 1.4062500000000000e-01 1.5625000000000000e-02 0
9.5312500000000000e-01 1.4062500000000000e-01 1.5625000000000000e-02 0
9.6875000000000000e-01 1.4062500000000000e-01 1.5625000000000000e-02 0
9.8437500000000000e-01 1.4062500000000000e-01 1.5625000000000000e-02 0
1.5625000000000000e-02 1.2500000000000000e-01 1.5625000000000000e-02 0
3.1250000000000000e-02 1.2500000000000000e-01 1.5625000000000000e-02 0
4.6875000000000000e-02 1.2500000000000000e-01 1.5625000000000000e-02 0
6.2500000000000000e-02 1.2500000000000000e-01 1.5625000000000000e-02 0
7.8125000000000000e-02 1.2500000000000000e-01 1.5625000000000000e-02 0
9.3750000000000000e-02 1.2500000000000000e-01 1.5625000000000000e-02 0
1.0937500000000000e-01 1.2500000000000000e-01 1.5625000000000000e-02 0
1.2500000000000000e-01 1.2500000000000000e-01 1.5625000000000000e-02 0
1.4062500000000000e-01 1.2500000000000000e-01 1.5625000000000000e-02 0
1.5625000000000000e-01 1.2500000000000000e-01 1.5625000000000000e-02 0
1.7187500000000000e-01 1.2500000000000000e-01 1.5625000000000000e-02 0
1.8750000000000000e-01 1.2500000000000000e-01 1.5625000000000000e-02 0
2.0312500000000000e-01 1.2500000000000000e-01 1.5625000000000000e-02 0
2.1875000000000000e-01 1.2500000000000000e-01 1.5625000000000000e-02 0
2.3437500000000000e-01 1.2500000000000000e-01 1.5625000000000000e-02 0
2.5000000000000000e-01 1.2500000000000000e-01 1.5625000000000000e-02 0
2.6562500000000000e-01 1.2500000000000000e-01 1.5625000000000000e-02 0
2.8125000000000000e-01 1.2500000000000000e-01 1.5625000000000000e-02 0
2.9687500000000000e-01 1.2500000000000000e-01 1.5625000000000000e-02 0
3.1250000000000000e-01 1.2500000000000000e-01 1.5625000000000000e-02 0
3.2812500000000000e-01 1.2500000000000000e-01 1.5625000000000000e-02 0
3.4375000000000000e-01 1.2500000000000000e-01 1.5625000000000000e-02 0
3.5937500000000000e-01 1.2500000000000000e-01 1.5625000000000000e-02 0
3.7500000000000000e-01 1.2500000000000000e-01 1.5625000000000000e-02 0
3.9062500000000000e-01 1.2500000000000000e-01 1.5625000000000000e-02 0
4.0625000000000000e-01 1.2500000000000000e-01 1.5625000000000000e-02 0
4.2187500000000000e-01 1.2500000000000000e-01 1.5625000000000000e-02 0
4.3750000000000000e-01 1.2500000000000000e-01 1.5625000000000000e-02 0
4.5312500000000000e-01 1.2500000000000000e-01 1.5625000000000000e-02 0
4.6875000000000000e-01 1.2500000000000000e-01 1.5625000000000000e-02 0
4.8437500000000000e-01 1.2500000000000000e-01 1.5625000000000000e-02 0
5.0000000000000000e-01 1.2500000000000000e-01 1.5625000000000000e-02 0
5.1562500000000000e-01 1.2500000000000000e-01 1.5625000000000000e-02 0
5.3125000000000000e-01 1.2500000000000000e-01 1.5625000000000000e-02 0
5.4687500000000000e-01 1.2500000000000000e-01 1.5625000000000000e-02 0
5.6250000000000000e-01 1.2500000000000000e-01 1.5625000000000000e-02 0
5.7812500000000000e-01 1.2500000000000000e-01 1.5625000000000000e-02 0
5.9375000000000000e-01 1.2500000000000000e-01 1.5625000000000000e-02 0
6.0937500000000000e-01 1.2500000000000000e-01 1.5625000000000000e-02 0
6.2500000000000000e-01 1.2500000000000000e-01 1.5625000000000000e-02 0
6.4062500000000000e-01 1.2500000000000000e-01 1.5625000000000000e-02 0
6.5625000000000000e-01 1.2500000000000000e-01 1.5625000000000000e-02 0
6.7187500000000000e-01 1.2500000000000000e-01 1.5625000000000000e-02 0
6.8750000000000000e-01 1.2500000000000000e-01 1.5625000000000000e-02 0
7.0312500000000000e-01 1.2500000000000000e-01 1.5625000000000000e-02 0
7.1875000000000000e-01 1.2500000000000000e-01 1.5625000000000000e-02 0
7.3437500000000000e-01 1.2500000000000000e-01 1.5625000000000000e-02 0
7.5000000000000000e-01 1.2500000000000000e-01 1.5625000000000000e-02 0
7.6562500000000000e-01 1.2500000000000000e-01 1.5625000000000000e-02 0
7.8125000000000000e-01 1.2500000000000000e-01 1.5625000000000000e-02 0
7.9687500000000000e-01 1.2500000000000000e-01 1.5625000000000000e-02 0
8.1250000000000000e-01 1.2500000000000000e-01 1.5625000000000000e-02 0
8.2812500000000000e-01 1.2500000000000000e-01 1.5625000000000000e-02 0
8.4375000000000000e-01 1.2500000000000000e-01 1.5625000000000000e-02 0
8.5937500000000000e-01 1.2500000000000000e-01 1.5625000000000000e-02 0
8.7500000000000000e-01 1.2500000000000000e-01 1.5625000000000000e-02 0
8.9062500000000000e-01 1.2500000000000000e-01 1.5625000000000000e-02 0
9.0625000000000000e-01 1.2500000000000000e-01 1.5625000000000000e-02 0
9.2187500000000000e-01 1.2500000000000000e-01 1.5625000000000000e-02 0
9.3750000000000000e-01 1.2500000000000000e-01 1.5625000000000000e-02 0
9.5312500000000000e-01 1.2500000000000000e-01 1.5625000000000000e-02 0
9.6875000000000000e-01 1.2500000000000000e-01 1.5625000000000000e-02 0
9.8437500000000000e-01 1.2500000000000000e-01 1.5625000000000000e-02 0
1.5625000000000000e-02 1.0937500000000000e-01 1.5625000000000000e-02 0
3.1250000000000000e-02 1.0937500000000000e-01 1.5625000000000000e-02 0
4.6875000000000000e-02 1.0937500000000000e-01 1.5625000000000000e-02 0
6.2500000000000000e-02 1.0937500000000000e-01 1.5625000000000000e-02 0
7.8125000000000000e-02 1.0937500000000000e-01 1.5625000000000000e-02 0
9.3750000000000000e-02 1.0937500000000000e-01 1.5625000000000000e-02 0
1.0937500000000000e-01 1.0937500000000000e-01 1.5625000000000000e-02 0
1.2500000000000000e-01 1.0937500000000000e-01 1.5625000000000000e-02 0
1.4062500000000000e-01 1.0937500000000000e-01 1.5625000000000000e-02 0
1.5625000000000000e-01 1.0937500000000000e-01 1.5625000000000000e-02 0
1.7187500000000000e-01 1.0937500000000000e-01 1.5625000000000000e-02 0
1.8750000000000000e-01 1.0937500000000000e-01 1.5625000000000000e-02 0
2.0312500000000000e-01 1.0937500000000000e-01 1.5625000000000000e-02 0
2.1875000000000000e-01 1.0937500000000000e-01 1.5625000000000000e-02 0
2.3437500000000000e-01 1.0937500000000000e-01 1.5625000000000000e-02 0
2.5000000000000000e-01 1.0937500000000000e-01 1.5625000000000000e-02 0
2.6562500000000000e-01 1.0937500000000000e-01 1.5625000000000000e-02 0
2.8125000000000000e-01 1.0937500000000000e-01 1.5625000000000000e-02 0
2.9687500000000000e-01 1.0937500000000000e-01 1.5625000000000000e-02 0
3.1250000000000000e-01 1.0937500000000000e-01 1.5625000000000000e-02 0
3.2812500000000000e-01 1.0937500000000000e-01 1.5625000000000000e-02 0
3.4375000000000000e-01 1.0937500000000000e-01 1.5625000000000000e-02 0
3.5937500000000000e-01 1.0937500000000000e-01 1.5625000000000000e-02 0
3.7500000000000000e-01 1.0937500000000000e-01 1.5625000000000000e-02 0
3.9062500000000000e-01 1.0937500000000000e-01 1.5625000000000000e-02 0
4.0625000000000000e-01 1.0937500000000000e-01 1.5625000000000000e-02 0
4.2187500000000000e-01 1.0937500000000000e-01 1.5625000000000000e-02 0
4.3750000000000000e-01 1.0937500000000000e-01 1.5625000000000000e-02 0
4.5312500000000000e-01 1.0937500000000000e-01 1.5625000000000000e-02 0
4.6875000000000000e-01 1.0937500000000000e-01 1.5625000000000000e-02 0
4.8437500000000000e-01 1.0937500000000000e-01 1.5625000000000000e-02 0
5.0000000000000000e-01 1.0937500000000000e-01 1.5625000000000000e-02 0
5.1562500000000000e-01 1.0937500000000000e-01 1.5625000000000000e-02 0
5.3125000000000000e-01 1.0937500000000000e-01 1.5625000000000000e-02 0
5.4687500000000000e-01 1.0937500000000000e-01 1.5625000000000000e-02 0
5.6250000000000000e-01 1.0937500000000000e-01 1.5625000000000000e-02 0
5.7812500000000000e-01 1.0937500000000000e-01 1.5625000000000000e-02 0
5.9375000000000000e-01 1.0937500000000000e-01 1.5625000000000000e-02 0
6.0937500000000000e-01 1.0937500000000000e-01 1.5625000000000000e-02 0
6.2500000000000000e-01 1.0937500000000000e-01 1.5625000000000000e-02 0
6.4062500000000000e-01 1.0937500000000000e-01 1.5625000000000000e-02 0
6.5625000000000000e-01 1.0937500000000000e-01 1.5625000000000000e-02 0
6.7187500000000000e-01 1.0937500000000000e-01 1.5625000000000000e-02 0
6.8750000000000000e-01 1.0937500000000000e-01 1.5625000000000000e-02 0
7.0312500000000000e-01 1.0937500000000000e-01 1.5625000000000000e-02 0
7.1875000000000000e-01 1.0937500000000000e-01 1.5625000000000000e-02 0
7.3437500000000000e-01 1.0937500000000000e-01 1.5625000000000000e-02 0
7.5000000000000000e-01 1.0937500000000000e-01 1.5625000000000000e-02 0
7.6562500000000000e-01 1.0937500000000000e-01 1.5625000000000000e-02 0
7.8125000000000000e-01 1.0937500000000000e-01 1.5625000000000000e-02 0
7.9687500000000000e-01 1.0937500000000000e-01 1.5625000000000000e-02 0
8.1250000000000000e-01 1.0937500000000000e-01 1.5625000000000000e-02 0
8.2812500000000000e-01 1.0937500000000000e-01 1.5625000000000000e-02 0
8.4375000000000000e-01 1.0937500000000000e-01 1.5625000000000000e-02 0
8.5937500000000000e-01 1.0937500000000000e-01 1.5625000000000000e-02 0
8.7500000000000000e-01 1.0937500000000000e-01 1.5625000000000000e-02 0
8.9062500000000000e-01 1.0937500000000000e-01 1.5625000000000000e-02 0
9.0625000000000000e-01 1.0937500000000000e-01 1.5625000000000000e-02 0
9.2187500000000000e-01 1.0937500000000000e-01 1.5625000000000000e-02 0
9.3750000000000000e-01 1.0937500000000000e-01 1.5625000000000000e-02 0
9.5312500000000000e-01 1.0937500000000000e-01 1.5625000000000000e-02 0
9.6875000000000000e-01 1.0937500000000000e-01 1.5625000000000000e-02 0
9.8437500000000000e-01 1.0937500000000000e-01 1.5625000000000000e-02 0
1.5625000000000000e-02 9.3750000000000000e-02 1.5625000000000000e-02 0
3.1250000000000000e-02 9.3750000000000000e-02 1.5625000000000000e-02 0
4.6875000000000000e-02 9.3750000000000000e-02 1.5625000000000000e-02 0
6.2500000000000000e-02 9.3750000000000000e-02 1.5625000000000000e-02 0
7.8125000000000000e-02 9.3750000000000000e-02 1.5625000000000000e-02 0
9.3750000000000000e-02 9.3750000000000000e-02 1.5625000000000000e-02 0
1.0937500000000000e-01 9.3750000000000000e-02 1.5625000000000000e-02 0
1.2500000000000000e-01 9.3750000000000000e-02 1.5625000000000000e-02 0
1.4062500000000000e-01 9.3750000000000000e-02 1.5625000000000000e-02 0
1.5625000000000000e-01 9.3750000000000000e-02 1.5625000000000000e-02 0
1.7187500000000000e-01 9.3750000000000000e-02 1.5625000000000000e-02 0
1.8750000000000000e-01 9.3750000000000000e-02 1.5625000000000000e-02 0
2.0312500000000000e-01 9.3750000000000000e-02 1.5625000000000000e-02 0
2.1875000000000000e-01 9.3750000000000000e-02 1.5625000000000000e-02 0
2.3437500000000000e-01 9.3750000000000000e-02 1.5625000000000000e-02 0
2.5000000000000000e-01 9.3750000000000000e-02 1.5625000000000000e-02 0
2.6562500000000000e-01 9.3750000000000000e-02 1.5625000000000000e-02 0
2.8125000000000000e-01 9.3750000000000000e-02 1.5625000000000000e-02 0
2.9687500000000000e-01 9.3750000000000000e-02 1.5625000000000000e-02 0
3.1250000000000000e-01 9.3750000000000000e-02 1.5625000000000000e-02 0
3.2812500000000000e-01 9.3750000000000000e-02 1.5625000000000000e-02 0
3.4375000000000000e-01 9.3750000000000000e-02 1.5625000000000000e-02 0
3.5937500000000000e-01 9.3750000000000000e-02 1.5625000000000000e-02 0
3.7500000000000000e-01 9.3750000000000000e-02 1.5625000000000000e-02 0
3.9062500000000000e-01 9.3750000000000000e-02 1.5625000000000000e-02 0
4.0625000000000000e-01 9.3750000000000000e-02 1.5625000000000000e-02 0
4.2187500000000000e-01 9.3750000000000000e-02 1.5625000000000000e-02 0
4.3750000000000000e-01 9.3750000000000000e-02 1.5625000000000000e-02 0
4.5312500000000000e-01 9.3750000000000000e-02 1.5625000000000000e-02 0
4.6875000000000000e-01 9.3750000000000000e-02 1.5625000000000000e-02 0
4.8437500000000000e-01 9.3750000000000000e-02 1.5625000000000000e-02 0
5.0000000000000000e-01 9.3750000000000000e-02 1.5625000000000000e-02 0
5.1562500000000000e-01 9.3750000000000000e-02 1.5625000000000000e-02 0
5.3125000000000000e-01 9.3750000000000000e-02 1.5625000000000000e-02 0
5.4687500000000000e-01 9.3750000000000000e-02 1.5625000000000000e-02 0
5.6250000000000000e-01 9.3750000000000000e-02 1.5625000000000000e-02 0
5.7812500000000000e-01 9.3750000000000000e-02 1.5625000000000000e-02 0
5.9375000000000000e-01 9.3750000000000000e-02 1.5625000000000000e-02 0
6.0937500000000000e-01 9.3750000000000000e-02 1.5625000000000000e-02 0
6.2500000000000000e-01 9.3750000000000000e-02 1.5625000000000000e-02 0
6.4062500000000000e-01 9.3750000000000000e-02 1.5625000000000000e-02 0
6.5625000000000000e-01 9.3750000000000000e-02 1.5625000000000000e-02 0
6.7187500000000000e-01 9.3750000000000000e-02 1.5625000000000000e-02 0
6.8750000000000000e-01 9.3750000000000000e-02 1.5625000000000000e-02 0
7.0312500000000000e-01 9.3750000000000000e-02 1.5625000000000000e-02 0
7.1875000000000000e-01 9.3750000000000000e-02 1.5625000000000000e-02 0
7.3437500000000000e-01 9.3750000000000000e-02 1.5625000000000000e-02 0
7.5000000000000000e-01 9.3750000000000000e-02 1.5625000000000000e-02 0
7.6562500000000000e-01 9.3750000000000000e-02 1.5625000000000000e-02 0
7.8125000000000000e-01 9.3750000000000000e-02 1.5625000000000000e-02 0
7.9687500000000000e-01 9.3750000000000000e-02 1.5625000000000000e-02 0
8.1250000000000000e-01 9.3750000000000000e-02 1.5625000000000000e-02 0
8.2812500000000000e-01 9.3750000000000000e-02 1.5625000000000000e-02 0
8.4375000000000000e-01 9.3750000000000000e-02 1.5625000000000000e-02 0
8.5937500000000000e-01 9.3750000000000000e-02 1.5625000000000000e-02 0
8.7500000000000000e-01 9.3750000000000000e-02 1.5625000000000000e-02 0
8.9062500000000000e-01 9.3750000000000000e-02 1.5625000000000000e-02 0
9.0625000000000000e-01 9.3750000000000000e-02 1.5625000000000000e-02 0
9.2187500000000000e-01 9.3750000000000000e-02 1.5625000000000000e-02 0
9.3750000000000000e-01 9.3750000000000000e-02 1.5625000000000000e-02 0
9.5312500000000000e-01 9.3750000000000000e-02 1.5625000000000000e-02 0
9.6875000000000000e-01 9.3750000000000000e-02 1.5625000000000000e-02 0
9.8437500000000000e-01 9.3750000000000000e-02 1.5625000000000000e-02 0
1.5625000000000000e-02 7.8125000000000000e-02 1.5625000000000000e-02 0
3.1250000000000000e-02 7.8125000000000000e-02 1.5625000000000000e-02 0
4.6875000000000000e-02 7.8125000000000000e-02 1.5625000000000000e-02 0
6.2500000000000000e-02 7.8125000000000000e-02 1.5625000000000000e-02 0
7.8125000000000000e-02 7.8125000000000000e-02 1.5625000000000000e-02 0
9.3750000000000000e-02 7.8125000000000000e-02 1.5625000000000000e-02 0
1.0937500000000000e-01 7.8125000000000000e-02 1.5625000000000000e-02 0
1.2500000000000000e-01 7.8125000000000000e-02 1.5625000000000000e-02 0
1.4062500000000000e-01 7.8125000000000000e-02 1.5625000000000000e-02 0
1.5625000000000000e-01 7.8125000000000000e-02 1.5625000000000000e-02 0
1.7187500000000000e-01 7.8125000000000000e-02 1.5625000000000000e-02 0
1.8750000000000000e-01 7.8125000000000000e-02 1.5625000000000000e-02 0
2.0312500000000000e-01 7.8125000000000000e-02 1.5625000000000000e-02 0
2.1875000000000000e-01 7.8125000000000000e-02 1.5625000000000000e-02 0
2.3437500000000000e-01 7.8125000000000000e-02 1.5625000000000000e-02 0
2.5000000000000000e-01 7.8125000000000000e-02 1.5625000000000000e-02 0
2.6562500000000000e-01 7.8125000000000000e-02 1.5625000000000000e-02 0
2.8125000000000000e-01 7.8125000000000000e-02 1.5625000000000000e-02 0
2.9687500000000000e-01 7.8125000000000000e-02 1.5625000000000000e-02 0
3.1250000000000000e-01 7.8125000000000000e-02 1.5625000000000000e-02 0
3.2812500000000000e-01 7.8125000000000000e-02 1.5625000000000000e-02 0
3.4375000000000000e-01 7.8125000000000000e-02 1.5625000000000000e-02 0
3.5937500000000000e-01 7.8125000000000000e-02 1.5625000000000000e-02 0
3.7500000000000000e-01 7.8125000000000000e-02 1.5625000000000000e-02 0
3.9062500000000000e-01 7.8125000000000000e-02 1.5625000000000000e-02 0
4.0625000000000000e-01 7.8125000000000000e-02 1.5625000000000000e-02 0
4.2187500000000000e-01 7.8125000000000000e-02 1.5625000000000000e-02 0
4.3750000000000000e-01 7.8125000000000000e-02 1.5625000000000000e-02 0
4.5312500000000000e-01 7.8125000000000000e-02 1.5625000000000000e-02 0
4.6875000000000000e-01 7.8125000000000000e-02 1.5625000000000000e-02 0
4.8437500000000000e-01 7.8125000000000000e-02 1.5625000000000000e-02 0
5.0000000000000000e-01 7.8125000000000000e-02 1.5625000000000000e-02 0
5.1562500000000000e-01 7.8125000000000000e-02 1.5625000000000000e-02 0
5.3125000000000000e-01 7.8125000000000000e-02 1.5625000000000000e-02 0
5.4687500000000000e-01 7.8125000000000000e-02 1.5625000000000000e-02 0
5.6250000000000000e-01 7.8125000000000000e-02 1.5625000000000000e-02 0
5.7812500000000000e-01 7.8125000000000000e-02 1.5625000000000000e-02 0
5.9375000000000000e-01 7.8125000000000000e-02 1.5625000000000000e-02 0
6.0937500000000000e-01 7.8125000000000000e-02 1.5625000000000000e-02 0
6.2500000000000000e-01 7.8125000000000000e-02 1.5625000000000000e-02 0
6.4062500000000000e-01 7.8125000000000000e-02 1.5625000000000000e-02 0
6.5625000000000000e-01 7.8125000000000000e-02 1.5625000000000000e-02 0
6.7187500000000000e-01 7.8125000000000000e-02 1.5625000000000000e-02 0
6.8750000000000000e-01 7.8125000000000000e-02 1.5625000000000000e-02 0
7.0312500000000000e-01 7.8125000000000000e-02 1.5625000000000000e-02 0
7.1875000000000000e-01 7.8125000000000000e-02 1.5625000000000000e-02 0
7.3437500000000000e-01 7.8125000000000000e-02 1.5625000000000000e-02 0
7.5000000000000000e-01 7.8125000000000000e-02 1.5625000000000000e-02 0
7.6562500000000000e-01 7.8125000000000000e-02 1.5625000000000000e-02 0
7.8125000000000000e-01 7.8125000000000000e-02 1.5625000000000000e-02 0
7.9687500000000000e-01 7.8125000000000000e-02 1.5625000000000000e-02 0
8.1250000000000000e-01 7.8125000000000000e-02 1.5625000000000000e-02 0
8.2812500000000000e-01 7.8125000000000000e-02 1.5625000000000000e-02 0
8.4375000000000000e-01 7.8125000000000000e-02 1.5625000000000000e-02 0
8.5937500000000000e-01 7.8125000000000000e-02 1.5625000000000000e-02 0
8.7500000000000000e-01 7.8125000000000000e-02 1.5625000000000000e-02 0
8.9062500000000000e-01 7.8125000000000000e-02 1.5625000000000000e-02 0
9.0625000000000000e-01 7.8125000000000000e-02 1.5625000000000000e-02 0
9.2187500000000000e-01 7.8125000000000000e-02 1.5625000000000000e-02 0
9.3750000000000000e-01 7.8125000000000000e-02 1.5625000000000000e-02 0
9.5312500000000000e-01 7.8125000000000000e-02 1.5625000000000000e-02 0
9.6875000000000000e-01 7.8125000000000000e-02 1.5625000000000000e-02 0
9.8437500000000000e-01 7.8125000000000000e-02 1.5625000000000000e-02 0
1.5625000000000000e-02 6.2500000000000000e-02 1.5625000000000000e-02 0
3.1250000000000000e-02 6.2500000000000000e-02 1.5625000000000000e-02 0
4.6875000000000000e-02 6.2500000000000000e-02 1.5625000000000000e-02 0
6.2500000000000000e-02 6.2500000000000000e-02 1.5625000000000000e-02 0
7.8125000000000000e-02 6.2500000000000000e-02 1.5625000000000000e-02 0
9.3750000000000000e-02 6.2500000000000000e-02 1.5625000000000000e-02 0
1.0937500000000000e-01 6.2500000000000000e-02 1.5625000000000000e-02 0
1.2500000000000000e-01 6.2500000000000000e-02 1.5625000000000000e-02 0
1.4062500000000000e-01 6.2500000000000000e-02 1.5625000000000000e-02 0
1.5625000000000000e-01 6.2500000000000000e-02 1.5625000000000000e-02 0
1.7187500000000000e-01 6.2500000000000000e-02 1.5625000000000000e-02 0
1.8750000000000000e-01 6.2500000000000000e-02 1.5625000000000000e-02 0
2.0312500000000000e-01 6.2500000000000000e-02 1.5625000000000000e-02 0
2.1875000000000000e-01 6.2500000000000000e-02 1.5625000000000000e-02 0
2.3437500000000000e-01 6.2500000000000000e-02 1.5625000000000000e-02 0
2.5000000000000000e-01 6.2500000000000000e-02 1.5625000000000000e-02 0
2.6562500000000000e-01 6.2500000000000000e-02 1.5625000000000000e-02 0
2.8125000000000000e-01 6.2500000000000000e-02 1.5625000000000000e-02 0
2.9687500000000000e-01 6.2500000000000000e-02 1.5625000000000000e-02 0
3.1250000000000000e-01 6.2500000000000000e-02 1.5625000000000000e-02 0
3.2812500000000000e-01 6.2500000000000000e-02 1.5625000000000000e-02 0
3.4375000000000000e-01 6.2500000000000000e-02 1.5625000000000000e-02 0
3.5937500000000000e-01 6.2500000000000000e-02 1.5625000000000000e-02 0
3.7500000000000000e-01 6.2500000000000000e-02 1.5625000000000000e-02 0
3.9062500000000000e-01 6.2500000000000000e-02 1.5625000000000000e-02 0
4.0625000000000000e-01 6.2500000000000000e-02 1.5625000000000000e-02 0
4.2187500000000000e-01 6.2500000000000000e-02 1.5625000000000000e-02 0
4.3750000000000000e-01 6.2500000000000000e-02 1.5625000000000000e-02 0
4.5312500000000000e-01 6.2500000000000000e-02 1.5625000000000000e-02 0
4.6875000000000000e-01 6.2500000000000000e-02 1.5625000000000000e-02 0
4.8437500000000000e-01 6.2500000000000000e-02 1.5625000000000000e-02 0
5.0000000000000000e-01 6.2500000000000000e-02 1.5625000000000000e-02 0
5.1562500000000000e-01 6.2500000000000000e-02 1.5625000000000000e-02 0
5.3125000000000000e-01 6.2500000000000000e-02 1.5625000000000000e-02 0
5.4687500000000000e-01 6.2500000000000000e-02 1.5625000000000000e-02 0
5.6250000000000000e-01 6.2500000000000000e-02 1.5625000000000000e-02 0
5.7812500000000000e-01 6.2500000000000000e-02 1.5625000000000000e-02 0
5.9375000000000000e-01 6.2500000000000000e-02 1.5625000000000000e-02 0
6.0937500000000000e-01 6.2500000000000000e-02 1.5625000000000000e-02 0
6.2500000000000000e-01 6.2500000000000000e-02 1.5625000000000000e-02 0
6.4062500000000000e-01 6.2500000000000000e-02 1.5625000000000000e-02 0
6.5625000000000000e-01 6.2500000000000000e-02 1.5625000000000000e-02 0
6.7187500000000000e-01 6.2500000000000000e-02 1.5625000000000000e-02 0
6.8750000000000000e-01 6.2500000000000000e-02 1.5625000000000000e-02 0
7.0312500000000000e-01 6.2500000000000000e-02 1.5625000000000000e-02 0
7.1875000000000000e-01 6.2500000000000000e-02 1.5625000000000000e-02 0
7.3437500000000000e-01 6.2500000000000000e-02 1.5625000000000000e-02 0
7.5000000000000000e-01 6.2500000000000000e-02 1.5625000000000000e-02 0
7.6562500000000000e-01 6.2500000000000000e-02 1.5625000000000000e-02 0
7.8125000000000000e-01 6.2500000000000000e-02 1.5625000000000000e-02 0
7.9687500000000000e-01 6.2500000000000000e-02 1.5625000000000000e-02 0
8.1250000000000000e-01 6.2500000000000000e-02 1.5625000000000000e-02 0
8.2812500000000000e-01 6.2500000000000000e-02 1.5625000000000000e-02 0
8.4375000000000000e-01 6.2500000000000000e-02 1.5625000000000000e-02 0
8.5937500000000000e-01 6.2500000000000000e-02 1.5625000000000000e-02 0
8.7500000000000000e-01 6.2500000000000000e-02 1.5625000000000000e-02 0
8.9062500000000000e-01 6.2500000000000000e-02 1.5625000000000000e-02 0
9.0625000000000000e-01 6.2500000000000000e-02 1.5625000000000000e-02 0
9.2187500000000000e-01 6.2500000000000000e-02 1.5625000000000000e-02 0
9.3750000000000000e-01 6.2500000000000000e-02 1.5625000000000000e-02 0
9.5312500000000000e-01 6.2500000000000000e-02 1.5625000000000000e-02 0
9.6875000000000000e-01 6.2500000000000000e-02 1.5625000000000000e-02 0
9.8437500000000000e-01 6.2500000000000000e-02 1.5625000000000000e-02 0
1.5625000000000000e-02 4.6875000000000000e-02 1.5625000000000000e-02 0
3.1250000000000000e-02 4.6875000000000000e-02 1.5625000000000000e-02 0
4.6875000000000000e-02 4.6875000000000000e-02 1.5625000000000000e-02 0
6.2500000000000000e-02 4.6875000000000000e-02 1.5625000000000000e-02 0
7.8125000000000000e-02 4.6875000000000000e-02 1.5625000000000000e-02 0
9.3750000000000000e-02 4.6875000000000000e-02 1.5625000000000000e-02 0
1.0937500000000000e-01 4.6875000000000000e-02 1.5625000000000000e-02 0
1.2500000000000000e-01 4.6875000000000000e-02 1.5625000000000000e-02 0
1.4062500000000000e-01 4.6875000000000000e-02 1.5625000000000000e-02 0
1.5625000000000000e-01 4.6875000000000000e-02 1.5625000000000000e-02 0
1.7187500000000000e-01 4.6875000000000000e-02 1.5625000000000000e-02 0
1.8750000000000000e-01 4.6875000000000000e-02 1.5625000000000000e-02 0
2.0312500000000000e-01 4.6875000000000000e-02 1.5625000000000000e-02 0
2.1875000000000000e-01 4.6875000000000000e-02 1.5625000000000000e-02 0
2.3437500000000000e-01 4.6875000000000000e-02 1.5625000000000000e-02 0
2.5000000000000000e-01 4.6875000000000000e-02 1.5625000000000000e-02 0
2.6562500000000000e-01 4.6875000000000000e-02 1.5625000000000000e-02 0
2.8125000000000000e-01 4.6875000000000000e-02 1.5625000000000000e-02 0
2.9687500000000000e-01 4.6875000000000000e-02 1.5625000000000000e-02 0
3.1250000000000000e-01 4.6875000000000000e-02 1.5625000000000000e-02 0
3.2812500000000000e-01 4.6875000000000000e-02 1.5625000000000000e-02 0
3.4375000000000000e-01 4.6875000000000000e-02 1.5625000000000000e-02 0
3.5937500000000000e-01 4.6875000000000000e-02 1.5625000000000000e-02 0
3.7500000000000000e-01 4.6875000000000000e-02 1.5625000000000000e-02 0
3.9062500000000000e-01 4.6875000000000000e-02 1.5625000000000000e-02 0
4.0625000000000000e-01 4.6875000000000000e-02 1.5625000000000000e-02 0
4.2187500000000000e-01 4.6875000000000000e-02 1.5625000000000000e-02 0
4.3750000000000000e-01 4.6875000000000000e-02 1.5625000000000000e-02 0
4.5312500000000000e-01 4.6875000000000000e-02 1.5625000000000000e-02 0
4.6875000000000000e-01 4.6875000000000000e-02 1.5625000000000000e-02 0
4.8437500000000000e-01 4.6875000000000000e-02 1.5625000000000000e-02 0
5.0000000000000000e-01 4.6875000000000000e-02 1.5625000000000000e-02 0
5.1562500000000000e-01 4.6875000000000000e-02 1.5625000000000000e-02 0
5.3125000000000000e-01 4.6875000000000000e-02 1.5625000000000000e-02 0
5.4687500000000000e-01 4.6875000000000000e-02 1.5625000000000000e-02 0
5.6250000000000000e-01 4.6875000000000000e-02 1.5625000000000000e-02 0
5.7812500000000000e-01 4.6875000000000000e-02 1.5625000000000000e-02 0
5.9375000000000000e-01 4.6875000000000000e-02 1.5625000000000000e-02 0
6.0937500000000000e-01 4.6875000000000000e-02 1.5625000000000000e-02 0
6.2500000000000000e-01 4.6875000000000000e-02 1.5625000000000000e-02 0
6.4062500000000000e-01 4.6875000000000000e-02 1.5625000000000000e-02 0
6.5625000000000000e-01 4.6875000000000000e-02 1.5625000000000000e-02 0
6.7187500000000000e-01 4.6875000000000000e-02 1.5625000000000000e-02 0
6.8750000000000000e-01 4.6875000000000000e-02 1.5625000000000000e-02 0
7.0312500000000000e-01 4.6875000000000000e-02 1.5625000000000000e-02 0
7.1875000000000000e-01 4.6875000000000000e-02 1.5625000000000000e-02 0
7.3437500000000000e-01 4.6875000000000000e-02 1.5625000000000000e-02 0
7.5000000000000000e-01 4.6875000000000000e-02 1.5625000000000000e-02 0
7.6562500000000000e-01 4.6875000000000000e-02 1.5625000000000000e-02 0
7.8125000000000000e-01 4.6875000000000000e-02 1.5625000000000000e-02 0
7.9687500000000000e-01 4.6875000000000000e-02 1.5625000000000000e-02 0
8.1250000000000000e-01 4.6875000000000000e-02 1.5625000000000000e-02 0
8.2812500000000000e-01 4.6875000000000000e-02 1.5625000000000000e-02 0
8.4375000000000000e-01 4.6875000000000000e-02 1.5625000000000000e-02 0
8.5937500000000000e-01 4.6875000000000000e-02 1.5625000000000000e-02 0
8.7500000000000000e-01 4.6875000000000000e-02 1.5625000000000000e-02 0
8.9062500000000000e-01 4.6875000000000000e-02 1.5625000000000000e-02 0
9.0625000000000000e-01 4.6875000000000000e-02 1.5625000000000000e-02 0
9.2187500000000000e-01 4.6875000000000000e-02 1.5625000000000000e-02 0
9.3750000000000000e-01 4.6875000000000000e-02 1.5625000000000000e-02 0
9.5312500000000000e-01 4.6875000000000000e-02 1.5625000000000000e-02 0
9.6875000000000000e-01 4.6875000000000000e-02 1.5625000000000000e-02 0
9.8437500000000000e-01 4.6875000000000000e-02 1.5625000000000000e-02 0
1.5625000000000000e-02 3.1250000000000000e-02 1.5625000000000000e-02 0
3.1250000000000000e-02 3.1250000000000000e-02 1.5625000000000000e-02 0
4.6875000000000000e-02 3.1250000000000000e-02 1.5625000000000000e-02 0
6.2500000000000000e-02 3.1250000000000000e-02 1.5625000000000000e-02 0
7.8125000000000000e-02 3.1250000000000000e-02 1.5625000000000000e-02 0
9.3750000000000000e-02 3.1250000000000000e-02 1.5625000000000000e-02 0
1.0937500000000000e-01 3.1250000000000000e-02 1.5625000000000000e-02 0
1.2500000000000000e-01 3.1250000000000000e-02 1.5625000000000000e-02 0
1.4062500000000000e-01 3.1250000000000000e-02 1.5625000000000000e-02 0
1.5625000000000000e-01 3.1250000000000000e-02 1.5625000000000000e-02 0
1.7187500000000000e-01 3.1250000000000000e-02 1.5625000000000000e-02 0
1.8750000000000000e-01 3.1250000000000000e-02 1.5625000000000000e-02 0
2.0312500000000000e-01 3.1250000000000000e-02 1.5625000000000000e-02 0
2.1875000000000000e-01 3.1250000000000000e-02 1.5625000000000000e-02 0
2.3437500000000000e-01 3.1250000000000000e-02 1.5625000000000000e-02 0
2.5000000000000000e-01 3.1250000000000000e-02 1.5625000000000000e-02 0
2.6562500000000000e-01 3.1250000000000000e-02 1.5625000000000000e-02 0
2.8125000000000000e-01 3.1250000000000000e-02 1.5625000000000000e-02 0
2.9687500000000000e-01 3.1250000000000000e-02 1.5625000000000000e-02 0
3.1250000000000000e-01 3.1250000000000000e-02 1.5625000000000000e-02 0
3.2812500000000000e-01 3.1250000000000000e-02 1.5625000000000000e-02 0
3.4375000000000000e-01 3.1250000000000000e-02 1.5625000000000000e-02 0
3.5937500000000000e-01 3.1250000000000000e-02 1.5625000000000000e-02 0
3.7500000000000000e-01 3.1250000000000000e-02 1.5625000000000000e-02 0
3.9062500000000000e-01 3.1250000000000000e-02 1.5625000000000000e-02 0
4.0625000000000000e-01 3.1250000000000000e-02 1.5625000000000000e-02 0
4.2187500000000000e-01 3.1250000000000000e-02 1.5625000000000000e-02 0
4.3750000000000000e-01 3.1250000000000000e-02 1.5625000000000000e-02 0
4.5312500000000000e-01 3.1250000000000000e-02 1.5625000000000000e-02 0
4.6875000000000000e-01 3.1250000000000000e-02 1.5625000000000000e-02 0
4.8437500000000000e-01 3.1250000000000000e-02 1.5625000000000000e-02 0
5.0000000000000000e-01 3.1250000000000000e-02 1.5625000000000000e-02 0
5.1562500000000000e-01 3.1250000000000000e-02 1.5625000000000000e-02 0
5.3125000000000000e-01 3.1250000000000000e-02 1.5625000000000000e-02 0
5.4687500000000000e-01 3.1250000000000000e-02 1.5625000000000000e-02 0
5.6250000000000000e-01 3.1250000000000000e-02 1.5625000000000000e-02 0
5.7812500000000000e-01 3.1250000000000000e-02 1.5625000000000000e-02 0
5.9375000000000000e-01 3.1250000000000000e-02 1.5625000000000000e-02 0
6.0937500000000000e-01 3.1250000000000000e-02 1.5625000000000000e-02 0
6.2500000000000000e-01 3.1250000000000000e-02 1.5625000000000000e-02 0
6.4062500000000000e-01 3.1250000000000000e-02 1.5625000000000000e-02 0
6.5625000000000000e-01 3.1250000000000000e-02 1.5625000000000000e-02 0
6.7187500000000000e-01 3.1250000000000000e-02 1.5625000000000000e-02 0
6.8750000000000000e-01 3.1250000000000000e-02 1.5625000000000000e-02 0
7.0312500000000000e-01 3.1250000000000000e-02 1.5625000000000000e-02 0
7.1875000000000000e-01 3.1250000000000000e-02 1.5625000000000000e-02 0
7.3437500000000000e-01 3.1250000000000000e-02 1.5625000000000000e-02 0
7.5000000000000000e-01 3.1250000000000000e-02 1.5625000000000000e-02 0
7.6562500000000000e-01 3.1250000000000000e-02 1.5625000000000000e-02 0
7.8125000000000000e-01 3.1250000000000000e-02 1.5625000000000000e-02 0
7.9687500000000000e-01 3.1250000000000000e-02 1.5625000000000000e-02 0
8.1250000000000000e-01 3.1250000000000000e-02 1.5625000000000000e-02 0
8.2812500000000000e-01 3.1250000000000000e-02 1.5625000000000000e-02 0
8.4375000000000000e-01 3.1250000000000000e-02 1.5625000000000000e-02 0
8.5937500000000000e-01 3.1250000000000000e-02 1.5625000000000000e-02 0
8.7500000000000000e-01 3.1250000000000000e-02 1.5625000000000000e-02 0
8.9062500000000000e-01 3.1250000000000000e-02 1.5625000000000000e-02 0
9.0625000000000000e-01 3.1250000000000000e-02 1.5625000000000000e-02 0
9.2187500000000000e-01 3.1250000000000000e-02 1.5625000000000000e-02 0
9.3750000000000000e-01 3.1250000000000000e-02 1.5625000000000000e-02 0
9.5312500000000000e-01 3.1250000000000000e-02 1.5625000000000000e-02 0
9.6875000000000000e-01 3.1250000000000000e-02 1.5625000000000000e-02 0
9.8437500000000000e-01 3.1250000000000000e-02 1.5625000000000000e-02 0
1.5625000000000000e-02 1.5625000000000000e-02 1.5625000000000000e-02 0
3.1250000000000000e-02 1.5625000000000000e-02 1.5625000000000000e-02 0
4.6875000000000000e-02 1.5625000000000000e-02 1.5625000000000000e-02 0
6.2500000000000000e-02 1.5625000000000000e-02 1.5625000000000000e-02 0
7.8125000000000000e-02 1.5625000000000000e-02 1.5625000000000000e-02 0
9.3750000000000000e-02 1.5625000000000000e-02 1.5625000000000000e-02 0
1.0937500000000000e-01 1.5625000000000000e-02 1.5625000000000000e-02 0
1.2500000000000000e-01 1.5625000000000000e-02 1.5625000000000000e-02 0
1.4062500000000000e-01 1.5625000000000000e-02 1.5625000000000000e-02 0
1.5625000000000000e-01 1.5625000000000000e-02 1.5625000000000000e-02 0
1.7187500000000000e-01 1.5625000000000000e-02 1.5625000000000000e-02 0
1.8750000000000000e-01 1.5625000000000000e-02 1.5625000000000000e-02 0
2.0312500000000000e-01 1.5625000000000000e-02 1.5625000000000000e-02 0
2.1875000000000000e-01 1.5625000000000000e-02 1.5625000000000000e-02 0
2.3437500000000000e-01 1.5625000000000000e-02 1.5625000000000000e-02 0
2.5000000000000000e-01 1.5625000000000000e-02 1.5625000000000000e-02 0
2.6562500000000000e-01 1.5625000000000000e-02 1.5625000000000000e-02 0
2.8125000000000000e-01 1.5625000000000000e-02 1.5625000000000000e-02 0
2.9687500000000000e-01 1.5625000000000000e-02 1.5625000000000000e-02 0
3.1250000000000000e-01 1.5625000000000000e-02 1.5625000000000000e-02 0
3.2812500000000000e-01 1.5625000000000000e-02 1.5625000000000000e-02 0
3.4375000000000000e-01 1.5625000000000000e-02 1.5625000000000000e-02 0
3.5937500000000000e-01 1.5625000000000000e-02 1.5625000000000000e-02 0
3.7500000000000000e-01 1.5625000000000000e-02 1.5625000000000000e-02 0
3.9062500000000000e-01 1.5625000000000000e-02 1.5625000000000000e-02 0
4.0625000000000000e-01 1.5625000000000000e-02 1.5625000000000000e-02 0
4.2187500000000000e-01 1.5625000000000000e-02 1.5625000000000000e-02 0
4.3750000000000000e-01 1.5625000000000000e-02 1.5625000000000000e-02 0
4.5312500000000000e-01 1.5625000000000000e-02 1.5625000000000000e-02 0
4.6875000000000000e-01 1.5625000000000000e-02 1.5625000000000000e-02 0
4.8437500000000000e-01 1.5625000000000000e-02 1.5625000000000000e-02 0
5.0000000000000000e-01 1.5625000000000000e-02 1.5625000000000000e-02 0
5.1562500000000000e-01 1.5625000000000000e-02 1.5625000000000000e-02 0
5.3125000000000000e-01 1.5625000000000000e-02 1.5625000000000000e-02 0
5.4687500000000000e-01 1.5625000000000000e-02 1.5625000000000000e-02 0
5.6250000000000000e-01 1.5625000000000000e-02 1.5625000000000000e-02 0
5.7812500000000000e-01 1.5625000000000000e-02 1.5625000000000000e-02 0
5.9375000000000000e-01 1.5625000000000000e-02 1.5625000000000000e-02 0
6.0937500000000000e-01 1.5625000000000000e-02 1.5625000000000000e-02 0
6.2500000000000000e-01 1.5625000000000000e-02 1.5625000000000000e-02 0
6.4062500000000000e-01 1.5625000000000000e-02 1.5625000000000000e-02 0
6.5625000000000000e-01 1.5625000000000000e-02 1.5625000000000000e-02 0
6.7187500000000000e-01 1.5625000000000000e-02 1.5625000000000000e-02 0
6.8750000000000000e-01 1.5625000000000000e-02 1.5625000000000000e-02 0
7.0312500000000000e-01 1.5625000000000000e-02 1.5625000000000000e-02 0
7.1875000000000000e-01 1.5625000000000000e-02 1.5625000000000000e-02 0
7.3437500000000000e-01 1.5625000000000000e-02 1.5625000000000000e-02 0
7.5000000000000000e-01 1.5625000000000000e-02 1.5625000000000000e-02 0
7.6562500000000000e-01 1.5625000000000000e-02 1.5625000000000000e-02 0
7.8125000000000000e-01 1.5625000000000000e-02 1.5625000000000000e-02 0
7.9687500000000000e-01 1.5625000000000000e-02 1.5625000000000000e-02 0
8.1250000000000000e-01 1.5625000000000000e-02 1.5625000000000000e-02 0
8.2812500000000000e-01 1.5625000000000000e-02 1.5625000000000000e-02 0
8.4375000000000000e-01 1.5625000000000000e-02 1.5625000000000000e-02 0
8.5937500000000000e-01 1.5625000000000000e-02 1.5625000000000000e-02 0
8.7500000000000000e-01 1.5625000000000000e-02 1.5625000000000000e-02 0
8.9062500000000000e-01 1.5625000000000000e-02 1.5625000000000000e-02 0
9.0625000000000000e-01 1.5625000000000000e-02 1.5625000000000000e-02 0
9.2187500000000000e-01 1.5625000000000000e-02 1.5625000000000000e-02 0
9.3750000000000000e-01 1.5625000000000000e-02 1.5625000000000000e-02 0
9.5312500000000000e-01 1.5625000000000000e-02 1.5625000000000000e-02 0
9.6875000000000000e-01 1.5625000000000000e-02 1.5625000000000000e-02 0
9.8437500000000000e-01 1.5625000000000000e-02 1.5625000000000000e-02 0

Hexahedra
4096
1 9 72 2 324 8388 513 261 0
324 8388 513 261 325 8389 514 262 0
325 8389 514 262 326 8390 515 263 0
326 8390 515 263 327 8391 516 264 0
327 8391 516 264 328 8392 517 265 0
328 8392 517 265 329 8393 518 266 0
329 8393 518 266 330 8394 519 267 0
330 8394 519 267 331 8395 520 268 0
331 8395 520 268 332 8396 521 269 0
332 8396 521 269 333 8397 522 270 0
333 8397 522 270 334 8398 523 271 0
334 8398 523 271 335 8399 524 272 0
335 8399 524 272 336 8400 525 273 0
336 8400 525 273 337 8401 526 274 0
337 8401 526 274 338 8402 527 275 0
338 8402 527 275 339 8403 528 276 0
339 8403 528 276 340 8404 529 277 0
340 8404 529 277 341 8405 530 278 0
341 8405 530 278 342 8406 531 279 0
342 8406 531 279 343 8407 532 280 0
343 8407 532 280 344 8408 533 281 0
344 8408 533 281 345 8409 534 282 0
345 8409 534 282 346 8410 535 283 0
346 8410 535 283 347 8411 536 284 0
347 8411 536 284 348 8412 537 285 0
348 8412 537 285 349 8413 538 286 0
349 8413 538 286 350 8414 539 287 0
350 8414 539 287 351 8415 540 288 0
351 8415 540 288 352 8416 541 289 0
352 8416 541 289 353 8417 542 290 0
353 8417 542 290 354 8418 543 291 0
354 8418 543 291 355 8419 544 292 0
355 8419 544 292 356 8420 545 293 0
356 8420 545 293 357 8421 546 294 0
357 8421 546 294 358 8422 547 295 0
358 8422 547 295 359 8423 548 296 0
359 8423 548 296 360 8424 549 297 0
360 8424 549 297 361 8425 550 298 0
361 8425 550 298 362 8426 551 299 0
362 8426 551 299 363 8427 552 300 0
363 8427 552 300 364 8428 553 301 0
364 8428 553 301 365 8429 554 302 0
365 8429 554 302 366 8430 555 303 0
366 8430 555 303 367 8431 556 304 0
367 8431 556 304 368 8432 557 305 0
368 8432 557 305 369 8433 558 306 0
369 8433 558 306 370 8434 559 307 0
370 8434 559 307 371 8435 560 308 0
371 8435 560 308 372 8436 561 309 0
372 8436 561 309 373 8437 562 310 0
373 8437 562 310 374 8438 563 311 0
374 8438 563 311 375 8439 564 312 0
375 8439 564 312 376 8440 565 313 0
376 8440 565 313 377 8441 566 314 0
377 8441 566 314 378 8442 567 315 0
378 8442 567 315 379 8443 568 316 0
379 8443 568 316 380 8444 569 317 0
380 8444 569 317 381 8445 570 318 0
381 8445 570 318 382 8446 571 319 0
382 8446 571 319 383 8447 572 320 0
383 8447 572 320 384 8448 573 321 0
384 8448 573 321 385 8449 574 322 0
385 8449 574 322 386 8450 575 323 0
386 8450 575 323 5 135 198 6 0
9 10 73 72 8388 8325 576 513 0
8388 8325 576 513 8389 8326 577 514 0
8389 8326 577 514 8390 8327 578 515 0
8390 8327 578 515 8391 8328 579 516 0
8391 8328 579 516 8392 8329 580 517 0
8392 8329 580 517 8393 8330 581 518 0
8393 8330 581 518 8394 8331 582 519 0
8394 8331 582 519 8395 8332 583 520 0
8395 8332 583 520 8396 8333 584 521 0
8396 8333 584 521 8397 8334 585 522 0
8397 8334 585 522 8398 8335 586 523 0
8398 8335 586 523 8399 8336 587 524 0
8399 8336 587 524 8400 8337 588 525 0
8400 8337 588 525 8401 8338 589 526 0
8401 8338 589 526 8402 8339 590 527 0
8402 8339 590 527 8403 8340 591 528 0
8403 8340 591 528 8404 8341 592 529 0
8404 8341 592 529 8405 8342 593 530 0
8405 8342 593 530 8406 8343 594 531 0
8406 8343 594 531 8407 8344 595 532 0
8407 8344 595 532 8408 8345 596 533 0
8408 8345 596 533 8409 8346 597 534 0
8409 8346 597 534 8410 8347 598 535 0
8410 8347 598 535 8411 8348 599 536 0
8411 8348 599 536 8412 8349 600 537 0
8412 8349 600 537 8413 8350 601 538 0
8413 8350 601 538 8414 8351 602 539 0
8414 8351 602 539 8415 8352 603 540 0
8415 8352 603 540 8416 8353 604 541 0
8416 8353 604 541 8417 8354 605 542 0
8417 8354 605 542 8418 8355 606 543 0
8418 8355 606 543 8419 8356 607 544 0
8419 8356 607 544 8420 8357 608 545 0
8420 8357 608 545 8421 8358 609 546 0
8421 8358 609 546 8422 8359 610 547 0
8422 8359 610 547 8423 8360 611 548 0
8423 8360 611 548 8424 8361 612 549 0
8424 8361 612 549 8425 8362 613 550 0
8425 8362 613 550 8426 8363 614 551 0
8426 8363 614 551 8427 8364 615 552 0
8427 8364 615 552 8428 8365 616 553 0
8428 8365 616 553 8429 8366 617 554 0
8429 8366 617 554 8430 8367 618 555 0
8430 8367 618 555 8431 8368 619 556 0
8431 8368 619 556 8432 8369 620 557 0
8432 8369 620 557 8433 8370 621 558 0
8433 8370 621 558 8434 8371 622 559 0
8434 8371 622 559 8435 8372 623 560 0
8435 8372 623 560 8436 8373 624 561 0
8436 8373 624 561 8437 8374 625 562 0
8437 8374 625 562 8438 8375 626 563 0
8438 8375 626 563 8439 8376 627 564 0
8439 8376 627 564 8440 8377 628 565 0
8440 8377 628 565 8441 8378 629 566 0
8441 8378 629 566 8442 8379 630 567 0
8442 8379 630 567 8443 8380 631 568 0
8443 8380 631 568 8444 8381 632 569 0
8444 8381 632 569 8445 8382 633 570 0
8445 8382 633 570 8446 8383 634 571 0
8446 8383 634 571 8447 8384 635 572 0
8447 8384 635 572 8448 8385 636 573 0
8448 8385 636 573 8449 8386 637 574 0
8449 8386 637 574 8450 8387 638 575 0
8450 8387 638 575 135 136 199 198 0
10 11 74 73 8325 8262 639 576 0
8325 8262 639 576 8326 8263 640 577 0
8326 8263 640 577 8327 8264 641 578 0
8327 8264 641 578 8328 8265 642 579 0
8328 8265 642 579 8329 8266 643 580 0
8329 8266 643 580 8330 8267 644 581 0
8330 8267 644 581 8331 8268 645 582 0
8331 8268 645 582 8332 8269 646 583 0
8332 8269 646 583 8333 8270 647 584 0
8333 8270 647 584 8334 8271 648 585 0
8334 8271 648 585 8335 8272 649 586 0
8335 8272 649 586 8336 8273 650 587 0
8336 8273 650 587 8337 8274 651 588 0
8337 8274 651 588 8338 8275 652 589 0
8338 8275 652 589 8339 8276 653 590 0
8339 8276 653 590 8340 8277 654 591 0
8340 8277 654 591 8341 8278 655 592 0
8341 8278 655 592 8342 8279 656 593 0
8342 8279 656 593 8343 8280 657 594 0
8343 8280 657 594 8344 8281 658 595 0
8344 8281 658 595 8345 8282 659 596 0
8345 8282 659 596 8346 8283 660 597 0
8346 8283 660 597 8347 8284 661 598 0
8347 8284 661 598 8348 8285 662 599 0
8348 8285 662 599 8349 8286 663 600 0
8349 8286 663 600 8350 8287 664 601 0
8350 8287 664 601 8351 8288 665 602 0
8351 8288 665 602 8352 8289 666 603 0
8352 8289 666 603 8353 8290 667 604 0
8353 8290 667 604 8354 8291 668 605 0
8354 8291 668 605 8355 8292 669 606 0
8355 8292 669 606 8356 8293 670 607 0
8356 8293 670 607 8357 8294 671 608 0
8357 8294 671 608 8358 8295 672 609 0
8358 8295 672 609 8359 8296 673 610 0
8359 8296 673 610 8360 8297 674 611 0
8360 8297 674 611 8361 8298 675 612 0
8361 8298 675 612 8362 8299 676 613 0
8362 8299 676 613 8363 8300 677 614 0
8363 8300 677 614 8364 8301 678 615 0
8364 8301 678 615 8365 8302 679 616 0
8365 8302 679 616 8366 8303 680 617 0
8366 8303 680 617 8367 8304 681 618 0
8367 8304 681 618 8368 8305 682 619 0
8368 8305 682 619 8369 8306 683 620 0
8369 8306 683 620 8370 8307 684 621 0
8370 8307 684 621 8371 8308 685 622 0
8371 8308 685 622 8372 8309 686 623 0
8372 8309 686 623 8373 8310 687 624 0
8373 8310 687 624 8374 8311 688 625 0
8374 8311 688 625 8375 8312 689 626 0
8375 8312 689 626 8376 8313 690 627 0
8376 8313 690 627 8377 8314 691 628 0
8377 8314 691 628 8378 8315 692 629 0
8378 8315 692 629 8379 8316 693 630 0
8379 8316 693 630 8380 8317 694 631 0
8380 8317 694 631 8381 8318 695 632 0
8381 8318 695 632 8382 8319 696 633 0
8382 8319 696 633 8383 8320 697 634 0
8383 8320 697 634 8384 8321 698 635 0
8384 8321 698 635 8385 8322 699 636 0
8385 8322 699 636 8386 8323 700 637 0
8386 8323 700 637 8387 8324 701 638 0
8387 8324 701 638 136 137 200 199 0
11 12 75 74 8262 8199 702 639 0
8262 8199 702 639 8263 8200 703 640 0
8263 8200 703 640 8264 8201 704 641 0
8264 8201 704 641 8265 8202 705 642 0
8265 8202 705 642 8266 8203 706 643 0
8266 8203 706 643 8267 8204 707 644 0
8267 8204 707 644 8268 8205 708 645 0
8268 8205 708 645 8269 8206 709 646 0
8269 8206 709 646 8270 8207 710 647 0
8270 8207 710 647 8271 8208 711 648 0
8271 8208 711 648 8272 8209 712 649 0
8272 8209 712 649 8273 8210 713 650 0
8273 8210 713 650 8274 8211 714 651 0
8274 8211 714 651 8275 8212 715 652 0
8275 8212 715 652 8276 8213 716 653 0
8276 8213 716 653 8277 8214 717 654 0
8277 8214 717 654 8278 8215 718 655 0
8278 8215 718 655 8279 8216 719 656 0
8279 8216 719 656 8280 8217 720 657 0
8280 8217 720 657 8281 8218 721 658 0
8281 8218 721 658 8282 8219 722 659 0
8282 8219 722 659 8283 8220 723 660 0
8283 8220 723 660 8284 8221 724 661 0
8284 8221 724 661 8285 8222 725 662 0
8285 8222 725 662 8286 8223 726 663 0
8286 8223 726 663 8287 8224 727 664 0
8287 8224 727 664 8288 8225 728 665 0
8288 8225 728 665 8289 8226 729 666 0
8289 8226 729 666 8290 8227 730 667 0
8290 8227 730 667 8291 8228 731 668 0
8291 8228 731 668 8292 8229 732 669 0
8292 8229 732 669 8293 8230 733 670 0
8293 8230 733 670 8294 8231 734 671 0
8294 8231 734 671 8295 8232 735 672 0
8295 8232 735 672 8296 8233 736 673 0
8296 8233 736 673 8297 8234 737 674 0
8297 8234 737 674 8298 8235 738 675 0
8298 8235 738 675 8299 8236 739 676 0
8299 8236 739 676 8300 8237 740 677 0
8300 8237 740 677 8301 8238 741 678 0
8301 8238 741 678 8302 8239 742 679 0
8302 8239 742 679 8303 8240 743 680 0
8303 8240 743 680 8304 8241 744 681 0
8304 8241 744 681 8305 8242 745 682 0
8305 8242 745 682 8306 8243 746 683 0
8306 8243 746 683 8307 8244 747 684 0
8307 8244 747 684 8308 8245 748 685 0
8308 8245 748 685 8309 8246 749 686 0
8309 8246 749 686 8310 8247 750 687 0
8310 8247 750 687 8311 8248 751 688 0
8311 8248 751 688 8312 8249 752 689 0
8312 8249 752 689 8313 8250 753 690 0
8313 8250 753 690 8314 8251 754 691 0
8314 8251 754 691 8315 8252 755 692 0
8315 8252 755 692 8316 8253 756 693 0
8316 8253 756 693 8317 8254 757 694 0
8317 8254 757 694 8318 8255 758 695 0
8318 8255 758 695 8319 8256 759 696 0
8319 8256 759 696 8320 8257 760 697 0
8320 8257 760 697 8321 8258 761 698 0
8321 8258 761 698 8322 8259 762 699 0
8322 8259 762 699 8323 8260 763 700 0
8323 8260 763 700 8324 8261 764 701 0
8324 8261 764 701 137 138 201 200 0
12 13 76 75 8199 8136 765 702 0
8199 8136 765 702 8200 8137 766 703 0
8200 8137 766 703 8201 8138 767 704 0
8201 8138 767 704 8202 8139 768 705 0
8202 8139 768 705 8203 8140 769 706 0
8203 8140 769 706 8204 8141 770 707 0
8204 8141 770 707 8205 8142 771 708 0
8205 8142 771 708 8206 8143 772 709 0
8206 8143 772 709 8207 8144 773 710 0
8207 8144 773 710 8208 8145 774 711 0
8208 8145 774 711 8209 8146 775 712 0
8209 8146 775 712 8210 8147 776 713 0
8210 8147 776 713 8211 8148 777 714 0
8211 8148 777 714 8212 8149 778 715 0
8212 8149 778 715 8213 8150 779 716 0
8213 8150 779 716 8214 8151 780 717 0
8214 8151 780 717 8215 8152 781 718 0
8215 8152 781 718 8216 8153 782 719 0
8216 8153 782 719 8217 8154 783 720 0
8217 8154 783 720 8218 8155 784 721 0
8218 8155 784 721 8219 8156 785 722 0
8219 8156 785 722 8220 8157 786 723 0
8220 8157 786 723 8221 8158 787 724 0
8221 8158 787 724 8222 8159 788 725 0
8222 8159 788 725 8223 8160 789 726 0
8223 8160 789 726 8224 8161 790 727 0
8224 8161 790 727 8225 8162 791 728 0
8225 8162 791 728 8226 8163 792 729 0
8226 8163 792 729 8227 8164 793 730 0
8227 8164 793 730 8228 8165 794 731 0
8228 8165 794 731 8229 8166 795 732 0
8229 8166 795 732 8230 8167 796 733 0
8230 8167 796 733 8231 8168 797 734 0
8231 8168 797 734 8232 8169 798 735 0
8232 8169 798 735 8233 8170 799 736 0
8233 8170 799 736 8234 8171 800 737 0
8234 8171 800 737 8235 8172 801 738 0
8235 8172 801 738 8236 8173 802 739 0
8236 8173 802 739 8237 8174 803 740 0
8237 8174 803 740 8238 8175 804 741 0
8238 8175 804 741 8239 8176 805 742 0
8239 8176 805 742 8240 8177 806 743 0
8240 8177 806 743 8241 8178 807 744 0
8241 8178 807 744 8242 8179 808 745 0
8242 8179 808 745 8243 8180 809 746 0
8243 8180 809 746 8244 8181 810 747 0
8244 8181 810 747 8245 8182 811 748 0
8245 8182 811 748 8246 8183 812 749 0
8246 8183 812 749 8247 8184 813 750 0
8247 8184 813 750 8248 8185 814 751 0
8248 8185 814 751 8249 8186 815 752 0
8249 8186 815 752 8250 8187 816 753 0
8250 8187 816 753 8251 8188 817 754 0
8251 8188 817 754 8252 8189 818 755 0
8252 8189 818 755 8253 8190 819 756 0
8253 8190 819 756 8254 8191 820 757 0
8254 8191 820 757 8255 8192 821 758 0
8255 8192 821 758 8256 8193 822 759 0
8256 8193 822 759 8257 8194 823 760 0
8257 8194 823 760 8258 8195 824 761 0
8258 8195 824 761 8259 8196 825 762 0
8259 8196 825 762 8260 8197 826 763 0
8260 8197 826 763 8261 8198 827 764 0
8261 8198 827 764 138 139 202 201 0
13 14 77 76 8136 8073 828 765 0
8136 8073 828 765 8137 8074 829 766 0
8137 8074 829 766 8138 8075 830 767 0
8138 8075 830 767 8139 8076 831 768 0
8139 8076 831 768 8140 8077 832 769 0
8140 8077 832 769 8141 8078 833 770 0
8141 8078 833 770 8142 8079 834 771 0
8142 8079 834 771 8143 8080 835 772 0
8143 8080 835 772 8144 8081 836 773 0
8144 8081 836 773 8145 8082 837 774 0
8145 8082 837 774 8146 8083 838 775 0
8146 8083 838 775 8147 8084 839 776 0
8147 8084 839 776 8148 8085 840 777 0
8148 8085 840 777 8149 8086 841 778 0
8149 8086 841 778 8150 8087 842 779 0
8150 8087 842 779 8151 8088 843 780 0
8151 8088 843 780 8152 8089 844 781 0
8152 8089 844 781 8153 8090 845 782 0
8153 8090 845 782 8154 8091 846 783 0
8154 8091 846 783 8155 8092 847 784 0
8155 8092 847 784 8156 8093 848 785 0
8156 8093 848 785 8157 8094 849 786 0
8157 8094 849 786 8158 8095 850 787 0
8158 8095 850 787 8159 8096 851 788 0
8159 8096 851 788 8160 8097 852 789 0
8160 8097 852 789 8161 8098 853 790 0
8161 8098 853 790 8162 8099 854 791 0
8162 8099 854 791 8163 8100 855 792 0
8163 8100 855 792 8164 8101 856 793 0
8164 8101 856 793 8165 8102 857 794 0
8165 8102 857 794 8166 8103 858 795 0
8166 8103 858 795 8167 8104 859 796 0
8167 8104 859 796 8168 8105 860 797 0
8168 8105 860 797 8169 8106 861 798 0
8169 8106 861 798 8170 8107 862 799 0
8170 8107 862 799 8171 8108 863 800 0
8171 8108 863 800 8172 8109 864 801 0
8172 8109 864 801 8173 8110 865 802 0
8173 8110 865 802 8174 8111 866 803 0
8174 8111 866 803 8175 8112 867 804 0
8175 8112 867 804 8176 8113 868 805 0
8176 8113 868 805 8177 8114 869 806 0
8177 8114 869 806 8178 8115 870 807 0
8178 8115 870 807 8179 8116 871 808 0
8179 8116 871 808 8180 8117 872 809 0
8180 8117 872 809 8181 8118 873 810 0
8181 8118 873 810 8182 8119 874 811 0
8182 8119 874 811 8183 8120 875 812 0
8183 8120 875 812 8184 8121 876 813 0
8184 8121 876 813 8185 8122 877 814 0
8185 8122 877 814 8186 8123 878 815 0
8186 8123 878 815 8187 8124 879 816 0
8187 8124 879 816 8188 8125 880 817 0
8188 8125 880 817 8189 8126 881 818 0
8189 8126 881 818 8190 8127 882 819 0
8190 8127 882 819 8191 8128 883 820 0
8191 8128 883 820 8192 8129 884 821 0
8192 8129 884 821 8193 8130 885 822 0
8193 8130 885 822 8194 8131 886 823 0
8194 8131 886 823 8195 8132 887 824 0
8195 8132 887 824 8196 8133 888 825 0
8196 8133 888 825 8197 8134 889 826 0
8197 8134 889 826 8198 8135 890 827 0
8198 8135 890 827 139 140 203 202 0
14 15 78 77 8073 8010 891 828 0
8073 8010 891 828 8074 8011 892 829 0
8074 8011 892 829 8075 8012 893 830 0
8075 8012 893 830 8076 8013 894 831 0
8076 8013 894 831 8077 8014 895 832 0
8077 8014 895 832 8078 8015 896 833 0
8078 8015 896 833 8079 8016 897 834 0
8079 8016 897 834 8080 8017 898 835 0
8080 8017 898 835 8081 8018 899 836 0
8081 8018 899 836 8082 8019 900 837 0
8082 8019 900 837 8083 8020 901 838 0
8083 8020 901 838 8084 8021 902 839 0
8084 8021 902 839 8085 8022 903 840 0
8085 8022 903 840 8086 8023 904 841 0
8086 8023 904 841 8087 8024 905 842 0
8087 8024 905 842 8088 8025 906 843 0
8088 8025 906 843 8089 8026 907 844 0
8089 8026 907 844 8090 8027 908 845 0
8090 8027 908 845 8091 8028 909 846 0
8091 8028 909 846 8092 8029 910 847 0
8092 8029 910 847 8093 8030 911 848 0
8093 8030 911 848 8094 8031 912 849 0
8094 8031 912 849 8095 8032 913 850 0
8095 8032 913 850 8096 8033 914 851 0
8096 8033 914 851 8097 8034 915 852 0
8097 8034 915 852 8098 8035 916 853 0
8098 8035 916 853 8099 8036 917 854 0
8099 8036 917 854 8100 8037 918 855 0
8100 8037 918 855 8101 8038 919 856 0
8101 8038 919 856 8102 8039 920 857 0
8102 8039 920 857 8103 8040 921 858 0
8103 8040 921 858 8104 8041 922 859 0
8104 8041 922 859 8105 8042 923 860 0
8105 8042 923 860 8106 8043 924 861 0
8106 8043 924 861 8107 8044 925 862 0
8107 8044 925 862 8108 8045 926 863 0
8108 8045 926 863 8109 8046 927 864 0
8109 8046 927 864 8110 8047 928 865 0
8110 8047 928 865 8111 8048 929 866 0
8111 8048 929 866 8112 8049 930 867 0
8112 8049 930 867 8113 8050 931 868 0
8113 8050 931 868 8114 8051 932 869 0
8114 8051 932 869 8115 8052 933 870 0
8115 8052 933 870 8116 8053 934 871 0
8116 8053 934 871 8117 8054 935 872 0
8117 8054 935 872 8118 8055 936 873 0
8118 8055 936 873 8119 8056 937 874 0
8119 8056 937 874 8120 8057 938 875 0
8120 8057 938 875 8121 8058 939 876 0
8121 8058 939 876 8122 8059 940 877 0
8122 8059 940 877 8123 8060 941 878 0
8123 8060 941 878 8124 8061 942 879 0
8124 8061 942 879 8125 8062 943 880 0
8125 8062 943 880 8126 8063 944 881 0
8126 8063 944 881 8127 8064 945 882 0
8127 8064 945 882 8128 8065 946 883 0
8128 8065 946 883 8129 8066 947 884 0
8129 8066 947 884 8130 8067 948 885 0
8130 8067 948 885 8131 8068 949 886 0
8131 8068 949 886 8132 8069 950 887 0
8132 8069 950 887 8133 8070 951 888 0
8133 8070 951 888 8134 8071 952 889 0
8134 8071 952 889 8135 8072 953 890 0
8135 8072 953 890 140 141 204 203 0
15 16 79 78 8010 7947 954 891 0
8010 7947 954 891 8011 7948 955 892 0
8011 7948 955 892 8012 7949 956 893 0
8012 7949 956 893 8013 7950 957 894 0
8013 7950 957 894 8014 7951 958 895 0
8014 7951 958 895 8015 7952 959 896 0
8015 7952 959 896 8016 7953 960 897 0
8016 7953 960 897 8017 7954 961 898 0
8017 7954 961 898 8018 7955 962 899 0
8018 7955 962 899 8019 7956 963 900 0
8019 7956 963 900 8020 7957 964 901 0
8020 7957 964 901 8021 7958 965 902 0
8021 7958 965 902 8022 7959 966 903 0
8022 7959 966 903 8023 7960 967 904 0
8023 7960 967 904 8024 7961 968 905 0
8024 7961 968 905 8025 7962 969 906 0
8025 7962 969 906 8026 7963 970 907 0
8026 7963 970 907 8027 7964 971 908 0
8027 7964 971 908 8028 7965 972 909 0
8028 7965 972 909 8029 7966 973 910 0
8029 7966 973 910 8030 7967 974 911 0
8030 7967 974 911 8031 7968 975 912 0
8031 7968 975 912 8032 7969 976 913 0
8032 7969 976 913 8033 7970 977 914 0
8033 7970 977 914 8034 7971 978 915 0
8034 7971 978 915 8035 7972 979 916 0
8035 7972 979 916 8036 7973 980 917 0
8036 7973 980 917 8037 7974 981 918 0
8037 7974 981 918 8038 7975 982 919 0
8038 7975 982 919 8039 7976 983 920 0
8039 7976 983 920 8040 7977 984 921 0
8040 7977 984 921 8041 7978 985 922 0
8041 7978 985 922 8042 7979 986 923 0
8042 7979 986 923 8043 7980 987 924 0
8043 7980 987 924 8044 7981 988 925 0
8044 7981 988 925 8045 7982 989 926 0
8045 7982 989 926 8046 7983 990 927 0
8046 7983 990 927 8047 7984 991 928 0
8047 7984 991 928 8048 7985 992 929 0
8048 7985 992 929 8049 7986 993 930 0
8049 7986 993 930 8050 7987 994 931 0
8050 7987 994 931 8051 7988 995 932 0
8051 7988 995 932 8052 7989 996 933 0
8052 7989 996 933 8053 7990 997 934 0
8053 7990 997 934 8054 7991 998 935 0
8054 7991 998 935 8055 7992 999 936 0
8055 7992 999 936 8056 7993 1000 937 0
8056 7993 1000 937 8057 7994 1001 938 0
8057 7994 1001 938 8058 7995 1002 939 0
8058 7995 1002 939 8059 7996 1003 940 0
8059 7996 1003 940 8060 7997 1004 941 0
8060 7997 1004 941 8061 7998 1005 942 0
8061 7998 1005 942 8062 7999 1006 943 0
8062 7999 1006 943 8063 8000 1007 944 0
8063 8000 1007 944 8064 8001 1008 945 0
8064 8001 1008 945 8065 8002 1009 946 0
8065 8002 1009 946 8066 8003 1010 947 0
8066 8003 1010 947 8067 8004 1011 948 0
8067 8004 1011 948 8068 8005 1012 949 0
8068 8005 1012 949 8069 8006 1013 950 0
8069 8006 1013 950 8070 8007 1014 951 0
8070 8007 1014 951 8071 8008 1015 952 0
8071 8008 1015 952 8072 8009 1016 953 0
8072 8009 1016 953 141 142 205 204 0
16 17 80 79 7947 7884 1017 954 0
7947 7884 1017 954 7948 7885 1018 955 0
7948 7885 1018 955 7949 7886 1019 956 0
7949 7886 1019 956 7950 7887 1020 957 0
7950 7887 1020 957 7951 7888 1021 958 0
7951 7888 1021 958 7952 7889 1022 959 0
7952 7889 1022 959 7953 7890 1023 960 0
7953 7890 1023 960 7954 7891 1024 961 0
7954 7891 1024 961 7955 7892 1025 962 0
7955 7892 1025 962 7956 7893 1026 963 0
7956 7893 1026 963 7957 7894 1027 964 0
7957 7894 1027 964 7958 7895 1028 965 0
7958 7895 1028 965 7959 7896 1029 966 0
7959 7896 1029 966 7960 7897 1030 967 0
7960 7897 1030 967 7961 7898 1031 968 0
7961 7898 1031 968 7962 7899 1032 969 0
7962 7899 1032 969 7963 7900 1033 970 0
7963 7900 1033 970 7964 7901 1034 971 0
7964 7901 1034 971 7965 7902 1035 972 0
7965 7902 1035 972 7966 7903 1036 973 0
7966 7903 1036 973 7967 7904 1037 974 0
7967 7904 1037 974 7968 7905 1038 975 0
7968 7905 1038 975 7969 7906 1039 976 0
7969 7906 1039 976 7970 7907 1040 977 0
7970 7907 1040 977 7971 7908 1041 978 0
7971 7908 1041 978 7972 7909 1042 979 0
7972 7909 1042 979 7973 7910 1043 980 0
7973 7910 1043 980 7974 7911 1044 981 0
7974 7911 1044 981 7975 7912 1045 982 0
7975 7912 1045 982 7976 7913 1046 983 0
7976 7913 1046 983 7977 7914 1047 984 0
7977 7914 1047 984 7978 7915 1048 985 0
7978 7915 1048 985 7979 7916 1049 986 0
7979 7916 1049 986 7980 7917 1050 987 0
7980 7917 1050 987 7981 7918 1051 988 0
7981 7918 1051 988 7982 7919 1052 989 0
7982 7919 1052 989 7983 7920 1053 990 0
7983 7920 1053 990 7984 7921 1054 991 0
7984 7921 1054 991 7985 7922 1055 992 0
7985 7922 1055 992 7986 7923 1056 993 0
7986 7923 1056 993 7987 7924 1057 994 0
7987 7924 1057 994 7988 7925 1058 995 0
7988 7925 1058 995 7989 7926 1059 996 0
7989 7926 1059 996 7990 7927 1060 997 0
7990 7927 1060 997 7991 7928 1061 998 0
7991 7928 1061 998 7992 7929 1062 999 0
7992 7929 1062 999 7993 7930 1063 1000 0
7993 7930 1063 1000 7994 7931 1064 1001 0
7994 7931 1064 1001 7995 7932 1065 1002 0
7995 7932 1065 1002 7996 7933 1066 1003 0
7996 7933 1066 1003 7997 7934 1067 1004 0
7997 7934 1067 1004 7998 7935 1068 1005 0
7998 7935 1068 1005 7999 7936 1069 1006 0
7999 7936 1069 1006 8000 7937 1070 1007 0
8000 7937 1070 1007 8001 7938 1071 1008 0
8001 7938 1071 1008 8002 7939 1072 1009 0
8002 7939 1072 1009 8003 7940 1073 1010 0
8003 7940 1073 1010 8004 7941 1074 1011 0
8004 7941 1074 1011 8005 7942 1075 1012 0
8005 7942 1075 1012 8006 7943 1076 1013 0
8006 7943 1076 1013 8007 7944 1077 1014 0
8007 7944 1077 1014 8008 7945 1078 1015 0
8008 7945 1078 1015 8009 7946 1079 1016 0
8009 7946 1079 1016 142 143 206 205 0
17 18 81 80 7884 7821 1080 1017 0
7884 7821 1080 1017 7885 7822 1081 1018 0
7885 7822 1081 1018 7886 7823 1082 1019 0
7886 7823 1082 1019 7887 7824 1083 1020 0
7887 7824 1083 1020 7888 7825 1084 1021 0
7888 7825 1084 1021 7889 7826 1085 1022 0
7889 7826 1085 1022 7890 7827 1086 1023 0
7890 7827 1086 1023 7891 7828 1087 1024 0
7891 7828 1087 1024 7892 7829 1088 1025 0
7892 7829 1088 1025 7893 7830 1089 1026 0
7893 7830 1089 1026 7894 7831 1090 1027 0
7894 7831 1090 1027 7895 7832 1091 1028 0
7895 7832 1091 1028 7896 7833 1092 1029 0
7896 7833 1092 1029 7897 7834 1093 1030 0
7897 7834 1093 1030 7898 7835 1094 1031 0
7898 7835 1094 1031 7899 7836 1095 1032 0
7899 7836 1095 1032 7900 7837 1096 1033 0
7900 7837 1096 1033 7901 7838 1097 1034 0
7901 7838 1097 1034 7902 7839 1098 1035 0
7902 7839 1098 1035 7903 7840 1099 1036 0
7903 7840 1099 1036 7904 7841 1100 1037 0
7904 7841 1100 1037 7905 7842 1101 1038 0
7905 7842 1101 1038 7906 7843 1102 1039 0
7906 7843 1102 1039 7907 7844 1103 1040 0
7907 7844 1103 1040 7908 7845 1104 1041 0
7908 7845 1104 1041 7909 7846 1105 1042 0
7909 7846 1105 1042 7910 7847 1106 1043 0
7910 7847 1106 1043 7911 7848 1107 1044 0
7911 7848 1107 1044 7912 7849 1108 1045 0
7912 7849 1108 1045 7913 7850 1109 1046 0
7913 7850 1109 1046 7914 7851 1110 1047 0
7914 7851 1110 1047 7915 7852 1111 1048 0
7915 7852 1111 1048 7916 7853 1112 1049 0
7916 7853 1112 1049 7917 7854 1113 1050 0
7917 7854 1113 1050 7918 7855 1114 1051 0
7918 7855 1114 1051 7919 7856 1115 1052 0
7919 7856 1115 1052 7920 7857 1116 1053 0
7920 7857 1116 1053 7921 7858 1117 1054 0
7921 7858 1117 1054 7922 7859 1118 1055 0
7922 7859 1118 1055 7923 7860 1119 1056 0
7923 7860 1119 1056 7924 7861 1120 1057 0
7924 7861 1120 1057 7925 7862 1121 1058 0
7925 7862 1121 1058 7926 7863 1122 1059 0
7926 7863 1122 1059 7927 7864 1123 1060 0
7927 7864 1123 1060 7928 7865 1124 1061 0
7928 7865 1124 1061 7929 7866 1125 1062 0
7929 7866 1125 1062 7930 7867 1126 1063 0
7930 7867 1126 1063 7931 7868 1127 1064 0
7931 7868 1127 1064 7932 7869 1128 1065 0
7932 7869 1128 1065 7933 7870 1129 1066 0
7933 7870 1129 1066 7934 7871 1130 1067 0
7934 7871 1130 1067 7935 7872 1131 1068 0
7935 7872 1131 1068 7936 7873 1132 1069 0
7936 7873 1132 1069 7937 7874 1133 1070 0
7937 7874 1133 1070 7938 7875 1134 1071 0
7938 7875 1134 1071 7939 7876 1135 1072 0
7939 7876 1135 1072 7940 7877 1136 1073 0
7940 7877 1136 1073 7941 7878 1137 1074 0
7941 7878 1137 1074 7942 7879 1138 1075 0
7942 7879 1138 1075 7943 7880 1139 1076 0
7943 7880 1139 1076 7944 7881 1140 1077 0
7944 7881 1140 1077 7945 7882 1141 1078 0
7945 7882 1141 1078 7946 7883 1142 1079 0
7946 7883 1142 1079 143 144 207 206 0
18 19 82 81 7821 7758 1143 1080 0
7821 7758 1143 1080 7822 7759 1144 1081 0
7822 7759 1144 1081 7823 7760 1145 1082 0
7823 7760 1145 1082 7824 7761 1146 1083 0
7824 7761 1146 1083 7825 7762 1147 1084 0
7825 7762 1147 1084 7826 7763 1148 1085 0
7826 7763 1148 1085 7827 7764 1149 1086 0
7827 7764 1149 1086 7828 7765 1150 1087 0
7828 7765 1150 1087 7829 7766 1151 1088 0
7829 7766 1151 1088 7830 7767 1152 1089 0
7830 7767 1152 1089 7831 7768 1153 1090 0
7831 7768 1153 1090 7832 7769 1154 1091 0
7832 7769 1154 1091 7833 7770 1155 1092 0
7833 7770 1155 1092 7834 7771 1156 1093 0
7834 7771 1156 1093 7835 7772 1157 1094 0
7835 7772 1157 1094 7836 7773 1158 1095 0
7836 7773 1158 1095 7837 7774 1159 1096 0
7837 7774 1159 1096 7838 7775 1160 1097 0
7838 7775 1160 1097 7839 7776 1161 1098 0
7839 7776 1161 1098 7840 7777 1162 1099 0
7840 7777 1162 1099 7841 7778 1163 1100 0
7841 7778 1163 1100 7842 7779 1164 1101 0
7842 7779 1164 1101 7843 7780 1165 1102 0
7843 7780 1165 1102 7844 7781 1166 1103 0
7844 7781 1166 1103 7845 7782 1167 1104 0
7845 7782 1167 1104 7846 7783 1168 1105 0
7846 7783 1168 1105 7847 7784 1169 1106 0
7847 7784 1169 1106 7848 7785 1170 1107 0
7848 7785 1170 1107 7849 7786 1171 1108 0
7849 7786 1171 1108 7850 7787 1172 1109 0
7850 7787 1172 1109 7851 7788 1173 1110 0
7851 7788 1173 1110 7852 7789 1174 1111 0
7852 7789 1174 1111 7853 7790 1175 1112 0
7853 7790 1175 1112 7854 7791 1176 1113 0
7854 7791 1176 1113 7855 7792 1177 1114 0
7855 7792 1177 1114 7856 7793 1178 1115 0
7856 7793 1178 1115 7857 7794 1179 1116 0
7857 7794 1179 1116 7858 7795 1180 1117 0
7858 7795 1180 1117 7859 7796 1181 1118 0
7859 7796 1181 1118 7860 7797 1182 1119 0
7860 7797 1182 1119 7861 7798 1183 1120 0
7861 7798 1183 1120 7862 7799 1184 1121 0
7862 7799 1184 1121 7863 7800 1185 1122 0
7863 7800 1185 1122 7864 7801 1186 1123 0
7864 7801 1186 1123 7865 7802 1187 1124 0
7865 7802 1187 1124 7866 7803 1188 1125 0
7866 7803 1188 1125 7867 7804 1189 1126 0
7867 7804 1189 1126 7868 7805 1190 1127 0
7868 7805 1190 1127 7869 7806 1191 1128 0
7869 7806 1191 1128 7870 7807 1192 1129 0
7870 7807 1192 1129 7871 7808 1193 1130 0
7871 7808 1193 1130 7872 7809 1194 1131 0
7872 7809 1194 1131 7873 7810 1195 1132 0
7873 7810 1195 1132 7874 7811 1196 1133 0
7874 7811 1196 1133 7875 7812 1197 1134 0
7875 7812 1197 1134 7876 7813 1198 1135 0
7876 7813 1198 1135 7877 7814 1199 1136 0
7877 7814 1199 1136 7878 7815 1200 1137 0
7878 7815 1200 1137 7879 7816 1201 1138 0
7879 7816 1201 1138 7880 7817 1202 1139 0
7880 7817 1202 1139 7881 7818 1203 1140 0
7881 7818 1203 1140 7882 7819 1204 1141 0
7882 7819 1204 1141 7883 7820 1205 1142 0
7883 7820 1205 1142 144 145 208 207 0
19 20 83 82 7758 7695 1206 1143 0
7758 7695 1206 1143 7759 7696 1207 1144 0
7759 7696 1207 1144 7760 7697 1208 1145 0
7760 7697 1208 1145 7761 7698 1209 1146 0
7761 7698 1209 1146 7762 7699 1210 1147 0
7762 7699 1210 1147 7763 7700 1211 1148 0
7763 7700 1211 1148 7764 7701 1212 1149 0
7764 7701 1212 1149 7765 7702 1213 1150 0
7765 7702 1213 1150 7766 7703 1214 1151 0
7766 7703 1214 1151 7767 7704 1215 1152 0
7767 7704 1215 1152 7768 7705 1216 1153 0
7768 7705 1216 1153 7769 7706 1217 1154 0
7769 7706 1217 1154 7770 7707 1218 1155 0
7770 7707 1218 1155 7771 7708 1219 1156 0
7771 7708 1219 1156 7772 7709 1220 1157 0
7772 7709 1220 1157 7773 7710 1221 1158 0
7773 7710 1221 1158 7774 7711 1222 1159 0
7774 7711 1222 1159 7775 7712 1223 1160 0
7775 7712 1223 1160 7776 7713 1224 1161 0
7776 7713 1224 1161 7777 7714 1225 1162 0
7777 7714 1225 1162 7778 7715 1226 1163 0
7778 7715 1226 1163 7779 7716 1227 1164 0
7779 7716 1227 1164 7780 7717 1228 1165 0
7780 7717 1228 1165 7781 7718 1229 1166 0
7781 7718 1229 1166 7782 7719 1230 1167 0
7782 7719 1230 1167 7783 7720 1231 1168 0
7783 7720 1231 1168 7784 7721 1232 1169 0
7784 7721 1232 1169 7785 7722 1233 1170 0
7785 7722 1233 1170 7786 7723 1234 1171 0
7786 7723 1234 1171 7787 7724 1235 1172 0
7787 7724 1235 1172 7788 7725 1236 1173 0
7788 7725 1236 1173 7789 7726 1237 1174 0
7789 7726 1237 1174 7790 7727 1238 1175 0
7790 7727 1238 1175 7791 7728 1239 1176 0
7791 7728 1239 1176 7792 7729 1240 1177 0
7792 7729 1240 1177 7793 7730 1241 1178 0
7793 7730 1241 1178 7794 7731 1242 1179 0
7794 7731 1242 1179 7795 7732 1243 1180 0
7795 7732 1243 1180 7796 7733 1244 1181 0
7796 7733 1244 1181 7797 7734 1245 1182 0
7797 7734 1245 1182 7798 7735 1246 1183 0
7798 7735 1246 1183 7799 7736 1247 1184 0
7799 7736 1247 1184 7800 7737 1248 1185 0
7800 7737 1248 1185 7801 7738 1249 1186 0
7801 7738 1249 1186 7802 7739 1250 1187 0
7802 7739 1250 1187 7803 7740 1251 1188 0
7803 7740 1251 1188 7804 7741 1252 1189 0
7804 7741 1252 1189 7805 7742 1253 1190 0
7805 7742 1253 1190 7806 7743 1254 1191 0
7806 7743 1254 1191 7807 7744 1255 1192 0
7807 7744 1255 1192 7808 7745 1256 1193 0
7808 7745 1256 1193 7809 7746 1257 1194 0
7809 7746 1257 1194 7810 7747 1258 1195 0
7810 7747 1258 1195 7811 7748 1259 1196 0
7811 7748 1259 1196 7812 7749 1260 1197 0
7812 7749 1260 1197 7813 7750 1261 1198 0
7813 7750 1261 1198 7814 7751 1262 1199 0
7814 7751 1262 1199 7815 7752 1263 1200 0
7815 7752 1263 1200 7816 7753 1264 1201 0
7816 7753 1264 1201 7817 7754 1265 1202 0
7817 7754 1265 1202 7818 7755 1266 1203 0
7818 7755 1266 1203 7819 7756 1267 1204 0
7819 7756 1267 1204 7820 7757 1268 1205 0
7820 7757 1268 1205 145 146 209 208 0
20 21 84 83 7695 7632 1269 1206 0
7695 7632 1269 1206 7696 7633 1270 1207 0
7696 7633 1270 1207 7697 7634 1271 1208 0
7697 7634 1271 1208 7698 7635 1272 1209 0
7698 7635 1272 1209 7699 7636 1273 1210 0
7699 7636 1273 1210 7700 7637 1274 1211 0
7700 7637 1274 1211 7701 7638 1275 1212 0
7701 7638 1275 1212 7702 7639 1276 1213 0
7702 7639 1276 1213 7703 7640 1277 1214 0
7703 7640 1277 1214 7704 7641 1278 1215 0
7704 7641 1278 1215 7705 7642 1279 1216 0
7705 7642 1279 1216 7706 7643 1280 1217 0
7706 7643 1280 1217 7707 7644 1281 1218 0
7707 7644 1281 1218 7708 7645 1282 1219 0
7708 7645 1282 1219 7709 7646 1283 1220 0
7709 7646 1283 1220 7710 7647 1284 1221 0
7710 7647 1284 1221 7711 7648 1285 1222 0
7711 7648 1285 1222 7712 7649 1286 1223 0
7712 7649 1286 1223 7713 7650 1287 1224 0
7713 7650 1287 1224 7714 7651 1288 1225 0
7714 7651 1288 1225 7715 7652 1289 1226 0
7715 7652 1289 1226 7716 7653 1290 1227 0
7716 7653 1290 1227 7717 7654 1291 1228 0
7717 7654 1291 1228 7718 7655 1292 1229 0
7718 7655 1292 1229 7719 7656 1293 1230 0
7719 7656 1293 1230 7720 7657 1294 1231 0
7720 7657 1294 1231 7721 7658 1295 1232 0
7721 7658 1295 1232 7722 7659 1296 1233 0
7722 7659 1296 1233 7723 7660 1297 1234 0
7723 7660 1297 1234 7724 7661 1298 1235 0
7724 7661 1298 1235 7725 7662 1299 1236 0
7725 7662 1299 1236 7726 7663 1300 1237 0
7726 7663 1300 1237 7727 7664 1301 1238 0
7727 7664 1301 1238 7728 7665 1302 1239 0
7728 7665 1302 1239 7729 7666 1303 1240 0
7729 7666 1303 1240 7730 7667 1304 1241 0
7730 7667 1304 1241 7731 7668 1305 1242 0
7731 7668 1305 1242 7732 7669 1306 1243 0
7732 7669 1306 1243 7733 7670 1307 1244 0
7733 7670 1307 1244 7734 7671 1308 1245 0
7734 7671 1308 1245 7735 7672 1309 1246 0
7735 7672 1309 1246 7736 7673 1310 1247 0
7736 7673 1310 1247 7737 7674 1311 1248 0
7737 7674 1311 1248 7738 7675 1312 1249 0
7738 7675 1312 1249 7739 7676 1313 1250 0
7739 7676 1313 1250 7740 7677 1314 1251 0
7740 7677 1314 1251 7741 7678 1315 1252 0
7741 7678 1315 1252 7742 7679 1316 1253 0
7742 7679 1316 1253 7743 7680 1317 1254 0
7743 7680 1317 1254 7744 7681 1318 1255 0
7744 7681 1318 1255 7745 7682 1319 1256 0
7745 7682 1319 1256 7746 7683 1320 1257 0
7746 7683 1320 1257 7747 7684 1321 1258 0
7747 7684 1321 1258 7748 7685 1322 1259 0
7748 7685 1322 1259 7749 7686 1323 1260 0
7749 7686 1323 1260 7750 7687 1324 1261 0
7750 7687 1324 1261 7751 7688 1325 1262 0
7751 7688 1325 1262 7752 7689 1326 1263 0
7752 7689 1326 1263 7753 7690 1327 1264 0
7753 7690 1327 1264 7754 7691 1328 1265 0
7754 7691 1328 1265 7755 7692 1329 1266 0
7755 7692 1329 1266 7756 7693 1330 1267 0
7756 7693 1330 1267 7757 7694 1331 1268 0
7757 7694 1331 1268 146 147 210 209 0
21 22 85 84 7632 7569 1332 1269 0
7632 7569 1332 1269 7633 7570 1333 1270 0
7633 7570 1333 1270 7634 7571 1334 1271 0
7634 7571 1334 1271 7635 7572 1335 1272 0
7635 7572 1335 1272 7636 7573 1336 1273 0
7636 7573 1336 1273 7637 7574 1337 1274 0
7637 7574 1337 1274 7638 7575 1338 1275 0
7638 7575 1338 1275 7639 7576 1339 1276 0
7639 7576 1339 1276 7640 7577 1340 1277 0
7640 7577 1340 1277 7641 7578 1341 1278 0
7641 7578 1341 1278 7642 7579 1342 1279 0
7642 7579 1342 1279 7643 7580 1343 1280 0
7643 7580 1343 1280 7644 7581 1344 1281 0
7644 7581 1344 1281 7645 7582 1345 1282 0
7645 7582 1345 1282 7646 7583 1346 1283 0
7646 7583 1346 1283 7647 7584 1347 1284 0
7647 7584 1347 1284 7648 7585 1348 1285 0
7648 7585 1348 1285 7649 7586 1349 1286 0
7649 7586 1349 1286 7650 7587 1350 1287 0
7650 7587 1350 1287 7651 7588 1351 1288 0
7651 7588 1351 1288 7652 7589 1352 1289 0
7652 7589 1352 1289 7653 7590 1353 1290 0
7653 7590 1353 1290 7654 7591 1354 1291 0
7654 7591 1354 1291 7655 7592 1355 1292 0
7655 7592 1355 1292 7656 7593 1356 1293 0
7656 7593 1356 1293 7657 7594 1357 1294 0
7657 7594 1357 1294 7658 7595 1358 1295 0
7658 7595 1358 1295 7659 7596 1359 1296 0
7659 7596 1359 1296 7660 7597 1360 1297 0
7660 7597 1360 1297 7661 7598 1361 1298 0
7661 7598 1361 1298 7662 7599 1362 1299 0
7662 7599 1362 1299 7663 7600 1363 1300 0
7663 7600 1363 1300 7664 7601 1364 1301 0
7664 7601 1364 1301 7665 7602 1365 1302 0
7665 7602 1365 1302 7666 7603 1366 1303 0
7666 7603 1366 1303 7667 7604 1367 1304 0
7667 7604 1367 1304 7668 7605 1368 1305 0
7668 7605 1368 1305 7669 7606 1369 1306 0
7669 7606 1369 1306 7670 7607 1370 1307 0
7670 7607 1370 1307 7671 7608 1371 1308 0
7671 7608 1371 1308 7672 7609 1372 1309 0
7672 7609 1372 1309 7673 7610 1373 1310 0
7673 7610 1373 1310 7674 7611 1374 1311 0
7674 7611 1374 1311 7675 7612 1375 1312 0
7675 7612 1375 1312 7676 7613 1376 1313 0
7676 7613 1376 1313 7677 7614 1377 1314 0
7677 7614 1377 1314 7678 7615 1378 1315 0
7678 7615 1378 1315 7679 7616 1379 1316 0
7679 7616 1379 1316 7680 7617 1380 1317 0
7680 7617 1380 1317 7681 7618 1381 1318 0
7681 7618 1381 1318 7682 7619 1382 1319 0
7682 7619 1382 1319 7683 7620 1383 1320 0
7683 7620 1383 1320 7684 7621 1384 1321 0
7684 7621 1384 1321 7685 7622 1385 1322 0
7685 7622 1385 1322 7686 7623 1386 1323 0
7686 7623 1386 1323 7687 7624 1387 1324 0
7687 7624 1387 1324 7688 7625 1388 1325 0
7688 7625 1388 1325 7689 7626 1389 1326 0
7689 7626 1389 1326 7690 7627 1390 1327 0
7690 7627 1390 1327 7691 7628 1391 1328 0
7691 7628 1391 1328 7692 7629 1392 1329 0
7692 7629 1392 1329 7693 7630 1393 1330 0
7693 7630 1393 1330 7694 7631 1394 1331 0
7694 7631 1394 1331 147 148 211 210 0
22 23 86 85 7569 7506 1395 1332 0
7569 7506 1395 1332 7570 7507 1396 1333 0
7570 7507 1396 1333 7571 7508 1397 1334 0
7571 7508 1397 1334 7572 7509 1398 1335 0
7572 7509 1398 1335 7573 7510 1399 1336 0
7573 7510 1399 1336 7574 7511 1400 1337 0
7574 7511 1400 1337 7575 7512 1401 1338 0
7575 7512 1401 1338 7576 7513 1402 1339 0
7576 7513 1402 1339 7577 7514 1403 1340 0
7577 7514 1403 1340 7578 7515 1404 1341 0
7578 7515 1404 1341 7579 7516 1405 1342 0
7579 7516 1405 1342 7580 7517 1406 1343 0
7580 7517 1406 1343 7581 7518 1407 1344 0
7581 7518 1407 1344 7582 7519 1408 1345 0
7582 7519 1408 1345 7583 7520 1409 1346 0
7583 7520 1409 1346 7584 7521 1410 1347 0
7584 7521 1410 1347 7585 7522 1411 1348 0
7585 7522 1411 1348 7586 7523 1412 1349 0
7586 7523 1412 1349 7587 7524 1413 1350 0
7587 7524 1413 1350 7588 7525 1414 1351 0
7588 7525 1414 1351 7589 7526 1415 1352 0
7589 7526 1415 1352 7590 7527 1416 1353 0
7590 7527 1416 1353 7591 7528 1417 1354 0
7591 7528 1417 1354 7592 7529 1418 1355 0
7592 7529 1418 1355 7593 7530 1419 1356 0
7593 7530 1419 1356 7594 7531 1420 1357 0
7594 7531 1420 1357 7595 7532 1421 1358 0
7595 7532 1421 1358 7596 7533 1422 1359 0
7596 7533 1422 1359 7597 7534 1423 1360 0
7597 7534 1423 1360 7598 7535 1424 1361 0
7598 7535 1424 1361 7599 7536 1425 1362 0
7599 7536 1425 1362 7600 7537 1426 1363 0
7600 7537 1426 1363 7601 7538 1427 1364 0
7601 7538 1427 1364 7602 7539 1428 1365 0
7602 7539 1428 1365 7603 7540 1429 1366 0
7603 7540 1429 1366 7604 7541 1430 1367 0
7604 7541 1430 1367 7605 7542 1431 1368 0
7605 7542 1431 1368 7606 7543 1432 1369 0
7606 7543 1432 1369 7607 7544 1433 1370 0
7607 7544 1433 1370 7608 7545 1434 1371 0
7608 7545 1434 1371 7609 7546 1435 1372 0
7609 7546 1435 1372 7610 7547 1436 1373 0
7610 7547 1436 1373 7611 7548 1437 1374 0
7611 7548 1437 1374 7612 7549 1438 1375 0
7612 7549 1438 1375 7613 7550 1439 1376 0
7613 7550 1439 1376 7614 7551 1440 1377 0
7614 7551 1440 1377 7615 7552 1441 1378 0
7615 7552 1441 1378 7616 7553 1442 1379 0
7616 7553 1442 1379 7617 7554 1443 1380 0
7617 7554 1443 1380 7618 7555 1444 1381 0
7618 7555 1444 1381 7619 7556 1445 1382 0
7619 7556 1445 1382 7620 7557 1446 1383 0
7620 7557 1446 1383 7621 7558 1447 1384 0
7621 7558 1447 1384 7622 7559 1448 1385 0
7622 7559 1448 1385 7623 7560 1449 1386 0
7623 7560 1449 1386 7624 7561 1450 1387 0
7624 7561 1450 1387 7625 7562 1451 1388 0
7625 7562 1451 1388 7626 7563 1452 1389 0
7626 7563 1452 1389 7627 7564 1453 1390 0
7627 7564 1453 1390 7628 7565 1454 1391 0
7628 7565 1454 1391 7629 7566 1455 1392 0
7629 7566 1455 1392 7630 7567 1456 1393 0
7630 7567 1456 1393 7631 7568 1457 1394 0
7631 7568 1457 1394 148 149 212 211 0
23 24 87 86 7506 7443 1458 1395 0
7506 7443 1458 1395 7507 7444 1459 1396 0
7507 7444 1459 1396 7508 7445 1460 1397 0
7508 7445 1460 1397 7509 7446 1461 1398 0
7509 7446 1461 1398 7510 7447 1462 1399 0
7510 7447 1462 1399 7511 7448 1463 1400 0
7511 7448 1463 1400 7512 7449 1464 1401 0
7512 7449 1464 1401 7513 7450 1465 1402 0
7513 7450 1465 1402 7514 7451 1466 1403 0
7514 7451 1466 1403 7515 7452 1467 1404 0
7515 7452 1467 1404 7516 7453 1468 1405 0
7516 7453 1468 1405 7517 7454 1469 1406 0
7517 7454 1469 1406 7518 7455 1470 1407 0
7518 7455 1470 1407 7519 7456 1471 1408 0
7519 7456 1471 1408 7520 7457 1472 1409 0
7520 7457 1472 1409 7521 7458 1473 1410 0
7521 7458 1473 1410 7522 7459 1474 1411 0
7522 7459 1474 1411 7523 7460 1475 1412 0
7523 7460 1475 1412 7524 7461 1476 1413 0
7524 7461 1476 1413 7525 7462 1477 1414 0
7525 7462 1477 1414 7526 7463 1478 1415 0
7526 7463 1478 1415 7527 7464 1479 1416 0
7527 7464 1479 1416 7528 7465 1480 1417 0
7528 7465 1480 1417 7529 7466 1481 1418 0
7529 7466 1481 1418 7530 7467 1482 1419 0
7530 7467 1482 1419 7531 7468 1483 1420 0
7531 7468 1483 1420 7532 7469 1484 1421 0
7532 7469 1484 1421 7533 7470 1485 1422 0
7533 7470 1485 1422 7534 7471 1486 1423 0
7534 7471 1486 1423 7535 7472 1487 1424 0
7535 7472 1487 1424 7536 7473 1488 1425 0
7536 7473 1488 1425 7537 7474 1489 1426 0
7537 7474 1489 1426 7538 7475 1490 1427 0
7538 7475 1490 1427 7539 7476 1491 1428 0
7539 7476 1491 1428 7540 7477 1492 1429 0
7540 7477 1492 1429 7541 7478 1493 1430 0
7541 7478 1493 1430 7542 7479 1494 1431 0
7542 7479 1494 1431 7543 7480 1495 1432 0
7543 7480 1495 1432 7544 7481 1496 1433 0
7544 7481 1496 1433 7545 7482 1497 1434 0
7545 7482 1497 1434 7546 7483 1498 1435 0
7546 7483 1498 1435 7547 7484 1499 1436 0
7547 7484 1499 1436 7548 7485 1500 1437 0
7548 7485 1500 1437 7549 7486 1501 1438 0
7549 7486 1501 1438 7550 7487 1502 1439 0
7550 7487 1502 1439 7551 7488 1503 1440 0
7551 7488 1503 1440 7552 7489 1504 1441 0
7552 7489 1504 1441 7553 7490 1505 1442 0
7553 7490 1505 1442 7554 7491 1506 1443 0
7554 7491 1506 1443 7555 7492 1507 1444 0
7555 7492 1507 1444 7556 7493 1508 1445 0
7556 7493 1508 1445 7557 7494 1509 1446 0
7557 7494 1509 1446 7558 7495 1510 1447 0
7558 7495 1510 1447 7559 7496 1511 1448 0
7559 7496 1511 1448 7560 7497 1512 1449 0
7560 7497 1512 1449 7561 7498 1513 1450 0
7561 7498 1513 1450 7562 7499 1514 1451 0
7562 7499 1514 1451 7563 7500 1515 1452 0
7563 7500 1515 1452 7564 7501 1516 1453 0
7564 7501 1516 1453 7565 7502 1517 1454 0
7565 7502 1517 1454 7566 7503 1518 1455 0
7566 7503 1518 1455 7567 7504 1519 1456 0
7567 7504 1519 1456 7568 7505 1520 1457 0
7568 7505 1520 1457 149 150 213 212 0
24 25 88 87 7443 7380 1521 1458 0
7443 7380 1521 1458 7444 7381 1522 1459 0
7444 7381 1522 1459 7445 7382 1523 1460 0
7445 7382 1523 1460 7446 7383 1524 1461 0
7446 7383 1524 1461 7447 7384 1525 1462 0
7447 7384 1525 1462 7448 7385 1526 1463 0
7448 7385 1526 1463 7449 7386 1527 1464 0
7449 7386 1527 1464 7450 7387 1528 1465 0
7450 7387 1528 1465 7451 7388 1529 1466 0
7451 7388 1529 1466 7452 7389 1530 1467 0
7452 7389 1530 1467 7453 7390 1531 1468 0
7453 7390 1531 1468 7454 7391 1532 1469 0
7454 7391 1532 1469 7455 7392 1533 1470 0
7455 7392 1533 1470 7456 7393 1534 1471 0
7456 7393 1534 1471 7457 7394 1535 1472 0
7457 7394 1535 1472 7458 7395 1536 1473 0
7458 7395 1536 1473 7459 7396 1537 1474 0
7459 7396 1537 1474 7460 7397 1538 1475 0
7460 7397 1538 1475 7461 7398 1539 1476 0
7461 7398 1539 1476 7462 7399 1540 1477 0
7462 7399 1540 1477 7463 7400 1541 1478 0
7463 7400 1541 1478 7464 7401 1542 1479 0
7464 7401 1542 1479 7465 7402 1543 1480 0
7465 7402 1543 1480 7466 7403 1544 1481 0
7466 7403 1544 1481 7467 7404 1545 1482 0
7467 7404 1545 1482 7468 7405 1546 1483 0
7468 7405 1546 1483 7469 7406 1547 1484 0
7469 7406 1547 1484 7470 7407 1548 1485 0
7470 7407 1548 1485 7471 7408 1549 1486 0
7471 7408 1549 1486 7472 7409 1550 1487 0
7472 7409 1550 1487 7473 7410 1551 1488 0
7473 7410 1551 1488 7474 7411 1552 1489 0
7474 7411 1552 1489 7475 7412 1553 1490 0
7475 7412 1553 1490 7476 7413 1554 1491 0
7476 7413 1554 1491 7477 7414 1555 1492 0
7477 7414 1555 1492 7478 7415 1556 1493 0
7478 7415 1556 1493 7479 7416 1557 1494 0
7479 7416 1557 1494 7480 7417 1558 1495 0
7480 7417 1558 1495 7481 7418 1559 1496 0
7481 7418 1559 1496 7482 7419 1560 1497 0
7482 7419 1560 1497 7483 7420 1561 1498 0
7483 7420 1561 1498 7484 7421 1562 1499 0
7484 7421 1562 1499 7485 7422 1563 1500 0
7485 7422 1563 1500 7486 7423 1564 1501 0
7486 7423 1564 1501 7487 7424 1565 1502 0
7487 7424 1565 1502 7488 7425 1566 1503 0
7488 7425 1566 1503 7489 7426 1567 1504 0
7489 7426 1567 1504 7490 7427 1568 1505 0
7490 7427 1568 1505 7491 7428 1569 1506 0
7491 7428 1569 1506 7492 7429 1570 1507 0
7492 7429 1570 1507 7493 7430 1571 1508 0
7493 7430 1571 1508 7494 7431 1572 1509 0
7494 7431 1572 1509 7495 7432 1573 1510 0
7495 7432 1573 1510 7496 7433 1574 1511 0
7496 7433 1574 1511 7497 7434 1575 1512 0
7497 7434 1575 1512 7498 7435 1576 1513 0
7498 7435 1576 1513 7499 7436 1577 1514 0
7499 7436 1577 1514 7500 7437 1578 1515 0
7500 7437 1578 1515 7501 7438 1579 1516 0
7501 7438 1579 1516 7502 7439 1580 1517 0
7502 7439 1580 1517 7503 7440 1581 1518 0
7503 7440 1581 1518 7504 7441 1582 1519 0
7504 7441 1582 1519 7505 7442 1583 1520 0
7505 7442 1583 1520 150 151 214 213 0
25 26 89 88 7380 7317 1584 1521 0
7380 7317 1584 1521 7381 7318 1585 1522 0
7381 7318 1585 1522 7382 7319 1586 1523 0
7382 7319 1586 1523 7383 7320 1587 1524 0
7383 7320 1587 1524 7384 7321 1588 1525 0
7384 7321 1588 1525 7385 7322 1589 1526 0
7385 7322 1589 1526 7386 7323 1590 1527 0
7386 7323 1590 1527 7387 7324 1591 1528 0
7387 7324 1591 1528 7388 7325 1592 1529 0
7388 7325 1592 1529 7389 7326 1593 1530 0
7389 7326 1593 1530 7390 7327 1594 1531 0
7390 7327 1594 1531 7391 7328 1595 1532 0
7391 7328 1595 1532 7392 7329 1596 1533 0
7392 7329 1596 1533 7393 7330 1597 1534 0
7393 7330 1597 1534 7394 7331 1598 1535 0
7394 7331 1598 1535 7395 7332 1599 1536 0
7395 7332 1599 1536 7396 7333 1600 1537 0
7396 7333 1600 1537 7397 7334 1601 1538 0
7397 7334 1601 1538 7398 7335 1602 1539 0
7398 7335 1602 1539 7399 7336 1603 1540 0
7399 7336 1603 1540 7400 7337 1604 1541 0
7400 7337 1604 1541 7401 7338 1605 1542 0
7401 7338 1605 1542 7402 7339 1606 1543 0
7402 7339 1606 1543 7403 7340 1607 1544 0
7403 7340 1607 1544 7404 7341 1608 1545 0
7404 7341 1608 1545 7405 7342 1609 1546 0
7405 7342 1609 1546 7406 7343 1610 1547 0
7406 7343 1610 1547 7407 7344 1611 1548 0
7407 7344 1611 1548 7408 7345 1612 1549 0
7408 7345 1612 1549 7409 7346 1613 1550 0
7409 7346 1613 1550 7410 7347 1614 1551 0
7410 7347 1614 1551 7411 7348 1615 1552 0
7411 7348 1615 1552 7412 7349 1616 1553 0
7412 7349 1616 1553 7413 7350 1617 1554 0
7413 7350 1617 1554 7414 7351 1618 1555 0
7414 7351 1618 1555 7415 7352 1619 1556 0
7415 7352 1619 1556 7416 7353 1620 1557 0
7416 7353 1620 1557 7417 7354 1621 1558 0
7417 7354 1621 1558 7418 7355 1622 1559 0
7418 7355 1622 1559 7419 7356 1623 1560 0
7419 7356 1623 1560 7420 7357 1624 1561 0
7420 7357 1624 1561 7421 7358 1625 1562 0
7421 7358 1625 1562 7422 7359 1626 1563 0
7422 7359 1626 1563 7423 7360 1627 1564 0
7423 7360 1627 1564 7424 7361 1628 1565 0
7424 7361 1628 1565 7425 7362 1629 1566 0
7425 7362 1629 1566 7426 7363 1630 1567 0
7426 7363 1630 1567 7427 7364 1631 1568 0
7427 7364 1631 1568 7428 7365 1632 1569 0
7428 7365 1632 1569 7429 7366 1633 1570 0
7429 7366 1633 1570 7430 7367 1634 1571 0
7430 7367 1634 1571 7431 7368 1635 1572 0
7431 7368 1635 1572 7432 7369 1636 1573 0
7432 7369 1636 1573 7433 7370 1637 1574 0
7433 7370 1637 1574 7434 7371 1638 1575 0
7434 7371 1638 1575 7435 7372 1639 1576 0
7435 7372 1639 1576 7436 7373 1640 1577 0
7436 7373 1640 1577 7437 7374 1641 1578 0
7437 7374 1641 1578 7438 7375 1642 1579 0
7438 7375 1642 1579 7439 7376 1643 1580 0
7439 7376 1643 1580 7440 7377 1644 1581 0
7440 7377 1644 1581 7441 7378 1645 1582 0
7441 7378 1645 1582 7442 7379 1646 1583 0
7442 7379 1646 1583 151 152 215 214 0
26 27 90 89 7317 7254 1647 1584 0
7317 7254 1647 1584 7318 7255 1648 1585 0
7318 7255 1648 1585 7319 7256 1649 1586 0
7319 7256 1649 1586 7320 7257 1650 1587 0
7320 7257 1650 1587 7321 7258 1651 1588 0
7321 7258 1651 1588 7322 7259 1652 1589 0
7322 7259 1652 1589 7323 7260 1653 1590 0
7323 7260 1653 1590 7324 7261 1654 1591 0
7324 7261 1654 1591 7325 7262 1655 1592 0
7325 7262 1655 1592 7326 7263 1656 1593 0
7326 7263 1656 1593 7327 7264 1657 1594 0
7327 7264 1657 1594 7328 7265 1658 1595 0
7328 7265 1658 1595 7329 7266 1659 1596 0
7329 7266 1659 1596 7330 7267 1660 1597 0
7330 7267 1660 1597 7331 7268 1661 1598 0
7331 7268 1661 1598 7332 7269 1662 1599 0
7332 7269 1662 1599 7333 7270 1663 1600 0
7333 7270 1663 1600 7334 7271 1664 1601 0
7334 7271 1664 1601 7335 7272 1665 1602 0
7335 7272 1665 1602 7336 7273 1666 1603 0
7336 7273 1666 1603 7337 7274 1667 1604 0
7337 7274 1667 1604 7338 7275 1668 1605 0
7338 7275 1668 1605 7339 7276 1669 1606 0
7339 7276 1669 1606 7340 7277 1670 1607 0
7340 7277 1670 1607 7341 7278 1671 1608 0
7341 7278 1671 1608 7342 7279 1672 1609 0
7342 7279 1672 1609 7343 7280 1673 1610 0
7343 7280 1673 1610 7344 7281 1674 1611 0
7344 7281 1674 1611 7345 7282 1675 1612 0
7345 7282 1675 1612 7346 7283 1676 1613 0
7346 7283 1676 1613 7347 7284 1677 1614 0
7347 7284 1677 1614 7348 7285 1678 1615 0
7348 7285 1678 1615 7349 7286 1679 1616 0
7349 7286 1679 1616 7350 7287 1680 1617 0
7350 7287 1680 1617 7351 7288 1681 1618 0
7351 7288 1681 1618 7352 7289 1682 1619 0
7352 7289 1682 1619 7353 7290 1683 1620 0
7353 7290 1683 1620 7354 7291 1684 1621 0
7354 7291 1684 1621 7355 7292 1685 1622 0
7355 7292 1685 1622 7356 7293 1686 1623 0
7356 7293 1686 1623 7357 7294 1687 1624 0
7357 7294 1687 1624 7358 7295 1688 1625 0
7358 7295 1688 1625 7359 7296 1689 1626 0
7359 7296 1689 1626 7360 7297 1690 1627 0
7360 7297 1690 1627 7361 7298 1691 1628 0
7361 7298 1691 1628 7362 7299 1692 1629 0
7362 7299 1692 1629 7363 7300 1693 1630 0
7363 7300 1693 1630 7364 7301 1694 1631 0
7364 7301 1694 1631 7365 7302 1695 1632 0
7365 7302 1695 1632 7366 7303 1696 1633 0
7366 7303 1696 1633 7367 7304 1697 1634 0
7367 7304 1697 1634 7368 7305 1698 1635 0
7368 7305 1698 1635 7369 7306 1699 1636 0
7369 7306 1699 1636 7370 7307 1700 1637 0
7370 7307 1700 1637 7371 7308 1701 1638 0
7371 7308 1701 1638 7372 7309 1702 1639 0
7372 7309 1702 1639 7373 7310 1703 1640 0
7373 7310 1703 1640 7374 7311 1704 1641 0
7374 7311 1704 1641 7375 7312 1705 1642 0
7375 7312 1705 1642 7376 7313 1706 1643 0
7376 7313 1706 1643 7377 7314 1707 1644 0
7377 7314 1707 1644 7378 7315 1708 1645 0
7378 7315 1708 1645 7379 7316 1709 1646 0
7379 7316 1709 1646 152 153 216 215 0
27 28 91 90 7254 7191 1710 1647 0
7254 7191 1710 1647 7255 7192 1711 1648 0
7255 7192 1711 1648 7256 7193 1712 1649 0
7256 7193 1712 1649 7257 7194 1713 1650 0
7257 7194 1713 1650 7258 7195 1714 1651 0
7258 7195 1714 1651 7259 7196 1715 1652 0
7259 7196 1715 1652 7260 7197 1716 1653 0
7260 7197 1716 1653 7261 7198 1717 1654 0
7261 7198 1717 1654 7262 7199 1718 1655 0
7262 7199 1718 1655 7263 7200 1719 1656 0
7263 7200 1719 1656 7264 7201 1720 1657 0
7264 7201 1720 1657 7265 7202 1721 1658 0
7265 7202 1721 1658 7266 7203 1722 1659 0
7266 7203 1722 1659 7267 7204 1723 1660 0
7267 7204 1723 1660 7268 7205 1724 1661 0
7268 7205 1724 1661 7269 7206 1725 1662 0
7269 7206 1725 1662 7270 7207 1726 1663 0
7270 7207 1726 1663 7271 7208 1727 1664 0
7271 7208 1727 1664 7272 7209 1728 1665 0
7272 7209 1728 1665 7273 7210 1729 1666 0
7273 7210 1729 1666 7274 7211 1730 1667 0
7274 7211 1730 1667 7275 7212 1731 1668 0
7275 7212 1731 1668 7276 7213 1732 1669 0
7276 7213 1732 1669 7277 7214 1733 1670 0
7277 7214 1733 1670 7278 7215 1734 1671 0
7278 7215 1734 1671 7279 7216 1735 1672 0
7279 7216 1735 1672 7280 7217 1736 1673 0
7280 7217 1736 1673 7281 7218 1737 1674 0
7281 7218 1737 1674 7282 7219 1738 1675 0
7282 7219 1738 1675 7283 7220 1739 1676 0
7283 7220 1739 1676 7284 7221 1740 1677 0
7284 7221 1740 1677 7285 7222 1741 1678 0
7285 7222 1741 1678 7286 7223 1742 1679 0
7286 7223 1742 1679 7287 7224 1743 1680 0
7287 7224 1743 1680 7288 7225 1744 1681 0
7288 7225 1744 1681 7289 7226 1745 1682 0
7289 7226 1745 1682 7290 7227 1746 1683 0
7290 7227 1746 1683 7291 7228 1747 1684 0
7291 7228 1747 1684 7292 7229 1748 1685 0
7292 7229 1748 1685 7293 7230 1749 1686 0
7293 7230 1749 1686 7294 7231 1750 1687 0
7294 7231 1750 1687 7295 7232 1751 1688 0
7295 7232 1751 1688 7296 7233 1752 1689 0
7296 7233 1752 1689 7297 7234 1753 1690 0
7297 7234 1753 1690 7298 7235 1754 1691 0
7298 7235 1754 1691 7299 7236 1755 1692 0
7299 7236 1755 1692 7300 7237 1756 1693 0
7300 7237 1756 1693 7301 7238 1757 1694 0
7301 7238 1757 1694 7302 7239 1758 1695 0
7302 7239 1758 1695 7303 7240 1759 1696 0
7303 7240 1759 1696 7304 7241 1760 1697 0
7304 7241 1760 1697 7305 7242 1761 1698 0
7305 7242 1761 1698 7306 7243 1762 1699 0
7306 7243 1762 1699 7307 7244 1763 1700 0
7307 7244 1763 1700 7308 7245 1764 1701 0
7308 7245 1764 1701 7309 7246 1765 1702 0
7309 7246 1765 1702 7310 7247 1766 1703 0
7310 7247 1766 1703 7311 7248 1767 1704 0
7311 7248 1767 1704 7312 7249 1768 1705 0
7312 7249 1768 1705 7313 7250 1769 1706 0
7313 7250 1769 1706 7314 7251 1770 1707 0
7314 7251 1770 1707 7315 7252 1771 1708 0
7315 7252 1771 1708 7316 7253 1772 1709 0
7316 7253 1772 1709 153 154 217 216 0
28 29 92 91 7191 7128 1773 1710 0
7191 7128 1773 1710 7192 7129 1774 1711 0
7192 7129 1774 1711 7193 7130 1775 1712 0
7193 7130 1775 1712 7194 7131 1776 1713 0
7194 7131 1776 1713 7195 7132 1777 1714 0
7195 7132 1777 1714 7196 7133 1778 1715 0
7196 7133 1778 1715 7197 7134 1779 1716 0
7197 7134 1779 1716 7198 7135 1780 1717 0
7198 7135 1780 1717 7199 7136 1781 1718 0
7199 7136 1781 1718 7200 7137 1782 1719 0
7200 7137 1782 1719 7201 7138 1783 1720 0
7201 7138 1783 1720 7202 7139 1784 1721 0
7202 7139 1784 1721 7203 7140 1785 1722 0
7203 7140 1785 1722 7204 7141 1786 1723 0
7204 7141 1786 1723 7205 7142 1787 1724 0
7205 7142 1787 1724 7206 7143 1788 1725 0
7206 7143 1788 1725 7207 7144 1789 1726 0
7207 7144 1789 1726 7208 7145 1790 1727 0
7208 7145 1790 1727 7209 7146 1791 1728 0
7209 7146 1791 1728 7210 7147 1792 1729 0
7210 7147 1792 1729 7211 7148 1793 1730 0
7211 7148 1793 1730 7212 7149 1794 1731 0
7212 7149 1794 1731 7213 7150 1795 1732 0
7213 7150 1795 1732 7214 7151 1796 1733 0
7214 7151 1796 1733 7215 7152 1797 1734 0
7215 7152 1797 1734 7216 7153 1798 1735 0
7216 7153 1798 1735 7217 7154 1799 1736 0
7217 7154 1799 1736 7218 7155 1800 1737 0
7218 7155 1800 1737 7219 7156 1801 1738 0
7219 7156 1801 1738 7220 7157 1802 1739 0
7220 7157 1802 1739 7221 7158 1803 1740 0
7221 7158 1803 1740 7222 7159 1804 1741 0
7222 7159 1804 1741 7223 7160 1805 1742 0
7223 7160 1805 1742 7224 7161 1806 1743 0
7224 7161 1806 1743 7225 7162 1807 1744 0
7225 7162 1807 1744 7226 7163 1808 1745 0
7226 7163 1808 1745 7227 7164 1809 1746 0
7227 7164 1809 1746 7228 7165 1810 1747 0
7228 7165 1810 1747 7229 7166 1811 1748 0
7229 7166 1811 1748 7230 7167 1812 1749 0
7230 7167 1812 1749 7231 7168 1813 1750 0
7231 7168 1813 1750 7232 7169 1814 1751 0
7232 7169 1814 1751 7233 7170 1815 1752 0
7233 7170 1815 1752 7234 7171 1816 1753 0
7234 7171 1816 1753 7235 7172 1817 1754 0
7235 7172 1817 1754 7236 7173 1818 1755 0
7236 7173 1818 1755 7237 7174 1819 1756 0
7237 7174 1819 1756 7238 7175 1820 1757 0
7238 7175 1820 1757 7239 7176 1821 1758 0
7239 7176 1821 1758 7240 7177 1822 1759 0
7240 7177 1822 1759 7241 7178 1823 1760 0
7241 7178 1823 1760 7242 7179 1824 1761 0
7242 7179 1824 1761 7243 7180 1825 1762 0
7243 7180 1825 1762 7244 7181 1826 1763 0
7244 7181 1826 1763 7245 7182 1827 1764 0
7245 7182 1827 1764 7246 7183 1828 1765 0
7246 7183 1828 1765 7247 7184 1829 1766 0
7247 7184 1829 1766 7248 7185 1830 1767 0
7248 7185 1830 1767 7249 7186 1831 1768 0
7249 7186 1831 1768 7250 7187 1832 1769 0
7250 7187 1832 1769 7251 7188 1833 1770 0
7251 7188 1833 1770 7252 7189 1834 1771 0
7252 7189 1834 1771 7253 7190 1835 1772 0
7253 7190 1835 1772 154 155 218 217 0
29 30 93 92 7128 7065 1836 1773 0
7128 7065 1836 1773 7129 7066 1837 1774 0
7129 7066 1837 1774 7130 7067 1838 1775 0
7130 7067 1838 1775 7131 7068 1839 1776 0
7131 7068 1839 1776 7132 7069 1840 1777 0
7132 7069 1840 1777 7133 7070 1841 1778 0
7133 7070 1841 1778 7134 7071 1842 1779 0
7134 7071 1842 1779 7135 7072 1843 1780 0
7135 7072 1843 1780 7136 7073 1844 1781 0
7136 7073 1844 1781 7137 7074 1845 1782 0
7137 7074 1845 1782 7138 7075 1846 1783 0
7138 7075 1846 1783 7139 7076 1847 1784 0
7139 7076 1847 1784 7140 7077 1848 1785 0
7140 7077 1848 1785 7141 7078 1849 1786 0
7141 7078 1849 1786 7142 7079 1850 1787 0
7142 7079 1850 1787 7143 7080 1851 1788 0
7143 7080 1851 1788 7144 7081 1852 1789 0
7144 7081 1852 1789 7145 7082 1853 1790 0
7145 7082 1853 1790 7146 7083 1854 1791 0
7146 7083 1854 1791 7147 7084 1855 1792 0
7147 7084 1855 1792 7148 7085 1856 1793 0
7148 7085 1856 1793 7149 7086 1857 1794 0
7149 7086 1857 1794 7150 7087 1858 1795 0
7150 7087 1858 1795 7151 7088 1859 1796 0
7151 7088 1859 1796 7152 7089 1860 1797 0
7152 7089 1860 1797 7153 7090 1861 1798 0
7153 7090 1861 1798 7154 7091 1862 1799 0
7154 7091 1862 1799 7155 7092 1863 1800 0
7155 7092 1863 1800 7156 7093 1864 1801 0
7156 7093 1864 1801 7157 7094 1865 1802 0
7157 7094 1865 1802 7158 7095 1866 1803 0
7158 7095 1866 1803 7159 7096 1867 1804 0
7159 7096 1867 1804 7160 7097 1868 1805 0
7160 7097 1868 1805 7161 7098 1869 1806 0
7161 7098 1869 1806 7162 7099 1870 1807 0
7162 7099 1870 1807 7163 7100 1871 1808 0
7163 7100 1871 1808 7164 7101 1872 1809 0
7164 7101 1872 1809 7165 7102 1873 1810 0
7165 7102 1873 1810 7166 7103 1874 1811 0
7166 7103 1874 1811 7167 7104 1875 1812 0
7167 7104 1875 1812 7168 7105 1876 1813 0
7168 7105 1876 1813 7169 7106 1877 1814 0
7169 7106 1877 1814 7170 7107 1878 1815 0
7170 7107 1878 1815 7171 7108 1879 1816 0
7171 7108 1879 1816 7172 7109 1880 1817 0
7172 7109 1880 1817 7173 7110 1881 1818 0
7173 7110 1881 1818 7174 7111 1882 1819 0
7174 7111 1882 1819 7175 7112 1883 1820 0
7175 7112 1883 1820 7176 7113 1884 1821 0
7176 7113 1884 1821 7177 7114 1885 1822 0
7177 7114 1885 1822 7178 7115 1886 1823 0
7178 7115 1886 1823 7179 7116 1887 1824 0
7179 7116 1887 1824 7180 7117 1888 1825 0
7180 7117 1888 1825 7181 7118 1889 1826 0
7181 7118 1889 1826 7182 7119 1890 1827 0
7182 7119 1890 1827 7183 7120 1891 1828 0
7183 7120 1891 1828 7184 7121 1892 1829 0
7184 7121 1892 1829 7185 7122 1893 1830 0
7185 7122 1893 1830 7186 7123 1894 1831 0
7186 7123 1894 1831 7187 7124 1895 1832 0
7187 7124 1895 1832 7188 7125 1896 1833 0
7188 7125 1896 1833 7189 7126 1897 1834 0
7189 7126 1897 1834 7190 7127 1898 1835 0
7190 7127 1898 1835 155 156 219 218 0
30 31 94 93 7065 7002 1899 1836 0
7065 7002 1899 1836 7066 7003 1900 1837 0
7066 7003 1900 1837 7067 7004 1901 1838 0
7067 7004 1901 1838 7068 7005 1902 1839 0
7068 7005 1902 1839 7069 7006 1903 1840 0
7069 7006 1903 1840 7070 7007 1904 1841 0
7070 7007 1904 1841 7071 7008 1905 1842 0
7071 7008 1905 1842 7072 7009 1906 1843 0
7072 7009 1906 1843 7073 7010 1907 1844 0
7073 7010 1907 1844 7074 7011 1908 1845 0
7074 7011 1908 1845 7075 7012 1909 1846 0
7075 7012 1909 1846 7076 7013 1910 1847 0
7076 7013 1910 1847 7077 7014 1911 1848 0
7077 7014 1911 1848 7078 7015 1912 1849 0
7078 7015 1912 1849 7079 7016 1913 1850 0
7079 7016 1913 1850 7080 7017 1914 1851 0
7080 7017 1914 1851 7081 7018 1915 1852 0
7081 7018 1915 1852 7082 7019 1916 1853 0
7082 7019 1916 1853 7083 7020 1917 1854 0
7083 7020 1917 1854 7084 7021 1918 1855 0
7084 7021 1918 1855 7085 7022 1919 1856 0
7085 7022 1919 1856 7086 7023 1920 1857 0
7086 7023 1920 1857 7087 7024 1921 1858 0
7087 7024 1921 1858 7088 7025 1922 1859 0
7088 7025 1922 1859 7089 7026 1923 1860 0
7089 7026 1923 1860 7090 7027 1924 1861 0
7090 7027 1924 1861 7091 7028 1925 1862 0
7091 7028 1925 1862 7092 7029 1926 1863 0
7092 7029 1926 1863 7093 7030 1927 1864 0
7093 7030 1927 1864 7094 7031 1928 1865 0
7094 7031 1928 1865 7095 7032 1929 1866 0
7095 7032 1929 1866 7096 7033 1930 1867 0
7096 7033 1930 1867 7097 7034 1931 1868 0
7097 7034 1931 1868 7098 7035 1932 1869 0
7098 7035 1932 1869 7099 7036 1933 1870 0
7099 7036 1933 1870 7100 7037 1934 1871 0
7100 7037 1934 1871 7101 7038 1935 1872 0
7101 7038 1935 1872 7102 7039 1936 1873 0
7102 7039 1936 1873 7103 7040 1937 1874 0
7103 7040 1937 1874 7104 7041 1938 1875 0
7104 7041 1938 1875 7105 7042 1939 1876 0
7105 7042 1939 1876 7106 7043 1940 1877 0
7106 7043 1940 1877 7107 7044 1941 1878 0
7107 7044 1941 1878 7108 7045 1942 1879 0
7108 7045 1942 1879 7109 7046 1943 1880 0
7109 7046 1943 1880 7110 7047 1944 1881 0
7110 7047 1944 1881 7111 7048 1945 1882 0
7111 7048 1945 1882 7112 7049 1946 1883 0
7112 7049 1946 1883 7113 7050 1947 1884 0
7113 7050 1947 1884 7114 7051 1948 1885 0
7114 7051 1948 1885 7115 7052 1949 1886 0
7115 7052 1949 1886 7116 7053 1950 1887 0
7116 7053 1950 1887 7117 7054 1951 1888 0
7117 7054 1951 1888 7118 7055 1952 1889 0
7118 7055 1952 1889 7119 7056 1953 1890 0
7119 7056 1953 1890 7120 7057 1954 1891 0
7120 7057 1954 1891 7121 7058 1955 1892 0
7121 7058 1955 1892 7122 7059 1956 1893 0
7122 7059 1956 1893 7123 7060 1957 1894 0
7123 7060 1957 1894 7124 7061 1958 1895 0
7124 7061 1958 1895 7125 7062 1959 1896 0
7125 7062 1959 1896 7126 7063 1960 1897 0
7126 7063 1960 1897 7127 7064 1961 1898 0
7127 7064 1961 1898 156 157 220 219 0
31 32 95 94 7002 6939 1962 1899 0
7002 6939 1962 1899 7003 6940 1963 1900 0
7003 6940 1963 1900 7004 6941 1964 1901 0
7004 6941 1964 1901 7005 6942 1965 1902 0
7005 6942 1965 1902 7006 6943 1966 1903 0
7006 6943 1966 1903 7007 6944 1967 1904 0
7007 6944 1967 1904 7008 6945 1968 1905 0
7008 6945 1968 1905 7009 6946 1969 1906 0
7009 6946 1969 1906 7010 6947 1970 1907 0
7010 6947 1970 1907 7011 6948 1971 1908 0
7011 6948 1971 1908 7012 6949 1972 1909 0
7012 6949 1972 1909 7013 6950 1973 1910 0
7013 6950 1973 1910 7014 6951 1974 1911 0
7014 6951 1974 1911 7015 6952 1975 1912 0
7015 6952 1975 1912 7016 6953 1976 1913 0
7016 6953 1976 1913 7017 6954 1977 1914 0
7017 6954 1977 1914 7018 6955 1978 1915 0
7018 6955 1978 1915 7019 6956 1979 1916 0
7019 6956 1979 1916 7020 6957 1980 1917 0
7020 6957 1980 1917 7021 6958 1981 1918 0
7021 6958 1981 1918 7022 6959 1982 1919 0
7022 6959 1982 1919 7023 6960 1983 1920 0
7023 6960 1983 1920 7024 6961 1984 1921 0
7024 6961 1984 1921 7025 6962 1985 1922 0
7025 6962 1985 1922 7026 6963 1986 1923 0
7026 6963 1986 1923 7027 6964 1987 1924 0
7027 6964 1987 1924 7028 6965 1988 1925 0
7028 6965 1988 1925 7029 6966 1989 1926 0
7029 6966 1989 1926 7030 6967 1990 1927 0
7030 6967 1990 1927 7031 6968 1991 1928 0
7031 6968 1991 1928 7032 6969 1992 1929 0
7032 6969 1992 1929 7033 6970 1993 1930 0
7033 6970 1993 1930 7034 6971 1994 1931 0
7034 6971 1994 1931 7035 6972 1995 1932 0
7035 6972 1995 1932 7036 6973 1996 1933 0
7036 6973 1996 1933 7037 6974 1997 1934 0
7037 6974 1997 1934 7038 6975 1998 1935 0
7038 6975 1998 1935 7039 6976 1999 1936 0
7039 6976 1999 1936 7040 6977 2000 1937 0
7040 6977 2000 1937 7041 6978 2001 1938 0
7041 6978 2001 1938 7042 6979 2002 1939 0
7042 6979 2002 1939 7043 6980 2003 1940 0
7043 6980 2003 1940 7044 6981 2004 1941 0
7044 6981 2004 1941 7045 6982 2005 1942 0
7045 6982 2005 1942 7046 6983 2006 1943 0
7046 6983 2006 1943 7047 6984 2007 1944 0
7047 6984 2007 1944 7048 6985 2008 1945 0
7048 6985 2008 1945 7049 6986 2009 1946 0
7049 6986 2009 1946 7050 6987 2010 1947 0
7050 6987 2010 1947 7051 6988 2011 1948 0
7051 6988 2011 1948 7052 6989 2012 1949 0
7052 6989 2012 1949 7053 6990 2013 1950 0
7053 6990 2013 1950 7054 6991 2014 1951 0
7054 6991 2014 1951 7055 6992 2015 1952 0
7055 6992 2015 1952 7056 6993 2016 1953 0
7056 6993 2016 1953 7057 6994 2017 1954 0
7057 6994 2017 1954 7058 6995 2018 1955 0
7058 6995 2018 1955 7059 6996 2019 1956 0
7059 6996 2019 1956 7060 6997 2020 1957 0
7060 6997 2020 1957 7061 6998 2021 1958 0
7061 6998 2021 1958 7062 6999 2022 1959 0
7062 6999 2022 1959 7063 7000 2023 1960 0
7063 7000 2023 1960 7064 7001 2024 1961 0
7064 7001 2024 1961 157 158 221 220 0
32 33 96 95 6939 6876 2025 1962 0
6939 6876 2025 1962 6940 6877 2026 1963 0
6940 6877 2026 1963 6941 6878 2027 1964 0
6941 6878 2027 1964 6942 6879 2028 1965 0
6942 6879 2028 1965 6943 6880 2029 1966 0
6943 6880 2029 1966 6944 6881 2030 1967 0
6944 6881 2030 1967 6945 6882 2031 1968 0
6945 6882 2031 1968 6946 6883 2032 1969 0
6946 6883 2032 1969 6947 6884 2033 1970 0
6947 6884 2033 1970 6948 6885 2034 1971 0
6948 6885 2034 1971 6949 6886 2035 1972 0
6949 6886 2035 1972 6950 6887 2036 1973 0
6950 6887 2036 1973 6951 6888 2037 1974 0
6951 6888 2037 1974 6952 6889 2038 1975 0
6952 6889 2038 1975 6953 6890 2039 1976 0
6953 6890 2039 1976 6954 6891 2040 1977 0
6954 6891 2040 1977 6955 6892 2041 1978 0
6955 6892 2041 1978 6956 6893 2042 1979 0
6956 6893 2042 1979 6957 6894 2043 1980 0
6957 6894 2043 1980 6958 6895 2044 1981 0
6958 6895 2044 1981 6959 6896 2045 1982 0
6959 6896 2045 1982 6960 6897 2046 1983 0
6960 6897 2046 1983 6961 6898 2047 1984 0
6961 6898 2047 1984 6962 6899 2048 1985 0
6962 6899 2048 1985 6963 6900 2049 1986 0
6963 6900 2049 1986 6964 6901 2050 1987 0
6964 6901 2050 1987 6965 6902 2051 1988 0
6965 6902 2051 1988 6966 6903 2052 1989 0
6966 6903 2052 1989 6967 6904 2053 1990 0
6967 6904 2053 1990 6968 6905 2054 1991 0
6968 6905 2054 1991 6969 6906 2055 1992 0
6969 6906 2055 1992 6970 6907 2056 1993 0
6970 6907 2056 1993 6971 6908 2057 1994 0
6971 6908 2057 1994 6972 6909 2058 1995 0
6972 6909 2058 1995 6973 6910 2059 1996 0
6973 6910 2059 1996 6974 6911 2060 1997 0
6974 6911 2060 1997 6975 6912 2061 1998 0
6975 6912 2061 1998 6976 6913 2062 1999 0
6976 6913 2062 1999 6977 6914 2063 2000 0
6977 6914 2063 2000 6978 6915 2064 2001 0
6978 6915 2064 2001 6979 6916 2065 2002 0
6979 6916 2065 2002 6980 6917 2066 2003 0
6980 6917 2066 2003 6981 6918 2067 2004 0
6981 6918 2067 2004 6982 6919 2068 2005 0
6982 6919 2068 2005 6983 6920 2069 2006 0
6983 6920 2069 2006 6984 6921 2070 2007 0
6984 6921 2070 2007 6985 6922 2071 2008 0
6985 6922 2071 2008 6986 6923 2072 2009 0
6986 6923 2072 2009 6987 6924 2073 2010 0
6987 6924 2073 2010 6988 6925 2074 2011 0
6988 6925 2074 2011 6989 6926 2075 2012 0
6989 6926 2075 2012 6990 6927 2076 2013 0
6990 6927 2076 2013 6991 6928 2077 2014 0
6991 6928 2077 2014 6992 6929 2078 2015 0
6992 6929 2078 2015 6993 6930 2079 2016 0
6993 6930 2079 2016 6994 6931 2080 2017 0
6994 6931 2080 2017 6995 6932 2081 2018 0
6995 6932 2081 2018 6996 6933 2082 2019 0
6996 6933 2082 2019 6997 6934 2083 2020 0
6997 6934 2083 2020 6998 6935 2084 2021 0
6998 6935 2084 2021 6999 6936 2085 2022 0
6999 6936 2085 2022 7000 6937 2086 2023 0
7000 6937 2086 2023 7001 6938 2087 2024 0
7001 6938 2087 2024 158 159 222 221 0
33 34 97 96 6876 6813 2088 2025 0
6876 6813 2088 2025 6877 6814 2089 2026 0
6877 6814 2089 2026 6878 6815 2090 2027 0
6878 6815 2090 2027 6879 6816 2091 2028 0
6879 6816 2091 2028 6880 6817 2092 2029 0
6880 6817 2092 2029 6881 6818 2093 2030 0
6881 6818 2093 2030 6882 6819 2094 2031 0
6882 6819 2094 2031 6883 6820 2095 2032 0
6883 6820 2095 2032 6884 6821 2096 2033 0
6884 6821 2096 2033 6885 6822 2097 2034 0
6885 6822 2097 2034 6886 6823 2098 2035 0
6886 6823 2098 2035 6887 6824 2099 2036 0
6887 6824 2099 2036 6888 6825 2100 2037 0
6888 6825 2100 2037 6889 6826 2101 2038 0
6889 6826 2101 2038 6890 6827 2102 2039 0
6890 6827 2102 2039 6891 6828 2103 2040 0
6891 6828 2103 2040 6892 6829 2104 2041 0
6892 6829 2104 2041 6893 6830 2105 2042 0
6893 6830 2105 2042 6894 6831 2106 2043 0
6894 6831 2106 2043 6895 6832 2107 2044 0
6895 6832 2107 2044 6896 6833 2108 2045 0
6896 6833 2108 2045 6897 6834 2109 2046 0
6897 6834 2109 2046 6898 6835 2110 2047 0
6898 6835 2110 2047 6899 6836 2111 2048 0
6899 6836 2111 2048 6900 6837 2112 2049 0
6900 6837 2112 2049 6901 6838 2113 2050 0
6901 6838 2113 2050 6902 6839 2114 2051 0
6902 6839 2114 2051 6903 6840 2115 2052 0
6903 6840 2115 2052 6904 6841 2116 2053 0
6904 6841 2116 2053 6905 6842 2117 2054 0
6905 6842 2117 2054 6906 6843 2118 2055 0
6906 6843 2118 2055 6907 6844 2119 2056 0
6907 6844 2119 2056 6908 6845 2120 2057 0
6908 6845 2120 2057 6909 6846 2121 2058 0
6909 6846 2121 2058 6910 6847 2122 2059 0
6910 6847 2122 2059 6911 6848 2123 2060 0
6911 6848 2123 2060 6912 6849 2124 2061 0
6912 6849 2124 2061 6913 6850 2125 2062 0
6913 6850 2125 2062 6914 6851 2126 2063 0
6914 6851 2126 2063 6915 6852 2127 2064 0
6915 6852 2127 2064 6916 6853 2128 2065 0
6916 6853 2128 2065 6917 6854 2129 2066 0
6917 6854 2129 2066 6918 6855 2130 2067 0
6918 6855 2130 2067 6919 6856 2131 2068 0
6919 6856 2131 2068 6920 6857 2132 2069 0
6920 6857 2132 2069 6921 6858 2133 2070 0
6921 6858 2133 2070 6922 6859 2134 2071 0
6922 6859 2134 2071 6923 6860 2135 2072 0
6923 6860 2135 2072 6924 6861 2136 2073 0
6924 6861 2136 2073 6925 6862 2137 2074 0
6925 6862 2137 2074 6926 6863 2138 2075 0
6926 6863 2138 2075 6927 6864 2139 2076 0
6927 6864 2139 2076 6928 6865 2140 2077 0
6928 6865 2140 2077 6929 6866 2141 2078 0
6929 6866 2141 2078 6930 6867 2142 2079 0
6930 6867 2142 2079 6931 6868 2143 2080 0
6931 6868 2143 2080 6932 6869 2144 2081 0
6932 6869 2144 2081 6933 6870 2145 2082 0
6933 6870 2145 2082 6934 6871 2146 2083 0
6934 6871 2146 2083 6935 6872 2147 2084 0
6935 6872 2147 2084 6936 6873 2148 2085 0
6936 6873 2148 2085 6937 6874 2149 2086 0
6937 6874 2149 2086 6938 6875 2150 2087 0
6938 6875 2150 2087 159 160 223 222 0
34 35 98 97 6813 6750 2151 2088 0
6813 6750 2151 2088 6814 6751 2152 2089 0
6814 6751 2152 2089 6815 6752 2153 2090 0
6815 6752 2153 2090 6816 6753 2154 2091 0
6816 6753 2154 2091 6817 6754 2155 2092 0
6817 6754 2155 2092 6818 6755 2156 2093 0
6818 6755 2156 2093 6819 6756 2157 2094 0
6819 6756 2157 2094 6820 6757 2158 2095 0
6820 6757 2158 2095 6821 6758 2159 2096 0
6821 6758 2159 2096 6822 6759 2160 2097 0
6822 6759 2160 2097 6823 6760 2161 2098 0
6823 6760 2161 2098 6824 6761 2162 2099 0
6824 6761 2162 2099 6825 6762 2163 2100 0
6825 6762 2163 2100 6826 6763 2164 2101 0
6826 6763 2164 2101 6827 6764 2165 2102 0
6827 6764 2165 2102 6828 6765 2166 2103 0
6828 6765 2166 2103 6829 6766 2167 2104 0
6829 6766 2167 2104 6830 6767 2168 2105 0
6830 6767 2168 2105 6831 6768 2169 2106 0
6831 6768 2169 2106 6832 6769 2170 2107 0
6832 6769 2170 2107 6833 6770 2171 2108 0
6833 6770 2171 2108 6834 6771 2172 2109 0
6834 6771 2172 2109 6835 6772 2173 2110 0
6835 6772 2173 2110 6836 6773 2174 2111 0
6836 6773 2174 2111 6837 6774 2175 2112 0
6837 6774 2175 2112 6838 6775 2176 2113 0
6838 6775 2176 2113 6839 6776 2177 2114 0
6839 6776 2177 2114 6840 6777 2178 2115 0
6840 6777 2178 2115 6841 6778 2179 2116 0
6841 6778 2179 2116 6842 6779 2180 2117 0
6842 6779 2180 2117 6843 6780 2181 2118 0
6843 6780 2181 2118 6844 6781 2182 2119 0
6844 6781 2182 2119 6845 6782 2183 2120 0
6845 6782 2183 2120 6846 6783 2184 2121 0
6846 6783 2184 2121 6847 6784 2185 2122 0
6847 6784 2185 2122 6848 6785 2186 2123 0
6848 6785 2186 2123 6849 6786 2187 2124 0
6849 6786 2187 2124 6850 6787 2188 2125 0
6850 6787 2188 2125 6851 6788 2189 2126 0
6851 6788 2189 2126 6852 6789 2190 2127 0
6852 6789 2190 2127 6853 6790 2191 2128 0
6853 6790 2191 2128 6854 6791 2192 2129 0
6854 6791 2192 2129 6855 6792 2193 2130 0
6855 6792 2193 2130 6856 6793 2194 2131 0
6856 6793 2194 2131 6857 6794 2195 2132 0
6857 6794 2195 2132 6858 6795 2196 2133 0
6858 6795 2196 2133 6859 6796 2197 2134 0
6859 6796 2197 2134 6860 6797 2198 2135 0
6860 6797 2198 2135 6861 6798 2199 2136 0
6861 6798 2199 2136 6862 6799 2200 2137 0
6862 6799 2200 2137 6863 6800 2201 2138 0
6863 6800 2201 2138 6864 6801 2202 2139 0
6864 6801 2202 2139 6865 6802 2203 2140 0
6865 6802 2203 2140 6866 6803 2204 2141 0
6866 6803 2204 2141 6867 6804 2205 2142 0
6867 6804 2205 2142 6868 6805 2206 2143 0
6868 6805 2206 2143 6869 6806 2207 2144 0
6869 6806 2207 2144 6870 6807 2208 2145 0
6870 6807 2208 2145 6871 6808 2209 2146 0
6871 6808 2209 2146 6872 6809 2210 2147 0
6872 6809 2210 2147 6873 6810 2211 2148 0
6873 6810 2211 2148 6874 6811 2212 2149 0
6874 6811 2212 2149 6875 6812 2213 2150 0
6875 6812 2213 2150 160 161 224 223 0
35 36 99 98 6750 6687 2214 2151 0
6750 6687 2214 2151 6751 6688 2215 2152 0
6751 6688 2215 2152 6752 6689 2216 2153 0
6752 6689 2216 2153 6753 6690 2217 2154 0
6753 6690 2217 2154 6754 6691 2218 2155 0
6754 6691 2218 2155 6755 6692 2219 2156 0
6755 6692 2219 2156 6756 6693 2220 2157 0
6756 6693 2220 2157 6757 6694 2221 2158 0
6757 6694 2221 2158 6758 6695 2222 2159 0
6758 6695 2222 2159 6759 6696 2223 2160 0
6759 6696 2223 2160 6760 6697 2224 2161 0
6760 6697 2224 2161 6761 6698 2225 2162 0
6761 6698 2225 2162 6762 6699 2226 2163 0
6762 6699 2226 2163 6763 6700 2227 2164 0
6763 6700 2227 2164 6764 6701 2228 2165 0
6764 6701 2228 2165 6765 6702 2229 2166 0
6765 6702 2229 2166 6766 6703 2230 2167 0
6766 6703 2230 2167 6767 6704 2231 2168 0
6767 6704 2231 2168 6768 6705 2232 2169 0
6768 6705 2232 2169 6769 6706 2233 2170 0
6769 6706 2233 2170 6770 6707 2234 2171 0
6770 6707 2234 2171 6771 6708 2235 2172 0
6771 6708 2235 2172 6772 6709 2236 2173 0
6772 6709 2236 2173 6773 6710 2237 2174 0
6773 6710 2237 2174 6774 6711 2238 2175 0
6774 6711 2238 2175 6775 6712 2239 2176 0
6775 6712 2239 2176 6776 6713 2240 2177 0
6776 6713 2240 2177 6777 6714 2241 2178 0
6777 6714 2241 2178 6778 6715 2242 2179 0
6778 6715 2242 2179 6779 6716 2243 2180 0
6779 6716 2243 2180 6780 6717 2244 2181 0
6780 6717 2244 2181 6781 6718 2245 2182 0
6781 6718 2245 2182 6782 6719 2246 2183 0
6782 6719 2246 2183 6783 6720 2247 2184 0
6783 6720 2247 2184 6784 6721 2248 2185 0
6784 6721 2248 2185 6785 6722 2249 2186 0
6785 6722 2249 2186 6786 6723 2250 2187 0
6786 6723 2250 2187 6787 6724 2251 2188 0
6787 6724 2251 2188 6788 6725 2252 2189 0
6788 6725 2252 2189 6789 6726 2253 2190 0
6789 6726 2253 2190 6790 6727 2254 2191 0
6790 6727 2254 2191 6791 6728 2255 2192 0
6791 6728 2255 2192 6792 6729 2256 2193 0
6792 6729 2256 2193 6793 6730 2257 2194 0
6793 6730 2257 2194 6794 6731 2258 2195 0
6794 6731 2258 2195 6795 6732 2259 2196 0
6795 6732 2259 2196 6796 6733 2260 2197 0
6796 6733 2260 2197 6797 6734 2261 2198 0
6797 6734 2261 2198 6798 6735 2262 2199 0
6798 6735 2262 2199 6799 6736 2263 2200 0
6799 6736 2263 2200 6800 6737 2264 2201 0
6800 6737 2264 2201 6801 6738 2265 2202 0
6801 6738 2265 2202 6802 6739 2266 2203 0
6802 6739 2266 2203 6803 6740 2267 2204 0
6803 6740 2267 2204 6804 6741 2268 2205 0
6804 6741 2268 2205 6805 6742 2269 2206 0
6805 6742 2269 2206 6806 6743 2270 2207 0
6806 6743 2270 2207 6807 6744 2271 2208 0
6807 6744 2271 2208 6808 6745 2272 2209 0
6808 6745 2272 2209 6809 6746 2273 2210 0
6809 6746 2273 2210 6810 6747 2274 2211 0
6810 6747 2274 2211 6811 6748 2275 2212 0
6811 6748 2275 2212 6812 6749 2276 2213 0
6812 6749 2276 2213 161 162 225 224 0
36 37 100 99 6687 6624 2277 2214 0
6687 6624 2277 2214 6688 6625 2278 2215 0
6688 6625 2278 2215 6689 6626 2279 2216 0
6689 6626 2279 2216 6690 6627 2280 2217 0
6690 6627 2280 2217 6691 6628 2281 2218 0
6691 6628 2281 2218 6692 6629 2282 2219 0
6692 6629 2282 2219 6693 6630 2283 2220 0
6693 6630 2283 2220 6694 6631 2284 2221 0
6694 6631 2284 2221 6695 6632 2285 2222 0
6695 6632 2285 2222 6696 6633 2286 2223 0
6696 6633 2286 2223 6697 6634 2287 2224 0
6697 6634 2287 2224 6698 6635 2288 2225 0
6698 6635 2288 2225 6699 6636 2289 2226 0
6699 6636 2289 2226 6700 6637 2290 2227 0
6700 6637 2290 2227 6701 6638 2291 2228 0
6701 6638 2291 2228 6702 6639 2292 2229 0
6702 6639 2292 2229 6703 6640 2293 2230 0
6703 6640 2293 2230 6704 6641 2294 2231 0
6704 6641 2294 2231 6705 6642 2295 2232 0
6705 6642 2295 2232 6706 6643 2296 2233 0
6706 6643 2296 2233 6707 6644 2297 2234 0
6707 6644 2297 2234 6708 6645 2298 2235 0
6708 6645 2298 2235 6709 6646 2299 2236 0
6709 6646 2299 2236 6710 6647 2300 2237 0
6710 6647 2300 2237 6711 6648 2301 2238 0
6711 6648 2301 2238 6712 6649 2302 2239 0
6712 6649 2302 2239 6713 6650 2303 2240 0
6713 6650 2303 2240 6714 6651 2304 2241 0
6714 6651 2304 2241 6715 6652 2305 2242 0
6715 6652 2305 2242 6716 6653 2306 2243 0
6716 6653 2306 2243 6717 6654 2307 2244 0
6717 6654 2307 2244 6718 6655 2308 2245 0
6718 6655 2308 2245 6719 6656 2309 2246 0
6719 6656 2309 2246 6720 6657 2310 2247 0
6720 6657 2310 2247 6721 6658 2311 2248 0
6721 6658 2311 2248 6722 6659 2312 2249 0
6722 6659 2312 2249 6723 6660 2313 2250 0
6723 6660 2313 2250 6724 6661 2314 2251 0
6724 6661 2314 2251 6725 6662 2315 2252 0
6725 6662 2315 2252 6726 6663 2316 2253 0
6726 6663 2316 2253 6727 6664 2317 2254 0
6727 6664 2317 2254 6728 6665 2318 2255 0
6728 6665 2318 2255 6729 6666 2319 2256 0
6729 6666 2319 2256 6730 6667 2320 2257 0
6730 6667 2320 2257 6731 6668 2321 2258 0
6731 6668 2321 2258 6732 6669 2322 2259 0
6732 6669 2322 2259 6733 6670 2323 2260 0
6733 6670 2323 2260 6734 6671 2324 2261 0
6734 6671 2324 2261 6735 6672 2325 2262 0
6735 6672 2325 2262 6736 6673 2326 2263 0
6736 6673 2326 2263 6737 6674 2327 2264 0
6737 6674 2327 2264 6738 6675 2328 2265 0
6738 6675 2328 2265 6739 6676 2329 2266 0
6739 6676 2329 2266 6740 6677 2330 2267 0
6740 6677 2330 2267 6741 6678 2331 2268 0
6741 6678 2331 2268 6742 6679 2332 2269 0
6742 6679 2332 2269 6743 6680 2333 2270 0
6743 6680 2333 2270 6744 6681 2334 2271 0
6744 6681 2334 2271 6745 6682 2335 2272 0
6745 6682 2335 2272 6746 6683 2336 2273 0
6746 6683 2336 2273 6747 6684 2337 2274 0
6747 6684 2337 2274 6748 6685 2338 2275 0
6748 6685 2338 2275 6749 6686 2339 2276 0
6749 6686 2339 2276 162 163 226 225 0
37 38 101 100 6624 6561 2340 2277 0
6624 6561 2340 2277 6625 6562 2341 2278 0
6625 6562 2341 2278 6626 6563 2342 2279 0
6626 6563 2342 2279 6627 6564 2343 2280 0
6627 6564 2343 2280 6628 6565 2344 2281 0
6628 6565 2344 2281 6629 6566 2345 2282 0
6629 6566 2345 2282 6630 6567 2346 2283 0
6630 6567 2346 2283 6631 6568 2347 2284 0
6631 6568 2347 2284 6632 6569 2348 2285 0
6632 6569 2348 2285 6633 6570 2349 2286 0
6633 6570 2349 2286 6634 6571 2350 2287 0
6634 6571 2350 2287 6635 6572 2351 2288 0
6635 6572 2351 2288 6636 6573 2352 2289 0
6636 6573 2352 2289 6637 6574 2353 2290 0
6637 6574 2353 2290 6638 6575 2354 2291 0
6638 6575 2354 2291 6639 6576 2355 2292 0
6639 6576 2355 2292 6640 6577 2356 2293 0
6640 6577 2356 2293 6641 6578 2357 2294 0
6641 6578 2357 2294 6642 6579 2358 2295 0
6642 6579 2358 2295 6643 6580 2359 2296 0
6643 6580 2359 2296 6644 6581 2360 2297 0
6644 6581 2360 2297 6645 6582 2361 2298 0
6645 6582 2361 2298 6646 6583 2362 2299 0
6646 6583 2362 2299 6647 6584 2363 2300 0
6647 6584 2363 2300 6648 6585 2364 2301 0
6648 6585 2364 2301 6649 6586 2365 2302 0
6649 6586 2365 2302 6650 6587 2366 2303 0
6650 6587 2366 2303 6651 6588 2367 2304 0
6651 6588 2367 2304 6652 6589 2368 2305 0
6652 6589 2368 2305 6653 6590 2369 2306 0
6653 6590 2369 2306 6654 6591 2370 2307 0
6654 6591 2370 2307 6655 6592 2371 2308 0
6655 6592 2371 2308 6656 6593 2372 2309 0
6656 6593 2372 2309 6657 6594 2373 2310 0
6657 6594 2373 2310 6658 6595 2374 2311 0
6658 6595 2374 2311 6659 6596 2375 2312 0
6659 6596 2375 2312 6660 6597 2376 2313 0
6660 6597 2376 2313 6661 6598 2377 2314 0
6661 6598 2377 2314 6662 6599 2378 2315 0
6662 6599 2378 2315 6663 6600 2379 2316 0
6663 6600 2379 2316 6664 6601 2380 2317 0
6664 6601 2380 2317 6665 6602 2381 2318 0
6665 6602 2381 2318 6666 6603 2382 2319 0
6666 6603 2382 2319 6667 6604 2383 2320 0
6667 6604 2383 2320 6668 6605 2384 2321 0
6668 6605 2384 2321 6669 6606 2385 2322 0
6669 6606 2385 2322 6670 6607 2386 2323 0
6670 6607 2386 2323 6671 6608 2387 2324 0
6671 6608 2387 2324 6672 6609 2388 2325 0
6672 6609 2388 2325 6673 6610 2389 2326 0
6673 6610 2389 2326 6674 6611 2390 2327 0
6674 6611 2390 2327 6675 6612 2391 2328 0
6675 6612 2391 2328 6676 6613 2392 2329 0
6676 6613 2392 2329 6677 6614 2393 2330 0
6677 6614 2393 2330 6678 6615 2394 2331 0
6678 6615 2394 2331 6679 6616 2395 2332 0
6679 6616 2395 2332 6680 6617 2396 2333 0
6680 6617 2396 2333 6681 6618 2397 2334 0
6681 6618 2397 2334 6682 6619 2398 2335 0
6682 6619 2398 2335 6683 6620 2399 2336 0
6683 6620 2399 2336 6684 6621 2400 2337 0
6684 6621 2400 2337 6685 6622 2401 2338 0
6685 6622 2401 2338 6686 6623 2402 2339 0
6686 6623 2402 2339 163 164 227 226 0
38 39 102 101 6561 6498 2403 2340 0
6561 6498 2403 2340 6562 6499 2404 2341 0
6562 6499 2404 2341 6563 6500 2405 2342 0
6563 6500 2405 2342 6564 6501 2406 2343 0
6564 6501 2406 2343 6565 6502 2407 2344 0
6565 6502 2407 2344 6566 6503 2408 2345 0
6566 6503 2408 2345 6567 6504 2409 2346 0
6567 6504 2409 2346 6568 6505 2410 2347 0
6568 6505 2410 2347 6569 6506 2411 2348 0
6569 6506 2411 2348 6570 6507 2412 2349 0
6570 6507 2412 2349 6571 6508 2413 2350 0
6571 6508 2413 2350 6572 6509 2414 2351 0
6572 6509 2414 2351 6573 6510 2415 2352 0
6573 6510 2415 2352 6574 6511 2416 2353 0
6574 6511 2416 2353 6575 6512 2417 2354 0
6575 6512 2417 2354 6576 6513 2418 2355 0
6576 6513 2418 2355 6577 6514 2419 2356 0
6577 6514 2419 2356 6578 6515 2420 2357 0
6578 6515 2420 2357 6579 6516 2421 2358 0
6579 6516 2421 2358 6580 6517 2422 2359 0
6580 6517 2422 2359 6581 6518 2423 2360 0
6581 6518 2423 2360 6582 6519 2424 2361 0
6582 6519 2424 2361 6583 6520 2425 2362 0
6583 6520 2425 2362 6584 6521 2426 2363 0
6584 6521 2426 2363 6585 6522 2427 2364 0
6585 6522 2427 2364 6586 6523 2428 2365 0
6586 6523 2428 2365 6587 6524 2429 2366 0
6587 6524 2429 2366 6588 6525 2430 2367 0
6588 6525 2430 2367 6589 6526 2431 2368 0
6589 6526 2431 2368 6590 6527 2432 2369 0
6590 6527 2432 2369 6591 6528 2433 2370 0
6591 6528 2433 2370 6592 6529 2434 2371 0
6592 6529 2434 2371 6593 6530 2435 2372 0
6593 6530 2435 2372 6594 6531 2436 2373 0
6594 6531 2436 2373 6595 6532 2437 2374 0
6595 6532 2437 2374 6596 6533 2438 2375 0
6596 6533 2438 2375 6597 6534 2439 2376 0
6597 6534 2439 2376 6598 6535 2440 2377 0
6598 6535 2440 2377 6599 6536 2441 2378 0
6599 6536 2441 2378 6600 6537 2442 2379 0
6600 6537 2442 2379 6601 6538 2443 2380 0
6601 6538 2443 2380 6602 6539 2444 2381 0
6602 6539 2444 2381 6603 6540 2445 2382 0
6603 6540 2445 2382 6604 6541 2446 2383 0
6604 6541 2446 2383 6605 6542 2447 2384 0
6605 6542 2447 2384 6606 6543 2448 2385 0
6606 6543 2448 2385 6607 6544 2449 2386 0
6607 6544 2449 2386 6608 6545 2450 2387 0
6608 6545 2450 2387 6609 6546 2451 2388 0
6609 6546 2451 2388 6610 6547 2452 2389 0
6610 6547 2452 2389 6611 6548 2453 2390 0
6611 6548 2453 2390 6612 6549 2454 2391 0
6612 6549 2454 2391 6613 6550 2455 2392 0
6613 6550 2455 2392 6614 6551 2456 2393 0
6614 6551 2456 2393 6615 6552 2457 2394 0
6615 6552 2457 2394 6616 6553 2458 2395 0
6616 6553 2458 2395 6617 6554 2459 2396 0
6617 6554 2459 2396 6618 6555 2460 2397 0
6618 6555 2460 2397 6619 6556 2461 2398 0
6619 6556 2461 2398 6620 6557 2462 2399 0
6620 6557 2462 2399 6621 6558 2463 2400 0
6621 6558 2463 2400 6622 6559 2464 2401 0
6622 6559 2464 2401 6623 6560 2465 2402 0
6623 6560 2465 2402 164 165 228 227 0
39 40 103 102 6498 6435 2466 2403 0
6498 6435 2466 2403 6499 6436 2467 2404 0
6499 6436 2467 2404 6500 6437 2468 2405 0
6500 6437 2468 2405 6501 6438 2469 2406 0
6501 6438 2469 2406 6502 6439 2470 2407 0
6502 6439 2470 2407 6503 6440 2471 2408 0
6503 6440 2471 2408 6504 6441 2472 2409 0
6504 6441 2472 2409 6505 6442 2473 2410 0
6505 6442 2473 2410 6506 6443 2474 2411 0
6506 6443 2474 2411 6507 6444 2475 2412 0
6507 6444 2475 2412 6508 6445 2476 2413 0
6508 6445 2476 2413 6509 6446 2477 2414 0
6509 6446 2477 2414 6510 6447 2478 2415 0
6510 6447 2478 2415 6511 6448 2479 2416 0
6511 6448 2479 2416 6512 6449 2480 2417 0
6512 6449 2480 2417 6513 6450 2481 2418 0
6513 6450 2481 2418 6514 6451 2482 2419 0
6514 6451 2482 2419 6515 6452 2483 2420 0
6515 6452 2483 2420 6516 6453 2484 2421 0
6516 6453 2484 2421 6517 6454 2485 2422 0
6517 6454 2485 2422 6518 6455 2486 2423 0
6518 6455 2486 2423 6519 6456 2487 2424 0
6519 6456 2487 2424 6520 6457 2488 2425 0
6520 6457 2488 2425 6521 6458 2489 2426 0
6521 6458 2489 2426 6522 6459 2490 2427 0
6522 6459 2490 2427 6523 6460 2491 2428 0
6523 6460 2491 2428 6524 6461 2492 2429 0
6524 6461 2492 2429 6525 6462 2493 2430 0
6525 6462 2493 2430 6526 6463 2494 2431 0
6526 6463 2494 2431 6527 6464 2495 2432 0
6527 6464 2495 2432 6528 6465 2496 2433 0
6528 6465 2496 2433 6529 6466 2497 2434 0
6529 6466 2497 2434 6530 6467 2498 2435 0
6530 6467 2498 2435 6531 6468 2499 2436 0
6531 6468 2499 2436 6532 6469 2500 2437 0
6532 6469 2500 2437 6533 6470 2501 2438 0
6533 6470 2501 2438 6534 6471 2502 2439 0
6534 6471 2502 2439 6535 6472 2503 2440 0
6535 6472 2503 2440 6536 6473 2504 2441 0
6536 6473 2504 2441 6537 6474 2505 2442 0
6537 6474 2505 2442 6538 6475 2506 2443 0
6538 6475 2506 2443 6539 6476 2507 2444 0
6539 6476 2507 2444 6540 6477 2508 2445 0
6540 6477 2508 2445 6541 6478 2509 2446 0
6541 6478 2509 2446 6542 6479 2510 2447 0
6542 6479 2510 2447 6543 6480 2511 2448 0
6543 6480 2511 2448 6544 6481 2512 2449 0
6544 6481 2512 2449 6545 6482 2513 2450 0
6545 6482 2513 2450 6546 6483 2514 2451 0
6546 6483 2514 2451 6547 6484 2515 2452 0
6547 6484 2515 2452 6548 6485 2516 2453 0
6548 6485 2516 2453 6549 6486 2517 2454 0
6549 6486 2517 2454 6550 6487 2518 2455 0
6550 6487 2518 2455 6551 6488 2519 2456 0
6551 6488 2519 2456 6552 6489 2520 2457 0
6552 6489 2520 2457 6553 6490 2521 2458 0
6553 6490 2521 2458 6554 6491 2522 2459 0
6554 6491 2522 2459 6555 6492 2523 2460 0
6555 6492 2523 2460 6556 6493 2524 2461 0
6556 6493 2524 2461 6557 6494 2525 2462 0
6557 6494 2525 2462 6558 6495 2526 2463 0
6558 6495 2526 2463 6559 6496 2527 2464 0
6559 6496 2527 2464 6560 6497 2528 2465 0
6560 6497 2528 2465 165 166 229 228 0
40 41 104 103 6435 6372 2529 2466 0
6435 6372 2529 2466 6436 6373 2530 2467 0
6436 6373 2530 2467 6437 6374 2531 2468 0
6437 6374 2531 2468 6438 6375 2532 2469 0
6438 6375 2532 2469 6439 6376 2533 2470 0
6439 6376 2533 2470 6440 6377 2534 2471 0
6440 6377 2534 2471 6441 6378 2535 2472 0
6441 6378 2535 2472 6442 6379 2536 2473 0
6442 6379 2536 2473 6443 6380 2537 2474 0
6443 6380 2537 2474 6444 6381 2538 2475 0
6444 6381 2538 2475 6445 6382 2539 2476 0
6445 6382 2539 2476 6446 6383 2540 2477 0
6446 6383 2540 2477 6447 6384 2541 2478 0
6447 6384 2541 2478 6448 6385 2542 2479 0
6448 6385 2542 2479 6449 6386 2543 2480 0
6449 6386 2543 2480 6450 6387 2544 2481 0
6450 6387 2544 2481 6451 6388 2545 2482 0
6451 6388 2545 2482 6452 6389 2546 2483 0
6452 6389 2546 2483 6453 6390 2547 2484 0
6453 6390 2547 2484 6454 6391 2548 2485 0
6454 6391 2548 2485 6455 6392 2549 2486 0
6455 6392 2549 2486 6456 6393 2550 2487 0
6456 6393 2550 2487 6457 6394 2551 2488 0
6457 6394 2551 2488 6458 6395 2552 2489 0
6458 6395 2552 2489 6459 6396 2553 2490 0
6459 6396 2553 2490 6460 6397 2554 2491 0
6460 6397 2554 2491 6461 6398 2555 2492 0
6461 6398 2555 2492 6462 6399 2556 2493 0
6462 6399 2556 2493 6463 6400 2557 2494 0
6463 6400 2557 2494 6464 6401 2558 2495 0
6464 6401 2558 2495 6465 6402 2559 2496 0
6465 6402 2559 2496 6466 6403 2560 2497 0
6466 6403 2560 2497 6467 6404 2561 2498 0
6467 6404 2561 2498 6468 6405 2562 2499 0
6468 6405 2562 2499 6469 6406 2563 2500 0
6469 6406 2563 2500 6470 6407 2564 2501 0
6470 6407 2564 2501 6471 6408 2565 2502 0
6471 6408 2565 2502 6472 6409 2566 2503 0
6472 6409 2566 2503 6473 6410 2567 2504 0
6473 6410 2567 2504 6474 6411 2568 2505 0
6474 6411 2568 2505 6475 6412 2569 2506 0
6475 6412 2569 2506 6476 6413 2570 2507 0
6476 6413 2570 2507 6477 6414 2571 2508 0
6477 6414 2571 2508 6478 6415 2572 2509 0
6478 6415 2572 2509 6479 6416 2573 2510 0
6479 6416 2573 2510 6480 6417 2574 2511 0
6480 6417 2574 2511 6481 6418 2575 2512 0
6481 6418 2575 2512 6482 6419 2576 2513 0
6482 6419 2576 2513 6483 6420 2577 2514 0
6483 6420 2577 2514 6484 6421 2578 2515 0
6484 6421 2578 2515 6485 6422 2579 2516 0
6485 6422 2579 2516 6486 6423 2580 2517 0
6486 6423 2580 2517 6487 6424 2581 2518 0
6487 6424 2581 2518 6488 6425 2582 2519 0
6488 6425 2582 2519 6489 6426 2583 2520 0
6489 6426 2583 2520 6490 6427 2584 2521 0
6490 6427 2584 2521 6491 6428 2585 2522 0
6491 6428 2585 2522 6492 6429 2586 2523 0
6492 6429 2586 2523 6493 6430 2587 2524 0
6493 6430 2587 2524 6494 6431 2588 2525 0
6494 6431 2588 2525 6495 6432 2589 2526 0
6495 6432 2589 2526 6496 6433 2590 2527 0
6496 6433 2590 2527 6497 6434 2591 2528 0
6497 6434 2591 2528 166 167 230 229 0
41 42 105 104 6372 6309 2592 2529 0
6372 6309 2592 2529 6373 6310 2593 2530 0
6373 6310 2593 2530 6374 6311 2594 2531 0
6374 6311 2594 2531 6375 6312 2595 2532 0
6375 6312 2595 2532 6376 6313 2596 2533 0
6376 6313 2596 2533 6377 6314 2597 2534 0
6377 6314 2597 2534 6378 6315 2598 2535 0
6378 6315 2598 2535 6379 6316 2599 2536 0
6379 6316 2599 2536 6380 6317 2600 2537 0
6380 6317 2600 2537 6381 6318 2601 2538 0
6381 6318 2601 2538 6382 6319 2602 2539 0
6382 6319 2602 2539 6383 6320 2603 2540 0
6383 6320 2603 2540 6384 6321 2604 2541 0
6384 6321 2604 2541 6385 6322 2605 2542 0
6385 6322 2605 2542 6386 6323 2606 2543 0
6386 6323 2606 2543 6387 6324 2607 2544 0
6387 6324 2607 2544 6388 6325 2608 2545 0
6388 6325 2608 2545 6389 6326 2609 2546 0
6389 6326 2609 2546 6390 6327 2610 2547 0
6390 6327 2610 2547 6391 6328 2611 2548 0
6391 6328 2611 2548 6392 6329 2612 2549 0
6392 6329 2612 2549 6393 6330 2613 2550 0
6393 6330 2613 2550 6394 6331 2614 2551 0
6394 6331 2614 2551 6395 6332 2615 2552 0
6395 6332 2615 2552 6396 6333 2616 2553 0
6396 6333 2616 2553 6397 6334 2617 2554 0
6397 6334 2617 2554 6398 6335 2618 2555 0
6398 6335 2618 2555 6399 6336 2619 2556 0
6399 6336 2619 2556 6400 6337 2620 2557 0
6400 6337 2620 2557 6401 6338 2621 2558 0
6401 6338 2621 2558 6402 6339 2622 2559 0
6402 6339 2622 2559 6403 6340 2623 2560 0
6403 6340 2623 2560 6404 6341 2624 2561 0
6404 6341 2624 2561 6405 6342 2625 2562 0
6405 6342 2625 2562 6406 6343 2626 2563 0
6406 6343 2626 2563 6407 6344 2627 2564 0
6407 6344 2627 2564 6408 6345 2628 2565 0
6408 6345 2628 2565 6409 6346 2629 2566 0
6409 6346 2629 2566 6410 6347 2630 2567 0
6410 6347 2630 2567 6411 6348 2631 2568 0
6411 6348 2631 2568 6412 6349 2632 2569 0
6412 6349 2632 2569 6413 6350 2633 2570 0
6413 6350 2633 2570 6414 6351 2634 2571 0
6414 6351 2634 2571 6415 6352 2635 2572 0
6415 6352 2635 2572 6416 6353 2636 2573 0
6416 6353 2636 2573 6417 6354 2637 2574 0
6417 6354 2637 2574 6418 6355 2638 2575 0
6418 6355 2638 2575 6419 6356 2639 2576 0
6419 6356 2639 2576 6420 6357 2640 2577 0
6420 6357 2640 2577 6421 6358 2641 2578 0
6421 6358 2641 2578 6422 6359 2642 2579 0
6422 6359 2642 2579 6423 6360 2643 2580 0
6423 6360 2643 2580 6424 6361 2644 2581 0
6424 6361 2644 2581 6425 6362 2645 2582 0
6425 6362 2645 2582 6426 6363 2646 2583 0
6426 6363 2646 2583 6427 6364 2647 2584 0
6427 6364 2647 2584 6428 6365 2648 2585 0
6428 6365 2648 2585 6429 6366 2649 2586 0
6429 6366 2649 2586 6430 6367 2650 2587 0
6430 6367 2650 2587 6431 6368 2651 2588 0
6431 6368 2651 2588 6432 6369 2652 2589 0
6432 6369 2652 2589 6433 6370 2653 2590 0
6433 6370 2653 2590 6434 6371 2654 2591 0
6434 6371 2654 2591 167 168 231 230 0
42 43 106 105 6309 6246 2655 2592 0
6309 6246 2655 2592 6310 6247 2656 2593 0
6310 6247 2656 2593 6311 6248 2657 2594 0
6311 6248 2657 2594 6312 6249 2658 2595 0
6312 6249 2658 2595 6313 6250 2659 2596 0
6313 6250 2659 2596 6314 6251 2660 2597 0
6314 6251 2660 2597 6315 6252 2661 2598 0
6315 6252 2661 2598 6316 6253 2662 2599 0
6316 6253 2662 2599 6317 6254 2663 2600 0
6317 6254 2663 2600 6318 6255 2664 2601 0
6318 6255 2664 2601 6319 6256 2665 2602 0
6319 6256 2665 2602 6320 6257 2666 2603 0
6320 6257 2666 2603 6321 6258 2667 2604 0
6321 6258 2667 2604 6322 6259 2668 2605 0
6322 6259 2668 2605 6323 6260 2669 2606 0
6323 6260 2669 2606 6324 6261 2670 2607 0
6324 6261 2670 2607 6325 6262 2671 2608 0
6325 6262 2671 2608 6326 6263 2672 2609 0
6326 6263 2672 2609 6327 6264 2673 2610 0
6327 6264 2673 2610 6328 6265 2674 2611 0
6328 6265 2674 2611 6329 6266 2675 2612 0
6329 6266 2675 2612 6330 6267 2676 2613 0
6330 6267 2676 2613 6331 6268 2677 2614 0
6331 6268 2677 2614 6332 6269 2678 2615 0
6332 6269 2678 2615 6333 6270 2679 2616 0
6333 6270 2679 2616 6334 6271 2680 2617 0
6334 6271 2680 2617 6335 6272 2681 2618 0
6335 6272 2681 2618 6336 6273 2682 2619 0
6336 6273 2682 2619 6337 6274 2683 2620 0
6337 6274 2683 2620 6338 6275 2684 2621 0
6338 6275 2684 2621 6339 6276 2685 2622 0
6339 6276 2685 2622 6340 6277 2686 2623 0
6340 6277 2686 2623 6341 6278 2687 2624 0
6341 6278 2687 2624 6342 6279 2688 2625 0
6342 6279 2688 2625 6343 6280 2689 2626 0
6343 6280 2689 2626 6344 6281 2690 2627 0
6344 6281 2690 2627 6345 6282 2691 2628 0
6345 6282 2691 2628 6346 6283 2692 2629 0
6346 6283 2692 2629 6347 6284 2693 2630 0
6347 6284 2693 2630 6348 6285 2694 2631 0
6348 6285 2694 2631 6349 6286 2695 2632 0
6349 6286 2695 2632 6350 6287 2696 2633 0
6350 6287 2696 2633 6351 6288 2697 2634 0
6351 6288 2697 2634 6352 6289 2698 2635 0
6352 6289 2698 2635 6353 6290 2699 2636 0
6353 6290 2699 2636 6354 6291 2700 2637 0
6354 6291 2700 2637 6355 6292 2701 2638 0
6355 6292 2701 2638 6356 6293 2702 2639 0
6356 6293 2702 2639 6357 6294 2703 2640 0
6357 6294 2703 2640 6358 6295 2704 2641 0
6358 6295 2704 2641 6359 6296 2705 2642 0
6359 6296 2705 2642 6360 6297 2706 2643 0
6360 6297 2706 2643 6361 6298 2707 2644 0
6361 6298 2707 2644 6362 6299 2708 2645 0
6362 6299 2708 2645 6363 6300 2709 2646 0
6363 6300 2709 2646 6364 6301 2710 2647 0
6364 6301 2710 2647 6365 6302 2711 2648 0
6365 6302 2711 2648 6366 6303 2712 2649 0
6366 6303 2712 2649 6367 6304 2713 2650 0
6367 6304 2713 2650 6368 6305 2714 2651 0
6368 6305 2714 2651 6369 6306 2715 2652 0
6369 6306 2715 2652 6370 6307 2716 2653 0
6370 6307 2716 2653 6371 6308 2717 2654 0
6371 6308 2717 2654 168 169 232 231 0
43 44 107 106 6246 6183 2718 2655 0
6246 6183 2718 2655 6247 6184 2719 2656 0
6247 6184 2719 2656 6248 6185 2720 2657 0
6248 6185 2720 2657 6249 6186 2721 2658 0
6249 6186 2721 2658 6250 6187 2722 2659 0
6250 6187 2722 2659 6251 6188 2723 2660 0
6251 6188 2723 2660 6252 6189 2724 2661 0
6252 6189 2724 2661 6253 6190 2725 2662 0
6253 6190 2725 2662 6254 6191 2726 2663 0
6254 6191 2726 2663 6255 6192 2727 2664 0
6255 6192 2727 2664 6256 6193 2728 2665 0
6256 6193 2728 2665 6257 6194 2729 2666 0
6257 6194 2729 2666 6258 6195 2730 2667 0
6258 6195 2730 2667 6259 6196 2731 2668 0
6259 6196 2731 2668 6260 6197 2732 2669 0
6260 6197 2732 2669 6261 6198 2733 2670 0
6261 6198 2733 2670 6262 6199 2734 2671 0
6262 6199 2734 2671 6263 6200 2735 2672 0
6263 6200 2735 2672 6264 6201 2736 2673 0
6264 6201 2736 2673 6265 6202 2737 2674 0
6265 6202 2737 2674 6266 6203 2738 2675 0
6266 6203 2738 2675 6267 6204 2739 2676 0
6267 6204 2739 2676 6268 6205 2740 2677 0
6268 6205 2740 2677 6269 6206 2741 2678 0
6269 6206 2741 2678 6270 6207 2742 2679 0
6270 6207 2742 2679 6271 6208 2743 2680 0
6271 6208 2743 2680 6272 6209 2744 2681 0
6272 6209 2744 2681 6273 6210 2745 2682 0
6273 6210 2745 2682 6274 6211 2746 2683 0
6274 6211 2746 2683 6275 6212 2747 2684 0
6275 6212 2747 2684 6276 6213 2748 2685 0
6276 6213 2748 2685 6277 6214 2749 2686 0
6277 6214 2749 2686 6278 6215 2750 2687 0
6278 6215 2750 2687 6279 6216 2751 2688 0
6279 6216 2751 2688 6280 6217 2752 2689 0
6280 6217 2752 2689 6281 6218 2753 2690 0
6281 6218 2753 2690 6282 6219 2754 2691 0
6282 6219 2754 2691 6283 6220 2755 2692 0
6283 6220 2755 2692 6284 6221 2756 2693 0
6284 6221 2756 2693 6285 6222 2757 2694 0
6285 6222 2757 2694 6286 6223 2758 2695 0
6286 6223 2758 2695 6287 6224 2759 2696 0
6287 6224 2759 2696 6288 6225 2760 2697 0
6288 6225 2760 2697 6289 6226 2761 2698 0
6289 6226 2761 2698 6290 6227 2762 2699 0
6290 6227 2762 2699 6291 6228 2763 2700 0
6291 6228 2763 2700 6292 6229 2764 2701 0
6292 6229 2764 2701 6293 6230 2765 2702 0
6293 6230 2765 2702 6294 6231 2766 2703 0
6294 6231 2766 2703 6295 6232 2767 2704 0
6295 6232 2767 2704 6296 6233 2768 2705 0
6296 6233 2768 2705 6297 6234 2769 2706 0
6297 6234 2769 2706 6298 6235 2770 2707 0
6298 6235 2770 2707 6299 6236 2771 2708 0
6299 6236 2771 2708 6300 6237 2772 2709 0
6300 6237 2772 2709 6301 6238 2773 2710 0
6301 6238 2773 2710 6302 6239 2774 2711 0
6302 6239 2774 2711 6303 6240 2775 2712 0
6303 6240 2775 2712 6304 6241 2776 2713 0
6304 6241 2776 2713 6305 6242 2777 2714 0
6305 6242 2777 2714 6306 6243 2778 2715 0
6306 6243 2778 2715 6307 6244 2779 2716 0
6307 6244 2779 2716 6308 6245 2780 2717 0
6308 6245 2780 2717 169 170 233 232 0
44 45 108 107 6183 6120 2781 2718 0
6183 6120 2781 2718 6184 6121 2782 2719 0
6184 6121 2782 2719 6185 6122 2783 2720 0
6185 6122 2783 2720 6186 6123 2784 2721 0
6186 6123 2784 2721 6187 6124 2785 2722 0
6187 6124 2785 2722 6188 6125 2786 2723 0
6188 6125 2786 2723 6189 6126 2787 2724 0
6189 6126 2787 2724 6190 6127 2788 2725 0
6190 6127 2788 2725 6191 6128 2789 2726 0
6191 6128 2789 2726 6192 6129 2790 2727 0
6192 6129 2790 2727 6193 6130 2791 2728 0
6193 6130 2791 2728 6194 6131 2792 2729 0
6194 6131 2792 2729 6195 6132 2793 2730 0
6195 6132 2793 2730 6196 6133 2794 2731 0
6196 6133 2794 2731 6197 6134 2795 2732 0
6197 6134 2795 2732 6198 6135 2796 2733 0
6198 6135 2796 2733 6199 6136 2797 2734 0
6199 6136 2797 2734 6200 6137 2798 2735 0
6200 6137 2798 2735 6201 6138 2799 2736 0
6201 6138 2799 2736 6202 6139 2800 2737 0
6202 6139 2800 2737 6203 6140 2801 2738 0
6203 6140 2801 2738 6204 6141 2802 2739 0
6204 6141 2802 2739 6205 6142 2803 2740 0
6205 6142 2803 2740 6206 6143 2804 2741 0
6206 6143 2804 2741 6207 6144 2805 2742 0
6207 6144 2805 2742 6208 6145 2806 2743 0
6208 6145 2806 2743 6209 6146 2807 2744 0
6209 6146 2807 2744 6210 6147 2808 2745 0
6210 6147 2808 2745 6211 6148 2809 2746 0
6211 6148 2809 2746 6212 6149 2810 2747 0
6212 6149 2810 2747 6213 6150 2811 2748 0
6213 6150 2811 2748 6214 6151 2812 2749 0
6214 6151 2812 2749 6215 6152 2813 2750 0
6215 6152 2813 2750 6216 6153 2814 2751 0
6216 6153 2814 2751 6217 6154 2815 2752 0
6217 6154 2815 2752 6218 6155 2816 2753 0
6218 6155 2816 2753 6219 6156 2817 2754 0
6219 6156 2817 2754 6220 6157 2818 2755 0
6220 6157 2818 2755 6221 6158 2819 2756 0
6221 6158 2819 2756 6222 6159 2820 2757 0
6222 6159 2820 2757 6223 6160 2821 2758 0
6223 6160 2821 2758 6224 6161 2822 2759 0
6224 6161 2822 2759 6225 6162 2823 2760 0
6225 6162 2823 2760 6226 6163 2824 2761 0
6226 6163 2824 2761 6227 6164 2825 2762 0
6227 6164 2825 2762 6228 6165 2826 2763 0
6228 6165 2826 2763 6229 6166 2827 2764 0
6229 6166 2827 2764 6230 6167 2828 2765 0
6230 6167 2828 2765 6231 6168 2829 2766 0
6231 6168 2829 2766 6232 6169 2830 2767 0
6232 6169 2830 2767 6233 6170 2831 2768 0
6233 6170 2831 2768 6234 6171 2832 2769 0
6234 6171 2832 2769 6235 6172 2833 2770 0
6235 6172 2833 2770 6236 6173 2834 2771 0
6236 6173 2834 2771 6237 6174 2835 2772 0
6237 6174 2835 2772 6238 6175 2836 2773 0
6238 6175 2836 2773 6239 6176 2837 2774 0
6239 6176 2837 2774 6240 6177 2838 2775 0
6240 6177 2838 2775 6241 6178 2839 2776 0
6241 6178 2839 2776 6242 6179 2840 2777 0
6242 6179 2840 2777 6243 6180 2841 2778 0
6243 6180 2841 2778 6244 6181 2842 2779 0
6244 6181 2842 2779 6245 6182 2843 2780 0
6245 6182 2843 2780 170 171 234 233 0
45 46 109 108 6120 6057 2844 2781 0
6120 6057 2844 2781 6121 6058 2845 2782 0
6121 6058 2845 2782 6122 6059 2846 2783 0
6122 6059 2846 2783 6123 6060 2847 2784 0
6123 6060 2847 2784 6124 6061 2848 2785 0
6124 6061 2848 2785 6125 6062 2849 2786 0
6125 6062 2849 2786 6126 6063 2850 2787 0
6126 6063 2850 2787 6127 6064 2851 2788 0
6127 6064 2851 2788 6128 6065 2852 2789 0
6128 6065 2852 2789 6129 6066 2853 2790 0
6129 6066 2853 2790 6130 6067 2854 2791 0
6130 6067 2854 2791 6131 6068 2855 2792 0
6131 6068 2855 2792 6132 6069 2856 2793 0
6132 6069 2856 2793 6133 6070 2857 2794 0
6133 6070 2857 2794 6134 6071 2858 2795 0
6134 6071 2858 2795 6135 6072 2859 2796 0
6135 6072 2859 2796 6136 6073 2860 2797 0
6136 6073 2860 2797 6137 6074 2861 2798 0
6137 6074 2861 2798 6138 6075 2862 2799 0
6138 6075 2862 2799 6139 6076 2863 2800 0
6139 6076 2863 2800 6140 6077 2864 2801 0
6140 6077 2864 2801 6141 6078 2865 2802 0
6141 6078 2865 2802 6142 6079 2866 2803 0
6142 6079 2866 2803 6143 6080 2867 2804 0
6143 6080 2867 2804 6144 6081 2868 2805 0
6144 6081 2868 2805 6145 6082 2869 2806 0
6145 6082 2869 2806 6146 6083 2870 2807 0
6146 6083 2870 2807 6147 6084 2871 2808 0
6147 6084 2871 2808 6148 6085 2872 2809 0
6148 6085 2872 2809 6149 6086 2873 2810 0
6149 6086 2873 2810 6150 6087 2874 2811 0
6150 6087 2874 2811 6151 6088 2875 2812 0
6151 6088 2875 2812 6152 6089 2876 2813 0
6152 6089 2876 2813 6153 6090 2877 2814 0
6153 6090 2877 2814 6154 6091 2878 2815 0
6154 6091 2878 2815 6155 6092 2879 2816 0
6155 6092 2879 2816 6156 6093 2880 2817 0
6156 6093 2880 2817 6157 6094 2881 2818 0
6157 6094 2881 2818 6158 6095 2882 2819 0
6158 6095 2882 2819 6159 6096 2883 2820 0
6159 6096 2883 2820 6160 6097 2884 2821 0
6160 6097 2884 2821 6161 6098 2885 2822 0
6161 6098 2885 2822 6162 6099 2886 2823 0
6162 6099 2886 2823 6163 6100 2887 2824 0
6163 6100 2887 2824 6164 6101 2888 2825 0
6164 6101 2888 2825 6165 6102 2889 2826 0
6165 6102 2889 2826 6166 6103 2890 2827 0
6166 6103 2890 2827 6167 6104 2891 2828 0
6167 6104 2891 2828 6168 6105 2892 2829 0
6168 6105 2892 2829 6169 6106 2893 2830 0
6169 6106 2893 2830 6170 6107 2894 2831 0
6170 6107 2894 2831 6171 6108 2895 2832 0
6171 6108 2895 2832 6172 6109 2896 2833 0
6172 6109 2896 2833 6173 6110 2897 2834 0
6173 6110 2897 2834 6174 6111 2898 2835 0
6174 6111 2898 2835 6175 6112 2899 2836 0
6175 6112 2899 2836 6176 6113 2900 2837 0
6176 6113 2900 2837 6177 6114 2901 2838 0
6177 6114 2901 2838 6178 6115 2902 2839 0
6178 6115 2902 2839 6179 6116 2903 2840 0
6179 6116 2903 2840 6180 6117 2904 2841 0
6180 6117 2904 2841 6181 6118 2905 2842 0
6181 6118 2905 2842 6182 6119 2906 2843 0
6182 6119 2906 2843 171 172 235 234 0
46 47 110 109 6057 5994 2907 2844 0
6057 5994 2907 2844 6058 5995 2908 2845 0
6058 5995 2908 2845 6059 5996 2909 2846 0
6059 5996 2909 2846 6060 5997 2910 2847 0
6060 5997 2910 2847 6061 5998 2911 2848 0
6061 5998 2911 2848 6062 5999 2912 2849 0
6062 5999 2912 2849 6063 6000 2913 2850 0
6063 6000 2913 2850 6064 6001 2914 2851 0
6064 6001 2914 2851 6065 6002 2915 2852 0
6065 6002 2915 2852 6066 6003 2916 2853 0
6066 6003 2916 2853 6067 6004 2917 2854 0
6067 6004 2917 2854 6068 6005 2918 2855 0
6068 6005 2918 2855 6069 6006 2919 2856 0
6069 6006 2919 2856 6070 6007 2920 2857 0
6070 6007 2920 2857 6071 6008 2921 2858 0
6071 6008 2921 2858 6072 6009 2922 2859 0
6072 6009 2922 2859 6073 6010 2923 2860 0
6073 6010 2923 2860 6074 6011 2924 2861 0
6074 6011 2924 2861 6075 6012 2925 2862 0
6075 6012 2925 2862 6076 6013 2926 2863 0
6076 6013 2926 2863 6077 6014 2927 2864 0
6077 6014 2927 2864 6078 6015 2928 2865 0
6078 6015 2928 2865 6079 6016 2929 2866 0
6079 6016 2929 2866 6080 6017 2930 2867 0
6080 6017 2930 2867 6081 6018 2931 2868 0
6081 6018 2931 2868 6082 6019 2932 2869 0
6082 6019 2932 2869 6083 6020 2933 2870 0
6083 6020 2933 2870 6084 6021 2934 2871 0
6084 6021 2934 2871 6085 6022 2935 2872 0
6085 6022 2935 2872 6086 6023 2936 2873 0
6086 6023 2936 2873 6087 6024 2937 2874 0
6087 6024 2937 2874 6088 6025 2938 2875 0
6088 6025 2938 2875 6089 6026 2939 2876 0
6089 6026 2939 2876 6090 6027 2940 2877 0
6090 6027 2940 2877 6091 6028 2941 2878 0
6091 6028 2941 2878 6092 6029 2942 2879 0
6092 6029 2942 2879 6093 6030 2943 2880 0
6093 6030 2943 2880 6094 6031 2944 2881 0
6094 6031 2944 2881 6095 6032 2945 2882 0
6095 6032 2945 2882 6096 6033 2946 2883 0
6096 6033 2946 2883 6097 6034 2947 2884 0
6097 6034 2947 2884 6098 6035 2948 2885 0
6098 6035 2948 2885 6099 6036 2949 2886 0
6099 6036 2949 2886 6100 6037 2950 2887 0
6100 6037 2950 2887 6101 6038 2951 2888 0
6101 6038 2951 2888 6102 6039 2952 2889 0
6102 6039 2952 2889 6103 6040 2953 2890 0
6103 6040 2953 2890 6104 6041 2954 2891 0
6104 6041 2954 2891 6105 6042 2955 2892 0
6105 6042 2955 2892 6106 6043 2956 2893 0
6106 6043 2956 2893 6107 6044 2957 2894 0
6107 6044 2957 2894 6108 6045 2958 2895 0
6108 6045 2958 2895 6109 6046 2959 2896 0
6109 6046 2959 2896 6110 6047 2960 2897 0
6110 6047 2960 2897 6111 6048 2961 2898 0
6111 6048 2961 2898 6112 6049 2962 2899 0
6112 6049 2962 2899 6113 6050 2963 2900 0
6113 6050 2963 2900 6114 6051 2964 2901 0
6114 6051 2964 2901 6115 6052 2965 2902 0
6115 6052 2965 2902 6116 6053 2966 2903 0
6116 6053 2966 2903 6117 6054 2967 2904 0
6117 6054 2967 2904 6118 6055 2968 2905 0
6118 6055 2968 2905 6119 6056 2969 2906 0
6119 6056 2969 2906 172 173 236 235 0
47 48 111 110 5994 5931 2970 2907 0
5994 5931 2970 2907 5995 5932 2971 2908 0
5995 5932 2971 2908 5996 5933 2972 2909 0
5996 5933 2972 2909 5997 5934 2973 2910 0
5997 5934 2973 2910 5998 5935 2974 2911 0
5998 5935 2974 2911 5999 5936 2975 2912 0
5999 5936 2975 2912 6000 5937 2976 2913 0
6000 5937 2976 2913 6001 5938 2977 2914 0
6001 5938 2977 2914 6002 5939 2978 2915 0
6002 5939 2978 2915 6003 5940 2979 2916 0
6003 5940 2979 2916 6004 5941 2980 2917 0
6004 5941 2980 2917 6005 5942 2981 2918 0
6005 5942 2981 2918 6006 5943 2982 2919 0
6006 5943 2982 2919 6007 5944 2983 2920 0
6007 5944 2983 2920 6008 5945 2984 2921 0
6008 5945 2984 2921 6009 5946 2985 2922 0
6009 5946 2985 2922 6010 5947 2986 2923 0
6010 5947 2986 2923 6011 5948 2987 2924 0
6011 5948 2987 2924 6012 5949 2988 2925 0
6012 5949 2988 2925 6013 5950 2989 2926 0
6013 5950 2989 2926 6014 5951 2990 2927 0
6014 5951 2990 2927 6015 5952 2991 2928 0
6015 5952 2991 2928 6016 5953 2992 2929 0
6016 5953 2992 2929 6017 5954 2993 2930 0
6017 5954 2993 2930 6018 5955 2994 2931 0
6018 5955 2994 2931 6019 5956 2995 2932 0
6019 5956 2995 2932 6020 5957 2996 2933 0
6020 5957 2996 2933 6021 5958 2997 2934 0
6021 5958 2997 2934 6022 5959 2998 2935 0
6022 5959 2998 2935 6023 5960 2999 2936 0
6023 5960 2999 2936 6024 5961 3000 2937 0
6024 5961 3000 2937 6025 5962 3001 2938 0
6025 5962 3001 2938 6026 5963 3002 2939 0
6026 5963 3002 2939 6027 5964 3003 2940 0
6027 5964 3003 2940 6028 5965 3004 2941 0
6028 5965 3004 2941 6029 5966 3005 2942 0
6029 5966 3005 2942 6030 5967 3006 2943 0
6030 5967 3006 2943 6031 5968 3007 2944 0
6031 5968 3007 2944 6032 5969 3008 2945 0
6032 5969 3008 2945 6033 5970 3009 2946 0
6033 5970 3009 2946 6034 5971 3010 2947 0
6034 5971 3010 2947 6035 5972 3011 2948 0
6035 5972 3011 2948 6036 5973 3012 2949 0
6036 5973 3012 2949 6037 5974 3013 2950 0
6037 5974 3013 2950 6038 5975 3014 2951 0
6038 5975 3014 2951 6039 5976 3015 2952 0
6039 5976 3015 2952 6040 5977 3016 2953 0
6040 5977 3016 2953 6041 5978 3017 2954 0
6041 5978 3017 2954 6042 5979 3018 2955 0
6042 5979 3018 2955 6043 5980 3019 2956 0
6043 5980 3019 2956 6044 5981 3020 2957 0
6044 5981 3020 2957 6045 5982 3021 2958 0
6045 5982 3021 2958 6046 5983 3022 2959 0
6046 5983 3022 2959 6047 5984 3023 2960 0
6047 5984 3023 2960 6048 5985 3024 2961 0
6048 5985 3024 2961 6049 5986 3025 2962 0
6049 5986 3025 2962 6050 5987 3026 2963 0
6050 5987 3026 2963 6051 5988 3027 2964 0
6051 5988 3027 2964 6052 5989 3028 2965 0
6052 5989 3028 2965 6053 5990 3029 2966 0
6053 5990 3029 2966 6054 5991 3030 2967 0
6054 5991 3030 2967 6055 5992 3031 2968 0
6055 5992 3031 2968 6056 5993 3032 2969 0
6056 5993 3032 2969 173 174 237 236 0
48 49 112 111 5931 5868 3033 2970 0
5931 5868 3033 2970 5932 5869 3034 2971 0
5932 5869 3034 2971 5933 5870 3035 2972 0
5933 5870 3035 2972 5934 5871 3036 2973 0
5934 5871 3036 2973 5935 5872 3037 2974 0
5935 5872 3037 2974 5936 5873 3038 2975 0
5936 5873 3038 2975 5937 5874 3039 2976 0
5937 5874 3039 2976 5938 5875 3040 2977 0
5938 5875 3040 2977 5939 5876 3041 2978 0
5939 5876 3041 2978 5940 5877 3042 2979 0
5940 5877 3042 2979 5941 5878 3043 2980 0
5941 5878 3043 2980 5942 5879 3044 2981 0
5942 5879 3044 2981 5943 5880 3045 2982 0
5943 5880 3045 2982 5944 5881 3046 2983 0
5944 5881 3046 2983 5945 5882 3047 2984 0
5945 5882 3047 2984 5946 5883 3048 2985 0
5946 5883 3048 2985 5947 5884 3049 2986 0
5947 5884 3049 2986 5948 5885 3050 2987 0
5948 5885 3050 2987 5949 5886 3051 2988 0
5949 5886 3051 2988 5950 5887 3052 2989 0
5950 5887 3052 2989 5951 5888 3053 2990 0
5951 5888 3053 2990 5952 5889 3054 2991 0
5952 5889 3054 2991 5953 5890 3055 2992 0
5953 5890 3055 2992 5954 5891 3056 2993 0
5954 5891 3056 2993 5955 5892 3057 2994 0
5955 5892 3057 2994 5956 5893 3058 2995 0
5956 5893 3058 2995 5957 5894 3059 2996 0
5957 5894 3059 2996 5958 5895 3060 2997 0
5958 5895 3060 2997 5959 5896 3061 2998 0
5959 5896 3061 2998 5960 5897 3062 2999 0
5960 5897 3062 2999 5961 5898 3063 3000 0
5961 5898 3063 3000 5962 5899 3064 3001 0
5962 5899 3064 3001 5963 5900 3065 3002 0
5963 5900 3065 3002 5964 5901 3066 3003 0
5964 5901 3066 3003 5965 5902 3067 3004 0
5965 5902 3067 3004 5966 5903 3068 3005 0
5966 5903 3068 3005 5967 5904 3069 3006 0
5967 5904 3069 3006 5968 5905 3070 3007 0
5968 5905 3070 3007 5969 5906 3071 3008 0
5969 5906 3071 3008 5970 5907 3072 3009 0
5970 5907 3072 3009 5971 5908 3073 3010 0
5971 5908 3073 3010 5972 5909 3074 3011 0
5972 5909 3074 3011 5973 5910 3075 3012 0
5973 5910 3075 3012 5974 5911 3076 3013 0
5974 5911 3076 3013 5975 5912 3077 3014 0
5975 5912 3077 3014 5976 5913 3078 3015 0
5976 5913 3078 3015 5977 5914 3079 3016 0
5977 5914 3079 3016 5978 5915 3080 3017 0
5978 5915 3080 3017 5979 5916 3081 3018 0
5979 5916 3081 3018 5980 5917 3082 3019 0
5980 5917 3082 3019 5981 5918 3083 3020 0
5981 5918 3083 3020 5982 5919 3084 3021 0
5982 5919 3084 3021 5983 5920 3085 3022 0
5983 5920 3085 3022 5984 5921 3086 3023 0
5984 5921 3086 3023 5985 5922 3087 3024 0
5985 5922 3087 3024 5986 5923 3088 3025 0
5986 5923 3088 3025 5987 5924 3089 3026 0
5987 5924 3089 3026 5988 5925 3090 3027 0
5988 5925 3090 3027 5989 5926 3091 3028 0
5989 5926 3091 3028 5990 5927 3092 3029 0
5990 5927 3092 3029 5991 5928 3093 3030 0
5991 5928 3093 3030 5992 5929 3094 3031 0
5992 5929 3094 3031 5993 5930 3095 3032 0
5993 5930 3095 3032 174 175 238 237 0
49 50 113 112 5868 5805 3096 3033 0
5868 5805 3096 3033 5869 5806 3097 3034 0
5869 5806 3097 3034 5870 5807 3098 3035 0
5870 5807 3098 3035 5871 5808 3099 3036 0
5871 5808 3099 3036 5872 5809 3100 3037 0
5872 5809 3100 3037 5873 5810 3101 3038 0
5873 5810 3101 3038 5874 5811 3102 3039 0
5874 5811 3102 3039 5875 5812 3103 3040 0
5875 5812 3103 3040 5876 5813 3104 3041 0
5876 5813 3104 3041 5877 5814 3105 3042 0
5877 5814 3105 3042 5878 5815 3106 3043 0
5878 5815 3106 3043 5879 5816 3107 3044 0
5879 5816 3107 3044 5880 5817 3108 3045 0
5880 5817 3108 3045 5881 5818 3109 3046 0
5881 5818 3109 3046 5882 5819 3110 3047 0
5882 5819 3110 3047 5883 5820 3111 3048 0
5883 5820 3111 3048 5884 5821 3112 3049 0
5884 5821 3112 3049 5885 5822 3113 3050 0
5885 5822 3113 3050 5886 5823 3114 3051 0
5886 5823 3114 3051 5887 5824 3115 3052 0
5887 5824 3115 3052 5888 5825 3116 3053 0
5888 5825 3116 3053 5889 5826 3117 3054 0
5889 5826 3117 3054 5890 5827 3118 3055 0
5890 5827 3118 3055 5891 5828 3119 3056 0
5891 5828 3119 3056 5892 5829 3120 3057 0
5892 5829 3120 3057 5893 5830 3121 3058 0
5893 5830 3121 3058 5894 5831 3122 3059 0
5894 5831 3122 3059 5895 5832 3123 3060 0
5895 5832 3123 3060 5896 5833 3124 3061 0
5896 5833 3124 3061 5897 5834 3125 3062 0
5897 5834 3125 3062 5898 5835 3126 3063 0
5898 5835 3126 3063 5899 5836 3127 3064 0
5899 5836 3127 3064 5900 5837 3128 3065 0
5900 5837 3128 3065 5901 5838 3129 3066 0
5901 5838 3129 3066 5902 5839 3130 3067 0
5902 5839 3130 3067 5903 5840 3131 3068 0
5903 5840 3131 3068 5904 5841 3132 3069 0
5904 5841 3132 3069 5905 5842 3133 3070 0
5905 5842 3133 3070 5906 5843 3134 3071 0
5906 5843 3134 3071 5907 5844 3135 3072 0
5907 5844 3135 3072 5908 5845 3136 3073 0
5908 5845 3136 3073 5909 5846 3137 3074 0
5909 5846 3137 3074 5910 5847 3138 3075 0
5910 5847 3138 3075 5911 5848 3139 3076 0
5911 5848 3139 3076 5912 5849 3140 3077 0
5912 5849 3140 3077 5913 5850 3141 3078 0
5913 5850 3141 3078 5914 5851 3142 3079 0
5914 5851 3142 3079 5915 5852 3143 3080 0
5915 5852 3143 3080 5916 5853 3144 3081 0
5916 5853 3144 3081 5917 5854 3145 3082 0
5917 5854 3145 3082 5918 5855 3146 3083 0
5918 5855 3146 3083 5919 5856 3147 3084 0
5919 5856 3147 3084 5920 5857 3148 3085 0
5920 5857 3148 3085 5921 5858 3149 3086 0
5921 5858 3149 3086 5922 5859 3150 3087 0
5922 5859 3150 3087 5923 5860 3151 3088 0
5923 5860 3151 3088 5924 5861 3152 3089 0
5924 5861 3152 3089 5925 5862 3153 3090 0
5925 5862 3153 3090 5926 5863 3154 3091 0
5926 5863 3154 3091 5927 5864 3155 3092 0
5927 5864 3155 3092 5928 5865 3156 3093 0
5928 5865 3156 3093 5929 5866 3157 3094 0
5929 5866 3157 3094 5930 5867 3158 3095 0
5930 5867 3158 3095 175 176 239 238 0
50 51 114 113 5805 5742 3159 3096 0
5805 5742 3159 3096 5806 5743 3160 3097 0
5806 5743 3160 3097 5807 5744 3161 3098 0
5807 5744 3161 3098 5808 5745 3162 3099 0
5808 5745 3162 3099 5809 5746 3163 3100 0
5809 5746 3163 3100 5810 5747 3164 3101 0
5810 5747 3164 3101 5811 5748 3165 3102 0
5811 5748 3165 3102 5812 5749 3166 3103 0
5812 5749 3166 3103 5813 5750 3167 3104 0
5813 5750 3167 3104 5814 5751 3168 3105 0
5814 5751 3168 3105 5815 5752 3169 3106 0
5815 5752 3169 3106 5816 5753 3170 3107 0
5816 5753 3170 3107 5817 5754 3171 3108 0
5817 5754 3171 3108 5818 5755 3172 3109 0
5818 5755 3172 3109 5819 5756 3173 3110 0
5819 5756 3173 3110 5820 5757 3174 3111 0
5820 5757 3174 3111 5821 5758 3175 3112 0
5821 5758 3175 3112 5822 5759 3176 3113 0
5822 5759 3176 3113 5823 5760 3177 3114 0
5823 5760 3177 3114 5824 5761 3178 3115 0
5824 5761 3178 3115 5825 5762 3179 3116 0
5825 5762 3179 3116 5826 5763 3180 3117 0
5826 5763 3180 3117 5827 5764 3181 3118 0
5827 5764 3181 3118 5828 5765 3182 3119 0
5828 5765 3182 3119 5829 5766 3183 3120 0
5829 5766 3183 3120 5830 5767 3184 3121 0
5830 5767 3184 3121 5831 5768 3185 3122 0
5831 5768 3185 3122 5832 5769 3186 3123 0
5832 5769 3186 3123 5833 5770 3187 3124 0
5833 5770 3187 3124 5834 5771 3188 3125 0
5834 5771 3188 3125 5835 5772 3189 3126 0
5835 5772 3189 3126 5836 5773 3190 3127 0
5836 5773 3190 3127 5837 5774 3191 3128 0
5837 5774 3191 3128 5838 5775 3192 3129 0
5838 5775 3192 3129 5839 5776 3193 3130 0
5839 5776 3193 3130 5840 5777 3194 3131 0
5840 5777 3194 3131 5841 5778 3195 3132 0
5841 5778 3195 3132 5842 5779 3196 3133 0
5842 5779 3196 3133 5843 5780 3197 3134 0
5843 5780 3197 3134 5844 5781 3198 3135 0
5844 5781 3198 3135 5845 5782 3199 3136 0
5845 5782 3199 3136 5846 5783 3200 3137 0
5846 5783 3200 3137 5847 5784 3201 3138 0
5847 5784 3201 3138 5848 5785 3202 3139 0
5848 5785 3202 3139 5849 5786 3203 3140 0
5849 5786 3203 3140 5850 5787 3204 3141 0
5850 5787 3204 3141 5851 5788 3205 3142 0
5851 5788 3205 3142 5852 5789 3206 3143 0
5852 5789 3206 3143 5853 5790 3207 3144 0
5853 5790 3207 3144 5854 5791 3208 3145 0
5854 5791 3208 3145 5855 5792 3209 3146 0
5855 5792 3209 3146 5856 5793 3210 3147 0
5856 5793 3210 3147 5857 5794 3211 3148 0
5857 5794 3211 3148 5858 5795 3212 3149 0
5858 5795 3212 3149 5859 5796 3213 3150 0
5859 5796 3213 3150 5860 5797 3214 3151 0
5860 5797 3214 3151 5861 5798 3215 3152 0
5861 5798 3215 3152 5862 5799 3216 3153 0
5862 5799 3216 3153 5863 5800 3217 3154 0
5863 5800 3217 3154 5864 5801 3218 3155 0
5864 5801 3218 3155 5865 5802 3219 3156 0
5865 5802 3219 3156 5866 5803 3220 3157 0
5866 5803 3220 3157 5867 5804 3221 3158 0
5867 5804 3221 3158 176 177 240 239 0
51 52 115 114 5742 5679 3222 3159 0
5742 5679 3222 3159 5743 5680 3223 3160 0
5743 5680 3223 3160 5744 5681 3224 3161 0
5744 5681 3224 3161 5745 5682 3225 3162 0
5745 5682 3225 3162 5746 5683 3226 3163 0
5746 5683 3226 3163 5747 5684 3227 3164 0
5747 5684 3227 3164 5748 5685 3228 3165 0
5748 5685 3228 3165 5749 5686 3229 3166 0
5749 5686 3229 3166 5750 5687 3230 3167 0
5750 5687 3230 3167 5751 5688 3231 3168 0
5751 5688 3231 3168 5752 5689 3232 3169 0
5752 5689 3232 3169 5753 5690 3233 3170 0
5753 5690 3233 3170 5754 5691 3234 3171 0
5754 5691 3234 3171 5755 5692 3235 3172 0
5755 5692 3235 3172 5756 5693 3236 3173 0
5756 5693 3236 3173 5757 5694 3237 3174 0
5757 5694 3237 3174 5758 5695 3238 3175 0
5758 5695 3238 3175 5759 5696 3239 3176 0
5759 5696 3239 3176 5760 5697 3240 3177 0
5760 5697 3240 3177 5761 5698 3241 3178 0
5761 5698 3241 3178 5762 5699 3242 3179 0
5762 5699 3242 3179 5763 5700 3243 3180 0
5763 5700 3243 3180 5764 5701 3244 3181 0
5764 5701 3244 3181 5765 5702 3245 3182 0
5765 5702 3245 3182 5766 5703 3246 3183 0
5766 5703 3246 3183 5767 5704 3247 3184 0
5767 5704 3247 3184 5768 5705 3248 3185 0
5768 5705 3248 3185 5769 5706 3249 3186 0
5769 5706 3249 3186 5770 5707 3250 3187 0
5770 5707 3250 3187 5771 5708 3251 3188 0
5771 5708 3251 3188 5772 5709 3252 3189 0
5772 5709 3252 3189 5773 5710 3253 3190 0
5773 5710 3253 3190 5774 5711 3254 3191 0
5774 5711 3254 3191 5775 5712 3255 3192 0
5775 5712 3255 3192 5776 5713 3256 3193 0
5776 5713 3256 3193 5777 5714 3257 3194 0
5777 5714 3257 3194 5778 5715 3258 3195 0
5778 5715 3258 3195 5779 5716 3259 3196 0
5779 5716 3259 3196 5780 5717 3260 3197 0
5780 5717 3260 3197 5781 5718 3261 3198 0
5781 5718 3261 3198 5782 5719 3262 3199 0
5782 5719 3262 3199 5783 5720 3263 3200 0
5783 5720 3263 3200 5784 5721 3264 3201 0
5784 5721 3264 3201 5785 5722 3265 3202 0
5785 5722 3265 3202 5786 5723 3266 3203 0
5786 5723 3266 3203 5787 5724 3267 3204 0
5787 5724 3267 3204 5788 5725 3268 3205 0
5788 5725 3268 3205 5789 5726 3269 3206 0
5789 5726 3269 3206 5790 5727 3270 3207 0
5790 5727 3270 3207 5791 5728 3271 3208 0
5791 5728 3271 3208 5792 5729 3272 3209 0
5792 5729 3272 3209 5793 5730 3273 3210 0
5793 5730 3273 3210 5794 5731 3274 3211 0
5794 5731 3274 3211 5795 5732 3275 3212 0
5795 5732 3275 3212 5796 5733 3276 3213 0
5796 5733 3276 3213 5797 5734 3277 3214 0
5797 5734 3277 3214 5798 5735 3278 3215 0
5798 5735 3278 3215 5799 5736 3279 3216 0
5799 5736 3279 3216 5800 5737 3280 3217 0
5800 5737 3280 3217 5801 5738 3281 3218 0
5801 5738 3281 3218 5802 5739 3282 3219 0
5802 5739 3282 3219 5803 5740 3283 3220 0
5803 5740 3283 3220 5804 5741 3284 3221 0
5804 5741 3284 3221 177 178 241 240 0
52 53 116 115 5679 5616 3285 3222 0
5679 5616 3285 3222 5680 5617 3286 3223 0
5680 5617 3286 3223 5681 5618 3287 3224 0
5681 5618 3287 3224 5682 5619 3288 3225 0
5682 5619 3288 3225 5683 5620 3289 3226 0
5683 5620 3289 3226 5684 5621 3290 3227 0
5684 5621 3290 3227 5685 5622 3291 3228 0
5685 5622 3291 3228 5686 5623 3292 3229 0
5686 5623 3292 3229 5687 5624 3293 3230 0
5687 5624 3293 3230 5688 5625 3294 3231 0
5688 5625 3294 3231 5689 5626 3295 3232 0
5689 5626 3295 3232 5690 5627 3296 3233 0
5690 5627 3296 3233 5691 5628 3297 3234 0
5691 5628 3297 3234 5692 5629 3298 3235 0
5692 5629 3298 3235 5693 5630 3299 3236 0
5693 5630 3299 3236 5694 5631 3300 3237 0
5694 5631 3300 3237 5695 5632 3301 3238 0
5695 5632 3301 3238 5696 5633 3302 3239 0
5696 5633 3302 3239 5697 5634 3303 3240 0
5697 5634 3303 3240 5698 5635 3304 3241 0
5698 5635 3304 3241 5699 5636 3305 3242 0
5699 5636 3305 3242 5700 5637 3306 3243 0
5700 5637 3306 3243 5701 5638 3307 3244 0
5701 5638 3307 3244 5702 5639 3308 3245 0
5702 5639 3308 3245 5703 5640 3309 3246 0
5703 5640 3309 3246 5704 5641 3310 3247 0
5704 5641 3310 3247 5705 5642 3311 3248 0
5705 5642 3311 3248 5706 5643 3312 3249 0
5706 5643 3312 3249 5707 5644 3313 3250 0
5707 5644 3313 3250 5708 5645 3314 3251 0
5708 5645 3314 3251 5709 5646 3315 3252 0
5709 5646 3315 3252 5710 5647 3316 3253 0
5710 5647 3316 3253 5711 5648 3317 3254 0
5711 5648 3317 3254 5712 5649 3318 3255 0
5712 5649 3318 3255 5713 5650 3319 3256 0
5713 5650 3319 3256 5714 5651 3320 3257 0
5714 5651 3320 3257 5715 5652 3321 3258 0
5715 5652 3321 3258 5716 5653 3322 3259 0
5716 5653 3322 3259 5717 5654 3323 3260 0
5717 5654 3323 3260 5718 5655 3324 3261 0
5718 5655 3324 3261 5719 5656 3325 3262 0
5719 5656 3325 3262 5720 5657 3326 3263 0
5720 5657 3326 3263 5721 5658 3327 3264 0
5721 5658 3327 3264 5722 5659 3328 3265 0
5722 5659 3328 3265 5723 5660 3329 3266 0
5723 5660 3329 3266 5724 5661 3330 3267 0
5724 5661 3330 3267 5725 5662 3331 3268 0
5725 5662 3331 3268 5726 5663 3332 3269 0
5726 5663 3332 3269 5727 5664 3333 3270 0
5727 5664 3333 3270 5728 5665 3334 3271 0
5728 5665 3334 3271 5729 5666 3335 3272 0
5729 5666 3335 3272 5730 5667 3336 3273 0
5730 5667 3336 3273 5731 5668 3337 3274 0
5731 5668 3337 3274 5732 5669 3338 3275 0
5732 5669 3338 3275 5733 5670 3339 3276 0
5733 5670 3339 3276 5734 5671 3340 3277 0
5734 5671 3340 3277 5735 5672 3341 3278 0
5735 5672 3341 3278 5736 5673 3342 3279 0
5736 5673 3342 3279 5737 5674 3343 3280 0
5737 5674 3343 3280 5738 5675 3344 3281 0
5738 5675 3344 3281 5739 5676 3345 3282 0
5739 5676 3345 3282 5740 5677 3346 3283 0
5740 5677 3346 3283 5741 5678 3347 3284 0
5741 5678 3347 3284 178 179 242 241 0
53 54 117 116 5616 5553 3348 3285 0
5616 5553 3348 3285 5617 5554 3349 3286 0
5617 5554 3349 3286 5618 5555 3350 3287 0
5618 5555 3350 3287 5619 5556 3351 3288 0
5619 5556 3351 3288 5620 5557 3352 3289 0
5620 5557 3352 3289 5621 5558 3353 3290 0
5621 5558 3353 3290 5622 5559 3354 3291 0
5622 5559 3354 3291 5623 5560 3355 3292 0
5623 5560 3355 3292 5624 5561 3356 3293 0
5624 5561 3356 3293 5625 5562 3357 3294 0
5625 5562 3357 3294 5626 5563 3358 3295 0
5626 5563 3358 3295 5627 5564 3359 3296 0
5627 5564 3359 3296 5628 5565 3360 3297 0
5628 5565 3360 3297 5629 5566 3361 3298 0
5629 5566 3361 3298 5630 5567 3362 3299 0
5630 5567 3362 3299 5631 5568 3363 3300 0
5631 5568 3363 3300 5632 5569 3364 3301 0
5632 5569 3364 3301 5633 5570 3365 3302 0
5633 5570 3365 3302 5634 5571 3366 3303 0
5634 5571 3366 3303 5635 5572 3367 3304 0
5635 5572 3367 3304 5636 5573 3368 3305 0
5636 5573 3368 3305 5637 5574 3369 3306 0
5637 5574 3369 3306 5638 5575 3370 3307 0
5638 5575 3370 3307 5639 5576 3371 3308 0
5639 5576 3371 3308 5640 5577 3372 3309 0
5640 5577 3372 3309 5641 5578 3373 3310 0
5641 5578 3373 3310 5642 5579 3374 3311 0
5642 5579 3374 3311 5643 5580 3375 3312 0
5643 5580 3375 3312 5644 5581 3376 3313 0
5644 5581 3376 3313 5645 5582 3377 3314 0
5645 5582 3377 3314 5646 5583 3378 3315 0
5646 5583 3378 3315 5647 5584 3379 3316 0
5647 5584 3379 3316 5648 5585 3380 3317 0
5648 5585 3380 3317 5649 5586 3381 3318 0
5649 5586 3381 3318 5650 5587 3382 3319 0
5650 5587 3382 3319 5651 5588 3383 3320 0
5651 5588 3383 3320 5652 5589 3384 3321 0
5652 5589 3384 3321 5653 5590 3385 3322 0
5653 5590 3385 3322 5654 5591 3386 3323 0
5654 5591 3386 3323 5655 5592 3387 3324 0
5655 5592 3387 3324 5656 5593 3388 3325 0
5656 5593 3388 3325 5657 5594 3389 3326 0
5657 5594 3389 3326 5658 5595 3390 3327 0
5658 5595 3390 3327 5659 5596 3391 3328 0
5659 5596 3391 3328 5660 5597 3392 3329 0
5660 5597 3392 3329 5661 5598 3393 3330 0
5661 5598 3393 3330 5662 5599 3394 3331 0
5662 5599 3394 3331 5663 5600 3395 3332 0
5663 5600 3395 3332 5664 5601 3396 3333 0
5664 5601 3396 3333 5665 5602 3397 3334 0
5665 5602 3397 3334 5666 5603 3398 3335 0
5666 5603 3398 3335 5667 5604 3399 3336 0
5667 5604 3399 3336 5668 5605 3400 3337 0
5668 5605 3400 3337 5669 5606 3401 3338 0
5669 5606 3401 3338 5670 5607 3402 3339 0
5670 5607 3402 3339 5671 5608 3403 3340 0
5671 5608 3403 3340 5672 5609 3404 3341 0
5672 5609 3404 3341 5673 5610 3405 3342 0
5673 5610 3405 3342 5674 5611 3406 3343 0
5674 5611 3406 3343 5675 5612 3407 3344 0
5675 5612 3407 3344 5676 5613 3408 3345 0
5676 5613 3408 3345 5677 5614 3409 3346 0
5677 5614 3409 3346 5678 5615 3410 3347 0
5678 5615 3410 3347 179 180 243 242 0
54 55 118 117 5553 5490 3411 3348 0
5553 5490 3411 3348 5554 5491 3412 3349 0
5554 5491 3412 3349 5555 5492 3413 3350 0
5555 5492 3413 3350 5556 5493 3414 3351 0
5556 5493 3414 3351 5557 5494 3415 3352 0
5557 5494 3415 3352 5558 5495 3416 3353 0
5558 5495 3416 3353 5559 5496 3417 3354 0
5559 5496 3417 3354 5560 5497 3418 3355 0
5560 5497 3418 3355 5561 5498 3419 3356 0
5561 5498 3419 3356 5562 5499 3420 3357 0
5562 5499 3420 3357 5563 5500 3421 3358 0
5563 5500 3421 3358 5564 5501 3422 3359 0
5564 5501 3422 3359 5565 5502 3423 3360 0
5565 5502 3423 3360 5566 5503 3424 3361 0
5566 5503 3424 3361 5567 5504 3425 3362 0
5567 5504 3425 3362 5568 5505 3426 3363 0
5568 5505 3426 3363 5569 5506 3427 3364 0
5569 5506 3427 3364 5570 5507 3428 3365 0
5570 5507 3428 3365 5571 5508 3429 3366 0
5571 5508 3429 3366 5572 5509 3430 3367 0
5572 5509 3430 3367 5573 5510 3431 3368 0
5573 5510 3431 3368 5574 5511 3432 3369 0
5574 5511 3432 3369 5575 5512 3433 3370 0
5575 5512 3433 3370 5576 5513 3434 3371 0
5576 5513 3434 3371 5577 5514 3435 3372 0
5577 5514 3435 3372 5578 5515 3436 3373 0
5578 5515 3436 3373 5579 5516 3437 3374 0
5579 5516 3437 3374 5580 5517 3438 3375 0
5580 5517 3438 3375 5581 5518 3439 3376 0
5581 5518 3439 3376 5582 5519 3440 3377 0
5582 5519 3440 3377 5583 5520 3441 3378 0
5583 5520 3441 3378 5584 5521 3442 3379 0
5584 5521 3442 3379 5585 5522 3443 3380 0
5585 5522 3443 3380 5586 5523 3444 3381 0
5586 5523 3444 3381 5587 5524 3445 3382 0
5587 5524 3445 3382 5588 5525 3446 3383 0
5588 5525 3446 3383 5589 5526 3447 3384 0
5589 5526 3447 3384 5590 5527 3448 3385 0
5590 5527 3448 3385 5591 5528 3449 3386 0
5591 5528 3449 3386 5592 5529 3450 3387 0
5592 5529 3450 3387 5593 5530 3451 3388 0
5593 5530 3451 3388 5594 5531 3452 3389 0
5594 5531 3452 3389 5595 5532 3453 3390 0
5595 5532 3453 3390 5596 5533 3454 3391 0
5596 5533 3454 3391 5597 5534 3455 3392 0
5597 5534 3455 3392 5598 5535 3456 3393 0
5598 5535 3456 3393 5599 5536 3457 3394 0
5599 5536 3457 3394 5600 5537 3458 3395 0
5600 5537 3458 3395 5601 5538 3459 3396 0
5601 5538 3459 3396 5602 5539 3460 3397 0
5602 5539 3460 3397 5603 5540 3461 3398 0
5603 5540 3461 3398 5604 5541 3462 3399 0
5604 5541 3462 3399 5605 5542 3463 3400 0
5605 5542 3463 3400 5606 5543 3464 3401 0
5606 5543 3464 3401 5607 5544 3465 3402 0
5607 5544 3465 3402 5608 5545 3466 3403 0
5608 5545 3466 3403 5609 5546 3467 3404 0
5609 5546 3467 3404 5610 5547 3468 3405 0
5610 5547 3468 3405 5611 5548 3469 3406 0
5611 5548 3469 3406 5612 5549 3470 3407 0
5612 5549 3470 3407 5613 5550 3471 3408 0
5613 5550 3471 3408 5614 5551 3472 3409 0
5614 5551 3472 3409 5615 5552 3473 3410 0
5615 5552 3473 3410 180 181 244 243 0
55 56 119 118 5490 5427 3474 3411 0
5490 5427 3474 3411 5491 5428 3475 3412 0
5491 5428 3475 3412 5492 5429 3476 3413 0
5492 5429 3476 3413 5493 5430 3477 3414 0
5493 5430 3477 3414 5494 5431 3478 3415 0
5494 5431 3478 3415 5495 5432 3479 3416 0
5495 5432 3479 3416 5496 5433 3480 3417 0
5496 5433 3480 3417 5497 5434 3481 3418 0
5497 5434 3481 3418 5498 5435 3482 3419 0
5498 5435 3482 3419 5499 5436 3483 3420 0
5499 5436 3483 3420 5500 5437 3484 3421 0
5500 5437 3484 3421 5501 5438 3485 3422 0
5501 5438 3485 3422 5502 5439 3486 3423 0
5502 5439 3486 3423 5503 5440 3487 3424 0
5503 5440 3487 3424 5504 5441 3488 3425 0
5504 5441 3488 3425 5505 5442 3489 3426 0
5505 5442 3489 3426 5506 5443 3490 3427 0
5506 5443 3490 3427 5507 5444 3491 3428 0
5507 5444 3491 3428 5508 5445 3492 3429 0
5508 5445 3492 3429 5509 5446 3493 3430 0
5509 5446 3493 3430 5510 5447 3494 3431 0
5510 5447 3494 3431 5511 5448 3495 3432 0
5511 5448 3495 3432 5512 5449 3496 3433 0
5512 5449 3496 3433 5513 5450 3497 3434 0
5513 5450 3497 3434 5514 5451 3498 3435 0
5514 5451 3498 3435 5515 5452 3499 3436 0
5515 5452 3499 3436 5516 5453 3500 3437 0
5516 5453 3500 3437 5517 5454 3501 3438 0
5517 5454 3501 3438 5518 5455 3502 3439 0
5518 5455 3502 3439 5519 5456 3503 3440 0
5519 5456 3503 3440 5520 5457 3504 3441 0
5520 5457 3504 3441 5521 5458 3505 3442 0
5521 5458 3505 3442 5522 5459 3506 3443 0
5522 5459 3506 3443 5523 5460 3507 3444 0
5523 5460 3507 3444 5524 5461 3508 3445 0
5524 5461 3508 3445 5525 5462 3509 3446 0
5525 5462 3509 3446 5526 5463 3510 3447 0
5526 5463 3510 3447 5527 5464 3511 3448 0
5527 5464 3511 3448 5528 5465 3512 3449 0
5528 5465 3512 3449 5529 5466 3513 3450 0
5529 5466 3513 3450 5530 5467 3514 3451 0
5530 5467 3514 3451 5531 5468 3515 3452 0
5531 5468 3515 3452 5532 5469 3516 3453 0
5532 5469 3516 3453 5533 5470 3517 3454 0
5533 5470 3517 3454 5534 5471 3518 3455 0
5534 5471 3518 3455 5535 5472 3519 3456 0
5535 5472 3519 3456 5536 5473 3520 3457 0
5536 5473 3520 3457 5537 5474 3521 3458 0
5537 5474 3521 3458 5538 5475 3522 3459 0
5538 5475 3522 3459 5539 5476 3523 3460 0
5539 5476 3523 3460 5540 5477 3524 3461 0
5540 5477 3524 3461 5541 5478 3525 3462 0
5541 5478 3525 3462 5542 5479 3526 3463 0
5542 5479 3526 3463 5543 5480 3527 3464 0
5543 5480 3527 3464 5544 5481 3528 3465 0
5544 5481 3528 3465 5545 5482 3529 3466 0
5545 5482 3529 3466 5546 5483 3530 3467 0
5546 5483 3530 3467 5547 5484 3531 3468 0
5547 5484 3531 3468 5548 5485 3532 3469 0
5548 5485 3532 3469 5549 5486 3533 3470 0
5549 5486 3533 3470 5550 5487 3534 3471 0
5550 5487 3534 3471 5551 5488 3535 3472 0
5551 5488 3535 3472 5552 5489 3536 3473 0
5552 5489 3536 3473 181 182 245 244 0
56 57 120 119 5427 5364 3537 3474 0
5427 5364 3537 3474 5428 5365 3538 3475 0
5428 5365 3538 3475 5429 5366 3539 3476 0
5429 5366 3539 3476 5430 5367 3540 3477 0
5430 5367 3540 3477 5431 5368 3541 3478 0
5431 5368 3541 3478 5432 5369 3542 3479 0
5432 5369 3542 3479 5433 5370 3543 3480 0
5433 5370 3543 3480 5434 5371 3544 3481 0
5434 5371 3544 3481 5435 5372 3545 3482 0
5435 5372 3545 3482 5436 5373 3546 3483 0
5436 5373 3546 3483 5437 5374 3547 3484 0
5437 5374 3547 3484 5438 5375 3548 3485 0
5438 5375 3548 3485 5439 5376 3549 3486 0
5439 5376 3549 3486 5440 5377 3550 3487 0
5440 5377 3550 3487 5441 5378 3551 3488 0
5441 5378 3551 3488 5442 5379 3552 3489 0
5442 5379 3552 3489 5443 5380 3553 3490 0
5443 5380 3553 3490 5444 5381 3554 3491 0
5444 5381 3554 3491 5445 5382 3555 3492 0
5445 5382 3555 3492 5446 5383 3556 3493 0
5446 5383 3556 3493 5447 5384 3557 3494 0
5447 5384 3557 3494 5448 5385 3558 3495 0
5448 5385 3558 3495 5449 5386 3559 3496 0
5449 5386 3559 3496 5450 5387 3560 3497 0
5450 5387 3560 3497 5451 5388 3561 3498 0
5451 5388 3561 3498 5452 5389 3562 3499 0
5452 5389 3562 3499 5453 5390 3563 3500 0
5453 5390 3563 3500 5454 5391 3564 3501 0
5454 5391 3564 3501 5455 5392 3565 3502 0
5455 5392 3565 3502 5456 5393 3566 3503 0
5456 5393 3566 3503 5457 5394 3567 3504 0
5457 5394 3567 3504 5458 5395 3568 3505 0
5458 5395 3568 3505 5459 5396 3569 3506 0
5459 5396 3569 3506 5460 5397 3570 3507 0
5460 5397 3570 3507 5461 5398 3571 3508 0
5461 5398 3571 3508 5462 5399 3572 3509 0
5462 5399 3572 3509 5463 5400 3573 3510 0
5463 5400 3573 3510 5464 5401 3574 3511 0
5464 5401 3574 3511 5465 5402 3575 3512 0
5465 5402 3575 3512 5466 5403 3576 3513 0
5466 5403 3576 3513 5467 5404 3577 3514 0
5467 5404 3577 3514 5468 5405 3578 3515 0
5468 5405 3578 3515 5469 5406 3579 3516 0
5469 5406 3579 3516 5470 5407 3580 3517 0
5470 5407 3580 3517 5471 5408 3581 3518 0
5471 5408 3581 3518 5472 5409 3582 3519 0
5472 5409 3582 3519 5473 5410 3583 3520 0
5473 5410 3583 3520 5474 5411 3584 3521 0
5474 5411 3584 3521 5475 5412 3585 3522 0
5475 5412 3585 3522 5476 5413 3586 3523 0
5476 5413 3586 3523 5477 5414 3587 3524 0
5477 5414 3587 3524 5478 5415 3588 3525 0
5478 5415 3588 3525 5479 5416 3589 3526 0
5479 5416 3589 3526 5480 5417 3590 3527 0
5480 5417 3590 3527 5481 5418 3591 3528 0
5481 5418 3591 3528 5482 5419 3592 3529 0
5482 5419 3592 3529 5483 5420 3593 3530 0
5483 5420 3593 3530 5484 5421 3594 3531 0
5484 5421 3594 3531 5485 5422 3595 3532 0
5485 5422 3595 3532 5486 5423 3596 3533 0
5486 5423 3596 3533 5487 5424 3597 3534 0
5487 5424 3597 3534 5488 5425 3598 3535 0
5488 5425 3598 3535 5489 5426 3599 3536 0
5489 5426 3599 3536 182 183 246 245 0
57 58 121 120 5364 5301 3600 3537 0
5364 5301 3600 3537 5365 5302 3601 3538 0
5365 5302 3601 3538 5366 5303 3602 3539 0
5366 5303 3602 3539 5367 5304 3603 3540 0
5367 5304 3603 3540 5368 5305 3604 3541 0
5368 5305 3604 3541 5369 5306 3605 3542 0
5369 5306 3605 3542 5370 5307 3606 3543 0
5370 5307 3606 3543 5371 5308 3607 3544 0
5371 5308 3607 3544 5372 5309 3608 3545 0
5372 5309 3608 3545 5373 5310 3609 3546 0
5373 5310 3609 3546 5374 5311 3610 3547 0
5374 5311 3610 3547 5375 5312 3611 3548 0
5375 5312 3611 3548 5376 5313 3612 3549 0
5376 5313 3612 3549 5377 5314 3613 3550 0
5377 5314 3613 3550 5378 5315 3614 3551 0
5378 5315 3614 3551 5379 5316 3615 3552 0
5379 5316 3615 3552 5380 5317 3616 3553 0
5380 5317 3616 3553 5381 5318 3617 3554 0
5381 5318 3617 3554 5382 5319 3618 3555 0
5382 5319 3618 3555 5383 5320 3619 3556 0
5383 5320 3619 3556 5384 5321 3620 3557 0
5384 5321 3620 3557 5385 5322 3621 3558 0
5385 5322 3621 3558 5386 5323 3622 3559 0
5386 5323 3622 3559 5387 5324 3623 3560 0
5387 5324 3623 3560 5388 5325 3624 3561 0
5388 5325 3624 3561 5389 5326 3625 3562 0
5389 5326 3625 3562 5390 5327 3626 3563 0
5390 5327 3626 3563 5391 5328 3627 3564 0
5391 5328 3627 3564 5392 5329 3628 3565 0
5392 5329 3628 3565 5393 5330 3629 3566 0
5393 5330 3629 3566 5394 5331 3630 3567 0
5394 5331 3630 3567 5395 5332 3631 3568 0
5395 5332 3631 3568 5396 5333 3632 3569 0
5396 5333 3632 3569 5397 5334 3633 3570 0
5397 5334 3633 3570 5398 5335 3634 3571 0
5398 5335 3634 3571 5399 5336 3635 3572 0
5399 5336 3635 3572 5400 5337 3636 3573 0
5400 5337 3636 3573 5401 5338 3637 3574 0
5401 5338 3637 3574 5402 5339 3638 3575 0
5402 5339 3638 3575 5403 5340 3639 3576 0
5403 5340 3639 3576 5404 5341 3640 3577 0
5404 5341 3640 3577 5405 5342 3641 3578 0
5405 5342 3641 3578 5406 5343 3642 3579 0
5406 5343 3642 3579 5407 5344 3643 3580 0
5407 5344 3643 3580 5408 5345 3644 3581 0
5408 5345 3644 3581 5409 5346 3645 3582 0
5409 5346 3645 3582 5410 5347 3646 3583 0
5410 5347 3646 3583 5411 5348 3647 3584 0
5411 5348 3647 3584 5412 5349 3648 3585 0
5412 5349 3648 3585 5413 5350 3649 3586 0
5413 5350 3649 3586 5414 5351 3650 3587 0
5414 5351 3650 3587 5415 5352 3651 3588 0
5415 5352 3651 3588 5416 5353 3652 3589 0
5416 5353 3652 3589 5417 5354 3653 3590 0
5417 5354 3653 3590 5418 5355 3654 3591 0
5418 5355 3654 3591 5419 5356 3655 3592 0
5419 5356 3655 3592 5420 5357 3656 3593 0
5420 5357 3656 3593 5421 5358 3657 3594 0
5421 5358 3657 3594 5422 5359 3658 3595 0
5422 5359 3658 3595 5423 5360 3659 3596 0
5423 5360 3659 3596 5424 5361 3660 3597 0
5424 5361 3660 3597 5425 5362 3661 3598 0
5425 5362 3661 3598 5426 5363 3662 3599 0
5426 5363 3662 3599 183 184 247 246 0
58 59 122 121 5301 5238 3663 3600 0
5301 5238 3663 3600 5302 5239 3664 3601 0
5302 5239 3664 3601 5303 5240 3665 3602 0
5303 5240 3665 3602 5304 5241 3666 3603 0
5304 5241 3666 3603 5305 5242 3667 3604 0
5305 5242 3667 3604 5306 5243 3668 3605 0
5306 5243 3668 3605 5307 5244 3669 3606 0
5307 5244 3669 3606 5308 5245 3670 3607 0
5308 5245 3670 3607 5309 5246 3671 3608 0
5309 5246 3671 3608 5310 5247 3672 3609 0
5310 5247 3672 3609 5311 5248 3673 3610 0
5311 5248 3673 3610 5312 5249 3674 3611 0
5312 5249 3674 3611 5313 5250 3675 3612 0
5313 5250 3675 3612 5314 5251 3676 3613 0
5314 5251 3676 3613 5315 5252 3677 3614 0
5315 5252 3677 3614 5316 5253 3678 3615 0
5316 5253 3678 3615 5317 5254 3679 3616 0
5317 5254 3679 3616 5318 5255 3680 3617 0
5318 5255 3680 3617 5319 5256 3681 3618 0
5319 5256 3681 3618 5320 5257 3682 3619 0
5320 5257 3682 3619 5321 5258 3683 3620 0
5321 5258 3683 3620 5322 5259 3684 3621 0
5322 5259 3684 3621 5323 5260 3685 3622 0
5323 5260 3685 3622 5324 5261 3686 3623 0
5324 5261 3686 3623 5325 5262 3687 3624 0
5325 5262 3687 3624 5326 5263 3688 3625 0
5326 5263 3688 3625 5327 5264 3689 3626 0
5327 5264 3689 3626 5328 5265 3690 3627 0
5328 5265 3690 3627 5329 5266 3691 3628 0
5329 5266 3691 3628 5330 5267 3692 3629 0
5330 5267 3692 3629 5331 5268 3693 3630 0
5331 5268 3693 3630 5332 5269 3694 3631 0
5332 5269 3694 3631 5333 5270 3695 3632 0
5333 5270 3695 3632 5334 5271 3696 3633 0
5334 5271 3696 3633 5335 5272 3697 3634 0
5335 5272 3697 3634 5336 5273 3698 3635 0
5336 5273 3698 3635 5337 5274 3699 3636 0
5337 5274 3699 3636 5338 5275 3700 3637 0
5338 5275 3700 3637 5339 5276 3701 3638 0
5339 5276 3701 3638 5340 5277 3702 3639 0
5340 5277 3702 3639 5341 5278 3703 3640 0
5341 5278 3703 3640 5342 5279 3704 3641 0
5342 5279 3704 3641 5343 5280 3705 3642 0
5343 5280 3705 3642 5344 5281 3706 3643 0
5344 5281 3706 3643 5345 5282 3707 3644 0
5345 5282 3707 3644 5346 5283 3708 3645 0
5346 5283 3708 3645 5347 5284 3709 3646 0
5347 5284 3709 3646 5348 5285 3710 3647 0
5348 5285 3710 3647 5349 5286 3711 3648 0
5349 5286 3711 3648 5350 5287 3712 3649 0
5350 5287 3712 3649 5351 5288 3713 3650 0
5351 5288 3713 3650 5352 5289 3714 3651 0
5352 5289 3714 3651 5353 5290 3715 3652 0
5353 5290 3715 3652 5354 5291 3716 3653 0
5354 5291 3716 3653 5355 5292 3717 3654 0
5355 5292 3717 3654 5356 5293 3718 3655 0
5356 5293 3718 3655 5357 5294 3719 3656 0
5357 5294 3719 3656 5358 5295 3720 3657 0
5358 5295 3720 3657 5359 5296 3721 3658 0
5359 5296 3721 3658 5360 5297 3722 3659 0
5360 5297 3722 3659 5361 5298 3723 3660 0
5361 5298 3723 3660 5362 5299 3724 3661 0
5362 5299 3724 3661 5363 5300 3725 3662 0
5363 5300 3725 3662 184 185 248 247 0
59 60 123 122 5238 5175 3726 3663 0
5238 5175 3726 3663 5239 5176 3727 3664 0
5239 5176 3727 3664 5240 5177 3728 3665 0
5240 5177 3728 3665 5241 5178 3729 3666 0
5241 5178 3729 3666 5242 5179 3730 3667 0
5242 5179 3730 3667 5243 5180 3731 3668 0
5243 5180 3731 3668 5244 5181 3732 3669 0
5244 5181 3732 3669 5245 5182 3733 3670 0
5245 5182 3733 3670 5246 5183 3734 3671 0
5246 5183 3734 3671 5247 5184 3735 3672 0
5247 5184 3735 3672 5248 5185 3736 3673 0
5248 5185 3736 3673 5249 5186 3737 3674 0
5249 5186 3737 3674 5250 5187 3738 3675 0
5250 5187 3738 3675 5251 5188 3739 3676 0
5251 5188 3739 3676 5252 5189 3740 3677 0
5252 5189 3740 3677 5253 5190 3741 3678 0
5253 5190 3741 3678 5254 5191 3742 3679 0
5254 5191 3742 3679 5255 5192 3743 3680 0
5255 5192 3743 3680 5256 5193 3744 3681 0
5256 5193 3744 3681 5257 5194 3745 3682 0
5257 5194 3745 3682 5258 5195 3746 3683 0
5258 5195 3746 3683 5259 5196 3747 3684 0
5259 5196 3747 3684 5260 5197 3748 3685 0
5260 5197 3748 3685 5261 5198 3749 3686 0
5261 5198 3749 3686 5262 5199 3750 3687 0
5262 5199 3750 3687 5263 5200 3751 3688 0
5263 5200 3751 3688 5264 5201 3752 3689 0
5264 5201 3752 3689 5265 5202 3753 3690 0
5265 5202 3753 3690 5266 5203 3754 3691 0
5266 5203 3754 3691 5267 5204 3755 3692 0
5267 5204 3755 3692 5268 5205 3756 3693 0
5268 5205 3756 3693 5269 5206 3757 3694 0
5269 5206 3757 3694 5270 5207 3758 3695 0
5270 5207 3758 3695 5271 5208 3759 3696 0
5271 5208 3759 3696 5272 5209 3760 3697 0
5272 5209 3760 3697 5273 5210 3761 3698 0
5273 5210 3761 3698 5274 5211 3762 3699 0
5274 5211 3762 3699 5275 5212 3763 3700 0
5275 5212 3763 3700 5276 5213 3764 3701 0
5276 5213 3764 3701 5277 5214 3765 3702 0
5277 5214 3765 3702 5278 5215 3766 3703 0
5278 5215 3766 3703 5279 5216 3767 3704 0
5279 5216 3767 3704 5280 5217 3768 3705 0
5280 5217 3768 3705 5281 5218 3769 3706 0
5281 5218 3769 3706 5282 5219 3770 3707 0
5282 5219 3770 3707 5283 5220 3771 3708 0
5283 5220 3771 3708 5284 5221 3772 3709 0
5284 5221 3772 3709 5285 5222 3773 3710 0
5285 5222 3773 3710 5286 5223 3774 3711 0
5286 5223 3774 3711 5287 5224 3775 3712 0
5287 5224 3775 3712 5288 5225 3776 3713 0
5288 5225 3776 3713 5289 5226 3777 3714 0
5289 5226 3777 3714 5290 5227 3778 3715 0
5290 5227 3778 3715 5291 5228 3779 3716 0
5291 5228 3779 3716 5292 5229 3780 3717 0
5292 5229 3780 3717 5293 5230 3781 3718 0
5293 5230 3781 3718 5294 5231 3782 3719 0
5294 5231 3782 3719 5295 5232 3783 3720 0
5295 5232 3783 3720 5296 5233 3784 3721 0
5296 5233 3784 3721 5297 5234 3785 3722 0
5297 5234 3785 3722 5298 5235 3786 3723 0
5298 5235 3786 3723 5299 5236 3787 3724 0
5299 5236 3787 3724 5300 5237 3788 3725 0
5300 5237 3788 3725 185 186 249 248 0
60 61 124 123 5175 5112 3789 3726 0
5175 5112 3789 3726 5176 5113 3790 3727 0
5176 5113 3790 3727 5177 5114 3791 3728 0
5177 5114 3791 3728 5178 5115 3792 3729 0
5178 5115 3792 3729 5179 5116 3793 3730 0
5179 5116 3793 3730 5180 5117 3794 3731 0
5180 5117 3794 3731 5181 5118 3795 3732 0
5181 5118 3795 3732 5182 5119 3796 3733 0
5182 5119 3796 3733 5183 5120 3797 3734 0
5183 5120 3797 3734 5184 5121 3798 3735 0
5184 5121 3798 3735 5185 5122 3799 3736 0
5185 5122 3799 3736 5186 5123 3800 3737 0
5186 5123 3800 3737 5187 5124 3801 3738 0
5187 5124 3801 3738 5188 5125 3802 3739 0
5188 5125 3802 3739 5189 5126 3803 3740 0
5189 5126 3803 3740 5190 5127 3804 3741 0
5190 5127 3804 3741 5191 5128 3805 3742 0
5191 5128 3805 3742 5192 5129 3806 3743 0
5192 5129 3806 3743 5193 5130 3807 3744 0
5193 5130 3807 3744 5194 5131 3808 3745 0
5194 5131 3808 3745 5195 5132 3809 3746 0
5195 5132 3809 3746 5196 5133 3810 3747 0
5196 5133 3810 3747 5197 5134 3811 3748 0
5197 5134 3811 3748 5198 5135 3812 3749 0
5198 5135 3812 3749 5199 5136 3813 3750 0
5199 5136 3813 3750 5200 5137 3814 3751 0
5200 5137 3814 3751 5201 5138 3815 3752 0
5201 5138 3815 3752 5202 5139 3816 3753 0
5202 5139 3816 3753 5203 5140 3817 3754 0
5203 5140 3817 3754 5204 5141 3818 3755 0
5204 5141 3818 3755 5205 5142 3819 3756 0
5205 5142 3819 3756 5206 5143 3820 3757 0
5206 5143 3820 3757 5207 5144 3821 3758 0
5207 5144 3821 3758 5208 5145 3822 3759 0
5208 5145 3822 3759 5209 5146 3823 3760 0
5209 5146 3823 3760 5210 5147 3824 3761 0
5210 5147 3824 3761 5211 5148 3825 3762 0
5211 5148 3825 3762 5212 5149 3826 3763 0
5212 5149 3826 3763 5213 5150 3827 3764 0
5213 5150 3827 3764 5214 5151 3828 3765 0
5214 5151 3828 3765 5215 5152 3829 3766 0
5215 5152 3829 3766 5216 5153 3830 3767 0
5216 5153 3830 3767 5217 5154 3831 3768 0
5217 5154 3831 3768 5218 5155 3832 3769 0
5218 5155 3832 3769 5219 5156 3833 3770 0
5219 5156 3833 3770 5220 5157 3834 3771 0
5220 5157 3834 3771 5221 5158 3835 3772 0
5221 5158 3835 3772 5222 5159 3836 3773 0
5222 5159 3836 3773 5223 5160 3837 3774 0
5223 5160 3837 3774 5224 5161 3838 3775 0
5224 5161 3838 3775 5225 5162 3839 3776 0
5225 5162 3839 3776 5226 5163 3840 3777 0
5226 5163 3840 3777 5227 5164 3841 3778 0
5227 5164 3841 3778 5228 5165 3842 3779 0
5228 5165 3842 3779 5229 5166 3843 3780 0
5229 5166 3843 3780 5230 5167 3844 3781 0
5230 5167 3844 3781 5231 5168 3845 3782 0
5231 5168 3845 3782 5232 5169 3846 3783 0
5232 5169 3846 3783 5233 5170 3847 3784 0
5233 5170 3847 3784 5234 5171 3848 3785 0
5234 5171 3848 3785 5235 5172 3849 3786 0
5235 5172 3849 3786 5236 5173 3850 3787 0
5236 5173 3850 3787 5237 5174 3851 3788 0
5237 5174 3851 3788 186 187 250 249 0
61 62 125 124 5112 5049 3852 3789 0
5112 5049 3852 3789 5113 5050 3853 3790 0
5113 5050 3853 3790 5114 5051 3854 3791 0
5114 5051 3854 3791 5115 5052 3855 3792 0
5115 5052 3855 3792 5116 5053 3856 3793 0
5116 5053 3856 3793 5117 5054 3857 3794 0
5117 5054 3857 3794 5118 5055 3858 3795 0
5118 5055 3858 3795 5119 5056 3859 3796 0
5119 5056 3859 3796 5120 5057 3860 3797 0
5120 5057 3860 3797 5121 5058 3861 3798 0
5121 5058 3861 3798 5122 5059 3862 3799 0
5122 5059 3862 3799 5123 5060 3863 3800 0
5123 5060 3863 3800 5124 5061 3864 3801 0
5124 5061 3864 3801 5125 5062 3865 3802 0
5125 5062 3865 3802 5126 5063 3866 3803 0
5126 5063 3866 3803 5127 5064 3867 3804 0
5127 5064 3867 3804 5128 5065 3868 3805 0
5128 5065 3868 3805 5129 5066 3869 3806 0
5129 5066 3869 3806 5130 5067 3870 3807 0
5130 5067 3870 3807 5131 5068 3871 3808 0
5131 5068 3871 3808 5132 5069 3872 3809 0
5132 5069 3872 3809 5133 5070 3873 3810 0
5133 5070 3873 3810 5134 5071 3874 3811 0
5134 5071 3874 3811 5135 5072 3875 3812 0
5135 5072 3875 3812 5136 5073 3876 3813 0
5136 5073 3876 3813 5137 5074 3877 3814 0
5137 5074 3877 3814 5138 5075 3878 3815 0
5138 5075 3878 3815 5139 5076 3879 3816 0
5139 5076 3879 3816 5140 5077 3880 3817 0
5140 5077 3880 3817 5141 5078 3881 3818 0
5141 5078 3881 3818 5142 5079 3882 3819 0
5142 5079 3882 3819 5143 5080 3883 3820 0
5143 5080 3883 3820 5144 5081 3884 3821 0
5144 5081 3884 3821 5145 5082 3885 3822 0
5145 5082 3885 3822 5146 5083 3886 3823 0
5146 5083 3886 3823 5147 5084 3887 3824 0
5147 5084 3887 3824 5148 5085 3888 3825 0
5148 5085 3888 3825 5149 5086 3889 3826 0
5149 5086 3889 3826 5150 5087 3890 3827 0
5150 5087 3890 3827 5151 5088 3891 3828 0
5151 5088 3891 3828 5152 5089 3892 3829 0
5152 5089 3892 3829 5153 5090 3893 3830 0
5153 5090 3893 3830 5154 5091 3894 3831 0
5154 5091 3894 3831 5155 5092 3895 3832 0
5155 5092 3895 3832 5156 5093 3896 3833 0
5156 5093 3896 3833 5157 5094 3897 3834 0
5157 5094 3897 3834 5158 5095 3898 3835 0
5158 5095 3898 3835 5159 5096 3899 3836 0
5159 5096 3899 3836 5160 5097 3900 3837 0
5160 5097 3900 3837 5161 5098 3901 3838 0
5161 5098 3901 3838 5162 5099 3902 3839 0
5162 5099 3902 3839 5163 5100 3903 3840 0
5163 5100 3903 3840 5164 5101 3904 3841 0
5164 5101 3904 3841 5165 5102 3905 3842 0
5165 5102 3905 3842 5166 5103 3906 3843 0
5166 5103 3906 3843 5167 5104 3907 3844 0
5167 5104 3907 3844 5168 5105 3908 3845 0
5168 5105 3908 3845 5169 5106 3909 3846 0
5169 5106 3909 3846 5170 5107 3910 3847 0
5170 5107 3910 3847 5171 5108 3911 3848 0
5171 5108 3911 3848 5172 5109 3912 3849 0
5172 5109 3912 3849 5173 5110 3913 3850 0
5173 5110 3913 3850 5174 5111 3914 3851 0
5174 5111 3914 3851 187 188 251 250 0
62 63 126 125 5049 4986 3915 3852 0
5049 4986 3915 3852 5050 4987 3916 3853 0
5050 4987 3916 3853 5051 4988 3917 3854 0
5051 4988 3917 3854 5052 4989 3918 3855 0
5052 4989 3918 3855 5053 4990 3919 3856 0
5053 4990 3919 3856 5054 4991 3920 3857 0
5054 4991 3920 3857 5055 4992 3921 3858 0
5055 4992 3921 3858 5056 4993 3922 3859 0
5056 4993 3922 3859 5057 4994 3923 3860 0
5057 4994 3923 3860 5058 4995 3924 3861 0
5058 4995 3924 3861 5059 4996 3925 3862 0
5059 4996 3925 3862 5060 4997 3926 3863 0
5060 4997 3926 3863 5061 4998 3927 3864 0
5061 4998 3927 3864 5062 4999 3928 3865 0
5062 4999 3928 3865 5063 5000 3929 3866 0
5063 5000 3929 3866 5064 5001 3930 3867 0
5064 5001 3930 3867 5065 5002 3931 3868 0
5065 5002 3931 3868 5066 5003 3932 3869 0
5066 5003 3932 3869 5067 5004 3933 3870 0
5067 5004 3933 3870 5068 5005 3934 3871 0
5068 5005 3934 3871 5069 5006 3935 3872 0
5069 5006 3935 3872 5070 5007 3936 3873 0
5070 5007 3936 3873 5071 5008 3937 3874 0
5071 5008 3937 3874 5072 5009 3938 3875 0
5072 5009 3938 3875 5073 5010 3939 3876 0
5073 5010 3939 3876 5074 5011 3940 3877 0
5074 5011 3940 3877 5075 5012 3941 3878 0
5075 5012 3941 3878 5076 5013 3942 3879 0
5076 5013 3942 3879 5077 5014 3943 3880 0
5077 5014 3943 3880 5078 5015 3944 3881 0
5078 5015 3944 3881 5079 5016 3945 3882 0
5079 5016 3945 3882 5080 5017 3946 3883 0
5080 5017 3946 3883 5081 5018 3947 3884 0
5081 5018 3947 3884 5082 5019 3948 3885 0
5082 5019 3948 3885 5083 5020 3949 3886 0
5083 5020 3949 3886 5084 5021 3950 3887 0
5084 5021 3950 3887 5085 5022 3951 3888 0
5085 5022 3951 3888 5086 5023 3952 3889 0
5086 5023 3952 3889 5087 5024 3953 3890 0
5087 5024 3953 3890 5088 5025 3954 3891 0
5088 5025 3954 3891 5089 5026 3955 3892 0
5089 5026 3955 3892 5090 5027 3956 3893 0
5090 5027 3956 3893 5091 5028 3957 3894 0
5091 5028 3957 3894 5092 5029 3958 3895 0
5092 5029 3958 3895 5093 5030 3959 3896 0
5093 5030 3959 3896 5094 5031 3960 3897 0
5094 5031 3960 3897 5095 5032 3961 3898 0
5095 5032 3961 3898 5096 5033 3962 3899 0
5096 5033 3962 3899 5097 5034 3963 3900 0
5097 5034 3963 3900 5098 5035 3964 3901 0
5098 5035 3964 3901 5099 5036 3965 3902 0
5099 5036 3965 3902 5100 5037 3966 3903 0
5100 5037 3966 3903 5101 5038 3967 3904 0
5101 5038 3967 3904 5102 5039 3968 3905 0
5102 5039 3968 3905 5103 5040 3969 3906 0
5103 5040 3969 3906 5104 5041 3970 3907 0
5104 5041 3970 3907 5105 5042 3971 3908 0
5105 5042 3971 3908 5106 5043 3972 3909 0
5106 5043 3972 3909 5107 5044 3973 3910 0
5107 5044 3973 3910 5108 5045 3974 3911 0
5108 5045 3974 3911 5109 5046 3975 3912 0
5109 5046 3975 3912 5110 5047 3976 3913 0
5110 5047 3976 3913 5111 5048 3977 3914 0
5111 5048 3977 3914 188 189 252 251 0
63 64 127 126 4986 4923 3978 3915 0
4986 4923 3978 3915 4987 4924 3979 3916 0
4987 4924 3979 3916 4988 4925 3980 3917 0
4988 4925 3980 3917 4989 4926 3981 3918 0
4989 4926 3981 3918 4990 4927 3982 3919 0
4990 4927 3982 3919 4991 4928 3983 3920 0
4991 4928 3983 3920 4992 4929 3984 3921 0
4992 4929 3984 3921 4993 4930 3985 3922 0
4993 4930 3985 3922 4994 4931 3986 3923 0
4994 4931 3986 3923 4995 4932 3987 3924 0
4995 4932 3987 3924 4996 4933 3988 3925 0
4996 4933 3988 3925 4997 4934 3989 3926 0
4997 4934 3989 3926 4998 4935 3990 3927 0
4998 4935 3990 3927 4999 4936 3991 3928 0
4999 4936 3991 3928 5000 4937 3992 3929 0
5000 4937 3992 3929 5001 4938 3993 3930 0
5001 4938 3993 3930 5002 4939 3994 3931 0
5002 4939 3994 3931 5003 4940 3995 3932 0
5003 4940 3995 3932 5004 4941 3996 3933 0
5004 4941 3996 3933 5005 4942 3997 3934 0
5005 4942 3997 3934 5006 4943 3998 3935 0
5006 4943 3998 3935 5007 4944 3999 3936 0
5007 4944 3999 3936 5008 4945 4000 3937 0
5008 4945 4000 3937 5009 4946 4001 3938 0
5009 4946 4001 3938 5010 4947 4002 3939 0
5010 4947 4002 3939 5011 4948 4003 3940 0
5011 4948 4003 3940 5012 4949 4004 3941 0
5012 4949 4004 3941 5013 4950 4005 3942 0
5013 4950 4005 3942 5014 4951 4006 3943 0
5014 4951 4006 3943 5015 4952 4007 3944 0
5015 4952 4007 3944 5016 4953 4008 3945 0
5016 4953 4008 3945 5017 4954 4009 3946 0
5017 4954 4009 3946 5018 4955 4010 3947 0
5018 4955 4010 3947 5019 4956 4011 3948 0
5019 4956 4011 3948 5020 4957 4012 3949 0
5020 4957 4012 3949 5021 4958 4013 3950 0
5021 4958 4013 3950 5022 4959 4014 3951 0
5022 4959 4014 3951 5023 4960 4015 3952 0
5023 4960 4015 3952 5024 4961 4016 3953 0
5024 4961 4016 3953 5025 4962 4017 3954 0
5025 4962 4017 3954 5026 4963 4018 3955 0
5026 4963 4018 3955 5027 4964 4019 3956 0
5027 4964 4019 3956 5028 4965 4020 3957 0
5028 4965 4020 3957 5029 4966 4021 3958 0
5029 4966 4021 3958 5030 4967 4022 3959 0
5030 4967 4022 3959 5031 4968 4023 3960 0
5031 4968 4023 3960 5032 4969 4024 3961 0
5032 4969 4024 3961 5033 4970 4025 3962 0
5033 4970 4025 3962 5034 4971 4026 3963 0
5034 4971 4026 3963 5035 4972 4027 3964 0
5035 4972 4027 3964 5036 4973 4028 3965 0
5036 4973 4028 3965 5037 4974 4029 3966 0
5037 4974 4029 3966 5038 4975 4030 3967 0
5038 4975 4030 3967 5039 4976 4031 3968 0
5039 4976 4031 3968 5040 4977 4032 3969 0
5040 4977 4032 3969 5041 4978 4033 3970 0
5041 4978 4033 3970 5042 4979 4034 3971 0
5042 4979 4034 3971 5043 4980 4035 3972 0
5043 4980 4035 3972 5044 4981 4036 3973 0
5044 4981 4036 3973 5045 4982 4037 3974 0
5045 4982 4037 3974 5046 4983 4038 3975 0
5046 4983 4038 3975 5047 4984 4039 3976 0
5047 4984 4039 3976 5048 4985 4040 3977 0
5048 4985 4040 3977 189 190 253 252 0
64 65 128 127 4923 4860 4041 3978 0
4923 4860 4041 3978 4924 4861 4042 3979 0
4924 4861 4042 3979 4925 4862 4043 3980 0
4925 4862 4043 3980 4926 4863 4044 3981 0
4926 4863 4044 3981 4927 4864 4045 3982 0
4927 4864 4045 3982 4928 4865 4046 3983 0
4928 4865 4046 3983 4929 4866 4047 3984 0
4929 4866 4047 3984 4930 4867 4048 3985 0
4930 4867 4048 3985 4931 4868 4049 3986 0
4931 4868 4049 3986 4932 4869 4050 3987 0
4932 4869 4050 3987 4933 4870 4051 3988 0
4933 4870 4051 3988 4934 4871 4052 3989 0
4934 4871 4052 3989 4935 4872 4053 3990 0
4935 4872 4053 3990 4936 4873 4054 3991 0
4936 4873 4054 3991 4937 4874 4055 3992 0
4937 4874 4055 3992 4938 4875 4056 3993 0
4938 4875 4056 3993 4939 4876 4057 3994 0
4939 4876 4057 3994 4940 4877 4058 3995 0
4940 4877 4058 3995 4941 4878 4059 3996 0
4941 4878 4059 3996 4942 4879 4060 3997 0
4942 4879 4060 3997 4943 4880 4061 3998 0
4943 4880 4061 3998 4944 4881 4062 3999 0
4944 4881 4062 3999 4945 4882 4063 4000 0
4945 4882 4063 4000 4946 4883 4064 4001 0
4946 4883 4064 4001 4947 4884 4065 4002 0
4947 4884 4065 4002 4948 4885 4066 4003 0
4948 4885 4066 4003 4949 4886 4067 4004 0
4949 4886 4067 4004 4950 4887 4068 4005 0
4950 4887 4068 4005 4951 4888 4069 4006 0
4951 4888 4069 4006 4952 4889 4070 4007 0
4952 4889 4070 4007 4953 4890 4071 4008 0
4953 4890 4071 4008 4954 4891 4072 4009 0
4954 4891 4072 4009 4955 4892 4073 4010 0
4955 4892 4073 4010 4956 4893 4074 4011 0
4956 4893 4074 4011 4957 4894 4075 4012 0
4957 4894 4075 4012 4958 4895 4076 4013 0
4958 4895 4076 4013 4959 4896 4077 4014 0
4959 4896 4077 4014 4960 4897 4078 4015 0
4960 4897 4078 4015 4961 4898 4079 4016 0
4961 4898 4079 4016 4962 4899 4080 4017 0
4962 4899 4080 4017 4963 4900 4081 4018 0
4963 4900 4081 4018 4964 4901 4082 4019 0
4964 4901 4082 4019 4965 4902 4083 4020 0
4965 4902 4083 4020 4966 4903 4084 4021 0
4966 4903 4084 4021 4967 4904 4085 4022 0
4967 4904 4085 4022 4968 4905 4086 4023 0
4968 4905 4086 4023 4969 4906 4087 4024 0
4969 4906 4087 4024 4970 4907 4088 4025 0
4970 4907 4088 4025 4971 4908 4089 4026 0
4971 4908 4089 4026 4972 4909 4090 4027 0
4972 4909 4090 4027 4973 4910 4091 4028 0
4973 4910 4091 4028 4974 4911 4092 4029 0
4974 4911 4092 4029 4975 4912 4093 4030 0
4975 4912 4093 4030 4976 4913 4094 4031 0
4976 4913 4094 4031 4977 4914 4095 4032 0
4977 4914 4095 4032 4978 4915 4096 4033 0
4978 4915 4096 4033 4979 4916 4097 4034 0
4979 4916 4097 4034 4980 4917 4098 4035 0
4980 4917 4098 4035 4981 4918 4099 4036 0
4981 4918 4099 4036 4982 4919 4100 4037 0
4982 4919 4100 4037 4983 4920 4101 4038 0
4983 4920 4101 4038 4984 4921 4102 4039 0
4984 4921 4102 4039 4985 4922 4103 4040 0
4985 4922 4103 4040 190 191 254 253 0
65 66 129 128 4860 4797 4104 4041 0
4860 4797 4104 4041 4861 4798 4105 4042 0
4861 4798 4105 4042 4862 4799 4106 4043 0
4862 4799 4106 4043 4863 4800 4107 4044 0
4863 4800 4107 4044 4864 4801 4108 4045 0
4864 4801 4108 4045 4865 4802 4109 4046 0
4865 4802 4109 4046 4866 4803 4110 4047 0
4866 4803 4110 4047 4867 4804 4111 4048 0
4867 4804 4111 4048 4868 4805 4112 4049 0
4868 4805 4112 4049 4869 4806 4113 4050 0
4869 4806 4113 4050 4870 4807 4114 4051 0
4870 4807 4114 4051 4871 4808 4115 4052 0
4871 4808 4115 4052 4872 4809 4116 4053 0
4872 4809 4116 4053 4873 4810 4117 4054 0
4873 4810 4117 4054 4874 4811 4118 4055 0
4874 4811 4118 4055 4875 4812 4119 4056 0
4875 4812 4119 4056 4876 4813 4120 4057 0
4876 4813 4120 4057 4877 4814 4121 4058 0
4877 4814 4121 4058 4878 4815 4122 4059 0
4878 4815 4122 4059 4879 4816 4123 4060 0
4879 4816 4123 4060 4880 4817 4124 4061 0
4880 4817 4124 4061 4881 4818 4125 4062 0
4881 4818 4125 4062 4882 4819 4126 4063 0
4882 4819 4126 4063 4883 4820 4127 4064 0
4883 4820 4127 4064 4884 4821 4128 4065 0
4884 4821 4128 4065 4885 4822 4129 4066 0
4885 4822 4129 4066 4886 4823 4130 4067 0
4886 4823 4130 4067 4887 4824 4131 4068 0
4887 4824 4131 4068 4888 4825 4132 4069 0
4888 4825 4132 4069 4889 4826 4133 4070 0
4889 4826 4133 4070 4890 4827 4134 4071 0
4890 4827 4134 4071 4891 4828 4135 4072 0
4891 4828 4135 4072 4892 4829 4136 4073 0
4892 4829 4136 4073 4893 4830 4137 4074 0
4893 4830 4137 4074 4894 4831 4138 4075 0
4894 4831 4138 4075 4895 4832 4139 4076 0
4895 4832 4139 4076 4896 4833 4140 4077 0
4896 4833 4140 4077 4897 4834 4141 4078 0
4897 4834 4141 4078 4898 4835 4142 4079 0
4898 4835 4142 4079 4899 4836 4143 4080 0
4899 4836 4143 4080 4900 4837 4144 4081 0
4900 4837 4144 4081 4901 4838 4145 4082 0
4901 4838 4145 4082 4902 4839 4146 4083 0
4902 4839 4146 4083 4903 4840 4147 4084 0
4903 4840 4147 4084 4904 4841 4148 4085 0
4904 4841 4148 4085 4905 4842 4149 4086 0
4905 4842 4149 4086 4906 4843 4150 4087 0
4906 4843 4150 4087 4907 4844 4151 4088 0
4907 4844 4151 4088 4908 4845 4152 4089 0
4908 4845 4152 4089 4909 4846 4153 4090 0
4909 4846 4153 4090 4910 4847 4154 4091 0
4910 4847 4154 4091 4911 4848 4155 4092 0
4911 4848 4155 4092 4912 4849 4156 4093 0
4912 4849 4156 4093 4913 4850 4157 4094 0
4913 4850 4157 4094 4914 4851 4158 4095 0
4914 4851 4158 4095 4915 4852 4159 4096 0
4915 4852 4159 4096 4916 4853 4160 4097 0
4916 4853 4160 4097 4917 4854 4161 4098 0
4917 4854 4161 4098 4918 4855 4162 4099 0
4918 4855 4162 4099 4919 4856 4163 4100 0
4919 4856 4163 4100 4920 4857 4164 4101 0
4920 4857 4164 4101 4921 4858 4165 4102 0
4921 4858 4165 4102 4922 4859 4166 4103 0
4922 4859 4166 4103 191 192 255 254 0
66 67 130 129 4797 4734 4167 4104 0
4797 4734 4167 4104 4798 4735 4168 4105 0
4798 4735 4168 4105 4799 4736 4169 4106 0
4799 4736 4169 4106 4800 4737 4170 4107 0
4800 4737 4170 4107 4801 4738 4171 4108 0
4801 4738 4171 4108 4802 4739 4172 4109 0
4802 4739 4172 4109 4803 4740 4173 4110 0
4803 4740 4173 4110 4804 4741 4174 4111 0
4804 4741 4174 4111 4805 4742 4175 4112 0
4805 4742 4175 4112 4806 4743 4176 4113 0
4806 4743 4176 4113 4807 4744 4177 4114 0
4807 4744 4177 4114 4808 4745 4178 4115 0
4808 4745 4178 4115 4809 4746 4179 4116 0
4809 4746 4179 4116 4810 4747 4180 4117 0
4810 4747 4180 4117 4811 4748 4181 4118 0
4811 4748 4181 4118 4812 4749 4182 4119 0
4812 4749 4182 4119 4813 4750 4183 4120 0
4813 4750 4183 4120 4814 4751 4184 4121 0
4814 4751 4184 4121 4815 4752 4185 4122 0
4815 4752 4185 4122 4816 4753 4186 4123 0
4816 4753 4186 4123 4817 4754 4187 4124 0
4817 4754 4187 4124 4818 4755 4188 4125 0
4818 4755 4188 4125 4819 4756 4189 4126 0
4819 4756 4189 4126 4820 4757 4190 4127 0
4820 4757 4190 4127 4821 4758 4191 4128 0
4821 4758 4191 4128 4822 4759 4192 4129 0
4822 4759 4192 4129 4823 4760 4193 4130 0
4823 4760 4193 4130 4824 4761 4194 4131 0
4824 4761 4194 4131 4825 4762 4195 4132 0
4825 4762 4195 4132 4826 4763 4196 4133 0
4826 4763 4196 4133 4827 4764 4197 4134 0
4827 4764 4197 4134 4828 4765 4198 4135 0
4828 4765 4198 4135 4829 4766 4199 4136 0
4829 4766 4199 4136 4830 4767 4200 4137 0
4830 4767 4200 4137 4831 4768 4201 4138 0
4831 4768 4201 4138 4832 4769 4202 4139 0
4832 4769 4202 4139 4833 4770 4203 4140 0
4833 4770 4203 4140 4834 4771 4204 4141 0
4834 4771 4204 4141 4835 4772 4205 4142 0
4835 4772 4205 4142 4836 4773 4206 4143 0
4836 4773 4206 4143 4837 4774 4207 4144 0
4837 4774 4207 4144 4838 4775 4208 4145 0
4838 4775 4208 4145 4839 4776 4209 4146 0
4839 4776 4209 4146 4840 4777 4210 4147 0
4840 4777 4210 4147 4841 4778 4211 4148 0
4841 4778 4211 4148 4842 4779 4212 4149 0
4842 4779 4212 4149 4843 4780 4213 4150 0
4843 4780 4213 4150 4844 4781 4214 4151 0
4844 4781 4214 4151 4845 4782 4215 4152 0
4845 4782 4215 4152 4846 4783 4216 4153 0
4846 4783 4216 4153 4847 4784 4217 4154 0
4847 4784 4217 4154 4848 4785 4218 4155 0
4848 4785 4218 4155 4849 4786 4219 4156 0
4849 4786 4219 4156 4850 4787 4220 4157 0
4850 4787 4220 4157 4851 4788 4221 4158 0
4851 4788 4221 4158 4852 4789 4222 4159 0
4852 4789 4222 4159 4853 4790 4223 4160 0
4853 4790 4223 4160 4854 4791 4224 4161 0
4854 4791 4224 4161 4855 4792 4225 4162 0
4855 4792 4225 4162 4856 4793 4226 4163 0
4856 4793 4226 4163 4857 4794 4227 4164 0
4857 4794 4227 4164 4858 4795 4228 4165 0
4858 4795 4228 4165 4859 4796 4229 4166 0
4859 4796 4229 4166 192 193 256 255 0
67 68 131 130 4734 4671 4230 4167 0
4734 4671 4230 4167 4735 4672 4231 4168 0
4735 4672 4231 4168 4736 4673 4232 4169 0
4736 4673 4232 4169 4737 4674 4233 4170 0
4737 4674 4233 4170 4738 4675 4234 4171 0
4738 4675 4234 4171 4739 4676 4235 4172 0
4739 4676 4235 4172 4740 4677 4236 4173 0
4740 4677 4236 4173 4741 4678 4237 4174 0
4741 4678 4237 4174 4742 4679 4238 4175 0
4742 4679 4238 4175 4743 4680 4239 4176 0
4743 4680 4239 4176 4744 4681 4240 4177 0
4744 4681 4240 4177 4745 4682 4241 4178 0
4745 4682 4241 4178 4746 4683 4242 4179 0
4746 4683 4242 4179 4747 4684 4243 4180 0
4747 4684 4243 4180 4748 4685 4244 4181 0
4748 4685 4244 4181 4749 4686 4245 4182 0
4749 4686 4245 4182 4750 4687 4246 4183 0
4750 4687 4246 4183 4751 4688 4247 4184 0
4751 4688 4247 4184 4752 4689 4248 4185 0
4752 4689 4248 4185 4753 4690 4249 4186 0
4753 4690 4249 4186 4754 4691 4250 4187 0
4754 4691 4250 4187 4755 4692 4251 4188 0
4755 4692 4251 4188 4756 4693 4252 4189 0
4756 4693 4252 4189 4757 4694 4253 4190 0
4757 4694 4253 4190 4758 4695 4254 4191 0
4758 4695 4254 4191 4759 4696 4255 4192 0
4759 4696 4255 4192 4760 4697 4256 4193 0
4760 4697 4256 4193 4761 4698 4257 4194 0
4761 4698 4257 4194 4762 4699 4258 4195 0
4762 4699 4258 4195 4763 4700 4259 4196 0
4763 4700 4259 4196 4764 4701 4260 4197 0
4764 4701 4260 4197 4765 4702 4261 4198 0
4765 4702 4261 4198 4766 4703 4262 4199 0
4766 4703 4262 4199 4767 4704 4263 4200 0
4767 4704 4263 4200 4768 4705 4264 4201 0
4768 4705 4264 4201 4769 4706 4265 4202 0
4769 4706 4265 4202 4770 4707 4266 4203 0
4770 4707 4266 4203 4771 4708 4267 4204 0
4771 4708 4267 4204 4772 4709 4268 4205 0
4772 4709 4268 4205 4773 4710 4269 4206 0
4773 4710 4269 4206 4774 4711 4270 4207 0
4774 4711 4270 4207 4775 4712 4271 4208 0
4775 4712 4271 4208 4776 4713 4272 4209 0
4776 4713 4272 4209 4777 4714 4273 4210 0
4777 4714 4273 4210 4778 4715 4274 4211 0
4778 4715 4274 4211 4779 4716 4275 4212 0
4779 4716 4275 4212 4780 4717 4276 4213 0
4780 4717 4276 4213 4781 4718 4277 4214 0
4781 4718 4277 4214 4782 4719 4278 4215 0
4782 4719 4278 4215 4783 4720 4279 4216 0
4783 4720 4279 4216 4784 4721 4280 4217 0
4784 4721 4280 4217 4785 4722 4281 4218 0
4785 4722 4281 4218 4786 4723 4282 4219 0
4786 4723 4282 4219 4787 4724 4283 4220 0
4787 4724 4283 4220 4788 4725 4284 4221 0
4788 4725 4284 4221 4789 4726 4285 4222 0
4789 4726 4285 4222 4790 4727 4286 4223 0
4790 4727 4286 4223 4791 4728 4287 4224 0
4791 4728 4287 4224 4792 4729 4288 4225 0
4792 4729 4288 4225 4793 4730 4289 4226 0
4793 4730 4289 4226 4794 4731 4290 4227 0
4794 4731 4290 4227 4795 4732 4291 4228 0
4795 4732 4291 4228 4796 4733 4292 4229 0
4796 4733 4292 4229 193 194 257 256 0
68 69 132 131 4671 4608 4293 4230 0
4671 4608 4293 4230 4672 4609 4294 4231 0
4672 4609 4294 4231 4673 4610 4295 4232 0
4673 4610 4295 4232 4674 4611 4296 4233 0
4674 4611 4296 4233 4675 4612 4297 4234 0
4675 4612 4297 4234 4676 4613 4298 4235 0
4676 4613 4298 4235 4677 4614 4299 4236 0
4677 4614 4299 4236 4678 4615 4300 4237 0
4678 4615 4300 4237 4679 4616 4301 4238 0
4679 4616 4301 4238 4680 4617 4302 4239 0
4680 4617 4302 4239 4681 4618 4303 4240 0
4681 4618 4303 4240 4682 4619 4304 4241 0
4682 4619 4304 4241 4683 4620 4305 4242 0
4683 4620 4305 4242 4684 4621 4306 4243 0
4684 4621 4306 4243 4685 4622 4307 4244 0
4685 4622 4307 4244 4686 4623 4308 4245 0
4686 4623 4308 4245 4687 4624 4309 4246 0
4687 4624 4309 4246 4688 4625 4310 4247 0
4688 4625 4310 4247 4689 4626 4311 4248 0
4689 4626 4311 4248 4690 4627 4312 4249 0
4690 4627 4312 4249 4691 4628 4313 4250 0
4691 4628 4313 4250 4692 4629 4314 4251 0
4692 4629 4314 4251 4693 4630 4315 4252 0
4693 4630 4315 4252 4694 4631 4316 4253 0
4694 4631 4316 4253 4695 4632 4317 4254 0
4695 4632 4317 4254 4696 4633 4318 4255 0
4696 4633 4318 4255 4697 4634 4319 4256 0
4697 4634 4319 4256 4698 4635 4320 4257 0
4698 4635 4320 4257 4699 4636 4321 4258 0
4699 4636 4321 4258 4700 4637 4322 4259 0
4700 4637 4322 4259 4701 4638 4323 4260 0
4701 4638 4323 4260 4702 4639 4324 4261 0
4702 4639 4324 4261 4703 4640 4325 4262 0
4703 4640 4325 4262 4704 4641 4326 4263 0
4704 4641 4326 4263 4705 4642 4327 4264 0
4705 4642 4327 4264 4706 4643 4328 4265 0
4706 4643 4328 4265 4707 4644 4329 4266 0
4707 4644 4329 4266 4708 4645 4330 4267 0
4708 4645 4330 4267 4709 4646 4331 4268 0
4709 4646 4331 4268 4710 4647 4332 4269 0
4710 4647 4332 4269 4711 4648 4333 4270 0
4711 4648 4333 4270 4712 4649 4334 4271 0
4712 4649 4334 4271 4713 4650 4335 4272 0
4713 4650 4335 4272 4714 4651 4336 4273 0
4714 4651 4336 4273 4715 4652 4337 4274 0
4715 4652 4337 4274 4716 4653 4338 4275 0
4716 4653 4338 4275 4717 4654 4339 4276 0
4717 4654 4339 4276 4718 4655 4340 4277 0
4718 4655 4340 4277 4719 4656 4341 4278 0
4719 4656 4341 4278 4720 4657 4342 4279 0
4720 4657 4342 4279 4721 4658 4343 4280 0
4721 4658 4343 4280 4722 4659 4344 4281 0
4722 4659 4344 4281 4723 4660 4345 4282 0
4723 4660 4345 4282 4724 4661 4346 4283 0
4724 4661 4346 4283 4725 4662 4347 4284 0
4725 4662 4347 4284 4726 4663 4348 4285 0
4726 4663 4348 4285 4727 4664 4349 4286 0
4727 4664 4349 4286 4728 4665 4350 4287 0
4728 4665 4350 4287 4729 4666 4351 4288 0
4729 4666 4351 4288 4730 4667 4352 4289 0
4730 4667 4352 4289 4731 4668 4353 4290 0
4731 4668 4353 4290 4732 4669 4354 4291 0
4732 4669 4354 4291 4733 4670 4355 4292 0
4733 4670 4355 4292 194 195 258 257 0
69 70 133 132 4608 4545 4356 4293 0
4608 4545 4356 4293 4609 4546 4357 4294 0
4609 4546 4357 4294 4610 4547 4358 4295 0
4610 4547 4358 4295 4611 4548 4359 4296 0
4611 4548 4359 4296 4612 4549 4360 4297 0
4612 4549 4360 4297 4613 4550 4361 4298 0
4613 4550 4361 4298 4614 4551 4362 4299 0
4614 4551 4362 4299 4615 4552 4363 4300 0
4615 4552 4363 4300 4616 4553 4364 4301 0
4616 4553 4364 4301 4617 4554 4365 4302 0
4617 4554 4365 4302 4618 4555 4366 4303 0
4618 4555 4366 4303 4619 4556 4367 4304 0
4619 4556 4367 4304 4620 4557 4368 4305 0
4620 4557 4368 4305 4621 4558 4369 4306 0
4621 4558 4369 4306 4622 4559 4370 4307 0
4622 4559 4370 4307 4623 4560 4371 4308 0
4623 4560 4371 4308 4624 4561 4372 4309 0
4624 4561 4372 4309 4625 4562 4373 4310 0
4625 4562 4373 4310 4626 4563 4374 4311 0
4626 4563 4374 4311 4627 4564 4375 4312 0
4627 4564 4375 4312 4628 4565 4376 4313 0
4628 4565 4376 4313 4629 4566 4377 4314 0
4629 4566 4377 4314 4630 4567 4378 4315 0
4630 4567 4378 4315 4631 4568 4379 4316 0
4631 4568 4379 4316 4632 4569 4380 4317 0
4632 4569 4380 4317 4633 4570 4381 4318 0
4633 4570 4381 4318 4634 4571 4382 4319 0
4634 4571 4382 4319 4635 4572 4383 4320 0
4635 4572 4383 4320 4636 4573 4384 4321 0
4636 4573 4384 4321 4637 4574 4385 4322 0
4637 4574 4385 4322 4638 4575 4386 4323 0
4638 4575 4386 4323 4639 4576 4387 4324 0
4639 4576 4387 4324 4640 4577 4388 4325 0
4640 4577 4388 4325 4641 4578 4389 4326 0
4641 4578 4389 4326 4642 4579 4390 4327 0
4642 4579 4390 4327 4643 4580 4391 4328 0
4643 4580 4391 4328 4644 4581 4392 4329 0
4644 4581 4392 4329 4645 4582 4393 4330 0
4645 4582 4393 4330 4646 4583 4394 4331 0
4646 4583 4394 4331 4647 4584 4395 4332 0
4647 4584 4395 4332 4648 4585 4396 4333 0
4648 4585 4396 4333 4649 4586 4397 4334 0
4649 4586 4397 4334 4650 4587 4398 4335 0
4650 4587 4398 4335 4651 4588 4399 4336 0
4651 4588 4399 4336 4652 4589 4400 4337 0
4652 4589 4400 4337 4653 4590 4401 4338 0
4653 4590 4401 4338 4654 4591 4402 4339 0
4654 4591 4402 4339 4655 4592 4403 4340 0
4655 4592 4403 4340 4656 4593 4404 4341 0
4656 4593 4404 4341 4657 4594 4405 4342 0
4657 4594 4405 4342 4658 4595 4406 4343 0
4658 4595 4406 4343 4659 4596 4407 4344 0
4659 4596 4407 4344 4660 4597 4408 4345 0
4660 4597 4408 4345 4661 4598 4409 4346 0
4661 4598 4409 4346 4662 4599 4410 4347 0
4662 4599 4410 4347 4663 4600 4411 4348 0
4663 4600 4411 4348 4664 4601 4412 4349 0
4664 4601 4412 4349 4665 4602 4413 4350 0
4665 4602 4413 4350 4666 4603 4414 4351 0
4666 4603 4414 4351 4667 4604 4415 4352 0
4667 4604 4415 4352 4668 4605 4416 4353 0
4668 4605 4416 4353 4669 4606 4417 4354 0
4669 4606 4417 4354 4670 4607 4418 4355 0
4670 4607 4418 4355 195 196 259 258 0
70 71 134 133 4545 4482 4419 4356 0
4545 4482 4419 4356 4546 4483 4420 4357 0
4546 4483 4420 4357 4547 4484 4421 4358 0
4547 4484 4421 4358 4548 4485 4422 4359 0
4548 4485 4422 4359 4549 4486 4423 4360 0
4549 4486 4423 4360 4550 4487 4424 4361 0
4550 4487 4424 4361 4551 4488 4425 4362 0
4551 4488 4425 4362 4552 4489 4426 4363 0
4552 4489 4426 4363 4553 4490 4427 4364 0
4553 4490 4427 4364 4554 4491 4428 4365 0
4554 4491 4428 4365 4555 4492 4429 4366 0
4555 4492 4429 4366 4556 4493 4430 4367 0
4556 4493 4430 4367 4557 4494 4431 4368 0
4557 4494 4431 4368 4558 4495 4432 4369 0
4558 4495 4432 4369 4559 4496 4433 4370 0
4559 4496 4433 4370 4560 4497 4434 4371 0
4560 4497 4434 4371 4561 4498 4435 4372 0
4561 4498 4435 4372 4562 4499 4436 4373 0
4562 4499 4436 4373 4563 4500 4437 4374 0
4563 4500 4437 4374 4564 4501 4438 4375 0
4564 4501 4438 4375 4565 4502 4439 4376 0
4565 4502 4439 4376 4566 4503 4440 4377 0
4566 4503 4440 4377 4567 4504 4441 4378 0
4567 4504 4441 4378 4568 4505 4442 4379 0
4568 4505 4442 4379 4569 4506 4443 4380 0
4569 4506 4443 4380 4570 4507 4444 4381 0
4570 4507 4444 4381 4571 4508 4445 4382 0
4571 4508 4445 4382 4572 4509 4446 4383 0
4572 4509 4446 4383 4573 4510 4447 4384 0
4573 4510 4447 4384 4574 4511 4448 4385 0
4574 4511 4448 4385 4575 4512 4449 4386 0
4575 4512 4449 4386 4576 4513 4450 4387 0
4576 4513 4450 4387 4577 4514 4451 4388 0
4577 4514 4451 4388 4578 4515 4452 4389 0
4578 4515 4452 4389 4579 4516 4453 4390 0
4579 4516 4453 4390 4580 4517 4454 4391 0
4580 4517 4454 4391 4581 4518 4455 4392 0
4581 4518 4455 4392 4582 4519 4456 4393 0
4582 4519 4456 4393 4583 4520 4457 4394 0
4583 4520 4457 4394 4584 4521 4458 4395 0
4584 4521 4458 4395 4585 4522 4459 4396 0
4585 4522 4459 4396 4586 4523 4460 4397 0
4586 4523 4460 4397 4587 4524 4461 4398 0
4587 4524 4461 4398 4588 4525 4462 4399 0
4588 4525 4462 4399 4589 4526 4463 4400 0
4589 4526 4463 4400 4590 4527 4464 4401 0
4590 4527 4464 4401 4591 4528 4465 4402 0
4591 4528 4465 4402 4592 4529 4466 4403 0
4592 4529 4466 4403 4593 4530 4467 4404 0
4593 4530 4467 4404 4594 4531 4468 4405 0
4594 4531 4468 4405 4595 4532 4469 4406 0
4595 4532 4469 4406 4596 4533 4470 4407 0
4596 4533 4470 4407 4597 4534 4471 4408 0
4597 4534 4471 4408 4598 4535 4472 4409 0
4598 4535 4472 4409 4599 4536 4473 4410 0
4599 4536 4473 4410 4600 4537 4474 4411 0
4600 4537 4474 4411 4601 4538 4475 4412 0
4601 4538 4475 4412 4602 4539 4476 4413 0
4602 4539 4476 4413 4603 4540 4477 4414 0
4603 4540 4477 4414 4604 4541 4478 4415 0
4604 4541 4478 4415 4605 4542 4479 4416 0
4605 4542 4479 4416 4606 4543 4480 4417 0
4606 4543 4480 4417 4607 4544 4481 4418 0
4607 4544 4481 4418 196 197 260 259 0
71 3 4 134 4482 450 387 4419 0
4482 450 387 4419 4483 451 388 4420 0
4483 451 388 4420 4484 452 389 4421 0
4484 452 389 4421 4485 453 390 4422 0
4485 453 390 4422 4486 454 391 4423 0
4486 454 391 4423 4487 455 392 4424 0
4487 455 392 4424 4488 456 393 4425 0
4488 456 393 4425 4489 457 394 4426 0
4489 457 394 4426 4490 458 395 4427 0
4490 458 395 4427 4491 459 396 4428 0
4491 459 396 4428 4492 460 397 4429 0
4492 460 397 4429 4493 461 398 4430 0
4493 461 398 4430 4494 462 399 4431 0
4494 462 399 4431 4495 463 400 4432 0
4495 463 400 4432 4496 464 401 4433 0
4496 464 401 4433 4497 465 402 4434 0
4497 465 402 4434 4498 466 403 4435 0
4498 466 403 4435 4499 467 404 4436 0
4499 467 404 4436 4500 468 405 4437 0
4500 468 405 4437 4501 469 406 4438 0
4501 469 406 4438 4502 470 407 4439 0
4502 470 407 4439 4503 471 408 4440 0
4503 471 408 4440 4504 472 409 4441 0
4504 472 409 4441 4505 473 410 4442 0
4505 473 410 4442 4506 474 411 4443 0
4506 474 411 4443 4507 475 412 4444 0
4507 475 412 4444 4508 476 413 4445 0
4508 476 413 4445 4509 477 414 4446 0
4509 477 414 4446 4510 478 415 4447 0
4510 478 415 4447 4511 479 416 4448 0
4511 479 416 4448 4512 480 417 4449 0
4512 480 417 4449 4513 481 418 4450 0
4513 481 418 4450 4514 482 419 4451 0
4514 482 419 4451 4515 483 420 4452 0
4515 483 420 4452 4516 484 421 4453 0
4516 484 421 4453 4517 485 422 4454 0
4517 485 422 4454 4518 486 423 4455 0
4518 486 423 4455 4519 487 424 4456 0
4519 487 424 4456 4520 488 425 4457 0
4520 488 425 4457 4521 489 426 4458 0
4521 489 426 4458 4522 490 427 4459 0
4522 490 427 4459 4523 491 428 4460 0
4523 491 428 4460 4524 492 429 4461 0
4524 492 429 4461 4525 493 430 4462 0
4525 493 430 4462 4526 494 431 4463 0
4526 494 431 4463 4527 495 432 4464 0
4527 495 432 4464 4528 496 433 4465 0
4528 496 433 4465 4529 497 434 4466 0
4529 497 434 4466 4530 498 435 4467 0
4530 498 435 4467 4531 499 436 4468 0
4531 499 436 4468 4532 500 437 4469 0
4532 500 437 4469 4533 501 438 4470 0
4533 501 438 4470 4534 502 439 4471 0
4534 502 439 4471 4535 503 440 4472 0
4535 503 440 4472 4536 504 441 4473 0
4536 504 441 4473 4537 505 442 4474 0
4537 505 442 4474 4538 506 443 4475 0
4538 506 443 4475 4539 507 444 4476 0
4539 507 444 4476 4540 508 445 4477 0
4540 508 445 4477 4541 509 446 4478 0
4541 509 446 4478 4542 510 447 4479 0
4542 510 447 4479 4543 511 448 4480 0
4543 511 448 4480 4544 512 449 4481 0
4544 512 449 4481 197 7 8 260 0

Quadrilaterals
8448
2 1 9 72 1
72 9 10 73 1
73 10 11 74 1
74 11 12 75 1
75 12 13 76 1
76 13 14 77 1
77 14 15 78 1
78 15 16 79 1
79 16 17 80 1
80 17 18 81 1
81 18 19 82 1
82 19 20 83 1
83 20 21 84 1
84 21 22 85 1
85 22 23 86 1
86 23 24 87 1
87 24 25 88 1
88 25 26 89 1
89 26 27 90 1
90 27 28 91 1
91 28 29 92 1
92 29 30 93 1
93 30 31 94 1
94 31 32 95 1
95 32 33 96 1
96 33 34 97 1
97 34 35 98 1
98 35 36 99 1
99 36 37 100 1
100 37 38 101 1
101 38 39 102 1
102 39 40 103 1
103 40 41 104 1
104 41 42 105 1
105 42 43 106 1
106 43 44 107 1
107 44 45 108 1
108 45 46 109 1
109 46 47 110 1
110 47 48 111 1
111 48 49 112 1
112 49 50 113 1
113 50 51 114 1
114 51 52 115 1
115 52 53 116 1
116 53 54 117 1
117 54 55 118 1
118 55 56 119 1
119 56 57 120 1
120 57 58 121 1
121 58 59 122 1
122 59 60 123 1
123 60 61 124 1
124 61 62 125 1
125 62 63 126 1
126 63 64 127 1
127 64 65 128 1
128 65 66 129 1
129 66 67 130 1
130 67 68 131 1
131 68 69 132 1
132 69 70 133 1
133 70 71 134 1
134 71 3 4 1
5 6 198 135 1
135 198 199 136 1
136 199 200 137 1
137 200 201 138 1
138 201 202 139 1
139 202 203 140 1
140 203 204 141 1
141 204 205 142 1
142 205 206 143 1
143 206 207 144 1
144 207 208 145 1
145 208 209 146 1
146 209 210 147 1
147 210 211 148 1
148 211 212 149 1
149 212 213 150 1
150 213 214 151 1
151 214 215 152 1
152 215 216 153 1
153 216 217 154 1
154 217 218 155 1
155 218 219 156 1
156 219 220 157 1
157 220 221 158 1
158 221 222 159 1
159 222 223 160 1
160 223 224 161 1
161 224 225 162 1
162 225 226 163 1
163 226 227 164 1
164 227 228 165 1
165 228 229 166 1
166 229 230 167 1
167 230 231 168 1
168 231 232 169 1
169 232 233 170 1
170 233 234 171 1
171 234 235 172 1
172 235 236 173 1
173 236 237 174 1
174 237 238 175 1
175 238 239 176 1
176 239 240 177 1
177 240 241 178 1
178 241 242 179 1
179 242 243 180 1
180 243 244 181 1
181 244 245 182 1
182 245 246 183 1
183 246 247 184 1
184 247 248 185 1
185 248 249 186 1
186 249 250 187 1
187 250 251 188 1
188 251 252 189 1
189 252 253 190 1
190 253 254 191 1
191 254 255 192 1
192 255 256 193 1
193 256 257 194 1
194 257 258 195 1
195 258 259 196 1
196 259 260 197 1
197 260 8 7 1
2 261 324 1 0
261 262 325 324 0
262 263 326 325 0
263 264 327 326 0
264 265 328 327 0
265 266 329 328 0
266 267 330 329 0
267 268 331 330 0
268 269 332 331 0
269 270 333 332 0
270 271 334 333 0
271 272 335 334 0
272 273 336 335 0
273 274 337 336 0
274 275 338 337 0
275 276 339 338 0
276 277 340 339 0
277 278 341 340 0
278 279 342 341 0
279 280 343 342 0
280 281 344 343 0
281 282 345 344 0
282 283 346 345 0
283 284 347 346 0
284 285 348 347 0
285 286 349 348 0
286 287 350 349 0
287 288 351 350 0
288 289 352 351 0
289 290 353 352 0
290 291 354 353 0
291 292 355 354 0
292 293 356 355 0
293 294 357 356 0
294 295 358 357 0
295 296 359 358 0
296 297 360 359 0
297 298 361 360 0
298 299 362 361 0
299 300 363 362 0
300 301 364 363 0
301 302 365 364 0
302 303 366 365 0
303 304 367 366 0
304 305 368 367 0
305 306 369 368 0
306 307 370 369 0
307 308 371 370 0
308 309 372 371 0
309 310 373 372 0
310 311 374 373 0
311 312 375 374 0
312 313 376 375 0
313 314 377 376 0
314 315 378 377 0
315 316 379 378 0
316 317 380 379 0
317 318 381 380 0
318 319 382 381 0
319 320 383 382 0
320 321 384 383 0
321 322 385 384 0
322 323 386 385 0
323 6 5 386 0
8 449 512 7 1
449 448 511 512 1
448 447 510 511 1
447 446 509 510 1
446 445 508 509 1
445 444 507 508 1
444 443 506 507 1
443 442 505 506 1
442 441 504 505 1
441 440 503 504 1
440 439 502 503 1
439 438 501 502 1
438 437 500 501 1
437 436 499 500 1
436 435 498 499 1
435 434 497 498 1
434 433 496 497 1
433 432 495 496 1
432 431 494 495 1
431 430 493 494 1
430 429 492 493 1
429 428 491 492 1
428 427 490 491 1
427 426 489 490 1
426 425 488 489 1
425 424 487 488 1
424 423 486 487 1
423 422 485 486 1
422 421 484 485 1
421 420 483 484 1
420 419 482 483 1
419 418 481 482 1
418 417 480 481 1
417 416 479 480 1
416 415 478 479 1
415 414 477 478 1
414 413 476 477 1
413 412 475 476 1
412 411 474 475 1
411 410 473 474 1
410 409 472 473 1
409 408 471 472 1
408 407 470 471 1
407 406 469 470 1
406 405 468 469 1
405 404 467 468 1
404 403 466 467 1
403 402 465 466 1
402 401 464 465 1
401 400 463 464 1
400 399 462 463 1
399 398 461 462 1
398 397 460 461 1
397 396 459 460 1
396 395 458 459 1
395 394 457 458 1
394 393 456 457 1
393 392 455 456 1
392 391 454 455 1
391 390 453 454 1
390 389 452 453 1
389 388 451 452 1
388 387 450 451 1
387 4 3 450 1
2 72 513 261 2
261 513 514 262 2
262 514 515 263 2
263 515 516 264 2
264 516 517 265 2
265 517 518 266 2
266 518 519 267 2
267 519 520 268 2
268 520 521 269 2
269 521 522 270 2
270 522 523 271 2
271 523 524 272 2
272 524 525 273 2
273 525 526 274 2
274 526 527 275 2
275 527 528 276 2
276 528 529 277 2
277 529 530 278 2
278 530 531 279 2
279 531 532 280 2
280 532 533 281 2
281 533 534 282 2
282 534 535 283 2
283 535 536 284 2
284 536 537 285 2
285 537 538 286 2
286 538 539 287 2
287 539 540 288 2
288 540 541 289 2
289 541 542 290 2
290 542 543 291 2
291 543 544 292 2
292 544 545 293 2
293 545 546 294 2
294 546 547 295 2
295 547 548 296 2
296 548 549 297 2
297 549 550 298 2
298 550 551 299 2
299 551 552 300 2
300 552 553 301 2
301 553 554 302 2
302 554 555 303 2
303 555 556 304 2
304 556 557 305 2
305 557 558 306 2
306 558 559 307 2
307 559 560 308 2
308 560 561 309 2
309 561 562 310 2
310 562 563 311 2
311 563 564 312 2
312 564 565 313 2
313 565 566 314 2
314 566 567 315 2
315 567 568 316 2
316 568 569 317 2
317 569 570 318 2
318 570 571 319 2
319 571 572 320 2
320 572 573 321 2
321 573 574 322 2
322 574 575 323 2
323 575 198 6 2
72 73 576 513 2
513 576 577 514 2
514 577 578 515 2
515 578 579 516 2
516 579 580 517 2
517 580 581 518 2
518 581 582 519 2
519 582 583 520 2
520 583 584 521 2
521 584 585 522 2
522 585 586 523 2
523 586 587 524 2
524 587 588 525 2
525 588 589 526 2
526 589 590 527 2
527 590 591 528 2
528 591 592 529 2
529 592 593 530 2
530 593 594 531 2
531 594 595 532 2
532 595 596 533 2
533 596 597 534 2
534 597 598 535 2
535 598 599 536 2
536 599 600 537 2
537 600 601 538 2
538 601 602 539 2
539 602 603 540 2
540 603 604 541 2
541 604 605 542 2
542 605 606 543 2
543 606 607 544 2
544 607 608 545 2
545 608 609 546 2
546 609 610 547 2
547 610 611 548 2
548 611 612 549 2
549 612 613 550 2
550 613 614 551 2
551 614 615 552 2
552 615 616 553 2
553 616 617 554 2
554 617 618 555 2
555 618 619 556 2
556 619 620 557 2
557 620 621 558 2
558 621 622 559 2
559 622 623 560 2
560 623 624 561 2
561 624 625 562 2
562 625 626 563 2
563 626 627 564 2
564 627 628 565 2
565 628 629 566 2
566 629 630 567 2
567 630 631 568 2
568 631 632 569 2
569 632 633 570 2
570 633 634 571 2
571 634 635 572 2
572 635 636 573 2
573 636 637 574 2
574 637 638 575 2
575 638 199 198 2
73 74 639 576 2
576 639 640 577 2
577 640 641 578 2
578 641 642 579 2
579 642 643 580 2
580 643 644 581 2
581 644 645 582 2
582 645 646 583 2
583 646 647 584 2
584 647 648 585 2
585 648 649 586 2
586 649 650 587 2
587 650 651 588 2
588 651 652 589 2
589 652 653 590 2
590 653 654 591 2
591 654 655 592 2
592 655 656 593 2
593 656 657 594 2
594 657 658 595 2
595 658 659 596 2
596 659 660 597 2
597 660 661 598 2
598 661 662 599 2
599 662 663 600 2
600 663 664 601 2
601 664 665 602 2
602 665 666 603 2
603 666 667 604 2
604 667 668 605 2
605 668 669 606 2
606 669 670 607 2
607 670 671 608 2
608 671 672 609 2
609 672 673 610 2
610 673 674 611 2
611 674 675 612 2
612 675 676 613 2
613 676 677 614 2
614 677 678 615 2
615 678 679 616 2
616 679 680 617 2
617 680 681 618 2
618 681 682 619 2
619 682 683 620 2
620 683 684 621 2
621 684 685 622 2
622 685 686 623 2
623 686 687 624 2
624 687 688 625 2
625 688 689 626 2
626 689 690 627 2
627 690 691 628 2
628 691 692 629 2
629 692 693 630 2
630 693 694 631 2
631 694 695 632 2
632 695 696 633 2
633 696 697 634 2
634 697 698 635 2
635 698 699 636 2
636 699 700 637 2
637 700 701 638 2
638 701 200 199 2
74 75 702 639 2
639 702 703 640 2
640 703 704 641 2
641 704 705 642 2
642 705 706 643 2
643 706 707 644 2
644 707 708 645 2
645 708 709 646 2
646 709 710 647 2
647 710 711 648 2
648 711 712 649 2
649 712 713 650 2
650 713 714 651 2
651 714 715 652 2
652 715 716 653 2
653 716 717 654 2
654 717 718 655 2
655 718 719 656 2
656 719 720 657 2
657 720 721 658 2
658 721 722 659 2
659 722 723 660 2
660 723 724 661 2
661 724 725 662 2
662 725 726 663 2
663 726 727 664 2
664 727 728 665 2
665 728 729 666 2
666 729 730 667 2
667 730 731 668 2
668 731 732 669 2
669 732 733 670 2
670 733 734 671 2
671 734 735 672 2
672 735 736 673 2
673 736 737 674 2
674 737 738 675 2
675 738 739 676 2
676 739 740 677 2
677 740 741 678 2
678 741 742 679 2
679 742 743 680 2
680 743 744 681 2
681 744 745 682 2
682 745 746 683 2
683 746 747 684 2
684 747 748 685 2
685 748 749 686 2
686 749 750 687 2
687 750 751 688 2
688 751 752 689 2
689 752 753 690 2
690 753 754 691 2
691 754 755 692 2
692 755 756 693 2
693 756 757 694 2
694 757 758 695 2
695 758 759 696 2
696 759 760 697 2
697 760 761 698 2
698 761 762 699 2
699 762 763 700 2
700 763 764 701 2
701 764 201 200 2
75 76 765 702 2
702 765 766 703 2
703 766 767 704 2
704 767 768 705 2
705 768 769 706 2
706 769 770 707 2
707 770 771 708 2
708 771 772 709 2
709 772 773 710 2
710 773 774 711 2
711 774 775 712 2
712 775 776 713 2
713 776 777 714 2
714 777 778 715 2
715 778 779 716 2
716 779 780 717 2
717 780 781 718 2
718 781 782 719 2
719 782 783 720 2
720 783 784 721 2
721 784 785 722 2
722 785 786 723 2
723 786 787 724 2
724 787 788 725 2
725 788 789 726 2
726 789 790 727 2
727 790 791 728 2
728 791 792 729 2
729 792 793 730 2
730 793 794 731 2
731 794 795 732 2
732 795 796 733 2
733 796 797 734 2
734 797 798 735 2
735 798 799 736 2
736 799 800 737 2
737 800 801 738 2
738 801 802 739 2
739 802 803 740 2
740 803 804 741 2
741 804 805 742 2
742 805 806 743 2
743 806 807 744 2
744 807 808 745 2
745 808 809 746 2
746 809 810 747 2
747 810 811 748 2
748 811 812 749 2
749 812 813 750 2
750 813 814 751 2
751 814 815 752 2
752 815 816 753 2
753 816 817 754 2
754 817 818 755 2
755 818 819 756 2
756 819 820 757 2
757 820 821 758 2
758 821 822 759 2
759 822 823 760 2
760 823 824 761 2
761 824 825 762 2
762 825 826 763 2
763 826 827 764 2
764 827 202 201 2
76 77 828 765 2
765 828 829 766 2
766 829 830 767 2
767 830 831 768 2
768 831 832 769 2
769 832 833 770 2
770 833 834 771 2
771 834 835 772 2
772 835 836 773 2
773 836 837 774 2
774 837 838 775 2
775 838 839 776 2
776 839 840 777 2
777 840 841 778 2
778 841 842 779 2
779 842 843 780 2
780 843 844 781 2
781 844 845 782 2
782 845 846 783 2
783 846 847 784 2
784 847 848 785 2
785 848 849 786 2
786 849 850 787 2
787 850 851 788 2
788 851 852 789 2
789 852 853 790 2
790 853 854 791 2
791 854 855 792 2
792 855 856 793 2
793 856 857 794 2
794 857 858 795 2
795 858 859 796 2
796 859 860 797 2
797 860 861 798 2
798 861 862 799 2
799 862 863 800 2
800 863 864 801 2
801 864 865 802 2
802 865 866 803 2
803 866 867 804 2
804 867 868 805 2
805 868 869 806 2
806 869 870 807 2
807 870 871 808 2
808 871 872 809 2
809 872 873 810 2
810 873 874 811 2
811 874 875 812 2
812 875 876 813 2
813 876 877 814 2
814 877 878 815 2
815 878 879 816 2
816 879 880 817 2
817 880 881 818 2
818 881 882 819 2
819 882 883 820 2
820 883 884 821 2
821 884 885 822 2
822 885 886 823 2
823 886 887 824 2
824 887 888 825 2
825 888 889 826 2
826 889 890 827 2
827 890 203 202 2
77 78 891 828 2
828 891 892 829 2
829 892 893 830 2
830 893 894 831 2
831 894 895 832 2
832 895 896 833 2
833 896 897 834 2
834 897 898 835 2
835 898 899 836 2
836 899 900 837 2
837 900 901 838 2
838 901 902 839 2
839 902 903 840 2
840 903 904 841 2
841 904 905 842 2
842 905 906 843 2
843 906 907 844 2
844 907 908 845 2
845 908 909 846 2
846 909 910 847 2
847 910 911 848 2
848 911 912 849 2
849 912 913 850 2
850 913 914 851 2
851 914 915 852 2
852 915 916 853 2
853 916 917 854 2
854 917 918 855 2
855 918 919 856 2
856 919 920 857 2
857 920 921 858 2
858 921 922 859 2
859 922 923 860 2
860 923 924 861 2
861 924 925 862 2
862 925 926 863 2
863 926 927 864 2
864 927 928 865 2
865 928 929 866 2
866 929 930 867 2
867 930 931 868 2
868 931 932 869 2
869 932 933 870 2
870 933 934 871 2
871 934 935 872 2
872 935 936 873 2
873 936 937 874 2
874 937 938 875 2
875 938 939 876 2
876 939 940 877 2
877 940 941 878 2
878 941 942 879 2
879 942 943 880 2
880 943 944 881 2
881 944 945 882 2
882 945 946 883 2
883 946 947 884 2
884 947 948 885 2
885 948 949 886 2
886 949 950 887 2
887 950 951 888 2
888 951 952 889 2
889 952 953 890 2
890 953 204 203 2
78 79 954 891 2
891 954 955 892 2
892 955 956 893 2
893 956 957 894 2
894 957 958 895 2
895 958 959 896 2
896 959 960 897 2
897 960 961 898 2
898 961 962 899 2
899 962 963 900 2
900 963 964 901 2
901 964 965 902 2
902 965 966 903 2
903 966 967 904 2
904 967 968 905 2
905 968 969 906 2
906 969 970 907 2
907 970 971 908 2
908 971 972 909 2
909 972 973 910 2
910 973 974 911 2
911 974 975 912 2
912 975 976 913 2
913 976 977 914 2
914 977 978 915 2
915 978 979 916 2
916 979 980 917 2
917 980 981 918 2
918 981 982 919 2
919 982 983 920 2
920 983 984 921 2
921 984 985 922 2
922 985 986 923 2
923 986 987 924 2
924 987 988 925 2
925 988 989 926 2
926 989 990 927 2
927 990 991 928 2
928 991 992 929 2
929 992 993 930 2
930 993 994 931 2
931 994 995 932 2
932 995 996 933 2
933 996 997 934 2
934 997 998 935 2
935 998 999 936 2
936 999 1000 937 2
937 1000 1001 938 2
938 1001 1002 939 2
939 1002 1003 940 2
940 1003 1004 941 2
941 1004 1005 942 2
942 1005 1006 943 2
943 1006 1007 944 2
944 1007 1008 945 2
945 1008 1009 946 2
946 1009 1010 947 2
947 1010 1011 948 2
948 1011 1012 949 2
949 1012 1013 950 2
950 1013 1014 951 2
951 1014 1015 952 2
952 1015 1016 953 2
953 1016 205 204 2
79 80 1017 954 2
954 1017 1018 955 2
955 1018 1019 956 2
956 1019 1020 957 2
957 1020 1021 958 2
958 1021 1022 959 2
959 1022 1023 960 2
960 1023 1024 961 2
961 1024 1025 962 2
962 1025 1026 963 2
963 1026 1027 964 2
964 1027 1028 965 2
965 1028 1029 966 2
966 1029 1030 967 2
967 1030 1031 968 2
968 1031 1032 969 2
969 1032 1033 970 2
970 1033 1034 971 2
971 1034 1035 972 2
972 1035 1036 973 2
973 1036 1037 974 2
974 1037 1038 975 2
975 1038 1039 976 2
976 1039 1040 977 2
977 1040 1041 978 2
978 1041 1042 979 2
979 1042 1043 980 2
980 1043 1044 981 2
981 1044 1045 982 2
982 1045 1046 983 2
983 1046 1047 984 2
984 1047 1048 985 2
985 1048 1049 986 2
986 1049 1050 987 2
987 1050 1051 988 2
988 1051 1052 989 2
989 1052 1053 990 2
990 1053 1054 991 2
991 1054 1055 992 2
992 1055 1056 993 2
993 1056 1057 994 2
994 1057 1058 995 2
995 1058 1059 996 2
996 1059 1060 997 2
997 1060 1061 998 2
998 1061 1062 999 2
999 1062 1063 1000 2
1000 1063 1064 1001 2
1001 1064 1065 1002 2
1002 1065 1066 1003 2
1003 1066 1067 1004 2
1004 1067 1068 1005 2
1005 1068 1069 1006 2
1006 1069 1070 1007 2
1007 1070 1071 1008 2
1008 1071 1072 1009 2
1009 1072 1073 1010 2
1010 1073 1074 1011 2
1011 1074 1075 1012 2
1012 1075 1076 1013 2
1013 1076 1077 1014 2
1014 1077 1078 1015 2
1015 1078 1079 1016 2
1016 1079 206 205 2
80 81 1080 1017 2
1017 1080 1081 1018 2
1018 1081 1082 1019 2
1019 1082 1083 1020 2
1020 1083 1084 1021 2
1021 1084 1085 1022 2
1022 1085 1086 1023 2
1023 1086 1087 1024 2
1024 1087 1088 1025 2
1025 1088 1089 1026 2
1026 1089 1090 1027 2
1027 1090 1091 1028 2
1028 1091 1092 1029 2
1029 1092 1093 1030 2
1030 1093 1094 1031 2
1031 1094 1095 1032 2
1032 1095 1096 1033 2
1033 1096 1097 1034 2
1034 1097 1098 1035 2
1035 1098 1099 1036 2
1036 1099 1100 1037 2
1037 1100 1101 1038 2
1038 1101 1102 1039 2
1039 1102 1103 1040 2
1040 1103 1104 1041 2
1041 1104 1105 1042 2
1042 1105 1106 1043 2
1043 1106 1107 1044 2
1044 1107 1108 1045 2
1045 1108 1109 1046 2
1046 1109 1110 1047 2
1047 1110 1111 1048 2
1048 1111 1112 1049 2
1049 1112 1113 1050 2
1050 1113 1114 1051 2
1051 1114 1115 1052 2
1052 1115 1116 1053 2
1053 1116 1117 1054 2
1054 1117 1118 1055 2
1055 1118 1119 1056 2
1056 1119 1120 1057 2
1057 1120 1121 1058 2
1058 1121 1122 1059 2
1059 1122 1123 1060 2
1060 1123 1124 1061 2
1061 1124 1125 1062 2
1062 1125 1126 1063 2
1063 1126 1127 1064 2
1064 1127 1128 1065 2
1065 1128 1129 1066 2
1066 1129 1130 1067 2
1067 1130 1131 1068 2
1068 1131 1132 1069 2
1069 1132 1133 1070 2
1070 1133 1134 1071 2
1071 1134 1135 1072 2
1072 1135 1136 1073 2
1073 1136 1137 1074 2
1074 1137 1138 1075 2
1075 1138 1139 1076 2
1076 1139 1140 1077 2
1077 1140 1141 1078 2
1078 1141 1142 1079 2
1079 1142 207 206 2
81 82 1143 1080 2
1080 1143 1144 1081 2
1081 1144 1145 1082 2
1082 1145 1146 1083 2
1083 1146 1147 1084 2
1084 1147 1148 1085 2
1085 1148 1149 1086 2
1086 1149 1150 1087 2
1087 1150 1151 1088 2
1088 1151 1152 1089 2
1089 1152 1153 1090 2
1090 1153 1154 1091 2
1091 1154 1155 1092 2
1092 1155 1156 1093 2
1093 1156 1157 1094 2
1094 1157 1158 1095 2
1095 1158 1159 1096 2
1096 1159 1160 1097 2
1097 1160 1161 1098 2
1098 1161 1162 1099 2
1099 1162 1163 1100 2
1100 1163 1164 1101 2
1101 1164 1165 1102 2
1102 1165 1166 1103 2
1103 1166 1167 1104 2
1104 1167 1168 1105 2
1105 1168 1169 1106 2
1106 1169 1170 1107 2
1107 1170 1171 1108 2
1108 1171 1172 1109 2
1109 1172 1173 1110 2
1110 1173 1174 1111 2
1111 1174 1175 1112 2
1112 1175 1176 1113 2
1113 1176 1177 1114 2
1114 1177 1178 1115 2
1115 1178 1179 1116 2
1116 1179 1180 1117 2
1117 1180 1181 1118 2
1118 1181 1182 1119 2
1119 1182 1183 1120 2
1120 1183 1184 1121 2
1121 1184 1185 1122 2
1122 1185 1186 1123 2
1123 1186 1187 1124 2
1124 1187 1188 1125 2
1125 1188 1189 1126 2
1126 1189 1190 1127 2
1127 1190 1191 1128 2
1128 1191 1192 1129 2
1129 1192 1193 1130 2
1130 1193 1194 1131 2
1131 1194 1195 1132 2
1132 1195 1196 1133 2
1133 1196 1197 1134 2
1134 1197 1198 1135 2
1135 1198 1199 1136 2
1136 1199 1200 1137 2
1137 1200 1201 1138 2
1138 1201 1202 1139 2
1139 1202 1203 1140 2
1140 1203 1204 1141 2
1141 1204 1205 1142 2
1142 1205 208 207 2
82 83 1206 1143 2
1143 1206 1207 1144 2
1144 1207 1208 1145 2
1145 1208 1209 1146 2
1146 1209 1210 1147 2
1147 1210 1211 1148 2
1148 1211 1212 1149 2
1149 1212 1213 1150 2
1150 1213 1214 1151 2
1151 1214 1215 1152 2
1152 1215 1216 1153 2
1153 1216 1217 1154 2
1154 1217 1218 1155 2
1155 1218 1219 1156 2
1156 1219 1220 1157 2
1157 1220 1221 1158 2
1158 1221 1222 1159 2
1159 1222 1223 1160 2
1160 1223 1224 1161 2
1161 1224 1225 1162 2
1162 1225 1226 1163 2
1163 1226 1227 1164 2
1164 1227 1228 1165 2
1165 1228 1229 1166 2
1166 1229 1230 1167 2
1167 1230 1231 1168 2
1168 1231 1232 1169 2
1169 1232 1233 1170 2
1170 1233 1234 1171 2
1171 1234 1235 1172 2
1172 1235 1236 1173 2
1173 1236 1237 1174 2
1174 1237 1238 1175 2
1175 1238 1239 1176 2
1176 1239 1240 1177 2
1177 1240 1241 1178 2
1178 1241 1242 1179 2
1179 1242 1243 1180 2
1180 1243 1244 1181 2
1181 1244 1245 1182 2
1182 1245 1246 1183 2
1183 1246 1247 1184 2
1184 1247 1248 1185 2
1185 1248 1249 1186 2
1186 1249 1250 1187 2
1187 1250 1251 1188 2
1188 1251 1252 1189 2
1189 1252 1253 1190 2
1190 1253 1254 1191 2
1191 1254 1255 1192 2
1192 1255 1256 1193 2
1193 1256 1257 1194 2
1194 1257 1258 1195 2
1195 1258 1259 1196 2
1196 1259 1260 1197 2
1197 1260 1261 1198 2
1198 1261 1262 1199 2
1199 1262 1263 1200 2
1200 1263 1264 1201 2
1201 1264 1265 1202 2
1202 1265 1266 1203 2
1203 1266 1267 1204 2
1204 1267 1268 1205 2
1205 1268 209 208 2
83 84 1269 1206 2
1206 1269 1270 1207 2
1207 1270 1271 1208 2
1208 1271 1272 1209 2
1209 1272 1273 1210 2
1210 1273 1274 1211 2
1211 1274 1275 1212 2
1212 1275 1276 1213 2
1213 1276 1277 1214 2
1214 1277 1278 1215 2
1215 1278 1279 1216 2
1216 1279 1280 1217 2
1217 1280 1281 1218 2
1218 1281 1282 1219 2
1219 1282 1283 1220 2
1220 1283 1284 1221 2
1221 1284 1285 1222 2
1222 1285 1286 1223 2
1223 1286 1287 1224 2
1224 1287 1288 1225 2
1225 1288 1289 1226 2
1226 1289 1290 1227 2
1227 1290 1291 1228 2
1228 1291 1292 1229 2
1229 1292 1293 1230 2
1230 1293 1294 1231 2
1231 1294 1295 1232 2
1232 1295 1296 1233 2
1233 1296 1297 1234 2
1234 1297 1298 1235 2
1235 1298 1299 1236 2
1236 1299 1300 1237 2
1237 1300 1301 1238 2
1238 1301 1302 1239 2
1239 1302 1303 1240 2
1240 1303 1304 1241 2
1241 1304 1305 1242 2
1242 1305 1306 1243 2
1243 1306 1307 1244 2
1244 1307 1308 1245 2
1245 1308 1309 1246 2
1246 1309 1310 1247 2
1247 1310 1311 1248 2
1248 1311 1312 1249 2
1249 1312 1313 1250 2
1250 1313 1314 1251 2
1251 1314 1315 1252 2
1252 1315 1316 1253 2
1253 1316 1317 1254 2
1254 1317 1318 1255 2
1255 1318 1319 1256 2
1256 1319 1320 1257 2
1257 1320 1321 1258 2
1258 1321 1322 1259 2
1259 1322 1323 1260 2
1260 1323 1324 1261 2
1261 1324 1325 1262 2
1262 1325 1326 1263 2
1263 1326 1327 1264 2
1264 1327 1328 1265 2
1265 1328 1329 1266 2
1266 1329 1330 1267 2
1267 1330 1331 1268 2
1268 1331 210 209 2
84 85 1332 1269 2
1269 1332 1333 1270 2
1270 1333 1334 1271 2
1271 1334 1335 1272 2
1272 1335 1336 1273 2
1273 1336 1337 1274 2
1274 1337 1338 1275 2
1275 1338 1339 1276 2
1276 1339 1340 1277 2
1277 1340 1341 1278 2
1278 1341 1342 1279 2
1279 1342 1343 1280 2
1280 1343 1344 1281 2
1281 1344 1345 1282 2
1282 1345 1346 1283 2
1283 1346 1347 1284 2
1284 1347 1348 1285 2
1285 1348 1349 1286 2
1286 1349 1350 1287 2
1287 1350 1351 1288 2
1288 1351 1352 1289 2
1289 1352 1353 1290 2
1290 1353 1354 1291 2
1291 1354 1355 1292 2
1292 1355 1356 1293 2
1293 1356 1357 1294 2
1294 1357 1358 1295 2
1295 1358 1359 1296 2
1296 1359 1360 1297 2
1297 1360 1361 1298 2
1298 1361 1362 1299 2
1299 1362 1363 1300 2
1300 1363 1364 1301 2
1301 1364 1365 1302 2
1302 1365 1366 1303 2
1303 1366 1367 1304 2
1304 1367 1368 1305 2
1305 1368 1369 1306 2
1306 1369 1370 1307 2
1307 1370 1371 1308 2
1308 1371 1372 1309 2
1309 1372 1373 1310 2
1310 1373 1374 1311 2
1311 1374 1375 1312 2
1312 1375 1376 1313 2
1313 1376 1377 1314 2
1314 1377 1378 1315 2
1315 1378 1379 1316 2
1316 1379 1380 1317 2
1317 1380 1381 1318 2
1318 1381 1382 1319 2
1319 1382 1383 1320 2
1320 1383 1384 1321 2
1321 1384 1385 1322 2
1322 1385 1386 1323 2
1323 1386 1387 1324 2
1324 1387 1388 1325 2
1325 1388 1389 1326 2
1326 1389 1390 1327 2
1327 1390 1391 1328 2
1328 1391 1392 1329 2
1329 1392 1393 1330 2
1330 1393 1394 1331 2
1331 1394 211 210 2
85 86 1395 1332 2
1332 1395 1396 1333 2
1333 1396 1397 1334 2
1334 1397 1398 1335 2
1335 1398 1399 1336 2
1336 1399 1400 1337 2
1337 1400 1401 1338 2
1338 1401 1402 1339 2
1339 1402 1403 1340 2
1340 1403 1404 1341 2
1341 1404 1405 1342 2
1342 1405 1406 1343 2
1343 1406 1407 1344 2
1344 1407 1408 1345 2
1345 1408 1409 1346 2
1346 1409 1410 1347 2
1347 1410 1411 1348 2
1348 1411 1412 1349 2
1349 1412 1413 1350 2
1350 1413 1414 1351 2
1351 1414 1415 1352 2
1352 1415 1416 1353 2
1353 1416 1417 1354 2
1354 1417 1418 1355 2
1355 1418 1419 1356 2
1356 1419 1420 1357 2
1357 1420 1421 1358 2
1358 1421 1422 1359 2
1359 1422 1423 1360 2
1360 1423 1424 1361 2
1361 1424 1425 1362 2
1362 1425 1426 1363 2
1363 1426 1427 1364 2
1364 1427 1428 1365 2
1365 1428 1429 1366 2
1366 1429 1430 1367 2
1367 1430 1431 1368 2
1368 1431 1432 1369 2
1369 1432 1433 1370 2
1370 1433 1434 1371 2
1371 1434 1435 1372 2
1372 1435 1436 1373 2
1373 1436 1437 1374 2
1374 1437 1438 1375 2
1375 1438 1439 1376 2
1376 1439 1440 1377 2
1377 1440 1441 1378 2
1378 1441 1442 1379 2
1379 1442 1443 1380 2
1380 1443 1444 1381 2
1381 1444 1445 1382 2
1382 1445 1446 1383 2
1383 1446 1447 1384 2
1384 1447 1448 1385 2
1385 1448 1449 1386 2
1386 1449 1450 1387 2
1387 1450 1451 1388 2
1388 1451 1452 1389 2
1389 1452 1453 1390 2
1390 1453 1454 1391 2
1391 1454 1455 1392 2
1392 1455 1456 1393 2
1393 1456 1457 1394 2
1394 1457 212 211 2
86 87 1458 1395 2
1395 1458 1459 1396 2
1396 1459 1460 1397 2
1397 1460 1461 1398 2
1398 1461 1462 1399 2
1399 1462 1463 1400 2
1400 1463 1464 1401 2
1401 1464 1465 1402 2
1402 1465 1466 1403 2
1403 1466 1467 1404 2
1404 1467 1468 1405 2
1405 1468 1469 1406 2
1406 1469 1470 1407 2
1407 1470 1471 1408 2
1408 1471 1472 1409 2
1409 1472 1473 1410 2
1410 1473 1474 1411 2
1411 1474 1475 1412 2
1412 1475 1476 1413 2
1413 1476 1477 1414 2
1414 1477 1478 1415 2
1415 1478 1479 1416 2
1416 1479 1480 1417 2
1417 1480 1481 1418 2
1418 1481 1482 1419 2
1419 1482 1483 1420 2
1420 1483 1484 1421 2
1421 1484 1485 1422 2
1422 1485 1486 1423 2
1423 1486 1487 1424 2
1424 1487 1488 1425 2
1425 1488 1489 1426 2
1426 1489 1490 1427 2
1427 1490 1491 1428 2
1428 1491 1492 1429 2
1429 1492 1493 1430 2
1430 1493 1494 1431 2
1431 1494 1495 1432 2
1432 1495 1496 1433 2
1433 1496 1497 1434 2
1434 1497 1498 1435 2
1435 1498 1499 1436 2
1436 1499 1500 1437 2
1437 1500 1501 1438 2
1438 1501 1502 1439 2
1439 1502 1503 1440 2
1440 1503 1504 1441 2
1441 1504 1505 1442 2
1442 1505 1506 1443 2
1443 1506 1507 1444 2
1444 1507 1508 1445 2
1445 1508 1509 1446 2
1446 1509 1510 1447 2
1447 1510 1511 1448 2
1448 1511 1512 1449 2
1449 1512 1513 1450 2
1450 1513 1514 1451 2
1451 1514 1515 1452 2
1452 1515 1516 1453 2
1453 1516 1517 1454 2
1454 1517 1518 1455 2
1455 1518 1519 1456 2
1456 1519 1520 1457 2
1457 1520 213 212 2
87 88 1521 1458 2
1458 1521 1522 1459 2
1459 1522 1523 1460 2
1460 1523 1524 1461 2
1461 1524 1525 1462 2
1462 1525 1526 1463 2
1463 1526 1527 1464 2
1464 1527 1528 1465 2
1465 1528 1529 1466 2
1466 1529 1530 1467 2
1467 1530 1531 1468 2
1468 1531 1532 1469 2
1469 1532 1533 1470 2
1470 1533 1534 1471 2
1471 1534 1535 1472 2
1472 1535 1536 1473 2
1473 1536 1537 1474 2
1474 1537 1538 1475 2
1475 1538 1539 1476 2
1476 1539 1540 1477 2
1477 1540 1541 1478 2
1478 1541 1542 1479 2
1479 1542 1543 1480 2
1480 1543 1544 1481 2
1481 1544 1545 1482 2
1482 1545 1546 1483 2
1483 1546 1547 1484 2
1484 1547 1548 1485 2
1485 1548 1549 1486 2
1486 1549 1550 1487 2
1487 1550 1551 1488 2
1488 1551 1552 1489 2
1489 1552 1553 1490 2
1490 1553 1554 1491 2
1491 1554 1555 1492 2
1492 1555 1556 1493 2
1493 1556 1557 1494 2
1494 1557 1558 1495 2
1495 1558 1559 1496 2
1496 1559 1560 1497 2
1497 1560 1561 1498 2
1498 1561 1562 1499 2
1499 1562 1563 1500 2
1500 1563 1564 1501 2
1501 1564 1565 1502 2
1502 1565 1566 1503 2
1503 1566 1567 1504 2
1504 1567 1568 1505 2
1505 1568 1569 1506 2
1506 1569 1570 1507 2
1507 1570 1571 1508 2
1508 1571 1572 1509 2
1509 1572 1573 1510 2
1510 1573 1574 1511 2
1511 1574 1575 1512 2
1512 1575 1576 1513 2
1513 1576 1577 1514 2
1514 1577 1578 1515 2
1515 1578 1579 1516 2
1516 1579 1580 1517 2
1517 1580 1581 1518 2
1518 1581 1582 1519 2
1519 1582 1583 1520 2
1520 1583 214 213 2
88 89 1584 1521 2
1521 1584 1585 1522 2
1522 1585 1586 1523 2
1523 1586 1587 1524 2
1524 1587 1588 1525 2
1525 1588 1589 1526 2
1526 1589 1590 1527 2
1527 1590 1591 1528 2
1528 1591 1592 1529 2
1529 1592 1593 1530 2
1530 1593 1594 1531 2
1531 1594 1595 1532 2
1532 1595 1596 1533 2
1533 1596 1597 1534 2
1534 1597 1598 1535 2
1535 1598 1599 1536 2
1536 1599 1600 1537 2
1537 1600 1601 1538 2
1538 1601 1602 1539 2
1539 1602 1603 1540 2
1540 1603 1604 1541 2
1541 1604 1605 1542 2
1542 1605 1606 1543 2
1543 1606 1607 1544 2
1544 1607 1608 1545 2
1545 1608 1609 1546 2
1546 1609 1610 1547 2
1547 1610 1611 1548 2
1548 1611 1612 1549 2
1549 1612 1613 1550 2
1550 1613 1614 1551 2
1551 1614 1615 1552 2
1552 1615 1616 1553 2
1553 1616 1617 1554 2
1554 1617 1618 1555 2
1555 1618 1619 1556 2
1556 1619 1620 1557 2
1557 1620 1621 1558 2
1558 1621 1622 1559 2
1559 1622 1623 1560 2
1560 1623 1624 1561 2
1561 1624 1625 1562 2
1562 1625 1626 1563 2
1563 1626 1627 1564 2
1564 1627 1628 1565 2
1565 1628 1629 1566 2
1566 1629 1630 1567 2
1567 1630 1631 1568 2
1568 1631 1632 1569 2
1569 1632 1633 1570 2
1570 1633 1634 1571 2
1571 1634 1635 1572 2
1572 1635 1636 1573 2
1573 1636 1637 1574 2
1574 1637 1638 1575 2
1575 1638 1639 1576 2
1576 1639 1640 1577 2
1577 1640 1641 1578 2
1578 1641 1642 1579 2
1579 1642 1643 1580 2
1580 1643 1644 1581 2
1581 1644 1645 1582 2
1582 1645 1646 1583 2
1583 1646 215 214 2
89 90 1647 1584 2
1584 1647 1648 1585 2
1585 1648 1649 1586 2
1586 1649 1650 1587 2
1587 1650 1651 1588 2
1588 1651 1652 1589 2
1589 1652 1653 1590 2
1590 1653 1654 1591 2
1591 1654 1655 1592 2
1592 1655 1656 1593 2
1593 1656 1657 1594 2
1594 1657 1658 1595 2
1595 1658 1659 1596 2
1596 1659 1660 1597 2
1597 1660 1661 1598 2
1598 1661 1662 1599 2
1599 1662 1663 1600 2
1600 1663 1664 1601 2
1601 1664 1665 1602 2
1602 1665 1666 1603 2
1603 1666 1667 1604 2
1604 1667 1668 1605 2
1605 1668 1669 1606 2
1606 1669 1670 1607 2
1607 1670 1671 1608 2
1608 1671 1672 1609 2
1609 1672 1673 1610 2
1610 1673 1674 1611 2
1611 1674 1675 1612 2
1612 1675 1676 1613 2
1613 1676 1677 1614 2
1614 1677 1678 1615 2
1615 1678 1679 1616 2
1616 1679 1680 1617 2
1617 1680 1681 1618 2
1618 1681 1682 1619 2
1619 1682 1683 1620 2
1620 1683 1684 1621 2
1621 1684 1685 1622 2
1622 1685 1686 1623 2
1623 1686 1687 1624 2
1624 1687 1688 1625 2
1625 1688 1689 1626 2
1626 1689 1690 1627 2
1627 1690 1691 1628 2
1628 1691 1692 1629 2
1629 1692 1693 1630 2
1630 1693 1694 1631 2
1631 1694 1695 1632 2
1632 1695 1696 1633 2
1633 1696 1697 1634 2
1634 1697 1698 1635 2
1635 1698 1699 1636 2
1636 1699 1700 1637 2
1637 1700 1701 1638 2
1638 1701 1702 1639 2
1639 1702 1703 1640 2
1640 1703 1704 1641 2
1641 1704 1705 1642 2
1642 1705 1706 1643 2
1643 1706 1707 1644 2
1644 1707 1708 1645 2
1645 1708 1709 1646 2
1646 1709 216 215 2
90 91 1710 1647 2
1647 1710 1711 1648 2
1648 1711 1712 1649 2
1649 1712 1713 1650 2
1650 1713 1714 1651 2
1651 1714 1715 1652 2
1652 1715 1716 1653 2
1653 1716 1717 1654 2
1654 1717 1718 1655 2
1655 1718 1719 1656 2
1656 1719 1720 1657 2
1657 1720 1721 1658 2
1658 1721 1722 1659 2
1659 1722 1723 1660 2
1660 1723 1724 1661 2
1661 1724 1725 1662 2
1662 1725 1726 1663 2
1663 1726 1727 1664 2
1664 1727 1728 1665 2
1665 1728 1729 1666 2
1666 1729 1730 1667 2
1667 1730 1731 1668 2
1668 1731 1732 1669 2
1669 1732 1733 1670 2
1670 1733 1734 1671 2
1671 1734 1735 1672 2
1672 1735 1736 1673 2
1673 1736 1737 1674 2
1674 1737 1738 1675 2
1675 1738 1739 1676 2
1676 1739 1740 1677 2
1677 1740 1741 1678 2
1678 1741 1742 1679 2
1679 1742 1743 1680 2
1680 1743 1744 1681 2
1681 1744 1745 1682 2
1682 1745 1746 1683 2
1683 1746 1747 1684 2
1684 1747 1748 1685 2
1685 1748 1749 1686 2
1686 1749 1750 1687 2
1687 1750 1751 1688 2
1688 1751 1752 1689 2
1689 1752 1753 1690 2
1690 1753 1754 1691 2
1691 1754 1755 1692 2
1692 1755 1756 1693 2
1693 1756 1757 1694 2
1694 1757 1758 1695 2
1695 1758 1759 1696 2
1696 1759 1760 1697 2
1697 1760 1761 1698 2
1698 1761 1762 1699 2
1699 1762 1763 1700 2
1700 1763 1764 1701 2
1701 1764 1765 1702 2
1702 1765 1766 1703 2
1703 1766 1767 1704 2
1704 1767 1768 1705 2
1705 1768 1769 1706 2
1706 1769 1770 1707 2
1707 1770 1771 1708 2
1708 1771 1772 1709 2
1709 1772 217 216 2
91 92 1773 1710 2
1710 1773 1774 1711 2
1711 1774 1775 1712 2
1712 1775 1776 1713 2
1713 1776 1777 1714 2
1714 1777 1778 1715 2
1715 1778 1779 1716 2
1716 1779 1780 1717 2
1717 1780 1781 1718 2
1718 1781 1782 1719 2
1719 1782 1783 1720 2
1720 1783 1784 1721 2
1721 1784 1785 1722 2
1722 1785 1786 1723 2
1723 1786 1787 1724 2
1724 1787 1788 1725 2
1725 1788 1789 1726 2
1726 1789 1790 1727 2
1727 1790 1791 1728 2
1728 1791 1792 1729 2
1729 1792 1793 1730 2
1730 1793 1794 1731 2
1731 1794 1795 1732 2
1732 1795 1796 1733 2
1733 1796 1797 1734 2
1734 1797 1798 1735 2
1735 1798 1799 1736 2
1736 1799 1800 1737 2
1737 1800 1801 1738 2
1738 1801 1802 1739 2
1739 1802 1803 1740 2
1740 1803 1804 1741 2
1741 1804 1805 1742 2
1742 1805 1806 1743 2
1743 1806 1807 1744 2
1744 1807 1808 1745 2
1745 1808 1809 1746 2
1746 1809 1810 1747 2
1747 1810 1811 1748 2
1748 1811 1812 1749 2
1749 1812 1813 1750 2
1750 1813 1814 1751 2
1751 1814 1815 1752 2
1752 1815 1816 1753 2
1753 1816 1817 1754 2
1754 1817 1818 1755 2
1755 1818 1819 1756 2
1756 1819 1820 1757 2
1757 1820 1821 1758 2
1758 1821 1822 1759 2
1759 1822 1823 1760 2
1760 1823 1824 1761 2
1761 1824 1825 1762 2
1762 1825 1826 1763 2
1763 1826 1827 1764 2
1764 1827 1828 1765 2
1765 1828 1829 1766 2
1766 1829 1830 1767 2
1767 1830 1831 1768 2
1768 1831 1832 1769 2
1769 1832 1833 1770 2
1770 1833 1834 1771 2
1771 1834 1835 1772 2
1772 1835 218 217 2
92 93 1836 1773 2
1773 1836 1837 1774 2
1774 1837 1838 1775 2
1775 1838 1839 1776 2
1776 1839 1840 1777 2
1777 1840 1841 1778 2
1778 1841 1842 1779 2
1779 1842 1843 1780 2
1780 1843 1844 1781 2
1781 1844 1845 1782 2
1782 1845 1846 1783 2
1783 1846 1847 1784 2
1784 1847 1848 1785 2
1785 1848 1849 1786 2
1786 1849 1850 1787 2
1787 1850 1851 1788 2
1788 1851 1852 1789 2
1789 1852 1853 1790 2
1790 1853 1854 1791 2
1791 1854 1855 1792 2
1792 1855 1856 1793 2
1793 1856 1857 1794 2
1794 1857 1858 1795 2
1795 1858 1859 1796 2
1796 1859 1860 1797 2
1797 1860 1861 1798 2
1798 1861 1862 1799 2
1799 1862 1863 1800 2
1800 1863 1864 1801 2
1801 1864 1865 1802 2
1802 1865 1866 1803 2
1803 1866 1867 1804 2
1804 1867 1868 1805 2
1805 1868 1869 1806 2
1806 1869 1870 1807 2
1807 1870 1871 1808 2
1808 1871 1872 1809 2
1809 1872 1873 1810 2
1810 1873 1874 1811 2
1811 1874 1875 1812 2
1812 1875 1876 1813 2
1813 1876 1877 1814 2
1814 1877 1878 1815 2
1815 1878 1879 1816 2
1816 1879 1880 1817 2
1817 1880 1881 1818 2
1818 1881 1882 1819 2
1819 1882 1883 1820 2
1820 1883 1884 1821 2
1821 1884 1885 1822 2
1822 1885 1886 1823 2
1823 1886 1887 1824 2
1824 1887 1888 1825 2
1825 1888 1889 1826 2
1826 1889 1890 1827 2
1827 1890 1891 1828 2
1828 1891 1892 1829 2
1829 1892 1893 1830 2
1830 1893 1894 1831 2
1831 1894 1895 1832 2
1832 1895 1896 1833 2
1833 1896 1897 1834 2
1834 1897 1898 1835 2
1835 1898 219 218 2
93 94 1899 1836 2
1836 1899 1900 1837 2
1837 1900 1901 1838 2
1838 1901 1902 1839 2
1839 1902 1903 1840 2
1840 1903 1904 1841 2
1841 1904 1905 1842 2
1842 1905 1906 1843 2
1843 1906 1907 1844 2
1844 1907 1908 1845 2
1845 1908 1909 1846 2
1846 1909 1910 1847 2
1847 1910 1911 1848 2
1848 1911 1912 1849 2
1849 1912 1913 1850 2
1850 1913 1914 1851 2
1851 1914 1915 1852 2
1852 1915 1916 1853 2
1853 1916 1917 1854 2
1854 1917 1918 1855 2
1855 1918 1919 1856 2
1856 1919 1920 1857 2
1857 1920 1921 1858 2
1858 1921 1922 1859 2
1859 1922 1923 1860 2
1860 1923 1924 1861 2
1861 1924 1925 1862 2
1862 1925 1926 1863 2
1863 1926 1927 1864 2
1864 1927 1928 1865 2
1865 1928 1929 1866 2
1866 1929 1930 1867 2
1867 1930 1931 1868 2
1868 1931 1932 1869 2
1869 1932 1933 1870 2
1870 1933 1934 1871 2
1871 1934 1935 1872 2
1872 1935 1936 1873 2
1873 1936 1937 1874 2
1874 1937 1938 1875 2
1875 1938 1939 1876 2
1876 1939 1940 1877 2
1877 1940 1941 1878 2
1878 1941 1942 1879 2
1879 1942 1943 1880 2
1880 1943 1944 1881 2
1881 1944 1945 1882 2
1882 1945 1946 1883 2
1883 1946 1947 1884 2
1884 1947 1948 1885 2
1885 1948 1949 1886 2
1886 1949 1950 1887 2
1887 1950 1951 1888 2
1888 1951 1952 1889 2
1889 1952 1953 1890 2
1890 1953 1954 1891 2
1891 1954 1955 1892 2
1892 1955 1956 1893 2
1893 1956 1957 1894 2
1894 1957 1958 1895 2
1895 1958 1959 1896 2
1896 1959 1960 1897 2
1897 1960 1961 1898 2
1898 1961 220 219 2
94 95 1962 1899 2
1899 1962 1963 1900 2
1900 1963 1964 1901 2
1901 1964 1965 1902 2
1902 1965 1966 1903 2
1903 1966 1967 1904 2
1904 1967 1968 1905 2
1905 1968 1969 1906 2
1906 1969 1970 1907 2
1907 1970 1971 1908 2
1908 1971 1972 1909 2
1909 1972 1973 1910 2
1910 1973 1974 1911 2
1911 1974 1975 1912 2
1912 1975 1976 1913 2
1913 1976 1977 1914 2
1914 1977 1978 1915 2
1915 1978 1979 1916 2
1916 1979 1980 1917 2
1917 1980 1981 1918 2
1918 1981 1982 1919 2
1919 1982 1983 1920 2
1920 1983 1984 1921 2
1921 1984 1985 1922 2
1922 1985 1986 1923 2
1923 1986 1987 1924 2
1924 1987 1988 1925 2
1925 1988 1989 1926 2
1926 1989 1990 1927 2
1927 1990 1991 1928 2
1928 1991 1992 1929 2
1929 1992 1993 1930 2
1930 1993 1994 1931 2
1931 1994 1995 1932 2
1932 1995 1996 1933 2
1933 1996 1997 1934 2
1934 1997 1998 1935 2
1935 1998 1999 1936 2
1936 1999 2000 1937 2
1937 2000 2001 1938 2
1938 2001 2002 1939 2
1939 2002 2003 1940 2
1940 2003 2004 1941 2
1941 2004 2005 1942 2
1942 2005 2006 1943 2
1943 2006 2007 1944 2
1944 2007 2008 1945 2
1945 2008 2009 1946 2
1946 2009 2010 1947 2
1947 2010 2011 1948 2
1948 2011 2012 1949 2
1949 2012 2013 1950 2
1950 2013 2014 1951 2
1951 2014 2015 1952 2
1952 2015 2016 1953 2
1953 2016 2017 1954 2
1954 2017 2018 1955 2
1955 2018 2019 1956 2
1956 2019 2020 1957 2
1957 2020 2021 1958 2
1958 2021 2022 1959 2
1959 2022 2023 1960 2
1960 2023 2024 1961 2
1961 2024 221 220 2
95 96 2025 1962 2
1962 2025 2026 1963 2
1963 2026 2027 1964 2
1964 2027 2028 1965 2
1965 2028 2029 1966 2
1966 2029 2030 1967 2
1967 2030 2031 1968 2
1968 2031 2032 1969 2
1969 2032 2033 1970 2
1970 2033 2034 1971 2
1971 2034 2035 1972 2
1972 2035 2036 1973 2
1973 2036 2037 1974 2
1974 2037 2038 1975 2
1975 2038 2039 1976 2
1976 2039 2040 1977 2
1977 2040 2041 1978 2
1978 2041 2042 1979 2
1979 2042 2043 1980 2
1980 2043 2044 1981 2
1981 2044 2045 1982 2
1982 2045 2046 1983 2
1983 2046 2047 1984 2
1984 2047 2048 1985 2
1985 2048 2049 1986 2
1986 2049 2050 1987 2
1987 2050 2051 1988 2
1988 2051 2052 1989 2
1989 2052 2053 1990 2
1990 2053 2054 1991 2
1991 2054 2055 1992 2
1992 2055 2056 1993 2
1993 2056 2057 1994 2
1994 2057 2058 1995 2
1995 2058 2059 1996 2
1996 2059 2060 1997 2
1997 2060 2061 1998 2
1998 2061 2062 1999 2
1999 2062 2063 2000 2
2000 2063 2064 2001 2
2001 2064 2065 2002 2
2002 2065 2066 2003 2
2003 2066 2067 2004 2
2004 2067 2068 2005 2
2005 2068 2069 2006 2
2006 2069 2070 2007 2
2007 2070 2071 2008 2
2008 2071 2072 2009 2
2009 2072 2073 2010 2
2010 2073 2074 2011 2
2011 2074 2075 2012 2
2012 2075 2076 2013 2
2013 2076 2077 2014 2
2014 2077 2078 2015 2
2015 2078 2079 2016 2
2016 2079 2080 2017 2
2017 2080 2081 2018 2
2018 2081 2082 2019 2
2019 2082 2083 2020 2
2020 2083 2084 2021 2
2021 2084 2085 2022 2
2022 2085 2086 2023 2
2023 2086 2087 2024 2
2024 2087 222 221 2
96 97 2088 2025 2
2025 2088 2089 2026 2
2026 2089 2090 2027 2
2027 2090 2091 2028 2
2028 2091 2092 2029 2
2029 2092 2093 2030 2
2030 2093 2094 2031 2
2031 2094 2095 2032 2
2032 2095 2096 2033 2
2033 2096 2097 2034 2
2034 2097 2098 2035 2
2035 2098 2099 2036 2
2036 2099 2100 2037 2
2037 2100 2101 2038 2
2038 2101 2102 2039 2
2039 2102 2103 2040 2
2040 2103 2104 2041 2
2041 2104 2105 2042 2
2042 2105 2106 2043 2
2043 2106 2107 2044 2
2044 2107 2108 2045 2
2045 2108 2109 2046 2
2046 2109 2110 2047 2
2047 2110 2111 2048 2
2048 2111 2112 2049 2
2049 2112 2113 2050 2
2050 2113 2114 2051 2
2051 2114 2115 2052 2
2052 2115 2116 2053 2
2053 2116 2117 2054 2
2054 2117 2118 2055 2
2055 2118 2119 2056 2
2056 2119 2120 2057 2
2057 2120 2121 2058 2
2058 2121 2122 2059 2
2059 2122 2123 2060 2
2060 2123 2124 2061 2
2061 2124 2125 2062 2
2062 2125 2126 2063 2
2063 2126 2127 2064 2
2064 2127 2128 2065 2
2065 2128 2129 2066 2
2066 2129 2130 2067 2
2067 2130 2131 2068 2
2068 2131 2132 2069 2
2069 2132 2133 2070 2
2070 2133 2134 2071 2
2071 2134 2135 2072 2
2072 2135 2136 2073 2
2073 2136 2137 2074 2
2074 2137 2138 2075 2
2075 2138 2139 2076 2
2076 2139 2140 2077 2
2077 2140 2141 2078 2
2078 2141 2142 2079 2
2079 2142 2143 2080 2
2080 2143 2144 2081 2
2081 2144 2145 2082 2
2082 2145 2146 2083 2
2083 2146 2147 2084 2
2084 2147 2148 2085 2
2085 2148 2149 2086 2
2086 2149 2150 2087 2
2087 2150 223 222 2
97 98 2151 2088 2
2088 2151 2152 2089 2
2089 2152 2153 2090 2
2090 2153 2154 2091 2
2091 2154 2155 2092 2
2092 2155 2156 2093 2
2093 2156 2157 2094 2
2094 2157 2158 2095 2
2095 2158 2159 2096 2
2096 2159 2160 2097 2
2097 2160 2161 2098 2
2098 2161 2162 2099 2
2099 2162 2163 2100 2
2100 2163 2164 2101 2
2101 2164 2165 2102 2
2102 2165 2166 2103 2
2103 2166 2167 2104 2
2104 2167 2168 2105 2
2105 2168 2169 2106 2
2106 2169 2170 2107 2
2107 2170 2171 2108 2
2108 2171 2172 2109 2
2109 2172 2173 2110 2
2110 2173 2174 2111 2
2111 2174 2175 2112 2
2112 2175 2176 2113 2
2113 2176 2177 2114 2
2114 2177 2178 2115 2
2115 2178 2179 2116 2
2116 2179 2180 2117 2
2117 2180 2181 2118 2
2118 2181 2182 2119 2
2119 2182 2183 2120 2
2120 2183 2184 2121 2
2121 2184 2185 2122 2
2122 2185 2186 2123 2
2123 2186 2187 2124 2
2124 2187 2188 2125 2
2125 2188 2189 2126 2
2126 2189 2190 2127 2
2127 2190 2191 2128 2
2128 2191 2192 2129 2
2129 2192 2193 2130 2
2130 2193 2194 2131 2
2131 2194 2195 2132 2
2132 2195 2196 2133 2
2133 2196 2197 2134 2
2134 2197 2198 2135 2
2135 2198 2199 2136 2
2136 2199 2200 2137 2
2137 2200 2201 2138 2
2138 2201 2202 2139 2
2139 2202 2203 2140 2
2140 2203 2204 2141 2
2141 2204 2205 2142 2
2142 2205 2206 2143 2
2143 2206 2207 2144 2
2144 2207 2208 2145 2
2145 2208 2209 2146 2
2146 2209 2210 2147 2
2147 2210 2211 2148 2
2148 2211 2212 2149 2
2149 2212 2213 2150 2
2150 2213 224 223 2
98 99 2214 2151 2
2151 2214 2215 2152 2
2152 2215 2216 2153 2
2153 2216 2217 2154 2
2154 2217 2218 2155 2
2155 2218 2219 2156 2
2156 2219 2220 2157 2
2157 2220 2221 2158 2
2158 2221 2222 2159 2
2159 2222 2223 2160 2
2160 2223 2224 2161 2
2161 2224 2225 2162 2
2162 2225 2226 2163 2
2163 2226 2227 2164 2
2164 2227 2228 2165 2
2165 2228 2229 2166 2
2166 2229 2230 2167 2
2167 2230 2231 2168 2
2168 2231 2232 2169 2
2169 2232 2233 2170 2
2170 2233 2234 2171 2
2171 2234 2235 2172 2
2172 2235 2236 2173 2
2173 2236 2237 2174 2
2174 2237 2238 2175 2
2175 2238 2239 2176 2
2176 2239 2240 2177 2
2177 2240 2241 2178 2
2178 2241 2242 2179 2
2179 2242 2243 2180 2
2180 2243 2244 2181 2
2181 2244 2245 2182 2
2182 2245 2246 2183 2
2183 2246 2247 2184 2
2184 2247 2248 2185 2
2185 2248 2249 2186 2
2186 2249 2250 2187 2
2187 2250 2251 2188 2
2188 2251 2252 2189 2
2189 2252 2253 2190 2
2190 2253 2254 2191 2
2191 2254 2255 2192 2
2192 2255 2256 2193 2
2193 2256 2257 2194 2
2194 2257 2258 2195 2
2195 2258 2259 2196 2
2196 2259 2260 2197 2
2197 2260 2261 2198 2
2198 2261 2262 2199 2
2199 2262 2263 2200 2
2200 2263 2264 2201 2
2201 2264 2265 2202 2
2202 2265 2266 2203 2
2203 2266 2267 2204 2
2204 2267 2268 2205 2
2205 2268 2269 2206 2
2206 2269 2270 2207 2
2207 2270 2271 2208 2
2208 2271 2272 2209 2
2209 2272 2273 2210 2
2210 2273 2274 2211 2
2211 2274 2275 2212 2
2212 2275 2276 2213 2
2213 2276 225 224 2
99 100 2277 2214 2
2214 2277 2278 2215 2
2215 2278 2279 2216 2
2216 2279 2280 2217 2
2217 2280 2281 2218 2
2218 2281 2282 2219 2
2219 2282 2283 2220 2
2220 2283 2284 2221 2
2221 2284 2285 2222 2
2222 2285 2286 2223 2
2223 2286 2287 2224 2
2224 2287 2288 2225 2
2225 2288 2289 2226 2
2226 2289 2290 2227 2
2227 2290 2291 2228 2
2228 2291 2292 2229 2
2229 2292 2293 2230 2
2230 2293 2294 2231 2
2231 2294 2295 2232 2
2232 2295 2296 2233 2
2233 2296 2297 2234 2
2234 2297 2298 2235 2
2235 2298 2299 2236 2
2236 2299 2300 2237 2
2237 2300 2301 2238 2
2238 2301 2302 2239 2
2239 2302 2303 2240 2
2240 2303 2304 2241 2
2241 2304 2305 2242 2
2242 2305 2306 2243 2
2243 2306 2307 2244 2
2244 2307 2308 2245 2
2245 2308 2309 2246 2
2246 2309 2310 2247 2
2247 2310 2311 2248 2
2248 2311 2312 2249 2
2249 2312 2313 2250 2
2250 2313 2314 2251 2
2251 2314 2315 2252 2
2252 2315 2316 2253 2
2253 2316 2317 2254 2
2254 2317 2318 2255 2
2255 2318 2319 2256 2
2256 2319 2320 2257 2
2257 2320 2321 2258 2
2258 2321 2322 2259 2
2259 2322 2323 2260 2
2260 2323 2324 2261 2
2261 2324 2325 2262 2
2262 2325 2326 2263 2
2263 2326 2327 2264 2
2264 2327 2328 2265 2
2265 2328 2329 2266 2
2266 2329 2330 2267 2
2267 2330 2331 2268 2
2268 2331 2332 2269 2
2269 2332 2333 2270 2
2270 2333 2334 2271 2
2271 2334 2335 2272 2
2272 2335 2336 2273 2
2273 2336 2337 2274 2
2274 2337 2338 2275 2
2275 2338 2339 2276 2
2276 2339 226 225 2
100 101 2340 2277 2
2277 2340 2341 2278 2
2278 2341 2342 2279 2
2279 2342 2343 2280 2
2280 2343 2344 2281 2
2281 2344 2345 2282 2
2282 2345 2346 2283 2
2283 2346 2347 2284 2
2284 2347 2348 2285 2
2285 2348 2349 2286 2
2286 2349 2350 2287 2
2287 2350 2351 2288 2
2288 2351 2352 2289 2
2289 2352 2353 2290 2
2290 2353 2354 2291 2
2291 2354 2355 2292 2
2292 2355 2356 2293 2
2293 2356 2357 2294 2
2294 2357 2358 2295 2
2295 2358 2359 2296 2
2296 2359 2360 2297 2
2297 2360 2361 2298 2
2298 2361 2362 2299 2
2299 2362 2363 2300 2
2300 2363 2364 2301 2
2301 2364 2365 2302 2
2302 2365 2366 2303 2
2303 2366 2367 2304 2
2304 2367 2368 2305 2
2305 2368 2369 2306 2
2306 2369 2370 2307 2
2307 2370 2371 2308 2
2308 2371 2372 2309 2
2309 2372 2373 2310 2
2310 2373 2374 2311 2
2311 2374 2375 2312 2
2312 2375 2376 2313 2
2313 2376 2377 2314 2
2314 2377 2378 2315 2
2315 2378 2379 2316 2
2316 2379 2380 2317 2
2317 2380 2381 2318 2
2318 2381 2382 2319 2
2319 2382 2383 2320 2
2320 2383 2384 2321 2
2321 2384 2385 2322 2
2322 2385 2386 2323 2
2323 2386 2387 2324 2
2324 2387 2388 2325 2
2325 2388 2389 2326 2
2326 2389 2390 2327 2
2327 2390 2391 2328 2
2328 2391 2392 2329 2
2329 2392 2393 2330 2
2330 2393 2394 2331 2
2331 2394 2395 2332 2
2332 2395 2396 2333 2
2333 2396 2397 2334 2
2334 2397 2398 2335 2
2335 2398 2399 2336 2
2336 2399 2400 2337 2
2337 2400 2401 2338 2
2338 2401 2402 2339 2
2339 2402 227 226 2
101 102 2403 2340 2
2340 2403 2404 2341 2
2341 2404 2405 2342 2
2342 2405 2406 2343 2
2343 2406 2407 2344 2
2344 2407 2408 2345 2
2345 2408 2409 2346 2
2346 2409 2410 2347 2
2347 2410 2411 2348 2
2348 2411 2412 2349 2
2349 2412 2413 2350 2
2350 2413 2414 2351 2
2351 2414 2415 2352 2
2352 2415 2416 2353 2
2353 2416 2417 2354 2
2354 2417 2418 2355 2
2355 2418 2419 2356 2
2356 2419 2420 2357 2
2357 2420 2421 2358 2
2358 2421 2422 2359 2
2359 2422 2423 2360 2
2360 2423 2424 2361 2
2361 2424 2425 2362 2
2362 2425 2426 2363 2
2363 2426 2427 2364 2
2364 2427 2428 2365 2
2365 2428 2429 2366 2
2366 2429 2430 2367 2
2367 2430 2431 2368 2
2368 2431 2432 2369 2
2369 2432 2433 2370 2
2370 2433 2434 2371 2
2371 2434 2435 2372 2
2372 2435 2436 2373 2
2373 2436 2437 2374 2
2374 2437 2438 2375 2
2375 2438 2439 2376 2
2376 2439 2440 2377 2
2377 2440 2441 2378 2
2378 2441 2442 2379 2
2379 2442 2443 2380 2
2380 2443 2444 2381 2
2381 2444 2445 2382 2
2382 2445 2446 2383 2
2383 2446 2447 2384 2
2384 2447 2448 2385 2
2385 2448 2449 2386 2
2386 2449 2450 2387 2
2387 2450 2451 2388 2
2388 2451 2452 2389 2
2389 2452 2453 2390 2
2390 2453 2454 2391 2
2391 2454 2455 2392 2
2392 2455 2456 2393 2
2393 2456 2457 2394 2
2394 2457 2458 2395 2
2395 2458 2459 2396 2
2396 2459 2460 2397 2
2397 2460 2461 2398 2
2398 2461 2462 2399 2
2399 2462 2463 2400 2
2400 2463 2464 2401 2
2401 2464 2465 2402 2
2402 2465 228 227 2
102 103 2466 2403 2
2403 2466 2467 2404 2
2404 2467 2468 2405 2
2405 2468 2469 2406 2
2406 2469 2470 2407 2
2407 2470 2471 2408 2
2408 2471 2472 2409 2
2409 2472 2473 2410 2
2410 2473 2474 2411 2
2411 2474 2475 2412 2
2412 2475 2476 2413 2
2413 2476 2477 2414 2
2414 2477 2478 2415 2
2415 2478 2479 2416 2
2416 2479 2480 2417 2
2417 2480 2481 2418 2
2418 2481 2482 2419 2
2419 2482 2483 2420 2
2420 2483 2484 2421 2
2421 2484 2485 2422 2
2422 2485 2486 2423 2
2423 2486 2487 2424 2
2424 2487 2488 2425 2
2425 2488 2489 2426 2
2426 2489 2490 2427 2
2427 2490 2491 2428 2
2428 2491 2492 2429 2
2429 2492 2493 2430 2
2430 2493 2494 2431 2
2431 2494 2495 2432 2
2432 2495 2496 2433 2
2433 2496 2497 2434 2
2434 2497 2498 2435 2
2435 2498 2499 2436 2
2436 2499 2500 2437 2
2437 2500 2501 2438 2
2438 2501 2502 2439 2
2439 2502 2503 2440 2
2440 2503 2504 2441 2
2441 2504 2505 2442 2
2442 2505 2506 2443 2
2443 2506 2507 2444 2
2444 2507 2508 2445 2
2445 2508 2509 2446 2
2446 2509 2510 2447 2
2447 2510 2511 2448 2
2448 2511 2512 2449 2
2449 2512 2513 2450 2
2450 2513 2514 2451 2
2451 2514 2515 2452 2
2452 2515 2516 2453 2
2453 2516 2517 2454 2
2454 2517 2518 2455 2
2455 2518 2519 2456 2
2456 2519 2520 2457 2
2457 2520 2521 2458 2
2458 2521 2522 2459 2
2459 2522 2523 2460 2
2460 2523 2524 2461 2
2461 2524 2525 2462 2
2462 2525 2526 2463 2
2463 2526 2527 2464 2
2464 2527 2528 2465 2
2465 2528 229 228 2
103 104 2529 2466 2
2466 2529 2530 2467 2
2467 2530 2531 2468 2
2468 2531 2532 2469 2
2469 2532 2533 2470 2
2470 2533 2534 2471 2
2471 2534 2535 2472 2
2472 2535 2536 2473 2
2473 2536 2537 2474 2
2474 2537 2538 2475 2
2475 2538 2539 2476 2
2476 2539 2540 2477 2
2477 2540 2541 2478 2
2478 2541 2542 2479 2
2479 2542 2543 2480 2
2480 2543 2544 2481 2
2481 2544 2545 2482 2
2482 2545 2546 2483 2
2483 2546 2547 2484 2
2484 2547 2548 2485 2
2485 2548 2549 2486 2
2486 2549 2550 2487 2
2487 2550 2551 2488 2
2488 2551 2552 2489 2
2489 2552 2553 2490 2
2490 2553 2554 2491 2
2491 2554 2555 2492 2
2492 2555 2556 2493 2
2493 2556 2557 2494 2
2494 2557 2558 2495 2
2495 2558 2559 2496 2
2496 2559 2560 2497 2
2497 2560 2561 2498 2
2498 2561 2562 2499 2
2499 2562 2563 2500 2
2500 2563 2564 2501 2
2501 2564 2565 2502 2
2502 2565 2566 2503 2
2503 2566 2567 2504 2
2504 2567 2568 2505 2
2505 2568 2569 2506 2
2506 2569 2570 2507 2
2507 2570 2571 2508 2
2508 2571 2572 2509 2
2509 2572 2573 2510 2
2510 2573 2574 2511 2
2511 2574 2575 2512 2
2512 2575 2576 2513 2
2513 2576 2577 2514 2
2514 2577 2578 2515 2
2515 2578 2579 2516 2
2516 2579 2580 2517 2
2517 2580 2581 2518 2
2518 2581 2582 2519 2
2519 2582 2583 2520 2
2520 2583 2584 2521 2
2521 2584 2585 2522 2
2522 2585 2586 2523 2
2523 2586 2587 2524 2
2524 2587 2588 2525 2
2525 2588 2589 2526 2
2526 2589 2590 2527 2
2527 2590 2591 2528 2
2528 2591 230 229 2
104 105 2592 2529 2
2529 2592 2593 2530 2
2530 2593 2594 2531 2
2531 2594 2595 2532 2
2532 2595 2596 2533 2
2533 2596 2597 2534 2
2534 2597 2598 2535 2
2535 2598 2599 2536 2
2536 2599 2600 2537 2
2537 2600 2601 2538 2
2538 2601 2602 2539 2
2539 2602 2603 2540 2
2540 2603 2604 2541 2
2541 2604 2605 2542 2
2542 2605 2606 2543 2
2543 2606 2607 2544 2
2544 2607 2608 2545 2
2545 2608 2609 2546 2
2546 2609 2610 2547 2
2547 2610 2611 2548 2
2548 2611 2612 2549 2
2549 2612 2613 2550 2
2550 2613 2614 2551 2
2551 2614 2615 2552 2
2552 2615 2616 2553 2
2553 2616 2617 2554 2
2554 2617 2618 2555 2
2555 2618 2619 2556 2
2556 2619 2620 2557 2
2557 2620 2621 2558 2
2558 2621 2622 2559 2
2559 2622 2623 2560 2
2560 2623 2624 2561 2
2561 2624 2625 2562 2
2562 2625 2626 2563 2
2563 2626 2627 2564 2
2564 2627 2628 2565 2
2565 2628 2629 2566 2
2566 2629 2630 2567 2
2567 2630 2631 2568 2
2568 2631 2632 2569 2
2569 2632 2633 2570 2
2570 2633 2634 2571 2
2571 2634 2635 2572 2
2572 2635 2636 2573 2
2573 2636 2637 2574 2
2574 2637 2638 2575 2
2575 2638 2639 2576 2
2576 2639 2640 2577 2
2577 2640 2641 2578 2
2578 2641 2642 2579 2
2579 2642 2643 2580 2
2580 2643 2644 2581 2
2581 2644 2645 2582 2
2582 2645 2646 2583 2
2583 2646 2647 2584 2
2584 2647 2648 2585 2
2585 2648 2649 2586 2
2586 2649 2650 2587 2
2587 2650 2651 2588 2
2588 2651 2652 2589 2
2589 2652 2653 2590 2
2590 2653 2654 2591 2
2591 2654 231 230 2
105 106 2655 2592 2
2592 2655 2656 2593 2
2593 2656 2657 2594 2
2594 2657 2658 2595 2
2595 2658 2659 2596 2
2596 2659 2660 2597 2
2597 2660 2661 2598 2
2598 2661 2662 2599 2
2599 2662 2663 2600 2
2600 2663 2664 2601 2
2601 2664 2665 2602 2
2602 2665 2666 2603 2
2603 2666 2667 2604 2
2604 2667 2668 2605 2
2605 2668 2669 2606 2
2606 2669 2670 2607 2
2607 2670 2671 2608 2
2608 2671 2672 2609 2
2609 2672 2673 2610 2
2610 2673 2674 2611 2
2611 2674 2675 2612 2
2612 2675 2676 2613 2
2613 2676 2677 2614 2
2614 2677 2678 2615 2
2615 2678 2679 2616 2
2616 2679 2680 2617 2
2617 2680 2681 2618 2
2618 2681 2682 2619 2
2619 2682 2683 2620 2
2620 2683 2684 2621 2
2621 2684 2685 2622 2
2622 2685 2686 2623 2
2623 2686 2687 2624 2
2624 2687 2688 2625 2
2625 2688 2689 2626 2
2626 2689 2690 2627 2
2627 2690 2691 2628 2
2628 2691 2692 2629 2
2629 2692 2693 2630 2
2630 2693 2694 2631 2
2631 2694 2695 2632 2
2632 2695 2696 2633 2
2633 2696 2697 2634 2
2634 2697 2698 2635 2
2635 2698 2699 2636 2
2636 2699 2700 2637 2
2637 2700 2701 2638 2
2638 2701 2702 2639 2
2639 2702 2703 2640 2
2640 2703 2704 2641 2
2641 2704 2705 2642 2
2642 2705 2706 2643 2
2643 2706 2707 2644 2
2644 2707 2708 2645 2
2645 2708 2709 2646 2
2646 2709 2710 2647 2
2647 2710 2711 2648 2
2648 2711 2712 2649 2
2649 2712 2713 2650 2
2650 2713 2714 2651 2
2651 2714 2715 2652 2
2652 2715 2716 2653 2
2653 2716 2717 2654 2
2654 2717 232 231 2
106 107 2718 2655 2
2655 2718 2719 2656 2
2656 2719 2720 2657 2
2657 2720 2721 2658 2
2658 2721 2722 2659 2
2659 2722 2723 2660 2
2660 2723 2724 2661 2
2661 2724 2725 2662 2
2662 2725 2726 2663 2
2663 2726 2727 2664 2
2664 2727 2728 2665 2
2665 2728 2729 2666 2
2666 2729 2730 2667 2
2667 2730 2731 2668 2
2668 2731 2732 2669 2
2669 2732 2733 2670 2
2670 2733 2734 2671 2
2671 2734 2735 2672 2
2672 2735 2736 2673 2
2673 2736 2737 2674 2
2674 2737 2738 2675 2
2675 2738 2739 2676 2
2676 2739 2740 2677 2
2677 2740 2741 2678 2
2678 2741 2742 2679 2
2679 2742 2743 2680 2
2680 2743 2744 2681 2
2681 2744 2745 2682 2
2682 2745 2746 2683 2
2683 2746 2747 2684 2
2684 2747 2748 2685 2
2685 2748 2749 2686 2
2686 2749 2750 2687 2
2687 2750 2751 2688 2
2688 2751 2752 2689 2
2689 2752 2753 2690 2
2690 2753 2754 2691 2
2691 2754 2755 2692 2
2692 2755 2756 2693 2
2693 2756 2757 2694 2
2694 2757 2758 2695 2
2695 2758 2759 2696 2
2696 2759 2760 2697 2
2697 2760 2761 2698 2
2698 2761 2762 2699 2
2699 2762 2763 2700 2
2700 2763 2764 2701 2
2701 2764 2765 2702 2
2702 2765 2766 2703 2
2703 2766 2767 2704 2
2704 2767 2768 2705 2
2705 2768 2769 2706 2
2706 2769 2770 2707 2
2707 2770 2771 2708 2
2708 2771 2772 2709 2
2709 2772 2773 2710 2
2710 2773 2774 2711 2
2711 2774 2775 2712 2
2712 2775 2776 2713 2
2713 2776 2777 2714 2
2714 2777 2778 2715 2
2715 2778 2779 2716 2
2716 2779 2780 2717 2
2717 2780 233 232 2
107 108 2781 2718 2
2718 2781 2782 2719 2
2719 2782 2783 2720 2
2720 2783 2784 2721 2
2721 2784 2785 2722 2
2722 2785 2786 2723 2
2723 2786 2787 2724 2
2724 2787 2788 2725 2
2725 2788 2789 2726 2
2726 2789 2790 2727 2
2727 2790 2791 2728 2
2728 2791 2792 2729 2
2729 2792 2793 2730 2
2730 2793 2794 2731 2
2731 2794 2795 2732 2
2732 2795 2796 2733 2
2733 2796 2797 2734 2
2734 2797 2798 2735 2
2735 2798 2799 2736 2
2736 2799 2800 2737 2
2737 2800 2801 2738 2
2738 2801 2802 2739 2
2739 2802 2803 2740 2
2740 2803 2804 2741 2
2741 2804 2805 2742 2
2742 2805 2806 2743 2
2743 2806 2807 2744 2
2744 2807 2808 2745 2
2745 2808 2809 2746 2
2746 2809 2810 2747 2
2747 2810 2811 2748 2
2748 2811 2812 2749 2
2749 2812 2813 2750 2
2750 2813 2814 2751 2
2751 2814 2815 2752 2
2752 2815 2816 2753 2
2753 2816 2817 2754 2
2754 2817 2818 2755 2
2755 2818 2819 2756 2
2756 2819 2820 2757 2
2757 2820 2821 2758 2
2758 2821 2822 2759 2
2759 2822 2823 2760 2
2760 2823 2824 2761 2
2761 2824 2825 2762 2
2762 2825 2826 2763 2
2763 2826 2827 2764 2
2764 2827 2828 2765 2
2765 2828 2829 2766 2
2766 2829 2830 2767 2
2767 2830 2831 2768 2
2768 2831 2832 2769 2
2769 2832 2833 2770 2
2770 2833 2834 2771 2
2771 2834 2835 2772 2
2772 2835 2836 2773 2
2773 2836 2837 2774 2
2774 2837 2838 2775 2
2775 2838 2839 2776 2
2776 2839 2840 2777 2
2777 2840 2841 2778 2
2778 2841 2842 2779 2
2779 2842 2843 2780 2
2780 2843 234 233 2
108 109 2844 2781 2
2781 2844 2845 2782 2
2782 2845 2846 2783 2
2783 2846 2847 2784 2
2784 2847 2848 2785 2
2785 2848 2849 2786 2
2786 2849 2850 2787 2
2787 2850 2851 2788 2
2788 2851 2852 2789 2
2789 2852 2853 2790 2
2790 2853 2854 2791 2
2791 2854 2855 2792 2
2792 2855 2856 2793 2
2793 2856 2857 2794 2
2794 2857 2858 2795 2
2795 2858 2859 2796 2
2796 2859 2860 2797 2
2797 2860 2861 2798 2
2798 2861 2862 2799 2
2799 2862 2863 2800 2
2800 2863 2864 2801 2
2801 2864 2865 2802 2
2802 2865 2866 2803 2
2803 2866 2867 2804 2
2804 2867 2868 2805 2
2805 2868 2869 2806 2
2806 2869 2870 2807 2
2807 2870 2871 2808 2
2808 2871 2872 2809 2
2809 2872 2873 2810 2
2810 2873 2874 2811 2
2811 2874 2875 2812 2
2812 2875 2876 2813 2
2813 2876 2877 2814 2
2814 2877 2878 2815 2
2815 2878 2879 2816 2
2816 2879 2880 2817 2
2817 2880 2881 2818 2
2818 2881 2882 2819 2
2819 2882 2883 2820 2
2820 2883 2884 2821 2
2821 2884 2885 2822 2
2822 2885 2886 2823 2
2823 2886 2887 2824 2
2824 2887 2888 2825 2
2825 2888 2889 2826 2
2826 2889 2890 2827 2
2827 2890 2891 2828 2
2828 2891 2892 2829 2
2829 2892 2893 2830 2
2830 2893 2894 2831 2
2831 2894 2895 2832 2
2832 2895 2896 2833 2
2833 2896 2897 2834 2
2834 2897 2898 2835 2
2835 2898 2899 2836 2
2836 2899 2900 2837 2
2837 2900 2901 2838 2
2838 2901 2902 2839 2
2839 2902 2903 2840 2
2840 2903 2904 2841 2
2841 2904 2905 2842 2
2842 2905 2906 2843 2
2843 2906 235 234 2
109 110 2907 2844 2
2844 2907 2908 2845 2
2845 2908 2909 2846 2
2846 2909 2910 2847 2
2847 2910 2911 2848 2
2848 2911 2912 2849 2
2849 2912 2913 2850 2
2850 2913 2914 2851 2
2851 2914 2915 2852 2
2852 2915 2916 2853 2
2853 2916 2917 2854 2
2854 2917 2918 2855 2
2855 2918 2919 2856 2
2856 2919 2920 2857 2
2857 2920 2921 2858 2
2858 2921 2922 2859 2
2859 2922 2923 2860 2
2860 2923 2924 2861 2
2861 2924 2925 2862 2
2862 2925 2926 2863 2
2863 2926 2927 2864 2
2864 2927 2928 2865 2
2865 2928 2929 2866 2
2866 2929 2930 2867 2
2867 2930 2931 2868 2
2868 2931 2932 2869 2
2869 2932 2933 2870 2
2870 2933 2934 2871 2
2871 2934 2935 2872 2
2872 2935 2936 2873 2
2873 2936 2937 2874 2
2874 2937 2938 2875 2
2875 2938 2939 2876 2
2876 2939 2940 2877 2
2877 2940 2941 2878 2
2878 2941 2942 2879 2
2879 2942 2943 2880 2
2880 2943 2944 2881 2
2881 2944 2945 2882 2
2882 2945 2946 2883 2
2883 2946 2947 2884 2
2884 2947 2948 2885 2
2885 2948 2949 2886 2
2886 2949 2950 2887 2
2887 2950 2951 2888 2
2888 2951 2952 2889 2
2889 2952 2953 2890 2
2890 2953 2954 2891 2
2891 2954 2955 2892 2
2892 2955 2956 2893 2
2893 2956 2957 2894 2
2894 2957 2958 2895 2
2895 2958 2959 2896 2
2896 2959 2960 2897 2
2897 2960 2961 2898 2
2898 2961 2962 2899 2
2899 2962 2963 2900 2
2900 2963 2964 2901 2
2901 2964 2965 2902 2
2902 2965 2966 2903 2
2903 2966 2967 2904 2
2904 2967 2968 2905 2
2905 2968 2969 2906 2
2906 2969 236 235 2
110 111 2970 2907 2
2907 2970 2971 2908 2
2908 2971 2972 2909 2
2909 2972 2973 2910 2
2910 2973 2974 2911 2
2911 2974 2975 2912 2
2912 2975 2976 2913 2
2913 2976 2977 2914 2
2914 2977 2978 2915 2
2915 2978 2979 2916 2
2916 2979 2980 2917 2
2917 2980 2981 2918 2
2918 2981 2982 2919 2
2919 2982 2983 2920 2
2920 2983 2984 2921 2
2921 2984 2985 2922 2
2922 2985 2986 2923 2
2923 2986 2987 2924 2
2924 2987 2988 2925 2
2925 2988 2989 2926 2
2926 2989 2990 2927 2
2927 2990 2991 2928 2
2928 2991 2992 2929 2
2929 2992 2993 2930 2
2930 2993 2994 2931 2
2931 2994 2995 2932 2
2932 2995 2996 2933 2
2933 2996 2997 2934 2
2934 2997 2998 2935 2
2935 2998 2999 2936 2
2936 2999 3000 2937 2
2937 3000 3001 2938 2
2938 3001 3002 2939 2
2939 3002 3003 2940 2
2940 3003 3004 2941 2
2941 3004 3005 2942 2
2942 3005 3006 2943 2
2943 3006 3007 2944 2
2944 3007 3008 2945 2
2945 3008 3009 2946 2
2946 3009 3010 2947 2
2947 3010 3011 2948 2
2948 3011 3012 2949 2
2949 3012 3013 2950 2
2950 3013 3014 2951 2
2951 3014 3015 2952 2
2952 3015 3016 2953 2
2953 3016 3017 2954 2
2954 3017 3018 2955 2
2955 3018 3019 2956 2
2956 3019 3020 2957 2
2957 3020 3021 2958 2
2958 3021 3022 2959 2
2959 3022 3023 2960 2
2960 3023 3024 2961 2
2961 3024 3025 2962 2
2962 3025 3026 2963 2
2963 3026 3027 2964 2
2964 3027 3028 2965 2
2965 3028 3029 2966 2
2966 3029 3030 2967 2
2967 3030 3031 2968 2
2968 3031 3032 2969 2
2969 3032 237 236 2
111 112 3033 2970 2
2970 3033 3034 2971 2
2971 3034 3035 2972 2
2972 3035 3036 2973 2
2973 3036 3037 2974 2
2974 3037 3038 2975 2
2975 3038 3039 2976 2
2976 3039 3040 2977 2
2977 3040 3041 2978 2
2978 3041 3042 2979 2
2979 3042 3043 2980 2
2980 3043 3044 2981 2
2981 3044 3045 2982 2
2982 3045 3046 2983 2
2983 3046 3047 2984 2
2984 3047 3048 2985 2
2985 3048 3049 2986 2
2986 3049 3050 2987 2
2987 3050 3051 2988 2
2988 3051 3052 2989 2
2989 3052 3053 2990 2
2990 3053 3054 2991 2
2991 3054 3055 2992 2
2992 3055 3056 2993 2
2993 3056 3057 2994 2
2994 3057 3058 2995 2
2995 3058 3059 2996 2
2996 3059 3060 2997 2
2997 3060 3061 2998 2
2998 3061 3062 2999 2
2999 3062 3063 3000 2
3000 3063 3064 3001 2
3001 3064 3065 3002 2
3002 3065 3066 3003 2
3003 3066 3067 3004 2
3004 3067 3068 3005 2
3005 3068 3069 3006 2
3006 3069 3070 3007 2
3007 3070 3071 3008 2
3008 3071 3072 3009 2
3009 3072 3073 3010 2
3010 3073 3074 3011 2
3011 3074 3075 3012 2
3012 3075 3076 3013 2
3013 3076 3077 3014 2
3014 3077 3078 3015 2
3015 3078 3079 3016 2
3016 3079 3080 3017 2
3017 3080 3081 3018 2
3018 3081 3082 3019 2
3019 3082 3083 3020 2
3020 3083 3084 3021 2
3021 3084 3085 3022 2
3022 3085 3086 3023 2
3023 3086 3087 3024 2
3024 3087 3088 3025 2
3025 3088 3089 3026 2
3026 3089 3090 3027 2
3027 3090 3091 3028 2
3028 3091 3092 3029 2
3029 3092 3093 3030 2
3030 3093 3094 3031 2
3031 3094 3095 3032 2
3032 3095 238 237 2
112 113 3096 3033 2
3033 3096 3097 3034 2
3034 3097 3098 3035 2
3035 3098 3099 3036 2
3036 3099 3100 3037 2
3037 3100 3101 3038 2
3038 3101 3102 3039 2
3039 3102 3103 3040 2
3040 3103 3104 3041 2
3041 3104 3105 3042 2
3042 3105 3106 3043 2
3043 3106 3107 3044 2
3044 3107 3108 3045 2
3045 3108 3109 3046 2
3046 3109 3110 3047 2
3047 3110 3111 3048 2
3048 3111 3112 3049 2
3049 3112 3113 3050 2
3050 3113 3114 3051 2
3051 3114 3115 3052 2
3052 3115 3116 3053 2
3053 3116 3117 3054 2
3054 3117 3118 3055 2
3055 3118 3119 3056 2
3056 3119 3120 3057 2
3057 3120 3121 3058 2
3058 3121 3122 3059 2
3059 3122 3123 3060 2
3060 3123 3124 3061 2
3061 3124 3125 3062 2
3062 3125 3126 3063 2
3063 3126 3127 3064 2
3064 3127 3128 3065 2
3065 3128 3129 3066 2
3066 3129 3130 3067 2
3067 3130 3131 3068 2
3068 3131 3132 3069 2
3069 3132 3133 3070 2
3070 3133 3134 3071 2
3071 3134 3135 3072 2
3072 3135 3136 3073 2
3073 3136 3137 3074 2
3074 3137 3138 3075 2
3075 3138 3139 3076 2
3076 3139 3140 3077 2
3077 3140 3141 3078 2
3078 3141 3142 3079 2
3079 3142 3143 3080 2
3080 3143 3144 3081 2
3081 3144 3145 3082 2
3082 3145 3146 3083 2
3083 3146 3147 3084 2
3084 3147 3148 3085 2
3085 3148 3149 3086 2
3086 3149 3150 3087 2
3087 3150 3151 3088 2
3088 3151 3152 3089 2
3089 3152 3153 3090 2
3090 3153 3154 3091 2
3091 3154 3155 3092 2
3092 3155 3156 3093 2
3093 3156 3157 3094 2
3094 3157 3158 3095 2
3095 3158 239 238 2
113 114 3159 3096 2
3096 3159 3160 3097 2
3097 3160 3161 3098 2
3098 3161 3162 3099 2
3099 3162 3163 3100 2
3100 3163 3164 3101 2
3101 3164 3165 3102 2
3102 3165 3166 3103 2
3103 3166 3167 3104 2
3104 3167 3168 3105 2
3105 3168 3169 3106 2
3106 3169 3170 3107 2
3107 3170 3171 3108 2
3108 3171 3172 3109 2
3109 3172 3173 3110 2
3110 3173 3174 3111 2
3111 3174 3175 3112 2
3112 3175 3176 3113 2
3113 3176 3177 3114 2
3114 3177 3178 3115 2
3115 3178 3179 3116 2
3116 3179 3180 3117 2
3117 3180 3181 3118 2
3118 3181 3182 3119 2
3119 3182 3183 3120 2
3120 3183 3184 3121 2
3121 3184 3185 3122 2
3122 3185 3186 3123 2
3123 3186 3187 3124 2
3124 3187 3188 3125 2
3125 3188 3189 3126 2
3126 3189 3190 3127 2
3127 3190 3191 3128 2
3128 3191 3192 3129 2
3129 3192 3193 3130 2
3130 3193 3194 3131 2
3131 3194 3195 3132 2
3132 3195 3196 3133 2
3133 3196 3197 3134 2
3134 3197 3198 3135 2
3135 3198 3199 3136 2
3136 3199 3200 3137 2
3137 3200 3201 3138 2
3138 3201 3202 3139 2
3139 3202 3203 3140 2
3140 3203 3204 3141 2
3141 3204 3205 3142 2
3142 3205 3206 3143 2
3143 3206 3207 3144 2
3144 3207 3208 3145 2
3145 3208 3209 3146 2
3146 3209 3210 3147 2
3147 3210 3211 3148 2
3148 3211 3212 3149 2
3149 3212 3213 3150 2
3150 3213 3214 3151 2
3151 3214 3215 3152 2
3152 3215 3216 3153 2
3153 3216 3217 3154 2
3154 3217 3218 3155 2
3155 3218 3219 3156 2
3156 3219 3220 3157 2
3157 3220 3221 3158 2
3158 3221 240 239 2
114 115 3222 3159 2
3159 3222 3223 3160 2
3160 3223 3224 3161 2
3161 3224 3225 3162 2
3162 3225 3226 3163 2
3163 3226 3227 3164 2
3164 3227 3228 3165 2
3165 3228 3229 3166 2
3166 3229 3230 3167 2
3167 3230 3231 3168 2
3168 3231 3232 3169 2
3169 3232 3233 3170 2
3170 3233 3234 3171 2
3171 3234 3235 3172 2
3172 3235 3236 3173 2
3173 3236 3237 3174 2
3174 3237 3238 3175 2
3175 3238 3239 3176 2
3176 3239 3240 3177 2
3177 3240 3241 3178 2
3178 3241 3242 3179 2
3179 3242 3243 3180 2
3180 3243 3244 3181 2
3181 3244 3245 3182 2
3182 3245 3246 3183 2
3183 3246 3247 3184 2
3184 3247 3248 3185 2
3185 3248 3249 3186 2
3186 3249 3250 3187 2
3187 3250 3251 3188 2
3188 3251 3252 3189 2
3189 3252 3253 3190 2
3190 3253 3254 3191 2
3191 3254 3255 3192 2
3192 3255 3256 3193 2
3193 3256 3257 3194 2
3194 3257 3258 3195 2
3195 3258 3259 3196 2
3196 3259 3260 3197 2
3197 3260 3261 3198 2
3198 3261 3262 3199 2
3199 3262 3263 3200 2
3200 3263 3264 3201 2
3201 3264 3265 3202 2
3202 3265 3266 3203 2
3203 3266 3267 3204 2
3204 3267 3268 3205 2
3205 3268 3269 3206 2
3206 3269 3270 3207 2
3207 3270 3271 3208 2
3208 3271 3272 3209 2
3209 3272 3273 3210 2
3210 3273 3274 3211 2
3211 3274 3275 3212 2
3212 3275 3276 3213 2
3213 3276 3277 3214 2
3214 3277 3278 3215 2
3215 3278 3279 3216 2
3216 3279 3280 3217 2
3217 3280 3281 3218 2
3218 3281 3282 3219 2
3219 3282 3283 3220 2
3220 3283 3284 3221 2
3221 3284 241 240 2
115 116 3285 3222 2
3222 3285 3286 3223 2
3223 3286 3287 3224 2
3224 3287 3288 3225 2
3225 3288 3289 3226 2
3226 3289 3290 3227 2
3227 3290 3291 3228 2
3228 3291 3292 3229 2
3229 3292 3293 3230 2
3230 3293 3294 3231 2
3231 3294 3295 3232 2
3232 3295 3296 3233 2
3233 3296 3297 3234 2
3234 3297 3298 3235 2
3235 3298 3299 3236 2
3236 3299 3300 3237 2
3237 3300 3301 3238 2
3238 3301 3302 3239 2
3239 3302 3303 3240 2
3240 3303 3304 3241 2
3241 3304 3305 3242 2
3242 3305 3306 3243 2
3243 3306 3307 3244 2
3244 3307 3308 3245 2
3245 3308 3309 3246 2
3246 3309 3310 3247 2
3247 3310 3311 3248 2
3248 3311 3312 3249 2
3249 3312 3313 3250 2
3250 3313 3314 3251 2
3251 3314 3315 3252 2
3252 3315 3316 3253 2
3253 3316 3317 3254 2
3254 3317 3318 3255 2
3255 3318 3319 3256 2
3256 3319 3320 3257 2
3257 3320 3321 3258 2
3258 3321 3322 3259 2
3259 3322 3323 3260 2
3260 3323 3324 3261 2
3261 3324 3325 3262 2
3262 3325 3326 3263 2
3263 3326 3327 3264 2
3264 3327 3328 3265 2
3265 3328 3329 3266 2
3266 3329 3330 3267 2
3267 3330 3331 3268 2
3268 3331 3332 3269 2
3269 3332 3333 3270 2
3270 3333 3334 3271 2
3271 3334 3335 3272 2
3272 3335 3336 3273 2
3273 3336 3337 3274 2
3274 3337 3338 3275 2
3275 3338 3339 3276 2
3276 3339 3340 3277 2
3277 3340 3341 3278 2
3278 3341 3342 3279 2
3279 3342 3343 3280 2
3280 3343 3344 3281 2
3281 3344 3345 3282 2
3282 3345 3346 3283 2
3283 3346 3347 3284 2
3284 3347 242 241 2
116 117 3348 3285 2
3285 3348 3349 3286 2
3286 3349 3350 3287 2
3287 3350 3351 3288 2
3288 3351 3352 3289 2
3289 3352 3353 3290 2
3290 3353 3354 3291 2
3291 3354 3355 3292 2
3292 3355 3356 3293 2
3293 3356 3357 3294 2
3294 3357 3358 3295 2
3295 3358 3359 3296 2
3296 3359 3360 3297 2
3297 3360 3361 3298 2
3298 3361 3362 3299 2
3299 3362 3363 3300 2
3300 3363 3364 3301 2
3301 3364 3365 3302 2
3302 3365 3366 3303 2
3303 3366 3367 3304 2
3304 3367 3368 3305 2
3305 3368 3369 3306 2
3306 3369 3370 3307 2
3307 3370 3371 3308 2
3308 3371 3372 3309 2
3309 3372 3373 3310 2
3310 3373 3374 3311 2
3311 3374 3375 3312 2
3312 3375 3376 3313 2
3313 3376 3377 3314 2
3314 3377 3378 3315 2
3315 3378 3379 3316 2
3316 3379 3380 3317 2
3317 3380 3381 3318 2
3318 3381 3382 3319 2
3319 3382 3383 3320 2
3320 3383 3384 3321 2
3321 3384 3385 3322 2
3322 3385 3386 3323 2
3323 3386 3387 3324 2
3324 3387 3388 3325 2
3325 3388 3389 3326 2
3326 3389 3390 3327 2
3327 3390 3391 3328 2
3328 3391 3392 3329 2
3329 3392 3393 3330 2
3330 3393 3394 3331 2
3331 3394 3395 3332 2
3332 3395 3396 3333 2
3333 3396 3397 3334 2
3334 3397 3398 3335 2
3335 3398 3399 3336 2
3336 3399 3400 3337 2
3337 3400 3401 3338 2
3338 3401 3402 3339 2
3339 3402 3403 3340 2
3340 3403 3404 3341 2
3341 3404 3405 3342 2
3342 3405 3406 3343 2
3343 3406 3407 3344 2
3344 3407 3408 3345 2
3345 3408 3409 3346 2
3346 3409 3410 3347 2
3347 3410 243 242 2
117 118 3411 3348 2
3348 3411 3412 3349 2
3349 3412 3413 3350 2
3350 3413 3414 3351 2
3351 3414 3415 3352 2
3352 3415 3416 3353 2
3353 3416 3417 3354 2
3354 3417 3418 3355 2
3355 3418 3419 3356 2
3356 3419 3420 3357 2
3357 3420 3421 3358 2
3358 3421 3422 3359 2
3359 3422 3423 3360 2
3360 3423 3424 3361 2
3361 3424 3425 3362 2
3362 3425 3426 3363 2
3363 3426 3427 3364 2
3364 3427 3428 3365 2
3365 3428 3429 3366 2
3366 3429 3430 3367 2
3367 3430 3431 3368 2
3368 3431 3432 3369 2
3369 3432 3433 3370 2
3370 3433 3434 3371 2
3371 3434 3435 3372 2
3372 3435 3436 3373 2
3373 3436 3437 3374 2
3374 3437 3438 3375 2
3375 3438 3439 3376 2
3376 3439 3440 3377 2
3377 3440 3441 3378 2
3378 3441 3442 3379 2
3379 3442 3443 3380 2
3380 3443 3444 3381 2
3381 3444 3445 3382 2
3382 3445 3446 3383 2
3383 3446 3447 3384 2
3384 3447 3448 3385 2
3385 3448 3449 3386 2
3386 3449 3450 3387 2
3387 3450 3451 3388 2
3388 3451 3452 3389 2
3389 3452 3453 3390 2
3390 3453 3454 3391 2
3391 3454 3455 3392 2
3392 3455 3456 3393 2
3393 3456 3457 3394 2
3394 3457 3458 3395 2
3395 3458 3459 3396 2
3396 3459 3460 3397 2
3397 3460 3461 3398 2
3398 3461 3462 3399 2
3399 3462 3463 3400 2
3400 3463 3464 3401 2
3401 3464 3465 3402 2
3402 3465 3466 3403 2
3403 3466 3467 3404 2
3404 3467 3468 3405 2
3405 3468 3469 3406 2
3406 3469 3470 3407 2
3407 3470 3471 3408 2
3408 3471 3472 3409 2
3409 3472 3473 3410 2
3410 3473 244 243 2
118 119 3474 3411 2
3411 3474 3475 3412 2
3412 3475 3476 3413 2
3413 3476 3477 3414 2
3414 3477 3478 3415 2
3415 3478 3479 3416 2
3416 3479 3480 3417 2
3417 3480 3481 3418 2
3418 3481 3482 3419 2
3419 3482 3483 3420 2
3420 3483 3484 3421 2
3421 3484 3485 3422 2
3422 3485 3486 3423 2
3423 3486 3487 3424 2
3424 3487 3488 3425 2
3425 3488 3489 3426 2
3426 3489 3490 3427 2
3427 3490 3491 3428 2
3428 3491 3492 3429 2
3429 3492 3493 3430 2
3430 3493 3494 3431 2
3431 3494 3495 3432 2
3432 3495 3496 3433 2
3433 3496 3497 3434 2
3434 3497 3498 3435 2
3435 3498 3499 3436 2
3436 3499 3500 3437 2
3437 3500 3501 3438 2
3438 3501 3502 3439 2
3439 3502 3503 3440 2
3440 3503 3504 3441 2
3441 3504 3505 3442 2
3442 3505 3506 3443 2
3443 3506 3507 3444 2
3444 3507 3508 3445 2
3445 3508 3509 3446 2
3446 3509 3510 3447 2
3447 3510 3511 3448 2
3448 3511 3512 3449 2
3449 3512 3513 3450 2
3450 3513 3514 3451 2
3451 3514 3515 3452 2
3452 3515 3516 3453 2
3453 3516 3517 3454 2
3454 3517 3518 3455 2
3455 3518 3519 3456 2
3456 3519 3520 3457 2
3457 3520 3521 3458 2
3458 3521 3522 3459 2
3459 3522 3523 3460 2
3460 3523 3524 3461 2
3461 3524 3525 3462 2
3462 3525 3526 3463 2
3463 3526 3527 3464 2
3464 3527 3528 3465 2
3465 3528 3529 3466 2
3466 3529 3530 3467 2
3467 3530 3531 3468 2
3468 3531 3532 3469 2
3469 3532 3533 3470 2
3470 3533 3534 3471 2
3471 3534 3535 3472 2
3472 3535 3536 3473 2
3473 3536 245 244 2
119 120 3537 3474 2
3474 3537 3538 3475 2
3475 3538 3539 3476 2
3476 3539 3540 3477 2
3477 3540 3541 3478 2
3478 3541 3542 3479 2
3479 3542 3543 3480 2
3480 3543 3544 3481 2
3481 3544 3545 3482 2
3482 3545 3546 3483 2
3483 3546 3547 3484 2
3484 3547 3548 3485 2
3485 3548 3549 3486 2
3486 3549 3550 3487 2
3487 3550 3551 3488 2
3488 3551 3552 3489 2
3489 3552 3553 3490 2
3490 3553 3554 3491 2
3491 3554 3555 3492 2
3492 3555 3556 3493 2
3493 3556 3557 3494 2
3494 3557 3558 3495 2
3495 3558 3559 3496 2
3496 3559 3560 3497 2
3497 3560 3561 3498 2
3498 3561 3562 3499 2
3499 3562 3563 3500 2
3500 3563 3564 3501 2
3501 3564 3565 3502 2
3502 3565 3566 3503 2
3503 3566 3567 3504 2
3504 3567 3568 3505 2
3505 3568 3569 3506 2
3506 3569 3570 3507 2
3507 3570 3571 3508 2
3508 3571 3572 3509 2
3509 3572 3573 3510 2
3510 3573 3574 3511 2
3511 3574 3575 3512 2
3512 3575 3576 3513 2
3513 3576 3577 3514 2
3514 3577 3578 3515 2
3515 3578 3579 3516 2
3516 3579 3580 3517 2
3517 3580 3581 3518 2
3518 3581 3582 3519 2
3519 3582 3583 3520 2
3520 3583 3584 3521 2
3521 3584 3585 3522 2
3522 3585 3586 3523 2
3523 3586 3587 3524 2
3524 3587 3588 3525 2
3525 3588 3589 3526 2
3526 3589 3590 3527 2
3527 3590 3591 3528 2
3528 3591 3592 3529 2
3529 3592 3593 3530 2
3530 3593 3594 3531 2
3531 3594 3595 3532 2
3532 3595 3596 3533 2
3533 3596 3597 3534 2
3534 3597 3598 3535 2
3535 3598 3599 3536 2
3536 3599 246 245 2
120 121 3600 3537 2
3537 3600 3601 3538 2
3538 3601 3602 3539 2
3539 3602 3603 3540 2
3540 3603 3604 3541 2
3541 3604 3605 3542 2
3542 3605 3606 3543 2
3543 3606 3607 3544 2
3544 3607 3608 3545 2
3545 3608 3609 3546 2
3546 3609 3610 3547 2
3547 3610 3611 3548 2
3548 3611 3612 3549 2
3549 3612 3613 3550 2
3550 3613 3614 3551 2
3551 3614 3615 3552 2
3552 3615 3616 3553 2
3553 3616 3617 3554 2
3554 3617 3618 3555 2
3555 3618 3619 3556 2
3556 3619 3620 3557 2
3557 3620 3621 3558 2
3558 3621 3622 3559 2
3559 3622 3623 3560 2
3560 3623 3624 3561 2
3561 3624 3625 3562 2
3562 3625 3626 3563 2
3563 3626 3627 3564 2
3564 3627 3628 3565 2
3565 3628 3629 3566 2
3566 3629 3630 3567 2
3567 3630 3631 3568 2
3568 3631 3632 3569 2
3569 3632 3633 3570 2
3570 3633 3634 3571 2
3571 3634 3635 3572 2
3572 3635 3636 3573 2
3573 3636 3637 3574 2
3574 3637 3638 3575 2
3575 3638 3639 3576 2
3576 3639 3640 3577 2
3577 3640 3641 3578 2
3578 3641 3642 3579 2
3579 3642 3643 3580 2
3580 3643 3644 3581 2
3581 3644 3645 3582 2
3582 3645 3646 3583 2
3583 3646 3647 3584 2
3584 3647 3648 3585 2
3585 3648 3649 3586 2
3586 3649 3650 3587 2
3587 3650 3651 3588 2
3588 3651 3652 3589 2
3589 3652 3653 3590 2
3590 3653 3654 3591 2
3591 3654 3655 3592 2
3592 3655 3656 3593 2
3593 3656 3657 3594 2
3594 3657 3658 3595 2
3595 3658 3659 3596 2
3596 3659 3660 3597 2
3597 3660 3661 3598 2
3598 3661 3662 3599 2
3599 3662 247 246 2
121 122 3663 3600 2
3600 3663 3664 3601 2
3601 3664 3665 3602 2
3602 3665 3666 3603 2
3603 3666 3667 3604 2
3604 3667 3668 3605 2
3605 3668 3669 3606 2
3606 3669 3670 3607 2
3607 3670 3671 3608 2
3608 3671 3672 3609 2
3609 3672 3673 3610 2
3610 3673 3674 3611 2
3611 3674 3675 3612 2
3612 3675 3676 3613 2
3613 3676 3677 3614 2
3614 3677 3678 3615 2
3615 3678 3679 3616 2
3616 3679 3680 3617 2
3617 3680 3681 3618 2
3618 3681 3682 3619 2
3619 3682 3683 3620 2
3620 3683 3684 3621 2
3621 3684 3685 3622 2
3622 3685 3686 3623 2
3623 3686 3687 3624 2
3624 3687 3688 3625 2
3625 3688 3689 3626 2
3626 3689 3690 3627 2
3627 3690 3691 3628 2
3628 3691 3692 3629 2
3629 3692 3693 3630 2
3630 3693 3694 3631 2
3631 3694 3695 3632 2
3632 3695 3696 3633 2
3633 3696 3697 3634 2
3634 3697 3698 3635 2
3635 3698 3699 3636 2
3636 3699 3700 3637 2
3637 3700 3701 3638 2
3638 3701 3702 3639 2
3639 3702 3703 3640 2
3640 3703 3704 3641 2
3641 3704 3705 3642 2
3642 3705 3706 3643 2
3643 3706 3707 3644 2
3644 3707 3708 3645 2
3645 3708 3709 3646 2
3646 3709 3710 3647 2
3647 3710 3711 3648 2
3648 3711 3712 3649 2
3649 3712 3713 3650 2
3650 3713 3714 3651 2
3651 3714 3715 3652 2
3652 3715 3716 3653 2
3653 3716 3717 3654 2
3654 3717 3718 3655 2
3655 3718 3719 3656 2
3656 3719 3720 3657 2
3657 3720 3721 3658 2
3658 3721 3722 3659 2
3659 3722 3723 3660 2
3660 3723 3724 3661 2
3661 3724 3725 3662 2
3662 3725 248 247 2
122 123 3726 3663 2
3663 3726 3727 3664 2
3664 3727 3728 3665 2
3665 3728 3729 3666 2
3666 3729 3730 3667 2
3667 3730 3731 3668 2
3668 3731 3732 3669 2
3669 3732 3733 3670 2
3670 3733 3734 3671 2
3671 3734 3735 3672 2
3672 3735 3736 3673 2
3673 3736 3737 3674 2
3674 3737 3738 3675 2
3675 3738 3739 3676 2
3676 3739 3740 3677 2
3677 3740 3741 3678 2
3678 3741 3742 3679 2
3679 3742 3743 3680 2
3680 3743 3744 3681 2
3681 3744 3745 3682 2
3682 3745 3746 3683 2
3683 3746 3747 3684 2
3684 3747 3748 3685 2
3685 3748 3749 3686 2
3686 3749 3750 3687 2
3687 3750 3751 3688 2
3688 3751 3752 3689 2
3689 3752 3753 3690 2
3690 3753 3754 3691 2
3691 3754 3755 3692 2
3692 3755 3756 3693 2
3693 3756 3757 3694 2
3694 3757 3758 3695 2
3695 3758 3759 3696 2
3696 3759 3760 3697 2
3697 3760 3761 3698 2
3698 3761 3762 3699 2
3699 3762 3763 3700 2
3700 3763 3764 3701 2
3701 3764 3765 3702 2
3702 3765 3766 3703 2
3703 3766 3767 3704 2
3704 3767 3768 3705 2
3705 3768 3769 3706 2
3706 3769 3770 3707 2
3707 3770 3771 3708 2
3708 3771 3772 3709 2
3709 3772 3773 3710 2
3710 3773 3774 3711 2
3711 3774 3775 3712 2
3712 3775 3776 3713 2
3713 3776 3777 3714 2
3714 3777 3778 3715 2
3715 3778 3779 3716 2
3716 3779 3780 3717 2
3717 3780 3781 3718 2
3718 3781 3782 3719 2
3719 3782 3783 3720 2
3720 3783 3784 3721 2
3721 3784 3785 3722 2
3722 3785 3786 3723 2
3723 3786 3787 3724 2
3724 3787 3788 3725 2
3725 3788 249 248 2
123 124 3789 3726 2
3726 3789 3790 3727 2
3727 3790 3791 3728 2
3728 3791 3792 3729 2
3729 3792 3793 3730 2
3730 3793 3794 3731 2
3731 3794 3795 3732 2
3732 3795 3796 3733 2
3733 3796 3797 3734 2
3734 3797 3798 3735 2
3735 3798 3799 3736 2
3736 3799 3800 3737 2
3737 3800 3801 3738 2
3738 3801 3802 3739 2
3739 3802 3803 3740 2
3740 3803 3804 3741 2
3741 3804 3805 3742 2
3742 3805 3806 3743 2
3743 3806 3807 3744 2
3744 3807 3808 3745 2
3745 3808 3809 3746 2
3746 3809 3810 3747 2
3747 3810 3811 3748 2
3748 3811 3812 3749 2
3749 3812 3813 3750 2
3750 3813 3814 3751 2
3751 3814 3815 3752 2
3752 3815 3816 3753 2
3753 3816 3817 3754 2
3754 3817 3818 3755 2
3755 3818 3819 3756 2
3756 3819 3820 3757 2
3757 3820 3821 3758 2
3758 3821 3822 3759 2
3759 3822 3823 3760 2
3760 3823 3824 3761 2
3761 3824 3825 3762 2
3762 3825 3826 3763 2
3763 3826 3827 3764 2
3764 3827 3828 3765 2
3765 3828 3829 3766 2
3766 3829 3830 3767 2
3767 3830 3831 3768 2
3768 3831 3832 3769 2
3769 3832 3833 3770 2
3770 3833 3834 3771 2
3771 3834 3835 3772 2
3772 3835 3836 3773 2
3773 3836 3837 3774 2
3774 3837 3838 3775 2
3775 3838 3839 3776 2
3776 3839 3840 3777 2
3777 3840 3841 3778 2
3778 3841 3842 3779 2
3779 3842 3843 3780 2
3780 3843 3844 3781 2
3781 3844 3845 3782 2
3782 3845 3846 3783 2
3783 3846 3847 3784 2
3784 3847 3848 3785 2
3785 3848 3849 3786 2
3786 3849 3850 3787 2
3787 3850 3851 3788 2
3788 3851 250 249 2
124 125 3852 3789 2
3789 3852 3853 3790 2
3790 3853 3854 3791 2
3791 3854 3855 3792 2
3792 3855 3856 3793 2
3793 3856 3857 3794 2
3794 3857 3858 3795 2
3795 3858 3859 3796 2
3796 3859 3860 3797 2
3797 3860 3861 3798 2
3798 3861 3862 3799 2
3799 3862 3863 3800 2
3800 3863 3864 3801 2
3801 3864 3865 3802 2
3802 3865 3866 3803 2
3803 3866 3867 3804 2
3804 3867 3868 3805 2
3805 3868 3869 3806 2
3806 3869 3870 3807 2
3807 3870 3871 3808 2
3808 3871 3872 3809 2
3809 3872 3873 3810 2
3810 3873 3874 3811 2
3811 3874 3875 3812 2
3812 3875 3876 3813 2
3813 3876 3877 3814 2
3814 3877 3878 3815 2
3815 3878 3879 3816 2
3816 3879 3880 3817 2
3817 3880 3881 3818 2
3818 3881 3882 3819 2
3819 3882 3883 3820 2
3820 3883 3884 3821 2
3821 3884 3885 3822 2
3822 3885 3886 3823 2
3823 3886 3887 3824 2
3824 3887 3888 3825 2
3825 3888 3889 3826 2
3826 3889 3890 3827 2
3827 3890 3891 3828 2
3828 3891 3892 3829 2
3829 3892 3893 3830 2
3830 3893 3894 3831 2
3831 3894 3895 3832 2
3832 3895 3896 3833 2
3833 3896 3897 3834 2
3834 3897 3898 3835 2
3835 3898 3899 3836 2
3836 3899 3900 3837 2
3837 3900 3901 3838 2
3838 3901 3902 3839 2
3839 3902 3903 3840 2
3840 3903 3904 3841 2
3841 3904 3905 3842 2
3842 3905 3906 3843 2
3843 3906 3907 3844 2
3844 3907 3908 3845 2
3845 3908 3909 3846 2
3846 3909 3910 3847 2
3847 3910 3911 3848 2
3848 3911 3912 3849 2
3849 3912 3913 3850 2
3850 3913 3914 3851 2
3851 3914 251 250 2
125 126 3915 3852 2
3852 3915 3916 3853 2
3853 3916 3917 3854 2
3854 3917 3918 3855 2
3855 3918 3919 3856 2
3856 3919 3920 3857 2
3857 3920 3921 3858 2
3858 3921 3922 3859 2
3859 3922 3923 3860 2
3860 3923 3924 3861 2
3861 3924 3925 3862 2
3862 3925 3926 3863 2
3863 3926 3927 3864 2
3864 3927 3928 3865 2
3865 3928 3929 3866 2
3866 3929 3930 3867 2
3867 3930 3931 3868 2
3868 3931 3932 3869 2
3869 3932 3933 3870 2
3870 3933 3934 3871 2
3871 3934 3935 3872 2
3872 3935 3936 3873 2
3873 3936 3937 3874 2
3874 3937 3938 3875 2
3875 3938 3939 3876 2
3876 3939 3940 3877 2
3877 3940 3941 3878 2
3878 3941 3942 3879 2
3879 3942 3943 3880 2
3880 3943 3944 3881 2
3881 3944 3945 3882 2
3882 3945 3946 3883 2
3883 3946 3947 3884 2
3884 3947 3948 3885 2
3885 3948 3949 3886 2
3886 3949 3950 3887 2
3887 3950 3951 3888 2
3888 3951 3952 3889 2
3889 3952 3953 3890 2
3890 3953 3954 3891 2
3891 3954 3955 3892 2
3892 3955 3956 3893 2
3893 3956 3957 3894 2
3894 3957 3958 3895 2
3895 3958 3959 3896 2
3896 3959 3960 3897 2
3897 3960 3961 3898 2
3898 3961 3962 3899 2
3899 3962 3963 3900 2
3900 3963 3964 3901 2
3901 3964 3965 3902 2
3902 3965 3966 3903 2
3903 3966 3967 3904 2
3904 3967 3968 3905 2
3905 3968 3969 3906 2
3906 3969 3970 3907 2
3907 3970 3971 3908 2
3908 3971 3972 3909 2
3909 3972 3973 3910 2
3910 3973 3974 3911 2
3911 3974 3975 3912 2
3912 3975 3976 3913 2
3913 3976 3977 3914 2
3914 3977 252 251 2
126 127 3978 3915 2
3915 3978 3979 3916 2
3916 3979 3980 3917 2
3917 3980 3981 3918 2
3918 3981 3982 3919 2
3919 3982 3983 3920 2
3920 3983 3984 3921 2
3921 3984 3985 3922 2
3922 3985 3986 3923 2
3923 3986 3987 3924 2
3924 3987 3988 3925 2
3925 3988 3989 3926 2
3926 3989 3990 3927 2
3927 3990 3991 3928 2
3928 3991 3992 3929 2
3929 3992 3993 3930 2
3930 3993 3994 3931 2
3931 3994 3995 3932 2
3932 3995 3996 3933 2
3933 3996 3997 3934 2
3934 3997 3998 3935 2
3935 3998 3999 3936 2
3936 3999 4000 3937 2
3937 4000 4001 3938 2
3938 4001 4002 3939 2
3939 4002 4003 3940 2
3940 4003 4004 3941 2
3941 4004 4005 3942 2
3942 4005 4006 3943 2
3943 4006 4007 3944 2
3944 4007 4008 3945 2
3945 4008 4009 3946 2
3946 4009 4010 3947 2
3947 4010 4011 3948 2
3948 4011 4012 3949 2
3949 4012 4013 3950 2
3950 4013 4014 3951 2
3951 4014 4015 3952 2
3952 4015 4016 3953 2
3953 4016 4017 3954 2
3954 4017 4018 3955 2
3955 4018 4019 3956 2
3956 4019 4020 3957 2
3957 4020 4021 3958 2
3958 4021 4022 3959 2
3959 4022 4023 3960 2
3960 4023 4024 3961 2
3961 4024 4025 3962 2
3962 4025 4026 3963 2
3963 4026 4027 3964 2
3964 4027 4028 3965 2
3965 4028 4029 3966 2
3966 4029 4030 3967 2
3967 4030 4031 3968 2
3968 4031 4032 3969 2
3969 4032 4033 3970 2
3970 4033 4034 3971 2
3971 4034 4035 3972 2
3972 4035 4036 3973 2
3973 4036 4037 3974 2
3974 4037 4038 3975 2
3975 4038 4039 3976 2
3976 4039 4040 3977 2
3977 4040 253 252 2
127 128 4041 3978 2
3978 4041 4042 3979 2
3979 4042 4043 3980 2
3980 4043 4044 3981 2
3981 4044 4045 3982 2
3982 4045 4046 3983 2
3983 4046 4047 3984 2
3984 4047 4048 3985 2
3985 4048 4049 3986 2
3986 4049 4050 3987 2
3987 4050 4051 3988 2
3988 4051 4052 3989 2
3989 4052 4053 3990 2
3990 4053 4054 3991 2
3991 4054 4055 3992 2
3992 4055 4056 3993 2
3993 4056 4057 3994 2
3994 4057 4058 3995 2
3995 4058 4059 3996 2
3996 4059 4060 3997 2
3997 4060 4061 3998 2
3998 4061 4062 3999 2
3999 4062 4063 4000 2
4000 4063 4064 4001 2
4001 4064 4065 4002 2
4002 4065 4066 4003 2
4003 4066 4067 4004 2
4004 4067 4068 4005 2
4005 4068 4069 4006 2
4006 4069 4070 4007 2
4007 4070 4071 4008 2
4008 4071 4072 4009 2
4009 4072 4073 4010 2
4010 4073 4074 4011 2
4011 4074 4075 4012 2
4012 4075 4076 4013 2
4013 4076 4077 4014 2
4014 4077 4078 4015 2
4015 4078 4079 4016 2
4016 4079 4080 4017 2
4017 4080 4081 4018 2
4018 4081 4082 4019 2
4019 4082 4083 4020 2
4020 4083 4084 4021 2
4021 4084 4085 4022 2
4022 4085 4086 4023 2
4023 4086 4087 4024 2
4024 4087 4088 4025 2
4025 4088 4089 4026 2
4026 4089 4090 4027 2
4027 4090 4091 4028 2
4028 4091 4092 4029 2
4029 4092 4093 4030 2
4030 4093 4094 4031 2
4031 4094 4095 4032 2
4032 4095 4096 4033 2
4033 4096 4097 4034 2
4034 4097 4098 4035 2
4035 4098 4099 4036 2
4036 4099 4100 4037 2
4037 4100 4101 4038 2
4038 4101 4102 4039 2
4039 4102 4103 4040 2
4040 4103 254 253 2
128 129 4104 4041 2
4041 4104 4105 4042 2
4042 4105 4106 4043 2
4043 4106 4107 4044 2
4044 4107 4108 4045 2
4045 4108 4109 4046 2
4046 4109 4110 4047 2
4047 4110 4111 4048 2
4048 4111 4112 4049 2
4049 4112 4113 4050 2
4050 4113 4114 4051 2
4051 4114 4115 4052 2
4052 4115 4116 4053 2
4053 4116 4117 4054 2
4054 4117 4118 4055 2
4055 4118 4119 4056 2
4056 4119 4120 4057 2
4057 4120 4121 4058 2
4058 4121 4122 4059 2
4059 4122 4123 4060 2
4060 4123 4124 4061 2
4061 4124 4125 4062 2
4062 4125 4126 4063 2
4063 4126 4127 4064 2
4064 4127 4128 4065 2
4065 4128 4129 4066 2
4066 4129 4130 4067 2
4067 4130 4131 4068 2
4068 4131 4132 4069 2
4069 4132 4133 4070 2
4070 4133 4134 4071 2
4071 4134 4135 4072 2
4072 4135 4136 4073 2
4073 4136 4137 4074 2
4074 4137 4138 4075 2
4075 4138 4139 4076 2
4076 4139 4140 4077 2
4077 4140 4141 4078 2
4078 4141 4142 4079 2
4079 4142 4143 4080 2
4080 4143 4144 4081 2
4081 4144 4145 4082 2
4082 4145 4146 4083 2
4083 4146 4147 4084 2
4084 4147 4148 4085 2
4085 4148 4149 4086 2
4086 4149 4150 4087 2
4087 4150 4151 4088 2
4088 4151 4152 4089 2
4089 4152 4153 4090 2
4090 4153 4154 4091 2
4091 4154 4155 4092 2
4092 4155 4156 4093 2
4093 4156 4157 4094 2
4094 4157 4158 4095 2
4095 4158 4159 4096 2
4096 4159 4160 4097 2
4097 4160 4161 4098 2
4098 4161 4162 4099 2
4099 4162 4163 4100 2
4100 4163 4164 4101 2
4101 4164 4165 4102 2
4102 4165 4166 4103 2
4103 4166 255 254 2
129 130 4167 4104 2
4104 4167 4168 4105 2
4105 4168 4169 4106 2
4106 4169 4170 4107 2
4107 4170 4171 4108 2
4108 4171 4172 4109 2
4109 4172 4173 4110 2
4110 4173 4174 4111 2
4111 4174 4175 4112 2
4112 4175 4176 4113 2
4113 4176 4177 4114 2
4114 4177 4178 4115 2
4115 4178 4179 4116 2
4116 4179 4180 4117 2
4117 4180 4181 4118 2
4118 4181 4182 4119 2
4119 4182 4183 4120 2
4120 4183 4184 4121 2
4121 4184 4185 4122 2
4122 4185 4186 4123 2
4123 4186 4187 4124 2
4124 4187 4188 4125 2
4125 4188 4189 4126 2
4126 4189 4190 4127 2
4127 4190 4191 4128 2
4128 4191 4192 4129 2
4129 4192 4193 4130 2
4130 4193 4194 4131 2
4131 4194 4195 4132 2
4132 4195 4196 4133 2
4133 4196 4197 4134 2
4134 4197 4198 4135 2
4135 4198 4199 4136 2
4136 4199 4200 4137 2
4137 4200 4201 4138 2
4138 4201 4202 4139 2
4139 4202 4203 4140 2
4140 4203 4204 4141 2
4141 4204 4205 4142 2
4142 4205 4206 4143 2
4143 4206 4207 4144 2
4144 4207 4208 4145 2
4145 4208 4209 4146 2
4146 4209 4210 4147 2
4147 4210 4211 4148 2
4148 4211 4212 4149 2
4149 4212 4213 4150 2
4150 4213 4214 4151 2
4151 4214 4215 4152 2
4152 4215 4216 4153 2
4153 4216 4217 4154 2
4154 4217 4218 4155 2
4155 4218 4219 4156 2
4156 4219 4220 4157 2
4157 4220 4221 4158 2
4158 4221 4222 4159 2
4159 4222 4223 4160 2
4160 4223 4224 4161 2
4161 4224 4225 4162 2
4162 4225 4226 4163 2
4163 4226 4227 4164 2
4164 4227 4228 4165 2
4165 4228 4229 4166 2
4166 4229 256 255 2
130 131 4230 4167 2
4167 4230 4231 4168 2
4168 4231 4232 4169 2
4169 4232 4233 4170 2
4170 4233 4234 4171 2
4171 4234 4235 4172 2
4172 4235 4236 4173 2
4173 4236 4237 4174 2
4174 4237 4238 4175 2
4175 4238 4239 4176 2
4176 4239 4240 4177 2
4177 4240 4241 4178 2
4178 4241 4242 4179 2
4179 4242 4243 4180 2
4180 4243 4244 4181 2
4181 4244 4245 4182 2
4182 4245 4246 4183 2
4183 4246 4247 4184 2
4184 4247 4248 4185 2
4185 4248 4249 4186 2
4186 4249 4250 4187 2
4187 4250 4251 4188 2
4188 4251 4252 4189 2
4189 4252 4253 4190 2
4190 4253 4254 4191 2
4191 4254 4255 4192 2
4192 4255 4256 4193 2
4193 4256 4257 4194 2
4194 4257 4258 4195 2
4195 4258 4259 4196 2
4196 4259 4260 4197 2
4197 4260 4261 4198 2
4198 4261 4262 4199 2
4199 4262 4263 4200 2
4200 4263 4264 4201 2
4201 4264 4265 4202 2
4202 4265 4266 4203 2
4203 4266 4267 4204 2
4204 4267 4268 4205 2
4205 4268 4269 4206 2
4206 4269 4270 4207 2
4207 4270 4271 4208 2
4208 4271 4272 4209 2
4209 4272 4273 4210 2
4210 4273 4274 4211 2
4211 4274 4275 4212 2
4212 4275 4276 4213 2
4213 4276 4277 4214 2
4214 4277 4278 4215 2
4215 4278 4279 4216 2
4216 4279 4280 4217 2
4217 4280 4281 4218 2
4218 4281 4282 4219 2
4219 4282 4283 4220 2
4220 4283 4284 4221 2
4221 4284 4285 4222 2
4222 4285 4286 4223 2
4223 4286 4287 4224 2
4224 4287 4288 4225 2
4225 4288 4289 4226 2
4226 4289 4290 4227 2
4227 4290 4291 4228 2
4228 4291 4292 4229 2
4229 4292 257 256 2
131 132 4293 4230 2
4230 4293 4294 4231 2
4231 4294 4295 4232 2
4232 4295 4296 4233 2
4233 4296 4297 4234 2
4234 4297 4298 4235 2
4235 4298 4299 4236 2
4236 4299 4300 4237 2
4237 4300 4301 4238 2
4238 4301 4302 4239 2
4239 4302 4303 4240 2
4240 4303 4304 4241 2
4241 4304 4305 4242 2
4242 4305 4306 4243 2
4243 4306 4307 4244 2
4244 4307 4308 4245 2
4245 4308 4309 4246 2
4246 4309 4310 4247 2
4247 4310 4311 4248 2
4248 4311 4312 4249 2
4249 4312 4313 4250 2
4250 4313 4314 4251 2
4251 4314 4315 4252 2
4252 4315 4316 4253 2
4253 4316 4317 4254 2
4254 4317 4318 4255 2
4255 4318 4319 4256 2
4256 4319 4320 4257 2
4257 4320 4321 4258 2
4258 4321 4322 4259 2
4259 4322 4323 4260 2
4260 4323 4324 4261 2
4261 4324 4325 4262 2
4262 4325 4326 4263 2
4263 4326 4327 4264 2
4264 4327 4328 4265 2
4265 4328 4329 4266 2
4266 4329 4330 4267 2
4267 4330 4331 4268 2
4268 4331 4332 4269 2
4269 4332 4333 4270 2
4270 4333 4334 4271 2
4271 4334 4335 4272 2
4272 4335 4336 4273 2
4273 4336 4337 4274 2
4274 4337 4338 4275 2
4275 4338 4339 4276 2
4276 4339 4340 4277 2
4277 4340 4341 4278 2
4278 4341 4342 4279 2
4279 4342 4343 4280 2
4280 4343 4344 4281 2
4281 4344 4345 4282 2
4282 4345 4346 4283 2
4283 4346 4347 4284 2
4284 4347 4348 4285 2
4285 4348 4349 4286 2
4286 4349 4350 4287 2
4287 4350 4351 4288 2
4288 4351 4352 4289 2
4289 4352 4353 4290 2
4290 4353 4354 4291 2
4291 4354 4355 4292 2
4292 4355 258 257 2
132 133 4356 4293 2
4293 4356 4357 4294 2
4294 4357 4358 4295 2
4295 4358 4359 4296 2
4296 4359 4360 4297 2
4297 4360 4361 4298 2
4298 4361 4362 4299 2
4299 4362 4363 4300 2
4300 4363 4364 4301 2
4301 4364 4365 4302 2
4302 4365 4366 4303 2
4303 4366 4367 4304 2
4304 4367 4368 4305 2
4305 4368 4369 4306 2
4306 4369 4370 4307 2
4307 4370 4371 4308 2
4308 4371 4372 4309 2
4309 4372 4373 4310 2
4310 4373 4374 4311 2
4311 4374 4375 4312 2
4312 4375 4376 4313 2
4313 4376 4377 4314 2
4314 4377 4378 4315 2
4315 4378 4379 4316 2
4316 4379 4380 4317 2
4317 4380 4381 4318 2
4318 4381 4382 4319 2
4319 4382 4383 4320 2
4320 4383 4384 4321 2
4321 4384 4385 4322 2
4322 4385 4386 4323 2
4323 4386 4387 4324 2
4324 4387 4388 4325 2
4325 4388 4389 4326 2
4326 4389 4390 4327 2
4327 4390 4391 4328 2
4328 4391 4392 4329 2
4329 4392 4393 4330 2
4330 4393 4394 4331 2
4331 4394 4395 4332 2
4332 4395 4396 4333 2
4333 4396 4397 4334 2
4334 4397 4398 4335 2
4335 4398 4399 4336 2
4336 4399 4400 4337 2
4337 4400 4401 4338 2
4338 4401 4402 4339 2
4339 4402 4403 4340 2
4340 4403 4404 4341 2
4341 4404 4405 4342 2
4342 4405 4406 4343 2
4343 4406 4407 4344 2
4344 4407 4408 4345 2
4345 4408 4409 4346 2
4346 4409 4410 4347 2
4347 4410 4411 4348 2
4348 4411 4412 4349 2
4349 4412 4413 4350 2
4350 4413 4414 4351 2
4351 4414 4415 4352 2
4352 4415 4416 4353 2
4353 4416 4417 4354 2
4354 4417 4418 4355 2
4355 4418 259 258 2
133 134 4419 4356 2
4356 4419 4420 4357 2
4357 4420 4421 4358 2
4358 4421 4422 4359 2
4359 4422 4423 4360 2
4360 4423 4424 4361 2
4361 4424 4425 4362 2
4362 4425 4426 4363 2
4363 4426 4427 4364 2
4364 4427 4428 4365 2
4365 4428 4429 4366 2
4366 4429 4430 4367 2
4367 4430 4431 4368 2
4368 4431 4432 4369 2
4369 4432 4433 4370 2
4370 4433 4434 4371 2
4371 4434 4435 4372 2
4372 4435 4436 4373 2
4373 4436 4437 4374 2
4374 4437 4438 4375 2
4375 4438 4439 4376 2
4376 4439 4440 4377 2
4377 4440 4441 4378 2
4378 4441 4442 4379 2
4379 4442 4443 4380 2
4380 4443 4444 4381 2
4381 4444 4445 4382 2
4382 4445 4446 4383 2
4383 4446 4447 4384 2
4384 4447 4448 4385 2
4385 4448 4449 4386 2
4386 4449 4450 4387 2
4387 4450 4451 4388 2
4388 4451 4452 4389 2
4389 4452 4453 4390 2
4390 4453 4454 4391 2
4391 4454 4455 4392 2
4392 4455 4456 4393 2
4393 4456 4457 4394 2
4394 4457 4458 4395 2
4395 4458 4459 4396 2
4396 4459 4460 4397 2
4397 4460 4461 4398 2
4398 4461 4462 4399 2
4399 4462 4463 4400 2
4400 4463 4464 4401 2
4401 4464 4465 4402 2
4402 4465 4466 4403 2
4403 4466 4467 4404 2
4404 4467 4468 4405 2
4405 4468 4469 4406 2
4406 4469 4470 4407 2
4407 4470 4471 4408 2
4408 4471 4472 4409 2
4409 4472 4473 4410 2
4410 4473 4474 4411 2
4411 4474 4475 4412 2
4412 4475 4476 4413 2
4413 4476 4477 4414 2
4414 4477 4478 4415 2
4415 4478 4479 4416 2
4416 4479 4480 4417 2
4417 4480 4481 4418 2
4418 4481 260 259 2
134 4 387 4419 2
4419 387 388 4420 2
4420 388 389 4421 2
4421 389 390 4422 2
4422 390 391 4423 2
4423 391 392 4424 2
4424 392 393 4425 2
4425 393 394 4426 2
4426 394 395 4427 2
4427 395 396 4428 2
4428 396 397 4429 2
4429 397 398 4430 2
4430 398 399 4431 2
4431 399 400 4432 2
4432 400 401 4433 2
4433 401 402 4434 2
4434 402 403 4435 2
4435 403 404 4436 2
4436 404 405 4437 2
4437 405 406 4438 2
4438 406 407 4439 2
4439 407 408 4440 2
4440 408 409 4441 2
4441 409 410 4442 2
4442 410 411 4443 2
4443 411 412 4444 2
4444 412 413 4445 2
4445 413 414 4446 2
4446 414 415 4447 2
4447 415 416 4448 2
4448 416 417 4449 2
4449 417 418 4450 2
4450 418 419 4451 2
4451 419 420 4452 2
4452 420 421 4453 2
4453 421 422 4454 2
4454 422 423 4455 2
4455 423 424 4456 2
4456 424 425 4457 2
4457 425 426 4458 2
4458 426 427 4459 2
4459 427 428 4460 2
4460 428 429 4461 2
4461 429 430 4462 2
4462 430 431 4463 2
4463 431 432 4464 2
4464 432 433 4465 2
4465 433 434 4466 2
4466 434 435 4467 2
4467 435 436 4468 2
4468 436 437 4469 2
4469 437 438 4470 2
4470 438 439 4471 2
4471 439 440 4472 2
4472 440 441 4473 2
4473 441 442 4474 2
4474 442 443 4475 2
4475 443 444 4476 2
4476 444 445 4477 2
4477 445 446 4478 2
4478 446 447 4479 2
4479 447 448 4480 2
4480 448 449 4481 2
4481 449 8 260 2
3 71 4482 450 2
450 4482 4483 451 2
451 4483 4484 452 2
452 4484 4485 453 2
453 4485 4486 454 2
454 4486 4487 455 2
455 4487 4488 456 2
456 4488 4489 457 2
457 4489 4490 458 2
458 4490 4491 459 2
459 4491 4492 460 2
460 4492 4493 461 2
461 4493 4494 462 2
462 4494 4495 463 2
463 4495 4496 464 2
464 4496 4497 465 2
465 4497 4498 466 2
466 4498 4499 467 2
467 4499 4500 468 2
468 4500 4501 469 2
469 4501 4502 470 2
470 4502 4503 471 2
471 4503 4504 472 2
472 4504 4505 473 2
473 4505 4506 474 2
474 4506 4507 475 2
475 4507 4508 476 2
476 4508 4509 477 2
477 4509 4510 478 2
478 4510 4511 479 2
479 4511 4512 480 2
480 4512 4513 481 2
481 4513 4514 482 2
482 4514 4515 483 2
483 4515 4516 484 2
484 4516 4517 485 2
485 4517 4518 486 2
486 4518 4519 487 2
487 4519 4520 488 2
488 4520 4521 489 2
489 4521 4522 490 2
490 4522 4523 491 2
491 4523 4524 492 2
492 4524 4525 493 2
493 4525 4526 494 2
494 4526 4527 495 2
495 4527 4528 496 2
496 4528 4529 497 2
497 4529 4530 498 2
498 4530 4531 499 2
499 4531 4532 500 2
500 4532 4533 501 2
501 4533 4534 502 2
502 4534 4535 503 2
503 4535 4536 504 2
504 4536 4537 505 2
505 4537 4538 506 2
506 4538 4539 507 2
507 4539 4540 508 2
508 4540 4541 509 2
509 4541 4542 510 2
510 4542 4543 511 2
511 4543 4544 512 2
512 4544 197 7 2
71 70 4545 4482 2
4482 4545 4546 4483 2
4483 4546 4547 4484 2
4484 4547 4548 4485 2
4485 4548 4549 4486 2
4486 4549 4550 4487 2
4487 4550 4551 4488 2
4488 4551 4552 4489 2
4489 4552 4553 4490 2
4490 4553 4554 4491 2
4491 4554 4555 4492 2
4492 4555 4556 4493 2
4493 4556 4557 4494 2
4494 4557 4558 4495 2
4495 4558 4559 4496 2
4496 4559 4560 4497 2
4497 4560 4561 4498 2
4498 4561 4562 4499 2
4499 4562 4563 4500 2
4500 4563 4564 4501 2
4501 4564 4565 4502 2
4502 4565 4566 4503 2
4503 4566 4567 4504 2
4504 4567 4568 4505 2
4505 4568 4569 4506 2
4506 4569 4570 4507 2
4507 4570 4571 4508 2
4508 4571 4572 4509 2
4509 4572 4573 4510 2
4510 4573 4574 4511 2
4511 4574 4575 4512 2
4512 4575 4576 4513 2
4513 4576 4577 4514 2
4514 4577 4578 4515 2
4515 4578 4579 4516 2
4516 4579 4580 4517 2
4517 4580 4581 4518 2
4518 4581 4582 4519 2
4519 4582 4583 4520 2
4520 4583 4584 4521 2
4521 4584 4585 4522 2
4522 4585 4586 4523 2
4523 4586 4587 4524 2
4524 4587 4588 4525 2
4525 4588 4589 4526 2
4526 4589 4590 4527 2
4527 4590 4591 4528 2
4528 4591 4592 4529 2
4529 4592 4593 4530 2
4530 4593 4594 4531 2
4531 4594 4595 4532 2
4532 4595 4596 4533 2
4533 4596 4597 4534 2
4534 4597 4598 4535 2
4535 4598 4599 4536 2
4536 4599 4600 4537 2
4537 4600 4601 4538 2
4538 4601 4602 4539 2
4539 4602 4603 4540 2
4540 4603 4604 4541 2
4541 4604 4605 4542 2
4542 4605 4606 4543 2
4543 4606 4607 4544 2
4544 4607 196 197 2
70 69 4608 4545 2
4545 4608 4609 4546 2
4546 4609 4610 4547 2
4547 4610 4611 4548 2
4548 4611 4612 4549 2
4549 4612 4613 4550 2
4550 4613 4614 4551 2
4551 4614 4615 4552 2
4552 4615 4616 4553 2
4553 4616 4617 4554 2
4554 4617 4618 4555 2
4555 4618 4619 4556 2
4556 4619 4620 4557 2
4557 4620 4621 4558 2
4558 4621 4622 4559 2
4559 4622 4623 4560 2
4560 4623 4624 4561 2
4561 4624 4625 4562 2
4562 4625 4626 4563 2
4563 4626 4627 4564 2
4564 4627 4628 4565 2
4565 4628 4629 4566 2
4566 4629 4630 4567 2
4567 4630 4631 4568 2
4568 4631 4632 4569 2
4569 4632 4633 4570 2
4570 4633 4634 4571 2
4571 4634 4635 4572 2
4572 4635 4636 4573 2
4573 4636 4637 4574 2
4574 4637 4638 4575 2
4575 4638 4639 4576 2
4576 4639 4640 4577 2
4577 4640 4641 4578 2
4578 4641 4642 4579 2
4579 4642 4643 4580 2
4580 4643 4644 4581 2
4581 4644 4645 4582 2
4582 4645 4646 4583 2
4583 4646 4647 4584 2
4584 4647 4648 4585 2
4585 4648 4649 4586 2
4586 4649 4650 4587 2
4587 4650 4651 4588 2
4588 4651 4652 4589 2
4589 4652 4653 4590 2
4590 4653 4654 4591 2
4591 4654 4655 4592 2
4592 4655 4656 4593 2
4593 4656 4657 4594 2
4594 4657 4658 4595 2
4595 4658 4659 4596 2
4596 4659 4660 4597 2
4597 4660 4661 4598 2
4598 4661 4662 4599 2
4599 4662 4663 4600 2
4600 4663 4664 4601 2
4601 4664 4665 4602 2
4602 4665 4666 4603 2
4603 4666 4667 4604 2
4604 4667 4668 4605 2
4605 4668 4669 4606 2
4606 4669 4670 4607 2
4607 4670 195 196 2
69 68 4671 4608 2
4608 4671 4672 4609 2
4609 4672 4673 4610 2
4610 4673 4674 4611 2
4611 4674 4675 4612 2
4612 4675 4676 4613 2
4613 4676 4677 4614 2
4614 4677 4678 4615 2
4615 4678 4679 4616 2
4616 4679 4680 4617 2
4617 4680 4681 4618 2
4618 4681 4682 4619 2
4619 4682 4683 4620 2
4620 4683 4684 4621 2
4621 4684 4685 4622 2
4622 4685 4686 4623 2
4623 4686 4687 4624 2
4624 4687 4688 4625 2
4625 4688 4689 4626 2
4626 4689 4690 4627 2
4627 4690 4691 4628 2
4628 4691 4692 4629 2
4629 4692 4693 4630 2
4630 4693 4694 4631 2
4631 4694 4695 4632 2
4632 4695 4696 4633 2
4633 4696 4697 4634 2
4634 4697 4698 4635 2
4635 4698 4699 4636 2
4636 4699 4700 4637 2
4637 4700 4701 4638 2
4638 4701 4702 4639 2
4639 4702 4703 4640 2
4640 4703 4704 4641 2
4641 4704 4705 4642 2
4642 4705 4706 4643 2
4643 4706 4707 4644 2
4644 4707 4708 4645 2
4645 4708 4709 4646 2
4646 4709 4710 4647 2
4647 4710 4711 4648 2
4648 4711 4712 4649 2
4649 4712 4713 4650 2
4650 4713 4714 4651 2
4651 4714 4715 4652 2
4652 4715 4716 4653 2
4653 4716 4717 4654 2
4654 4717 4718 4655 2
4655 4718 4719 4656 2
4656 4719 4720 4657 2
4657 4720 4721 4658 2
4658 4721 4722 4659 2
4659 4722 4723 4660 2
4660 4723 4724 4661 2
4661 4724 4725 4662 2
4662 4725 4726 4663 2
4663 4726 4727 4664 2
4664 4727 4728 4665 2
4665 4728 4729 4666 2
4666 4729 4730 4667 2
4667 4730 4731 4668 2
4668 4731 4732 4669 2
4669 4732 4733 4670 2
4670 4733 194 195 2
68 67 4734 4671 2
4671 4734 4735 4672 2
4672 4735 4736 4673 2
4673 4736 4737 4674 2
4674 4737 4738 4675 2
4675 4738 4739 4676 2
4676 4739 4740 4677 2
4677 4740 4741 4678 2
4678 4741 4742 4679 2
4679 4742 4743 4680 2
4680 4743 4744 4681 2
4681 4744 4745 4682 2
4682 4745 4746 4683 2
4683 4746 4747 4684 2
4684 4747 4748 4685 2
4685 4748 4749 4686 2
4686 4749 4750 4687 2
4687 4750 4751 4688 2
4688 4751 4752 4689 2
4689 4752 4753 4690 2
4690 4753 4754 4691 2
4691 4754 4755 4692 2
4692 4755 4756 4693 2
4693 4756 4757 4694 2
4694 4757 4758 4695 2
4695 4758 4759 4696 2
4696 4759 4760 4697 2
4697 4760 4761 4698 2
4698 4761 4762 4699 2
4699 4762 4763 4700 2
4700 4763 4764 4701 2
4701 4764 4765 4702 2
4702 4765 4766 4703 2
4703 4766 4767 4704 2
4704 4767 4768 4705 2
4705 4768 4769 4706 2
4706 4769 4770 4707 2
4707 4770 4771 4708 2
4708 4771 4772 4709 2
4709 4772 4773 4710 2
4710 4773 4774 4711 2
4711 4774 4775 4712 2
4712 4775 4776 4713 2
4713 4776 4777 4714 2
4714 4777 4778 4715 2
4715 4778 4779 4716 2
4716 4779 4780 4717 2
4717 4780 4781 4718 2
4718 4781 4782 4719 2
4719 4782 4783 4720 2
4720 4783 4784 4721 2
4721 4784 4785 4722 2
4722 4785 4786 4723 2
4723 4786 4787 4724 2
4724 4787 4788 4725 2
4725 4788 4789 4726 2
4726 4789 4790 4727 2
4727 4790 4791 4728 2
4728 4791 4792 4729 2
4729 4792 4793 4730 2
4730 4793 4794 4731 2
4731 4794 4795 4732 2
4732 4795 4796 4733 2
4733 4796 193 194 2
67 66 4797 4734 2
4734 4797 4798 4735 2
4735 4798 4799 4736 2
4736 4799 4800 4737 2
4737 4800 4801 4738 2
4738 4801 4802 4739 2
4739 4802 4803 4740 2
4740 4803 4804 4741 2
4741 4804 4805 4742 2
4742 4805 4806 4743 2
4743 4806 4807 4744 2
4744 4807 4808 4745 2
4745 4808 4809 4746 2
4746 4809 4810 4747 2
4747 4810 4811 4748 2
4748 4811 4812 4749 2
4749 4812 4813 4750 2
4750 4813 4814 4751 2
4751 4814 4815 4752 2
4752 4815 4816 4753 2
4753 4816 4817 4754 2
4754 4817 4818 4755 2
4755 4818 4819 4756 2
4756 4819 4820 4757 2
4757 4820 4821 4758 2
4758 4821 4822 4759 2
4759 4822 4823 4760 2
4760 4823 4824 4761 2
4761 4824 4825 4762 2
4762 4825 4826 4763 2
4763 4826 4827 4764 2
4764 4827 4828 4765 2
4765 4828 4829 4766 2
4766 4829 4830 4767 2
4767 4830 4831 4768 2
4768 4831 4832 4769 2
4769 4832 4833 4770 2
4770 4833 4834 4771 2
4771 4834 4835 4772 2
4772 4835 4836 4773 2
4773 4836 4837 4774 2
4774 4837 4838 4775 2
4775 4838 4839 4776 2
4776 4839 4840 4777 2
4777 4840 4841 4778 2
4778 4841 4842 4779 2
4779 4842 4843 4780 2
4780 4843 4844 4781 2
4781 4844 4845 4782 2
4782 4845 4846 4783 2
4783 4846 4847 4784 2
4784 4847 4848 4785 2
4785 4848 4849 4786 2
4786 4849 4850 4787 2
4787 4850 4851 4788 2
4788 4851 4852 4789 2
4789 4852 4853 4790 2
4790 4853 4854 4791 2
4791 4854 4855 4792 2
4792 4855 4856 4793 2
4793 4856 4857 4794 2
4794 4857 4858 4795 2
4795 4858 4859 4796 2
4796 4859 192 193 2
66 65 4860 4797 2
4797 4860 4861 4798 2
4798 4861 4862 4799 2
4799 4862 4863 4800 2
4800 4863 4864 4801 2
4801 4864 4865 4802 2
4802 4865 4866 4803 2
4803 4866 4867 4804 2
4804 4867 4868 4805 2
4805 4868 4869 4806 2
4806 4869 4870 4807 2
4807 4870 4871 4808 2
4808 4871 4872 4809 2
4809 4872 4873 4810 2
4810 4873 4874 4811 2
4811 4874 4875 4812 2
4812 4875 4876 4813 2
4813 4876 4877 4814 2
4814 4877 4878 4815 2
4815 4878 4879 4816 2
4816 4879 4880 4817 2
4817 4880 4881 4818 2
4818 4881 4882 4819 2
4819 4882 4883 4820 2
4820 4883 4884 4821 2
4821 4884 4885 4822 2
4822 4885 4886 4823 2
4823 4886 4887 4824 2
4824 4887 4888 4825 2
4825 4888 4889 4826 2
4826 4889 4890 4827 2
4827 4890 4891 4828 2
4828 4891 4892 4829 2
4829 4892 4893 4830 2
4830 4893 4894 4831 2
4831 4894 4895 4832 2
4832 4895 4896 4833 2
4833 4896 4897 4834 2
4834 4897 4898 4835 2
4835 4898 4899 4836 2
4836 4899 4900 4837 2
4837 4900 4901 4838 2
4838 4901 4902 4839 2
4839 4902 4903 4840 2
4840 4903 4904 4841 2
4841 4904 4905 4842 2
4842 4905 4906 4843 2
4843 4906 4907 4844 2
4844 4907 4908 4845 2
4845 4908 4909 4846 2
4846 4909 4910 4847 2
4847 4910 4911 4848 2
4848 4911 4912 4849 2
4849 4912 4913 4850 2
4850 4913 4914 4851 2
4851 4914 4915 4852 2
4852 4915 4916 4853 2
4853 4916 4917 4854 2
4854 4917 4918 4855 2
4855 4918 4919 4856 2
4856 4919 4920 4857 2
4857 4920 4921 4858 2
4858 4921 4922 4859 2
4859 4922 191 192 2
65 64 4923 4860 2
4860 4923 4924 4861 2
4861 4924 4925 4862 2
4862 4925 4926 4863 2
4863 4926 4927 4864 2
4864 4927 4928 4865 2
4865 4928 4929 4866 2
4866 4929 4930 4867 2
4867 4930 4931 4868 2
4868 4931 4932 4869 2
4869 4932 4933 4870 2
4870 4933 4934 4871 2
4871 4934 4935 4872 2
4872 4935 4936 4873 2
4873 4936 4937 4874 2
4874 4937 4938 4875 2
4875 4938 4939 4876 2
4876 4939 4940 4877 2
4877 4940 4941 4878 2
4878 4941 4942 4879 2
4879 4942 4943 4880 2
4880 4943 4944 4881 2
4881 4944 4945 4882 2
4882 4945 4946 4883 2
4883 4946 4947 4884 2
4884 4947 4948 4885 2
4885 4948 4949 4886 2
4886 4949 4950 4887 2
4887 4950 4951 4888 2
4888 4951 4952 4889 2
4889 4952 4953 4890 2
4890 4953 4954 4891 2
4891 4954 4955 4892 2
4892 4955 4956 4893 2
4893 4956 4957 4894 2
4894 4957 4958 4895 2
4895 4958 4959 4896 2
4896 4959 4960 4897 2
4897 4960 4961 4898 2
4898 4961 4962 4899 2
4899 4962 4963 4900 2
4900 4963 4964 4901 2
4901 4964 4965 4902 2
4902 4965 4966 4903 2
4903 4966 4967 4904 2
4904 4967 4968 4905 2
4905 4968 4969 4906 2
4906 4969 4970 4907 2
4907 4970 4971 4908 2
4908 4971 4972 4909 2
4909 4972 4973 4910 2
4910 4973 4974 4911 2
4911 4974 4975 4912 2
4912 4975 4976 4913 2
4913 4976 4977 4914 2
4914 4977 4978 4915 2
4915 4978 4979 4916 2
4916 4979 4980 4917 2
4917 4980 4981 4918 2
4918 4981 4982 4919 2
4919 4982 4983 4920 2
4920 4983 4984 4921 2
4921 4984 4985 4922 2
4922 4985 190 191 2
64 63 4986 4923 2
4923 4986 4987 4924 2
4924 4987 4988 4925 2
4925 4988 4989 4926 2
4926 4989 4990 4927 2
4927 4990 4991 4928 2
4928 4991 4992 4929 2
4929 4992 4993 4930 2
4930 4993 4994 4931 2
4931 4994 4995 4932 2
4932 4995 4996 4933 2
4933 4996 4997 4934 2
4934 4997 4998 4935 2
4935 4998 4999 4936 2
4936 4999 5000 4937 2
4937 5000 5001 4938 2
4938 5001 5002 4939 2
4939 5002 5003 4940 2
4940 5003 5004 4941 2
4941 5004 5005 4942 2
4942 5005 5006 4943 2
4943 5006 5007 4944 2
4944 5007 5008 4945 2
4945 5008 5009 4946 2
4946 5009 5010 4947 2
4947 5010 5011 4948 2
4948 5011 5012 4949 2
4949 5012 5013 4950 2
4950 5013 5014 4951 2
4951 5014 5015 4952 2
4952 5015 5016 4953 2
4953 5016 5017 4954 2
4954 5017 5018 4955 2
4955 5018 5019 4956 2
4956 5019 5020 4957 2
4957 5020 5021 4958 2
4958 5021 5022 4959 2
4959 5022 5023 4960 2
4960 5023 5024 4961 2
4961 5024 5025 4962 2
4962 5025 5026 4963 2
4963 5026 5027 4964 2
4964 5027 5028 4965 2
4965 5028 5029 4966 2
4966 5029 5030 4967 2
4967 5030 5031 4968 2
4968 5031 5032 4969 2
4969 5032 5033 4970 2
4970 5033 5034 4971 2
4971 5034 5035 4972 2
4972 5035 5036 4973 2
4973 5036 5037 4974 2
4974 5037 5038 4975 2
4975 5038 5039 4976 2
4976 5039 5040 4977 2
4977 5040 5041 4978 2
4978 5041 5042 4979 2
4979 5042 5043 4980 2
4980 5043 5044 4981 2
4981 5044 5045 4982 2
4982 5045 5046 4983 2
4983 5046 5047 4984 2
4984 5047 5048 4985 2
4985 5048 189 190 2
63 62 5049 4986 2
4986 5049 5050 4987 2
4987 5050 5051 4988 2
4988 5051 5052 4989 2
4989 5052 5053 4990 2
4990 5053 5054 4991 2
4991 5054 5055 4992 2
4992 5055 5056 4993 2
4993 5056 5057 4994 2
4994 5057 5058 4995 2
4995 5058 5059 4996 2
4996 5059 5060 4997 2
4997 5060 5061 4998 2
4998 5061 5062 4999 2
4999 5062 5063 5000 2
5000 5063 5064 5001 2
5001 5064 5065 5002 2
5002 5065 5066 5003 2
5003 5066 5067 5004 2
5004 5067 5068 5005 2
5005 5068 5069 5006 2
5006 5069 5070 5007 2
5007 5070 5071 5008 2
5008 5071 5072 5009 2
5009 5072 5073 5010 2
5010 5073 5074 5011 2
5011 5074 5075 5012 2
5012 5075 5076 5013 2
5013 5076 5077 5014 2
5014 5077 5078 5015 2
5015 5078 5079 5016 2
5016 5079 5080 5017 2
5017 5080 5081 5018 2
5018 5081 5082 5019 2
5019 5082 5083 5020 2
5020 5083 5084 5021 2
5021 5084 5085 5022 2
5022 5085 5086 5023 2
5023 5086 5087 5024 2
5024 5087 5088 5025 2
5025 5088 5089 5026 2
5026 5089 5090 5027 2
5027 5090 5091 5028 2
5028 5091 5092 5029 2
5029 5092 5093 5030 2
5030 5093 5094 5031 2
5031 5094 5095 5032 2
5032 5095 5096 5033 2
5033 5096 5097 5034 2
5034 5097 5098 5035 2
5035 5098 5099 5036 2
5036 5099 5100 5037 2
5037 5100 5101 5038 2
5038 5101 5102 5039 2
5039 5102 5103 5040 2
5040 5103 5104 5041 2
5041 5104 5105 5042 2
5042 5105 5106 5043 2
5043 5106 5107 5044 2
5044 5107 5108 5045 2
5045 5108 5109 5046 2
5046 5109 5110 5047 2
5047 5110 5111 5048 2
5048 5111 188 189 2
62 61 5112 5049 2
5049 5112 5113 5050 2
5050 5113 5114 5051 2
5051 5114 5115 5052 2
5052 5115 5116 5053 2
5053 5116 5117 5054 2
5054 5117 5118 5055 2
5055 5118 5119 5056 2
5056 5119 5120 5057 2
5057 5120 5121 5058 2
5058 5121 5122 5059 2
5059 5122 5123 5060 2
5060 5123 5124 5061 2
5061 5124 5125 5062 2
5062 5125 5126 5063 2
5063 5126 5127 5064 2
5064 5127 5128 5065 2
5065 5128 5129 5066 2
5066 5129 5130 5067 2
5067 5130 5131 5068 2
5068 5131 5132 5069 2
5069 5132 5133 5070 2
5070 5133 5134 5071 2
5071 5134 5135 5072 2
5072 5135 5136 5073 2
5073 5136 5137 5074 2
5074 5137 5138 5075 2
5075 5138 5139 5076 2
5076 5139 5140 5077 2
5077 5140 5141 5078 2
5078 5141 5142 5079 2
5079 5142 5143 5080 2
5080 5143 5144 5081 2
5081 5144 5145 5082 2
5082 5145 5146 5083 2
5083 5146 5147 5084 2
5084 5147 5148 5085 2
5085 5148 5149 5086 2
5086 5149 5150 5087 2
5087 5150 5151 5088 2
5088 5151 5152 5089 2
5089 5152 5153 5090 2
5090 5153 5154 5091 2
5091 5154 5155 5092 2
5092 5155 5156 5093 2
5093 5156 5157 5094 2
5094 5157 5158 5095 2
5095 5158 5159 5096 2
5096 5159 5160 5097 2
5097 5160 5161 5098 2
5098 5161 5162 5099 2
5099 5162 5163 5100 2
5100 5163 5164 5101 2
5101 5164 5165 5102 2
5102 5165 5166 5103 2
5103 5166 5167 5104 2
5104 5167 5168 5105 2
5105 5168 5169 5106 2
5106 5169 5170 5107 2
5107 5170 5171 5108 2
5108 5171 5172 5109 2
5109 5172 5173 5110 2
5110 5173 5174 5111 2
5111 5174 187 188 2
61 60 5175 5112 2
5112 5175 5176 5113 2
5113 5176 5177 5114 2
5114 5177 5178 5115 2
5115 5178 5179 5116 2
5116 5179 5180 5117 2
5117 5180 5181 5118 2
5118 5181 5182 5119 2
5119 5182 5183 5120 2
5120 5183 5184 5121 2
5121 5184 5185 5122 2
5122 5185 5186 5123 2
5123 5186 5187 5124 2
5124 5187 5188 5125 2
5125 5188 5189 5126 2
5126 5189 5190 5127 2
5127 5190 5191 5128 2
5128 5191 5192 5129 2
5129 5192 5193 5130 2
5130 5193 5194 5131 2
5131 5194 5195 5132 2
5132 5195 5196 5133 2
5133 5196 5197 5134 2
5134 5197 5198 5135 2
5135 5198 5199 5136 2
5136 5199 5200 5137 2
5137 5200 5201 5138 2
5138 5201 5202 5139 2
5139 5202 5203 5140 2
5140 5203 5204 5141 2
5141 5204 5205 5142 2
5142 5205 5206 5143 2
5143 5206 5207 5144 2
5144 5207 5208 5145 2
5145 5208 5209 5146 2
5146 5209 5210 5147 2
5147 5210 5211 5148 2
5148 5211 5212 5149 2
5149 5212 5213 5150 2
5150 5213 5214 5151 2
5151 5214 5215 5152 2
5152 5215 5216 5153 2
5153 5216 5217 5154 2
5154 5217 5218 5155 2
5155 5218 5219 5156 2
5156 5219 5220 5157 2
5157 5220 5221 5158 2
5158 5221 5222 5159 2
5159 5222 5223 5160 2
5160 5223 5224 5161 2
5161 5224 5225 5162 2
5162 5225 5226 5163 2
5163 5226 5227 5164 2
5164 5227 5228 5165 2
5165 5228 5229 5166 2
5166 5229 5230 5167 2
5167 5230 5231 5168 2
5168 5231 5232 5169 2
5169 5232 5233 5170 2
5170 5233 5234 5171 2
5171 5234 5235 5172 2
5172 5235 5236 5173 2
5173 5236 5237 5174 2
5174 5237 186 187 2
60 59 5238 5175 2
5175 5238 5239 5176 2
5176 5239 5240 5177 2
5177 5240 5241 5178 2
5178 5241 5242 5179 2
5179 5242 5243 5180 2
5180 5243 5244 5181 2
5181 5244 5245 5182 2
5182 5245 5246 5183 2
5183 5246 5247 5184 2
5184 5247 5248 5185 2
5185 5248 5249 5186 2
5186 5249 5250 5187 2
5187 5250 5251 5188 2
5188 5251 5252 5189 2
5189 5252 5253 5190 2
5190 5253 5254 5191 2
5191 5254 5255 5192 2
5192 5255 5256 5193 2
5193 5256 5257 5194 2
5194 5257 5258 5195 2
5195 5258 5259 5196 2
5196 5259 5260 5197 2
5197 5260 5261 5198 2
5198 5261 5262 5199 2
5199 5262 5263 5200 2
5200 5263 5264 5201 2
5201 5264 5265 5202 2
5202 5265 5266 5203 2
5203 5266 5267 5204 2
5204 5267 5268 5205 2
5205 5268 5269 5206 2
5206 5269 5270 5207 2
5207 5270 5271 5208 2
5208 5271 5272 5209 2
5209 5272 5273 5210 2
5210 5273 5274 5211 2
5211 5274 5275 5212 2
5212 5275 5276 5213 2
5213 5276 5277 5214 2
5214 5277 5278 5215 2
5215 5278 5279 5216 2
5216 5279 5280 5217 2
5217 5280 5281 5218 2
5218 5281 5282 5219 2
5219 5282 5283 5220 2
5220 5283 5284 5221 2
5221 5284 5285 5222 2
5222 5285 5286 5223 2
5223 5286 5287 5224 2
5224 5287 5288 5225 2
5225 5288 5289 5226 2
5226 5289 5290 5227 2
5227 5290 5291 5228 2
5228 5291 5292 5229 2
5229 5292 5293 5230 2
5230 5293 5294 5231 2
5231 5294 5295 5232 2
5232 5295 5296 5233 2
5233 5296 5297 5234 2
5234 5297 5298 5235 2
5235 5298 5299 5236 2
5236 5299 5300 5237 2
5237 5300 185 186 2
59 58 5301 5238 2
5238 5301 5302 5239 2
5239 5302 5303 5240 2
5240 5303 5304 5241 2
5241 5304 5305 5242 2
5242 5305 5306 5243 2
5243 5306 5307 5244 2
5244 5307 5308 5245 2
5245 5308 5309 5246 2
5246 5309 5310 5247 2
5247 5310 5311 5248 2
5248 5311 5312 5249 2
5249 5312 5313 5250 2
5250 5313 5314 5251 2
5251 5314 5315 5252 2
5252 5315 5316 5253 2
5253 5316 5317 5254 2
5254 5317 5318 5255 2
5255 5318 5319 5256 2
5256 5319 5320 5257 2
5257 5320 5321 5258 2
5258 5321 5322 5259 2
5259 5322 5323 5260 2
5260 5323 5324 5261 2
5261 5324 5325 5262 2
5262 5325 5326 5263 2
5263 5326 5327 5264 2
5264 5327 5328 5265 2
5265 5328 5329 5266 2
5266 5329 5330 5267 2
5267 5330 5331 5268 2
5268 5331 5332 5269 2
5269 5332 5333 5270 2
5270 5333 5334 5271 2
5271 5334 5335 5272 2
5272 5335 5336 5273 2
5273 5336 5337 5274 2
5274 5337 5338 5275 2
5275 5338 5339 5276 2
5276 5339 5340 5277 2
5277 5340 5341 5278 2
5278 5341 5342 5279 2
5279 5342 5343 5280 2
5280 5343 5344 5281 2
5281 5344 5345 5282 2
5282 5345 5346 5283 2
5283 5346 5347 5284 2
5284 5347 5348 5285 2
5285 5348 5349 5286 2
5286 5349 5350 5287 2
5287 5350 5351 5288 2
5288 5351 5352 5289 2
5289 5352 5353 5290 2
5290 5353 5354 5291 2
5291 5354 5355 5292 2
5292 5355 5356 5293 2
5293 5356 5357 5294 2
5294 5357 5358 5295 2
5295 5358 5359 5296 2
5296 5359 5360 5297 2
5297 5360 5361 5298 2
5298 5361 5362 5299 2
5299 5362 5363 5300 2
5300 5363 184 185 2
58 57 5364 5301 2
5301 5364 5365 5302 2
5302 5365 5366 5303 2
5303 5366 5367 5304 2
5304 5367 5368 5305 2
5305 5368 5369 5306 2
5306 5369 5370 5307 2
5307 5370 5371 5308 2
5308 5371 5372 5309 2
5309 5372 5373 5310 2
5310 5373 5374 5311 2
5311 5374 5375 5312 2
5312 5375 5376 5313 2
5313 5376 5377 5314 2
5314 5377 5378 5315 2
5315 5378 5379 5316 2
5316 5379 5380 5317 2
5317 5380 5381 5318 2
5318 5381 5382 5319 2
5319 5382 5383 5320 2
5320 5383 5384 5321 2
5321 5384 5385 5322 2
5322 5385 5386 5323 2
5323 5386 5387 5324 2
5324 5387 5388 5325 2
5325 5388 5389 5326 2
5326 5389 5390 5327 2
5327 5390 5391 5328 2
5328 5391 5392 5329 2
5329 5392 5393 5330 2
5330 5393 5394 5331 2
5331 5394 5395 5332 2
5332 5395 5396 5333 2
5333 5396 5397 5334 2
5334 5397 5398 5335 2
5335 5398 5399 5336 2
5336 5399 5400 5337 2
5337 5400 5401 5338 2
5338 5401 5402 5339 2
5339 5402 5403 5340 2
5340 5403 5404 5341 2
5341 5404 5405 5342 2
5342 5405 5406 5343 2
5343 5406 5407 5344 2
5344 5407 5408 5345 2
5345 5408 5409 5346 2
5346 5409 5410 5347 2
5347 5410 5411 5348 2
5348 5411 5412 5349 2
5349 5412 5413 5350 2
5350 5413 5414 5351 2
5351 5414 5415 5352 2
5352 5415 5416 5353 2
5353 5416 5417 5354 2
5354 5417 5418 5355 2
5355 5418 5419 5356 2
5356 5419 5420 5357 2
5357 5420 5421 5358 2
5358 5421 5422 5359 2
5359 5422 5423 5360 2
5360 5423 5424 5361 2
5361 5424 5425 5362 2
5362 5425 5426 5363 2
5363 5426 183 184 2
57 56 5427 5364 2
5364 5427 5428 5365 2
5365 5428 5429 5366 2
5366 5429 5430 5367 2
5367 5430 5431 5368 2
5368 5431 5432 5369 2
5369 5432 5433 5370 2
5370 5433 5434 5371 2
5371 5434 5435 5372 2
5372 5435 5436 5373 2
5373 5436 5437 5374 2
5374 5437 5438 5375 2
5375 5438 5439 5376 2
5376 5439 5440 5377 2
5377 5440 5441 5378 2
5378 5441 5442 5379 2
5379 5442 5443 5380 2
5380 5443 5444 5381 2
5381 5444 5445 5382 2
5382 5445 5446 5383 2
5383 5446 5447 5384 2
5384 5447 5448 5385 2
5385 5448 5449 5386 2
5386 5449 5450 5387 2
5387 5450 5451 5388 2
5388 5451 5452 5389 2
5389 5452 5453 5390 2
5390 5453 5454 5391 2
5391 5454 5455 5392 2
5392 5455 5456 5393 2
5393 5456 5457 5394 2
5394 5457 5458 5395 2
5395 5458 5459 5396 2
5396 5459 5460 5397 2
5397 5460 5461 5398 2
5398 5461 5462 5399 2
5399 5462 5463 5400 2
5400 5463 5464 5401 2
5401 5464 5465 5402 2
5402 5465 5466 5403 2
5403 5466 5467 5404 2
5404 5467 5468 5405 2
5405 5468 5469 5406 2
5406 5469 5470 5407 2
5407 5470 5471 5408 2
5408 5471 5472 5409 2
5409 5472 5473 5410 2
5410 5473 5474 5411 2
5411 5474 5475 5412 2
5412 5475 5476 5413 2
5413 5476 5477 5414 2
5414 5477 5478 5415 2
5415 5478 5479 5416 2
5416 5479 5480 5417 2
5417 5480 5481 5418 2
5418 5481 5482 5419 2
5419 5482 5483 5420 2
5420 5483 5484 5421 2
5421 5484 5485 5422 2
5422 5485 5486 5423 2
5423 5486 5487 5424 2
5424 5487 5488 5425 2
5425 5488 5489 5426 2
5426 5489 182 183 2
56 55 5490 5427 2
5427 5490 5491 5428 2
5428 5491 5492 5429 2
5429 5492 5493 5430 2
5430 5493 5494 5431 2
5431 5494 5495 5432 2
5432 5495 5496 5433 2
5433 5496 5497 5434 2
5434 5497 5498 5435 2
5435 5498 5499 5436 2
5436 5499 5500 5437 2
5437 5500 5501 5438 2
5438 5501 5502 5439 2
5439 5502 5503 5440 2
5440 5503 5504 5441 2
5441 5504 5505 5442 2
5442 5505 5506 5443 2
5443 5506 5507 5444 2
5444 5507 5508 5445 2
5445 5508 5509 5446 2
5446 5509 5510 5447 2
5447 5510 5511 5448 2
5448 5511 5512 5449 2
5449 5512 5513 5450 2
5450 5513 5514 5451 2
5451 5514 5515 5452 2
5452 5515 5516 5453 2
5453 5516 5517 5454 2
5454 5517 5518 5455 2
5455 5518 5519 5456 2
5456 5519 5520 5457 2
5457 5520 5521 5458 2
5458 5521 5522 5459 2
5459 5522 5523 5460 2
5460 5523 5524 5461 2
5461 5524 5525 5462 2
5462 5525 5526 5463 2
5463 5526 5527 5464 2
5464 5527 5528 5465 2
5465 5528 5529 5466 2
5466 5529 5530 5467 2
5467 5530 5531 5468 2
5468 5531 5532 5469 2
5469 5532 5533 5470 2
5470 5533 5534 5471 2
5471 5534 5535 5472 2
5472 5535 5536 5473 2
5473 5536 5537 5474 2
5474 5537 5538 5475 2
5475 5538 5539 5476 2
5476 5539 5540 5477 2
5477 5540 5541 5478 2
5478 5541 5542 5479 2
5479 5542 5543 5480 2
5480 5543 5544 5481 2
5481 5544 5545 5482 2
5482 5545 5546 5483 2
5483 5546 5547 5484 2
5484 5547 5548 5485 2
5485 5548 5549 5486 2
5486 5549 5550 5487 2
5487 5550 5551 5488 2
5488 5551 5552 5489 2
5489 5552 181 182 2
55 54 5553 5490 2
5490 5553 5554 5491 2
5491 5554 5555 5492 2
5492 5555 5556 5493 2
5493 5556 5557 5494 2
5494 5557 5558 5495 2
5495 5558 5559 5496 2
5496 5559 5560 5497 2
5497 5560 5561 5498 2
5498 5561 5562 5499 2
5499 5562 5563 5500 2
5500 5563 5564 5501 2
5501 5564 5565 5502 2
5502 5565 5566 5503 2
5503 5566 5567 5504 2
5504 5567 5568 5505 2
5505 5568 5569 5506 2
5506 5569 5570 5507 2
5507 5570 5571 5508 2
5508 5571 5572 5509 2
5509 5572 5573 5510 2
5510 5573 5574 5511 2
5511 5574 5575 5512 2
5512 5575 5576 5513 2
5513 5576 5577 5514 2
5514 5577 5578 5515 2
5515 5578 5579 5516 2
5516 5579 5580 5517 2
5517 5580 5581 5518 2
5518 5581 5582 5519 2
5519 5582 5583 5520 2
5520 5583 5584 5521 2
5521 5584 5585 5522 2
5522 5585 5586 5523 2
5523 5586 5587 5524 2
5524 5587 5588 5525 2
5525 5588 5589 5526 2
5526 5589 5590 5527 2
5527 5590 5591 5528 2
5528 5591 5592 5529 2
5529 5592 5593 5530 2
5530 5593 5594 5531 2
5531 5594 5595 5532 2
5532 5595 5596 5533 2
5533 5596 5597 5534 2
5534 5597 5598 5535 2
5535 5598 5599 5536 2
5536 5599 5600 5537 2
5537 5600 5601 5538 2
5538 5601 5602 5539 2
5539 5602 5603 5540 2
5540 5603 5604 5541 2
5541 5604 5605 5542 2
5542 5605 5606 5543 2
5543 5606 5607 5544 2
5544 5607 5608 5545 2
5545 5608 5609 5546 2
5546 5609 5610 5547 2
5547 5610 5611 5548 2
5548 5611 5612 5549 2
5549 5612 5613 5550 2
5550 5613 5614 5551 2
5551 5614 5615 5552 2
5552 5615 180 181 2
54 53 5616 5553 2
5553 5616 5617 5554 2
5554 5617 5618 5555 2
5555 5618 5619 5556 2
5556 5619 5620 5557 2
5557 5620 5621 5558 2
5558 5621 5622 5559 2
5559 5622 5623 5560 2
5560 5623 5624 5561 2
5561 5624 5625 5562 2
5562 5625 5626 5563 2
5563 5626 5627 5564 2
5564 5627 5628 5565 2
5565 5628 5629 5566 2
5566 5629 5630 5567 2
5567 5630 5631 5568 2
5568 5631 5632 5569 2
5569 5632 5633 5570 2
5570 5633 5634 5571 2
5571 5634 5635 5572 2
5572 5635 5636 5573 2
5573 5636 5637 5574 2
5574 5637 5638 5575 2
5575 5638 5639 5576 2
5576 5639 5640 5577 2
5577 5640 5641 5578 2
5578 5641 5642 5579 2
5579 5642 5643 5580 2
5580 5643 5644 5581 2
5581 5644 5645 5582 2
5582 5645 5646 5583 2
5583 5646 5647 5584 2
5584 5647 5648 5585 2
5585 5648 5649 5586 2
5586 5649 5650 5587 2
5587 5650 5651 5588 2
5588 5651 5652 5589 2
5589 5652 5653 5590 2
5590 5653 5654 5591 2
5591 5654 5655 5592 2
5592 5655 5656 5593 2
5593 5656 5657 5594 2
5594 5657 5658 5595 2
5595 5658 5659 5596 2
5596 5659 5660 5597 2
5597 5660 5661 5598 2
5598 5661 5662 5599 2
5599 5662 5663 5600 2
5600 5663 5664 5601 2
5601 5664 5665 5602 2
5602 5665 5666 5603 2
5603 5666 5667 5604 2
5604 5667 5668 5605 2
5605 5668 5669 5606 2
5606 5669 5670 5607 2
5607 5670 5671 5608 2
5608 5671 5672 5609 2
5609 5672 5673 5610 2
5610 5673 5674 5611 2
5611 5674 5675 5612 2
5612 5675 5676 5613 2
5613 5676 5677 5614 2
5614 5677 5678 5615 2
5615 5678 179 180 2
53 52 5679 5616 2
5616 5679 5680 5617 2
5617 5680 5681 5618 2
5618 5681 5682 5619 2
5619 5682 5683 5620 2
5620 5683 5684 5621 2
5621 5684 5685 5622 2
5622 5685 5686 5623 2
5623 5686 5687 5624 2
5624 5687 5688 5625 2
5625 5688 5689 5626 2
5626 5689 5690 5627 2
5627 5690 5691 5628 2
5628 5691 5692 5629 2
5629 5692 5693 5630 2
5630 5693 5694 5631 2
5631 5694 5695 5632 2
5632 5695 5696 5633 2
5633 5696 5697 5634 2
5634 5697 5698 5635 2
5635 5698 5699 5636 2
5636 5699 5700 5637 2
5637 5700 5701 5638 2
5638 5701 5702 5639 2
5639 5702 5703 5640 2
5640 5703 5704 5641 2
5641 5704 5705 5642 2
5642 5705 5706 5643 2
5643 5706 5707 5644 2
5644 5707 5708 5645 2
5645 5708 5709 5646 2
5646 5709 5710 5647 2
5647 5710 5711 5648 2
5648 5711 5712 5649 2
5649 5712 5713 5650 2
5650 5713 5714 5651 2
5651 5714 5715 5652 2
5652 5715 5716 5653 2
5653 5716 5717 5654 2
5654 5717 5718 5655 2
5655 5718 5719 5656 2
5656 5719 5720 5657 2
5657 5720 5721 5658 2
5658 5721 5722 5659 2
5659 5722 5723 5660 2
5660 5723 5724 5661 2
5661 5724 5725 5662 2
5662 5725 5726 5663 2
5663 5726 5727 5664 2
5664 5727 5728 5665 2
5665 5728 5729 5666 2
5666 5729 5730 5667 2
5667 5730 5731 5668 2
5668 5731 5732 5669 2
5669 5732 5733 5670 2
5670 5733 5734 5671 2
5671 5734 5735 5672 2
5672 5735 5736 5673 2
5673 5736 5737 5674 2
5674 5737 5738 5675 2
5675 5738 5739 5676 2
5676 5739 5740 5677 2
5677 5740 5741 5678 2
5678 5741 178 179 2
52 51 5742 5679 2
5679 5742 5743 5680 2
5680 5743 5744 5681 2
5681 5744 5745 5682 2
5682 5745 5746 5683 2
5683 5746 5747 5684 2
5684 5747 5748 5685 2
5685 5748 5749 5686 2
5686 5749 5750 5687 2
5687 5750 5751 5688 2
5688 5751 5752 5689 2
5689 5752 5753 5690 2
5690 5753 5754 5691 2
5691 5754 5755 5692 2
5692 5755 5756 5693 2
5693 5756 5757 5694 2
5694 5757 5758 5695 2
5695 5758 5759 5696 2
5696 5759 5760 5697 2
5697 5760 5761 5698 2
5698 5761 5762 5699 2
5699 5762 5763 5700 2
5700 5763 5764 5701 2
5701 5764 5765 5702 2
5702 5765 5766 5703 2
5703 5766 5767 5704 2
5704 5767 5768 5705 2
5705 5768 5769 5706 2
5706 5769 5770 5707 2
5707 5770 5771 5708 2
5708 5771 5772 5709 2
5709 5772 5773 5710 2
5710 5773 5774 5711 2
5711 5774 5775 5712 2
5712 5775 5776 5713 2
5713 5776 5777 5714 2
5714 5777 5778 5715 2
5715 5778 5779 5716 2
5716 5779 5780 5717 2
5717 5780 5781 5718 2
5718 5781 5782 5719 2
5719 5782 5783 5720 2
5720 5783 5784 5721 2
5721 5784 5785 5722 2
5722 5785 5786 5723 2
5723 5786 5787 5724 2
5724 5787 5788 5725 2
5725 5788 5789 5726 2
5726 5789 5790 5727 2
5727 5790 5791 5728 2
5728 5791 5792 5729 2
5729 5792 5793 5730 2
5730 5793 5794 5731 2
5731 5794 5795 5732 2
5732 5795 5796 5733 2
5733 5796 5797 5734 2
5734 5797 5798 5735 2
5735 5798 5799 5736 2
5736 5799 5800 5737 2
5737 5800 5801 5738 2
5738 5801 5802 5739 2
5739 5802 5803 5740 2
5740 5803 5804 5741 2
5741 5804 177 178 2
51 50 5805 5742 2
5742 5805 5806 5743 2
5743 5806 5807 5744 2
5744 5807 5808 5745 2
5745 5808 5809 5746 2
5746 5809 5810 5747 2
5747 5810 5811 5748 2
5748 5811 5812 5749 2
5749 5812 5813 5750 2
5750 5813 5814 5751 2
5751 5814 5815 5752 2
5752 5815 5816 5753 2
5753 5816 5817 5754 2
5754 5817 5818 5755 2
5755 5818 5819 5756 2
5756 5819 5820 5757 2
5757 5820 5821 5758 2
5758 5821 5822 5759 2
5759 5822 5823 5760 2
5760 5823 5824 5761 2
5761 5824 5825 5762 2
5762 5825 5826 5763 2
5763 5826 5827 5764 2
5764 5827 5828 5765 2
5765 5828 5829 5766 2
5766 5829 5830 5767 2
5767 5830 5831 5768 2
5768 5831 5832 5769 2
5769 5832 5833 5770 2
5770 5833 5834 5771 2
5771 5834 5835 5772 2
5772 5835 5836 5773 2
5773 5836 5837 5774 2
5774 5837 5838 5775 2
5775 5838 5839 5776 2
5776 5839 5840 5777 2
5777 5840 5841 5778 2
5778 5841 5842 5779 2
5779 5842 5843 5780 2
5780 5843 5844 5781 2
5781 5844 5845 5782 2
5782 5845 5846 5783 2
5783 5846 5847 5784 2
5784 5847 5848 5785 2
5785 5848 5849 5786 2
5786 5849 5850 5787 2
5787 5850 5851 5788 2
5788 5851 5852 5789 2
5789 5852 5853 5790 2
5790 5853 5854 5791 2
5791 5854 5855 5792 2
5792 5855 5856 5793 2
5793 5856 5857 5794 2
5794 5857 5858 5795 2
5795 5858 5859 5796 2
5796 5859 5860 5797 2
5797 5860 5861 5798 2
5798 5861 5862 5799 2
5799 5862 5863 5800 2
5800 5863 5864 5801 2
5801 5864 5865 5802 2
5802 5865 5866 5803 2
5803 5866 5867 5804 2
5804 5867 176 177 2
50 49 5868 5805 2
5805 5868 5869 5806 2
5806 5869 5870 5807 2
5807 5870 5871 5808 2
5808 5871 5872 5809 2
5809 5872 5873 5810 2
5810 5873 5874 5811 2
5811 5874 5875 5812 2
5812 5875 5876 5813 2
5813 5876 5877 5814 2
5814 5877 5878 5815 2
5815 5878 5879 5816 2
5816 5879 5880 5817 2
5817 5880 5881 5818 2
5818 5881 5882 5819 2
5819 5882 5883 5820 2
5820 5883 5884 5821 2
5821 5884 5885 5822 2
5822 5885 5886 5823 2
5823 5886 5887 5824 2
5824 5887 5888 5825 2
5825 5888 5889 5826 2
5826 5889 5890 5827 2
5827 5890 5891 5828 2
5828 5891 5892 5829 2
5829 5892 5893 5830 2
5830 5893 5894 5831 2
5831 5894 5895 5832 2
5832 5895 5896 5833 2
5833 5896 5897 5834 2
5834 5897 5898 5835 2
5835 5898 5899 5836 2
5836 5899 5900 5837 2
5837 5900 5901 5838 2
5838 5901 5902 5839 2
5839 5902 5903 5840 2
5840 5903 5904 5841 2
5841 5904 5905 5842 2
5842 5905 5906 5843 2
5843 5906 5907 5844 2
5844 5907 5908 5845 2
5845 5908 5909 5846 2
5846 5909 5910 5847 2
5847 5910 5911 5848 2
5848 5911 5912 5849 2
5849 5912 5913 5850 2
5850 5913 5914 5851 2
5851 5914 5915 5852 2
5852 5915 5916 5853 2
5853 5916 5917 5854 2
5854 5917 5918 5855 2
5855 5918 5919 5856 2
5856 5919 5920 5857 2
5857 5920 5921 5858 2
5858 5921 5922 5859 2
5859 5922 5923 5860 2
5860 5923 5924 5861 2
5861 5924 5925 5862 2
5862 5925 5926 5863 2
5863 5926 5927 5864 2
5864 5927 5928 5865 2
5865 5928 5929 5866 2
5866 5929 5930 5867 2
5867 5930 175 176 2
49 48 5931 5868 2
5868 5931 5932 5869 2
5869 5932 5933 5870 2
5870 5933 5934 5871 2
5871 5934 5935 5872 2
5872 5935 5936 5873 2
5873 5936 5937 5874 2
5874 5937 5938 5875 2
5875 5938 5939 5876 2
5876 5939 5940 5877 2
5877 5940 5941 5878 2
5878 5941 5942 5879 2
5879 5942 5943 5880 2
5880 5943 5944 5881 2
5881 5944 5945 5882 2
5882 5945 5946 5883 2
5883 5946 5947 5884 2
5884 5947 5948 5885 2
5885 5948 5949 5886 2
5886 5949 5950 5887 2
5887 5950 5951 5888 2
5888 5951 5952 5889 2
5889 5952 5953 5890 2
5890 5953 5954 5891 2
5891 5954 5955 5892 2
5892 5955 5956 5893 2
5893 5956 5957 5894 2
5894 5957 5958 5895 2
5895 5958 5959 5896 2
5896 5959 5960 5897 2
5897 5960 5961 5898 2
5898 5961 5962 5899 2
5899 5962 5963 5900 2
5900 5963 5964 5901 2
5901 5964 5965 5902 2
5902 5965 5966 5903 2
5903 5966 5967 5904 2
5904 5967 5968 5905 2
5905 5968 5969 5906 2
5906 5969 5970 5907 2
5907 5970 5971 5908 2
5908 5971 5972 5909 2
5909 5972 5973 5910 2
5910 5973 5974 5911 2
5911 5974 5975 5912 2
5912 5975 5976 5913 2
5913 5976 5977 5914 2
5914 5977 5978 5915 2
5915 5978 5979 5916 2
5916 5979 5980 5917 2
5917 5980 5981 5918 2
5918 5981 5982 5919 2
5919 5982 5983 5920 2
5920 5983 5984 5921 2
5921 5984 5985 5922 2
5922 5985 5986 5923 2
5923 5986 5987 5924 2
5924 5987 5988 5925 2
5925 5988 5989 5926 2
5926 5989 5990 5927 2
5927 5990 5991 5928 2
5928 5991 5992 5929 2
5929 5992 5993 5930 2
5930 5993 174 175 2
48 47 5994 5931 2
5931 5994 5995 5932 2
5932 5995 5996 5933 2
5933 5996 5997 5934 2
5934 5997 5998 5935 2
5935 5998 5999 5936 2
5936 5999 6000 5937 2
5937 6000 6001 5938 2
5938 6001 6002 5939 2
5939 6002 6003 5940 2
5940 6003 6004 5941 2
5941 6004 6005 5942 2
5942 6005 6006 5943 2
5943 6006 6007 5944 2
5944 6007 6008 5945 2
5945 6008 6009 5946 2
5946 6009 6010 5947 2
5947 6010 6011 5948 2
5948 6011 6012 5949 2
5949 6012 6013 5950 2
5950 6013 6014 5951 2
5951 6014 6015 5952 2
5952 6015 6016 5953 2
5953 6016 6017 5954 2
5954 6017 6018 5955 2
5955 6018 6019 5956 2
5956 6019 6020 5957 2
5957 6020 6021 5958 2
5958 6021 6022 5959 2
5959 6022 6023 5960 2
5960 6023 6024 5961 2
5961 6024 6025 5962 2
5962 6025 6026 5963 2
5963 6026 6027 5964 2
5964 6027 6028 5965 2
5965 6028 6029 5966 2
5966 6029 6030 5967 2
5967 6030 6031 5968 2
5968 6031 6032 5969 2
5969 6032 6033 5970 2
5970 6033 6034 5971 2
5971 6034 6035 5972 2
5972 6035 6036 5973 2
5973 6036 6037 5974 2
5974 6037 6038 5975 2
5975 6038 6039 5976 2
5976 6039 6040 5977 2
5977 6040 6041 5978 2
5978 6041 6042 5979 2
5979 6042 6043 5980 2
5980 6043 6044 5981 2
5981 6044 6045 5982 2
5982 6045 6046 5983 2
5983 6046 6047 5984 2
5984 6047 6048 5985 2
5985 6048 6049 5986 2
5986 6049 6050 5987 2
5987 6050 6051 5988 2
5988 6051 6052 5989 2
5989 6052 6053 5990 2
5990 6053 6054 5991 2
5991 6054 6055 5992 2
5992 6055 6056 5993 2
5993 6056 173 174 2
47 46 6057 5994 2
5994 6057 6058 5995 2
5995 6058 6059 5996 2
5996 6059 6060 5997 2
5997 6060 6061 5998 2
5998 6061 6062 5999 2
5999 6062 6063 6000 2
6000 6063 6064 6001 2
6001 6064 6065 6002 2
6002 6065 6066 6003 2
6003 6066 6067 6004 2
6004 6067 6068 6005 2
6005 6068 6069 6006 2
6006 6069 6070 6007 2
6007 6070 6071 6008 2
6008 6071 6072 6009 2
6009 6072 6073 6010 2
6010 6073 6074 6011 2
6011 6074 6075 6012 2
6012 6075 6076 6013 2
6013 6076 6077 6014 2
6014 6077 6078 6015 2
6015 6078 6079 6016 2
6016 6079 6080 6017 2
6017 6080 6081 6018 2
6018 6081 6082 6019 2
6019 6082 6083 6020 2
6020 6083 6084 6021 2
6021 6084 6085 6022 2
6022 6085 6086 6023 2
6023 6086 6087 6024 2
6024 6087 6088 6025 2
6025 6088 6089 6026 2
6026 6089 6090 6027 2
6027 6090 6091 6028 2
6028 6091 6092 6029 2
6029 6092 6093 6030 2
6030 6093 6094 6031 2
6031 6094 6095 6032 2
6032 6095 6096 6033 2
6033 6096 6097 6034 2
6034 6097 6098 6035 2
6035 6098 6099 6036 2
6036 6099 6100 6037 2
6037 6100 6101 6038 2
6038 6101 6102 6039 2
6039 6102 6103 6040 2
6040 6103 6104 6041 2
6041 6104 6105 6042 2
6042 6105 6106 6043 2
6043 6106 6107 6044 2
6044 6107 6108 6045 2
6045 6108 6109 6046 2
6046 6109 6110 6047 2
6047 6110 6111 6048 2
6048 6111 6112 6049 2
6049 6112 6113 6050 2
6050 6113 6114 6051 2
6051 6114 6115 6052 2
6052 6115 6116 6053 2
6053 6116 6117 6054 2
6054 6117 6118 6055 2
6055 6118 6119 6056 2
6056 6119 172 173 2
46 45 6120 6057 2
6057 6120 6121 6058 2
6058 6121 6122 6059 2
6059 6122 6123 6060 2
6060 6123 6124 6061 2
6061 6124 6125 6062 2
6062 6125 6126 6063 2
6063 6126 6127 6064 2
6064 6127 6128 6065 2
6065 6128 6129 6066 2
6066 6129 6130 6067 2
6067 6130 6131 6068 2
6068 6131 6132 6069 2
6069 6132 6133 6070 2
6070 6133 6134 6071 2
6071 6134 6135 6072 2
6072 6135 6136 6073 2
6073 6136 6137 6074 2
6074 6137 6138 6075 2
6075 6138 6139 6076 2
6076 6139 6140 6077 2
6077 6140 6141 6078 2
6078 6141 6142 6079 2
6079 6142 6143 6080 2
6080 6143 6144 6081 2
6081 6144 6145 6082 2
6082 6145 6146 6083 2
6083 6146 6147 6084 2
6084 6147 6148 6085 2
6085 6148 6149 6086 2
6086 6149 6150 6087 2
6087 6150 6151 6088 2
6088 6151 6152 6089 2
6089 6152 6153 6090 2
6090 6153 6154 6091 2
6091 6154 6155 6092 2
6092 6155 6156 6093 2
6093 6156 6157 6094 2
6094 6157 6158 6095 2
6095 6158 6159 6096 2
6096 6159 6160 6097 2
6097 6160 6161 6098 2
6098 6161 6162 6099 2
6099 6162 6163 6100 2
6100 6163 6164 6101 2
6101 6164 6165 6102 2
6102 6165 6166 6103 2
6103 6166 6167 6104 2
6104 6167 6168 6105 2
6105 6168 6169 6106 2
6106 6169 6170 6107 2
6107 6170 6171 6108 2
6108 6171 6172 6109 2
6109 6172 6173 6110 2
6110 6173 6174 6111 2
6111 6174 6175 6112 2
6112 6175 6176 6113 2
6113 6176 6177 6114 2
6114 6177 6178 6115 2
6115 6178 6179 6116 2
6116 6179 6180 6117 2
6117 6180 6181 6118 2
6118 6181 6182 6119 2
6119 6182 171 172 2
45 44 6183 6120 2
6120 6183 6184 6121 2
6121 6184 6185 6122 2
6122 6185 6186 6123 2
6123 6186 6187 6124 2
6124 6187 6188 6125 2
6125 6188 6189 6126 2
6126 6189 6190 6127 2
6127 6190 6191 6128 2
6128 6191 6192 6129 2
6129 6192 6193 6130 2
6130 6193 6194 6131 2
6131 6194 6195 6132 2
6132 6195 6196 6133 2
6133 6196 6197 6134 2
6134 6197 6198 6135 2
6135 6198 6199 6136 2
6136 6199 6200 6137 2
6137 6200 6201 6138 2
6138 6201 6202 6139 2
6139 6202 6203 6140 2
6140 6203 6204 6141 2
6141 6204 6205 6142 2
6142 6205 6206 6143 2
6143 6206 6207 6144 2
6144 6207 6208 6145 2
6145 6208 6209 6146 2
6146 6209 6210 6147 2
6147 6210 6211 6148 2
6148 6211 6212 6149 2
6149 6212 6213 6150 2
6150 6213 6214 6151 2
6151 6214 6215 6152 2
6152 6215 6216 6153 2
6153 6216 6217 6154 2
6154 6217 6218 6155 2
6155 6218 6219 6156 2
6156 6219 6220 6157 2
6157 6220 6221 6158 2
6158 6221 6222 6159 2
6159 6222 6223 6160 2
6160 6223 6224 6161 2
6161 6224 6225 6162 2
6162 6225 6226 6163 2
6163 6226 6227 6164 2
6164 6227 6228 6165 2
6165 6228 6229 6166 2
6166 6229 6230 6167 2
6167 6230 6231 6168 2
6168 6231 6232 6169 2
6169 6232 6233 6170 2
6170 6233 6234 6171 2
6171 6234 6235 6172 2
6172 6235 6236 6173 2
6173 6236 6237 6174 2
6174 6237 6238 6175 2
6175 6238 6239 6176 2
6176 6239 6240 6177 2
6177 6240 6241 6178 2
6178 6241 6242 6179 2
6179 6242 6243 6180 2
6180 6243 6244 6181 2
6181 6244 6245 6182 2
6182 6245 170 171 2
44 43 6246 6183 2
6183 6246 6247 6184 2
6184 6247 6248 6185 2
6185 6248 6249 6186 2
6186 6249 6250 6187 2
6187 6250 6251 6188 2
6188 6251 6252 6189 2
6189 6252 6253 6190 2
6190 6253 6254 6191 2
6191 6254 6255 6192 2
6192 6255 6256 6193 2
6193 6256 6257 6194 2
6194 6257 6258 6195 2
6195 6258 6259 6196 2
6196 6259 6260 6197 2
6197 6260 6261 6198 2
6198 6261 6262 6199 2
6199 6262 6263 6200 2
6200 6263 6264 6201 2
6201 6264 6265 6202 2
6202 6265 6266 6203 2
6203 6266 6267 6204 2
6204 6267 6268 6205 2
6205 6268 6269 6206 2
6206 6269 6270 6207 2
6207 6270 6271 6208 2
6208 6271 6272 6209 2
6209 6272 6273 6210 2
6210 6273 6274 6211 2
6211 6274 6275 6212 2
6212 6275 6276 6213 2
6213 6276 6277 6214 2
6214 6277 6278 6215 2
6215 6278 6279 6216 2
6216 6279 6280 6217 2
6217 6280 6281 6218 2
6218 6281 6282 6219 2
6219 6282 6283 6220 2
6220 6283 6284 6221 2
6221 6284 6285 6222 2
6222 6285 6286 6223 2
6223 6286 6287 6224 2
6224 6287 6288 6225 2
6225 6288 6289 6226 2
6226 6289 6290 6227 2
6227 6290 6291 6228 2
6228 6291 6292 6229 2
6229 6292 6293 6230 2
6230 6293 6294 6231 2
6231 6294 6295 6232 2
6232 6295 6296 6233 2
6233 6296 6297 6234 2
6234 6297 6298 6235 2
6235 6298 6299 6236 2
6236 6299 6300 6237 2
6237 6300 6301 6238 2
6238 6301 6302 6239 2
6239 6302 6303 6240 2
6240 6303 6304 6241 2
6241 6304 6305 6242 2
6242 6305 6306 6243 2
6243 6306 6307 6244 2
6244 6307 6308 6245 2
6245 6308 169 170 2
43 42 6309 6246 2
6246 6309 6310 6247 2
6247 6310 6311 6248 2
6248 6311 6312 6249 2
6249 6312 6313 6250 2
6250 6313 6314 6251 2
6251 6314 6315 6252 2
6252 6315 6316 6253 2
6253 6316 6317 6254 2
6254 6317 6318 6255 2
6255 6318 6319 6256 2
6256 6319 6320 6257 2
6257 6320 6321 6258 2
6258 6321 6322 6259 2
6259 6322 6323 6260 2
6260 6323 6324 6261 2
6261 6324 6325 6262 2
6262 6325 6326 6263 2
6263 6326 6327 6264 2
6264 6327 6328 6265 2
6265 6328 6329 6266 2
6266 6329 6330 6267 2
6267 6330 6331 6268 2
6268 6331 6332 6269 2
6269 6332 6333 6270 2
6270 6333 6334 6271 2
6271 6334 6335 6272 2
6272 6335 6336 6273 2
6273 6336 6337 6274 2
6274 6337 6338 6275 2
6275 6338 6339 6276 2
6276 6339 6340 6277 2
6277 6340 6341 6278 2
6278 6341 6342 6279 2
6279 6342 6343 6280 2
6280 6343 6344 6281 2
6281 6344 6345 6282 2
6282 6345 6346 6283 2
6283 6346 6347 6284 2
6284 6347 6348 6285 2
6285 6348 6349 6286 2
6286 6349 6350 6287 2
6287 6350 6351 6288 2
6288 6351 6352 6289 2
6289 6352 6353 6290 2
6290 6353 6354 6291 2
6291 6354 6355 6292 2
6292 6355 6356 6293 2
6293 6356 6357 6294 2
6294 6357 6358 6295 2
6295 6358 6359 6296 2
6296 6359 6360 6297 2
6297 6360 6361 6298 2
6298 6361 6362 6299 2
6299 6362 6363 6300 2
6300 6363 6364 6301 2
6301 6364 6365 6302 2
6302 6365 6366 6303 2
6303 6366 6367 6304 2
6304 6367 6368 6305 2
6305 6368 6369 6306 2
6306 6369 6370 6307 2
6307 6370 6371 6308 2
6308 6371 168 169 2
42 41 6372 6309 2
6309 6372 6373 6310 2
6310 6373 6374 6311 2
6311 6374 6375 6312 2
6312 6375 6376 6313 2
6313 6376 6377 6314 2
6314 6377 6378 6315 2
6315 6378 6379 6316 2
6316 6379 6380 6317 2
6317 6380 6381 6318 2
6318 6381 6382 6319 2
6319 6382 6383 6320 2
6320 6383 6384 6321 2
6321 6384 6385 6322 2
6322 6385 6386 6323 2
6323 6386 6387 6324 2
6324 6387 6388 6325 2
6325 6388 6389 6326 2
6326 6389 6390 6327 2
6327 6390 6391 6328 2
6328 6391 6392 6329 2
6329 6392 6393 6330 2
6330 6393 6394 6331 2
6331 6394 6395 6332 2
6332 6395 6396 6333 2
6333 6396 6397 6334 2
6334 6397 6398 6335 2
6335 6398 6399 6336 2
6336 6399 6400 6337 2
6337 6400 6401 6338 2
6338 6401 6402 6339 2
6339 6402 6403 6340 2
6340 6403 6404 6341 2
6341 6404 6405 6342 2
6342 6405 6406 6343 2
6343 6406 6407 6344 2
6344 6407 6408 6345 2
6345 6408 6409 6346 2
6346 6409 6410 6347 2
6347 6410 6411 6348 2
6348 6411 6412 6349 2
6349 6412 6413 6350 2
6350 6413 6414 6351 2
6351 6414 6415 6352 2
6352 6415 6416 6353 2
6353 6416 6417 6354 2
6354 6417 6418 6355 2
6355 6418 6419 6356 2
6356 6419 6420 6357 2
6357 6420 6421 6358 2
6358 6421 6422 6359 2
6359 6422 6423 6360 2
6360 6423 6424 6361 2
6361 6424 6425 6362 2
6362 6425 6426 6363 2
6363 6426 6427 6364 2
6364 6427 6428 6365 2
6365 6428 6429 6366 2
6366 6429 6430 6367 2
6367 6430 6431 6368 2
6368 6431 6432 6369 2
6369 6432 6433 6370 2
6370 6433 6434 6371 2
6371 6434 167 168 2
41 40 6435 6372 2
6372 6435 6436 6373 2
6373 6436 6437 6374 2
6374 6437 6438 6375 2
6375 6438 6439 6376 2
6376 6439 6440 6377 2
6377 6440 6441 6378 2
6378 6441 6442 6379 2
6379 6442 6443 6380 2
6380 6443 6444 6381 2
6381 6444 6445 6382 2
6382 6445 6446 6383 2
6383 6446 6447 6384 2
6384 6447 6448 6385 2
6385 6448 6449 6386 2
6386 6449 6450 6387 2
6387 6450 6451 6388 2
6388 6451 6452 6389 2
6389 6452 6453 6390 2
6390 6453 6454 6391 2
6391 6454 6455 6392 2
6392 6455 6456 6393 2
6393 6456 6457 6394 2
6394 6457 6458 6395 2
6395 6458 6459 6396 2
6396 6459 6460 6397 2
6397 6460 6461 6398 2
6398 6461 6462 6399 2
6399 6462 6463 6400 2
6400 6463 6464 6401 2
6401 6464 6465 6402 2
6402 6465 6466 6403 2
6403 6466 6467 6404 2
6404 6467 6468 6405 2
6405 6468 6469 6406 2
6406 6469 6470 6407 2
6407 6470 6471 6408 2
6408 6471 6472 6409 2
6409 6472 6473 6410 2
6410 6473 6474 6411 2
6411 6474 6475 6412 2
6412 6475 6476 6413 2
6413 6476 6477 6414 2
6414 6477 6478 6415 2
6415 6478 6479 6416 2
6416 6479 6480 6417 2
6417 6480 6481 6418 2
6418 6481 6482 6419 2
6419 6482 6483 6420 2
6420 6483 6484 6421 2
6421 6484 6485 6422 2
6422 6485 6486 6423 2
6423 6486 6487 6424 2
6424 6487 6488 6425 2
6425 6488 6489 6426 2
6426 6489 6490 6427 2
6427 6490 6491 6428 2
6428 6491 6492 6429 2
6429 6492 6493 6430 2
6430 6493 6494 6431 2
6431 6494 6495 6432 2
6432 6495 6496 6433 2
6433 6496 6497 6434 2
6434 6497 166 167 2
40 39 6498 6435 2
6435 6498 6499 6436 2
6436 6499 6500 6437 2
6437 6500 6501 6438 2
6438 6501 6502 6439 2
6439 6502 6503 6440 2
6440 6503 6504 6441 2
6441 6504 6505 6442 2
6442 6505 6506 6443 2
6443 6506 6507 6444 2
6444 6507 6508 6445 2
6445 6508 6509 6446 2
6446 6509 6510 6447 2
6447 6510 6511 6448 2
6448 6511 6512 6449 2
6449 6512 6513 6450 2
6450 6513 6514 6451 2
6451 6514 6515 6452 2
6452 6515 6516 6453 2
6453 6516 6517 6454 2
6454 6517 6518 6455 2
6455 6518 6519 6456 2
6456 6519 6520 6457 2
6457 6520 6521 6458 2
6458 6521 6522 6459 2
6459 6522 6523 6460 2
6460 6523 6524 6461 2
6461 6524 6525 6462 2
6462 6525 6526 6463 2
6463 6526 6527 6464 2
6464 6527 6528 6465 2
6465 6528 6529 6466 2
6466 6529 6530 6467 2
6467 6530 6531 6468 2
6468 6531 6532 6469 2
6469 6532 6533 6470 2
6470 6533 6534 6471 2
6471 6534 6535 6472 2
6472 6535 6536 6473 2
6473 6536 6537 6474 2
6474 6537 6538 6475 2
6475 6538 6539 6476 2
6476 6539 6540 6477 2
6477 6540 6541 6478 2
6478 6541 6542 6479 2
6479 6542 6543 6480 2
6480 6543 6544 6481 2
6481 6544 6545 6482 2
6482 6545 6546 6483 2
6483 6546 6547 6484 2
6484 6547 6548 6485 2
6485 6548 6549 6486 2
6486 6549 6550 6487 2
6487 6550 6551 6488 2
6488 6551 6552 6489 2
6489 6552 6553 6490 2
6490 6553 6554 6491 2
6491 6554 6555 6492 2
6492 6555 6556 6493 2
6493 6556 6557 6494 2
6494 6557 6558 6495 2
6495 6558 6559 6496 2
6496 6559 6560 6497 2
6497 6560 165 166 2
39 38 6561 6498 2
6498 6561 6562 6499 2
6499 6562 6563 6500 2
6500 6563 6564 6501 2
6501 6564 6565 6502 2
6502 6565 6566 6503 2
6503 6566 6567 6504 2
6504 6567 6568 6505 2
6505 6568 6569 6506 2
6506 6569 6570 6507 2
6507 6570 6571 6508 2
6508 6571 6572 6509 2
6509 6572 6573 6510 2
6510 6573 6574 6511 2
6511 6574 6575 6512 2
6512 6575 6576 6513 2
6513 6576 6577 6514 2
6514 6577 6578 6515 2
6515 6578 6579 6516 2
6516 6579 6580 6517 2
6517 6580 6581 6518 2
6518 6581 6582 6519 2
6519 6582 6583 6520 2
6520 6583 6584 6521 2
6521 6584 6585 6522 2
6522 6585 6586 6523 2
6523 6586 6587 6524 2
6524 6587 6588 6525 2
6525 6588 6589 6526 2
6526 6589 6590 6527 2
6527 6590 6591 6528 2
6528 6591 6592 6529 2
6529 6592 6593 6530 2
6530 6593 6594 6531 2
6531 6594 6595 6532 2
6532 6595 6596 6533 2
6533 6596 6597 6534 2
6534 6597 6598 6535 2
6535 6598 6599 6536 2
6536 6599 6600 6537 2
6537 6600 6601 6538 2
6538 6601 6602 6539 2
6539 6602 6603 6540 2
6540 6603 6604 6541 2
6541 6604 6605 6542 2
6542 6605 6606 6543 2
6543 6606 6607 6544 2
6544 6607 6608 6545 2
6545 6608 6609 6546 2
6546 6609 6610 6547 2
6547 6610 6611 6548 2
6548 6611 6612 6549 2
6549 6612 6613 6550 2
6550 6613 6614 6551 2
6551 6614 6615 6552 2
6552 6615 6616 6553 2
6553 6616 6617 6554 2
6554 6617 6618 6555 2
6555 6618 6619 6556 2
6556 6619 6620 6557 2
6557 6620 6621 6558 2
6558 6621 6622 6559 2
6559 6622 6623 6560 2
6560 6623 164 165 2
38 37 6624 6561 2
6561 6624 6625 6562 2
6562 6625 6626 6563 2
6563 6626 6627 6564 2
6564 6627 6628 6565 2
6565 6628 6629 6566 2
6566 6629 6630 6567 2
6567 6630 6631 6568 2
6568 6631 6632 6569 2
6569 6632 6633 6570 2
6570 6633 6634 6571 2
6571 6634 6635 6572 2
6572 6635 6636 6573 2
6573 6636 6637 6574 2
6574 6637 6638 6575 2
6575 6638 6639 6576 2
6576 6639 6640 6577 2
6577 6640 6641 6578 2
6578 6641 6642 6579 2
6579 6642 6643 6580 2
6580 6643 6644 6581 2
6581 6644 6645 6582 2
6582 6645 6646 6583 2
6583 6646 6647 6584 2
6584 6647 6648 6585 2
6585 6648 6649 6586 2
6586 6649 6650 6587 2
6587 6650 6651 6588 2
6588 6651 6652 6589 2
6589 6652 6653 6590 2
6590 6653 6654 6591 2
6591 6654 6655 6592 2
6592 6655 6656 6593 2
6593 6656 6657 6594 2
6594 6657 6658 6595 2
6595 6658 6659 6596 2
6596 6659 6660 6597 2
6597 6660 6661 6598 2
6598 6661 6662 6599 2
6599 6662 6663 6600 2
6600 6663 6664 6601 2
6601 6664 6665 6602 2
6602 6665 6666 6603 2
6603 6666 6667 6604 2
6604 6667 6668 6605 2
6605 6668 6669 6606 2
6606 6669 6670 6607 2
6607 6670 6671 6608 2
6608 6671 6672 6609 2
6609 6672 6673 6610 2
6610 6673 6674 6611 2
6611 6674 6675 6612 2
6612 6675 6676 6613 2
6613 6676 6677 6614 2
6614 6677 6678 6615 2
6615 6678 6679 6616 2
6616 6679 6680 6617 2
6617 6680 6681 6618 2
6618 6681 6682 6619 2
6619 6682 6683 6620 2
6620 6683 6684 6621 2
6621 6684 6685 6622 2
6622 6685 6686 6623 2
6623 6686 163 164 2
37 36 6687 6624 2
6624 6687 6688 6625 2
6625 6688 6689 6626 2
6626 6689 6690 6627 2
6627 6690 6691 6628 2
6628 6691 6692 6629 2
6629 6692 6693 6630 2
6630 6693 6694 6631 2
6631 6694 6695 6632 2
6632 6695 6696 6633 2
6633 6696 6697 6634 2
6634 6697 6698 6635 2
6635 6698 6699 6636 2
6636 6699 6700 6637 2
6637 6700 6701 6638 2
6638 6701 6702 6639 2
6639 6702 6703 6640 2
6640 6703 6704 6641 2
6641 6704 6705 6642 2
6642 6705 6706 6643 2
6643 6706 6707 6644 2
6644 6707 6708 6645 2
6645 6708 6709 6646 2
6646 6709 6710 6647 2
6647 6710 6711 6648 2
6648 6711 6712 6649 2
6649 6712 6713 6650 2
6650 6713 6714 6651 2
6651 6714 6715 6652 2
6652 6715 6716 6653 2
6653 6716 6717 6654 2
6654 6717 6718 6655 2
6655 6718 6719 6656 2
6656 6719 6720 6657 2
6657 6720 6721 6658 2
6658 6721 6722 6659 2
6659 6722 6723 6660 2
6660 6723 6724 6661 2
6661 6724 6725 6662 2
6662 6725 6726 6663 2
6663 6726 6727 6664 2
6664 6727 6728 6665 2
6665 6728 6729 6666 2
6666 6729 6730 6667 2
6667 6730 6731 6668 2
6668 6731 6732 6669 2
6669 6732 6733 6670 2
6670 6733 6734 6671 2
6671 6734 6735 6672 2
6672 6735 6736 6673 2
6673 6736 6737 6674 2
6674 6737 6738 6675 2
6675 6738 6739 6676 2
6676 6739 6740 6677 2
6677 6740 6741 6678 2
6678 6741 6742 6679 2
6679 6742 6743 6680 2
6680 6743 6744 6681 2
6681 6744 6745 6682 2
6682 6745 6746 6683 2
6683 6746 6747 6684 2
6684 6747 6748 6685 2
6685 6748 6749 6686 2
6686 6749 162 163 2
36 35 6750 6687 2
6687 6750 6751 6688 2
6688 6751 6752 6689 2
6689 6752 6753 6690 2
6690 6753 6754 6691 2
6691 6754 6755 6692 2
6692 6755 6756 6693 2
6693 6756 6757 6694 2
6694 6757 6758 6695 2
6695 6758 6759 6696 2
6696 6759 6760 6697 2
6697 6760 6761 6698 2
6698 6761 6762 6699 2
6699 6762 6763 6700 2
6700 6763 6764 6701 2
6701 6764 6765 6702 2
6702 6765 6766 6703 2
6703 6766 6767 6704 2
6704 6767 6768 6705 2
6705 6768 6769 6706 2
6706 6769 6770 6707 2
6707 6770 6771 6708 2
6708 6771 6772 6709 2
6709 6772 6773 6710 2
6710 6773 6774 6711 2
6711 6774 6775 6712 2
6712 6775 6776 6713 2
6713 6776 6777 6714 2
6714 6777 6778 6715 2
6715 6778 6779 6716 2
6716 6779 6780 6717 2
6717 6780 6781 6718 2
6718 6781 6782 6719 2
6719 6782 6783 6720 2
6720 6783 6784 6721 2
6721 6784 6785 6722 2
6722 6785 6786 6723 2
6723 6786 6787 6724 2
6724 6787 6788 6725 2
6725 6788 6789 6726 2
6726 6789 6790 6727 2
6727 6790 6791 6728 2
6728 6791 6792 6729 2
6729 6792 6793 6730 2
6730 6793 6794 6731 2
6731 6794 6795 6732 2
6732 6795 6796 6733 2
6733 6796 6797 6734 2
6734 6797 6798 6735 2
6735 6798 6799 6736 2
6736 6799 6800 6737 2
6737 6800 6801 6738 2
6738 6801 6802 6739 2
6739 6802 6803 6740 2
6740 6803 6804 6741 2
6741 6804 6805 6742 2
6742 6805 6806 6743 2
6743 6806 6807 6744 2
6744 6807 6808 6745 2
6745 6808 6809 6746 2
6746 6809 6810 6747 2
6747 6810 6811 6748 2
6748 6811 6812 6749 2
6749 6812 161 162 2
35 34 6813 6750 2
6750 6813 6814 6751 2
6751 6814 6815 6752 2
6752 6815 6816 6753 2
6753 6816 6817 6754 2
6754 6817 6818 6755 2
6755 6818 6819 6756 2
6756 6819 6820 6757 2
6757 6820 6821 6758 2
6758 6821 6822 6759 2
6759 6822 6823 6760 2
6760 6823 6824 6761 2
6761 6824 6825 6762 2
6762 6825 6826 6763 2
6763 6826 6827 6764 2
6764 6827 6828 6765 2
6765 6828 6829 6766 2
6766 6829 6830 6767 2
6767 6830 6831 6768 2
6768 6831 6832 6769 2
6769 6832 6833 6770 2
6770 6833 6834 6771 2
6771 6834 6835 6772 2
6772 6835 6836 6773 2
6773 6836 6837 6774 2
6774 6837 6838 6775 2
6775 6838 6839 6776 2
6776 6839 6840 6777 2
6777 6840 6841 6778 2
6778 6841 6842 6779 2
6779 6842 6843 6780 2
6780 6843 6844 6781 2
6781 6844 6845 6782 2
6782 6845 6846 6783 2
6783 6846 6847 6784 2
6784 6847 6848 6785 2
6785 6848 6849 6786 2
6786 6849 6850 6787 2
6787 6850 6851 6788 2
6788 6851 6852 6789 2
6789 6852 6853 6790 2
6790 6853 6854 6791 2
6791 6854 6855 6792 2
6792 6855 6856 6793 2
6793 6856 6857 6794 2
6794 6857 6858 6795 2
6795 6858 6859 6796 2
6796 6859 6860 6797 2
6797 6860 6861 6798 2
6798 6861 6862 6799 2
6799 6862 6863 6800 2
6800 6863 6864 6801 2
6801 6864 6865 6802 2
6802 6865 6866 6803 2
6803 6866 6867 6804 2
6804 6867 6868 6805 2
6805 6868 6869 6806 2
6806 6869 6870 6807 2
6807 6870 6871 6808 2
6808 6871 6872 6809 2
6809 6872 6873 6810 2
6810 6873 6874 6811 2
6811 6874 6875 6812 2
6812 6875 160 161 2
34 33 6876 6813 2
6813 6876 6877 6814 2
6814 6877 6878 6815 2
6815 6878 6879 6816 2
6816 6879 6880 6817 2
6817 6880 6881 6818 2
6818 6881 6882 6819 2
6819 6882 6883 6820 2
6820 6883 6884 6821 2
6821 6884 6885 6822 2
6822 6885 6886 6823 2
6823 6886 6887 6824 2
6824 6887 6888 6825 2
6825 6888 6889 6826 2
6826 6889 6890 6827 2
6827 6890 6891 6828 2
6828 6891 6892 6829 2
6829 6892 6893 6830 2
6830 6893 6894 6831 2
6831 6894 6895 6832 2
6832 6895 6896 6833 2
6833 6896 6897 6834 2
6834 6897 6898 6835 2
6835 6898 6899 6836 2
6836 6899 6900 6837 2
6837 6900 6901 6838 2
6838 6901 6902 6839 2
6839 6902 6903 6840 2
6840 6903 6904 6841 2
6841 6904 6905 6842 2
6842 6905 6906 6843 2
6843 6906 6907 6844 2
6844 6907 6908 6845 2
6845 6908 6909 6846 2
6846 6909 6910 6847 2
6847 6910 6911 6848 2
6848 6911 6912 6849 2
6849 6912 6913 6850 2
6850 6913 6914 6851 2
6851 6914 6915 6852 2
6852 6915 6916 6853 2
6853 6916 6917 6854 2
6854 6917 6918 6855 2
6855 6918 6919 6856 2
6856 6919 6920 6857 2
6857 6920 6921 6858 2
6858 6921 6922 6859 2
6859 6922 6923 6860 2
6860 6923 6924 6861 2
6861 6924 6925 6862 2
6862 6925 6926 6863 2
6863 6926 6927 6864 2
6864 6927 6928 6865 2
6865 6928 6929 6866 2
6866 6929 6930 6867 2
6867 6930 6931 6868 2
6868 6931 6932 6869 2
6869 6932 6933 6870 2
6870 6933 6934 6871 2
6871 6934 6935 6872 2
6872 6935 6936 6873 2
6873 6936 6937 6874 2
6874 6937 6938 6875 2
6875 6938 159 160 2
33 32 6939 6876 2
6876 6939 6940 6877 2
6877 6940 6941 6878 2
6878 6941 6942 6879 2
6879 6942 6943 6880 2
6880 6943 6944 6881 2
6881 6944 6945 6882 2
6882 6945 6946 6883 2
6883 6946 6947 6884 2
6884 6947 6948 6885 2
6885 6948 6949 6886 2
6886 6949 6950 6887 2
6887 6950 6951 6888 2
6888 6951 6952 6889 2
6889 6952 6953 6890 2
6890 6953 6954 6891 2
6891 6954 6955 6892 2
6892 6955 6956 6893 2
6893 6956 6957 6894 2
6894 6957 6958 6895 2
6895 6958 6959 6896 2
6896 6959 6960 6897 2
6897 6960 6961 6898 2
6898 6961 6962 6899 2
6899 6962 6963 6900 2
6900 6963 6964 6901 2
6901 6964 6965 6902 2
6902 6965 6966 6903 2
6903 6966 6967 6904 2
6904 6967 6968 6905 2
6905 6968 6969 6906 2
6906 6969 6970 6907 2
6907 6970 6971 6908 2
6908 6971 6972 6909 2
6909 6972 6973 6910 2
6910 6973 6974 6911 2
6911 6974 6975 6912 2
6912 6975 6976 6913 2
6913 6976 6977 6914 2
6914 6977 6978 6915 2
6915 6978 6979 6916 2
6916 6979 6980 6917 2
6917 6980 6981 6918 2
6918 6981 6982 6919 2
6919 6982 6983 6920 2
6920 6983 6984 6921 2
6921 6984 6985 6922 2
6922 6985 6986 6923 2
6923 6986 6987 6924 2
6924 6987 6988 6925 2
6925 6988 6989 6926 2
6926 6989 6990 6927 2
6927 6990 6991 6928 2
6928 6991 6992 6929 2
6929 6992 6993 6930 2
6930 6993 6994 6931 2
6931 6994 6995 6932 2
6932 6995 6996 6933 2
6933 6996 6997 6934 2
6934 6997 6998 6935 2
6935 6998 6999 6936 2
6936 6999 7000 6937 2
6937 7000 7001 6938 2
6938 7001 158 159 2
32 31 7002 6939 2
6939 7002 7003 6940 2
6940 7003 7004 6941 2
6941 7004 7005 6942 2
6942 7005 7006 6943 2
6943 7006 7007 6944 2
6944 7007 7008 6945 2
6945 7008 7009 6946 2
6946 7009 7010 6947 2
6947 7010 7011 6948 2
6948 7011 7012 6949 2
6949 7012 7013 6950 2
6950 7013 7014 6951 2
6951 7014 7015 6952 2
6952 7015 7016 6953 2
6953 7016 7017 6954 2
6954 7017 7018 6955 2
6955 7018 7019 6956 2
6956 7019 7020 6957 2
6957 7020 7021 6958 2
6958 7021 7022 6959 2
6959 7022 7023 6960 2
6960 7023 7024 6961 2
6961 7024 7025 6962 2
6962 7025 7026 6963 2
6963 7026 7027 6964 2
6964 7027 7028 6965 2
6965 7028 7029 6966 2
6966 7029 7030 6967 2
6967 7030 7031 6968 2
6968 7031 7032 6969 2
6969 7032 7033 6970 2
6970 7033 7034 6971 2
6971 7034 7035 6972 2
6972 7035 7036 6973 2
6973 7036 7037 6974 2
6974 7037 7038 6975 2
6975 7038 7039 6976 2
6976 7039 7040 6977 2
6977 7040 7041 6978 2
6978 7041 7042 6979 2
6979 7042 7043 6980 2
6980 7043 7044 6981 2
6981 7044 7045 6982 2
6982 7045 7046 6983 2
6983 7046 7047 6984 2
6984 7047 7048 6985 2
6985 7048 7049 6986 2
6986 7049 7050 6987 2
6987 7050 7051 6988 2
6988 7051 7052 6989 2
6989 7052 7053 6990 2
6990 7053 7054 6991 2
6991 7054 7055 6992 2
6992 7055 7056 6993 2
6993 7056 7057 6994 2
6994 7057 7058 6995 2
6995 7058 7059 6996 2
6996 7059 7060 6997 2
6997 7060 7061 6998 2
6998 7061 7062 6999 2
6999 7062 7063 7000 2
7000 7063 7064 7001 2
7001 7064 157 158 2
31 30 7065 7002 2
7002 7065 7066 7003 2
7003 7066 7067 7004 2
7004 7067 7068 7005 2
7005 7068 7069 7006 2
7006 7069 7070 7007 2
7007 7070 7071 7008 2
7008 7071 7072 7009 2
7009 7072 7073 7010 2
7010 7073 7074 7011 2
7011 7074 7075 7012 2
7012 7075 7076 7013 2
7013 7076 7077 7014 2
7014 7077 7078 7015 2
7015 7078 7079 7016 2
7016 7079 7080 7017 2
7017 7080 7081 7018 2
7018 7081 7082 7019 2
7019 7082 7083 7020 2
7020 7083 7084 7021 2
7021 7084 7085 7022 2
7022 7085 7086 7023 2
7023 7086 7087 7024 2
7024 7087 7088 7025 2
7025 7088 7089 7026 2
7026 7089 7090 7027 2
7027 7090 7091 7028 2
7028 7091 7092 7029 2
7029 7092 7093 7030 2
7030 7093 7094 7031 2
7031 7094 7095 7032 2
7032 7095 7096 7033 2
7033 7096 7097 7034 2
7034 7097 7098 7035 2
7035 7098 7099 7036 2
7036 7099 7100 7037 2
7037 7100 7101 7038 2
7038 7101 7102 7039 2
7039 7102 7103 7040 2
7040 7103 7104 7041 2
7041 7104 7105 7042 2
7042 7105 7106 7043 2
7043 7106 7107 7044 2
7044 7107 7108 7045 2
7045 7108 7109 7046 2
7046 7109 7110 7047 2
7047 7110 7111 7048 2
7048 7111 7112 7049 2
7049 7112 7113 7050 2
7050 7113 7114 7051 2
7051 7114 7115 7052 2
7052 7115 7116 7053 2
7053 7116 7117 7054 2
7054 7117 7118 7055 2
7055 7118 7119 7056 2
7056 7119 7120 7057 2
7057 7120 7121 7058 2
7058 7121 7122 7059 2
7059 7122 7123 7060 2
7060 7123 7124 7061 2
7061 7124 7125 7062 2
7062 7125 7126 7063 2
7063 7126 7127 7064 2
7064 7127 156 157 2
30 29 7128 7065 2
7065 7128 7129 7066 2
7066 7129 7130 7067 2
7067 7130 7131 7068 2
7068 7131 7132 7069 2
7069 7132 7133 7070 2
7070 7133 7134 7071 2
7071 7134 7135 7072 2
7072 7135 7136 7073 2
7073 7136 7137 7074 2
7074 7137 7138 7075 2
7075 7138 7139 7076 2
7076 7139 7140 7077 2
7077 7140 7141 7078 2
7078 7141 7142 7079 2
7079 7142 7143 7080 2
7080 7143 7144 7081 2
7081 7144 7145 7082 2
7082 7145 7146 7083 2
7083 7146 7147 7084 2
7084 7147 7148 7085 2
7085 7148 7149 7086 2
7086 7149 7150 7087 2
7087 7150 7151 7088 2
7088 7151 7152 7089 2
7089 7152 7153 7090 2
7090 7153 7154 7091 2
7091 7154 7155 7092 2
7092 7155 7156 7093 2
7093 7156 7157 7094 2
7094 7157 7158 7095 2
7095 7158 7159 7096 2
7096 7159 7160 7097 2
7097 7160 7161 7098 2
7098 7161 7162 7099 2
7099 7162 7163 7100 2
7100 7163 7164 7101 2
7101 7164 7165 7102 2
7102 7165 7166 7103 2
7103 7166 7167 7104 2
7104 7167 7168 7105 2
7105 7168 7169 7106 2
7106 7169 7170 7107 2
7107 7170 7171 7108 2
7108 7171 7172 7109 2
7109 7172 7173 7110 2
7110 7173 7174 7111 2
7111 7174 7175 7112 2
7112 7175 7176 7113 2
7113 7176 7177 7114 2
7114 7177 7178 7115 2
7115 7178 7179 7116 2
7116 7179 7180 7117 2
7117 7180 7181 7118 2
7118 7181 7182 7119 2
7119 7182 7183 7120 2
7120 7183 7184 7121 2
7121 7184 7185 7122 2
7122 7185 7186 7123 2
7123 7186 7187 7124 2
7124 7187 7188 7125 2
7125 7188 7189 7126 2
7126 7189 7190 7127 2
7127 7190 155 156 2
29 28 7191 7128 2
7128 7191 7192 7129 2
7129 7192 7193 7130 2
7130 7193 7194 7131 2
7131 7194 7195 7132 2
7132 7195 7196 7133 2
7133 7196 7197 7134 2
7134 7197 7198 7135 2
7135 7198 7199 7136 2
7136 7199 7200 7137 2
7137 7200 7201 7138 2
7138 7201 7202 7139 2
7139 7202 7203 7140 2
7140 7203 7204 7141 2
7141 7204 7205 7142 2
7142 7205 7206 7143 2
7143 7206 7207 7144 2
7144 7207 7208 7145 2
7145 7208 7209 7146 2
7146 7209 7210 7147 2
7147 7210 7211 7148 2
7148 7211 7212 7149 2
7149 7212 7213 7150 2
7150 7213 7214 7151 2
7151 7214 7215 7152 2
7152 7215 7216 7153 2
7153 7216 7217 7154 2
7154 7217 7218 7155 2
7155 7218 7219 7156 2
7156 7219 7220 7157 2
7157 7220 7221 7158 2
7158 7221 7222 7159 2
7159 7222 7223 7160 2
7160 7223 7224 7161 2
7161 7224 7225 7162 2
7162 7225 7226 7163 2
7163 7226 7227 7164 2
7164 7227 7228 7165 2
7165 7228 7229 7166 2
7166 7229 7230 7167 2
7167 7230 7231 7168 2
7168 7231 7232 7169 2
7169 7232 7233 7170 2
7170 7233 7234 7171 2
7171 7234 7235 7172 2
7172 7235 7236 7173 2
7173 7236 7237 7174 2
7174 7237 7238 7175 2
7175 7238 7239 7176 2
7176 7239 7240 7177 2
7177 7240 7241 7178 2
7178 7241 7242 7179 2
7179 7242 7243 7180 2
7180 7243 7244 7181 2
7181 7244 7245 7182 2
7182 7245 7246 7183 2
7183 7246 7247 7184 2
7184 7247 7248 7185 2
7185 7248 7249 7186 2
7186 7249 7250 7187 2
7187 7250 7251 7188 2
7188 7251 7252 7189 2
7189 7252 7253 7190 2
7190 7253 154 155 2
28 27 7254 7191 2
7191 7254 7255 7192 2
7192 7255 7256 7193 2
7193 7256 7257 7194 2
7194 7257 7258 7195 2
7195 7258 7259 7196 2
7196 7259 7260 7197 2
7197 7260 7261 7198 2
7198 7261 7262 7199 2
7199 7262 7263 7200 2
7200 7263 7264 7201 2
7201 7264 7265 7202 2
7202 7265 7266 7203 2
7203 7266 7267 7204 2
7204 7267 7268 7205 2
7205 7268 7269 7206 2
7206 7269 7270 7207 2
7207 7270 7271 7208 2
7208 7271 7272 7209 2
7209 7272 7273 7210 2
7210 7273 7274 7211 2
7211 7274 7275 7212 2
7212 7275 7276 7213 2
7213 7276 7277 7214 2
7214 7277 7278 7215 2
7215 7278 7279 7216 2
7216 7279 7280 7217 2
7217 7280 7281 7218 2
7218 7281 7282 7219 2
7219 7282 7283 7220 2
7220 7283 7284 7221 2
7221 7284 7285 7222 2
7222 7285 7286 7223 2
7223 7286 7287 7224 2
7224 7287 7288 7225 2
7225 7288 7289 7226 2
7226 7289 7290 7227 2
7227 7290 7291 7228 2
7228 7291 7292 7229 2
7229 7292 7293 7230 2
7230 7293 7294 7231 2
7231 7294 7295 7232 2
7232 7295 7296 7233 2
7233 7296 7297 7234 2
7234 7297 7298 7235 2
7235 7298 7299 7236 2
7236 7299 7300 7237 2
7237 7300 7301 7238 2
7238 7301 7302 7239 2
7239 7302 7303 7240 2
7240 7303 7304 7241 2
7241 7304 7305 7242 2
7242 7305 7306 7243 2
7243 7306 7307 7244 2
7244 7307 7308 7245 2
7245 7308 7309 7246 2
7246 7309 7310 7247 2
7247 7310 7311 7248 2
7248 7311 7312 7249 2
7249 7312 7313 7250 2
7250 7313 7314 7251 2
7251 7314 7315 7252 2
7252 7315 7316 7253 2
7253 7316 153 154 2
27 26 7317 7254 2
7254 7317 7318 7255 2
7255 7318 7319 7256 2
7256 7319 7320 7257 2
7257 7320 7321 7258 2
7258 7321 7322 7259 2
7259 7322 7323 7260 2
7260 7323 7324 7261 2
7261 7324 7325 7262 2
7262 7325 7326 7263 2
7263 7326 7327 7264 2
7264 7327 7328 7265 2
7265 7328 7329 7266 2
7266 7329 7330 7267 2
7267 7330 7331 7268 2
7268 7331 7332 7269 2
7269 7332 7333 7270 2
7270 7333 7334 7271 2
7271 7334 7335 7272 2
7272 7335 7336 7273 2
7273 7336 7337 7274 2
7274 7337 7338 7275 2
7275 7338 7339 7276 2
7276 7339 7340 7277 2
7277 7340 7341 7278 2
7278 7341 7342 7279 2
7279 7342 7343 7280 2
7280 7343 7344 7281 2
7281 7344 7345 7282 2
7282 7345 7346 7283 2
7283 7346 7347 7284 2
7284 7347 7348 7285 2
7285 7348 7349 7286 2
7286 7349 7350 7287 2
7287 7350 7351 7288 2
7288 7351 7352 7289 2
7289 7352 7353 7290 2
7290 7353 7354 7291 2
7291 7354 7355 7292 2
7292 7355 7356 7293 2
7293 7356 7357 7294 2
7294 7357 7358 7295 2
7295 7358 7359 7296 2
7296 7359 7360 7297 2
7297 7360 7361 7298 2
7298 7361 7362 7299 2
7299 7362 7363 7300 2
7300 7363 7364 7301 2
7301 7364 7365 7302 2
7302 7365 7366 7303 2
7303 7366 7367 7304 2
7304 7367 7368 7305 2
7305 7368 7369 7306 2
7306 7369 7370 7307 2
7307 7370 7371 7308 2
7308 7371 7372 7309 2
7309 7372 7373 7310 2
7310 7373 7374 7311 2
7311 7374 7375 7312 2
7312 7375 7376 7313 2
7313 7376 7377 7314 2
7314 7377 7378 7315 2
7315 7378 7379 7316 2
7316 7379 152 153 2
26 25 7380 7317 2
7317 7380 7381 7318 2
7318 7381 7382 7319 2
7319 7382 7383 7320 2
7320 7383 7384 7321 2
7321 7384 7385 7322 2
7322 7385 7386 7323 2
7323 7386 7387 7324 2
7324 7387 7388 7325 2
7325 7388 7389 7326 2
7326 7389 7390 7327 2
7327 7390 7391 7328 2
7328 7391 7392 7329 2
7329 7392 7393 7330 2
7330 7393 7394 7331 2
7331 7394 7395 7332 2
7332 7395 7396 7333 2
7333 7396 7397 7334 2
7334 7397 7398 7335 2
7335 7398 7399 7336 2
7336 7399 7400 7337 2
7337 7400 7401 7338 2
7338 7401 7402 7339 2
7339 7402 7403 7340 2
7340 7403 7404 7341 2
7341 7404 7405 7342 2
7342 7405 7406 7343 2
7343 7406 7407 7344 2
7344 7407 7408 7345 2
7345 7408 7409 7346 2
7346 7409 7410 7347 2
7347 7410 7411 7348 2
7348 7411 7412 7349 2
7349 7412 7413 7350 2
7350 7413 7414 7351 2
7351 7414 7415 7352 2
7352 7415 7416 7353 2
7353 7416 7417 7354 2
7354 7417 7418 7355 2
7355 7418 7419 7356 2
7356 7419 7420 7357 2
7357 7420 7421 7358 2
7358 7421 7422 7359 2
7359 7422 7423 7360 2
7360 7423 7424 7361 2
7361 7424 7425 7362 2
7362 7425 7426 7363 2
7363 7426 7427 7364 2
7364 7427 7428 7365 2
7365 7428 7429 7366 2
7366 7429 7430 7367 2
7367 7430 7431 7368 2
7368 7431 7432 7369 2
7369 7432 7433 7370 2
7370 7433 7434 7371 2
7371 7434 7435 7372 2
7372 7435 7436 7373 2
7373 7436 7437 7374 2
7374 7437 7438 7375 2
7375 7438 7439 7376 2
7376 7439 7440 7377 2
7377 7440 7441 7378 2
7378 7441 7442 7379 2
7379 7442 151 152 2
25 24 7443 7380 2
7380 7443 7444 7381 2
7381 7444 7445 7382 2
7382 7445 7446 7383 2
7383 7446 7447 7384 2
7384 7447 7448 7385 2
7385 7448 7449 7386 2
7386 7449 7450 7387 2
7387 7450 7451 7388 2
7388 7451 7452 7389 2
7389 7452 7453 7390 2
7390 7453 7454 7391 2
7391 7454 7455 7392 2
7392 7455 7456 7393 2
7393 7456 7457 7394 2
7394 7457 7458 7395 2
7395 7458 7459 7396 2
7396 7459 7460 7397 2
7397 7460 7461 7398 2
7398 7461 7462 7399 2
7399 7462 7463 7400 2
7400 7463 7464 7401 2
7401 7464 7465 7402 2
7402 7465 7466 7403 2
7403 7466 7467 7404 2
7404 7467 7468 7405 2
7405 7468 7469 7406 2
7406 7469 7470 7407 2
7407 7470 7471 7408 2
7408 7471 7472 7409 2
7409 7472 7473 7410 2
7410 7473 7474 7411 2
7411 7474 7475 7412 2
7412 7475 7476 7413 2
7413 7476 7477 7414 2
7414 7477 7478 7415 2
7415 7478 7479 7416 2
7416 7479 7480 7417 2
7417 7480 7481 7418 2
7418 7481 7482 7419 2
7419 7482 7483 7420 2
7420 7483 7484 7421 2
7421 7484 7485 7422 2
7422 7485 7486 7423 2
7423 7486 7487 7424 2
7424 7487 7488 7425 2
7425 7488 7489 7426 2
7426 7489 7490 7427 2
7427 7490 7491 7428 2
7428 7491 7492 7429 2
7429 7492 7493 7430 2
7430 7493 7494 7431 2
7431 7494 7495 7432 2
7432 7495 7496 7433 2
7433 7496 7497 7434 2
7434 7497 7498 7435 2
7435 7498 7499 7436 2
7436 7499 7500 7437 2
7437 7500 7501 7438 2
7438 7501 7502 7439 2
7439 7502 7503 7440 2
7440 7503 7504 7441 2
7441 7504 7505 7442 2
7442 7505 150 151 2
24 23 7506 7443 2
7443 7506 7507 7444 2
7444 7507 7508 7445 2
7445 7508 7509 7446 2
7446 7509 7510 7447 2
7447 7510 7511 7448 2
7448 7511 7512 7449 2
7449 7512 7513 7450 2
7450 7513 7514 7451 2
7451 7514 7515 7452 2
7452 7515 7516 7453 2
7453 7516 7517 7454 2
7454 7517 7518 7455 2
7455 7518 7519 7456 2
7456 7519 7520 7457 2
7457 7520 7521 7458 2
7458 7521 7522 7459 2
7459 7522 7523 7460 2
7460 7523 7524 7461 2
7461 7524 7525 7462 2
7462 7525 7526 7463 2
7463 7526 7527 7464 2
7464 7527 7528 7465 2
7465 7528 7529 7466 2
7466 7529 7530 7467 2
7467 7530 7531 7468 2
7468 7531 7532 7469 2
7469 7532 7533 7470 2
7470 7533 7534 7471 2
7471 7534 7535 7472 2
7472 7535 7536 7473 2
7473 7536 7537 7474 2
7474 7537 7538 7475 2
7475 7538 7539 7476 2
7476 7539 7540 7477 2
7477 7540 7541 7478 2
7478 7541 7542 7479 2
7479 7542 7543 7480 2
7480 7543 7544 7481 2
7481 7544 7545 7482 2
7482 7545 7546 7483 2
7483 7546 7547 7484 2
7484 7547 7548 7485 2
7485 7548 7549 7486 2
7486 7549 7550 7487 2
7487 7550 7551 7488 2
7488 7551 7552 7489 2
7489 7552 7553 7490 2
7490 7553 7554 7491 2
7491 7554 7555 7492 2
7492 7555 7556 7493 2
7493 7556 7557 7494 2
7494 7557 7558 7495 2
7495 7558 7559 7496 2
7496 7559 7560 7497 2
7497 7560 7561 7498 2
7498 7561 7562 7499 2
7499 7562 7563 7500 2
7500 7563 7564 7501 2
7501 7564 7565 7502 2
7502 7565 7566 7503 2
7503 7566 7567 7504 2
7504 7567 7568 7505 2
7505 7568 149 150 2
23 22 7569 7506 2
7506 7569 7570 7507 2
7507 7570 7571 7508 2
7508 7571 7572 7509 2
7509 7572 7573 7510 2
7510 7573 7574 7511 2
7511 7574 7575 7512 2
7512 7575 7576 7513 2
7513 7576 7577 7514 2
7514 7577 7578 7515 2
7515 7578 7579 7516 2
7516 7579 7580 7517 2
7517 7580 7581 7518 2
7518 7581 7582 7519 2
7519 7582 7583 7520 2
7520 7583 7584 7521 2
7521 7584 7585 7522 2
7522 7585 7586 7523 2
7523 7586 7587 7524 2
7524 7587 7588 7525 2
7525 7588 7589 7526 2
7526 7589 7590 7527 2
7527 7590 7591 7528 2
7528 7591 7592 7529 2
7529 7592 7593 7530 2
7530 7593 7594 7531 2
7531 7594 7595 7532 2
7532 7595 7596 7533 2
7533 7596 7597 7534 2
7534 7597 7598 7535 2
7535 7598 7599 7536 2
7536 7599 7600 7537 2
7537 7600 7601 7538 2
7538 7601 7602 7539 2
7539 7602 7603 7540 2
7540 7603 7604 7541 2
7541 7604 7605 7542 2
7542 7605 7606 7543 2
7543 7606 7607 7544 2
7544 7607 7608 7545 2
7545 7608 7609 7546 2
7546 7609 7610 7547 2
7547 7610 7611 7548 2
7548 7611 7612 7549 2
7549 7612 7613 7550 2
7550 7613 7614 7551 2
7551 7614 7615 7552 2
7552 7615 7616 7553 2
7553 7616 7617 7554 2
7554 7617 7618 7555 2
7555 7618 7619 7556 2
7556 7619 7620 7557 2
7557 7620 7621 7558 2
7558 7621 7622 7559 2
7559 7622 7623 7560 2
7560 7623 7624 7561 2
7561 7624 7625 7562 2
7562 7625 7626 7563 2
7563 7626 7627 7564 2
7564 7627 7628 7565 2
7565 7628 7629 7566 2
7566 7629 7630 7567 2
7567 7630 7631 7568 2
7568 7631 148 149 2
22 21 7632 7569 2
7569 7632 7633 7570 2
7570 7633 7634 7571 2
7571 7634 7635 7572 2
7572 7635 7636 7573 2
7573 7636 7637 7574 2
7574 7637 7638 7575 2
7575 7638 7639 7576 2
7576 7639 7640 7577 2
7577 7640 7641 7578 2
7578 7641 7642 7579 2
7579 7642 7643 7580 2
7580 7643 7644 7581 2
7581 7644 7645 7582 2
7582 7645 7646 7583 2
7583 7646 7647 7584 2
7584 7647 7648 7585 2
7585 7648 7649 7586 2
7586 7649 7650 7587 2
7587 7650 7651 7588 2
7588 7651 7652 7589 2
7589 7652 7653 7590 2
7590 7653 7654 7591 2
7591 7654 7655 7592 2
7592 7655 7656 7593 2
7593 7656 7657 7594 2
7594 7657 7658 7595 2
7595 7658 7659 7596 2
7596 7659 7660 7597 2
7597 7660 7661 7598 2
7598 7661 7662 7599 2
7599 7662 7663 7600 2
7600 7663 7664 7601 2
7601 7664 7665 7602 2
7602 7665 7666 7603 2
7603 7666 7667 7604 2
7604 7667 7668 7605 2
7605 7668 7669 7606 2
7606 7669 7670 7607 2
7607 7670 7671 7608 2
7608 7671 7672 7609 2
7609 7672 7673 7610 2
7610 7673 7674 7611 2
7611 7674 7675 7612 2
7612 7675 7676 7613 2
7613 7676 7677 7614 2
7614 7677 7678 7615 2
7615 7678 7679 7616 2
7616 7679 7680 7617 2
7617 7680 7681 7618 2
7618 7681 7682 7619 2
7619 7682 7683 7620 2
7620 7683 7684 7621 2
7621 7684 7685 7622 2
7622 7685 7686 7623 2
7623 7686 7687 7624 2
7624 7687 7688 7625 2
7625 7688 7689 7626 2
7626 7689 7690 7627 2
7627 7690 7691 7628 2
7628 7691 7692 7629 2
7629 7692 7693 7630 2
7630 7693 7694 7631 2
7631 7694 147 148 2
21 20 7695 7632 2
7632 7695 7696 7633 2
7633 7696 7697 7634 2
7634 7697 7698 7635 2
7635 7698 7699 7636 2
7636 7699 7700 7637 2
7637 7700 7701 7638 2
7638 7701 7702 7639 2
7639 7702 7703 7640 2
7640 7703 7704 7641 2
7641 7704 7705 7642 2
7642 7705 7706 7643 2
7643 7706 7707 7644 2
7644 7707 7708 7645 2
7645 7708 7709 7646 2
7646 7709 7710 7647 2
7647 7710 7711 7648 2
7648 7711 7712 7649 2
7649 7712 7713 7650 2
7650 7713 7714 7651 2
7651 7714 7715 7652 2
7652 7715 7716 7653 2
7653 7716 7717 7654 2
7654 7717 7718 7655 2
7655 7718 7719 7656 2
7656 7719 7720 7657 2
7657 7720 7721 7658 2
7658 7721 7722 7659 2
7659 7722 7723 7660 2
7660 7723 7724 7661 2
7661 7724 7725 7662 2
7662 7725 7726 7663 2
7663 7726 7727 7664 2
7664 7727 7728 7665 2
7665 7728 7729 7666 2
7666 7729 7730 7667 2
7667 7730 7731 7668 2
7668 7731 7732 7669 2
7669 7732 7733 7670 2
7670 7733 7734 7671 2
7671 7734 7735 7672 2
7672 7735 7736 7673 2
7673 7736 7737 7674 2
7674 7737 7738 7675 2
7675 7738 7739 7676 2
7676 7739 7740 7677 2
7677 7740 7741 7678 2
7678 7741 7742 7679 2
7679 7742 7743 7680 2
7680 7743 7744 7681 2
7681 7744 7745 7682 2
7682 7745 7746 7683 2
7683 7746 7747 7684 2
7684 7747 7748 7685 2
7685 7748 7749 7686 2
7686 7749 7750 7687 2
7687 7750 7751 7688 2
7688 7751 7752 7689 2
7689 7752 7753 7690 2
7690 7753 7754 7691 2
7691 7754 7755 7692 2
7692 7755 7756 7693 2
7693 7756 7757 7694 2
7694 7757 146 147 2
20 19 7758 7695 2
7695 7758 7759 7696 2
7696 7759 7760 7697 2
7697 7760 7761 7698 2
7698 7761 7762 7699 2
7699 7762 7763 7700 2
7700 7763 7764 7701 2
7701 7764 7765 7702 2
7702 7765 7766 7703 2
7703 7766 7767 7704 2
7704 7767 7768 7705 2
7705 7768 7769 7706 2
7706 7769 7770 7707 2
7707 7770 7771 7708 2
7708 7771 7772 7709 2
7709 7772 7773 7710 2
7710 7773 7774 7711 2
7711 7774 7775 7712 2
7712 7775 7776 7713 2
7713 7776 7777 7714 2
7714 7777 7778 7715 2
7715 7778 7779 7716 2
7716 7779 7780 7717 2
7717 7780 7781 7718 2
7718 7781 7782 7719 2
7719 7782 7783 7720 2
7720 7783 7784 7721 2
7721 7784 7785 7722 2
7722 7785 7786 7723 2
7723 7786 7787 7724 2
7724 7787 7788 7725 2
7725 7788 7789 7726 2
7726 7789 7790 7727 2
7727 7790 7791 7728 2
7728 7791 7792 7729 2
7729 7792 7793 7730 2
7730 7793 7794 7731 2
7731 7794 7795 7732 2
7732 7795 7796 7733 2
7733 7796 7797 7734 2
7734 7797 7798 7735 2
7735 7798 7799 7736 2
7736 7799 7800 7737 2
7737 7800 7801 7738 2
7738 7801 7802 7739 2
7739 7802 7803 7740 2
7740 7803 7804 7741 2
7741 7804 7805 7742 2
7742 7805 7806 7743 2
7743 7806 7807 7744 2
7744 7807 7808 7745 2
7745 7808 7809 7746 2
7746 7809 7810 7747 2
7747 7810 7811 7748 2
7748 7811 7812 7749 2
7749 7812 7813 7750 2
7750 7813 7814 7751 2
7751 7814 7815 7752 2
7752 7815 7816 7753 2
7753 7816 7817 7754 2
7754 7817 7818 7755 2
7755 7818 7819 7756 2
7756 7819 7820 7757 2
7757 7820 145 146 2
19 18 7821 7758 2
7758 7821 7822 7759 2
7759 7822 7823 7760 2
7760 7823 7824 7761 2
7761 7824 7825 7762 2
7762 7825 7826 7763 2
7763 7826 7827 7764 2
7764 7827 7828 7765 2
7765 7828 7829 7766 2
7766 7829 7830 7767 2
7767 7830 7831 7768 2
7768 7831 7832 7769 2
7769 7832 7833 7770 2
7770 7833 7834 7771 2
7771 7834 7835 7772 2
7772 7835 7836 7773 2
7773 7836 7837 7774 2
7774 7837 7838 7775 2
7775 7838 7839 7776 2
7776 7839 7840 7777 2
7777 7840 7841 7778 2
7778 7841 7842 7779 2
7779 7842 7843 7780 2
7780 7843 7844 7781 2
7781 7844 7845 7782 2
7782 7845 7846 7783 2
7783 7846 7847 7784 2
7784 7847 7848 7785 2
7785 7848 7849 7786 2
7786 7849 7850 7787 2
7787 7850 7851 7788 2
7788 7851 7852 7789 2
7789 7852 7853 7790 2
7790 7853 7854 7791 2
7791 7854 7855 7792 2
7792 7855 7856 7793 2
7793 7856 7857 7794 2
7794 7857 7858 7795 2
7795 7858 7859 7796 2
7796 7859 7860 7797 2
7797 7860 7861 7798 2
7798 7861 7862 7799 2
7799 7862 7863 7800 2
7800 7863 7864 7801 2
7801 7864 7865 7802 2
7802 7865 7866 7803 2
7803 7866 7867 7804 2
7804 7867 7868 7805 2
7805 7868 7869 7806 2
7806 7869 7870 7807 2
7807 7870 7871 7808 2
7808 7871 7872 7809 2
7809 7872 7873 7810 2
7810 7873 7874 7811 2
7811 7874 7875 7812 2
7812 7875 7876 7813 2
7813 7876 7877 7814 2
7814 7877 7878 7815 2
7815 7878 7879 7816 2
7816 7879 7880 7817 2
7817 7880 7881 7818 2
7818 7881 7882 7819 2
7819 7882 7883 7820 2
7820 7883 144 145 2
18 17 7884 7821 2
7821 7884 7885 7822 2
7822 7885 7886 7823 2
7823 7886 7887 7824 2
7824 7887 7888 7825 2
7825 7888 7889 7826 2
7826 7889 7890 7827 2
7827 7890 7891 7828 2
7828 7891 7892 7829 2
7829 7892 7893 7830 2
7830 7893 7894 7831 2
7831 7894 7895 7832 2
7832 7895 7896 7833 2
7833 7896 7897 7834 2
7834 7897 7898 7835 2
7835 7898 7899 7836 2
7836 7899 7900 7837 2
7837 7900 7901 7838 2
7838 7901 7902 7839 2
7839 7902 7903 7840 2
7840 7903 7904 7841 2
7841 7904 7905 7842 2
7842 7905 7906 7843 2
7843 7906 7907 7844 2
7844 7907 7908 7845 2
7845 7908 7909 7846 2
7846 7909 7910 7847 2
7847 7910 7911 7848 2
7848 7911 7912 7849 2
7849 7912 7913 7850 2
7850 7913 7914 7851 2
7851 7914 7915 7852 2
7852 7915 7916 7853 2
7853 7916 7917 7854 2
7854 7917 7918 7855 2
7855 7918 7919 7856 2
7856 7919 7920 7857 2
7857 7920 7921 7858 2
7858 7921 7922 7859 2
7859 7922 7923 7860 2
7860 7923 7924 7861 2
7861 7924 7925 7862 2
7862 7925 7926 7863 2
7863 7926 7927 7864 2
7864 7927 7928 7865 2
7865 7928 7929 7866 2
7866 7929 7930 7867 2
7867 7930 7931 7868 2
7868 7931 7932 7869 2
7869 7932 7933 7870 2
7870 7933 7934 7871 2
7871 7934 7935 7872 2
7872 7935 7936 7873 2
7873 7936 7937 7874 2
7874 7937 7938 7875 2
7875 7938 7939 7876 2
7876 7939 7940 7877 2
7877 7940 7941 7878 2
7878 7941 7942 7879 2
7879 7942 7943 7880 2
7880 7943 7944 7881 2
7881 7944 7945 7882 2
7882 7945 7946 7883 2
7883 7946 143 144 2
17 16 7947 7884 2
7884 7947 7948 7885 2
7885 7948 7949 7886 2
7886 7949 7950 7887 2
7887 7950 7951 7888 2
7888 7951 7952 7889 2
7889 7952 7953 7890 2
7890 7953 7954 7891 2
7891 7954 7955 7892 2
7892 7955 7956 7893 2
7893 7956 7957 7894 2
7894 7957 7958 7895 2
7895 7958 7959 7896 2
7896 7959 7960 7897 2
7897 7960 7961 7898 2
7898 7961 7962 7899 2
7899 7962 7963 7900 2
7900 7963 7964 7901 2
7901 7964 7965 7902 2
7902 7965 7966 7903 2
7903 7966 7967 7904 2
7904 7967 7968 7905 2
7905 7968 7969 7906 2
7906 7969 7970 7907 2
7907 7970 7971 7908 2
7908 7971 7972 7909 2
7909 7972 7973 7910 2
7910 7973 7974 7911 2
7911 7974 7975 7912 2
7912 7975 7976 7913 2
7913 7976 7977 7914 2
7914 7977 7978 7915 2
7915 7978 7979 7916 2
7916 7979 7980 7917 2
7917 7980 7981 7918 2
7918 7981 7982 7919 2
7919 7982 7983 7920 2
7920 7983 7984 7921 2
7921 7984 7985 7922 2
7922 7985 7986 7923 2
7923 7986 7987 7924 2
7924 7987 7988 7925 2
7925 7988 7989 7926 2
7926 7989 7990 7927 2
7927 7990 7991 7928 2
7928 7991 7992 7929 2
7929 7992 7993 7930 2
7930 7993 7994 7931 2
7931 7994 7995 7932 2
7932 7995 7996 7933 2
7933 7996 7997 7934 2
7934 7997 7998 7935 2
7935 7998 7999 7936 2
7936 7999 8000 7937 2
7937 8000 8001 7938 2
7938 8001 8002 7939 2
7939 8002 8003 7940 2
7940 8003 8004 7941 2
7941 8004 8005 7942 2
7942 8005 8006 7943 2
7943 8006 8007 7944 2
7944 8007 8008 7945 2
7945 8008 8009 7946 2
7946 8009 142 143 2
16 15 8010 7947 2
7947 8010 8011 7948 2
7948 8011 8012 7949 2
7949 8012 8013 7950 2
7950 8013 8014 7951 2
7951 8014 8015 7952 2
7952 8015 8016 7953 2
7953 8016 8017 7954 2
7954 8017 8018 7955 2
7955 8018 8019 7956 2
7956 8019 8020 7957 2
7957 8020 8021 7958 2
7958 8021 8022 7959 2
7959 8022 8023 7960 2
7960 8023 8024 7961 2
7961 8024 8025 7962 2
7962 8025 8026 7963 2
7963 8026 8027 7964 2
7964 8027 8028 7965 2
7965 8028 8029 7966 2
7966 8029 8030 7967 2
7967 8030 8031 7968 2
7968 8031 8032 7969 2
7969 8032 8033 7970 2
7970 8033 8034 7971 2
7971 8034 8035 7972 2
7972 8035 8036 7973 2
7973 8036 8037 7974 2
7974 8037 8038 7975 2
7975 8038 8039 7976 2
7976 8039 8040 7977 2
7977 8040 8041 7978 2
7978 8041 8042 7979 2
7979 8042 8043 7980 2
7980 8043 8044 7981 2
7981 8044 8045 7982 2
7982 8045 8046 7983 2
7983 8046 8047 7984 2
7984 8047 8048 7985 2
7985 8048 8049 7986 2
7986 8049 8050 7987 2
7987 8050 8051 7988 2
7988 8051 8052 7989 2
7989 8052 8053 7990 2
7990 8053 8054 7991 2
7991 8054 8055 7992 2
7992 8055 8056 7993 2
7993 8056 8057 7994 2
7994 8057 8058 7995 2
7995 8058 8059 7996 2
7996 8059 8060 7997 2
7997 8060 8061 7998 2
7998 8061 8062 7999 2
7999 8062 8063 8000 2
8000 8063 8064 8001 2
8001 8064 8065 8002 2
8002 8065 8066 8003 2
8003 8066 8067 8004 2
8004 8067 8068 8005 2
8005 8068 8069 8006 2
8006 8069 8070 8007 2
8007 8070 8071 8008 2
8008 8071 8072 8009 2
8009 8072 141 142 2
15 14 8073 8010 2
8010 8073 8074 8011 2
8011 8074 8075 8012 2
8012 8075 8076 8013 2
8013 8076 8077 8014 2
8014 8077 8078 8015 2
8015 8078 8079 8016 2
8016 8079 8080 8017 2
8017 8080 8081 8018 2
8018 8081 8082 8019 2
8019 8082 8083 8020 2
8020 8083 8084 8021 2
8021 8084 8085 8022 2
8022 8085 8086 8023 2
8023 8086 8087 8024 2
8024 8087 8088 8025 2
8025 8088 8089 8026 2
8026 8089 8090 8027 2
8027 8090 8091 8028 2
8028 8091 8092 8029 2
8029 8092 8093 8030 2
8030 8093 8094 8031 2
8031 8094 8095 8032 2
8032 8095 8096 8033 2
8033 8096 8097 8034 2
8034 8097 8098 8035 2
8035 8098 8099 8036 2
8036 8099 8100 8037 2
8037 8100 8101 8038 2
8038 8101 8102 8039 2
8039 8102 8103 8040 2
8040 8103 8104 8041 2
8041 8104 8105 8042 2
8042 8105 8106 8043 2
8043 8106 8107 8044 2
8044 8107 8108 8045 2
8045 8108 8109 8046 2
8046 8109 8110 8047 2
8047 8110 8111 8048 2
8048 8111 8112 8049 2
8049 8112 8113 8050 2
8050 8113 8114 8051 2
8051 8114 8115 8052 2
8052 8115 8116 8053 2
8053 8116 8117 8054 2
8054 8117 8118 8055 2
8055 8118 8119 8056 2
8056 8119 8120 8057 2
8057 8120 8121 8058 2
8058 8121 8122 8059 2
8059 8122 8123 8060 2
8060 8123 8124 8061 2
8061 8124 8125 8062 2
8062 8125 8126 8063 2
8063 8126 8127 8064 2
8064 8127 8128 8065 2
8065 8128 8129 8066 2
8066 8129 8130 8067 2
8067 8130 8131 8068 2
8068 8131 8132 8069 2
8069 8132 8133 8070 2
8070 8133 8134 8071 2
8071 8134 8135 8072 2
8072 8135 140 141 2
14 13 8136 8073 2
8073 8136 8137 8074 2
8074 8137 8138 8075 2
8075 8138 8139 8076 2
8076 8139 8140 8077 2
8077 8140 8141 8078 2
8078 8141 8142 8079 2
8079 8142 8143 8080 2
8080 8143 8144 8081 2
8081 8144 8145 8082 2
8082 8145 8146 8083 2
8083 8146 8147 8084 2
8084 8147 8148 8085 2
8085 8148 8149 8086 2
8086 8149 8150 8087 2
8087 8150 8151 8088 2
8088 8151 8152 8089 2
8089 8152 8153 8090 2
8090 8153 8154 8091 2
8091 8154 8155 8092 2
8092 8155 8156 8093 2
8093 8156 8157 8094 2
8094 8157 8158 8095 2
8095 8158 8159 8096 2
8096 8159 8160 8097 2
8097 8160 8161 8098 2
8098 8161 8162 8099 2
8099 8162 8163 8100 2
8100 8163 8164 8101 2
8101 8164 8165 8102 2
8102 8165 8166 8103 2
8103 8166 8167 8104 2
8104 8167 8168 8105 2
8105 8168 8169 8106 2
8106 8169 8170 8107 2
8107 8170 8171 8108 2
8108 8171 8172 8109 2
8109 8172 8173 8110 2
8110 8173 8174 8111 2
8111 8174 8175 8112 2
8112 8175 8176 8113 2
8113 8176 8177 8114 2
8114 8177 8178 8115 2
8115 8178 8179 8116 2
8116 8179 8180 8117 2
8117 8180 8181 8118 2
8118 8181 8182 8119 2
8119 8182 8183 8120 2
8120 8183 8184 8121 2
8121 8184 8185 8122 2
8122 8185 8186 8123 2
8123 8186 8187 8124 2
8124 8187 8188 8125 2
8125 8188 8189 8126 2
8126 8189 8190 8127 2
8127 8190 8191 8128 2
8128 8191 8192 8129 2
8129 8192 8193 8130 2
8130 8193 8194 8131 2
8131 8194 8195 8132 2
8132 8195 8196 8133 2
8133 8196 8197 8134 2
8134 8197 8198 8135 2
8135 8198 139 140 2
13 12 8199 8136 2
8136 8199 8200 8137 2
8137 8200 8201 8138 2
8138 8201 8202 8139 2
8139 8202 8203 8140 2
8140 8203 8204 8141 2
8141 8204 8205 8142 2
8142 8205 8206 8143 2
8143 8206 8207 8144 2
8144 8207 8208 8145 2
8145 8208 8209 8146 2
8146 8209 8210 8147 2
8147 8210 8211 8148 2
8148 8211 8212 8149 2
8149 8212 8213 8150 2
8150 8213 8214 8151 2
8151 8214 8215 8152 2
8152 8215 8216 8153 2
8153 8216 8217 8154 2
8154 8217 8218 8155 2
8155 8218 8219 8156 2
8156 8219 8220 8157 2
8157 8220 8221 8158 2
8158 8221 8222 8159 2
8159 8222 8223 8160 2
8160 8223 8224 8161 2
8161 8224 8225 8162 2
8162 8225 8226 8163 2
8163 8226 8227 8164 2
8164 8227 8228 8165 2
8165 8228 8229 8166 2
8166 8229 8230 8167 2
8167 8230 8231 8168 2
8168 8231 8232 8169 2
8169 8232 8233 8170 2
8170 8233 8234 8171 2
8171 8234 8235 8172 2
8172 8235 8236 8173 2
8173 8236 8237 8174 2
8174 8237 8238 8175 2
8175 8238 8239 8176 2
8176 8239 8240 8177 2
8177 8240 8241 8178 2
8178 8241 8242 8179 2
8179 8242 8243 8180 2
8180 8243 8244 8181 2
8181 8244 8245 8182 2
8182 8245 8246 8183 2
8183 8246 8247 8184 2
8184 8247 8248 8185 2
8185 8248 8249 8186 2
8186 8249 8250 8187 2
8187 8250 8251 8188 2
8188 8251 8252 8189 2
8189 8252 8253 8190 2
8190 8253 8254 8191 2
8191 8254 8255 8192 2
8192 8255 8256 8193 2
8193 8256 8257 8194 2
8194 8257 8258 8195 2
8195 8258 8259 8196 2
8196 8259 8260 8197 2
8197 8260 8261 8198 2
8198 8261 138 139 2
12 11 8262 8199 2
8199 8262 8263 8200 2
8200 8263 8264 8201 2
8201 8264 8265 8202 2
8202 8265 8266 8203 2
8203 8266 8267 8204 2
8204 8267 8268 8205 2
8205 8268 8269 8206 2
8206 8269 8270 8207 2
8207 8270 8271 8208 2
8208 8271 8272 8209 2
8209 8272 8273 8210 2
8210 8273 8274 8211 2
8211 8274 8275 8212 2
8212 8275 8276 8213 2
8213 8276 8277 8214 2
8214 8277 8278 8215 2
8215 8278 8279 8216 2
8216 8279 8280 8217 2
8217 8280 8281 8218 2
8218 8281 8282 8219 2
8219 8282 8283 8220 2
8220 8283 8284 8221 2
8221 8284 8285 8222 2
8222 8285 8286 8223 2
8223 8286 8287 8224 2
8224 8287 8288 8225 2
8225 8288 8289 8226 2
8226 8289 8290 8227 2
8227 8290 8291 8228 2
8228 8291 8292 8229 2
8229 8292 8293 8230 2
8230 8293 8294 8231 2
8231 8294 8295 8232 2
8232 8295 8296 8233 2
8233 8296 8297 8234 2
8234 8297 8298 8235 2
8235 8298 8299 8236 2
8236 8299 8300 8237 2
8237 8300 8301 8238 2
8238 8301 8302 8239 2
8239 8302 8303 8240 2
8240 8303 8304 8241 2
8241 8304 8305 8242 2
8242 8305 8306 8243 2
8243 8306 8307 8244 2
8244 8307 8308 8245 2
8245 8308 8309 8246 2
8246 8309 8310 8247 2
8247 8310 8311 8248 2
8248 8311 8312 8249 2
8249 8312 8313 8250 2
8250 8313 8314 8251 2
8251 8314 8315 8252 2
8252 8315 8316 8253 2
8253 8316 8317 8254 2
8254 8317 8318 8255 2
8255 8318 8319 8256 2
8256 8319 8320 8257 2
8257 8320 8321 8258 2
8258 8321 8322 8259 2
8259 8322 8323 8260 2
8260 8323 8324 8261 2
8261 8324 137 138 2
11 10 8325 8262 2
8262 8325 8326 8263 2
8263 8326 8327 8264 2
8264 8327 8328 8265 2
8265 8328 8329 8266 2
8266 8329 8330 8267 2
8267 8330 8331 8268 2
8268 8331 8332 8269 2
8269 8332 8333 8270 2
8270 8333 8334 8271 2
8271 8334 8335 8272 2
8272 8335 8336 8273 2
8273 8336 8337 8274 2
8274 8337 8338 8275 2
8275 8338 8339 8276 2
8276 8339 8340 8277 2
8277 8340 8341 8278 2
8278 8341 8342 8279 2
8279 8342 8343 8280 2
8280 8343 8344 8281 2
8281 8344 8345 8282 2
8282 8345 8346 8283 2
8283 8346 8347 8284 2
8284 8347 8348 8285 2
8285 8348 8349 8286 2
8286 8349 8350 8287 2
8287 8350 8351 8288 2
8288 8351 8352 8289 2
8289 8352 8353 8290 2
8290 8353 8354 8291 2
8291 8354 8355 8292 2
8292 8355 8356 8293 2
8293 8356 8357 8294 2
8294 8357 8358 8295 2
8295 8358 8359 8296 2
8296 8359 8360 8297 2
8297 8360 8361 8298 2
8298 8361 8362 8299 2
8299 8362 8363 8300 2
8300 8363 8364 8301 2
8301 8364 8365 8302 2
8302 8365 8366 8303 2
8303 8366 8367 8304 2
8304 8367 8368 8305 2
8305 8368 8369 8306 2
8306 8369 8370 8307 2
8307 8370 8371 8308 2
8308 8371 8372 8309 2
8309 8372 8373 8310 2
8310 8373 8374 8311 2
8311 8374 8375 8312 2
8312 8375 8376 8313 2
8313 8376 8377 8314 2
8314 8377 8378 8315 2
8315 8378 8379 8316 2
8316 8379 8380 8317 2
8317 8380 8381 8318 2
8318 8381 8382 8319 2
8319 8382 8383 8320 2
8320 8383 8384 8321 2
8321 8384 8385 8322 2
8322 8385 8386 8323 2
8323 8386 8387 8324 2
8324 8387 136 137 2
10 9 8388 8325 2
8325 8388 8389 8326 2
8326 8389 8390 8327 2
8327 8390 8391 8328 2
8328 8391 8392 8329 2
8329 8392 8393 8330 2
8330 8393 8394 8331 2
8331 8394 8395 8332 2
8332 8395 8396 8333 2
8333 8396 8397 8334 2
8334 8397 8398 8335 2
8335 8398 8399 8336 2
8336 8399 8400 8337 2
8337 8400 8401 8338 2
8338 8401 8402 8339 2
8339 8402 8403 8340 2
8340 8403 8404 8341 2
8341 8404 8405 8342 2
8342 8405 8406 8343 2
8343 8406 8407 8344 2
8344 8407 8408 8345 2
8345 8408 8409 8346 2
8346 8409 8410 8347 2
8347 8410 8411 8348 2
8348 8411 8412 8349 2
8349 8412 8413 8350 2
8350 8413 8414 8351 2
8351 8414 8415 8352 2
8352 8415 8416 8353 2
8353 8416 8417 8354 2
8354 8417 8418 8355 2
8355 8418 8419 8356 2
8356 8419 8420 8357 2
8357 8420 8421 8358 2
8358 8421 8422 8359 2
8359 8422 8423 8360 2
8360 8423 8424 8361 2
8361 8424 8425 8362 2
8362 8425 8426 8363 2
8363 8426 8427 8364 2
8364 8427 8428 8365 2
8365 8428 8429 8366 2
8366 8429 8430 8367 2
8367 8430 8431 8368 2
8368 8431 8432 8369 2
8369 8432 8433 8370 2
8370 8433 8434 8371 2
8371 8434 8435 8372 2
8372 8435 8436 8373 2
8373 8436 8437 8374 2
8374 8437 8438 8375 2
8375 8438 8439 8376 2
8376 8439 8440 8377 2
8377 8440 8441 8378 2
8378 8441 8442 8379 2
8379 8442 8443 8380 2
8380 8443 8444 8381 2
8381 8444 8445 8382 2
8382 8445 8446 8383 2
8383 8446 8447 8384 2
8384 8447 8448 8385 2
8385 8448 8449 8386 2
8386 8449 8450 8387 2
8387 8450 135 136 2
9 1 324 8388 2
8388 324 325 8389 2
8389 325 326 8390 2
8390 326 327 8391 2
8391 327 328 8392 2
8392 328 329 8393 2
8393 329 330 8394 2
8394 330 331 8395 2
8395 331 332 8396 2
8396 332 333 8397 2
8397 333 334 8398 2
8398 334 335 8399 2
8399 335 336 8400 2
8400 336 337 8401 2
8401 337 338 8402 2
8402 338 339 8403 2
8403 339 340 8404 2
8404 340 341 8405 2
8405 341 342 8406 2
8406 342 343 8407 2
8407 343 344 8408 2
8408 344 345 8409 2
8409 345 346 8410 2
8410 346 347 8411 2
8411 347 348 8412 2
8412 348 349 8413 2
8413 349 350 8414 2
8414 350 351 8415 2
8415 351 352 8416 2
8416 352 353 8417 2
8417 353 354 8418 2
8418 354 355 8419 2
8419 355 356 8420 2
8420 356 357 8421 2
8421 357 358 8422 2
8422 358 359 8423 2
8423 359 360 8424 2
8424 360 361 8425 2
8425 361 362 8426 2
8426 362 363 8427 2
8427 363 364 8428 2
8428 364 365 8429 2
8429 365 366 8430 2
8430 366 367 8431 2
8431 367 368 8432 2
8432 368 369 8433 2
8433 369 370 8434 2
8434 370 371 8435 2
8435 371 372 8436 2
8436 372 373 8437 2
8437 373 374 8438 2
8438 374 375 8439 2
8439 375 376 8440 2
8440 376 377 8441 2
8441 377 378 8442 2
8442 378 379 8443 2
8443 379 380 8444 2
8444 380 381 8445 2
8445 381 382 8446 2
8446 382 383 8447 2
8447 383 384 8448 2
8448 384 385 8449 2
8449 385 386 8450 2
8450 386 5 135 2

Edges
516
2 1 0
1 9 0
9 10 0
10 11 0
11 12 0
12 13 0
13 14 0
14 15 0
15 16 0
16 17 0
17 18 0
18 19 0
19 20 0
20 21 0
21 22 0
22 23 0
23 24 0
24 25 0
25 26 0
26 27 0
27 28 0
28 29 0
29 30 0
30 31 0
31 32 0
32 33 0
33 34 0
34 35 0
35 36 0
36 37 0
37 38 0
38 39 0
39 40 0
40 41 0
41 42 0
42 43 0
43 44 0
44 45 0
45 46 0
46 47 0
47 48 0
48 49 0
49 50 0
50 51 0
51 52 0
52 53 0
53 54 0
54 55 0
55 56 0
56 57 0
57 58 0
58 59 0
59 60 0
60 61 0
61 62 0
62 63 0
63 64 0
64 65 0
65 66 0
66 67 0
67 68 0
68 69 0
69 70 0
70 71 0
71 3 0
4 3 0
2 72 0
72 73 0
73 74 0
74 75 0
75 76 0
76 77 0
77 78 0
78 79 0
79 80 0
80 81 0
81 82 0
82 83 0
83 84 0
84 85 0
85 86 0
86 87 0
87 88 0
88 89 0
89 90 0
90 91 0
91 92 0
92 93 0
93 94 0
94 95 0
95 96 0
96 97 0
97 98 0
98 99 0
99 100 0
100 101 0
101 102 0
102 103 0
103 104 0
104 105 0
105 106 0
106 107 0
107 108 0
108 109 0
109 110 0
110 111 0
111 112 0
112 113 0
113 114 0
114 115 0
115 116 0
116 117 0
117 118 0
118 119 0
119 120 0
120 121 0
121 122 0
122 123 0
123 124 0
124 125 0
125 126 0
126 127 0
127 128 0
128 129 0
129 130 0
130 131 0
131 132 0
132 133 0
133 134 0
134 4 0
6 5 0
5 135 0
135 136 0
136 137 0
137 138 0
138 139 0
139 140 0
140 141 0
141 142 0
142 143 0
143 144 0
144 145 0
145 146 0
146 147 0
147 148 0
148 149 0
149 150 0
150 151 0
151 152 0
152 153 0
153 154 0
154 155 0
155 156 0
156 157 0
157 158 0
158 159 0
159 160 0
160 161 0
161 162 0
162 163 0
163 164 0
164 165 0
165 166 0
166 167 0
167 168 0
168 169 0
169 170 0
170 171 0
171 172 0
172 173 0
173 174 0
174 175 0
175 176 0
176 177 0
177 178 0
178 179 0
179 180 0
180 181 0
181 182 0
182 183 0
183 184 0
184 185 0
185 186 0
186 187 0
187 188 0
188 189 0
189 190 0
190 191 0
191 192 0
192 193 0
193 194 0
194 195 0
195 196 0
196 197 0
197 7 0
8 7 0
6 198 0
198 199 0
199 200 0
200 201 0
201 202 0
202 203 0
203 204 0
204 205 0
205 206 0
206 207 0
207 208 0
208 209 0
209 210 0
210 211 0
211 212 0
212 213 0
213 214 0
214 215 0
215 216 0
216 217 0
217 218 0
218 219 0
219 220 0
220 221 0
221 222 0
222 223 0
223 224 0
224 225 0
225 226 0
226 227 0
227 228 0
228 229 0
229 230 0
230 231 0
231 232 0
232 233 0
233 234 0
234 235 0
235 236 0
236 237 0
237 238 0
238 239 0
239 240 0
240 241 0
241 242 0
242 243 0
243 244 0
244 245 0
245 246 0
246 247 0
247 248 0
248 249 0
249 250 0
250 251 0
251 252 0
252 253 0
253 254 0
254 255 0
255 256 0
256 257 0
257 258 0
258 259 0
259 260 0
260 8 0
2 261 0
261 262 0
262 263 0
263 264 0
264 265 0
265 266 0
266 267 0
267 268 0
268 269 0
269 270 0
270 271 0
271 272 0
272 273 0
273 274 0
274 275 0
275 276 0
276 277 0
277 278 0
278 279 0
279 280 0
280 281 0
281 282 0
282 283 0
283 284 0
284 285 0
285 286 0
286 287 0
287 288 0
288 289 0
289 290 0
290 291 0
291 292 0
292 293 0
293 294 0
294 295 0
295 296 0
296 297 0
297 298 0
298 299 0
299 300 0
300 301 0
301 302 0
302 303 0
303 304 0
304 305 0
305 306 0
306 307 0
307 308 0
308 309 0
309 310 0
310 311 0
311 312 0
312 313 0
313 314 0
314 315 0
315 316 0
316 317 0
317 318 0
318 319 0
319 320 0
320 321 0
321 322 0
322 323 0
323 6 0
1 324 0
324 325 0
325 326 0
326 327 0
327 328 0
328 329 0
329 330 0
330 331 0
331 332 0
332 333 0
333 334 0
334 335 0
335 336 0
336 337 0
337 338 0
338 339 0
339 340 0
340 341 0
341 342 0
342 343 0
343 344 0
344 345 0
345 346 0
346 347 0
347 348 0
348 349 0
349 350 0
350 351 0
351 352 0
352 353 0
353 354 0
354 355 0
355 356 0
356 357 0
357 358 0
358 359 0
359 360 0
360 361 0
361 362 0
362 363 0
363 364 0
364 365 0
365 366 0
366 367 0
367 368 0
368 369 0
369 370 0
370 371 0
371 372 0
372 373 0
373 374 0
374 375 0
375 376 0
376 377 0
377 378 0
378 379 0
379 380 0
380 381 0
381 382 0
382 383 0
383 384 0
384 385 0
385 386 0
386 5 0
4 387 0
387 388 0
388 389 0
389 390 0
390 391 0
391 392 0
392 393 0
393 394 0
394 395 0
395 396 0
396 397 0
397 398 0
398 399 0
399 400 0
400 401 0
401 402 0
402 403 0
403 404 0
404 405 0
405 406 0
406 407 0
407 408 0
408 409 0
409 410 0
410 411 0
411 412 0
412 413 0
413 414 0
414 415 0
415 416 0
416 417 0
417 418 0
418 419 0
419 420 0
420 421 0
421 422 0
422 423 0
423 424 0
424 425 0
425 426 0
426 427 0
427 428 0
428 429 0
429 430 0
430 431 0
431 432 0
432 433 0
433 434 0
434 435 0
435 436 0
436 437 0
437 438 0
438 439 0
439 440 0
440 441 0
441 442 0
442 443 0
443 444 0
444 445 0
445 446 0
446 447 0
447 448 0
448 449 0
449 8 0
3 450 0
450 451 0
451 452 0
452 453 0
453 454 0
454 455 0
455 456 0
456 457 0
457 458 0
458 459 0
459 460 0
460 461 0
461 462 0
462 463 0
463 464 0
464 465 0
465 466 0
466 467 0
467 468 0
468 469 0
469 470 0
470 471 0
471 472 0
472 473 0
473 474 0
474 475 0
475 476 0
476 477 0
477 478 0
478 479 0
479 480 0
480 481 0
481 482 0
482 483 0
483 484 0
484 485 0
485 486 0
486 487 0
487 488 0
488 489 0
489 490 0
490 491 0
491 492 0
492 493 0
493 494 0
494 495 0
495 496 0
496 497 0
497 498 0
498 499 0
499 500 0
500 501 0
501 502 0
502 503 0
503 504 0
504 505 0
505 506 0
506 507 0
507 508 0
508 509 0
509 510 0
510 511 0
511 512 0
512 7 0

End
